1.000000000000000056e-01 1.000000000000000056e-01 1.000000000000000056e-01 1.000000000000000056e-01 1.000000000000000056e-01 1.000000000000000056e-01 1.000000000000000056e-01 1.000000000000000056e-01 1.365936498614963610e+06 1.185494832350826124e+06 1.096759361478883540e+06 1.026334208764050272e+06 9.610260600335734198e+05 8.983458586997376988e+05 8.382380411274868529e+05 7.811140523069911869e+05 7.273272661427843850e+05 6.770603666421771049e+05 6.303373526326128049e+05 5.870663033067454817e+05 5.470816913863414666e+05 5.101775115331227425e+05 4.761305307009282988e+05 4.447154481348902336e+05 4.157141365614702809e+05 3.889208234429784934e+05 3.641446114561664872e+05 3.412103232392927748e+05 3.199583356604462024e+05 3.002438395930211409e+05 2.819358037175341742e+05 2.649158156866595382e+05 2.490769051421840268e+05 2.343224087639451027e+05 2.205649094853494607e+05 2.077252645957001369e+05 1.957317269067679881e+05 1.845191570124037389e+05 1.740283212973479822e+05 1.642052687065771897e+05 1.550007786941349623e+05 1.463698727993927023e+05 1.382713826759680232e+05 1.306675679536795506e+05 1.235237779420472652e+05 1.168081518226375920e+05 1.104913525912417244e+05 1.045463305805386190e+05 9.894811291116195207e+04 9.367361568166733196e+04 8.870147611732447695e+04 8.401190225728822406e+04 7.958653807399516518e+04 7.540834219219171791e+04 7.146147861258898047e+04 6.773121805102031794e+04 6.420384868225273385e+04 6.086659523186509614e+04 5.770754549304718239e+04 5.471558346062390046e+04 5.188032837454087712e+04 4.919207905157919595e+04 4.664176295906076848e+04 4.422088954934745561e+04 4.192150743042649992e+04 3.973616499695427046e+04 3.765787418885663647e+04 3.568007708181960334e+04 3.379661504648512346e+04 3.200170024155246574e+04 3.028988923084304770e+04 2.865605853615184606e+04 2.709538195683918821e+04 2.560330950392588056e+04 2.417554781127973911e+04 2.280804189954036701e+04 2.149695817999618521e+04 2.023866859585142447e+04 1.902973580740371835e+04 1.786689933570942594e+04 1.674706258648991570e+04 1.566728068243116832e+04 1.462474903771990284e+04 1.361679261376883005e+04 1.264085579963299824e+04 1.169449286469939398e+04 1.077535893487927024e+04 9.881201446802928331e+03 9.009852037444308735e+03 8.159218829213595200e+03 7.327279072890918542e+03 6.512072112859005756e+03 5.711692640935977579e+03 1.000000000000000056e-01 1.000000000000000056e-01 1.000000000000000056e-01 1.000000000000000056e-01 1.000000000000000056e-01 1.000000000000000056e-01 1.000000000000000056e-01 1.000000000000000056e-01
1.000000000000000056e-01 1.000000000000000056e-01 1.000000000000000056e-01 1.000000000000000056e-01 1.000000000000000056e-01 1.000000000000000056e-01 1.000000000000000056e-01 1.000000000000000056e-01 1.366003857800493017e+06 1.185660847500152886e+06 1.097030787916816538e+06 1.026699151446772856e+06 9.614595098071596585e+05 8.988188407457488356e+05 8.387246197301994544e+05 7.815945335663501173e+05 7.277885244208476506e+05 6.774947527609629324e+05 6.307412248979168944e+05 5.874386971416110173e+05 5.474232956930146320e+05 5.104899508501008968e+05 4.764158926281415625e+05 4.449759877646437963e+05 4.159521008567527751e+05 3.891383534622250008e+05 3.643436933934633271e+05 3.413927690866561024e+05 3.201257811688533402e+05 3.003977518014021334e+05 2.820774933041867916e+05 2.650464513002170133e+05 2.491975280631552741e+05 2.344339469862199621e+05 2.206681907564717112e+05 2.078210282227058196e+05 1.958206342895664275e+05 1.846018009524427762e+05 1.741052341729207255e+05 1.642769296246283047e+05 1.550676197323712113e+05 1.464322844483949884e+05 1.383297185827806534e+05 1.307221490583754057e+05 1.235748960883982072e+05 1.168560729140159528e+05 1.105363193536306208e+05 1.045885649862008868e+05 9.898781830914947204e+04 9.371097867491071520e+04 8.873666822045756271e+04 8.404508136454808118e+04 7.961784976240542892e+04 7.543792088170156057e+04 7.148944860182041884e+04 6.775769444470330200e+04 6.422893822423711390e+04 6.089039705573801621e+04 5.773015180080553546e+04 5.473708013851653959e+04 5.190079555406989675e+04 4.921159162270638626e+04 4.666039104188237252e+04 4.423869892985875049e+04 4.193855996548450639e+04 3.975251899315235642e+04 3.767358475974312023e+04 3.569519648772318760e+04 3.381119302115659229e+04 3.201578430990442212e+04 3.030352502228439334e+04 2.866929009839765058e+04 2.710825207566824974e+04 2.561586003521413295e+04 2.418782003283761151e+04 2.282007689194199702e+04 2.150879724787361556e+04 2.025035374427890565e+04 1.904131029237027542e+04 1.787840831380055533e+04 1.675855389757066587e+04 1.567880581157591223e+04 1.463636432080263512e+04 1.362856077811836076e+04 1.265284797207178417e+04 1.170679124273491107e+04 1.078806041776596430e+04 9.894422688522694443e+03 9.023736663496882102e+03 8.173948051046733781e+03 7.343087837376303469e+03 6.529274671631844285e+03 5.730725017759221373e+03 1.000000000000000056e-01 1.000000000000000056e-01 1.000000000000000056e-01 1.000000000000000056e-01 1.000000000000000056e-01 1.000000000000000056e-01 1.000000000000000056e-01 1.000000000000000056e-01
1.000000000000000056e-01 1.000000000000000056e-01 1.000000000000000056e-01 1.000000000000000056e-01 1.000000000000000056e-01 1.000000000000000056e-01 1.000000000000000056e-01 1.000000000000000056e-01 1.416758162910017185e+06 1.223689105043520452e+06 1.126248532980404096e+06 1.048900082449937705e+06 9.781473745056698099e+05 9.113066378464053851e+05 8.480937996305315755e+05 7.886870101500129094e+05 7.332326845954740420e+05 6.817463810748425312e+05 6.341252001562734367e+05 5.901846291120160604e+05 5.496932233457837719e+05 5.123986869761921698e+05 4.780454616568870842e+05 4.463856658924678923e+05 4.171853232718716026e+05 3.902274467915811692e+05 3.653131201872270904e+05 3.422613612387952744e+05 3.209082874647296267e+05 3.011059192579042865e+05 2.827208301507917349e+05 2.656327711489204667e+05 2.497333425055509433e+05 2.349247522658463567e+05 2.211186797094263020e+05 2.082352489624443988e+05 1.962021105437885853e+05 1.849536244911846297e+05 1.744301367045204679e+05 1.645773394208872342e+05 1.553457067713191500e+05 1.466899968287235824e+05 1.385688122315063665e+05 1.309442122299340263e+05 1.237813697762853262e+05 1.170482680219574977e+05 1.107154312722484319e+05 1.047556860724847356e+05 9.914394865513578407e+04 9.385703546856284083e+04 8.887349393846114981e+04 8.417345098836536636e+04 7.973847717165082577e+04 7.555146454997734691e+04 7.159651669752664748e+04 6.785884942155022873e+04 6.432470097211031680e+04 6.098125067138993472e+04 5.781654502892964229e+04 5.481943052664300194e+04 5.197949235906272224e+04 4.928699850216243794e+04 4.673284856023657630e+04 4.430852690634888859e+04 4.200605968923235196e+04 3.981797532939693338e+04 3.773726817071443656e+04 3.575736499175862991e+04 3.387209411451149208e+04 3.207565687737098779e+04 3.036260126535149902e+04 2.872779751349699291e+04 2.716641552035528002e+04 2.567390392736885042e+04 2.424597073776307298e+04 2.287856536548399163e+04 2.156786202161730398e+04 2.031024436334799611e+04 1.910229134999913003e+04 1.794076427359493391e+04 1.682259496016407866e+04 1.574487517622288942e+04 1.470484732844052633e+04 1.369989662292214780e+04 1.272754496987942366e+04 1.178544710747713725e+04 1.087138972472877140e+04 9.983294878502365464e+03 9.119229897447337862e+03 8.277427590464554669e+03 7.456323644402037644e+03 6.654624167125991335e+03 5.871429022513744712e+03 1.000000000000000056e-01 1.000000000000000056e-01 1.000000000000000056e-01 1.000000000000000056e-01 1.000000000000000056e-01 1.000000000000000056e-01 1.000000000000000056e-01 1.000000000000000056e-01
1.000000000000000056e-01 1.000000000000000056e-01 1.000000000000000056e-01 1.000000000000000056e-01 1.000000000000000056e-01 1.000000000000000056e-01 1.000000000000000056e-01 1.000000000000000056e-01 1.527854487063211156e+06 1.304407912254858064e+06 1.186558398733653827e+06 1.093711618224578910e+06 1.011267333970215754e+06 9.357976290523413336e+05 8.663296706332705216e+05 8.024357899489910342e+05 7.437719872089342680e+05 6.899815226874921937e+05 6.406910268448789138e+05 5.955249461783143925e+05 5.541191024010694819e+05 5.161297084334829124e+05 4.812382527011678903e+05 4.491534145762764383e+05 4.196110568890109425e+05 3.923730671181770158e+05 3.672255730540473596e+05 3.439768748683650629e+05 3.224553072346617118e+05 3.025071588245871826e+05 2.839947199065040913e+05 2.667944925483153202e+05 2.507955753861294070e+05 2.358982214174977853e+05 2.220125596450933663e+05 2.090574675051814120e+05 1.969595794518498878e+05 1.856524169064413582e+05 1.750756254228125035e+05 1.651743059818401816e+05 1.558984285756786412e+05 1.472023175300474104e+05 1.390441992582944222e+05 1.313858042995407304e+05 1.241920165442304860e+05 1.174305634879658028e+05 1.110717421809329098e+05 1.050881762627238641e+05 9.945460010023662471e+04 9.414766658972344885e+04 8.914577565286529716e+04 8.442892086054976971e+04 7.997855196526963846e+04 7.577745142155815847e+04 7.180962323033959547e+04 6.806019266351161059e+04 6.451531561455975316e+04 6.116209648402603489e+04 5.798851364900798944e+04 5.498335168681634241e+04 5.213613962729105697e+04 4.943709459844688536e+04 4.687707030815928738e+04 4.444750987224562414e+04 4.214040255809028167e+04 3.994824406415819249e+04 3.786400000050072413e+04 3.588107227465570759e+04 3.399326812201400753e+04 3.219477155058521021e+04 3.048011699782454889e+04 2.884416502247998869e+04 2.728207987795668305e+04 2.578930883619800443e+04 2.436156315336761327e+04 2.299480059167452055e+04 2.168520943680276832e+04 2.042919397932976062e+04 1.922336146367342735e+04 1.806451055317196005e+04 1.694962142021964974e+04 1.587584765440343472e+04 1.484051030245466791e+04 1.384109453282916184e+04 1.287524968991405331e+04 1.194079392718387862e+04 1.103572528705089462e+04 1.015824220813706597e+04 9.306778316805866780e+03 8.480059614600171699e+03 7.677197994698191906e+03 6.897845769362053943e+03 6.142456381695164055e+03 1.000000000000000056e-01 1.000000000000000056e-01 1.000000000000000056e-01 1.000000000000000056e-01 1.000000000000000056e-01 1.000000000000000056e-01 1.000000000000000056e-01 1.000000000000000056e-01
1.000000000000000056e-01 1.000000000000000056e-01 1.000000000000000056e-01 1.000000000000000056e-01 1.000000000000000056e-01 1.000000000000000056e-01 1.000000000000000056e-01 1.000000000000000056e-01 1.722102391719035106e+06 1.437280740647144848e+06 1.280969422538202489e+06 1.161225509532007156e+06 1.059801682718683500e+06 9.710263261146821314e+05 8.922758187102351803e+05 8.219015716466614977e+05 7.586848580299371388e+05 7.016601630794185912e+05 6.500383265918969410e+05 6.031625155069649918e+05 5.604787793961266289e+05 5.215150202722925460e+05 4.858654869169389713e+05 4.531790656564839301e+05 4.231502318648655200e+05 3.955119008794782567e+05 3.700296666170625831e+05 3.464970814523873269e+05 3.247317387915962026e+05 3.045719897525144042e+05 2.858741710532865836e+05 2.685102515999629395e+05 2.523658260642671376e+05 2.373383984875316673e+05 2.233359097896071617e+05 2.102754713129230950e+05 1.980822729951557121e+05 1.866886399422284157e+05 1.760332153916333627e+05 1.660602515323384723e+05 1.567189925353314611e+05 1.479631365605350293e+05 1.397503655271476309e+05 1.320419331328605476e+05 1.248023030370003835e+05 1.179988303277581872e+05 1.116014804107403907e+05 1.055825803154737368e+05 9.991659814345890481e+04 9.457994699699933699e+04 8.955081025006591517e+04 8.480898546557786176e+04 8.033574464019587322e+04 7.611370877835241845e+04 7.212673507055865775e+04 6.835981518431172299e+04 6.479898337536580220e+04 6.143123329788380215e+04 5.824444253843427578e+04 5.522730402457751188e+04 5.236926356706094521e+04 4.966046288799973991e+04 4.709168756809980550e+04 4.465431941589742928e+04 4.234029282276916638e+04 4.014205472047370858e+04 3.805252780448697740e+04 3.606507672741321585e+04 3.417347700325385085e+04 3.237188639620704271e+04 3.065481859771377640e+04 2.901711902357552026e+04 2.745394258995211931e+04 2.596073335392078297e+04 2.453320593218156137e+04 2.316732864194250578e+04 2.185930834292156214e+04 2.060557700146041680e+04 1.940278005080024377e+04 1.824776669110052535e+04 1.713758236707151809e+04 1.606946379256480577e+04 1.504083707920437519e+04 1.404931980015894987e+04 1.309272822787071709e+04 1.216909160275757313e+04 1.127667624429936222e+04 1.041402381550688733e+04 9.580010447995176946e+03 8.773937322675514224e+03 7.995669684260397844e+03 7.245851800298893068e+03 6.526242592098987188e+03 1.000000000000000056e-01 1.000000000000000056e-01 1.000000000000000056e-01 1.000000000000000056e-01 1.000000000000000056e-01 1.000000000000000056e-01 1.000000000000000056e-01 1.000000000000000056e-01
1.000000000000000056e-01 1.000000000000000056e-01 1.000000000000000056e-01 1.000000000000000056e-01 1.000000000000000056e-01 1.000000000000000056e-01 1.000000000000000056e-01 1.000000000000000056e-01 2.043239771077098558e+06 1.635177767354477430e+06 1.411143755208384711e+06 1.249335997565140482e+06 1.120844944298415212e+06 1.014368670201274799e+06 9.238650945962053956e+05 8.455477375384174520e+05 7.768558222517336253e+05 7.159772306722333888e+05 6.615835333627540385e+05 6.126699810492428951e+05 5.684550011317047756e+05 5.283154485951772658e+05 4.917439244878657046e+05 4.583199573192095850e+05 4.276900400341270142e+05 3.995534293059181655e+05 3.736517733655865886e+05 3.497613427493495983e+05 3.276870745400097221e+05 3.072579120691411081e+05 2.883230929749802453e+05 2.707491477429800434e+05 2.544174418492625991e+05 2.392221416530251154e+05 2.250685159854443336e+05 2.118715073633037391e+05 1.995545222895428888e+05 1.880484013240275963e+05 1.772905378843487706e+05 1.672241209602161252e+05 1.577974816875346005e+05 1.489635274292365357e+05 1.406792499249289685e+05 1.329052963940356276e+05 1.256055943461315619e+05 1.187470223690155981e+05 1.122991204049840453e+05 1.062338340457022277e+05 1.005252882196082646e+05 9.514958634666177386e+04 9.008463162016021670e+04 8.530996756516862661e+04 8.080663543480937369e+04 7.655704635267135745e+04 7.254486640299252758e+04 6.875491311896218394e+04 6.517306203081637068e+04 6.178616211546971317e+04 5.858195914316788549e+04 5.554902604826750758e+04 5.267669956420780363e+04 4.995502245994538680e+04 4.737469079898320342e+04 4.492700571478479105e+04 4.260382925950340723e+04 4.039754393814162177e+04 3.830101558878441574e+04 3.630755931258144847e+04 3.441090819575350906e+04 3.260518460102547760e+04 3.088487383850860351e+04 2.924480005715811785e+04 2.768010422851408293e+04 2.618622412577601426e+04 2.475887623477026500e+04 2.339403957092108976e+04 2.208794142041305531e+04 2.083704507766791721e+04 1.963803971972788349e+04 1.848783264787336157e+04 1.738354424738097805e+04 1.632250618191741523e+04 1.530226357056751658e+04 1.432058222413534531e+04 1.337546249010602696e+04 1.246516194339129834e+04 1.158823016949196244e+04 1.074356037729844502e+04 9.930464781669019430e+03 9.148783927356671484e+03 8.399044758149941117e+03 7.682688521051808493e+03 7.002397052776675991e+03 1.000000000000000056e-01 1.000000000000000056e-01 1.000000000000000056e-01 1.000000000000000056e-01 1.000000000000000056e-01 1.000000000000000056e-01 1.000000000000000056e-01 1.000000000000000056e-01
1.000000000000000056e-01 1.000000000000000056e-01 1.000000000000000056e-01 1.000000000000000056e-01 1.000000000000000056e-01 1.000000000000000056e-01 1.000000000000000056e-01 1.000000000000000056e-01 2.564857657301599625e+06 1.906366327094662003e+06 1.570605459777717013e+06 1.349833530275982339e+06 1.187785761909241555e+06 1.061137138323751511e+06 9.579075505853566574e+05 8.712154674010872841e+05 7.968086712662001373e+05 7.319057380330883898e+05 6.745978603450276423e+05 6.235194762904737145e+05 5.776576377670763759e+05 5.362370014271679102e+05 4.986478947293740348e+05 4.643998383892211132e+05 4.330905979519672692e+05 4.043849804680721136e+05 3.779999087039074511e+05 3.536936412277646014e+05 3.312577975858286372e+05 3.105113267489866121e+05 2.912958530646554427e+05 2.734720204633552348e+05 2.569165753595325805e+05 2.415200069050843304e+05 2.271846153148822195e+05 2.138229142792455968e+05 2.013562978552277200e+05 1.897139193782852963e+05 1.788317422220360895e+05 1.686517311917697371e+05 1.591211599791931512e+05 1.501920151085087564e+05 1.418204806272111600e+05 1.339664907562136650e+05 1.265933400351269083e+05 1.196673423380490567e+05 1.131575316069748369e+05 1.070353983377097611e+05 1.012746568191439874e+05 9.585103891752725758e+04 9.074211084884808224e+04 8.592710992190350953e+04 8.138679868358523527e+04 7.710333427321545605e+04 7.306015110764245037e+04 6.924185528410386178e+04 6.563412931202641630e+04 6.222364597505112033e+04 5.899799028624916537e+04 5.594558863744716655e+04 5.305564436165463121e+04 5.031807902895409643e+04 4.772347888357958436e+04 4.526304590551412548e+04 4.292855304564588732e+04 4.071230324103547173e+04 3.860709186752465757e+04 3.660617233203988872e+04 3.470322454767333693e+04 3.289232607196094614e+04 3.116792572388336339e+04 2.952481952895513314e+04 2.795812887559979208e+04 2.646328080115925695e+04 2.503599036398067619e+04 2.367224510111769268e+04 2.236829162197263577e+04 2.112062445021471649e+04 1.992597730438373765e+04 1.878131710840669257e+04 1.768384115600380755e+04 1.663097803055917029e+04 1.562039312248662281e+04 1.464999991443983345e+04 1.371797865532226388e+04 1.282280466298457759e+04 1.196328934137469878e+04 1.113863813763470716e+04 1.034853115474762853e+04 9.593233967404416035e+03 8.873748151381265416e+03 8.192012396183808960e+03 7.551163890876408004e+03 1.000000000000000056e-01 1.000000000000000056e-01 1.000000000000000056e-01 1.000000000000000056e-01 1.000000000000000056e-01 1.000000000000000056e-01 1.000000000000000056e-01 1.000000000000000056e-01
1.000000000000000056e-01 1.000000000000000056e-01 1.000000000000000056e-01 1.000000000000000056e-01 1.000000000000000056e-01 1.000000000000000056e-01 1.000000000000000056e-01 1.000000000000000056e-01 3.518714832736273762e+06 2.225890122150067706e+06 1.726045599733601324e+06 1.441521790195683250e+06 1.248512038378658006e+06 1.104394717059462564e+06 9.902739992446162505e+05 8.963269914904907346e+05 8.168594266149064060e+05 7.483012182646209840e+05 6.882769426343285013e+05 6.351292482105492381e+05 5.876553708384807687e+05 5.449528272099267924e+05 5.063248306169302668e+05 4.712200877579695662e+05 4.391932138104577316e+05 4.098779380078014801e+05 3.829684783273765352e+05 3.582062711135592544e+05 3.353702959166016662e+05 3.142698690255887341e+05 2.947391688510442618e+05 2.766330013521033688e+05 2.598234708322185325e+05 2.441973240394510212e+05 2.296538036952954426e+05 2.161028936617788568e+05 2.034638696257964475e+05 1.916640913007330382e+05 1.806379878473240824e+05 1.703261995376875566e+05 1.606748469754722319e+05 1.516349053431675711e+05 1.431616657866504975e+05 1.352142695878750819e+05 1.277553035124216403e+05 1.207504468564203708e+05 1.141681624053683481e+05 1.079794248627433408e+05 1.021574813880380389e+05 9.667763976020261180e+04 9.151708039763555280e+04 8.665468905308841204e+04 8.207090748685745348e+04 7.774759982434101403e+04 7.366793263997994654e+04 6.981626709107361967e+04 6.617806166181898152e+04 6.273978427792432194e+04 5.948883272171700082e+04 5.641346242189866462e+04 5.350272081527332193e+04 5.074638758332656289e+04 4.813492015736266330e+04 4.565940396447291278e+04 4.331150695487079065e+04 4.108343801090314082e+04 3.896790889083145157e+04 3.695809940756964352e+04 3.504762558520952007e+04 3.323051057552058774e+04 3.150115815373121950e+04 2.985432864897448599e+04 2.828511720101558967e+04 2.678893427267517836e+04 2.536148838835723654e+04 2.399877111528857131e+04 2.269704435806403126e+04 2.145283010207808184e+04 2.026290282168699559e+04 1.912428487005400530e+04 1.803424529677438841e+04 1.699030270596397531e+04 1.599023298333769344e+04 1.503208300019040871e+04 1.411419176122140379e+04 1.323522091649107642e+04 1.239419711154820834e+04 1.159056928424890611e+04 1.082428465077846158e+04 1.009588754282563423e+04 9.406644981789429949e+03 8.758700925661894871e+03 8.155255680579090040e+03 1.000000000000000056e-01 1.000000000000000056e-01 1.000000000000000056e-01 1.000000000000000056e-01 1.000000000000000056e-01 1.000000000000000056e-01 1.000000000000000056e-01 1.000000000000000056e-01
2.468490945742699783e+06 2.468518608668467496e+06 2.510911590333320200e+06 2.603707084913977422e+06 2.765164127803052310e+06 3.026322794049889781e+06 3.420678336431226227e+06 4.014241871442547068e+06 2.889973991086233873e+06 2.190290359302814584e+06 1.766343311848502373e+06 1.487077661670480855e+06 1.287921978865931975e+06 1.136883627371021546e+06 1.016960409918307909e+06 9.184411856185755460e+05 8.354116541596731404e+05 7.640658325041115750e+05 7.018368708428281825e+05 6.469227434523397824e+05 5.980137209909517551e+05 5.541286665668230271e+05 5.145128885497467127e+05 4.785722743944051326e+05 4.458295729240501532e+05 4.158946125775006949e+05 3.884435233289015596e+05 3.632039150215106201e+05 3.399440825635208166e+05 3.184649891985337599e+05 2.985942034517771099e+05 2.801812353896214045e+05 2.630938928475642460e+05 2.472153936549575883e+05 2.324420471622009354e+05 2.186813709329789563e+05 2.058505447416606185e+05 1.938751294217954855e+05 1.826879961584236298e+05 1.722284248161413707e+05 1.624413393867561244e+05 1.532766556636235910e+05 1.446887215131729608e+05 1.366358341073981719e+05 1.290798215459624334e+05 1.219856786749532330e+05 1.153212487739391654e+05 1.090569442587951053e+05 1.031655007262647996e+05 9.762175961488262692e+04 9.240247552628545964e+04 8.748614487922719854e+04 8.285285308482997061e+04 7.848413785822835052e+04 7.436286663614890131e+04 7.047312636582601408e+04 6.680012417871621437e+04 6.333009767137526069e+04 6.005023369250533869e+04 5.694859468511757586e+04 5.401405176053823379e+04 5.123622379036534403e+04 4.860542189649317879e+04 4.611259880055495887e+04 4.374930256474119960e+04 4.150763431776761718e+04 3.938020961436166544e+04 3.736012312543972803e+04 3.544091640039210324e+04 3.361654848373629648e+04 3.188136920702411589e+04 3.023009501437793733e+04 2.865778721762033092e+04 2.715983261596551893e+04 2.573192645716252082e+04 2.437005776356619754e+04 2.307049710009088449e+04 2.182978692380318898e+04 2.064473473031796675e+04 1.951240930386215041e+04 1.843014049023527696e+04 1.739552304977138556e+04 1.640642531536603565e+04 1.546100358178493661e+04 1.455772338546451283e+04 1.369538908738696409e+04 1.287318341333919852e+04 1.209071876412577694e+04 1.134810203912985526e+04 1.064601415151093533e+04 9.985803884129492872e+03 9.369592487788859216e+03 8.800379377307654067e+03 8.282129199553859507e+03 7.819805767029530216e+03 7.419300591342077496e+03 7.087190242733150626e+03 6.830263126218172147e+03 6.654803627090775080e+03 6.565719786046763147e+03 6.556075987168941538e+03
2.175935418180196546e+06 2.176009106705240440e+06 2.205622897226980887e+06 2.267539503154214006e+06 2.365935578139388934e+06 2.501416882340684067e+06 2.655499688870762940e+06 2.756513138653994072e+06 2.420221362321246881e+06 2.040725512481126469e+06 1.729712928178432398e+06 1.489654618798532290e+06 1.303476120851187501e+06 1.155832674353410723e+06 1.035794930177970091e+06 9.359531532109212130e+05 8.512831021320167929e+05 7.783183535955286352e+05 7.146106433416848304e+05 6.583872089132568799e+05 6.083326433498557890e+05 5.634480566919133998e+05 5.229584685721988790e+05 4.862507114801530843e+05 4.528309697885468486e+05 4.222951856075715623e+05 3.943080474376925849e+05 3.685878035865930142e+05 3.448950949951775256e+05 3.230246067886576639e+05 3.027987277888127137e+05 2.840626624529722030e+05 2.666806091475462308e+05 2.505327326763761812e+05 2.355127366985605622e+05 2.215258953140959493e+05 2.084874405847085873e+05 1.963212292784440215e+05 1.849586311170228873e+05 1.743375945670286601e+05 1.644018563078163133e+05 1.551002679962026596e+05 1.463862195662985323e+05 1.382171425657005166e+05 1.305540802982425812e+05 1.233613140761088725e+05 1.166060368652553589e+05 1.102580671721006074e+05 1.042895972647921590e+05 9.867497082190231595e+04 9.339048590968284407e+04 8.841421984710816469e+04 8.372587305717295385e+04 7.930662944741245883e+04 7.513903123093886825e+04 7.120686640610944596e+04 6.749506736971357896e+04 6.398961935439940862e+04 6.067747756329578260e+04 5.754649202924940619e+04 5.458533935762801411e+04 5.178346062408207945e+04 4.913100479526369600e+04 4.661877712393469119e+04 4.423819204236652149e+04 4.198123014140617306e+04 3.984039887860606541e+04 3.780869670887713437e+04 3.587958037649497419e+04 3.404693514908527141e+04 3.230504781362486028e+04 3.064858229255870901e+04 2.907255777593568564e+04 2.757232930425155791e+04 2.614357077762450717e+04 2.478226041147846990e+04 2.348466870859151823e+04 2.224734907386672421e+04 2.106713126334175467e+04 1.994111793451778067e+04 1.886668465248645225e+04 1.784148380605036073e+04 1.686345299842571694e+04 1.593082859242621453e+04 1.504216519691464600e+04 1.419636195293786659e+04 1.339269646480468145e+04 1.263086703702540035e+04 1.191104337942123129e+04 1.123392490650609579e+04 1.060080386076322247e+04 1.001362732136830527e+04 9.475047314698800619e+03 8.988441595974753000e+03 8.557879954465443006e+03 8.188004598518732564e+03 7.883793405114933194e+03 7.650188887947379953e+03 7.491609562765287592e+03 7.411410886083742298e+03 7.403100138684944795e+03
2.055077579035313800e+06 2.055206929044714430e+06 2.075176073707943782e+06 2.114909022194034886e+06 2.172412361614174675e+06 2.239765067511423025e+06 2.294996767043153290e+06 2.288406532436459791e+06 2.119114667135003489e+06 1.887772365384099539e+06 1.662077159562713932e+06 1.465392785589043284e+06 1.300210529835888883e+06 1.162353274128946476e+06 1.046577277772260015e+06 9.482863335202625021e+05 8.638478706942270510e+05 7.904894233435487840e+05 7.261113874459677609e+05 6.691163339986496139e+05 6.182759657996984897e+05 5.726331485131458612e+05 5.314312735845828429e+05 4.940635803439361625e+05 4.600366834179455764e+05 4.289441261450499296e+05 4.004470125421177363e+05 3.742596619565566652e+05 3.501388551315328805e+05 3.278756722308414755e+05 3.072892208274843870e+05 2.882217570627089008e+05 2.705348453594298917e+05 2.541063011846234731e+05 2.388277309434597555e+05 2.246025323381831113e+05 2.113442536790529557e+05 1.989752359527757217e+05 1.874254798574364977e+05 1.766316935180329601e+05 1.665364866030018602e+05 1.570876840484950517e+05 1.482377382523915148e+05 1.399432229134848167e+05 1.321643950118789217e+05 1.248648140067157656e+05 1.180110093495132460e+05 1.115721890098317090e+05 1.055199829835600394e+05 9.982821677657867258e+04 9.447271068331971765e+04 8.943110135265372810e+04 8.468268268470349722e+04 8.020826355624555435e+04 7.599004024841253704e+04 7.201148176351124130e+04 6.825722647959877213e+04 6.471298881152253307e+04 6.136547473276978417e+04 5.820230516983519919e+04 5.521194641474507080e+04 5.238364681583336642e+04 4.970737910521752929e+04 4.717378780631315021e+04 4.477414123847717565e+04 4.250028770040799282e+04 4.034461547086989594e+04 3.830001631612397614e+04 3.635985223936469265e+04 3.451792524962634343e+04 3.276844996711022395e+04 3.110602891966305833e+04 2.952563042216892427e+04 2.802256896791198960e+04 2.659248809939502098e+04 2.523134576671831019e+04 2.393540222523924967e+04 2.270121057174222369e+04 2.152561007021881960e+04 2.040572247463347958e+04 1.933895161567674586e+04 1.832298657876293510e+04 1.735580885546224818e+04 1.643570388937651660e+04 1.556127744117738439e+04 1.473147713470565759e+04 1.394561936686945955e+04 1.320342139290336854e+04 1.250503772696692795e+04 1.185109888268920622e+04 1.124274875348163005e+04 1.068167445701083670e+04 1.017011923438233498e+04 9.710865330523634839e+03 9.307170647059185285e+03 8.962642226034113264e+03 8.681034043714593281e+03 8.465968923198508492e+03 8.320605261050299305e+03 8.247294481401853773e+03 8.240056016177846686e+03
1.971366930523773655e+06 1.971550299047186272e+06 1.983645789982004790e+06 2.006360805528381607e+06 2.035660647880301112e+06 2.062685362141374731e+06 2.070563546935129445e+06 2.032038466550989309e+06 1.917358992963219527e+06 1.758101717844920931e+06 1.588546646884366637e+06 1.428251500481025549e+06 1.284780490762622328e+06 1.159310068741294090e+06 1.050361650428246241e+06 9.556720913523555500e+05 8.729847991223804420e+05 8.003240452126270393e+05 7.360495353495822055e+05 6.788290556877278723e+05 6.275879516866314225e+05 5.814582816598763457e+05 5.397351380564195570e+05 5.018414948029427906e+05 4.673007523995981901e+05 4.357155758409931441e+05 4.067516492037474527e+05 3.801251888291501673e+05 3.555933019936637138e+05 3.329464937219820567e+05 3.120027975833010278e+05 2.926031392803143244e+05 2.746076416136144544e+05 2.578926533962814428e+05 2.423483394817043445e+05 2.278767092962503084e+05 2.143899909625683504e+05 2.018092800945674535e+05 1.900634087169832492e+05 1.790879920201414207e+05 1.688246198983121722e+05 1.592201672316348413e+05 1.502262022329347674e+05 1.417984763119143026e+05 1.338964821169251227e+05 1.264830689245854737e+05 1.195241065265473298e+05 1.129881903346239706e+05 1.068463816830595897e+05 1.010719783196095523e+05 9.564031089837310719e+04 9.052856195726465376e+04 8.571560441277228529e+04 8.118185705822787713e+04 7.690915492800698848e+04 7.288063270360806200e+04 6.908061960003110289e+04 6.549454439164799987e+04 6.210884942317774403e+04 5.891091260946865805e+04 5.588897656246098632e+04 5.303208409883766581e+04 5.033001948086071934e+04 4.777325482833654678e+04 4.535290121390877903e+04 4.306066401881495403e+04 4.088880218348535709e+04 3.883009103833048721e+04 3.687778844596981071e+04 3.502560402807243372e+04 3.326767128888506704e+04 3.159852248431032785e+04 3.001306612083148866e+04 2.850656700344264391e+04 2.707462878664876189e+04 2.571317901808752140e+04 2.441845670073720248e+04 2.318700243703724118e+04 2.201565125608896051e+04 2.090152826209976411e+04 1.984204727577325320e+04 1.883491266572690074e+04 1.787812457637129410e+04 1.696998773952664123e+04 1.610912399009365072e+04 1.529448846287820197e+04 1.452538918784952875e+04 1.380150937076196715e+04 1.312293097889978890e+04 1.249015727758815046e+04 1.190413063054076702e+04 1.136624019895282981e+04 1.087831230525819410e+04 1.044257457123602944e+04 1.006158425265529149e+04 9.738112593642425054e+03 9.474981763534507991e+03 9.274859769339858758e+03 9.140030933084528442e+03 9.072172045239407453e+03 9.065818538114372132e+03
1.898579328485163394e+06 1.898804259774084669e+06 1.904763876930948580e+06 1.914898626040572533e+06 1.925093348788797623e+06 1.927981987722395221e+06 1.912255627036410850e+06 1.863862316772654420e+06 1.773279094698388129e+06 1.652573810452004895e+06 1.519328384390321793e+06 1.386879756334611913e+06 1.262665771356953541e+06 1.149755965167245362e+06 1.048694806314132875e+06 9.588032097166104941e+05 8.789280236888568616e+05 8.078217891827491112e+05 7.443126407802918693e+05 6.873662479150631698e+05 6.360966764831524342e+05 5.897555641976054758e+05 5.477139035684170667e+05 5.094429233166648191e+05 4.744967068343538558e+05 4.424973719014189555e+05 4.131228363616092247e+05 3.860968837038718630e+05 3.611811570763548953e+05 3.381687214705180959e+05 3.168788806076464243e+05 2.971529897797817248e+05 2.788510570220432128e+05 2.618489685745628085e+05 2.460362100521992252e+05 2.313139828578517481e+05 2.175936373491334380e+05 2.047953613075448666e+05 1.928470754272583290e+05 1.816834977117569942e+05 1.712453465355616645e+05 1.614786582348125521e+05 1.523341998489222024e+05 1.437669613616786373e+05 1.357357147237231547e+05 1.282026292611590179e+05 1.211329349252045358e+05 1.144946263202781265e+05 1.082582016428458301e+05 1.023964316321331862e+05 9.688415442371576501e+04 9.169809284452536667e+04 8.681669122144056018e+04 8.221996921757042583e+04 7.788939057804770709e+04 7.380774497453926597e+04 6.995904139567867969e+04 6.632841174811782548e+04 6.290202351694153185e+04 5.966700049058791046e+04 5.661135068879296887e+04 5.372390074636675854e+04 5.099423610389534588e+04 4.841264644144359045e+04 4.597007586517930031e+04 4.365807742141377821e+04 4.146877156943322188e+04 3.939480829498829553e+04 3.742933259164972696e+04 3.556595307831280661e+04 3.379871355894138833e+04 3.212206736582648591e+04 3.053085436091567317e+04 2.902028050162844374e+04 2.758589990839249003e+04 2.622359940108030423e+04 2.492958550051936982e+04 2.370037391868755003e+04 2.253278158601658288e+04 2.142392128427140415e+04 2.037119896537964451e+04 1.937231383496809576e+04 1.842526125621984829e+04 1.752833847334811071e+04 1.668015304813020339e+04 1.587963372575605354e+04 1.512604317009022270e+04 1.441899160156127618e+04 1.375844980212974588e+04 1.314475920183913877e+04 1.257863584282593365e+04 1.206116400581148628e+04 1.159377436349228265e+04 1.117820102474725718e+04 1.081641224194214192e+04 1.051051145158908002e+04 1.026260917796751528e+04 1.007467216342260508e+04 9.948363057351092721e+03 9.884890227165175020e+03 9.879282222004359937e+03
1.830396433550314046e+06 1.830645209212276153e+06 1.832097010804170743e+06 1.833381379728270462e+06 1.831075089495383203e+06 1.819770121917216107e+06 1.792364302471544361e+06 1.741696190361713991e+06 1.664571768918649759e+06 1.566643886914455565e+06 1.457478612444903236e+06 1.345791514700605534e+06 1.237587314738324145e+06 1.136218818549587857e+06 1.043118202382099000e+06 9.585400213966282317e+05 8.821070597232017899e+05 8.131543468419819837e+05 7.509250900084548630e+05 6.946725538984176237e+05 6.437071329038465628e+05 5.974135231965299463e+05 5.552526430597029394e+05 5.167564718568099197e+05 4.815201571950601065e+05 4.491935849722432322e+05 4.194734341948479996e+05 3.920961225726234261e+05 3.668317399102587951e+05 3.434789221181010362e+05 3.218605603706977563e+05 3.018202246301302803e+05 2.832191855367841199e+05 2.659339316660093609e+05 2.498540944137970801e+05 2.348807075257151155e+05 2.209247413776654284e+05 2.079058632299214660e+05 1.957513838667763921e+05 1.843953585204467527e+05 1.737778160226334585e+05 1.638440949856871157e+05 1.545442697139437369e+05 1.458326516750572482e+05 1.376673548772793729e+05 1.300099155272596981e+05 1.228249579840941151e+05 1.160799003582837468e+05 1.097446941913097689e+05 1.037915935419409652e+05 9.819494953794736648e+04 9.293102705718491052e+04 8.797784070430982683e+04 8.331500766796081734e+04 7.892361539346897916e+04 7.478610230031402898e+04 7.088615002157738490e+04 6.720858585252135526e+04 6.373929427369684709e+04 6.046513656591753534e+04 5.737387766440286941e+04 5.445411951102304010e+04 5.169524025977044948e+04 4.908733877390168345e+04 4.662118392566286639e+04 4.428816827289215871e+04 4.208026574259242625e+04 3.998999300099449465e+04 3.801037423379848769e+04 3.613490910007673665e+04 3.435754365952469379e+04 3.267264410596558446e+04 3.107497317076866238e+04 2.955966908847110972e+04 2.812222704351348148e+04 2.675848304157121675e+04 2.546460017104688086e+04 2.423705723898804354e+04 2.307263977958334726e+04 2.196843344004350365e+04 2.092181974460819401e+04 1.993047421755163305e+04 1.899236680335266283e+04 1.810576444720280051e+04 1.726923557971132323e+04 1.648165607150925644e+04 1.574221597066546747e+04 1.505042599402843916e+04 1.440612230543939950e+04 1.380946758819125898e+04 1.326094584542040320e+04 1.276134782794228522e+04 1.231174364791315384e+04 1.191343921537732240e+04 1.156791391309701612e+04 1.127673866743436338e+04 1.104147639922076269e+04 1.086357055336162011e+04 1.074423136078735297e+04 1.068433259452981292e+04 1.067936313693408556e+04
1.765520322400536621e+06 1.765775673047120217e+06 1.764101665385480970e+06 1.759471394862833666e+06 1.749326020384556614e+06 1.729969908986285096e+06 1.697103609700697940e+06 1.647075389711136697e+06 1.578888936796926893e+06 1.495723084747317946e+06 1.403188002936865203e+06 1.307029687773203943e+06 1.211804731227118056e+06 1.120540892180443974e+06 1.034935785163156339e+06 9.557237626761683496e+05 8.830213332301309565e+05 8.165883275429698406e+05 7.560032167136524804e+05 7.007715180679318728e+05 6.503882121340937447e+05 6.043708807631823001e+05 5.622752225599243538e+05 5.237004829116791952e+05 4.882894331742797513e+05 4.557256390049977927e+05 4.257295790185897495e+05 3.980544660554644070e+05 3.724822089278777712e+05 3.488197169127388624e+05 3.268956197131950175e+05 3.065574076550665777e+05 2.876689639251182089e+05 2.701084470570536796e+05 2.537664785774282645e+05 2.385445925906487100e+05 2.243539082478140190e+05 2.111139909670640773e+05 1.987518731636987941e+05 1.872012097376589954e+05 1.764015475131042476e+05 1.662976912081881019e+05 1.568391513685677783e+05 1.479796620854759822e+05 1.396767583042515616e+05 1.318914041753459023e+05 1.245876652636912186e+05 1.177324185628405394e+05 1.112950951987041626e+05 1.052474514881801879e+05 9.956336466880094667e+04 9.421865015953054535e+04 8.919089766912655614e+04 8.445932385211836663e+04 8.000463953611416218e+04 7.580892981800605776e+04 7.185554555904012523e+04 6.812900500653666677e+04 6.461490443897083605e+04 6.129983687573714997e+04 5.817131801719222130e+04 5.521771868765210820e+04 5.242820314663151657e+04 4.979267271399645688e+04 4.730171422476925363e+04 4.494655289066514524e+04 4.271900919942158362e+04 4.061145953072904376e+04 3.861680021006604511e+04 3.672841475981000985e+04 3.494014414124768518e+04 3.324625981210047757e+04 3.164143945228049051e+04 3.012074523597938969e+04 2.867960455086639195e+04 2.731379308490866606e+04 2.601942021749517880e+04 2.479291666319262731e+04 2.363102432201124975e+04 2.253078828720955426e+04 2.148955094730741985e+04 2.050494808879324410e+04 1.957490685452221442e+04 1.869764533322629723e+04 1.787167344009109729e+04 1.709579458885755594e+04 1.636910744554660232e+04 1.569100678988268373e+04 1.506118219869212408e+04 1.447961292691940071e+04 1.394655704066464023e+04 1.346253262828415973e+04 1.302828889098202853e+04 1.264476523365074718e+04 1.231303728474023956e+04 1.203425017018094695e+04 1.180954133280601673e+04 1.163995751443527297e+04 1.152637276233100056e+04 1.146941586779538193e+04 1.146500082227173152e+04
1.704000165381046478e+06 1.704248543610084336e+06 1.700530759526053444e+06 1.692163232696485473e+06 1.677363960328582674e+06 1.653732104646463180e+06 1.618738961177510442e+06 1.570550627937809099e+06 1.509020929281091318e+06 1.436213420972926077e+06 1.355683337093367008e+06 1.271335124113081722e+06 1.186579228936264757e+06 1.103963507213135948e+06 1.025153615923719597e+06 9.510849250890122494e+05 8.821597886322406121e+05 8.184261425440264866e+05 7.597155616462812759e+05 7.057403577297528973e+05 6.561573970003793947e+05 6.106076835860654246e+05 5.687394622095747618e+05 5.302206523975292221e+05 4.947446566328415647e+05 4.620322195601541898e+05 4.318310483879424864e+05 4.039142543526304071e+05 3.780782529212568188e+05 3.541404934791071573e+05 3.319372242378859664e+05 3.113213983097565360e+05 2.921607680266153766e+05 2.743361809642817243e+05 2.577400728294690198e+05 2.422751431867254723e+05 2.278531961254837515e+05 2.143941270726104267e+05 2.018250376511807262e+05 1.900794619528689072e+05 1.790966893588108942e+05 1.688211708518546948e+05 1.592019974767061067e+05 1.501924411607736547e+05 1.417495494862178748e+05 1.338337872038109344e+05 1.264087183137906104e+05 1.194407234251016780e+05 1.128987478605077922e+05 1.067540766188115231e+05 1.009801328530742612e+05 9.555229698959713278e+04 9.044774400905348011e+04 8.564529674919848912e+04 8.112529337709900574e+04 7.686946742550618364e+04 7.286083899929907057e+04 6.908361593928805087e+04 6.552310388664643688e+04 6.216562432573182014e+04 5.899843979923906591e+04 5.600968559030348842e+04 5.318830725363294914e+04 5.052400345391943847e+04 4.800717363640932308e+04 4.562887011292119132e+04 4.338075419806318678e+04 4.125505607586052065e+04 3.924453811737624346e+04 3.734246140584195382e+04 3.554255525787361694e+04 3.383898955797057715e+04 3.222634974893357867e+04 3.069961434317312523e+04 2.925413483903828819e+04 2.788561794195292168e+04 2.659011000162596611e+04 2.536398358299533356e+04 2.420392608835756619e+04 2.310693033943641422e+04 2.207028700832101822e+04 2.109157875206385870e+04 2.016867585334969408e+04 1.929973309478960800e+04 1.848318749271830166e+04 1.771775638453982901e+04 1.700243520068341240e+04 1.633649406182582607e+04 1.571947213575431670e+04 1.515116848938146359e+04 1.463162801883131942e+04 1.416112099093786128e+04 1.374011485581613124e+04 1.336923737198896379e+04 1.304923078942938628e+04 1.278089788376258548e+04 1.256504196728559509e+04 1.240240444859191666e+04 1.229360478934253479e+04 1.223908846553573676e+04 1.223516016903074888e+04
1.646138337943319697e+06 1.646370774295702809e+06 1.641405196124860318e+06 1.630839103501377162e+06 1.613499481414241018e+06 1.587895829105915502e+06 1.552595602209080476e+06 1.506737039460421773e+06 1.450534516819319222e+06 1.385476401959365932e+06 1.313985358858606545e+06 1.238820141812673770e+06 1.162554386370982509e+06 1.087277547494282946e+06 1.014503949435491464e+06 9.452145717269406887e+05 8.799586927219235804e+05 8.189671036996481707e+05 7.622524390042601153e+05 7.096881255255789729e+05 6.610659392356935423e+05 6.161356587299407693e+05 5.746311018285532482e+05 5.362864186385611538e+05 5.008457127495449968e+05 4.680682534215573687e+05 4.377308679760985542e+05 4.096285928997148294e+05 3.835742960524875671e+05 3.593977294551195228e+05 3.369443020074747619e+05 3.160737494238442741e+05 2.966588061563970987e+05 2.785839379597456427e+05 2.617441649625692226e+05 2.460439875504859083e+05 2.313964169800550153e+05 2.177221067877917376e+05 2.049485780141804426e+05 1.930095299307902751e+05 1.818442276396070083e+05 1.713969581689680344e+05 1.616165472482726327e+05 1.524559296386818751e+05 1.438717666315318493e+05 1.358241050445180736e+05 1.282760727182334085e+05 1.211936061287353077e+05 1.145452062809935305e+05 1.083017195344574575e+05 1.024361404393802077e+05 9.692343403613068222e+04 9.174037539524103340e+04 8.686540445890618139e+04 8.227849449037938030e+04 7.796103265097999247e+04 7.389571140952542191e+04 7.006642964976462827e+04 6.645820248105711653e+04 6.305707887910525460e+04 5.985006638939229742e+04 5.682506221839032514e+04 5.397079011833621917e+04 5.127674254212639789e+04 4.873312760697528574e+04 4.633082046014334628e+04 4.406131868825440324e+04 4.191670145435634913e+04 3.988959208466565906e+04 3.797312386042336584e+04 3.616090879996225704e+04 3.444700924227164069e+04 3.282591206619431614e+04 3.129250539898236457e+04 2.984205768407843789e+04 2.847019899041107419e+04 2.717290445348173307e+04 2.594647974134353353e+04 2.478754843492883083e+04 2.369304120057538239e+04 2.266018661109671666e+04 2.168650343812416395e+04 2.076979419027575568e+04 1.990813960672722897e+04 1.909989373221709320e+04 1.834367909717699513e+04 1.763838140787999146e+04 1.698314302277852039e+04 1.637735436532065796e+04 1.582064232126620118e+04 1.531285462009845287e+04 1.485403924470933816e+04 1.444441809566455959e+04 1.408435449753369903e+04 1.377431469981429109e+04 1.351482428388029803e+04 1.330642127780743976e+04 1.314960867863506974e+04 1.304480980927377095e+04 1.299233029769648238e+04 1.298883326031633806e+04
1.592163265995412599e+06 1.592374823536466807e+06 1.586718963600551244e+06 1.574999361215195619e+06 1.556485629970008042e+06 1.530301247918754118e+06 1.495687969341950957e+06 1.452320524526378606e+06 1.400574412482075160e+06 1.341607345975823002e+06 1.277179522135687293e+06 1.209322362449110253e+06 1.140014979054799303e+06 1.070963291389311431e+06 1.003498788575225975e+06 9.385696331856194884e+05 8.767856676755163353e+05 8.184854789550068090e+05 7.638052032989672152e+05 7.127387861153585836e+05 6.651861097201593220e+05 6.209890964677603915e+05 5.799575307498567272e+05 5.418867935168551048e+05 5.065695727925460669e+05 4.738032609518668032e+05 4.433943588869913365e+05 4.151608593852997292e+05 3.889333026304789237e+05 3.645549853280466050e+05 3.418816511348017375e+05 3.207808811878468259e+05 3.011313280260798056e+05 2.828218846972418833e+05 2.657508462133748690e+05 2.498250975437535089e+05 2.349593473093339126e+05 2.210754166783256806e+05 2.081015868775206618e+05 1.959720050157255027e+05 1.846261457453699841e+05 1.740083251178100763e+05 1.640672624522564001e+05 1.547556858966823202e+05 1.460299774540164217e+05 1.378498534758376190e+05 1.301780769236034394e+05 1.229801980227093009e+05 1.162243202625059930e+05 1.098808890108570049e+05 1.039225003069037630e+05 9.832372766651371785e+04 9.306096498026122572e+04 8.811228380406202632e+04 8.345730353909544647e+04 7.907707317212804628e+04 7.495396340178843820e+04 7.107156811275590735e+04 6.741461428011067619e+04 6.396887949213921092e+04 6.072111637328463257e+04 5.765898327128569508e+04 5.477098064511976554e+04 5.204639265444724879e+04 4.947523350784057402e+04 4.704819817714587407e+04 4.475661712963041646e+04 4.259241476885429438e+04 4.054807130998081266e+04 3.861658784601600200e+04 3.679145438860144350e+04 3.506662069068224810e+04 3.343646967880375450e+04 3.189579333990299347e+04 3.043977092115592677e+04 2.906394931134091166e+04 2.776422547780089735e+04 2.653683083375298884e+04 2.537831740543371416e+04 2.428554565628904675e+04 2.325567380482462977e+04 2.228614844244383494e+04 2.137469621639965771e+04 2.051931628996617656e+04 1.971827322712054593e+04 1.897008987389619870e+04 1.827353972694848926e+04 1.762763819894116750e+04 1.703163212165113873e+04 1.648498678785248558e+04 1.598736984376599503e+04 1.553863143056442095e+04 1.513878016145759648e+04 1.478795482956354863e+04 1.448639217542520055e+04 1.423439158155771656e+04 1.403227815244261546e+04 1.388036619610362141e+04 1.377892553802342445e+04 1.372815325750738339e+04 1.372504116723217339e+04
1.542159537071472034e+06 1.542348273462515324e+06 1.536376908634728752e+06 1.524189179365083110e+06 1.505361342186834663e+06 1.479420086525094230e+06 1.446020892156679416e+06 1.405140850491074147e+06 1.357226006873930106e+06 1.303226384059415665e+06 1.244492157741617877e+06 1.182579870119261323e+06 1.119047673904488795e+06 1.055297566460914910e+06 9.924854992964828853e+05 9.314926459674735088e+05 8.729391064427528763e+05 8.172206537342041265e+05 7.645537026786386268e+05 7.150192552005652105e+05 6.686011487482108641e+05 6.252169947220030008e+05 5.847419339571155142e+05 5.470261519310951699e+05 5.119073532587194350e+05 4.792193583592791692e+05 4.487978212730831583e+05 4.204838692550751148e+05 3.941262774384849472e+05 3.695826336082892958e+05 3.467198227070904104e+05 3.254140653114828165e+05 3.055506738168565789e+05 2.870236390405981801e+05 2.697351236104522250e+05 2.535949129573735117e+05 2.385198569768418674e+05 2.244333232141722401e+05 2.112646741268554470e+05 1.989487754007151816e+05 1.874255386082053883e+05 1.766394991064459609e+05 1.665394285671696125e+05 1.570779806238209421e+05 1.482113676148091909e+05 1.398990661599219020e+05 1.321035492361533979e+05 1.247900424562131811e+05 1.179263023550732032e+05 1.114824146284207382e+05 1.054306104229956836e+05 9.974509894022316439e+04 9.440191477360458521e+04 8.937877855237727636e+04 8.465496960625928477e+04 8.021120949754632602e+04 7.602955538686960062e+04 7.209330230782827130e+04 6.838689352394131129e+04 6.489583822958925884e+04 6.160663593566579948e+04 5.850670695131830144e+04 5.558432843622233486e+04 5.282857555410147324e+04 5.022926730836289789e+04 4.777691668536870566e+04 4.546268477069020446e+04 4.327833853907256707e+04 4.121621205027401447e+04 3.926917081074223825e+04 3.743057908553616289e+04 3.569426996613643860e+04 3.405451801790519676e+04 3.250601434590352437e+04 3.104384392945778745e+04 2.966346508391151292e+04 2.836069091214144646e+04 2.713167260800793520e+04 2.597288446836418370e+04 2.488111045879694211e+04 2.385343216016452425e+04 2.288721789752150289e+04 2.198011281978386978e+04 2.113002965753191893e+04 2.033513983867030765e+04 1.959386458953279362e+04 1.890486559660907733e+04 1.826703475795653867e+04 1.767948252301842876e+04 1.714152431734073252e+04 1.665266458933003742e+04 1.621257811523020791e+04 1.582108836930458710e+04 1.547814301586906186e+04 1.518378690388905852e+04 1.493813332251157772e+04 1.474133466713388225e+04 1.459355401274985888e+04 1.449493932660825885e+04 1.444560211152665397e+04 1.444283569655649080e+04
1.496082714020638727e+06 1.496248661766658304e+06 1.490204265927222092e+06 1.477982344194132835e+06 1.459364499520795653e+06 1.434136914143592585e+06 1.402207599060527049e+06 1.363724710172397783e+06 1.319159753904227866e+06 1.269322065773667768e+06 1.215294296779668191e+06 1.158313022271291586e+06 1.099635668158290442e+06 1.040428614781887503e+06 9.816937981087580556e+05 9.242349465957253706e+05 8.686551958106328966e+05 8.153749287446129601e+05 7.646598069872276392e+05 7.166516838227340486e+05 6.713979073265155312e+05 6.288767524176219013e+05 5.890182211139849387e+05 5.517203259451924823e+05 5.168614013508663629e+05 4.843091377426032559e+05 4.539270269616095466e+05 4.255788279170800815e+05 3.991315557986723143e+05 3.744573933027058374e+05 3.514348296533307876e+05 3.299492567453314550e+05 3.098931913155745715e+05 2.911662456996939145e+05 2.736749349302672781e+05 2.573323822255110135e+05 2.420579661685274041e+05 2.277769393461522413e+05 2.144200385404847621e+05 2.019230997062379029e+05 1.902266861457876803e+05 1.792757349379466905e+05 1.690192243673046178e+05 1.594098635350291443e+05 1.504038042910581862e+05 1.419603749548189226e+05 1.340418348754661856e+05 1.266131486435228144e+05 1.196417786474945897e+05 1.130974946318016009e+05 1.069521989282177383e+05 1.011797660825000203e+05 9.575589566749906226e+04 9.065797715441111359e+04 8.586496579874611052e+04 8.135726858285009803e+04 7.711663933970719518e+04 7.312608226164775260e+04 6.936976307152364461e+04 6.583292720245911914e+04 6.250182439529165276e+04 5.936363918037254189e+04 5.640642676276990096e+04 5.361905387732334930e+04 5.099114422285558976e+04 4.851302812343526602e+04 4.617569609927701822e+04 4.397075606094555405e+04 4.189039386824688700e+04 3.992733701980202022e+04 3.807482126092225371e+04 3.632655991617197287e+04 3.467671576891542645e+04 3.311987532317017030e+04 3.165102529309823512e+04 3.026553117222846777e+04 2.895911773773917594e+04 2.772785134447264136e+04 2.656812385835831083e+04 2.547663806919371200e+04 2.445039440787606145e+04 2.348667877300969849e+04 2.258305124641720613e+04 2.173733544712038565e+04 2.094760824019503707e+04 2.021218948305624144e+04 1.952963146105370834e+04 1.889870764222803336e+04 1.831840037499992468e+04 1.778788717106335753e+04 1.730652526846020191e+04 1.687383426555792175e+04 1.648947676178793336e+04 1.615323713634943488e+04 1.586499883428541398e+04 1.562472079245819805e+04 1.543241389682456611e+04 1.528811857889880775e+04 1.519188479153993103e+04 1.514375561542000105e+04 1.514130108645787186e+04
1.453795591649388662e+06 1.453939952232302865e+06 1.447972979882657295e+06 1.435980224542626645e+06 1.417877083804034628e+06 1.393613533912455663e+06 1.363249790348891169e+06 1.327028778152577812e+06 1.285423514705646550e+06 1.239141573610914871e+06 1.189082282433013199e+06 1.136259479193655308e+06 1.081712384400354000e+06 1.026425706936253700e+06 9.712717603257702431e+05 9.169781122764112661e+05 8.641177359041102463e+05 8.131155698810876347e+05 7.642650178117497126e+05 7.177490097199899610e+05 6.736618293563778279e+05 6.320294008430473041e+05 5.928268827311600326e+05 5.559931986634579953e+05 5.214426000583802233e+05 4.890735940748774447e+05 4.587756598392389133e+05 4.304341792686112458e+05 4.039339681079846923e+05 3.791617344211404561e+05 3.560077307839175337e+05 3.343668104357102420e+05 3.141390497772403760e+05 2.952300604831167147e+05 2.775510834975390462e+05 2.610189331546032918e+05 2.455558413490336679e+05 2.310892378991557052e+05 2.175514929765535053e+05 2.048796398940844811e+05 1.930150909859231033e+05 1.819033552681569126e+05 1.714937636451951694e+05 1.617392053310443007e+05 1.525958776649911015e+05 1.440230504543911666e+05 1.359828452522787557e+05 1.284400294852116640e+05 1.213618250218181929e+05 1.147177305672111252e+05 1.084793571478289668e+05 1.026202758901276102e+05 9.711587727639317745e+04 9.194324106858411687e+04 8.708101611700354260e+04 8.250930930785428791e+04 7.820958294766252220e+04 7.416455992963738390e+04 7.035813607505486289e+04 6.677529909009607218e+04 6.340205362418087316e+04 6.022535195914757787e+04 5.723302989922319830e+04 5.441374746941299964e+04 5.175693406475413940e+04 4.925273772472963174e+04 4.689197823621724092e+04 4.466610379468758038e+04 4.256715097706378583e+04 4.058770780086104060e+04 3.872087966290880286e+04 3.696025796722398809e+04 3.529989126539808058e+04 3.373425874410761753e+04 3.225824590299062766e+04 3.086712227193102444e+04 2.955652101958584899e+04 2.832242030453713596e+04 2.716112621650828441e+04 2.606925714745896767e+04 2.504372942099435022e+04 2.408174399346914652e+04 2.318077402187815824e+04 2.233855307297268519e+04 2.155306372654729057e+04 2.082252630581194535e+04 2.014538745250901047e+04 1.952030825824838030e+04 1.894615167170070708e+04 1.842196892968106476e+04 1.794698481464966972e+04 1.752058162649268343e+04 1.714228187492282086e+04 1.681172984850815919e+04 1.652867238965559227e+04 1.629293938757975411e+04 1.610442467279386801e+04 1.596306813184274688e+04 1.586883993409674804e+04 1.582172775212726447e+04 1.581955564646763924e+04
1.415103396055661840e+06 1.415227974415021017e+06 1.409426772512667580e+06 1.397813507290091598e+06 1.380388484394013183e+06 1.357202674896164099e+06 1.328405696453003213e+06 1.294289783511945978e+06 1.255316336088190787e+06 1.212115102438993985e+06 1.165453979632663541e+06 1.116186644977052929e+06 1.065190927892411826e+06 1.013310933592716814e+06 9.613119298751940951e+05 9.098517512660656357e+05 8.594681344596507261e+05 8.105788453573562438e+05 7.634905754279586254e+05 7.184128266368975164e+05 6.754737961023100652e+05 6.347361960514304228e+05 5.962117675663502887e+05 5.598738757258886471e+05 5.256680021247054683e+05 4.935202114129841793e+05 4.633438058529010159e+05 4.350444370771519025e+05 4.085239496009836439e+05 3.836832090707979514e+05 3.604241346328885411e+05 3.386511181305033388e+05 3.182719779739647056e+05 2.991985647741853027e+05 2.813471099406291032e+05 2.646383873348563793e+05 2.489977412470381823e+05 2.343550207813694433e+05 2.206444505427850818e+05 2.078044597155514348e+05 1.957774857028768456e+05 1.845097640342992090e+05 1.739511129060891399e+05 1.640547182323790039e+05 1.547769232440927590e+05 1.460770253195324622e+05 1.379170817428531009e+05 1.302617253722870955e+05 1.230779906889623671e+05 1.163351503369908605e+05 1.100045620166308217e+05 1.040595254252683662e+05 9.847514883360656677e+04 9.322822482027205115e+04 8.829711465496817254e+04 8.366164080905538867e+04 7.930298707647141418e+04 7.520360580220418342e+04 7.134713173653135891e+04 6.771830205828859471e+04 6.430288213769483264e+04 6.108759663734743663e+04 5.806006557798599533e+04 5.520874502288900112e+04 5.252287206085222715e+04 4.999241379229702579e+04 4.760802004605466936e+04 4.536097957561005023e+04 4.324317950298843061e+04 4.124706779605763586e+04 3.936561858065189153e+04 3.759230010264602606e+04 3.592104516679725202e+04 3.434622388877958292e+04 3.286261860421849997e+04 3.146540078361023916e+04 3.015010980459977145e+04 2.891263343307952528e+04 2.774918986187558767e+04 2.665631115031441004e+04 2.563082789988326476e+04 2.466985499072050152e+04 2.377077819140396969e+04 2.293124144136597170e+04 2.214913459270395470e+04 2.142258138813115511e+04 2.074992744700337062e+04 2.012972803496731285e+04 1.956073540846600736e+04 1.904188555698562413e+04 1.857228421685319336e+04 1.815119210293518336e+04 1.777800939883956380e+04 1.745225965935355998e+04 1.717357340417912928e+04 1.694167180877626379e+04 1.675635101197322365e+04 1.661746764452946081e+04 1.652492622211826165e+04 1.647866902784449121e+04 1.647675333789286378e+04
1.379781381034132326e+06 1.379888220092367614e+06 1.374300228653418366e+06 1.363143381643182132e+06 1.346470235511509003e+06 1.324391973533047829e+06 1.297108194876918569e+06 1.264933000782694900e+06 1.228309056630097795e+06 1.187803847647363087e+06 1.144087116686941590e+06 1.097893725058187032e+06 1.049979620712449076e+06 1.001079099564415519e+06 9.518696161099668825e+05 9.029474030793263810e+05 8.548143530382586177e+05 8.078746790808552178e+05 7.624389300822924124e+05 7.187327823000053177e+05 6.769083546375124715e+05 6.370563264218823751e+05 5.992176885374068515e+05 5.633944320644465042e+05 5.295588373278080253e+05 4.976612721251366893e+05 4.676365600438822294e+05 4.394090621784100658e+05 4.128966504129396053e+05 3.880137554861966637e+05 3.646736612056224258e+05 3.427901961362134316e+05 3.222789513186349650e+05 3.030581302395519451e+05 2.850491170198742184e+05 2.681768312801523716e+05 2.523699235022928333e+05 2.375608527482744248e+05 2.236858789979529975e+05 2.106849947661499609e+05 1.985018147015128634e+05 1.870834372399829444e+05 1.763802888130439387e+05 1.663459583705803670e+05 1.569370278875129588e+05 1.481129029366079194e+05 1.398356462115944305e+05 1.320698159849848889e+05 1.247823108133391215e+05 1.179422213052180014e+05 1.115206894016124716e+05 1.054907753534025105e+05 9.982733239060619962e+04 9.450688894516140863e+04 8.950753819838925847e+04 8.480883466525209951e+04 8.039169749168166891e+04 7.623832012250453408e+04 7.233208599093488010e+04 6.865748988278674369e+04 6.520006463676410203e+04 6.194631285441612272e+04 5.888364330811909167e+04 5.600031175167579931e+04 5.328536585498168279e+04 5.072859400109797571e+04 4.832047770062605559e+04 4.605214739404941793e+04 4.391534142762383999e+04 4.190236800212304661e+04 4.000606990625365142e+04 3.821979185764471913e+04 3.653735028391199739e+04 3.495300538427210995e+04 3.346143531844134122e+04 3.205771237396268043e+04 3.073728096560659105e+04 2.949593732099507542e+04 2.832981070508914490e+04 2.723534603272959430e+04 2.620928771321462409e+04 2.524866456428702804e+04 2.435077562548101196e+04 2.351317669345563991e+04 2.273366739591585792e+04 2.201027861766347996e+04 2.134126009419307229e+04 2.072506799743319061e+04 2.016035235714422743e+04 1.964594419255328467e+04 1.918084227381401797e+04 1.876419949267395714e+04 1.839530889546656181e+04 1.807358951631018863e+04 1.779857223872927716e+04 1.756988600191053411e+04 1.738724474361955072e+04 1.725043552472832016e+04 1.715930830047512791e+04 1.711376778380323958e+04 1.711208529082456880e+04
1.347594295538799604e+06 1.347685456297569210e+06 1.342331773106612265e+06 1.331661587488038465e+06 1.315758255441283574e+06 1.294766933767638635e+06 1.268912506849422818e+06 1.238514378051381558e+06 1.203992906099722255e+06 1.165864020715018502e+06 1.124721486649462953e+06 1.081209410245973850e+06 1.035989727478163200e+06 9.897099401044793194e+05 9.429754362622341141e+05 8.963290086442723405e+05 8.502383835318854544e+05 8.050911728616410401e+05 7.611958328128556022e+05 7.187869087840704015e+05 6.780329161171501037e+05 6.390454821403446840e+05 6.018887250820129411e+05 5.665881835006120382e+05 5.331388924310295843e+05 5.015124154838228715e+05 4.716627890540707158e+05 4.435314270507744513e+05 4.170510857129606302e+05 3.921490106499233516e+05 3.687493923819162301e+05 3.467752499197281431e+05 3.261498495561811142e+05 3.067977514722443884e+05 2.886455620653689257e+05 2.716224562416468398e+05 2.556605218238125090e+05 2.406949678870466887e+05 2.266642302015638270e+05 2.135099998816139414e+05 2.011771956142260460e+05 1.896138952588065586e+05 1.787712389733888267e+05 1.686033131595325540e+05 1.590670222752991249e+05 1.501219538185475394e+05 1.417302404282067728e+05 1.338564220053985191e+05 1.264673099527750455e+05 1.195318550158513390e+05 1.130210197425687220e+05 1.069076562238227780e+05 1.011663895122870017e+05 9.577350691946550796e+04 9.070685324571958336e+04 8.594573189282255771e+04 8.147081173392431810e+04 7.726403956432173436e+04 7.330855792239669245e+04 6.958862804919740302e+04 6.608955774397926871e+04 6.279763386900571641e+04 5.970005925804613798e+04 5.678489378780039260e+04 5.404099937872721785e+04 5.145798870059088949e+04 4.902617736781227723e+04 4.673653941979409137e+04 4.458066589156476402e+04 4.255072628982587048e+04 4.063943279870203696e+04 3.884000704791600583e+04 3.714614928354078438e+04 3.555200978784472682e+04 3.405216239985337597e+04 3.264157999203506915e+04 3.131561176090043955e+04 3.006996219025872415e+04 2.890067154540331467e+04 2.780409775476545838e+04 2.677689953273749779e+04 2.581602059384277163e+04 2.491867480476633500e+04 2.408233211770057824e+04 2.330470512707136368e+04 2.258373609320375181e+04 2.191758428238069973e+04 2.130461348465408446e+04 2.074337959026181124e+04 2.023261813403485576e+04 1.977123175556397109e+04 1.935827757119696980e+04 1.899295451099413913e+04 1.867459073693237951e+04 1.840263132370302992e+04 1.817662644469576480e+04 1.799622035647235680e+04 1.786114150826559489e+04 1.777119411264653172e+04 1.772625149536560275e+04 1.772478125387269756e+04
1.318309135963400826e+06 1.318386575426071417e+06 1.313271744767988799e+06 1.303089491343084723e+06 1.287940084917162778e+06 1.267985953311914578e+06 1.243461922199333319e+06 1.214682855959110195e+06 1.182045402893869439e+06 1.146021730038080597e+06 1.107144974279906834e+06 1.065988060492357239e+06 1.023138907944408245e+06 9.791754926510880468e+05 9.346437898071132367e+05 8.900406170913159149e+05 8.458022446129458258e+05 8.022986457758111646e+05 7.598325924599737627e+05 7.186424658606558805e+05 6.789075956037763972e+05 6.407550591459814459e+05 6.042670818673993926e+05 5.694884092634152621e+05 5.364332353075994179e+05 5.050914456059795921e+05 4.754340651508840965e+05 4.474178914972515195e+05 4.209893520713336766e+05 3.960876570722960168e+05 3.726473343911778065e+05 3.506002361822542734e+05 3.298771027563802199e+05 3.104087615883119288e+05 2.921270296352994628e+05 2.749653772425617208e+05 2.588594024771193799e+05 2.437471562096781563e+05 2.295693508280796232e+05 2.162694791349215375e+05 2.037938646902717301e+05 1.920916604989818588e+05 1.811148093868646538e+05 1.708179765372442780e+05 1.611584623548722884e+05 1.520961019863637630e+05 1.435931563683215645e+05 1.356141985228132107e+05 1.281259979141619115e+05 1.210974049715034926e+05 1.144992373279952881e+05 1.083041688973383571e+05 1.024866225755660853e+05 9.702266710001390311e+04 9.188991840152615623e+04 8.706744563730161462e+04 8.253568197991068882e+04 7.827634015478577930e+04 7.427233265758240304e+04 7.050769653901677520e+04 6.696752261428667407e+04 6.363788893380085210e+04 6.050579833922728722e+04 5.755911992199483211e+04 5.478653419874080282e+04 5.217748181875456066e+04 4.972211562118057191e+04 4.741125586400735483e+04 4.523634845203977602e+04 4.318942599671962671e+04 4.126307154646117124e+04 3.945038483180476760e+04 3.774495087494131440e+04 3.614081081782303227e+04 3.463243482701488392e+04 3.321469693653201102e+04 3.188285169208660955e+04 3.063251246141800948e+04 2.945963127573487145e+04 2.836048006688124951e+04 2.733163316387210216e+04 2.636995091126552870e+04 2.547256427091507067e+04 2.463686026863267034e+04 2.386046814897997683e+04 2.314124610571038284e+04 2.247726846343897705e+04 2.186681319888652797e+04 2.130834970865526702e+04 2.080052675562600780e+04 2.034216055804065036e+04 1.993222302384676368e+04 1.956983017670596746e+04 1.925423086702087312e+04 1.898479590825256673e+04 1.876100782160750532e+04 1.858245140633103074e+04 1.844880537384685886e+04 1.835983528799480337e+04 1.831538803831428595e+04 1.831411097274764688e+04
1.291702928433259716e+06 1.291768439642807702e+06 1.286886923292406602e+06 1.277176496594255557e+06 1.262745491237469018e+06 1.243763126476793084e+06 1.220464799877027282e+06 1.193155212368435925e+06 1.162207241561627481e+06 1.128055266904360382e+06 1.091182825977405300e+06 1.052105697857127525e+06 1.011352403544988600e+06 9.694444614673146280e+05 9.268785302461506799e+05 8.841119777296290267e+05 8.415526689314874820e+05 7.995530702244073618e+05 7.584082463402182329e+05 7.183570198835342890e+05 6.795854492933644215e+05 6.422318095565340482e+05 6.063923737775301561e+05 5.721274447839165805e+05 5.394672402263578260e+05 5.084173719726476702e+05 4.789637718625032576e+05 4.510769993725280510e+05 4.247159249807546730e+05 3.998308204785111011e+05 3.763659090364114963e+05 3.542614379697683034e+05 3.334553395770789357e+05 3.138845430077361525e+05 2.954859949377205921e+05 2.781974403379117139e+05 2.619580077529922710e+05 2.467086368496738723e+05 2.323923798646530486e+05 2.189546031385422393e+05 2.063431102053310606e+05 1.945082038966963592e+05 1.834027015592070529e+05 1.729819146967600391e+05 1.632036020627212129e+05 1.540279033607489255e+05 1.454172592016855488e+05 1.373363217451252276e+05 1.297518594761355489e+05 1.226326587856368715e+05 1.159494244001897023e+05 1.096746802126297989e+05 1.037826716741125856e+05 9.824927060016397445e+04 9.305188300160391373e+04 8.816936036242071714e+04 8.358191463988869509e+04 7.927103714887482056e+04 7.521942140537702653e+04 7.141088993828382809e+04 6.783032502881510300e+04 6.446360330044057628e+04 6.129753405552537151e+04 5.831980123629875015e+04 5.551890887511018082e+04 5.288412989100840787e+04 5.040545808525382745e+04 4.807356318658337841e+04 4.587974879714353301e+04 4.381591309144847764e+04 4.187451212301255873e+04 4.004852559607700096e+04 3.833142496283538640e+04 3.671714370945559494e+04 3.520004969689114660e+04 3.377491942476195982e+04 3.243691408844964826e+04 3.118155730088821292e+04 3.000471435144153293e+04 2.890257287481171807e+04 2.787162480328938909e+04 2.690864947617474900e+04 2.601069778118274917e+04 2.517507720467057152e+04 2.439933767111533962e+04 2.368125805816956199e+04 2.301883328251565035e+04 2.241026186433792100e+04 2.185393389514533192e+04 2.134841935523814027e+04 2.089245675334523548e+04 2.048494209139527811e+04 2.012491819090976060e+04 1.981156445242861810e+04 1.954418715332867941e+04 1.932221041952294399e+04 1.914516802978981650e+04 1.901269622492535200e+04 1.892452769521537266e+04 1.888048690751074537e+04 1.887938549380263430e+04
1.267567059812142281e+06 1.267622249447053764e+06 1.262962645219433354e+06 1.253698065857094247e+06 1.239939369257461745e+06 1.221856131914751837e+06 1.199678780320451595e+06 1.173698888462070609e+06 1.144266327157044783e+06 1.111782478860772448e+06 1.076689494150118902e+06 1.039456351971128955e+06 1.000563078572679311e+06 9.604847407631054521e+05 9.196767384286316810e+05 8.785625639952077763e+05 8.375247086290641455e+05 7.968989075744736474e+05 7.569715212066645036e+05 7.179795855691771721e+05 6.801129366879612207e+05 6.435177920344691956e+05 6.083012256794120185e+05 5.745360676326031098e+05 5.422658661570692202e+05 5.115096565595786087e+05 4.822663709365859395e+05 4.545187963624632685e+05 4.282370437397215283e+05 4.033815279076526640e+05 3.799054845287399949e+05 3.577570638256132370e+05 3.368810482471366413e+05 3.172202429566791398e+05 2.987165865037715994e+05 2.813120255320523283e+05 2.649491928618479287e+05 2.495719234182063083e+05 2.351256376715795486e+05 2.215576177640621609e+05 2.088171974370862590e+05 1.968558833064496284e+05 1.856274219482594635e+05 1.750878246367739630e+05 1.651953593691798451e+05 1.559105179737452709e+05 1.471959645769772178e+05 1.390164704550683091e+05 1.313388392724477162e+05 1.241318258777568699e+05 1.173660511525186739e+05 1.110139148622654902e+05 1.050495080205720005e+05 9.944852592376887333e+04 9.418818273186942679e+04 8.924712824620856554e+04 8.460536735539541405e+04 8.024418247964464535e+04 7.614605923201647238e+04 7.229461542769051448e+04 6.867453350437221525e+04 6.527149636434008426e+04 6.207212660844290076e+04 5.906392910194794240e+04 5.623523678954606294e+04 5.357515966033379664e+04 5.107353675192892842e+04 4.872089107495836652e+04 4.650838733408498229e+04 4.442779231884529145e+04 4.247143783627712401e+04 4.063218605715642479e+04 3.890339714825010014e+04 3.727889906410357798e+04 3.575295937316402706e+04 3.432025899446762924e+04 3.297586772245937755e+04 3.171522141876969908e+04 3.053410075096067158e+04 2.942861135939311134e+04 2.839516533464772874e+04 2.743046388955417933e+04 2.653148111211632931e+04 2.569544868889021018e+04 2.491984149303019512e+04 2.420236393782081359e+04 2.354093700546443870e+04 2.293368587268401097e+04 2.237892806961276074e+04 2.187516212662059843e+04 2.142105668503021298e+04 2.101544007160632827e+04 2.065729036233322768e+04 2.034572598704773918e+04 2.007999695120362958e+04 1.985947677248679975e+04 1.968365524608680789e+04 1.955213216129353532e+04 1.946461209226084975e+04 1.942090037655015112e+04 1.941995838867587008e+04
1.245709319371547317e+06 1.245755606888520299e+06 1.241303361279878998e+06 1.232453566963129677e+06 1.219316240005777450e+06 1.202057499036052730e+06 1.180899704746295931e+06 1.156120016725082416e+06 1.128046550023963908e+06 1.097051669306647498e+06 1.063542460450208513e+06 1.027948936092725955e+06 9.907109298065809999e+05 9.522648244709526189e+05 9.130312240539984778e+05 8.734044579160554567e+05 8.337444827870264417e+05 7.943714039457788458e+05 7.555625389457184356e+05 7.175517307475880953e+05 6.805304914557521697e+05 6.446505129392237868e+05 6.100270965100617614e+05 5.767431083396362374e+05 5.448531408220176818e+05 5.143876378567928332e+05 4.853568143824933795e+05 4.577542622320533847e+05 4.315601835780878901e+05 4.067442301082988270e+05 3.832679520415285951e+05 3.610868780997976428e+05 3.401522576012110221e+05 3.204125007654897054e+05 3.018143546696970006e+05 2.843038512776986463e+05 2.678270615157206776e+05 2.523306861442421796e+05 2.377625106441724929e+05 2.240717477955373179e+05 2.112092882665740326e+05 1.991278764542285062e+05 1.877822260714884906e+05 1.771290875738484319e+05 1.671272774445871182e+05 1.577376775918686471e+05 1.489232116187526553e+05 1.406488034769007645e+05 1.328813229736101348e+05 1.255895217393765051e+05 1.187439625520907139e+05 1.123169443299359846e+05 1.062824246270868607e+05 1.006159410764509521e+05 9.529453290658209880e+04 9.029666340283160389e+04 8.560214397493947763e+04 8.119206032582209446e+04 7.704870108175482892e+04 7.315548913657451340e+04 6.949691587674622133e+04 6.605847838620070252e+04 6.282661967625327088e+04 5.978867194402164750e+04 5.693280283023525408e+04 5.424796462234030332e+04 5.172384632990572572e+04 4.935082854522879643e+04 4.711994099175265728e+04 4.502282265563014516e+04 4.305168439080561802e+04 4.119927388481952221e+04 3.945884287069785205e+04 3.782411646946384280e+04 3.628926454764250957e+04 3.484887497452437674e+04 3.349792866462885286e+04 3.223177629179492578e+04 3.104611656249750376e+04 2.993697593743896141e+04 2.890068969224170723e+04 2.793388421033748091e+04 2.703346040409934358e+04 2.619657816419673691e+04 2.542064174226143223e+04 2.470328597869923033e+04 2.404236329599872988e+04 2.343593138855730285e+04 2.288224155294089360e+04 2.237972761764325696e+04 2.192699544860294191e+04 2.152281302552118359e+04 2.116610110368250025e+04 2.085592449549888988e+04 2.059148402419590639e+04 2.037210921752015929e+04 2.019725182077292993e+04 2.006648021458649600e+04 1.997947482281641351e+04 1.993602458930664943e+04 1.993522689616985735e+04
1.225954482557650423e+06 1.225993110844004201e+06 1.221732235624730121e+06 1.213264090193902142e+06 1.200695887623314280e+06 1.184188159966178238e+06 1.163953665777765214e+06 1.140254907044942724e+06 1.113399759618735639e+06 1.083734963516578311e+06 1.051637554895621957e+06 1.017504666284285835e+06 9.817423918697609333e+05 9.447545522824431537e+05 9.069321812344759237e+05 8.686444168621151475e+05 8.302312612897860818e+05 7.919984271120423218e+05 7.542142650245362893e+05 7.171085920309174107e+05 6.808731262421790743e+05 6.456631800209347857e+05 6.116002572774066357e+05 5.787752287922007963e+05 5.472518074833934661e+05 5.170701019173522945e+05 4.882500826648251386e+05 4.607948470404693508e+05 4.346936106322143460e+05 4.099243880017045885e+05 3.864563504019305692e+05 3.642518663623954635e+05 3.432682428612023359e+05 3.234591918844247120e+05 3.047760506910561235e+05 2.871687850929336855e+05 2.705868043530388968e+05 2.549796145385464188e+05 2.402973348041548743e+05 2.264910984574515896e+05 2.135133579940943455e+05 2.013181107291927328e+05 1.898610592762808956e+05 1.790997189797157771e+05 1.689934825050825602e+05 1.595036501326553698e+05 1.505934328672481352e+05 1.422279342544708634e+05 1.343741157561678265e+05 1.270007496640050231e+05 1.200783627981476748e+05 1.135791736274105206e+05 1.074770249401987094e+05 1.017473137758960947e+05 9.636691998015613353e+04 9.131413446282065706e+04 8.656858800373318081e+04 8.211118126076564658e+04 7.792401647874045011e+04 7.399033127142416197e+04 7.029443474627929390e+04 6.682164615897850308e+04 6.355823621822582936e+04 6.049137110830687743e+04 5.760905925452504744e+04 5.490010082335248444e+04 5.235403992298858066e+04 4.996111944976635277e+04 4.771223851033380924e+04 4.559891233783512143e+04 4.361323461165304616e+04 4.174784208403868251e+04 3.999588141261882993e+04 3.835097809491198859e+04 3.680720739931067510e+04 3.535906718617317529e+04 3.400145251258548524e+04 3.272963191483310220e+04 3.153922526359642507e+04 3.042618308833353876e+04 2.938676726928863718e+04 2.841753299809901728e+04 2.751531191125949408e+04 2.667719630483261790e+04 2.590052434400595303e+04 2.518286618754891606e+04 2.452201095508946673e+04 2.391595447455761678e+04 2.336288775814828114e+04 2.286118616770316294e+04 2.240939924424570199e+04 2.200624119118987437e+04 2.165058201589720920e+04 2.134143934902054389e+04 2.107797097466523337e+04 2.085946811579654604e+04 2.068534952770272866e+04 2.055515645686399876e+04 2.046854852277135797e+04 2.042530057583915186e+04 2.042463297755646636e+04
1.208144007501331391e+06 1.208176058957150206e+06 1.204090194334873697e+06 1.195970333038226934e+06 1.183919829761017347e+06 1.168092578384741209e+06 1.148691180593741359e+06 1.125963873725009849e+06 1.100199931049271254e+06 1.071723415610293392e+06 1.040885396357618505e+06 1.008054968587644980e+06 9.736096056236648001e+05 9.379254667267645709e+05 9.013682837859125575e+05 8.642853577266526408e+05 8.269990436060449574e+05 7.898019264020277187e+05 7.529537196723680245e+05 7.166797793024580460e+05 6.811710259888945147e+05 6.465850145172652556e+05 6.130478699809439713e+05 5.806568219348386629e+05 5.494830972840178292e+05 5.195749726113660727e+05 4.909608296581005561e+05 4.636520989094303222e+05 4.376460127625637106e+05 4.129281201657989877e+05 3.894745386178644840e+05 3.672539374060380505e+05 3.462292587198173860e+05 3.263591917315049213e+05 3.075994198134251637e+05 2.899036636045758496e+05 2.732245433618733659e+05 2.575142835101321398e+05 2.427252809890689095e+05 2.288105572194731503e+05 2.157241115154415893e+05 2.034211917218776944e+05 1.918584958659347030e+05 1.809943167452233029e+05 1.707886396713749564e+05 1.612032020610961190e+05 1.522015222198310948e+05 1.437489034887914604e+05 1.358124189119220828e+05 1.283608807104849111e+05 1.213647981134346192e+05 1.147963264658227999e+05 1.086292100101848337e+05 1.028387202935712412e+05 9.740159178319104831e+04 9.229595596566767199e+04 8.750127494917661534e+04 8.299827537597883202e+04 7.876888327802915592e+04 7.479616036440138123e+04 7.106424211118723906e+04 6.755827792785443307e+04 6.426437359531715629e+04 6.116953610700328136e+04 5.826162099251698965e+04 5.552928216194951528e+04 5.296192427566452534e+04 5.054965761806373484e+04 4.828325543308914348e+04 4.615411366313153121e+04 4.415421302060566813e+04 4.227608331213150814e+04 4.051276992835598503e+04 3.885780240753397811e+04 3.730516497765269742e+04 3.584926897981994261e+04 3.448492707462207909e+04 3.320732913297432970e+04 3.201201971358358423e+04 3.089487703035522281e+04 2.985209331499085238e+04 2.888015648256084751e+04 2.797583301112336994e+04 2.713615195053722709e+04 2.635838998061570237e+04 2.564005744474528183e+04 2.497888529217771429e+04 2.437281287040830648e+04 2.381997651838877573e+04 2.331869892165030615e+04 2.286747920160362628e+04 2.246498372296698653e+04 2.211003761504360955e+04 2.180161701394025658e+04 2.153884204311656868e+04 2.132097055833635022e+04 2.114739268950813857e+04 2.101762621558548926e+04 2.093131280932835580e+04 2.088821518620348434e+04 2.088766428152802109e+04
1.192135224299107911e+06 1.192161638797685504e+06 1.188234691010520561e+06 1.180430610605437774e+06 1.168848415591004305e+06 1.153634989637880586e+06 1.134982830049330834e+06 1.113126674618616933e+06 1.088338856581235304e+06 1.060923355732780648e+06 1.031208670806929236e+06 9.995397981310281903e+05 9.662697290253379615e+05 9.317509475064669969e+05 8.963274101752759889e+05 8.603274273940698477e+05 8.240577567229298875e+05 7.877990893933321349e+05 7.518029808743668254e+05 7.162901646337012062e+05 6.814501041671957355e+05 6.474415855132825673e+05 6.143941286981815938e+05 5.824099965286005754e+05 5.515665961692004930e+05 5.219190964197778958e+05 4.935031159229995101e+05 4.663373704293348710e+05 4.404261978540721466e+05 4.157619065275829053e+05 3.923269140532644815e+05 3.700956614984786720e+05 3.490363006174389739e+05 3.291121610251119710e+05 3.102830103729474940e+05 2.925061242744197370e+05 2.757371845829319791e+05 2.599310251414155646e+05 2.450422437131285551e+05 2.310256977895258751e+05 2.178369005979589128e+05 2.054323320783383970e+05 1.937696779898153618e+05 1.828080087312722171e+05 1.725079079670268402e+05 1.628315597732193710e+05 1.537428017760094372e+05 1.452071506444488186e+05 1.371918053253243852e+05 1.296656325569889013e+05 1.225991384639638709e+05 1.159644294026018179e+05 1.097351646887762763e+05 1.038865033802727121e+05 9.839504689866777335e+04 9.323877894857786305e+04 8.839700391749427945e+04 8.385028470942877175e+04 7.958038077362778131e+04 7.557018692978401668e+04 7.180367345862099319e+04 6.826582781700821943e+04 6.494259824636074336e+04 6.182083946875607944e+04 5.888826060444947507e+04 5.613337539492087672e+04 5.354545477547104383e+04 5.111448180906171910e+04 4.883110896722984035e+04 4.668661772341084725e+04 4.467288040790717787e+04 4.278232426127806684e+04 4.100789761346187152e+04 3.934303810887284635e+04 3.778164289268705033e+04 3.631804067011008010e+04 3.494696554836085852e+04 3.366353257014918927e+04 3.246321484744415284e+04 3.134182220519272960e+04 3.029548124623828699e+04 2.932061675106861730e+04 2.841393432908115574e+04 2.757240424188729230e+04 2.679324632378326351e+04 2.607391592993490485e+04 2.541209084907727811e+04 2.480565912461911648e+04 2.425270773591884063e+04 2.375151210002300286e+04 2.330052636325408821e+04 2.289837446134724087e+04 2.254384193611685259e+04 2.223586850553582553e+04 2.197354139213277813e+04 2.175608942144709363e+04 2.158287790746272003e+04 2.145340434520362032e+04 2.136729493182360966e+04 2.132430193651286754e+04 2.132385501508517336e+04
1.177800263755726628e+06 1.177821856503017945e+06 1.174038360361901345e+06 1.166519022872383706e+06 1.155358409234020626e+06 1.140696441541254055e+06 1.122715929752083262e+06 1.101639079283051891e+06 1.077722912683735834e+06 1.051253629074669443e+06 1.022540035350407707e+06 9.919062942445337540e+05 9.596843227451271378e+05 9.262062224644349189e+05 8.917971236511066090e+05 8.567687793812528253e+05 8.214141672210807446e+05 7.860032578985232394e+05 7.507800101475799456e+05 7.159605609370092861e+05 6.817325092723190319e+05 6.482551433977283305e+05 6.156604352392251603e+05 5.840546192848135252e+05 5.535201813169918023e+05 5.241181006738891592e+05 4.958902136045648949e+05 4.688615912097822875e+05 4.430428507945292513e+05 4.184323424961203127e+05 3.950181728598638438e+05 3.727800432693738840e+05 3.516908938650771161e+05 3.317183531160778948e+05 3.128259999912800267e+05 2.949744501918263850e+05 2.781222806305994163e+05 2.622268077029158594e+05 2.472447352496526728e+05 2.331326877698740282e+05 2.198476436311279540e+05 2.073472819340757269e+05 1.955902554486457666e+05 1.845364007484674803e+05 1.741468953956218320e+05 1.643843708123150573e+05 1.552129883466099272e+05 1.465984850095555594e+05 1.385081944363425719e+05 1.309110478033986728e+05 1.237775587123151345e+05 1.170797954228719464e+05 1.107913432733095833e+05 1.048872596576391516e+05 9.934402352869851165e+04 9.413948105375163141e+04 8.925278875904050074e+04 8.466435525407125533e+04 8.035578241923717724e+04 7.630980676631133247e+04 7.251024153546377784e+04 6.894191997066971089e+04 6.559064011396575370e+04 6.244311137492077250e+04 5.948690306221108767e+04 5.671039500697366020e+04 5.410273036080138263e+04 5.165377061306496762e+04 4.935405284137614944e+04 4.719474918415903085e+04 4.516762850454940781e+04 4.326502019925749482e+04 4.147978009396097332e+04 3.980525835758939502e+04 3.823526936105429922e+04 3.676406340114944032e+04 3.538630020713993872e+04 3.409702414575277362e+04 3.289164103958847409e+04 3.176589651433325707e+04 3.071585579132270868e+04 2.973788484402946051e+04 2.882863283977818355e+04 2.798501579143329218e+04 2.720420134794975820e+04 2.648359465748372531e+04 2.582082524223760629e+04 2.521373483029472118e+04 2.466036609634789420e+04 2.415895227032948605e+04 2.370790758036411717e+04 2.330581850402503187e+04 2.295143580932788245e+04 2.264366737400078273e+04 2.238157177805783431e+04 2.216435267027614100e+04 2.199135391360106223e+04 2.186205551762191681e+04 2.177607036790209531e+04 2.173314176216027772e+04 2.173278671671191478e+04
1.165024881628019270e+06 1.165042359895863803e+06 1.161387665237148758e+06 1.154123791669726372e+06 1.143340957700418774e+06 1.129172425178490113e+06 1.111791941721133422e+06 1.091410241141588893e+06 1.068270596223533154e+06 1.042643482496600132e+06 1.014820490750605939e+06 9.851077042818885529e+05 9.538188185219716979e+05 9.212683137325407006e+05 8.877649901996894041e+05 8.536061411840552464e+05 8.190725789622841403e+05 7.844246542313456303e+05 7.498993302676988533e+05 7.157083003506066743e+05 6.820370770131025929e+05 6.490449383178817807e+05 6.168655902285603806e+05 5.856083936826892896e+05 5.553600072388359113e+05 5.261863076853335369e+05 4.981344683477472863e+05 4.712350950541105121e+05 4.455043404948050156e+05 4.209459374070769409e+05 3.975531085993972956e+05 3.753103267870789859e+05 3.541949093929274241e+05 3.341784429851393797e+05 3.152280391443880508e+05 2.973074286141814082e+05 2.803779039568181615e+05 2.643991229605380213e+05 2.493297860359169717e+05 2.351282010708446032e+05 2.217527489056137565e+05 2.091622619206596282e+05 1.973163273364922497e+05 1.861755258120252402e+05 1.757016148689493421e+05 1.658576656188651978e+05 1.566081602619782789e+05 1.479190568834293517e+05 1.397578272080514289e+05 1.320934721919608710e+05 1.248965196303091070e+05 1.181390073419810797e+05 1.117944549491628859e+05 1.058378267965980340e+05 1.002454881454579008e+05 9.499515642347610265e+04 9.006584900989533344e+04 8.543782877487850783e+04 8.109254837264835078e+04 7.701259410077369830e+04 7.318162998008730938e+04 6.958434257678041467e+04 6.620638697654953285e+04 6.303433422739469825e+04 6.005562048986560694e+04 5.725849806904410070e+04 5.463198844925189042e+04 5.216583740866745939e+04 4.985047225523328962e+04 4.767696119619181263e+04 4.563697483020149230e+04 4.372274973233095079e+04 4.192705408757441182e+04 4.024315531715365796e+04 3.866478963328651298e+04 3.718613345179398311e+04 3.580177658753580909e+04 3.450669715489356167e+04 3.329623809407340013e+04 3.216608524372833563e+04 3.111224688108259943e+04 3.013103465229215726e+04 2.921904581808866715e+04 2.837314674276313963e+04 2.759045755816615201e+04 2.686833793862577659e+04 2.620437392744815224e+04 2.559636576087477079e+04 2.504231664101870410e+04 2.454042241526209909e+04 2.408906212574833626e+04 2.368678939882212217e+04 2.333232465041335672e+04 2.302454808919969582e+04 2.276249350479408895e+04 2.254534283296386275e+04 2.237242149387726749e+04 2.224319450245087864e+04 2.215726335200191897e+04 2.211436367356831033e+04 2.211408892827471573e+04
1.153707274042926729e+06 1.153721252315124962e+06 1.150181599175953306e+06 1.143145768451539800e+06 1.132699869661763078e+06 1.118970950115006184e+06 1.102124427944537019e+06 1.082360651888212655e+06 1.059910618417009711e+06 1.035030926226650481e+06 1.007998106075827149e+06 9.791025199150417466e+05 9.486420664942202857e+05 9.169159528929843800e+05 8.842187886156406021e+05 8.508352317151431926e+05 8.170353696264420869e+05 7.830709583682235098e+05 7.491725806935052387e+05 7.155477240493800491e+05 6.823797284310219111e+05 6.498275156928434735e+05 6.180259867121049901e+05 5.870869603102853289e+05 5.571005261515134480e+05 5.281366904676543782e+05 5.002472057897672057e+05 4.734674914906692575e+05 4.478185688669398660e+05 4.233089512008003658e+05 3.999364447103642742e+05 3.776898299052057555e+05 3.565504043306184467e+05 3.364933769692067872e+05 3.174891117976930109e+05 2.995042233908491326e+05 2.825025312907535117e+05 2.664458823949151556e+05 2.512948521247633325e+05 2.370093358530481055e+05 2.235490421979977400e+05 2.108738995021526644e+05 1.989443862399595964e+05 1.877217953465517203e+05 1.771684416107558645e+05 1.672478203877607884e+05 1.579247250031444128e+05 1.491653293688920676e+05 1.409372415321425651e+05 1.332095331393884844e+05 1.259527491279075621e+05 1.191389013532509416e+05 1.127414493252036336e+05 1.067352707511859335e+05 1.010966241711854236e+05 9.580310560692261788e+04 9.083360083484886854e+04 8.616823462261927489e+04 8.178831803690412198e+04 7.767629473226547998e+04 7.381568696201255079e+04 7.019104190878105874e+04 6.678787881145531719e+04 6.359263726308750483e+04 6.059262696889434301e+04 5.777597918191183271e+04 5.513159997439358995e+04 5.264912545381077507e+04 5.031887899176831706e+04 4.813183050098059903e+04 4.607955776855015574e+04 4.415420983211122802e+04 4.234847236817966041e+04 4.065553504853637423e+04 3.906906081008425826e+04 3.758315697580911365e+04 3.619234815890806931e+04 3.489155087832424033e+04 3.367604981172299449e+04 3.254147561093647892e+04 3.148378420506069597e+04 3.049923751741708475e+04 2.958438552443705703e+04 2.873604958706926118e+04 2.795130698842992570e+04 2.722747661510147009e+04 2.656210572358359059e+04 2.595295773792663022e+04 2.539800102939936914e+04 2.489539863410322141e+04 2.444349886966437771e+04 2.404082681736290760e+04 2.368607664124844086e+04 2.337810472076911537e+04 2.311592357810161047e+04 2.289869658563144549e+04 2.272573344275416093e+04 2.259648641431638316e+04 2.251054732553990107e+04 2.246764531020229697e+04 2.246743976218836542e+04
1.143756940249029780e+06 1.143767953642552253e+06 1.140330478436930338e+06 1.133497106598499930e+06 1.123350149708211888e+06 1.110010961460936815e+06 1.093637408179244492e+06 1.074420524711097823e+06 1.052580409008857096e+06 1.028361447823994444e+06 1.002027009492030251e+06 9.738537804706962779e+05 9.441259527901310939e+05 9.131294841639939696e+05 8.811466483183474047e+05 8.484510705103412038e+05 8.153034055210961960e+05 7.819477678631505696e+05 7.486089725503909867e+05 7.154905951872430742e+05 6.827738168253352633e+05 6.506169849026498850e+05 6.191557978846776532e+05 5.885040078316970030e+05 5.587545308619753923e+05 5.299808586048962316e+05 5.022386722480944591e+05 4.755675727420431213e+05 4.499928544408716843e+05 4.255272635746848537e+05 4.021726964741076226e+05 3.799218047486759024e+05 3.587594852896452649e+05 3.386642418814403936e+05 3.196094123823511763e+05 3.015642609979378758e+05 2.844949393053973326e+05 2.683653226058022701e+05 2.531377300993444514e+05 2.387735384992261534e+05 2.252336992044240469e+05 2.124791691965837381e+05 2.004712655414386536e+05 1.891719528660236101e+05 1.785440725318690529e+05 1.685515214949881774e+05 1.591593880828903930e+05 1.503340511611364491e+05 1.420432484305870603e+05 1.342561189069162065e+05 1.269432239954142860e+05 1.200765509910459077e+05 1.136295023077913502e+05 1.075768732710863260e+05 1.018948208906265936e+05 9.656082566399620555e+04 9.155364814092961024e+04 8.685328169893537415e+04 8.244090273955959128e+04 7.829881930645275861e+04 7.441041894789563958e+04 7.076011649390638922e+04 6.733330228820981574e+04 6.411629130532548879e+04 6.109627349012016930e+04 5.826126557906193921e+04 5.560006459705542511e+04 5.310220316926835221e+04 5.075790674230589502e+04 4.855805277191146160e+04 4.649413190405717614e+04 4.455821115167217795e+04 4.274289904952415964e+04 4.104131275413853291e+04 3.944704704346811195e+04 3.795414516174971504e+04 3.655707144815490028e+04 3.525068568302756466e+04 3.403021908243536018e+04 3.289125187004776672e+04 3.182969235492306325e+04 3.084175744428155667e+04 2.992395452170575300e+04 2.907306462329579153e+04 2.828612684695945427e+04 2.756042393319722032e+04 2.689346895931020481e+04 2.628299309290960809e+04 2.572693435477574894e+04 2.522342734551490867e+04 2.477079389495948271e+04 2.436753459780664343e+04 2.401232120348573153e+04 2.370398983263891569e+04 2.344153499678340813e+04 2.322410440164477041e+04 2.305099451825915821e+04 2.292164690918378619e+04 2.283564530000821105e+04 2.279271338887963429e+04 2.279256636049461304e+04
1.135093623427399434e+06 1.135102139427639311e+06 1.131754839559389977e+06 1.125100087869008770e+06 1.115216745433368953e+06 1.102221025058935629e+06 1.086264025059306063e+06 1.067528498720292235e+06 1.046224926544196205e+06 1.022586990313477814e+06 9.968665815826223698e+05 9.693285073438432300e+05 9.402450772386769531e+05 9.098907658493907657e+05 8.785371383068673313e+05 8.464482079842820531e+05 8.138763637794696260e+05 7.810589652628147742e+05 7.482156612813491374e+05 7.155464458204732509e+05 6.832304276348851854e+05 6.514252598526952788e+05 6.202671537043027347e+05 5.898713869022211293e+05 5.603332113194704289e+05 5.317290652412258787e+05 5.041180010842457414e+05 4.775432485380661674e+05 4.520338441570457071e+05 4.276062703275064123e+05 4.042660583233227371e+05 3.820093211917457520e+05 3.608241920645107748e+05 3.406921519540984882e+05 3.215892381097878097e+05 3.034871296203723177e+05 2.863541112770035397e+05 2.701559199062956613e+05 2.548564796224101738e+05 2.404185338975029299e+05 2.268041831726710079e+05 2.139753370682717650e+05 2.018940902259023860e+05 1.905230305263629998e+05 1.798254879615957616e+05 1.697657318595403922e+05 1.603091235196400667e+05 1.514222306514257507e+05 1.430729093467422063e+05 1.352303586771395348e+05 1.278651524045020342e+05 1.209492517328806571e+05 1.144560025168664288e+05 1.083601198778925318e+05 1.026376627640137740e+05 9.726600061901618028e+04 9.222377400033743470e+04 8.749085069898325310e+04 8.304827866487120627e+04 7.887823682425987499e+04 7.496398468871589284e+04 7.128981149404370808e+04 6.784098546978626109e+04 6.460370372236135154e+04 6.156504311515446170e+04 5.871291244454740081e+04 5.603600613995364984e+04 5.352375965649395948e+04 5.116630667954457749e+04 4.895443821941049100e+04 4.687956364074859448e+04 4.493367364391607407e+04 4.310930519325897330e+04 4.139950836965256894e+04 3.979781511069153203e+04 3.829820979120551783e+04 3.689510158869441511e+04 3.558329857248946064e+04 3.435798345148038788e+04 3.321469091288471100e+04 3.214928648345300098e+04 3.115794684450163186e+04 3.023714153306559820e+04 2.938361596310335153e+04 2.859437570292207238e+04 2.786667194774576274e+04 2.719798812948385967e+04 2.658602760924046015e+04 2.602870240179912071e+04 2.552412288521857045e+04 2.507058845267102151e+04 2.466657906771021590e+04 2.431074768821169710e+04 2.400191352820655447e+04 2.373905613073033601e+04 2.352131022852494061e+04 2.334796137299901966e+04 2.321844231518721426e+04 2.313233012558970950e+04 2.308934404268902654e+04 2.308924524263761123e+04
1.127646344225837383e+06 1.127652772863996914e+06 1.124384447449279483e+06 1.117886090597449336e+06 1.108233473727850243e+06 1.095538226734189549e+06 1.079945447119224584e+06 1.061630588045868557e+06 1.040795700398401357e+06 1.017665130785953021e+06 9.924808040180904791e+05 9.654972413675346179e+05 9.369764813622923102e+05 9.071830751829963410e+05 8.763793226316052023e+05 8.448208973652585410e+05 8.127529834452185314e+05 7.804070121337191667e+05 7.479980517243148061e+05 7.157228674272530479e+05 6.837586358653277857e+05 6.522622716839207569e+05 6.213703033489395166e+05 5.911992217394965701e+05 5.618462182731550420e+05 5.333902281628542114e+05 5.058931978467213339e+05 4.794015024099943112e+05 4.539474477394459536e+05 4.295508021687992150e+05 4.062203126410954283e+05 3.839551702956678928e+05 3.627463994490951882e+05 3.425781519228148973e+05 3.234288954565773020e+05 3.052724905244447873e+05 2.880791543004560517e+05 2.718163139119891566e+05 2.564493536026313377e+05 2.419422621440623188e+05 2.282581879254525993e+05 2.153599097373068507e+05 2.032102314676932001e+05 1.917723088401791756e+05 1.810099160259352648e+05 1.708876595238556038e+05 1.613711461748353322e+05 1.524271116004727664e+05 1.440235147632109292e+05 1.361296037568455504e+05 1.287159573693432030e+05 1.217545064244958921e+05 1.152185384116923233e+05 1.090826884573847201e+05 1.033229192787904612e+05 9.791649238947893900e+04 9.284193249621326686e+04 8.807898673426556343e+04 8.360858013169524202e+04 7.941276846876197669e+04 7.547468950364633929e+04 7.177851336698919476e+04 6.830939278255973477e+04 6.505341364693039213e+04 6.199754639489157853e+04 5.912959848718225112e+04 5.643816828092341166e+04 5.391260047908124398e+04 5.154294330168839224e+04 4.931990747697281768e+04 4.723482711376908264e+04 4.527962248639505560e+04 4.344676473868231551e+04 4.172924249416535895e+04 4.012053034382810438e+04 3.861455917065360700e+04 3.720568826097980491e+04 3.588867914585304243e+04 3.465867111079562164e+04 3.351115830934719270e+04 3.244196841406036765e+04 3.144724273814565822e+04 3.052341776142510571e+04 2.966720799548826471e+04 2.887559012483717379e+04 2.814578836319572292e+04 2.747526096697324829e+04 2.686168785097399450e+04 2.630295925484257532e+04 2.579716541224344473e+04 2.534258717846548097e+04 2.493768757586106585e+04 2.458110422029573965e+04 2.427164259552849035e+04 2.400827014616206361e+04 2.379011116341632078e+04 2.361644244154651096e+04 2.348668968615474296e+04 2.340042465899381205e+04 2.335736304707967793e+04 2.335730253885933416e+04
1.121352531788680237e+06 1.121357234427577816e+06 1.118157412381386850e+06 1.111794686602833681e+06 1.102342099302361021e+06 1.089907245188992471e+06 1.074629959230519133e+06 1.056679320415023016e+06 1.036250050890664104e+06 1.013558413007846219e+06 9.888377284561813576e+05 9.623336613085026620e+05 9.342994178596012061e+05 9.049910187895720592e+05 8.746627925131274387e+05 8.435632229052226758e+05 8.119312613412808860e+05 7.799931844168005046e+05 7.479600475160513306e+05 7.160257533038576366e+05 6.843657256027937401e+05 6.531361547931816895e+05 6.224737619464449817e+05 5.924960157991840970e+05 5.633017292348858900e+05 5.349719595610254910e+05 5.075711386753806728e+05 4.811483642055887613e+05 4.557387898810502957e+05 4.313650618448769674e+05 4.080387565669161268e+05 3.857617848745596712e+05 3.645277349388846778e+05 3.443231345545431250e+05 3.251286195746200392e+05 3.069200008495957009e+05 2.896692264895455446e+05 2.733452397887825500e+05 2.579147358205541386e+05 2.433428216400662204e+05 2.295935863443283015e+05 2.166305880403586198e+05 2.044172651731744409e+05 1.929172797537839797e+05 1.820947998841088556e+05 1.719147286663875275e+05 1.623428861630709143e+05 1.533461505821486935e+05 1.448925643358394445e+05 1.369514100825006026e+05 1.294932613311232126e+05 1.224900116778416268e+05 1.159148862631509983e+05 1.097424385923554801e+05 1.039485354529488250e+05 9.851033229195722379e+04 9.340624108331451134e+04 8.861589241856605804e+04 8.412009329157753382e+04 7.990078181698294065e+04 7.594097992017562501e+04 7.222474486104026437e+04 6.873712030170334037e+04 6.546408749776852346e+04 6.239251708039709047e+04 5.951012180103714491e+04 5.680541052946066338e+04 5.426764372732782067e+04 5.188679056196483725e+04 4.965348777706996043e+04 4.755900039725373790e+04 4.559518431056260306e+04 4.375445074641214160e+04 4.202973264475923497e+04 4.041445289514125034e+04 3.890249441068871965e+04 3.748817199183693447e+04 3.616620592669431790e+04 3.493169726948156313e+04 3.378010473470167199e+04 3.270722314251042917e+04 3.170916334979442036e+04 3.078233360153451213e+04 2.992342223794158781e+04 2.912938169443873267e+04 2.839741373369142457e+04 2.772495585143968856e+04 2.710966880076661982e+04 2.654942518259631106e+04 2.604229905352290734e+04 2.558655650554683598e+04 2.518064717584428217e+04 2.482319664828666646e+04 2.451299971206648115e+04 2.424901444639364490e+04 2.403035710382764228e+04 2.385629776838805628e+04 2.372625676809612924e+04 2.363980182509442602e+04 2.359664592992462349e+04 2.359661410630182581e+04
1.116157251178575912e+06 1.116160548082628753e+06 1.113019410609405022e+06 1.106772853997473372e+06 1.097491543482174398e+06 1.085279567776324227e+06 1.070272203098417260e+06 1.052633024850964779e+06 1.032550448276695330e+06 1.010233799862513901e+06 9.859090394033470657e+05 9.598142665991310496e+05 9.321951540633643745e+05 9.033004493776594754e+05 8.733776817968962714e+05 8.426691947437949711e+05 8.114086045102059143e+05 7.798177604273154866e+05 7.481042543498383602e+05 7.164594998332246905e+05 6.850573758443167899e+05 6.540534077793272445e+05 6.235844409754319349e+05 5.937687492532077013e+05 5.647065132867783541e+05 5.364806003540386446e+05 5.091575775981883053e+05 4.827888945256973966e+05 4.574121762327037868e+05 4.330525759988353238e+05 4.097241437203991809e+05 3.874311746089156950e+05 3.661695102270097123e+05 3.459277709727591136e+05 3.266885053710820503e+05 3.084292468959646067e+05 2.911234735128451721e+05 2.747414687307474087e+05 2.592510857586483180e+05 2.446184184597738204e+05 2.308083842897058348e+05 2.177852253892187146e+05 2.055129345746554900e+05 1.939556132138143003e+05 1.830777679696066771e+05 1.728445532017041114e+05 1.632219654925512150e+05 1.541769963522809849e+05 1.456777486924886762e+05 1.376935221687533194e+05 1.301948719968420774e+05 1.231536453628098243e+05 1.165429990833553456e+05 1.103374017368087807e+05 1.045126230813613656e+05 9.904571320759740775e+04 9.391497353771544294e+04 8.909992148334663943e+04 8.458125030623590283e+04 8.034078548923907510e+04 7.636143871700495947e+04 7.262716038375532662e+04 6.912289138753432781e+04 6.583451483357844700e+04 6.274880815186585096e+04 5.985339603328152589e+04 5.713670450310446904e+04 5.458791637794716371e+04 5.219692829109575541e+04 4.995430941998930211e+04 4.785126200696791784e+04 4.587958372920059628e+04 4.403163194490073511e+04 4.230028981954435585e+04 4.067893431707294076e+04 3.916140602626516193e+04 3.774198078100972634e+04 3.641534302454588033e+04 3.517656086144869914e+04 3.402106273678201978e+04 3.294461567914289481e+04 3.194330504295450010e+04 3.101351568509444405e+04 3.015191451158589553e+04 2.935543433143430957e+04 2.862125895663225310e+04 2.794680948973907653e+04 2.732973174321541956e+04 2.676788473768601398e+04 2.625933022956046261e+04 2.580232322179837138e+04 2.539530341509206119e+04 2.503688756029124124e+04 2.472586267647086424e+04 2.446118010266108467e+04 2.424195035486061170e+04 2.406743876356051987e+04 2.393706187059033982e+04 2.385038456767055686e+04 2.380711796260944175e+04 2.380710552508884575e+04
1.112012522800198989e+06 1.112014699659425998e+06 1.108923001425399911e+06 1.102774293821903411e+06 1.093637205214631278e+06 1.081612825349321123e+06 1.066832539757639868e+06 1.049455238575092750e+06 1.029663981648764457e+06 1.007662220246396726e+06 9.836696912725524744e+05 9.579181112450022483e+05 9.306468031128586736e+05 9.020983884319788776e+05 8.725146701664004941e+05 8.421328178449055413e+05 8.111819479933714028e+05 7.798801702030397719e+05 7.484321446765434230e+05 7.170271724554129178e+05 6.858378164401866961e+05 6.550190311001900118e+05 6.247077623443936463e+05 5.950229668503267458e+05 5.660659922792329453e+05 5.379212559610262979e+05 5.106571592933300999e+05 4.843271776040093973e+05 4.589710698639771435e+05 4.346161587127883686e+05 4.112786381477087853e+05 3.889648734013561043e+05 3.676726645780468243e+05 3.473924522311749170e+05 3.281084490410559229e+05 3.097996869797905092e+05 2.924409737821317976e+05 2.760037561868103221e+05 2.604568903168382531e+05 2.457673217989898985e+05 2.319006798640448542e+05 2.188217908072909922e+05 2.064951169085869333e+05 1.948851272930371924e+05 1.839566073292828223e+05 1.736749130758372776e+05 1.640061770505071036e+05 1.549174712588325492e+05 1.463769330107320566e+05 1.383538586094588100e+05 1.308187695356506156e+05 1.237434552887842001e+05 1.171009966009583295e+05 1.108657723122199823e+05 1.050134527982095315e+05 9.952098247303329117e+04 9.436655355447887268e+04 8.952957297513689264e+04 8.499062405097747978e+04 8.073142427695584774e+04 7.673478040546127886e+04 7.298454177580407122e+04 6.946555269919724378e+04 6.616360456153935229e+04 6.306538818367629574e+04 6.015844687344576960e+04 5.743113051386280858e+04 5.487255095535032888e+04 5.247253891534527065e+04 5.022160253440110682e+04 4.811088769264717848e+04 4.613214015299868333e+04 4.427766956672785454e+04 4.254031535196071491e+04 4.091341443549277756e+04 3.939077083235298051e+04 3.796662702506864298e+04 3.663563709512278729e+04 3.539284155209339224e+04 3.423364380109759077e+04 3.315378818599286024e+04 3.214933954407456986e+04 3.121666420747739903e+04 3.035241238690774117e+04 2.955350187453803301e+04 2.881710300472321978e+04 2.814062481352139002e+04 2.752170234070993683e+04 2.695818502099072066e+04 2.644812611431357072e+04 2.598977312863013867e+04 2.558155919191041176e+04 2.522209533382481095e+04 2.491016364112705924e+04 2.464471125442648554e+04 2.442484517768866499e+04 2.424982787544402163e+04 2.411907363632822307e+04 2.403214568516979853e+04 2.398875402943831796e+04 2.398875197185311117e+04
1.108876727793907514e+06 1.108878041358437156e+06 1.105827032816682942e+06 1.099758839444717159e+06 1.090740379329974530e+06 1.078870227508154232e+06 1.064276512677592458e+06 1.047114210634552641e+06 1.027561916082159616e+06 1.005818191395781818e+06 9.820976046636663377e+05 9.566265787868831540e+05 9.296391776971356012e+05 9.013729542564373696e+05 8.720649770334721543e+05 8.419481403312323382e+05 8.112478444882255280e+05 7.801791128939975752e+05 7.489441898718189914e+05 7.177306411467973376e+05 6.867099574650186114e+05 6.560366432220588904e+05 6.258477565196573269e+05 5.962628553499012487e+05 5.673842967120290268e+05 5.392978312100362964e+05 5.120734346533596981e+05 4.857663198424652801e+05 4.604180754569778801e+05 4.360578841651395196e+05 4.127037781740427599e+05 3.903638969501875108e+05 3.690377183608149644e+05 3.487172407152038650e+05 3.293880989088452770e+05 3.110306029599352623e+05 2.936206916109314188e+05 2.771307973347532679e+05 2.615306220606941497e+05 2.467878252705815539e+05 2.328686278788955533e+05 2.197383365765947383e+05 2.073617941642808437e+05 1.957037619003197178e+05 1.847292401121968287e+05 1.744037333260371233e+05 1.646934660130148695e+05 1.555655547777710599e+05 1.469881424597832374e+05 1.389304992147235316e+05 1.313630952125012991e+05 1.242576491508821782e+05 1.175871563515045418e+05 1.113258997892932239e+05 1.054494470129794645e+05 9.993463554836281401e+04 9.475954903936167830e+04 8.990348607565968996e+04 8.534692337982916797e+04 8.107147478012333158e+04 7.705984717626693600e+04 7.329579451268968114e+04 6.976407060466358962e+04 6.645038151573670621e+04 6.334133805745470454e+04 6.042440887269787345e+04 5.768787447005533613e+04 5.512078249665188196e+04 5.271290446912305924e+04 5.045469412543396174e+04 4.833724751257026219e+04 4.635226488554727257e+04 4.449201446061012393e+04 4.274929803888947208e+04 4.111741849534372159e+04 3.959014911073532858e+04 3.816170471100987925e+04 3.682671456825813948e+04 3.558019700980655034e+04 3.441753567665340233e+04 3.333445736891527486e+04 3.232701141393153739e+04 3.139155049195975516e+04 3.052471285465416076e+04 2.972340587265622162e+04 2.898479085041586950e+04 2.830626904870329963e+04 2.768546885802128600e+04 2.712023406921611604e+04 2.660861319090373581e+04 2.614884976683820787e+04 2.573937364997412806e+04 2.537879319366180425e+04 2.506588832417153753e+04 2.479960446246408173e+04 2.457904726687450238e+04 2.440347817205153842e+04 2.427231070316277692e+04 2.418510754796675246e+04 2.414157837290893076e+04 2.414157796839837465e+04
1.106714092753418721e+06 1.106714775718726916e+06 1.103696127881530439e+06 1.097691948801650200e+06 1.088767759607333690e+06 1.077020083412854467e+06 1.062574394955229014e+06 1.045582485150300665e+06 1.026219321644532960e+06 1.004679502238762099e+06 9.811734104328564135e+05 9.559231904390978161e+05 9.291586621681576362e+05 9.011132945373627590e+05 8.720203480145224603e+05 8.421092850453220308e+05 8.116025307669198373e+05 7.807126473367719445e+05 7.496399646301358007e+05 7.185706893363390118e+05 6.876754948598764604e+05 6.571085769380688434e+05 6.270071452686303528e+05 5.974913101328978082e+05 5.686643151391851716e+05 5.406130626727214549e+05 5.134088771011688514e+05 4.871084517902503721e+05 4.617549290053585428e+05 4.373790662692373735e+05 4.140004481980638229e+05 3.916287087916643359e+05 3.702647352267677197e+05 3.499018300958774053e+05 3.305268145299437456e+05 3.121210595958139165e+05 2.946614376877483446e+05 2.781211893054746324e+05 2.624707036383246887e+05 2.476782137921516842e+05 2.337104093582015776e+05 2.205329703961479536e+05 2.081110278562022722e+05 1.964095560666105011e+05 1.853937032279669365e+05 1.750290659437831782e+05 1.652819137303118769e+05 1.561193692327801546e+05 1.475095495679402084e+05 1.394216738455520244e+05 1.318261415190295374e+05 1.246945857977788110e+05 1.179999059357894148e+05 1.117162818038328696e+05 1.058191737641206273e+05 1.002853105017225898e+05 9.509266712961315352e+04 9.022043557551690901e+04 8.564898897914661211e+04 8.135984157734074688e+04 7.733560533105643117e+04 7.355994435037576477e+04 7.001752799992526707e+04 6.669398341540225374e+04 6.357584803019581159e+04 6.065052259742394381e+04 5.790622509515345155e+04 5.533194581934912276e+04 5.291740389844596939e+04 5.065300540392883704e+04 4.852980318138875737e+04 4.653945848508053314e+04 4.467420446473705670e+04 4.292681152545226360e+04 4.129055455879867077e+04 3.975918202529667178e+04 3.832688685418735258e+04 3.698827911557058542e+04 3.573836041186496732e+04 3.457249992975350324e+04 3.348641208995682246e+04 3.247613572992807167e+04 3.153801475369572290e+04 3.066868018329499682e+04 2.986503354733550077e+04 2.912423154410991629e+04 2.844367191906815060e+04 2.782098049938166878e+04 2.725399933156974657e+04 2.674077587166276135e+04 2.627955318111067027e+04 2.586876108544005911e+04 2.550700825657997120e+04 2.519307518368258025e+04 2.492590800114757803e+04 2.470461314639532429e+04 2.452845282369005872e+04 2.439684125395198134e+04 2.430934169407572335e+04 2.426566421269422790e+04 2.426565700344387733e+04
1.105494247135477606e+06 1.105494512402006425e+06 1.102500244592033094e+06 1.096544270713910693e+06 1.087691016265953891e+06 1.076035396275606705e+06 1.061700807685267646e+06 1.044836551014753757e+06 1.025614761736019747e+06 1.004226946752160788e+06 9.808802327417392517e+05 9.557934402300956426e+05 9.291930995893344516e+05 9.013095225354001159e+05 8.723730352094076807e+05 8.426104670809993986e+05 8.122419744959343225e+05 7.814782597538388800e+05 7.505182273290900048e+05 7.195470994402199285e+05 6.887349947406296851e+05 6.582359573713954305e+05 6.281874096683851676e+05 5.987099908654572209e+05 5.699077363356398419e+05 5.418685471849837340e+05 5.146648980969500262e+05 4.883547318293947610e+05 4.629824912270406494e+05 4.385802435426336015e+05 4.151688567869553226e+05 3.927591933237972553e+05 3.713532916256174212e+05 3.509455127151917550e+05 3.315236331165591255e+05 3.130698709717852762e+05 2.955618362546779099e+05 2.789733996847100789e+05 2.632754780095028109e+05 2.484367358063843567e+05 2.344242058974157553e+05 2.212038319341765018e+05 2.087409377513428917e+05 1.970006287756273523e+05 1.859481311706763809e+05 1.755490745565840334e+05 1.657697241163585859e+05 1.565771677358492452e+05 1.479394635570857499e+05 1.398257529894241598e+05 1.322063438447353838e+05 1.250527678625714761e+05 1.183378164852009941e+05 1.120355583426159428e+05 1.061213415228577214e+05 1.005717833394746704e+05 9.536474996943857695e+04 9.047932802360712958e+04 8.589578982867854938e+04 8.159555394439303200e+04 7.756114221168974473e+04 7.377613442519452656e+04 7.022512154520516924e+04 6.689365820836594503e+04 6.376821516052332299e+04 6.083613211795833195e+04 5.808557146229082718e+04 5.550547308816939767e+04 5.308551064962159580e+04 5.081604938908600161e+04 4.868810568127466104e+04 4.669330838084335846e+04 4.482386202712434897e+04 4.307251192998618353e+04 4.143251113721884758e+04 3.989758926493321633e+04 3.846192315759367921e+04 3.712010933284542989e+04 3.586713815778325079e+04 3.469836969713948929e+04 3.360951116983484826e+04 3.259659594795329758e+04 3.165596403122705306e+04 3.078424393036837137e+04 2.997833589373386349e+04 2.923539641381168985e+04 2.855282395259584882e+04 2.792824582806042599e+04 2.735950620741958483e+04 2.684465515668325679e+04 2.638193870000282914e+04 2.596978984641983698e+04 2.560682054581410557e+04 2.529181453998677898e+04 2.502372107890841653e+04 2.480164947612788819e+04 2.462486448115743406e+04 2.449278245028696620e+04 2.440496830075078833e+04 2.436113323643536569e+04 2.436111102564248358e+04
1.105191847112288000e+06 1.105191891527533531e+06 1.102214302147534443e+06 1.096291277663059765e+06 1.087486439229403855e+06 1.075893521942859050e+06 1.061634399322344223e+06 1.044856547788486700e+06 1.025730031069666264e+06 1.004444098802793771e+06 9.812035042302776128e+05 9.562246522602483165e+05 9.297316908915073145e+05 9.019526560071421554e+05 8.731157720113797113e+05 8.434459992262232117e+05 8.131619041494886624e+05 7.824729115764347371e+05 7.515769792842803290e+05 7.206587175636379980e+05 6.898879583585468354e+05 6.594187629924502689e+05 6.293888440410655458e+05 5.999193662603389239e+05 5.711150837485436350e+05 5.430647656687923009e+05 5.158418606640161597e+05 4.895053502210914739e+05 4.641007432697874610e+05 4.396611677913018502e+05 4.162085197222215356e+05 3.937546345694497577e+05 3.723024525489470107e+05 3.518471534383905819e+05 3.323772424684186699e+05 3.138755733098298660e+05 2.963202984420690336e+05 2.796857408576615853e+05 2.639431841520174639e+05 2.490615805832259939e+05 2.350081786971818074e+05 2.217490736491805001e+05 2.092496844711216399e+05 1.974751632929858752e+05 1.863907419878799119e+05 1.759620219268652145e+05 1.661552125540425477e+05 1.569373243688141520e+05 1.482763216696612653e+05 1.401412401048654865e+05 1.325022737173699134e+05 1.253308357850259490e+05 1.185995973608931963e+05 1.122825070240969944e+05 1.063547949696002761e+05 1.007929642018665181e+05 9.557477125737851020e+04 9.067919856698821241e+04 8.608642028231546283e+04 8.177776313122302236e+04 7.773566363503652974e+04 7.394362281357975735e+04 7.038615932174729824e+04 6.704876180138268683e+04 6.391784109291135974e+04 6.098068283051643084e+04 5.822540084076413041e+04 5.564089167573196755e+04 5.321679053609617404e+04 5.094342877574813610e+04 4.881179312589662004e+04 4.681348673189130204e+04 4.494069205905283889e+04 4.318613569351354090e+04 4.154305503951594437e+04 4.000516689498917549e+04 3.856663787176146434e+04 3.722205661485464952e+04 3.596640776642049605e+04 3.479504761348856118e+04 3.370368135447493114e+04 3.268834191693718458e+04 3.174537025811492640e+04 3.087139708007929221e+04 3.006332589263252885e+04 2.931831735928107446e+04 2.863377486446553303e+04 2.800733124366208722e+04 2.743683662181238469e+04 2.692034730972568286e+04 2.645611571247970642e+04 2.604258120834419606e+04 2.567836196130499229e+04 2.536224763471233018e+04 2.509319297794622253e+04 2.487031226211992907e+04 2.469287454474500191e+04 2.456029974691153620e+04 2.447215552984908936e+04 2.442815496078315846e+04 2.442810980637927423e+04
1.105786260206849780e+06 1.105786267884127796e+06 1.102817867928882828e+06 1.096912958479813533e+06 1.088134639970730292e+06 1.076575883802418364e+06 1.062357577940933639e+06 1.045626019745245459e+06 1.026549935722512426e+06 1.005317121813860489e+06 9.821308079156982712e+05 9.572058561634485377e+05 9.307649037761092186e+05 9.030345579661785159e+05 8.742417428175617242e+05 8.446102866496634670e+05 8.143578239749282366e+05 7.836930696415054845e+05 7.528135051430404419e+05 7.219034993829792365e+05 6.911328693308136426e+05 6.606558707841137657e+05 6.306105964421462268e+05 6.011187480807205429e+05 5.722857419571893988e+05 5.442011016406837152e+05 5.169390900702315266e+05 4.905595324882745044e+05 4.651087836027459125e+05 4.406207954855108401e+05 4.171182469080763985e+05 3.946136996629673522e+05 3.731107525825585471e+05 3.526051691635687603e+05 3.330859597130184411e+05 3.145364035860659205e+05 2.969350012792108464e+05 2.802563498109399225e+05 2.644719379426910891e+05 2.495508603724284330e+05 2.354604520994776103e+05 2.221668457563473785e+05 2.096354558831586910e+05 1.978313949395051459e+05 1.867198263636351621e+05 1.762662602540965017e+05 1.664367973145268043e+05 1.571983266127835377e+05 1.485186825004020648e+05 1.403667657504833478e+05 1.327126336293702770e+05 1.255275632422701601e+05 1.187840921032053157e+05 1.124560394890732859e+05 1.065185117564966058e+05 1.009478944359652960e+05 9.572183357555033581e+04 9.081920848927601764e+04 8.622009777481708443e+04 8.190574020187518909e+04 7.785849183612575871e+04 7.406178055296883394e+04 7.050005890902354440e+04 6.715875617575302022e+04 6.402423019694611867e+04 6.108371960806591960e+04 5.832529684895351966e+04 5.573782231013161800e+04 5.331089987528188794e+04 5.103483405683522142e+04 4.890058886645639723e+04 4.689974851620714617e+04 4.502448000814938860e+04 4.326749763895830984e+04 4.162202942084778624e+04 4.008178539986474789e+04 3.864092783669712662e+04 3.729404320287314476e+04 3.603611593604950031e+04 3.486250389157873724e+04 3.376891542318747815e+04 3.275138802314880013e+04 3.180626845145420884e+04 3.093019428388957749e+04 3.012007681048712766e+04 2.937308521823161936e+04 2.868663199515903761e+04 2.805835949675624579e+04 2.748612761990289073e+04 2.696800253423378308e+04 2.650224642567315823e+04 2.608730821190674396e+04 2.572181519452288921e+04 2.540456561745888030e+04 2.513452210604717038e+04 2.491080596532217169e+04 2.473269232027501857e+04 2.459960608430380671e+04 2.451111874529326087e+04 2.446694596145833930e+04 2.446687017117614960e+04
1.107261305745061953e+06 1.107261451041201828e+06 1.104294899872170994e+06 1.098393565412033349e+06 1.089620305995514616e+06 1.078067737725387793e+06 1.063856289931528503e+06 1.047131711695846985e+06 1.028062109289245447e+06 1.006834607993511599e+06 9.836517415117122000e+05 9.587276775872224243e+05 9.322843893559394637e+05 9.045478783968974603e+05 8.757445477303981315e+05 8.460978116869685473e+05 8.158250153857284458e+05 7.851347204097883077e+05 7.542243961104868213e+05 7.232785387652233476e+05 6.924672244294559350e+05 6.619450864963445347e+05 6.318506962652526563e+05 6.023063145813838346e+05 5.734179750065143453e+05 5.452758539983432274e+05 5.179548810480948305e+05 4.915155413752858876e+05 4.660048252538947272e+05 4.414572809592587291e+05 4.178961322887065471e+05 3.953344262526902021e+05 3.737761815277187852e+05 3.532175133294852567e+05 3.336477152825007215e+05 3.150502834645304247e+05 2.974038719765294809e+05 2.806831730626360513e+05 2.648597179507438559e+05 2.499025972019868204e+05 2.357791014707560535e+05 2.224552852241948131e+05 2.098964572004689835e+05 1.980676022520536208e+05 1.869337397787455993e+05 1.764602242582520703e+05 1.666129934797152237e+05 1.573587700221200939e+05 1.486652213346451172e+05 1.405010835033968615e+05 1.328362534570085991e+05 1.256418539951929124e+05 1.188902756384806125e+05 1.125551989079155464e+05 1.066116002618099446e+05 1.010357445504241186e+05 9.580516650411891169e+04 9.089864344973252446e+04 8.629616115547226218e+04 8.197887443718699797e+04 7.792906391834790702e+04 7.413009012149643968e+04 7.056634587898015161e+04 6.722320788387481298e+04 6.408698805629225535e+04 6.114488527389305091e+04 5.838493790649187576e+04 5.579597750135067326e+04 5.336758388633639697e+04 5.109004189095013862e+04 4.895429982882468175e+04 4.695192983823148097e+04 4.507509013823723944e+04 4.331648922624468105e+04 4.166935201682856859e+04 4.012738790105008957e+04 3.868476068920975376e+04 3.733606038743822137e+04 3.607627674922494043e+04 3.490077453633693221e+04 3.380527041923517390e+04 3.278581144470411527e+04 3.183875499764234337e+04 3.096075018458499108e+04 3.014872056835262993e+04 2.939984818600472863e+04 2.871155878592509544e+04 2.808150822414617505e+04 2.750756996488795266e+04 2.698782363550100490e+04 2.652054459148983369e+04 2.610419445290261501e+04 2.573741257891379428e+04 2.541900845283998206e+04 2.514795495488884262e+04 2.492338250462708311e+04 2.474457405927573200e+04 2.461096095751395478e+04 2.452211960141034069e+04 2.447776897145549810e+04 2.447765509887116423e+04
1.109605046895984793e+06 1.109605497120200424e+06 1.106633539890311193e+06 1.100721410970594734e+06 1.091932003099768190e+06 1.080357981966091087e+06 1.066119839968452463e+06 1.049363401526207570e+06 1.030256860393221956e+06 1.008987442918238929e+06 9.857578006808833452e+05 9.607822410462575499e+05 9.342829047771011246e+05 9.064859960220012581e+05 8.776181621096788440e+05 8.479031091956087621e+05 8.175585256830485305e+05 7.867933693546610884e+05 7.558055572364671389e+05 7.247800802896878449e+05 6.938875489237660076e+05 6.632831607467323774e+05 6.331060694493030896e+05 6.034791236006501131e+05 5.745089365766642150e+05 5.462862438342378009e+05 5.188865011348742410e+05 4.923706768467001966e+05 4.667861927821182180e+05 4.421679707891916041e+05 4.185395461312736152e+05 3.959142132031427464e+05 3.742961740203899681e+05 3.536816649073954322e+05 3.340600416756610502e+05 3.154148081606605556e+05 2.977245771536206012e+05 2.809639564522591536e+05 2.651043559268601821e+05 2.501147141509626235e+05 2.359621452988237434e+05 2.226125087001423235e+05 2.100309047126665246e+05 1.981821014770617476e+05 1.870308977094516740e+05 1.765424270180229214e+05 1.666824093502491596e+05 1.574173551317919337e+05 1.487147274864456267e+05 1.405430676631871611e+05 1.328720884700760944e+05 1.256727401493071957e+05 1.189172527423196589e+05 1.125791586032266205e+05 1.066332983346143737e+05 1.010558130500479747e+05 9.582412551836700004e+04 9.091691241975511366e+04 8.631406964474424603e+04 8.199667229567500181e+04 7.794693080552756146e+04 7.414814437070523854e+04 7.058465270097892790e+04 6.724178691982101009e+04 6.410582029990856245e+04 6.116391938983389264e+04 5.840409597708781075e+04 5.581516023733806651e+04 5.338667533912992076e+04 5.110891370478153112e+04 4.897281507077790593e+04 4.696994644313312165e+04 4.509246400361158157e+04 4.333307699027833587e+04 4.168501354959767195e+04 4.014198853630004305e+04 3.869817322076210257e+04 3.734816685094685090e+04 3.608697000657814351e+04 3.490995967655628920e+04 3.381286598633706308e+04 3.279175049971808767e+04 3.184298601889551719e+04 3.096323780754113977e+04 3.014944616381996457e+04 2.939881027345584152e+04 2.870877327711861653e+04 2.807700849125982495e+04 2.750140672703082964e+04 2.698006465782836312e+04 2.651127419225378253e+04 2.609351281556575850e+04 2.572543486899717027e+04 2.540586374230834554e+04 2.513378496055990399e+04 2.490834015111611370e+04 2.472882188121092622e+04 2.459466935996158281e+04 2.450546500139139243e+04 2.446093184692277646e+04 2.446077268813932096e+04
1.112809630817581201e+06 1.112810548735647928e+06 1.109825954760604771e+06 1.103888710813942831e+06 1.095062021485001780e+06 1.083439007958339294e+06 1.069140748133466113e+06 1.052313765412694542e+06 1.033127047754870146e+06 1.011768692065700889e+06 9.884422783451505238e+05 9.633630828985197004e+05 9.367542402366331080e+05 9.088429591900939122e+05 8.798568906293305336e+05 8.500207326186441351e+05 8.195531446071169339e+05 7.886640262513105990e+05 7.575521995950180572e+05 7.264035164968628669e+05 6.953893972092085751e+05 6.646657915503934491e+05 6.343725416898876429e+05 6.046331155147738755e+05 5.755546720195747912e+05 5.472284151489814976e+05 5.197301898771549459e+05 4.931212737746263738e+05 4.674493185710106627e+05 4.427493989078467130e+05 4.190451292223675409e+05 3.963498141574059264e+05 3.746676027363181929e+05 3.539946215019227820e+05 3.343200666724566254e+05 3.156272399461084278e+05 2.978945167682315223e+05 2.810962395864632563e+05 2.652035318208484678e+05 2.501850309619680338e+05 2.360075413965854677e+05 2.226366092812603165e+05 2.100370230843757745e+05 1.981732443470770377e+05 1.870097738266818051e+05 1.765114585349155241e+05 1.666437453169050568e+05 1.573728865808512492e+05 1.486661036227275035e+05 1.404917127299562562e+05 1.328192189222670859e+05 1.256193818211398320e+05 1.188642577508677932e+05 1.125272217798361526e+05 1.065829730217717733e+05 1.010075261420825409e+05 9.577819166016488452e+04 9.087354730845031736e+04 8.627340240544856351e+04 8.195875692397417151e+04 7.791175668709035381e+04 7.411564590234869684e+04 7.055471804833001806e+04 6.721426595468983578e+04 6.408053176608050853e+04 6.114065734952202183e+04 5.838263559212075052e+04 5.579526293958936003e+04 5.336809344394860818e+04 5.109139451953372190e+04 4.895610454821527674e+04 4.695379242634212278e+04 4.507661910589152103e+04 4.331730114957237674e+04 4.166907629312748759e+04 4.012567098695343157e+04 3.868126987253058178e+04 3.733048713649101410e+04 3.606833967571607354e+04 3.489022200030896056e+04 3.379188279708776099e+04 3.276940307415425923e+04 3.181917580673784323e+04 3.093788700574250834e+04 3.012249813296618231e+04 2.937022979064943866e+04 2.867854661774665874e+04 2.804514333085258841e+04 2.746793185394993270e+04 2.694502948791408926e+04 2.647474807777740352e+04 2.605558414296733099e+04 2.568620994284166227e+04 2.536546545664002042e+04 2.509235126321269126e+04 2.486602231138875504e+04 2.468578257642554672e+04 2.455108060149719677e+04 2.446150592561428130e+04 2.441678640067355445e+04 2.441657499133807869e+04
1.116871174163035583e+06 1.116872720354545396e+06 1.113868221658046357e+06 1.107891469731206307e+06 1.099006262651577359e+06 1.087306588811492082e+06 1.072914640942375641e+06 1.055978272500320571e+06 1.036667979755181004e+06 1.015173506503970711e+06 9.917001776337841293e+05 9.664650724719010759e+05 9.396931489124363288e+05 9.116134248891230673e+05 8.824553152987417998e+05 8.524452106060648803e+05 8.218033688717446057e+05 7.907411767315082252e+05 7.594588178422681522e+05 7.281433703894561622e+05 6.969673392209390877e+05 6.660876137019804446e+05 6.356448299724545795e+05 6.057631062536532991e+05 5.765501123431700980e+05 5.480974294372306904e+05 5.204811537820635131e+05 4.937626971266444307e+05 4.679897382076744689e+05 4.431972821854584035e+05 4.194087887005184893e+05 3.966373336847418104e+05 3.748867749201057013e+05 3.541528963193667587e+05 3.344245107840650016e+05 3.156845061044914182e+05 2.979108225823026150e+05 2.810773548018899746e+05 2.651547732121747104e+05 2.501112638978864125e+05 2.359131871345273685e+05 2.225256570665903564e+05 2.099130461690479424e+05 1.980394190979607229e+05 1.868689011608679430e+05 1.763659869938881602e+05 1.664957951702718274e+05 1.572242744300908817e+05 1.485183670537863218e+05 1.403461346384844219e+05 1.326768512054297025e+05 1.254810681942422088e+05 1.187306555049214221e+05 1.123988223474049591e+05 1.064601212629273796e+05 1.008904383003703115e+05 9.566697197035641875e+04 9.076820326414109149e+04 8.617385871564947593e+04 8.186486820437260030e+04 7.782331894414212729e+04 7.403240687736676773e+04 7.047638649475258717e+04 6.714051992523396621e+04 6.401102598792751087e+04 6.107502976544658304e+04 5.832051314387123421e+04 5.573626666714713792e+04 5.331184297084217542e+04 5.103751199023731897e+04 4.890421807913825614e+04 4.690353912703190144e+04 4.502764772199987783e+04 4.326927437393553555e+04 4.162167278606118634e+04 4.007858714157791110e+04 3.863422135572863044e+04 3.728321023091200914e+04 3.602059244318614947e+04 3.484178528204996110e+04 3.374256106140058546e+04 3.271902511766476164e+04 3.176759531106170107e+04 3.088498294752478978e+04 3.006817504179209209e+04 2.931441784644362997e+04 2.862120157700803611e+04 2.798624626959795569e+04 2.740748871462273746e+04 2.688307041785026377e+04 2.641132654818321316e+04 2.599077583976479946e+04 2.562011142418298550e+04 2.529819257624606689e+04 2.502403736387566096e+04 2.479681619874942771e+04 2.461584628922285992e+04 2.448058700061788477e+04 2.439063613005892330e+04 2.434572710372606889e+04 2.434545671609416968e+04
1.121789691925205756e+06 1.121792027046955889e+06 1.118760256247142330e+06 1.112729408529675100e+06 1.103764164746514522e+06 1.091959803060646867e+06 1.077440173745999346e+06 1.060355106497622095e+06 1.040877336013485794e+06 1.019199045410655206e+06 9.955281363792633638e+05 9.700843395545588573e+05 9.430952783632848877e+05 9.147925948029659921e+05 8.854082367130750790e+05 8.551709937707956415e+05 8.243033545205291593e+05 7.930187401433597552e+05 7.615191533305507619e+05 7.299932634431055048e+05 6.986149329184627859e+05 6.675421752858238760e+05 6.369165226648615208e+05 6.068627705604003277e+05 5.774890602636943804e+05 5.488872542053362122e+05 5.211335570192266023e+05 4.942893346127835684e+05 4.684020848701413488e+05 4.435065163800833980e+05 4.196256954105797922e+05 3.967722258936872240e+05 3.749494321194759104e+05 3.541525188903069939e+05 3.343696888340396108e+05 3.155832012438747333e+05 2.977703610816284781e+05 2.809044305721186684e+05 2.649554590899330797e+05 2.498910297877895937e+05 2.356769236540306010e+05 2.222777034489518846e+05 2.096572213007257669e+05 1.977790546929028642e+05 1.866068762012904335e+05 1.761047626915868896e+05 1.662374498214210034e+05 1.569705376478422259e+05 1.482706529651672172e+05 1.401055737243874173e+05 1.324443205443990009e+05 1.252572199422853737e+05 1.185159435050695611e+05 1.121935268146640592e+05 1.062643715333504369e+05 1.007042336679889122e+05 9.549020066349768604e+04 9.060065963406395167e+04 8.601525872630039521e+04 8.171486332318716450e+04 7.768150854094250826e+04 7.389834924219067034e+04 7.034960858652873139e+04 6.702052596210631600e+04 6.389730498721781623e+04 6.096706213708743599e+04 5.821777643603570323e+04 5.563824055696985306e+04 5.321801358682940918e+04 5.094737564638198091e+04 4.881728449400297541e+04 4.681933419428657362e+04 4.494571589213158586e+04 4.318918070018908475e+04 4.154300468111567170e+04 4.000095588506103377e+04 3.855726338642328483e+04 3.720658825143568538e+04 3.594399635902719456e+04 3.476493299114331603e+04 3.366519910495350632e+04 3.264092919772537061e+04 3.168857067544452002e+04 3.080486463819895289e+04 2.998682799883375628e+04 2.923173685624783320e+04 2.853711105077203320e+04 2.790069983625064924e+04 2.732046861154530416e+04 2.679458666297842501e+04 2.632141587854496174e+04 2.589950040419080324e+04 2.552755722183922262e+04 2.520446763770514008e+04 2.492926967749273535e+04 2.470115139190175250e+04 2.451944508121813851e+04 2.438362245136979982e+04 2.429329071559755175e+04 2.424818965579761061e+04 2.424785379557366468e+04
1.127569068304976681e+06 1.127572355310362764e+06 1.124505781953904079e+06 1.118405930337076774e+06 1.109338664733692072e+06 1.097400991890128003e+06 1.082718982596020680e+06 1.065445112193536246e+06 1.045755108960802783e+06 1.023844413448991720e+06 9.999243613038728945e+05 9.742182065693341428e+05 9.469571019438379444e+05 9.183761472089616582e+05 8.887106075925460318e+05 8.581923908925104188e+05 8.270468566476285923e+05 7.954900134553849930e+05 7.637261426756161964e+05 7.319458691413468914e+05 7.003246829366054153e+05 6.690219014575732872e+05 6.381800483347608242e+05 6.079246156629072502e+05 5.783641684838766232e+05 5.495907455602592090e+05 5.216805079911544453e+05 4.946945868869237602e+05 4.686800827979887836e+05 4.436711725124064833e+05 4.196902828211469459e+05 3.967492955394801684e+05 3.748507531437794678e+05 3.539890395578627358e+05 3.341515156757615041e+05 3.153195939661646844e+05 2.974697408450826770e+05 2.805743993508202257e+05 2.646028279708935879e+05 2.495218542474615970e+05 2.352965440439368540e+05 2.218907891259076132e+05 2.092678170410316670e+05 1.973906282283636683e+05 1.862223659032363503e+05 1.757266246040789410e+05 1.658677034044195898e+05 1.566108097341161047e+05 1.479222195608233160e+05 1.397693993922321242e+05 1.321210952027558233e+05 1.249473929902355449e+05 1.182197552497083525e+05 1.119110372281298332e+05 1.059954864085640584e+05 1.004487282735443150e+05 9.524774102136630972e+04 9.037082155991547916e+04 8.579754478253018169e+04 8.150871784009740804e+04 7.748633086300540890e+04 7.371350535466756264e+04 7.017444127361731080e+04 6.685436364189758024e+04 6.373946936149134126e+04 6.081687478584151540e+04 5.807456447790208040e+04 5.550134148764116253e+04 5.308677939845842775e+04 5.082117632182247326e+04 4.869551096081163996e+04 4.670140081469818688e+04 4.483106255678927118e+04 4.307727458527869021e+04 4.143334172073226364e+04 3.989306200310717395e+04 3.845069552510532958e+04 3.710093522644618497e+04 3.583887956478892011e+04 3.466000697304167261e+04 3.356015200927420665e+04 3.253548310413211584e+04 3.158248181126023337e+04 3.069792346861772239e+04 2.987885918257884987e+04 2.912259905219883512e+04 2.842669655789904573e+04 2.778893404694904166e+04 2.720730925732201285e+04 2.668002283156585327e+04 2.620546678301419524e+04 2.578221388760539412e+04 2.540900798538626987e+04 2.508475518606935293e+04 2.480851598224967529e+04 2.457949828166618317e+04 2.439705137583393662e+04 2.426066086608918704e+04 2.416994456951042957e+04 2.412464942619069552e+04 2.412424182888337236e+04
1.134217068988925777e+06 1.134221475351481233e+06 1.131112339732617140e+06 1.124928125504100695e+06 1.115736196399966720e+06 1.103635748650823254e+06 1.088755664206597721e+06 1.071251765363900224e+06 1.051303563758216100e+06 1.029110611290419241e+06 1.004888570190573344e+06 9.788651237919828855e+05 9.512758487156158080e+05 9.223601633619102649e+05 8.923574574495507404e+05 8.615034936160540674e+05 8.300271557388927322e+05 7.981476006594200153e+05 7.660718514117687009e+05 7.339928518262152793e+05 7.020879853244087426e+05 6.705180455228160135e+05 6.394266333963598590e+05 6.089399455186608247e+05 5.791669103957373882e+05 5.501996250903503969e+05 5.221140420020081801e+05 4.949708555321610183e+05 4.688165400680412422e+05 4.436844938741881051e+05 4.195962476974038873e+05 3.965627017993369955e+05 3.745853604001349304e+05 3.536575378643128788e+05 3.337655161583595909e+05 3.148896379856308340e+05 2.970053244365904247e+05 2.800840099067367264e+05 2.640939903950594016e+05 2.490011840994050144e+05 2.347698054923639575e+05 2.213629558307347179e+05 2.087431343726850464e+05 1.968726755054563400e+05 1.857141175802000216e+05 1.752305095663995889e+05 1.653856617293625313e+05 1.561443464492782077e+05 1.474724550822344318e+05 1.393371164496026176e+05 1.317067821634550928e+05 1.245512835780475871e+05 1.178418647213165968e+05 1.115511951219242328e+05 1.056533660188934882e+05 1.001238730308390805e+05 9.493958797661913559e+04 9.007872218233386229e+04 8.552078328335247352e+04 8.124652723482683359e+04 7.723790697976810043e+04 7.347801898899237858e+04 6.995104868047704804e+04 6.664221554494020529e+04 6.353771864760242170e+04 6.062468304091622849e+04 5.789110750728430139e+04 5.532581395236986282e+04 5.291839868643413502e+04 5.065918576137254422e+04 4.853918247298829374e+04 4.655003709001890820e+04 4.468399883204708749e+04 4.293388008647936658e+04 4.129302082914561470e+04 3.975525519280431763e+04 3.831488011214017752e+04 3.696662596200385451e+04 3.570562909710773965e+04 3.452740619570384297e+04 3.342783030655747280e+04 3.240310849749421322e+04 3.144976100479262823e+04 3.056460178547538453e+04 2.974472037909715436e+04 2.898746499179513557e+04 2.829042672307763860e+04 2.765142486497732534e+04 2.706849321363672789e+04 2.653986734487927970e+04 2.606397281758047757e+04 2.563941428131641806e+04 2.526496547730196835e+04 2.493956013358903874e+04 2.466228376623101576e+04 2.443236640708251434e+04 2.424917628557885109e+04 2.411221449580441913e+04 2.402111068117332979e+04 2.397561976707518625e+04 2.397513439361416749e+04
1.141745394920777762e+06 1.141751094909687759e+06 1.138591338328625541e+06 1.132306814951402368e+06 1.122966723825934809e+06 1.110672940048262477e+06 1.095557783124363283e+06 1.077781164928352926e+06 1.057527215203551808e+06 1.035000497760747210e+06 1.010421940411378280e+06 9.840246059502017451e+05 9.560494302205421263e+05 9.267410468200908508e+05 8.963438069776302436e+05 8.650980884136303794e+05 8.332369696010152111e+05 8.009833268492021598e+05 7.685473921201875200e+05 7.361247904481267324e+05 7.038950581367168343e+05 6.720206272365594050e+05 6.406462486445857212e+05 6.098988157993985806e+05 5.798875434579601279e+05 5.507044513475379208e+05 5.224251003724036273e+05 4.951095291973290732e+05 4.688033410461174790e+05 4.435388940324289142e+05 4.193365528726122575e+05 3.962059650327052223e+05 3.741473298932350590e+05 3.531526350882042898e+05 3.332068395581022487e+05 3.142889878786865156e+05 2.963732449684765888e+05 2.794298442675172701e+05 2.634259458869304508e+05 2.483264040547228942e+05 2.340944454535460973e+05 2.206922618037573411e+05 2.080815213436546910e+05 1.962238047574609809e+05 1.850809716611635231e+05 1.746154640357275493e+05 1.647905530517075676e+05 1.555705356087747205e+05 1.469208866623137728e+05 1.388083730645472533e+05 1.312011342414172250e+05 1.240687345844539523e+05 1.173821919796497968e+05 1.111139864389199356e+05 1.052380523559897556e+05 9.972975748603884131e+04 9.456587135292026505e+04 8.972452542280394118e+04 8.518516705039524822e+04 8.092850890384228842e+04 7.693647530646444648e+04 7.319214669614341983e+04 6.967970319479508908e+04 6.638436809866396652e+04 6.329235194290321670e+04 6.039079765872122516e+04 5.766772722597122629e+04 5.511199012612896331e+04 5.271321381817198562e+04 5.046175639086895535e+04 4.834866148768633866e+04 4.636561555331453565e+04 4.450490741224065277e+04 4.275939015858079074e+04 4.112244531145021028e+04 3.958794917048372008e+04 3.815024129096310207e+04 3.680409498660754616e+04 3.554468975997371308e+04 3.436758555503751268e+04 3.326869872364331241e+04 3.224427959679644846e+04 3.129089155308257614e+04 3.040539147973795843e+04 2.958491152692928881e+04 2.882684206268739581e+04 2.812881574451284541e+04 2.748869263394169320e+04 2.690454629214698070e+04 2.637465080774610396e+04 2.589746872206170883e+04 2.547163983171029395e+04 2.509597086300852970e+04 2.476942602661875935e+04 2.449111847343647605e+04 2.426030268314241403e+04 2.407636782450441024e+04 2.393883213081720533e+04 2.384733833450613383e+04 2.380165020180748616e+04 2.380108123317010904e+04
1.150169778360958910e+06 1.150176955417466117e+06 1.146958145730819786e+06 1.140556632459874963e+06 1.131043810549140209e+06 1.118524758904304588e+06 1.103135905658257194e+06 1.085042046557823895e+06 1.064432820501693990e+06 1.041518762209191336e+06 1.016527062202310888e+06 9.896971684583051829e+05 9.612763623178466223e+05 9.315154339380987221e+05 9.006645704814280616e+05 8.689695542831354542e+05 8.366683495495823445e+05 8.039881358741258737e+05 7.711428261737761786e+05 7.383310866037633969e+05 7.057348575026125181e+05 6.735183581635873998e+05 6.418275447066373890e+05 6.107899798050472746e+05 5.805150655645699007e+05 5.510945863428387092e+05 5.226035064769064775e+05 4.951009683983727591e+05 4.686314390415925300e+05 4.432259563488975982e+05 4.189034326149822446e+05 3.956719769882532419e+05 3.735302053074673167e+05 3.524685113023732556e+05 3.324702787952492363e+05 3.135130197345027700e+05 2.955694275570883183e+05 2.786083394478674745e+05 2.625956045164523530e+05 2.474948577538865793e+05 2.332682018944778829e+05 2.198768010413685988e+05 2.072813911763548676e+05 1.954427135292982275e+05 1.843218772940242779e+05 1.738806584079600580e+05 1.640817411193143635e+05 1.548889088996178471e+05 1.462671909661845420e+05 1.381829702966033365e+05 1.306040585777744855e+05 1.234997430610990705e+05 1.168408098134832835e+05 1.105995473767506774e+05 1.047497343872010242e+05 9.926661427074193489e+04 9.412685972255058005e+04 8.930852930668840418e+04 8.479101817201139056e+04 8.055500457594300678e+04 7.658239363646456331e+04 7.285625949330201547e+04 6.936078684968984453e+04 6.608121268399761175e+04 6.300376876333785913e+04 6.011562545663560741e+04 5.740483723003660270e+04 5.486029011064311635e+04 5.247165132323418948e+04 5.022932123681170197e+04 4.812438770169198688e+04 4.614858281178357720e+04 4.429424208919501689e+04 4.255426605807503802e+04 4.092208415053374483e+04 3.939162086858411203e+04 3.795726411154906964e+04 3.661383556752233562e+04 3.535656305980153411e+04 3.418105473422996147e+04 3.308327497079454042e+04 3.205952190243715813e+04 3.110640642565308008e+04 3.022083259107825870e+04 2.939997926783055664e+04 2.864128298290096427e+04 2.794242184639917105e+04 2.730130048490136323e+04 2.671603591839028377e+04 2.618494433117759763e+04 2.570652870333346800e+04 2.527946728605716635e+04 2.490260292146079155e+04 2.457493322357983925e+04 2.429560165219025293e+04 2.406388952329682070e+04 2.387920900905476446e+04 2.374109718471541055e+04 2.364921118045685216e+04 2.360332449155792710e+04 2.360266632215379650e+04
1.159510122760673519e+06 1.159518972026841948e+06 1.156232223217461025e+06 1.149696147066747071e+06 1.139984725243736291e+06 1.127206808906052262e+06 1.111503660529400688e+06 1.093045817229683278e+06 1.072029386953775072e+06 1.048671905763309682e+06 1.023207895028382540e+06 9.958842614004915813e+05 9.669556800647041528e+05 9.366800934733874165e+05 9.053144443545589456e+05 8.731107443322523031e+05 8.403125592150641605e+05 8.071519701854086015e+05 7.738470480040956754e+05 7.405998560675014742e+05 7.075949786712601781e+05 6.749985538769067498e+05 6.429577764354411047e+05 6.116008255424370291e+05 5.810371648108570371e+05 5.513581575900822645e+05 5.226379393278359203e+05 4.949344896598936757e+05 4.682908498591500684e+05 4.427364357012985274e+05 4.182884012461811071e+05 3.949530150676717749e+05 3.727270167238379945e+05 3.515989274411506485e+05 3.315502948575690389e+05 3.125568570607835427e+05 2.945896159608147573e+05 2.776158141922883806e+05 2.615998132356105489e+05 2.465038732941933558e+05 2.322888377075387107e+05 2.189147263736045570e+05 2.063412438635680883e+05 1.945282087070560374e+05 1.834359107747870439e+05 1.730254038532607083e+05 1.632587404526137398e+05 1.540991556670129939e+05 1.455112065629199205e+05 1.374608731433183420e+05 1.299156264571989304e+05 1.228444689192505175e+05 1.162179513948569365e+05 1.100081711050995946e+05 1.041887539270432753e+05 9.873482421333270031e+04 9.362296483712308691e+04 8.883116978620304144e+04 8.433879128471053264e+04 8.012648311170420493e+04 7.617614151187817333e+04 7.247084485271832091e+04 6.899479297230271914e+04 6.573324697997275507e+04 6.267247011568188464e+04 5.979967014030276914e+04 5.710294361591071356e+04 5.457122233972736285e+04 5.219422211563246674e+04 4.996239398094264470e+04 4.786687795157602523e+04 4.589945930409392895e+04 4.405252737697117846e+04 4.231903684440434881e+04 4.069247139299150149e+04 3.916680971363333083e+04 3.773649370724938490e+04 3.639639879272447433e+04 3.514180619827684131e+04 3.396837711287607090e+04 3.287212857206729677e+04 3.184941095240222785e+04 3.089688695062022816e+04 3.001151192763803192e+04 2.919051550346359727e+04 2.843138429731756696e+04 2.773184571766764202e+04 2.708985271954062046e+04 2.650356946132444136e+04 2.597135781012575171e+04 2.549176466322029592e+04 2.506351007268578178e+04 2.468547618017558125e+04 2.435669698798237732e+04 2.407634901000880564e+04 2.384374286080666570e+04 2.365831585135742353e+04 2.351962566583137232e+04 2.342734519350923438e+04 2.338125858421238081e+04 2.338050581376977425e+04
1.169790688744621817e+06 1.169801419800000731e+06 1.166437304139860906e+06 1.159748027415983845e+06 1.149810585346757201e+06 1.136738222260587616e+06 1.120677826590556186e+06 1.101806610490587773e+06 1.080328193753964501e+06 1.056468230140747270e+06 1.030469725275179953e+06 1.002588199170869193e+06 9.730868433399228379e+05 9.422318129212096101e+05 9.102877792554339394e+05 8.775138490411563544e+05 8.441599339921711944e+05 8.104636312005170621e+05 7.766476505601461977e+05 7.429178028503936948e+05 7.094615414320280543e+05 6.764470327337968629e+05 6.440227162926865276e+05 6.123173042799592949e+05 5.814401631808131933e+05 5.514820163827202050e+05 5.225159054999300279e+05 4.945983498540376895e+05 4.677706471262315172e+05 4.420602632712309132e+05 4.174822658360448550e+05 3.940407614097828628e+05 3.717303046605372219e+05 3.505372529829732957e+05 3.304410469510243856e+05 3.114154023805162287e+05 2.934294047555499128e+05 2.764485010126696434e+05 2.604353872035529930e+05 2.453507933976348722e+05 2.311541693918390374e+05 2.178042764302852156e+05 2.052596912760279083e+05 1.934792296944429108e+05 1.824222967775700672e+05 1.720491716292853816e+05 1.623212338048857928e+05 1.532011386103162949e+05 1.446529479627225955e+05 1.366422230346098950e+05 1.291360843804472679e+05 1.221032447024937283e+05 1.155140188715886907e+05 1.093403152930312644e+05 1.035556122080702480e+05 9.813492205465315783e+04 9.305474658129022282e+04 8.829302501706017938e+04 8.382907724932010751e+04 7.964354364768837695e+04 7.571832289665077406e+04 7.203650895732843492e+04 6.858232806893107772e+04 6.534107651932089357e+04 6.229905975910309644e+04 5.944353330182424543e+04 5.676264574160821940e+04 5.424538412623207842e+04 5.188152184596903680e+04 4.966156913432481088e+04 4.757672622413984936e+04 4.561883915969509690e+04 4.378035823093364161e+04 4.205429896834543615e+04 4.043420561531094427e+04 3.891411697782213014e+04 3.748853453860431910e+04 3.615239271318725514e+04 3.490103111879661446e+04 3.373016872276606591e+04 3.263587973516710917e+04 3.161457111045407873e+04 3.066296152503148187e+04 2.977806170185861629e+04 2.895715595962050065e+04 2.819778487277240492e+04 2.749772894006254865e+04 2.685499317305093427e+04 2.626779253268132743e+04 2.573453816096567971e+04 2.525382437594098155e+04 2.482441642062854953e+04 2.444523897989471880e+04 2.411536550172021089e+04 2.383400838008054416e+04 2.360051007400073649e+04 2.341433524990730439e+04 2.327506404098481289e+04 2.318238651695331646e+04 2.313609845024976676e+04 2.313524587393975162e+04
1.181040329313073074e+06 1.181053169180556899e+06 1.177601620374148246e+06 1.170739250632289797e+06 1.160546540689434391e+06 1.147141811686599860e+06 1.130678448343302822e+06 1.111341362422449281e+06 1.089342827173022088e+06 1.064917832640898414e+06 1.038319123332296615e+06 1.009812083405234502e+06 9.796696305617362959e+05 9.481672687986271922e+05 9.155784332210173598e+05 8.821702385992871132e+05 8.481997187976464629e+05 8.139106182072497904e+05 7.795307703942204826e+05 7.452700746627001790e+05 7.113190592250655172e+05 6.778480009618536569e+05 6.450065568274193211e+05 6.129238510022566188e+05 5.817089548353775172e+05 5.514516931732253870e+05 5.222237103922759416e+05 4.940797318020428065e+05 4.670589604798440123e+05 4.411865554591543623e+05 4.164751439773713355e+05 3.929263277188717620e+05 3.705321502654282376e+05 3.492764999725923990e+05 3.291364289953695261e+05 3.100833750330845942e+05 2.920842774623967125e+05 2.751025838452080498e+05 2.590991463440319640e+05 2.440330103925515141e+05 2.298621001168704825e+05 2.165438065594504005e+05 2.040354858049079776e+05 1.922948747274358757e+05 1.812804323521759361e+05 1.709516148207390215e+05 1.612690917385861103e+05 1.521949113160384295e+05 1.436926212426717102e+05 1.357273516962383001e+05 1.282658663137953263e+05 1.212765863690229598e+05 1.147295928247415432e+05 1.085966103769626352e+05 1.028509770860152930e+05 9.746760270740823762e+04 9.242291839340161823e+04 8.769482003718741180e+04 8.326260717461344029e+04 7.910691904222665471e+04 7.520966911275075108e+04 7.155397918723894691e+04 6.812411391405390168e+04 6.490541642538522865e+04 6.188424562910787790e+04 5.904791556441618013e+04 5.638463712096417294e+04 5.388346233055692574e+04 5.153423136533479556e+04 4.932752231466643570e+04 4.725460376261756755e+04 4.530739014716883685e+04 4.347839984972113598e+04 4.176071593757904338e+04 4.014794946177799284e+04 3.863420519698179851e+04 3.721404969826804881e+04 3.588248154090858588e+04 3.463490360314496502e+04 3.346709724817205279e+04 3.237519825979520829e+04 3.135567438646164373e+04 3.040530435059943920e+04 2.952115818455029876e+04 2.870057876107769334e+04 2.794116439569941576e+04 2.724075241022335831e+04 2.659740356202744442e+04 2.600938726193566254e+04 2.547516752487742633e+04 2.499338962154462934e+04 2.456286742528005198e+04 2.418257147543817700e+04 2.385161780510503377e+04 2.356925760566864119e+04 2.333486782154505636e+04 2.314794278352674519e+04 2.300808699719733340e+04 2.291500920246522219e+04 2.286851781105729970e+04 2.286756040757973824e+04
1.193292778253412573e+06 1.193307974743193714e+06 1.189758180213990388e+06 1.182701359056707239e+06 1.172221999853985384e+06 1.158444258702573599e+06 1.141528980357011547e+06 1.121669908519826131e+06 1.099089228456962854e+06 1.074032605834833579e+06 1.046763897893991438e+06 1.017559716490901192e+06 9.867040174256105674e+05 9.544828776319233002e+05 9.211796024862691993e+05 8.870702812654314330e+05 8.524198814085861668e+05 8.174789435099535622e+05 7.824809105772197945e+05 7.476400985148766777e+05 7.131502912076826906e+05 6.791839238192145713e+05 6.458918024590309942e+05 6.134032973486504052e+05 5.818269398820045171e+05 5.512513511520852335e+05 5.217464300638957066e+05 4.933647324441839010e+05 4.661429779274867615e+05 4.401036282009450370e+05 4.152564878375970875e+05 3.916002869294694974e+05 3.691242126314413035e+05 3.478093642246246454e+05 3.276301131760226563e+05 3.085553557652747259e+05 2.905496510955943959e+05 2.735742416879498633e+05 2.575879574022757879e+05 2.425480061949425726e+05 2.284106572857311985e+05 2.151318237590367789e+05 2.026675525549978483e+05 1.909744303076376964e+05 1.800099136431779771e+05 1.697325924400108925e+05 1.601023942394619226e+05 1.510807375415416609e+05 1.426306411705613136e+05 1.347167962909628404e+05 1.273056070251553756e+05 1.203652049963172030e+05 1.138654425079653156e+05 1.077778684909745061e+05 1.020756908061698196e+05 9.673372799164807657e+04 9.172835309082866297e+04 8.703743179046346631e+04 8.264025673625533818e+04 7.851747957528095867e+04 7.465104199627897469e+04 7.102410679790252470e+04 6.762098980775898963e+04 6.442709329819776758e+04 6.142884139478598081e+04 5.861361784724587778e+04 5.596970642717870214e+04 5.348623412941342394e+04 5.115311728184417734e+04 4.896101060981354385e+04 4.690125925346448639e+04 4.496585369827089016e+04 4.314738754850168334e+04 4.143901804946835910e+04 3.983442924572514312e+04 3.832779764810422785e+04 3.691376027166739368e+04 3.558738489876515814e+04 3.434414241587433207e+04 3.317988106946986227e+04 3.209080248461291922e+04 3.107343929024690078e+04 3.012463419740111203e+04 2.924152038086967877e+04 2.842150302175764955e+04 2.766224187791715303e+04 2.696163476214388356e+04 2.631780182439848431e+04 2.572907055442546698e+04 2.519396144501696836e+04 2.471117428340075276e+04 2.427957506818774709e+04 2.389818358076982622e+04 2.356616167145776853e+04 2.328280234996928630e+04 2.304751979492777900e+04 2.285984041547756351e+04 2.271939510796822651e+04 2.262591285037130729e+04 2.257921576594077487e+04 2.257814868328026569e+04
1.206586996706244536e+06 1.206604822176445974e+06 1.202945102391052060e+06 1.195670769011054887e+06 1.184870902683643159e+06 1.170676340726069408e+06 1.153256462074356386e+06 1.132815101881582290e+06 1.109585753777821083e+06 1.083826240306102205e+06 1.055813044985539978e+06 1.025835502506249002e+06 9.941900370744039537e+05 9.611746238515730947e+05 9.270836262316162465e+05 8.922031341974667739e+05 8.568068982234181603e+05 8.211529211848545820e+05 7.854807394176044036e+05 7.500093950737157138e+05 7.149360765285904054e+05 6.804353826734658796e+05 6.466591509314063005e+05 6.137367778363233665e+05 5.817759547635184135e+05 5.508637394029325806e+05 5.210678851650583674e+05 4.924383551624143729e+05 4.650089539580970304e+05 4.387990181970669073e+05 4.138151158915067790e+05 3.900527129762544064e+05 3.674977743514135364e+05 3.461282746662091813e+05 3.259156013527368195e+05 3.068258387628899654e+05 2.888209276433911873e+05 2.718596986081250943e+05 2.558987817824327794e+05 2.408933974786289909e+05 2.267980347107212583e+05 2.135670256724913779e+05 2.011550250901645340e+05 1.895174037183747569e+05 1.786105652667634422e+05 1.683921958056200820e+05 1.588214542724395578e+05 1.498591121461670555e+05 1.414676497205515334e+05 1.336113157312838593e+05 1.262561564034502226e+05 1.193700193090178218e+05 1.129225367748731805e+05 1.068850929717016552e+05 1.012307782495550782e+05 9.593433377127927088e+04 9.097208903116089641e+04 8.632189443265678710e+04 8.196305073395455838e+04 7.787623685054756061e+04 7.404343722654730664e+04 7.044786974750907393e+04 6.707391496316129633e+04 6.390704721507626527e+04 6.093376811812259984e+04 5.814154272234552627e+04 5.551873858042284701e+04 5.305456786221898801e+04 5.073903258963060216e+04 4.856287300951735961e+04 4.651751907799009496e+04 4.459504499393836886e+04 4.278812669170807931e+04 4.109000218108633999e+04 3.949443460592742485e+04 3.799567787994215178e+04 3.658844474858955073e+04 3.526787711897524423e+04 3.402951849475775816e+04 3.286928834996273508e+04 3.178345827415607346e+04 3.076862972166016334e+04 2.982171319956284424e+04 2.893990873344861393e+04 2.812068745655995735e+04 2.736177417789776882e+04 2.666113079820277198e+04 2.601694046026841897e+04 2.542759234200392530e+04 2.489166702718080705e+04 2.440792241960157480e+04 2.397528020078840564e+04 2.359281286789412843e+04 2.325973142554349033e+04 2.297537384028378801e+04 2.273919439655349925e+04 2.255075411566813636e+04 2.240971241165264291e+04 2.231582015784007308e+04 2.226891432492457170e+04 2.226773286346319219e+04
1.220967583871736657e+06 1.220988339496373897e+06 1.217206011904691346e+06 1.209689136658146745e+06 1.198532043136740103e+06 1.183873200089359889e+06 1.165891724880370544e+06 1.144802953299485845e+06 1.120853245540414006e+06 1.094314228563637007e+06 1.065476688822362805e+06 1.034644331908948720e+06 1.002127617497522850e+06 9.682378601511241868e+05 9.332817608507673722e+05 8.975565026297883596e+05 8.613455088160545565e+05 8.249149264602613403e+05 7.885108627389291069e+05 7.523573703036456136e+05 7.166551500983791193e+05 6.815809179862274323e+05 6.472873650322774192e+05 6.139036304575378308e+05 5.815362007303178543e+05 5.502701473528275965e+05 5.201706188266013050e+05 4.912845081631013309e+05 4.636422252744350699e+05 4.372595128266716492e+05 4.121392539623246994e+05 3.882732301221864764e+05 3.656437965760161169e+05 3.442254518892450724e+05 3.239862852076919517e+05 3.048892918296466232e+05 2.868935530287438305e+05 2.699552805249767262e+05 2.540287294498657284e+05 2.390669862163992075e+05 2.250226394996724557e+05 2.118483436798428302e+05 1.994972847107787675e+05 1.879235585642731166e+05 1.770824722581921378e+05 1.669307770925012883e+05 1.574268431617840833e+05 1.485307835465420503e+05 1.402045358561047760e+05 1.324119080412226613e+05 1.251185946429939358e+05 1.182921689177090302e+05 1.119020555891029217e+05 1.059194883398624224e+05 1.003174555685779633e+05 9.507063740881951526e+04 9.015533653375513677e+04 8.554940485093653842e+04 8.123216782459142269e+04 7.718434784352227871e+04 7.338798777730221627e+04 6.982637562777084531e+04 6.648397098256998288e+04 6.334633380860892794e+04 6.040005598201481189e+04 5.763269583367802261e+04 5.503271589274251892e+04 5.258942393126800016e+04 5.029291734913898836e+04 4.813403088681760710e+04 4.610428761252351251e+04 4.419585309818158566e+04 4.240149267330272414e+04 4.071453162658333895e+04 3.912881821020162897e+04 3.763868929063444375e+04 3.623893848149260157e+04 3.492478658777400415e+04 3.369185418663034943e+04 3.253613616690791969e+04 3.145397804831140820e+04 3.044205390104833714e+04 2.949734568854833924e+04 2.861712385964018540e+04 2.779892902304472591e+04 2.704055454678815659e+04 2.634002993894129395e+04 2.569560488458104010e+04 2.510573383765201288e+04 2.456906109569429827e+04 2.408440632008830289e+04 2.365075050377436492e+04 2.326722243093998259e+04 2.293308571673248662e+04 2.264772655681403558e+04 2.241064235312622259e+04 2.222143141001280310e+04 2.207978391047344485e+04 2.198547438315303589e+04 2.193835585527961666e+04 2.193705544792613728e+04
1.236485258974722819e+06 1.236509279624389950e+06 1.232590504424981540e+06 1.224803787003847538e+06 1.213249447503396077e+06 1.198074658712131204e+06 1.179469633723632200e+06 1.157662793996134540e+06 1.132915114274897845e+06 1.105513867945783306e+06 1.075766011111509753e+06 1.043991445647524437e+06 1.010516391221739119e+06 9.756670751049952814e+05 9.397639186027379474e+05 9.031163626333201537e+05 8.660184351365935290e+05 8.287451223723315634e+05 7.915495672684535384e+05 7.546610828799284063e+05 7.182839392455691705e+05 6.825968584121222375e+05 6.477531354856737889e+05 6.138812931162931491e+05 5.810861722692649346e+05 5.494503626534171635e+05 5.190358807726550731e+05 4.898860112012621830e+05 4.620272363520208164e+05 4.354711908059176058e+05 4.102165874370935489e+05 3.862510734888191801e+05 3.635529849846370053e+05 3.420929770891141961e+05 3.218355160877319868e+05 3.027402254635052523e+05 2.847630841172348009e+05 2.678574791765575064e+05 2.519751191720157221e+05 2.370668157545414579e+05 2.230831437257362413e+05 2.099749900866399985e+05 1.976940032121750410e+05 1.861929532445277146e+05 1.754260144731672772e+05 1.653489799203184666e+05 1.559194176523833303e+05 1.470967775495207752e+05 1.388424564347123960e+05 1.311198286260300083e+05 1.238942481583400368e+05 1.171330281420395477e+05 1.108054019992669491e+05 1.048824706497379811e+05 9.933713911253941478e+04 9.414404544756119139e+04 8.927948447915771976e+04 8.472132832230594067e+04 8.044894536394026363e+04 7.644311903480558249e+04 7.268596743545243226e+04 6.916086464897119731e+04 6.585236437826778274e+04 6.274612638246913411e+04 5.982884605156814359e+04 5.708818734669072001e+04 5.451271924203777598e+04 5.209185573063108313e+04 4.981579939660853415e+04 4.767548850968573242e+04 4.566254756034635648e+04 4.376924112553828309e+04 4.198843093257595319e+04 4.031353597212597379e+04 3.873849549859833496e+04 3.725773474683424138e+04 3.586613318703662662e+04 3.455899513475593994e+04 3.333202252900294843e+04 3.218128968897938830e+04 3.110321985837302418e+04 3.009456334582899581e+04 2.915237707137073085e+04 2.827400533169777555e+04 2.745706160315228408e+04 2.669941121055258191e+04 2.599915470396205637e+04 2.535461180474684079e+04 2.476430580774038754e+04 2.422694835850076561e+04 2.374142456348911946e+04 2.330677843584315269e+04 2.292219872873336135e+04 2.258700525954098703e+04 2.230063587795608328e+04 2.206263427537266034e+04 2.187263886721387462e+04 2.173037299975335554e+04 2.163563673512931928e+04 2.158830045059886834e+04 2.158687663955970129e+04
1.253197422828958370e+06 1.253225082687414018e+06 1.249154687203469221e+06 1.241068213147936622e+06 1.229072813902296824e+06 1.213325582860757364e+06 1.194029366018039640e+06 1.171427461930536199e+06 1.145797430231024744e+06 1.117444259956441121e+06 1.086693164800890954e+06 1.053882273597349878e+06 1.019355471484359005e+06 9.834556219458777923e+05 9.465183646687881555e+05 9.088666419648303417e+05 8.708060606462233700e+05 8.326211499724406749e+05 7.945725325150599238e+05 7.568949858778127236e+05 7.197963408338360023e+05 6.834571365435145563e+05 6.480309363473466365e+05 6.136451978529323824e+05 5.804025878716250882e+05 5.483826351333329221e+05 5.176436203986741602e+05 4.882246133583718329e+05 4.601475774043960264e+05 4.334194759635894443e+05 4.080343267745917547e+05 3.839751626270471606e+05 3.612158682209959952e+05 3.397228726630122401e+05 3.194566855535933864e+05 3.003732716080146492e+05 2.824252643432565383e+05 2.655630236651031883e+05 2.497355453454240051e+05 2.348912325490029179e+05 2.209785409146811580e+05 2.079465093727773055e+05 1.957451890330105089e+05 1.843259822314337944e+05 1.736419032903323823e+05 1.636477718128949637e+05 1.543003484791148803e+05 1.455584223896459443e+05 1.373828580656000704e+05 1.297366092882440571e+05 1.225847060773081175e+05 1.158942202763008681e+05 1.096342144478364789e+05 1.037756780866106856e+05 9.829145453368090966e+04 9.315616142203190248e+04 8.834610699685338477e+04 8.383920423026401841e+04 7.961488428441026190e+04 7.565401056348049315e+04 7.193879432885328424e+04 6.845271262691277661e+04 6.518042909104515275e+04 6.210771802314146771e+04 5.922139203125890344e+04 5.650923339506088087e+04 5.395992924557127117e+04 5.156301057768537430e+04 4.930879505984508432e+04 4.718833356300090236e+04 4.519336029825441074e+04 4.331624642761476571e+04 4.154995699353004602e+04 3.988801099889896432e+04 3.832444445902204461e+04 3.685377623945105006e+04 3.547097648816579022e+04 3.417143746637069853e+04 3.295094657902453764e+04 3.180566140378170167e+04 3.073208651525774985e+04 2.972705190063683040e+04 2.878769276297750912e+04 2.791143051078753706e+04 2.709595473734730331e+04 2.633920600194211147e+04 2.563935923874830041e+04 2.499480763889042646e+04 2.440414687815844445e+04 2.386615959792917783e+04 2.337980009011334187e+04 2.294417918792783530e+04 2.255854942132719589e+04 2.222229055617218182e+04 2.193489569571604443e+04 2.169595817667636948e+04 2.150515953451109453e+04 2.136225883804284967e+04 2.126708369774964012e+04 2.121952323211752810e+04 2.121797164189132673e+04
1.271168808634170098e+06 1.271200527695129858e+06 1.266961805669561028e+06 1.258542654026451521e+06 1.246058019945987035e+06 1.229676303173506167e+06 1.209614731032381300e+06 1.186133512761533959e+06 1.159529023640798638e+06 1.130126303017280996e+06 1.098271167558995308e+06 1.064322241301616654e+06 1.028643188047070755e+06 9.915954013527585194e+05 9.535313656591624022e+05 9.147888526878708508e+05 8.756860640577153536e+05 8.365177779857221758e+05 7.975525083843942266e+05 7.590306413421080215e+05 7.211634787138666725e+05 6.841330922841907013e+05 6.480928747899326263e+05 6.131686654194660950e+05 5.794603261507682037e+05 5.470436500693000853e+05 5.159724921154847834e+05 4.862810250790592982e+05 4.579860377520340262e+05 4.310892068462900934e+05 4.055792886872701347e+05 3.814341901600175188e+05 3.586228904774920666e+05 3.371071958218064392e+05 3.168433176879461389e+05 2.977832728628132027e+05 2.798761085080832127e+05 2.630689599412059179e+05 2.473079516114106518e+05 2.325389536404395476e+05 2.187082073304594087e+05 2.057628334102371591e+05 1.936512366517095652e+05 1.823234199784716766e+05 1.717312204189465265e+05 1.618284783231818583e+05 1.525711502370415838e+05 1.439173747680141241e+05 1.358274997255548951e+05 1.282640778062387253e+05 1.211918371408060339e+05 1.145776321393310645e+05 1.083903792691791314e+05 1.026009816804827569e+05 9.718224595461203717e+04 9.210879368928173790e+04 8.735697014472087903e+04 8.290475175302234129e+04 7.873165393117292842e+04 7.481864033109103912e+04 7.114803440104896436e+04 6.770343391630149563e+04 6.446962895698073407e+04 6.143252366346513008e+04 5.857906197874098871e+04 5.589715748981102661e+04 5.337562740223109722e+04 5.100413062021290534e+04 4.877310985665641783e+04 4.667373766044777585e+04 4.469786622037521010e+04 4.283798078418410296e+04 4.108715651606606843e+04 3.943901860501094052e+04 3.788770542866540200e+04 3.642783457186855958e+04 3.505447149500541127e+04 3.376310064420028357e+04 3.254959879271704631e+04 3.141021040056642232e+04 3.034152477719339367e+04 2.934045483043046625e+04 2.840421718416075237e+04 2.753031344802162857e+04 2.671651242604781510e+04 2.596083305861867848e+04 2.526152790495183945e+04 2.461706699319252220e+04 2.402612189338933968e+04 2.348754990647297745e+04 2.300037831031208043e+04 2.256378866163757993e+04 2.217710121840476495e+04 2.183975961789504072e+04 2.155131601682271503e+04 2.131141696485066859e+04 2.111979033534414339e+04 2.097623366997742050e+04 2.088060430099967925e+04 2.083281159287679111e+04 2.083112789900016287e+04
1.290472232958308188e+06 1.290508484571449691e+06 1.286082966169977095e+06 1.277294760075360304e+06 1.264267706498666201e+06 1.247183095948512899e+06 1.226274533507993910e+06 1.201821456753803184e+06 1.174141592443308560e+06 1.143582675085369730e+06 1.110513769415729446e+06 1.075316537908623694e+06 1.038376774588788627e+06 1.000076489867692580e+06 9.607867814831830328e+05 9.208616683138699736e+05 8.806330016851172550e+05 8.404065074535752647e+05 8.004589557157527888e+05 7.610364065553939436e+05 7.223534418279425008e+05 6.845932654512709705e+05 6.479085378895340255e+05 6.124228035417676438e+05 5.782323710905980552e+05 5.454085147488677176e+05 5.139998769117898773e+05 4.840349682317316765e+05 4.555246780525905197e+05 4.284647252266451251e+05 4.028379956472593476e+05 3.786167277158879442e+05 3.557645200279218261e+05 3.342381466274612467e+05 3.139891742274913122e+05 2.949653829174970742e+05 2.771119972600631299e+05 2.603727385287537763e+05 2.446907113960775605e+05 2.300091398751895758e+05 2.162719679700387933e+05 2.034243404920968751e+05 1.914129790271194943e+05 1.801864672259188083e+05 1.696954585654684342e+05 1.598928185738713364e+05 1.507337123066898494e+05 1.421756466563662107e+05 1.341784759097609494e+05 1.267043778673214110e+05 1.197178068177771202e+05 1.131854287335615081e+05 1.070760432177401235e+05 1.013604959924322466e+05 9.601158506790084357e+04 9.100396316517003288e+04 8.631403847656000289e+04 8.191987543070528773e+04 7.780109677409222058e+04 7.393878798262582859e+04 7.031540476739674341e+04 6.691468423220085970e+04 6.372156007057552051e+04 6.072208205187814747e+04 5.790333993441168423e+04 5.525339185467734205e+04 5.276119717175014375e+04 5.041655369125404104e+04 4.821003915182484343e+04 4.613295682564793242e+04 4.417728506177240342e+04 4.233563058446600917e+04 4.060118534751724656e+04 3.896768673767553264e+04 3.742938091536926368e+04 3.598098907740820869e+04 3.461767642395418807e+04 3.333502360992840840e+04 3.212900045888862223e+04 3.099594171500622906e+04 2.993252460611001879e+04 2.893574798807903790e+04 2.800291283869670588e+04 2.713160386826352624e+04 2.631967201595667939e+04 2.556521760669034120e+04 2.486657395476983220e+04 2.422229121998733171e+04 2.363112035086283504e+04 2.309199699015945589e+04 2.260402527059116255e+04 2.216646149366537429e+04 2.177869776028520209e+04 2.144024570461396797e+04 2.115072056728684402e+04 2.090982592311265034e+04 2.071733944336678906e+04 2.057310011491027399e+04 2.047699734995212930e+04 2.042896239620705092e+04 2.042714228921058748e+04
1.311189459110780619e+06 1.311230778774237726e+06 1.306597966546595329e+06 1.297400357430790318e+06 1.283771946526699932e+06 1.265908732578446157e+06 1.244062985852123704e+06 1.218536023155467818e+06 1.189669816091126064e+06 1.157837801982009318e+06 1.123435288005621172e+06 1.086869836915722117e+06 1.048551998174938723e+06 1.008886704108927399e+06 9.682655911812100094e+05 9.270604371540707070e+05 8.856178316881299252e+05 8.442551265533865662e+05 8.032576469597141258e+05 7.628770911913525779e+05 7.233310039213785203e+05 6.848031800299350871e+05 6.474448399585376028e+05 6.113764131714347750e+05 5.766897711426931201e+05 5.434507631585124182e+05 5.117019248406119295e+05 4.814652485872465186e+05 4.527449253507170361e+05 4.255299869651640765e+05 3.997967966317330720e+05 3.755113515369936940e+05 3.526313755975940148e+05 3.311081918949763058e+05 3.108883735642771353e+05 2.919151789198471815e+05 2.741297816924803774e+05 2.574723107055809814e+05 2.418827154184087121e+05 2.273014747875835455e+05 2.136701670907418884e+05 2.009319179336478410e+05 1.890317428056396602e+05 1.779167994061521313e+05 1.675365636552051001e+05 1.578429419139843958e+05 1.487903305460663687e+05 1.403356325940987444e+05 1.324382400642168068e+05 1.250599891221642902e+05 1.181650944225513376e+05 1.117200678205430886e+05 1.056936258528430772e+05 1.000565896180440031e+05 9.478178002877361723e+04 8.984391084163660707e+04 8.521948138730933715e+04 8.088667051338955935e+04 7.682523290823969000e+04 7.301639868704577384e+04 6.944277688383164059e+04 6.608826329854210780e+04 6.293795299014808552e+04 5.997805757949498366e+04 5.719582742445908661e+04 5.457947865049725078e+04 5.211812495827179373e+04 4.980171408333084401e+04 4.762096874814146577e+04 4.556733192170510301e+04 4.363291618445845234e+04 4.181045698446473398e+04 4.009326956354650611e+04 3.847520932769928186e+04 3.695063543385738740e+04 3.551437736385168682e+04 3.416170425558307761e+04 3.288829676038020261e+04 3.169022119381972152e+04 3.056390574477543851e+04 2.950611850408813189e+04 2.851394707030964491e+04 2.758477948602797915e+04 2.671628625530007048e+04 2.590640319199236183e+04 2.515331485220933973e+04 2.445543831352407869e+04 2.381140708191688827e+04 2.322005493662909066e+04 2.268039956581533625e+04 2.219162590351920880e+04 2.175306915140770434e+04 2.136419755547896420e+04 2.102459510487175066e+04 2.073394442065163821e+04 2.049201019839039873e+04 2.029862364890137906e+04 2.015366843565095041e+04 2.005706862513121087e+04 2.000877914088816760e+04 2.000681828483608115e+04
1.333412186128473142e+06 1.333459181756443111e+06 1.328596247297018301e+06 1.318944322360769846e+06 1.304649009105619043e+06 1.285923104967907537e+06 1.263040173965762835e+06 1.236326453913984122e+06 1.206151473920738092e+06 1.172917806626575533e+06 1.137050403723470168e+06 1.098985959829414263e+06 1.059162719597076299e+06 1.018011089234622312e+06 9.759453417825284414e+05 9.333566223719725385e+05 8.906073727315849392e+05 8.480272105014048284e+05 8.059102243906488875e+05 7.645135851160918828e+05 7.240573267014356097e+05 6.847251235967088724e+05 6.466658751609575702e+05 6.099959082289313665e+05 5.748016180226937868e+05 5.411423846439217450e+05 5.090536239971005707e+05 4.785498558069921564e+05 4.496276954397819936e+05 4.222686990593227092e+05 3.964420122732046293e+05 3.721067902914321166e+05 3.492143725111784297e+05 3.277102063823899953e+05 3.075355245984538342e+05 2.886287863952975604e+05 2.709268983824859606e+05 2.543662332347842166e+05 2.388834660897972644e+05 2.244162489434746385e+05 2.109037429860859993e+05 1.982870279093558784e+05 1.865094059309528384e+05 1.755166167757448566e+05 1.652569782405856531e+05 1.556814653368925501e+05 1.467437394149191387e+05 1.384001371673690446e+05 1.306096280143222830e+05 1.233337471009988949e+05 1.165365100002792315e+05 1.101843142026518035e+05 1.042458315921908070e+05 9.869189534057298442e+04 9.349538399232267693e+04 8.863110495318667381e+04 8.407567911923189240e+04 7.980742798665286682e+04 7.580626425157306949e+04 7.205358663645216438e+04 6.853217945669579785e+04 6.522611726042720693e+04 6.212067472958231519e+04 5.920224191568421520e+04 5.645824479397658433e+04 5.387707105054645945e+04 5.144800096503993700e+04 4.916114321328122605e+04 4.700737538688335917e+04 4.497828900839181733e+04 4.306613880869308923e+04 4.126379602668167354e+04 3.956470548802188569e+04 3.796284621909031557e+04 3.645269535278835247e+04 3.502919508400816267e+04 3.368772243333471124e+04 3.242406157759801863e+04 3.123437850461832204e+04 3.011519774674185464e+04 2.906338094352903863e+04 2.807610697848983546e+04 2.715085342865728671e+04 2.628537906012948224e+04 2.547770709895024629e+04 2.472610900690343260e+04 2.402908849849948820e+04 2.338536555156921531e+04 2.279386019266321091e+04 2.225367588282970610e+04 2.176408239169809531e+04 2.132449812908867534e+04 2.093447200249700109e+04 2.059366498187679463e+04 2.030183167304764720e+04 2.005880231742708565e+04 1.986446573574729700e+04 1.971875380300880715e+04 1.962162806822328275e+04 1.957306910618880647e+04 1.957096309106735498e+04
1.357243177066250937e+06 1.357296540993403876e+06 1.352177976654107217e+06 1.342021578403433552e+06 1.326986229593621800e+06 1.307303935763880843e+06 1.283272582617827691e+06 1.255246829095738009e+06 1.223627566535506397e+06 1.188850433707938064e+06 1.151373905830649892e+06 1.111667471097516362e+06 1.070200371353750117e+06 1.027431318074351293e+06 9.837995074502630159e+05 9.397171578580744099e+05 8.955636887748222798e+05 8.516815612451832276e+05 8.083737136227786541e+05 7.659024574575645383e+05 7.244896494970561471e+05 6.843179268552055582e+05 6.455327816563629312e+05 6.082452558169643162e+05 5.725350524144538213e+05 5.384538835705614183e+05 5.060289025296436739e+05 4.752660967921438278e+05 4.461535475839049905e+05 4.186644870865280973e+05 3.927601077984567964e+05 3.683920977062818129e+05 3.455048905563816079e+05 3.240376326213589055e+05 3.039258763080280623e+05 2.851030171906962642e+05 2.675014950381017989e+05 2.510537815836102527e+05 2.356931785762225336e+05 2.213544494034575764e+05 2.079743065982075350e+05 1.954917760762559774e+05 1.838484571941245813e+05 1.729886958172344603e+05 1.628596856564674235e+05 1.534115112457714567e+05 1.445971441475317697e+05 1.363724023190949811e+05 1.286958810713366256e+05 1.215288627052857773e+05 1.148352107245437801e+05 1.085812534833206155e+05 1.027356612322791771e+05 9.726931975537049584e+04 9.215520313762511068e+04 8.736824765362993639e+04 8.288522830657484883e+04 7.868463916669361060e+04 7.474657834463032486e+04 7.105263818003430788e+04 6.758580101969800307e+04 6.433034079504889087e+04 6.127173047906415013e+04 5.839655540171053144e+04 5.569243232589495892e+04 5.314793412819303921e+04 5.075251988667788100e+04 4.849647014883402153e+04 4.637082713315984438e+04 4.436733960644071340e+04 4.247841217280260025e+04 4.069705870907691860e+04 3.901685968222946394e+04 3.743192308751467499e+04 3.593684874963207403e+04 3.452669573258573655e+04 3.319695260648700059e+04 3.194351032060090802e+04 3.076263743108177732e+04 2.965095742877891826e+04 2.860542790720685662e+04 2.762332130350490843e+04 2.670220693656248477e+04 2.583993405758323570e+04 2.503461562084127218e+04 2.428461247854469548e+04 2.358851770655767905e+04 2.294514078075697034e+04 2.235349135100407511e+04 2.181276240499958658e+04 2.132231268100618399e+04 2.088164827843002058e+04 2.049040352802103007e+04 2.014832131507038139e+04 1.985523319149343297e+04 1.961103975383102807e+04 1.941569188828524784e+04 1.926917357330327286e+04 1.917148696824625222e+04 1.912264049080551194e+04 1.912038477788876116e+04
1.382797539655467728e+06 1.382858062671682332e+06 1.377455282575453166e+06 1.366738228813354159e+06 1.350880997608505422e+06 1.330137583207195625e+06 1.304833687318971846e+06 1.275356427135003032e+06 1.242142438820072915e+06 1.205664943718446186e+06 1.166420379144808277e+06 1.124915190615274478e+06 1.081653337620777078e+06 1.037124984896866023e+06 9.917967440337612061e+05 9.461037074810897466e+05 9.004433908698521554e+05 8.551715815915100975e+05 8.105999908529043896e+05 7.669955287977976259e+05 7.245809701105949935e+05 6.835367500829228666e+05 6.440036254191524349e+05 6.060859456908779684e+05 5.698553054056346882e+05 5.353543783751913579e+05 5.026007713112392812e+05 4.715907690564696095e+05 4.423028772074516164e+05 4.147010975889205583e+05 3.887378973031748901e+05 3.643568526675648754e+05 3.414949654270866304e+05 3.200846605987370131e+05 3.000554837179276510e+05 2.813355207123560831e+05 2.638525667130207294e+05 2.475350713662282506e+05 2.323128881074331293e+05 2.181178537953092018e+05 2.048842234057993337e+05 1.925489824051721080e+05 1.810520571518012439e+05 1.703364413610070187e+05 1.603482544061521476e+05 1.510367450894285284e+05 1.423542525390043447e+05 1.342561340971709578e+05 1.267006684651593678e+05 1.196489409621424420e+05 1.130647165302761277e+05 1.069143050615356624e+05 1.011664227207903023e+05 9.579205217683495721e+04 9.076430401318310760e+04 8.605828105779936595e+04 8.165094693128898507e+04 7.752099975318850193e+04 7.364875165406274027e+04 7.001601450656392262e+04 6.660599210224756098e+04 6.340317885467668384e+04 6.039326499635247455e+04 5.756304815122376021e+04 5.490035110099380108e+04 5.239394551790091646e+04 5.003348140537046129e+04 4.780942196807699656e+04 4.571298362176931550e+04 4.373608084875716304e+04 4.187127560529691254e+04 4.011173099080328393e+04 3.845116889455702767e+04 3.688383134226598486e+04 3.540444527150395152e+04 3.400819047091885295e+04 3.269067042235709960e+04 3.144788578722485909e+04 3.027621027788946958e+04 2.917236865148271681e+04 2.813341655696474118e+04 2.715672195696225390e+04 2.623994783428357186e+04 2.538103588027001751e+04 2.457819085006538444e+04 2.382986526100660194e+04 2.313474410807938693e+04 2.249172927897918998e+04 2.189992337560046508e+04 2.135861269385411651e+04 2.086724918412060288e+04 2.042543131351096235e+04 2.003288387876688284e+04 1.968943697140080621e+04 1.939500446582279983e+04 1.914956257236361125e+04 1.895312915115259966e+04 1.880574459761509934e+04 1.870745516435284662e+04 1.865829956049090833e+04 1.865588941963922844e+04
1.410204169688541209e+06 1.410272757422378287e+06 1.404553642489874270e+06 1.393212835745363031e+06 1.376441874363780254e+06 1.354519951231093844e+06 1.327804620920024347e+06 1.296720124197049998e+06 1.261743903726181481e+06 1.223391969812306343e+06 1.182203819411573466e+06 1.138727607678754022e+06 1.093506217612938257e+06 1.047064774790977710e+06 9.999000215695223305e+05 9.524718134559649043e+05 9.051968459981119959e+05 8.584445785658732057e+05 8.125352032988604624e+05 7.677394200840879930e+05 7.242797237441801699e+05 6.823328856811792357e+05 6.420333142583067529e+05 6.034769999687293312e+05 5.667257863806746900e+05 5.318117499495971715e+05 4.987415160832886468e+05 4.675003816237814026e+05 4.380561526919458993e+05 4.103626402264434728e+05 3.843627829884787207e+05 3.599913893637459259e+05 3.371775054404457333e+05 3.158464282679387834e+05 2.959213906873905798e+05 2.773249484560170677e+05 2.599801022836881166e+05 2.438111874990241486e+05 2.287445628936304711e+05 2.147091282878913335e+05 2.016366978561024880e+05 1.894622534966309031e+05 1.781240997194774391e+05 1.675639387781835976e+05 1.577268821806900378e+05 1.485614123260923079e+05 1.400193058577892079e+05 1.320555284069118497e+05 1.246281087193565327e+05 1.176979987033422221e+05 1.112289246853667282e+05 1.051872341011243116e+05 9.954174095434672199e+04 9.426357263012323529e+04 8.932602003116990090e+04 8.470439249773866322e+04 8.037587855837887037e+04 7.631941322505692369e+04 7.251555227955650480e+04 6.894635378749435768e+04 6.559526691213893355e+04 6.244702797425596509e+04 5.948756360955962737e+04 5.670390080598148052e+04 5.408408355400432629e+04 5.161709581060847268e+04 4.929279045736962871e+04 4.710182392318686470e+04 4.503559613950920902e+04 4.308619549878166436e+04 4.124634849356665654e+04 3.950937372287338803e+04 3.786913996257411054e+04 3.632002800731796742e+04 3.485689600114528002e+04 3.347504798234417831e+04 3.217020537414599676e+04 3.093848115611467802e+04 2.977635645092859704e+04 2.868065925737028010e+04 2.764854505246374174e+04 2.667747897402125818e+04 2.576521927987748495e+04 2.490980176287288486e+04 2.410952478314021573e+04 2.336293456417960260e+04 2.266881039045198486e+04 2.202614934674594042e+04 2.143415025925844384e+04 2.089219654162044753e+04 2.039983772214726196e+04 1.995676953612312354e+04 1.956281261061383339e+04 1.921788994606048072e+04 1.892200359933728396e+04 1.867521118046326956e+04 1.847760296646653660e+04 1.832928058332872388e+04 1.823033828252169769e+04 1.818084781986853704e+04 1.817827825749468320e+04
1.439607360937285004e+06 1.439685052914082073e+06 1.433613436143030645e+06 1.421577853938706219e+06 1.403789849379801890e+06 1.380557515760162147e+06 1.352274924648878165e+06 1.319408838659969857e+06 1.282483367032657377e+06 1.242063330744265579e+06 1.198737163780112285e+06 1.153100177324127406e+06 1.105738950068811420e+06 1.057217485897518927e+06 1.008065614100911655e+06 9.587699174422275973e+05 9.097672821388541488e+05 8.614409912664088188e+05 8.141191438960116357e+05 7.680750842795431381e+05 7.235294697952320566e+05 6.806535890915488126e+05 6.395735555200381204e+05 6.003750367090372602e+05 5.631082303116136463e+05 5.277928510324147064e+05 4.944229491446287138e+05 4.629714317816512776e+05 4.333942028858553385e+05 4.056338746990697109e+05 3.796230329420279013e+05 3.552870598547154805e+05 3.325465349319530069e+05 3.113192435277190525e+05 2.915218295762892812e+05 2.730711314746301505e+05 2.558852405536541191e+05 2.398843202591142326e+05 2.249912217478899693e+05 2.111319285330375133e+05 1.982358594190312433e+05 1.862360555001375324e+05 1.750692736173040757e+05 1.646760054907395970e+05 1.550004388304310851e+05 1.459903741066606890e+05 1.375971083455397165e+05 1.297752952936222719e+05 1.224827895536066499e+05 1.156804808073009190e+05 1.093321229866120557e+05 1.034041622020339564e+05 9.786556636511611578e+04 9.268765872257422598e+04 8.784395693261895212e+04 8.331001883893474587e+04 7.906329571665558615e+04 7.508299346228306240e+04 7.134994196229733643e+04 6.784647269177249109e+04 6.455630445491831051e+04 6.146443707573470601e+04 5.855705277214167290e+04 5.582142489512270549e+04 5.324583368086112750e+04 5.081948864456292358e+04 4.853245723640074721e+04 4.637559938001752744e+04 4.434050752018766070e+04 4.241945181660291564e+04 4.060533013387113169e+04 3.889162249242449616e+04 3.727234965999931592e+04 3.574203557775320223e+04 3.429567332808570063e+04 3.292869436203774967e+04 3.163694071207377419e+04 3.041663992041093661e+04 2.926438241330063465e+04 2.817710104726237842e+04 2.715205254396927194e+04 2.618680051620679296e+04 2.527919976854297420e+04 2.442738153406634956e+04 2.362973928463379707e+04 2.288491472954053097e+04 2.219178360064152366e+04 2.154944081644404650e+04 2.095718463063264426e+04 2.041449940993711789e+04 1.992103676030696079e+04 1.947659483591176831e+04 1.908109582610340658e+04 1.873456181919389564e+04 1.843708947899179111e+04 1.818882422148379555e+04 1.798993481675482690e+04 1.784058953053650475e+04 1.774093502452503890e+04 1.769107922458343091e+04 1.768834490073928100e+04
1.471168571771399351e+06 1.471256563443425577e+06 1.464791655124108773e+06 1.451981218246243661e+06 1.433059742094737478e+06 1.408368477241130313e+06 1.378343394812682411e+06 1.343500029124913039e+06 1.304415955084922025e+06 1.261711793290968053e+06 1.216031720897843828e+06 1.168024476296360604e+06 1.118325771855475381e+06 1.067542876913948217e+06 1.016241922188623808e+06 9.649382354482271476e+05 9.140897779806981562e+05 8.640935394107287284e+05 8.152845836733868346e+05 7.679373301164155127e+05 7.222686001649369719e+05 6.784419542629451025e+05 6.365728746075435774e+05 5.967344041396112880e+05 5.589629199274439598e+05 5.232637901824039291e+05 4.896167319513283437e+05 4.579807467898417963e+05 4.282985622728219605e+05 4.005005474550495856e+05 3.745081008333921782e+05 3.502365310878245509e+05 3.275974652909697033e+05 3.065008278331598849e+05 2.868564373825565563e+05 2.685752699893274112e+05 2.515704349514502974e+05 2.357579070863241504e+05 2.210570552120742504e+05 2.073910023894801270e+05 1.946868491330128163e+05 1.828757865861171158e+05 1.718931227102119883e+05 1.616782409378009615e+05 1.521745075240047008e+05 1.433291410042517236e+05 1.350930547159762937e+05 1.274206812439758069e+05 1.202697858709090651e+05 1.136012746219333785e+05 1.073790012507393549e+05 1.015695764900828508e+05 9.614218205211676832e+04 9.106839118448620138e+04 8.632199704208933690e+04 8.187884969978760637e+04 7.771670228912089078e+04 7.381506647600191354e+04 7.015507729257487517e+04 6.671936718320280488e+04 6.349194901220667816e+04 6.045810770129915181e+04 5.760430011092719360e+04 5.491806274641359778e+04 5.238792685229190829e+04 5.000334045285923639e+04 4.775459690070333454e+04 4.563276950529729947e+04 4.362965182872466539e+04 4.173770325356079411e+04 3.994999944750798022e+04 3.826018736946528952e+04 3.666244448133629339e+04 3.515144184817715723e+04 3.372231082547581900e+04 3.237061304572287918e+04 3.109231342623565797e+04 2.988375592575663541e+04 2.874164177798943274e+04 2.766300992535832120e+04 2.664521936542945696e+04 2.568593310542612016e+04 2.478310339727751852e+04 2.393495789764936853e+04 2.313998636612122937e+04 2.239692748325470529e+04 2.170475534341559614e+04 2.106266516133315599e+04 2.047005773492263688e+04 1.992652223974789376e+04 1.943181700326246573e+04 1.898584802920672882e+04 1.858864522058804869e+04 1.824033648338318017e+04 1.794112017294508041e+04 1.769123664962172916e+04 1.749094000561405846e+04 1.734047126822936116e+04 1.724003452875221410e+04 1.718977745049294754e+04 1.718687258316764928e+04
1.505068311779293232e+06 1.505167979729008162e+06 1.498263739123055711e+06 1.484588066780512687e+06 1.464401743408044335e+06 1.438084045525217894e+06 1.406119037207824178e+06 1.369078257338979747e+06 1.327600650137772784e+06 1.282370778018784942e+06 1.234096482720748289e+06 1.183487190933603328e+06 1.131233977292897413e+06 1.077992305860033259e+06 1.024368098291444592e+06 9.709074645261744736e+05 9.180901250338982791e+05 8.663262904096998973e+05 8.159565686684439424e+05 7.672543519012593897e+05 7.204300877904357621e+05 6.756368548318139510e+05 6.329767159249371616e+05 5.925074060377296992e+05 5.542490011014131596e+05 5.181903059184811427e+05 4.842947812460294226e+05 4.525059002657886595e+05 4.227518808810781920e+05 3.949497829898798373e+05 3.690089904526459868e+05 3.448341178116708179e+05 3.223273939732200233e+05 3.013905809764806763e+05 2.819264873501530965e+05 2.638401338117960258e+05 2.470396253170081181e+05 2.314367785662338720e+05 2.169475486473375640e+05 2.034922929668598517e+05 1.909959052896455687e+05 1.793878477431389620e+05 1.686021041459285480e+05 1.585770740304448118e+05 1.492554232487835689e+05 1.405839040559783753e+05 1.325131550194273586e+05 1.249974889620848553e+05 1.179946753634502384e+05 1.114657221698069334e+05 1.053746607599070849e+05 9.968833683413291874e+04 9.437620920829041279e+04 8.941015786598427803e+04 8.476430212870305695e+04 8.041482941673485038e+04 7.633983477702015080e+04 7.251917112920011277e+04 6.893431001445342554e+04 6.556821251157924416e+04 6.240520990160146175e+04 5.943089360801155271e+04 5.663201390826968418e+04 5.399638689808226627e+04 5.151280918902262783e+04 4.917097982892090658e+04 4.696142895031379885e+04 4.487545267298990075e+04 4.290505381047426636e+04 4.104288795577257406e+04 3.928221454769432603e+04 3.761685254459333373e+04 3.604114035658207285e+04 3.454989970944126253e+04 3.313840313286148012e+04 3.180234478158277852e+04 3.053781430974476098e+04 2.934127352560262079e+04 2.820953555487345147e+04 2.713974623570656331e+04 2.612936745586883262e+04 2.517616212285298388e+04 2.427818043016778756e+04 2.343374704867863329e+04 2.264144883225450758e+04 2.190012258514188943e+04 2.120884239945029913e+04 2.056690604216764405e+04 1.997381986195972058e+04 1.942928170874731586e+04 1.893316142721331198e+04 1.848547861211717827e+04 1.808637750856283310e+04 1.773609920698555288e+04 1.743495161206462944e+04 1.718327803333749762e+04 1.698142561289111472e+04 1.682971511802699752e+04 1.672841382378477283e+04 1.667771323709615899e+04 1.667463149134828564e+04
1.541508059625545982e+06 1.541620989924117457e+06 1.534225462787002092e+06 1.519582545848459005e+06 1.497983069273269502e+06 1.469849852290791459e+06 1.435722139290697174e+06 1.396235830050065648e+06 1.352100440925451461e+06 1.304074002558954991e+06 1.252937296443634201e+06 1.199468902024560375e+06 1.144422435673317639e+06 1.088507117142804898e+06 1.032372438234837260e+06 9.765972954007053049e+05 9.216835495031571481e+05 8.680536454865915002e+05 8.160516932028393494e+05 7.659472855879062554e+05 7.179413007556390949e+05 6.721729784596094396e+05 6.287276532758243848e+05 5.876446430699859047e+05 5.489249129284364171e+05 5.125382486493024044e+05 4.784297724396613194e+05 4.465257133377977880e+05 4.167384058484490379e+05 3.889705340145622613e+05 3.631186672851824551e+05 3.390761520069548278e+05 3.167354309822615469e+05 2.959898657723192591e+05 2.767351343183159479e+05 2.588702716079625243e+05 2.422984147281236365e+05 2.269273065800175245e+05 2.126696053824085393e+05 1.994430402336363622e+05 1.871704466730586719e+05 1.757797104943317536e+05 1.652036430584380287e+05 1.553798070254533086e+05 1.462503077318694850e+05 1.377615623286958435e+05 1.298640562013161834e+05 1.225120940495603718e+05 1.156635512531873974e+05 1.092796297255339596e+05 1.033246213141868066e+05 9.776568089580998640e+04 9.257261059265612857e+04 8.771765597633375728e+04 8.317531469094874046e+04 7.892215759838424856e+04 7.493666230268146319e+04 7.119905873149228864e+04 6.769118632644215540e+04 6.439636230965681898e+04 6.129926044144826301e+04 5.838579965677273867e+04 5.564304195958128548e+04 5.305909895980483998e+04 5.062304645360690483e+04 4.832484647070216306e+04 4.615527624058531364e+04 4.410586356055001670e+04 4.216882808093450876e+04 4.033702805592532968e+04 3.860391214049796690e+04 3.696347584493721661e+04 3.541022228711468779e+04 3.393912690867768833e+04 3.254560584391060547e+04 3.122548764856906200e+04 2.997498810976121240e+04 2.879068786614551573e+04 2.766951256947801812e+04 2.660871531295216846e+04 2.560586103794877999e+04 2.465881260799019947e+04 2.376571820656449927e+04 2.292499967420260145e+04 2.213534135119235725e+04 2.139567893849292523e+04 2.070518783585312121e+04 2.006327037087464123e+04 1.946954130689027443e+04 1.892381102563063541e+04 1.842606583971790315e+04 1.797644501770579882e+04 1.757521431565600506e+04 1.722273611125555544e+04 1.691943662300694996e+04 1.666577114272864856e+04 1.646218866716933553e+04 1.630909771665893823e+04 1.620683539709962861e+04 1.615564182278549197e+04 1.615237618172289331e+04
1.580712021789002232e+06 1.580840041059239069e+06 1.572894705932589946e+06 1.557169570652081165e+06 1.533989649141228059e+06 1.503827458843719913e+06 1.467285459727824200e+06 1.425073532970278990e+06 1.377982497538493946e+06 1.326855055009916890e+06 1.272555868128049420e+06 1.215942620161975501e+06 1.157839810671393527e+06 1.099016720984720625e+06 1.040170492357908166e+06 9.819147003120147856e+05 9.247732813762647565e+05 8.691792496360797668e+05 8.154773684775725706e+05 7.639298198795513017e+05 7.147239160114040133e+05 6.679809896356204990e+05 6.237657432347092545e+05 5.820954997841361910e+05 5.429489572708825581e+05 5.062741899310385343e+05 4.719957547630431945e+05 4.400208506178576499e+05 4.102445409527560696e+05 3.825540938271186897e+05 3.568325182071389281e+05 3.329613883083224064e+05 3.108230512149417773e+05 2.903023103847577586e+05 2.712876712104135659e+05 2.536722262931014411e+05 2.373542487071529322e+05 2.222375521127647662e+05 2.082316676214838226e+05 1.952518791285759653e+05 1.832191515375877207e+05 1.720599799527057039e+05 1.617061824762657343e+05 1.520946546560850693e+05 1.431670997955326457e+05 1.348697461757931451e+05 1.271530596533648495e+05 1.199714580003630399e+05 1.132830316724387376e+05 1.070492743498775380e+05 1.012348255415231251e+05 9.580722671719238861e+04 9.073669179850225919e+04 8.599589235434697184e+04 8.155975748511333950e+04 7.740528811445382598e+04 7.351138521849380049e+04 6.985869139327353332e+04 6.642944507854634139e+04 6.320734670904035738e+04 6.017743604432766733e+04 5.732597992867998983e+04 5.464036974729249778e+04 5.210902787082525174e+04 4.972132241296568827e+04 4.746748966312133416e+04 4.533856359638193680e+04 4.332631190403393703e+04 4.142317802897204092e+04 3.962222873042723950e+04 3.791710674074768031e+04 3.630198811299500085e+04 3.477154389121204440e+04 3.332090576495047571e+04 3.194563539540264901e+04 3.064169712166419777e+04 2.940543377153768961e+04 2.823354531100098029e+04 2.712307006905669550e+04 2.607136826899336302e+04 2.507610758202230136e+04 2.413525039361743256e+04 2.324704243593954016e+04 2.241000239117630190e+04 2.162291201130547779e+04 2.088480623232075595e+04 2.019496269032848795e+04 1.955288998166002420e+04 1.895831396178085924e+04 1.841116136548817303e+04 1.791154007481828376e+04 1.745971548448772592e+04 1.705608263910115056e+04 1.670113415542406801e+04 1.639542439459232992e+04 1.613953088744076013e+04 1.593401458605534208e+04 1.577938103281467011e+04 1.567604490304139654e+04 1.562430048981772597e+04 1.562084310364139128e+04
1.622928339308255818e+06 1.623073547242072644e+06 1.614512756335025886e+06 1.597576266618918162e+06 1.572627664997909917e+06 1.540195861146023031e+06 1.500955501616114983e+06 1.455701456729419762e+06 1.405318373687271494e+06 1.350746882043034770e+06 1.292948555314160883e+06 1.232872005185677903e+06 1.171422403399351984e+06 1.109436289744745940e+06 1.047662836251686444e+06 9.867519591474975459e+05 9.272489592132406542e+05 8.695948369350223802e+05 8.141311156935237814e+05 7.611079027492358582e+05 7.106939780028652167e+05 6.629878659945518011e+05 6.180290626296799164e+05 5.758088123098816723e+05 5.362800358397016535e+05 4.993661801578084123e+05 4.649688929642406292e+05 4.329745204004211118e+05 4.032594892156864516e+05 3.756946727377390489e+05 3.501488588207235443e+05 3.264914433791236952e+05 3.045944696877137758e+05 2.843341248297596467e+05 2.655917930445897509e+05 2.482547530140872404e+05 2.322165934793327178e+05 2.173774096875000978e+05 2.036438324106274522e+05 1.909289318120485696e+05 1.791520302836268384e+05 1.682384514736009878e+05 1.581192269613003591e+05 1.487307772802257095e+05 1.400145801099768723e+05 1.319168353203370643e+05 1.243881340380315232e+05 1.173831369122891192e+05 1.108602651870054106e+05 1.047814069661997928e+05 9.911164011913367722e+04 9.381897255645638506e+04 8.887410007346163911e+04 8.425018156329961494e+04 7.992263112153387920e+04 7.586892636894359021e+04 7.206843219225906068e+04 6.850223902672370605e+04 6.515301476747848210e+04 6.200486938876777276e+04 5.904323136316447199e+04 5.625473500128498563e+04 5.362711787112271122e+04 5.114912750149883504e+04 4.881043662357684661e+04 4.660156625568726304e+04 4.451381598840121296e+04 4.253920087766773941e+04 4.067039440305847529e+04 3.890067699508072110e+04 3.722388967963975301e+04 3.563439242864336120e+04 3.412702684306592710e+04 3.269708282811816389e+04 3.134026894904460642e+04 3.005268617993377848e+04 2.883080477601541861e+04 2.767144401136921078e+04 2.657175452762618079e+04 2.552920303380551923e+04 2.454155908142115004e+04 2.360688361082779375e+04 2.272351892310593030e+04 2.189007967571117115e+04 2.110544442971249009e+04 2.036874719370290768e+04 1.967936831904713108e+04 1.903692401170174708e+04 1.844125365130062710e+04 1.789240406833399538e+04 1.739060995101765366e+04 1.693626966498083493e+04 1.652991600131047016e+04 1.617218174460507726e+04 1.586376047738700072e+04 1.560536368617623521e+04 1.539767594484387882e+04 1.524131061969638358e+04 1.513676903640743330e+04 1.508440623712728302e+04 1.508074824540319059e+04
1.668428933114595013e+06 1.668593733782285359e+06 1.659344413107726257e+06 1.641052499434896279e+06 1.614124519623707980e+06 1.579152736147695919e+06 1.536893743135977071e+06 1.488239865186616080e+06 1.434184210032921284e+06 1.375781149901030585e+06 1.314104874383265851e+06 1.250209166761901230e+06 1.185091504345648922e+06 1.119663965306983329e+06 1.054732421171702212e+06 9.909843790535449516e+05 9.289848619113152381e+05 8.691790332185184816e+05 8.118999276184197515e+05 7.573795995456762612e+05 7.057621620196014410e+05 6.571174650848183082e+05 6.114544799926840933e+05 5.687337574432390975e+05 5.288785858280741377e+05 4.917846766658654669e+05 4.573283497417014441e+05 4.253732869874569005e+05 3.957759816971005057e+05 3.683900382419629022e+05 3.430694858431026223e+05 3.196712652755882591e+05 2.980570349818210816e+05 2.780944267756676418e+05 2.596578636977607093e+05 2.426290352606269589e+05 2.268971092452947050e+05 2.123587448546804371e+05 1.989179595631072298e+05 1.864858914047157741e+05 1.749804895877353556e+05 1.643261590230638394e+05 1.544533784120186174e+05 1.452983067490177345e+05 1.368023892734132241e+05 1.289119708837385842e+05 1.215779226617702952e+05 1.147552853190349997e+05 1.084029319705023372e+05 1.024832515730832529e+05 9.696185356914588192e+04 9.180729369005077751e+04 8.699082045517016377e+04 8.248614161052102281e+04 7.826920955837432120e+04 7.431802471126483579e+04 7.061245564221298264e+04 6.713407488298500539e+04 6.386600923259597039e+04 6.079280347014708968e+04 5.790029641271709261e+04 5.517550831531266158e+04 5.260653867188253207e+04 5.018247354124525737e+04 4.789330158732202835e+04 4.572983808780368418e+04 4.368365622817123221e+04 4.174702505809716240e+04 3.991285354417395865e+04 3.817464020625656849e+04 3.652642787426147697e+04 3.496276314776737127e+04 3.347866018208471360e+04 3.206956846123702780e+04 3.073134425025701421e+04 2.946022544574441054e+04 2.825280956409791543e+04 2.710603462023747488e+04 2.601716265472241503e+04 2.498376566240688771e+04 2.400371365930040702e+04 2.307516459409750314e+04 2.219655576478578587e+04 2.136659633716030658e+04 2.058426048007559075e+04 1.984878053278375592e+04 1.915963950671894418e+04 1.851656210594955337e+04 1.791950334209451103e+04 1.736863374325939003e+04 1.686432014366002841e+04 1.640710112950168696e+04 1.599765644863444868e+04 1.563677010201400117e+04 1.532528744014251970e+04 1.506406736798929342e+04 1.485393164754065583e+04 1.469561415218797811e+04 1.458971360082365936e+04 1.453665359927811187e+04 1.453278492020022713e+04
1.717506289898341289e+06 1.717693416765684495e+06 1.707675338293963345e+06 1.687869206596597098e+06 1.658728274485732662e+06 1.620914795156667475e+06 1.575277457202992635e+06 1.522819910086607328e+06 1.464660818825720577e+06 1.401987363037121482e+06 1.336005578057922423e+06 1.267891873492515413e+06 1.198750076610206859e+06 1.129577423411868280e+06 1.061241395125240553e+06 9.944676530105058337e+05 9.298379648097568424e+05 8.677961545414761640e+05 8.086597636441845680e+05 7.526351801516423002e+05 6.998343205723225838e+05 6.502913927161819302e+05 6.039787204223725712e+05 5.608210092223787215e+05 5.207077472203080542e+05 4.835036639393843943e+05 4.490573212683224701e+05 4.172080003645973629e+05 3.877910926003594650e+05 3.606422156702804496e+05 3.356002692399641383e+05 3.125096264664870687e+05 2.912216342629120918e+05 2.715955701604833594e+05 2.534991793932270084e+05 2.368088936808349681e+05 2.214098137079411536e+05 2.071955206401735777e+05 1.940677680702098005e+05 1.819360943039920239e+05 1.707173855726960755e+05 1.603354132737071486e+05 1.507203624026658945e+05 1.418083636675925518e+05 1.335410381385580695e+05 1.258650604812793608e+05 1.187317446824720682e+05 1.120966545604655985e+05 1.059192401537407422e+05 1.001625002018733940e+05 9.479267030506073206e+04 8.977893591204879340e+04 8.509316899621013727e+04 8.070968709975433012e+04 7.660503332854942710e+04 7.275777584302969626e+04 6.914832539724762319e+04 6.575876951552380342e+04 6.257272195439533243e+04 5.957518616941865912e+04 5.675243158615145512e+04 5.409188155835305224e+04 5.158201198112005659e+04 4.921225961019902752e+04 4.697293921962310560e+04 4.485516880720406334e+04 4.285080213060328242e+04 4.095236792537743167e+04 3.915301522041184944e+04 3.744646422541836364e+04 3.582696231968057691e+04 3.428924472102367145e+04 3.282849945898150327e+04 3.144033631622236499e+04 3.012075943722512966e+04 2.886614333250337586e+04 2.767321202965572593e+04 2.653902113817962527e+04 2.546094260195512470e+04 2.443665190977229577e+04 2.346411751804134474e+04 2.254159220827637910e+04 2.166760605218900309e+04 2.084096058653436558e+04 2.006072370608031270e+04 1.932622466573481506e+04 1.863704844457874060e+04 1.799302857290614338e+04 1.739423737339795480e+04 1.684097244424320161e+04 1.633373815196712894e+04 1.587322095311772864e+04 1.546025758222404329e+04 1.509579558141911912e+04 1.478084633801838754e+04 1.451643173108499832e+04 1.430352659230878999e+04 1.414300030786584284e+04 1.403556180491612213e+04 1.398171262999496139e+04 1.397762170852043346e+04
1.770463524640773423e+06 1.770676050175596029e+06 1.759803275847204495e+06 1.738311668508702423e+06 1.706703346500193235e+06 1.665715696185291046e+06 1.616299135271389969e+06 1.559583601073907223e+06 1.496833272163276793e+06 1.429391436831985367e+06 1.358620001853099093e+06 1.285839862195880618e+06 1.212278482294630725e+06 1.139029562800339190e+06 1.067027242949514417e+06 9.970347917834741529e+05 9.296458297111890279e+05 8.652950654806614621e+05 8.042752736293390626e+05 7.467575411682074191e+05 6.928124142244139221e+05 6.424302604137397138e+05 5.955397932052967371e+05 5.520242135997173609e+05 5.117347954021535697e+05 4.745019854873320437e+05 4.401442345700098667e+05 4.084748442494652118e+05 3.793071365788572002e+05 3.524582421402842738e+05 3.277517754018380656e+05 3.050196313524572761e+05 2.841031009668660699e+05 2.648534683837573393e+05 2.471322215508095105e+05 2.308109811968409631e+05 2.157712303929633345e+05 2.019039083688021929e+05 1.891089171993332857e+05 1.772945779617798107e+05 1.663770634805035952e+05 1.562798273750874214e+05 1.469330434042777051e+05 1.382730647187823197e+05 1.302419093187122635e+05 1.227867755277785618e+05 1.158595894616102596e+05 1.094165851340869558e+05 1.034179168966222351e+05 9.782730324883293360e+04 9.261170062322512968e+04 8.774100547553140495e+04 8.318778286301202024e+04 7.892701963225303916e+04 7.493590034045674838e+04 7.119360408075536543e+04 6.768112045819956984e+04 6.438108305808414298e+04 6.127761885413814161e+04 5.835621211512824084e+04 5.560358148039658408e+04 5.300756898494424968e+04 5.055703992084391939e+04 4.824179252291398006e+04 4.605247656179434125e+04 4.398052001658715744e+04 4.201806308197088219e+04 4.015789884110316780e+04 3.839342000605493376e+04 3.671857119207098003e+04 3.512780625094517745e+04 3.361605024240865896e+04 3.217866567083566042e+04 3.081142265774122279e+04 2.951047275837506459e+04 2.827232616281029550e+04 2.709383204762445530e+04 2.597216186254249988e+04 2.490479534577648155e+04 2.388950906023731295e+04 2.292436722769530024e+04 2.200771460609022324e+04 2.113817110281747591e+04 2.031462773988091794e+04 1.953624348164595722e+04 1.880244230011146647e+04 1.811290968671786322e+04 1.746758762959858723e+04 1.686666687523582732e+04 1.631057511029947091e+04 1.579995957514188012e+04 1.533566261407358797e+04 1.491868885221956043e+04 1.455016314063870414e+04 1.423127918909301661e+04 1.396323991937208666e+04 1.374719194816179879e+04 1.358415806529708061e+04 1.347497282458533118e+04 1.342022706888751964e+04 1.341590057306957897e+04
1.827589582040174166e+06 1.827830896276440704e+06 1.816015569794397335e+06 1.792661203369839117e+06 1.758317292614873499e+06 1.713797748255795799e+06 1.660161986786451191e+06 1.598681423186628148e+06 1.530788950976860244e+06 1.458012960680951132e+06 1.381902033268148080e+06 1.303949671695816563e+06 1.225528766950647812e+06 1.147842960401552729e+06 1.071898031877615955e+06 9.984925533092517871e+05 9.282243618317153305e+05 8.615082013165330281e+05 7.985998888727660524e+05 7.396231066894626711e+05 6.845959564410893945e+05 6.334554374953416409e+05 5.860788606569601689e+05 5.423018341740157921e+05 5.019328705212795758e+05 4.647649021653473610e+05 4.305841095673475065e+05 3.991764974148244364e+05 3.703326384551330120e+05 3.438509617067909567e+05 3.195399085854760488e+05 2.972192258899073349e+05 2.767206137545697857e+05 2.578879019765554694e+05 2.405768902977395046e+05 2.246549570774310851e+05 2.100005156682590314e+05 1.965023778709764010e+05 1.840590682327213290e+05 1.725781208707013866e+05 1.619753812503497757e+05 1.521743283333747240e+05 1.431054272506389534e+05 1.347055187540486804e+05 1.269172488471911929e+05 1.196885399386526260e+05 1.129721034114317299e+05 1.067249925062934926e+05 1.009081937604329869e+05 9.548625483649148373e+04 9.042694635311783350e+04 8.570095523544248135e+04 8.128160710338207718e+04 7.714461527860123897e+04 7.326785409573197830e+04 6.963115433428989490e+04 6.621611873307226051e+04 6.300595570045468776e+04 5.998532948613046756e+04 5.714022522845523781e+04 5.445782743407983799e+04 5.192641058139497909e+04 4.953524066548152041e+04 4.727448661950310634e+04 4.513514065574698907e+04 4.310894666897620482e+04 4.118833593594334525e+04 3.936636942821065168e+04 3.763668613137937064e+04 3.599345683302724501e+04 3.443134290452414280e+04 3.294545965888063074e+04 3.153134391823354963e+04 3.018492547059379285e+04 2.890250213611271829e+04 2.768071819804536790e+04 2.651654598221811830e+04 2.540727039010618682e+04 2.435047620302028008e+04 2.334403797618858516e+04 2.238611232871295215e+04 2.147513240456185304e+04 2.060980422629860186e+04 1.978910458158855181e+04 1.901227996712893582e+04 1.827884596052685447e+04 1.758858619551753145e+04 1.694154988271460388e+04 1.633804655914736941e+04 1.577863649200292639e+04 1.526411495211760121e+04 1.479548848172538055e+04 1.437394140295915895e+04 1.400079125574952741e+04 1.367743271143909442e+04 1.340527082417917154e+04 1.318564619408537692e+04 1.301975651304127859e+04 1.290858067720579675e+04 1.285281271027759612e+04 1.284823516161186853e+04
1.889101188670285512e+06 1.889374921013612766e+06 1.876535762637878768e+06 1.851150250477544032e+06 1.813806496536333580e+06 1.765388282463342417e+06 1.707065188099441584e+06 1.640263462443725439e+06 1.566611369964634767e+06 1.487859302542266203e+06 1.405783308322421275e+06 1.322086899562855251e+06 1.238316665767041501e+06 1.155802529638272244e+06 1.075626462602700805e+06 9.986172897541038692e+05 9.253655103336967295e+05 8.562509201280594571e+05 7.914764790816683089e+05 7.311033996347768698e+05 6.750841347788240528e+05 6.232914213369592326e+05 5.755426330603662645e+05 5.316194203604450449e+05 4.912830287291333079e+05 4.542858831965916324e+05 4.203800796009253245e+05 3.893233947832852718e+05 3.608833582759354613e+05 3.348398436218347051e+05 3.109865531371665420e+05 2.891316933577900054e+05 2.690980727246451424e+05 2.507227988006222295e+05 2.338567086723373213e+05 2.183636317947347998e+05 2.041195578530470084e+05 1.910117617866775545e+05 1.789379226566083089e+05 1.678052614597854263e+05 1.575297144173102861e+05 1.480351519825682335e+05 1.392526492760778638e+05 1.311198104245236609e+05 1.235801470303743408e+05 1.165825094719938643e+05 1.100805687396692229e+05 1.040323459052359540e+05 9.839978599289471458e+04 9.314837288504061871e+04 8.824678189906410989e+04 8.366656676469751983e+04 7.938187788413540693e+04 7.536920894527673954e+04 7.160716916529332229e+04 6.807627865550438582e+04 6.475878461107832118e+04 6.163849623506166245e+04 5.870063650210708875e+04 5.593170905112665059e+04 5.331937866684199980e+04 5.085236396761598007e+04 4.852034106121792865e+04 4.631385706173324434e+04 4.422425248055713018e+04 4.224359161297508399e+04 4.036460014024448174e+04 3.858060925619091722e+04 3.688550570797166438e+04 3.527368721370273124e+04 3.374002278577392281e+04 3.227981754852314043e+04 3.088878169302886454e+04 2.956300326041538210e+04 2.829892448834698371e+04 2.709332149320395911e+04 2.594328709219761004e+04 2.484621659445834666e+04 2.379979640629744972e+04 2.280199530100668198e+04 2.185105819443238943e+04 2.094550223962866221e+04 2.008411500139837153e+04 1.926595438750964968e+04 1.849034988982397772e+04 1.775690451755473623e+04 1.706549658004963931e+04 1.641628019647262408e+04 1.580968308279516350e+04 1.524639981748867285e+04 1.472737846597820499e+04 1.425379823287933505e+04 1.382703582891908445e+04 1.344861863316841300e+04 1.312016364843576230e+04 1.284330278367874780e+04 1.261959712001315711e+04 1.245044529124298788e+04 1.233699346446759409e+04 1.228005599359106054e+04 1.227520931230941824e+04
1.955010789327361621e+06 1.955320633149767527e+06 1.941400809319684980e+06 1.913856759780731983e+06 1.873292579836391611e+06 1.820639099994955817e+06 1.757163573596737115e+06 1.684453871607316425e+06 1.604363226857383503e+06 1.518912248331324896e+06 1.430160656648944831e+06 1.340073762809357839e+06 1.250409878576574847e+06 1.162645498379835160e+06 1.077942313653045567e+06 9.971501489993523574e+05 9.208350682896254584e+05 8.493214457500404678e+05 7.827388574450894957e+05 7.210675355742810061e+05 6.641788061788047198e+05 6.118689644478916889e+05 5.638863752157294657e+05 5.199523412867254810e+05 4.797766281199349905e+05 4.430686227078427328e+05 4.095450515768105979e+05 3.789350638107990380e+05 3.509833456822169828e+05 3.254517986662680632e+05 3.021201938270117389e+05 2.807861165739553398e+05 2.612644362872471684e+05 2.433864731079237536e+05 2.269989864647336362e+05 2.119630738510774972e+05 1.981530414711248595e+05 1.854552885443230334e+05 1.737672325984510826e+05 1.629962926607225381e+05 1.530589398444825492e+05 1.438798196403820184e+05 1.353909466624810011e+05 1.275309702270068519e+05 1.202445076237179892e+05 1.134815410318428039e+05 1.071968735543553194e+05 1.013496396636523132e+05 9.590286537263185892e+04 9.082307359829038614e+04 8.607993042060444714e+04 8.164592822233709740e+04 7.749610200100111251e+04 7.360777545557105623e+04 6.996033375639685255e+04 6.653502019992095302e+04 6.331475422580438317e+04 6.028396853065748292e+04 5.742846324873368576e+04 5.473527538573559286e+04 5.219256188796392235e+04 4.978949490638547286e+04 4.751616797517410305e+04 4.536351196820732730e+04 4.332321982633240987e+04 4.138767916437043459e+04 3.954991197112228110e+04 3.780352070940553676e+04 3.614264020750938653e+04 3.456189480949265271e+04 3.305636032047560730e+04 3.162153034522972303e+04 3.025328667466366460e+04 2.894787342575436196e+04 2.770187468628116039e+04 2.651219545641457808e+04 2.537604571438791027e+04 2.429092746218113462e+04 2.325462462788445191e+04 2.226519571166853711e+04 2.132096905848496317e+04 2.042054061776766321e+04 1.956277400167389351e+04 1.874680257021396756e+04 1.797203314337511983e+04 1.723815075538567544e+04 1.654512361320026685e+04 1.589320709241908662e+04 1.528294520077848210e+04 1.471516748158238443e+04 1.419097886627345179e+04 1.371173960908189110e+04 1.327903229275669946e+04 1.289461317921592490e+04 1.256034611268029767e+04 1.227811894349494651e+04 1.204974505779224273e+04 1.187685582887435339e+04 1.176079305661904618e+04 1.170251283579512346e+04 1.169737577515678095e+04
2.024840705231431406e+06 2.025190084344406612e+06 2.010192562424105825e+06 1.980468465763227548e+06 1.936590246927949134e+06 1.879482026347318897e+06 1.810467503982038703e+06 1.731285519487907412e+06 1.644043793161690002e+06 1.551097709755302873e+06 1.454871666457651882e+06 1.357667969476330560e+06 1.261510128700405126e+06 1.168047351488803513e+06 1.078522745669808472e+06 9.937916343262287555e+05 9.143708677792656235e+05 8.405018046996929916e+05 7.722145264352423837e+05 7.093859606885460671e+05 6.517885974596643355e+05 5.991291036938653560e+05 5.510776003616474336e+05 5.072890107201704523e+05 4.674180416880996199e+05 4.311292550350229139e+05 3.981034699684988009e+05 3.680414980324539356e+05 3.406659871160686598e+05 3.157219608448891668e+05 2.929764862220900250e+05 2.722177832194887451e+05 2.532539997517128941e+05 2.359118083675043890e+05 2.200349318515600171e+05 2.054826693956480012e+05 1.921284696020385018e+05 1.798585786487451405e+05 1.685707794504785561e+05 1.581732290825056843e+05 1.485833959845424979e+05 1.397270947144659585e+05 1.315376136855636141e+05 1.239549299686945451e+05 1.169250045649233798e+05 1.103991513349468587e+05 1.043334728529189742e+05 9.868835672383844212e+04 9.342802628850654582e+04 8.852014008504962840e+04 8.393543490495612787e+04 7.964740775056976418e+04 7.563203245459335449e+04 7.186750715104391566e+04 6.833402918605344894e+04 6.501359442358610977e+04 6.188981823518826423e+04 5.894777576504832541e+04 5.617385933359413320e+04 5.355565108661880367e+04 5.108180921475321520e+04 4.874196626240919431e+04 4.652663821829635708e+04 4.442714323363841686e+04 4.243552895121335314e+04 4.054450755038410716e+04 3.874739772206241469e+04 3.703807288473616791e+04 3.541091503974139050e+04 3.386077374216458702e+04 3.238292973429922131e+04 3.097306285248227505e+04 2.962722387619920119e+04 2.834181004123776438e+04 2.711354398686079367e+04 2.593945595052816861e+04 2.481686906247082152e+04 2.374338762556117945e+04 2.271688829206685114e+04 2.173551406551972468e+04 2.079767105939328030e+04 1.990202792909493655e+04 1.904751785230772293e+04 1.823334285465221183e+04 1.745898014972482270e+04 1.672418996880224586e+04 1.602902407828826290e+04 1.537383380620738899e+04 1.475927591417459553e+04 1.418631406769304886e+04 1.365621301847395262e+04 1.317052201494022665e+04 1.273104357284600701e+04 1.233978382245761713e+04 1.199888151972770356e+04 1.171051477018061814e+04 1.147678770935238208e+04 1.129960360018448409e+04 1.118053531487470900e+04 1.112070772820928505e+04 1.111525516197985417e+04
2.097101180206684629e+06 2.097492663729220629e+06 2.081538728810483357e+06 2.049830258735674433e+06 2.002822211466592737e+06 1.941325476050061407e+06 1.866622844480877742e+06 1.780551578366546426e+06 1.685491905050145928e+06 1.584220203848034842e+06 1.479646914033045294e+06 1.374525891154087614e+06 1.271225000485451892e+06 1.171601796162307030e+06 1.076979871473259060e+06 9.881957052261665231e+05 9.056819048798981821e+05 8.295603656001558993e+05 7.597291953025117982e+05 6.959358276928935666e+05 6.378343638542662375e+05 5.850282268331660889e+05 5.371005007041516947e+05 4.936345963412671117e+05 4.542276586885463330e+05 4.184987153972832602e+05 3.860931276235395344e+05 3.566845135875653941e+05 3.299749978450826020e+05 3.056943938052982558e+05 2.835987438254893641e+05 2.634685077029776294e+05 2.451065948255081894e+05 2.283363678253174294e+05 2.129996986227169400e+05 1.989551254423270293e+05 1.860761374689088261e+05 1.742495991884612886e+05 1.633743169212158537e+05 1.533597440257972339e+05 1.441248176302922657e+05 1.355969177493877069e+05 1.277109387345382565e+05 1.204084627997191274e+05 1.136370256087002344e+05 1.073494644232412247e+05 1.015033399743672198e+05 9.606042395074940578e+04 9.098624474634847138e+04 8.624968484061374329e+04 8.182262387852228130e+04 7.767962216322787572e+04 7.379763986599439522e+04 7.015578779506735737e+04 6.673510604840233282e+04 6.351836730748776608e+04 6.048990191444899392e+04 5.763544221621100587e+04 5.494198396178529219e+04 5.239766280583120533e+04 4.999164420726396202e+04 4.771402521943020110e+04 4.555574685156495980e+04 4.350851584279881354e+04 4.156473483261841466e+04 3.971744003780111234e+04 3.796024565764409635e+04 3.628729432863974944e+04 3.469321303840840847e+04 3.317307398818951333e+04 3.172235996481392795e+04 3.033693384806856557e+04 2.901301193871875876e+04 2.774714084695152997e+04 2.653617773129834677e+04 2.537727372451295378e+04 2.426786042537269532e+04 2.320563937343932048e+04 2.218857445616428595e+04 2.121488722216687165e+04 2.028305508729137364e+04 1.939181241556508394e+04 1.854015442710891512e+04 1.772734381762903649e+04 1.695291985338565792e+04 1.621670951080983650e+04 1.551883993638158972e+04 1.485975108313186865e+04 1.424020681242395949e+04 1.366130202632409964e+04 1.312446254506245714e+04 1.263143355857420102e+04 1.218425175307904101e+04 1.178519596376658956e+04 1.143671187724344418e+04 1.114130839197401474e+04 1.090142708411406966e+04 1.071929171413613949e+04 1.059675098527535920e+04 1.053513312325441439e+04 1.052933513620540725e+04
2.168889823091593571e+06 2.169324105035346933e+06 2.152690098459499422e+06 2.119495232245075516e+06 2.069965204297786579e+06 2.004635023395053577e+06 1.924563967704552459e+06 1.831546947276138235e+06 1.728205929121666821e+06 1.617839276064555161e+06 1.504022985137715470e+06 1.390140104210044723e+06 1.279024126135233557e+06 1.172792442754894029e+06 1.072845205916706705e+06 9.799640121615880635e+05 8.944493209457399789e+05 8.162568699729340151e+05 7.451137566008191789e+05 6.806084611537271412e+05 6.222562522075158777e+05 5.695442720189274987e+05 5.219611124761445099e+05 4.790151563132777228e+05 4.402450925630207057e+05 4.052251584706465947e+05 3.735669411089759087e+05 3.449190168393032509e+05 3.189652989607937634e+05 2.954226738536799094e+05 2.740383042704631225e+05 2.545868406106475741e+05 2.368676881544775388e+05 2.207024164983317896e+05 2.059323569880506548e+05 1.924164079164596624e+05 1.800290509034897841e+05 1.686585719763799862e+05 1.582054752175592876e+05 1.485810739654150093e+05 1.397062434409330308e+05 1.315103186643985682e+05 1.239301221777453175e+05 1.169091071083721035e+05 1.103966023095828714e+05 1.043471475706985802e+05 9.871990813131790492e+04 9.347815891509657376e+04 8.858882999462021689e+04 8.402210579945334757e+04 7.975107148158318887e+04 7.575140065871877596e+04 7.200107947153129498e+04 6.848016252307464310e+04 6.517055682484881254e+04 6.205583036204578821e+04 5.912104231791864731e+04 5.635259237098160520e+04 5.373808680527839897e+04 5.126621945911376679e+04 4.892666578671332536e+04 4.670998852483465453e+04 4.460755364659761108e+04 4.261145545136154396e+04 4.071444978555318812e+04 3.890989451775283669e+04 3.719169650459203694e+04 3.555426438425855304e+04 3.399246662358304457e+04 3.250159432451938119e+04 3.107732836778719138e+04 2.971571053689772816e+04 2.841311832587174285e+04 2.716624318966647479e+04 2.597207204845722299e+04 2.482787190605061915e+04 2.373117748901423329e+04 2.267978185644585392e+04 2.167172996967140716e+04 2.070531524470218937e+04 1.977907913459523479e+04 1.889181379833753090e+04 1.804256789901538650e+04 1.723065552392745667e+04 1.645566811463787963e+04 1.571748911041111569e+04 1.501631071113135658e+04 1.435265171601708789e+04 1.372737475059708413e+04 1.314170032456598892e+04 1.259721406809371729e+04 1.209586224606581527e+04 1.163992944667608208e+04 1.123199156613285049e+04 1.087483746463116950e+04 1.057135470435182106e+04 1.032437927245047467e+04 1.013651628749459451e+04 1.000994745380632412e+04 9.946249142224600291e+03 9.940069852181581155e+03
2.238226435412715655e+06 2.238700415792244952e+06 2.221591270080057904e+06 2.187327641107641160e+06 2.135890544710524846e+06 2.067450829963776749e+06 1.982652850838418817e+06 1.883002755213499302e+06 1.771203967641316587e+06 1.651125239161501871e+06 1.527220988029752625e+06 1.403747589211961720e+06 1.284176336902340641e+06 1.170955062739383429e+06 1.065551624515483854e+06 9.686417107374566840e+05 8.803307717325951671e+05 8.003511914554554969e+05 7.282145525087093702e+05 6.633193740374934860e+05 6.050225560052597430e+05 5.526840708567915717e+05 5.056931286335571785e+05 4.634820737700339523e+05 4.255324575124676921e+05 3.913763068156886147e+05 3.605945806262250990e+05 3.328140933122647111e+05 3.077037086438771221e+05 2.849702953580413014e+05 2.643547338746917667e+05 2.456281357085268246e+05 2.285883570499792113e+05 2.130568388888273039e+05 1.988757767782562878e+05 1.859056066343571583e+05 1.740227841494279564e+05 1.631178314529354684e+05 1.530936236524558044e+05 1.438638886011660215e+05 1.353518948931720515e+05 1.274893052002722543e+05 1.202151743372338824e+05 1.134750737014933111e+05 1.072203258774252172e+05 1.014073351734612515e+05 9.599700165057086269e+04 9.095420779929420678e+04 8.624736843659226724e+04 8.184803563588553516e+04 7.773055158917600056e+04 7.387174324526009150e+04 7.025065338872306165e+04 6.684830353561039374e+04 6.364748463728778734e+04 6.063257211637909495e+04 5.778936221893750917e+04 5.510492706489763077e+04 5.256748612295952626e+04 5.016629213376696862e+04 4.789152976309929363e+04 4.573422549034842814e+04 4.368616743170688278e+04 4.173983396640527644e+04 3.988833018165854446e+04 3.812533128086655779e+04 3.644503221280044818e+04 3.484210287935979431e+04 3.331164836813681177e+04 3.184917373528930693e+04 3.045055293576226177e+04 2.911200156313804837e+04 2.783005312167490047e+04 2.660153860954782431e+04 2.542356924591601273e+04 2.429352222605003408e+04 2.320902943886057983e+04 2.216796912996155879e+04 2.116846054043199183e+04 2.020886159528696953e+04 1.928776975358569325e+04 1.840402615899495868e+04 1.755672323714914091e+04 1.674521586113594094e+04 1.596913612877828018e+04 1.522841163572759979e+04 1.452328684573483952e+04 1.385434669979711362e+04 1.322254090429018470e+04 1.262920632858918179e+04 1.207608358174263594e+04 1.156532215224239371e+04 1.109946665950579336e+04 1.068141520653441512e+04 1.031434031294367742e+04 1.000156456053942020e+04 9.746388105260773955e+03 9.551874263707670252e+03 9.420611641757126563e+03 9.354483644600833941e+03 9.347879652297235225e+03
2.315061975896012969e+06 2.315565378823661245e+06 2.297334433833529241e+06 2.260829053846325725e+06 2.206023183175691403e+06 2.133026055251258425e+06 2.042293731994091766e+06 1.935041369252211414e+06 1.813867250492665917e+06 1.683104536868267925e+06 1.548142110085455468e+06 1.414256832004287047e+06 1.285682106714572525e+06 1.165235903590665665e+06 1.054416508386329981e+06 9.537179382123355754e+05 8.629705764762796462e+05 7.816174246959551238e+05 7.089078256961565930e+05 6.440212074506293284e+05 5.861404027764330385e+05 5.344916971091622254e+05 4.883641468916980666e+05 4.471165645944960997e+05 4.101775087490968290e+05 3.770415568420938216e+05 3.472638170690359548e+05 3.204538123402370838e+05 2.962693687615070958e+05 2.744108408107224968e+05 2.546158290788826998e+05 2.366544451407764864e+05 2.203251218929009046e+05 2.054509382510495197e+05 1.918764133489308879e+05 1.794647206392489315e+05 1.680952725648256892e+05 1.576616293586676475e+05 1.480696896486681944e+05 1.392361250789386104e+05 1.310870256651030795e+05 1.235567268383759802e+05 1.165867929916496942e+05 1.101251357819340337e+05 1.041252484701638605e+05 9.854554021632319200e+04 9.334875652988058573e+04 8.850147404128366907e+04 8.397365944802148442e+04 7.973828393468007562e+04 7.577098560328672465e+04 7.204977350749510515e+04 6.855476778745969932e+04 6.526797117406193138e+04 6.217306779078800901e+04 5.925524574564117938e+04 5.650104048821991455e+04 5.389819632061243465e+04 5.143554380541200226e+04 4.910289111869582121e+04 4.689092765777587920e+04 4.479113843921964872e+04 4.279572801749739301e+04 4.089755282333075593e+04 3.909006096721930953e+04 3.736723868121245323e+04 3.572356268366175209e+04 3.415395784992424888e+04 3.265375965906947749e+04 3.121868096447493735e+04 2.984478270651464481e+04 2.852844824995418821e+04 2.726636108852627513e+04 2.605548571584663296e+04 2.489305151649199979e+04 2.377653958479548601e+04 2.270367243259970201e+04 2.167240660148007373e+04 2.068092824996076160e+04 1.972765184136620519e+04 1.881122211125848844e+04 1.793051954092824599e+04 1.708466959767268054e+04 1.627305601105047572e+04 1.549533831638058655e+04 1.475147378039246178e+04 1.404174358105011561e+04 1.336678267567283729e+04 1.272761206701944502e+04 1.212567105618352070e+04 1.156284544630624623e+04 1.104148547836723083e+04 1.056440464042129679e+04 1.013484781185063548e+04 9.756415416083906166e+03 9.432930928955784111e+03 9.168244243921319139e+03 8.965974672931093664e+03 8.829214464048236550e+03 8.760232715504907901e+03 8.753151028476951979e+03
2.434851910581395030e+06 2.435363896201134194e+06 2.414311781647611409e+06 2.372053335309949238e+06 2.308503055019507185e+06 2.223993419222403318e+06 2.119587636091532651e+06 1.997314637002528179e+06 1.860605517562412191e+06 1.714804919521309435e+06 1.566130560565762455e+06 1.420430678497717483e+06 1.282279302153475117e+06 1.154572521327856928e+06 1.038637184282531263e+06 9.346369310721333604e+05 8.420191262194516603e+05 7.598651564782066271e+05 6.871191209839180810e+05 6.227197026987434365e+05 5.656680432614856400e+05 5.150574572153682820e+05 4.700819735680436133e+05 4.300339200060748262e+05 3.942963692607227713e+05 3.623336273863780661e+05 3.336814258057681145e+05 3.079376310554726515e+05 2.847538242611911846e+05 2.638278580920926761e+05 2.448973754096537887e+05 2.277342162500355917e+05 2.121396175113805512e+05 1.979401057619266794e+05 1.849839886076145631e+05 1.731383590030830819e+05 1.622865370806106075e+05 1.523258841452576162e+05 1.431659327992116741e+05 1.347267854597079568e+05 1.269377407722371572e+05 1.197361136439383263e+05 1.130662199262107897e+05 1.068785012709175644e+05 1.011287694806452055e+05 9.577755287216226861e+04 9.078952986440114910e+04 8.613303726698487299e+04 8.177964265060028993e+04 7.770377178409526823e+04 7.388238347379473271e+04 7.029468527918159089e+04 6.692188454014249146e+04 6.374696996312250849e+04 6.075451970086229267e+04 5.793053244286919653e+04 5.526227852827611787e+04 5.273816851318464614e+04 5.034763698274348280e+04 4.808103970389455208e+04 4.592956247612351581e+04 4.388514026164208917e+04 4.194038536897143058e+04 4.008852362985735817e+04 3.832333765296251659e+04 3.663911636237187486e+04 3.503061013771823491e+04 3.349299096820953127e+04 3.202181711736473881e+04 3.061300187083031778e+04 2.926278600802970323e+04 2.796771370127929185e+04 2.672461160487097732e+04 2.553057095295155523e+04 2.438293254019541564e+04 2.327927451463439502e+04 2.221740296883801784e+04 2.119534537509980873e+04 2.021134697324528315e+04 1.926387028650306456e+04 1.835159801087019514e+04 1.747343959417747828e+04 1.662854188698394864e+04 1.581630429778270081e+04 1.503639890058327364e+04 1.428879589128693260e+04 1.357379461796832220e+04 1.289206003819079888e+04 1.224466376531627975e+04 1.163312769446221682e+04 1.105946635400822379e+04 1.052622143052143838e+04 1.003647831299557765e+04 9.593850300800952027e+03 9.202412325930752559e+03 8.866564731264383227e+03 8.590812012937272812e+03 8.379454865151155900e+03 8.236217510673552169e+03 8.163861655631390022e+03 8.156236852827713847e+03
2.639716334738403559e+06 2.640204412811036222e+06 2.616080969383285847e+06 2.566723511048986576e+06 2.490473358843712602e+06 2.386245063350576907e+06 2.254943223172320053e+06 2.100520613963658456e+06 1.930364088097387226e+06 1.755098347720298916e+06 1.583724779930189718e+06 1.421893942353592021e+06 1.272735041656072251e+06 1.137769709821890807e+06 1.017324646552181104e+06 9.108304220411661081e+05 8.171662039060048992e+05 7.349696963304475648e+05 6.628479343349162955e+05 5.994923032920320984e+05 5.437280899748706724e+05 4.945268556103032315e+05 4.510004053056489211e+05 4.123870256892134785e+05 3.780354995197344106e+05 3.473895032125373837e+05 3.199734737819469883e+05 2.953802791357230744e+05 2.732606758659083280e+05 2.533143925929104735e+05 2.352826300877395843e+05 2.189417684622416564e+05 2.040980900518364215e+05 1.905833513140899595e+05 1.782510621607879584e+05 1.669733541099815338e+05 1.566383386366041377e+05 1.471478740385810088e+05 1.384156732719069114e+05 1.303656969073890214e+05 1.229307850008855748e+05 1.160514895943624288e+05 1.096750760784067679e+05 1.037546670018587756e+05 9.824850632192534977e+04 9.311932572132092901e+04 8.833379761911818059e+04 8.386206198401225265e+04 7.967731611630729458e+04 7.575545827416484826e+04 7.207477744261297630e+04 6.861568273086119734e+04 6.536046687594712421e+04 6.229309916228702787e+04 5.939904376493364543e+04 5.666510011192437378e+04 5.407926235664325941e+04 5.163059546995769779e+04 4.930912581674376270e+04 4.710574438271279359e+04 4.501212107395730709e+04 4.302062873054484953e+04 4.112427568288501789e+04 3.931664584051743441e+04 3.759184544168694265e+04 3.594445571218965779e+04 3.436949078654155892e+04 3.286236033622283139e+04 3.141883643082134586e+04 3.003502423040358190e+04 2.870733617321105703e+04 2.743246938347935793e+04 2.620738608140554788e+04 2.502929683265653875e+04 2.389564652982285406e+04 2.280410305455454363e+04 2.175254862840564965e+04 2.073907392440065814e+04 1.976197508172793823e+04 1.881975384423573996e+04 1.791112113050820699e+04 1.703500443890806127e+04 1.619055959233442081e+04 1.537718742712261519e+04 1.459455611309716915e+04 1.384262982783787629e+04 1.312170444560497526e+04 1.243245065211323163e+04 1.177596431925838624e+04 1.115382285581094584e+04 1.056814429504459986e+04 1.002164273242553463e+04 9.517669077337777708e+03 9.060219946358525704e+03 8.653890771036498336e+03 8.303744313348355718e+03 8.015067501399472349e+03 7.793004133244127843e+03 7.642083014604138043e+03 7.565706606795271910e+03 7.557456880293457289e+03
2.926772935385623481e+06 2.927194505155890249e+06 2.904412997764280997e+06 2.855632492780281231e+06 2.774948488413656596e+06 2.655433292028605007e+06 2.492581497657046188e+06 2.288861919104071334e+06 2.057438469046551967e+06 1.824718732418864267e+06 1.610243733830044745e+06 1.421128186011795886e+06 1.256666187711035134e+06 1.113791715151043143e+06 9.896229173671248136e+05 8.817885610630670562e+05 7.881939534080292797e+05 7.069124243354921928e+05 6.361969707567340229e+05 5.745081875054436969e+05 5.205204917410615599e+05 4.731085160015902366e+05 4.313237104578480357e+05 3.943685968499862356e+05 3.615725223410858307e+05 3.323704132717626635e+05 3.062848197171998909e+05 2.829110153739770176e+05 2.619047378336202237e+05 2.429721323945526965e+05 2.258615033043520234e+05 2.103565357421978260e+05 1.962707112289828365e+05 1.834426915871861565e+05 1.717324903800035245e+05 1.610182863711774407e+05 1.511937621073510090e+05 1.421658734926103207e+05 1.338529743432296673e+05 1.261832343395691860e+05 1.190933003077741887e+05 1.125271599816913804e+05 1.064351747988288553e+05 1.007732542513993103e+05 9.550214914053730899e+04 9.058684500029141782e+04 8.599604015012351738e+04 8.170169544383951870e+04 7.767864492241974222e+04 7.390425833833815705e+04 7.035814797126730264e+04 6.702191335697237810e+04 6.387891854872708063e+04 6.091409736079742288e+04 5.811378273642659769e+04 5.546555696251835616e+04 5.295811993969175091e+04 5.058117312559678976e+04 4.832531711453595199e+04 4.618196110835800937e+04 4.414324278116454661e+04 4.220195725093999499e+04 4.035149405089165521e+04 3.858578114716070559e+04 3.689923518182890257e+04 3.528671723444936652e+04 3.374349349464736588e+04 3.226520032528404408e+04 3.084781327256412987e+04 2.948761964820925641e+04 2.818119437131692030e+04 2.692537881545454002e+04 2.571726246148344217e+04 2.455416721031943962e+04 2.343363426397865987e+04 2.235341353966304450e+04 2.131145564245594505e+04 2.030590648962301202e+04 1.933510475617170232e+04 1.839758239995585973e+04 1.749206862801194075e+04 1.661749778628319473e+04 1.577302179339321265e+04 1.495802789327909886e+04 1.417216266224457286e+04 1.341536335154959124e+04 1.268789773193531073e+04 1.199041354625858185e+04 1.132399831874485244e+04 1.069024935889214066e+04 1.009135193341771264e+04 9.530160187910991226e+03 9.010269790457094132e+03 8.536062901353532652e+03 8.112695254013418889e+03 7.745984349791850036e+03 7.442153409886732334e+03 7.207398640543188776e+03 7.047288876043337041e+03 6.966077034385861225e+03 6.957098524104112585e+03
3.238662455812648870e+06 3.238976221433680970e+06 3.225868658311941661e+06 3.194278867053795140e+06 3.132729894878700376e+06 3.023598826771851629e+06 2.847036986297895201e+06 2.591634091105424333e+06 2.268886226062503643e+06 1.943420724050391698e+06 1.657708374165159417e+06 1.423542487310103839e+06 1.235357829313156195e+06 1.082290794975729892e+06 9.549676816486119060e+05 8.471933781354191015e+05 7.550561462785967160e+05 6.758312047695864458e+05 6.074039847501523327e+05 5.480475151833107229e+05 4.963334113974618958e+05 4.510797099090043921e+05 4.113088813370228163e+05 3.762115173200565041e+05 3.451155130653108354e+05 3.174606023092521355e+05 2.927776818759671296e+05 2.706721708528547315e+05 2.508106525719102065e+05 2.329101404530705477e+05 2.167294250000923639e+05 2.020620686799539835e+05 1.887307078560703667e+05 1.765823951704997162e+05 1.654847739261244715e+05 1.553229210877184232e+05 1.459967303245717194e+05 1.374187334157235164e+05 1.295122791938088194e+05 1.222100054457903461e+05 1.154525519037113991e+05 1.091874724655836471e+05 1.033683127046122536e+05 9.795382502291791025e+04 9.290729884032878908e+04 8.819598725242591172e+04 8.379061485439767421e+04 7.966495407081529265e+04 7.579545948201912688e+04 7.216095139430211566e+04 6.874234134087602433e+04 6.552239338494143158e+04 6.248551607378219342e+04 5.961758070225117262e+04 5.690576221640826407e+04 5.433839964833445265e+04 5.190487344130807469e+04 4.959549741697064019e+04 4.740142346596217976e+04 4.531455732161878404e+04 4.332748401149940764e+04 4.143340178102550271e+04 3.962606345331445482e+04 3.789972433437567088e+04 3.624909589733505709e+04 3.466930458669691870e+04 3.315585517683446960e+04 3.170459820038169710e+04 3.031170103417636346e+04 2.897362229488301455e+04 2.768708925503928549e+04 2.644907804484591907e+04 2.525679645711985722e+04 2.410766922413614884e+04 2.299932568751694998e+04 2.192958983783908843e+04 2.089647276166752999e+04 1.989816760309430174e+04 1.893304722796926217e+04 1.799966487587278971e+04 1.709675820228442899e+04 1.622325725663426238e+04 1.537829711633384068e+04 1.456123610662725332e+04 1.377168078135807991e+04 1.300951911129119799e+04 1.227496359521375416e+04 1.156860620618840949e+04 1.089148706952501925e+04 1.024517827003381535e+04 9.631882721966616373e+03 9.054544809527093093e+03 8.516963340690683253e+03 8.023886826446868326e+03 7.581055246177925255e+03 7.195132725625511739e+03 6.873459303491346873e+03 6.623554175292623768e+03 6.452351796350109908e+03 6.365259452943882934e+03 6.355417902612540274e+03
3.525819225652413908e+06 3.526005708751891274e+06 3.530881869752607308e+06 3.535312056935539469e+06 3.525253975042990874e+06 3.471603616227127146e+06 3.326269342663719784e+06 3.035750153981377836e+06 2.568171299985473044e+06 2.105616747999264859e+06 1.724028040641642874e+06 1.430569269221475348e+06 1.210451995231271023e+06 1.043911627715985640e+06 9.134627767278087558e+05 8.071348935561524704e+05 7.179899283837971743e+05 6.420790468802707037e+05 5.768725402684742585e+05 5.205166482765793335e+05 4.715496649988262216e+05 4.287879505202819128e+05 3.912646971494215541e+05 3.581867088692291290e+05 3.289004244026842644e+05 3.028647125434027403e+05 2.796291766964359558e+05 2.588169312738480221e+05 2.401109416833621508e+05 2.232431674575885991e+05 2.079858975982262928e+05 1.941447994454122090e+05 1.815533106018588587e+05 1.700680883993202297e+05 1.595652967089436424e+05 1.499375596602654550e+05 1.410914496731331164e+05 1.329454060395696433e+05 1.254280023588733893e+05 1.184764981116055133e+05 1.120356228084276081e+05 1.060565513969021704e+05 1.004960376437799423e+05 9.531567854763793002e+04 9.048128786394241615e+04 8.596236083407000115e+04 8.173161542383312189e+04 7.776459796591148188e+04 7.403934319526229228e+04 7.053608036866392649e+04 6.723697854839394859e+04 6.412592526753543643e+04 6.118833372956847597e+04 5.841097446649785707e+04 5.578182801848959207e+04 5.328995572854486090e+04 5.092538618785498693e+04 4.867901523704994179e+04 4.654251773845336720e+04 4.450826959515499766e+04 4.256927871268532181e+04 4.071912378534009622e+04 3.895189994745067088e+04 3.726217046487799234e+04 3.564492375766222540e+04 3.409553514435549732e+04 3.260973278490823213e+04 3.118356737443508973e+04 2.981338520680197689e+04 2.849580428664329520e+04 2.722769322279108746e+04 2.600615268676579217e+04 2.482849926863815563e+04 2.369225161082774503e+04 2.259511875018935825e+04 2.153499065222783247e+04 2.050993098107069090e+04 1.951817221820533086e+04 1.855811332602958282e+04 1.762832025420932769e+04 1.672752971429971512e+04 1.585465680941770188e+04 1.500880731105333325e+04 1.418929563602150665e+04 1.339566990476070532e+04 1.262774586578316485e+04 1.188565194597138361e+04 1.116988819814979615e+04 1.048140236494675810e+04 9.821686424651952620e+03 9.192896335124823963e+03 8.597995292288336714e+03 8.040914991836832087e+03 7.526717523906390852e+03 7.061719473573500181e+03 6.653507933392305858e+03 6.310741197360860497e+03 6.042607935905019986e+03 5.857864003878206859e+03 5.763523103111388991e+03 5.752641153761308487e+03
3.807415217343259603e+06 3.807493292613149155e+06 3.835919773687918205e+06 3.892442933364100754e+06 3.971221546045819763e+06 4.045034845598006155e+06 4.031804780346692074e+06 3.776631585470943246e+06 2.965795283587654121e+06 2.276908976520443801e+06 1.781842631761091994e+06 1.430490632539756596e+06 1.179859555461245123e+06 9.995706692840658361e+05 8.661496759909442626e+05 7.623825104501473252e+05 6.776564895722168731e+05 6.062856871493934887e+05 5.451962954812304815e+05 4.924553820252875448e+05 4.466462131931399927e+05 4.066471892981654964e+05 3.715467945632647024e+05 3.405981146324000438e+05 3.131864459586312296e+05 2.888036908515059040e+05 2.670278021777112735e+05 2.475063597209323489e+05 2.299435057693942217e+05 2.140895605890979641e+05 1.997327490754532337e+05 1.866925817035968939e+05 1.748145314617093827e+05 1.639657289857000869e+05 1.540314613460857654e+05 1.449123086170180759e+05 1.365217895256468619e+05 1.287844158140980726e+05 1.216340765938547411e+05 1.150126905831335462e+05 1.088690769334240322e+05 1.031580052979386819e+05 9.783939356133113324e+04 9.287762775104127650e+04 8.824098347103722335e+04 8.390113202838320285e+04 7.983271748173437663e+04 7.601299329595336167e+04 7.242150926703393634e+04 6.903984098549248301e+04 6.585135541134532832e+04 6.284100719982430019e+04 5.999516129116238153e+04 5.730143799739627866e+04 5.474857741361905209e+04 5.232632047388131468e+04 5.002530438188239350e+04 4.783697048866420664e+04 4.575348297592729068e+04 4.376765694419656938e+04 4.187289470779647672e+04 4.006312927007665712e+04 3.833277409783648181e+04 3.667667843787772290e+04 3.509008752476078371e+04 3.356860712013321609e+04 3.210817190309179205e+04 3.070501730010132451e+04 2.935565440394098550e+04 2.805684768570260712e+04 2.680559525361036140e+04 2.559911145885890073e+04 2.443481169333931757e+04 2.331029926867222457e+04 2.222335431224430067e+04 2.117192466619420884e+04 2.015411883219683295e+04 1.916820107204232772e+04 1.821258885594175808e+04 1.728585295335283081e+04 1.638672059313159843e+04 1.551408229193840816e+04 1.466700317674823600e+04 1.384473992820203966e+04 1.304676487064224784e+04 1.227279926055553915e+04 1.152285850668184685e+04 1.079731290895753773e+04 1.009696850435592933e+04 9.423173619181041431e+03 8.777957357323200995e+03 8.164205568383987156e+03 7.585875851294656968e+03 7.048242058834007366e+03 6.558134314909463683e+03 6.124095071965432908e+03 5.756303170315629359e+03 5.466049231584557674e+03 5.264553872497301199e+03 5.161128950768185859e+03 5.148966010922146779e+03
4.293852824617677368e+06 4.293870824324380606e+06 4.347859138652149588e+06 4.467082786604344845e+06 4.674951828151508234e+06 4.999691346266143955e+06 5.411779257843658328e+06 5.706776282143582590e+06 3.519230986389731988e+06 2.405342680276762228e+06 1.789896854230386671e+06 1.401767568343523191e+06 1.136459257874465780e+06 9.492803279320817674e+05 8.148686106768827885e+05 7.145680973593431991e+05 6.352695822737283306e+05 5.694071660973706748e+05 5.131691882631846820e+05 4.645320480105816387e+05 4.221845779454291333e+05 3.851276095175888040e+05 3.525483258149709436e+05 3.237746630950690596e+05 2.982492937565082102e+05 2.755092667424237588e+05 2.551689240712012979e+05 2.369057146799864422e+05 2.204486189216923958e+05 2.055688042723154940e+05 1.920721136194668943e+05 1.797930254987555090e+05 1.685897843300604145e+05 1.583404576184891921e+05 1.489397282198841567e+05 1.402962713587326289e+05 1.323305988710323290e+05 1.249732786205599987e+05 1.181634567283034849e+05 1.118476254702295701e+05 1.059785914850579284e+05 1.005146081010714115e+05 9.541864275571459439e+04 9.065775611034735630e+04 8.620257390779023990e+04 8.202683614921668777e+04 7.810701098260663275e+04 7.442196295261422347e+04 7.095266708028186986e+04 6.768196171261511336e+04 6.459433427788630797e+04 6.167573505836242111e+04 5.891341489159609046e+04 5.629578336878936534e+04 5.381228464137893752e+04 5.145328839640950901e+04 4.920999393480810249e+04 4.707434559823641030e+04 4.503895805083548476e+04 4.309705014105406008e+04 4.124238625305888127e+04 3.946922421305042371e+04 3.777226894796836132e+04 3.614663120663339942e+04 3.458779074967359338e+04 3.309156349738323479e+04 3.165407219634298235e+04 3.027172022815720629e+04 2.894116823882091194e+04 2.765931331653492452e+04 2.642327049070328576e+04 2.523035636676149443e+04 2.407807475179821631e+04 2.296410416620502292e+04 2.188628717856056392e+04 2.084262154679560990e+04 1.983125320106718937e+04 1.885047116630026721e+04 1.789870459982088505e+04 1.697452221849238413e+04 1.607663451951620482e+04 1.520389937242413544e+04 1.435533179501288032e+04 1.353011904867801240e+04 1.272764263464181204e+04 1.194750939119215946e+04 1.118959474833058084e+04 1.045410236986481323e+04 9.741645984727720133e+03 9.053361214932294388e+03 8.391057511674536727e+03 7.757422297945753598e+03 7.156289293087284022e+03 6.592976380534325472e+03 6.074675921673684570e+03 5.610825406344179100e+03 5.213278219357344824e+03 4.895935618756367148e+03 4.673390826423674298e+03 4.558344831647194042e+03 4.544563631208646257e+03
1.000000000000000056e-01 1.000000000000000056e-01 1.000000000000000056e-01 1.000000000000000056e-01 1.000000000000000056e-01 1.000000000000000056e-01 1.000000000000000056e-01 1.000000000000000056e-01 4.227955944334483705e+06 2.386476332094600424e+06 1.707866860192502616e+06 1.328200808724439237e+06 1.074144461342828115e+06 8.927930346095113782e+05 7.618757922454406507e+05 6.660692128350929124e+05 5.926081887405189918e+05 5.327297974550708896e+05 4.817707327201412409e+05 4.375228615837142570e+05 3.987910820256896550e+05 3.647388515235006926e+05 3.346863627253612503e+05 3.080594505115068750e+05 2.843726555324504152e+05 2.632171866889124503e+05 2.442494073955998174e+05 2.271801687305996311e+05 2.117654941458241956e+05 1.977987473235864600e+05 1.851041783979218162e+05 1.735316543085358280e+05 1.629523679075346736e+05 1.532553412132805970e+05 1.443445679715616570e+05 1.361366698172431788e+05 1.285589655218246480e+05 1.215478734477499384e+05 1.150475838046893768e+05 1.090089503012264613e+05 1.033885609957411943e+05 9.814795616799686104e+04 9.325296734126075171e+04 8.867315656433558615e+04 8.438133900897509011e+04 8.035317507876889431e+04 7.656682073602922901e+04 7.300262676891605952e+04 6.964287934648222290e+04 6.647157552563563513e+04 6.347422844446957606e+04 6.063769781028661964e+04 5.795004200694811880e+04 5.540038873541494831e+04 5.297882158787382650e+04 5.067628035898636153e+04 4.848447323295713431e+04 4.639579926476626133e+04 4.440327980793405004e+04 4.250049773773744528e+04 4.068154348442192713e+04 3.894096703093385440e+04 3.727373514851383516e+04 3.567519324465738464e+04 3.414103128451164957e+04 3.266725332119048107e+04 3.125015023486305654e+04 2.988627533658834727e+04 2.857242254229580431e+04 2.730560686641847497e+04 2.608304702474985970e+04 2.490214997338469766e+04 2.376049724633581354e+04 2.265583299002353306e+04 2.158605362985223110e+04 2.054919914453868842e+04 1.954344597021475056e+04 1.856710161201315350e+04 1.761860111049460465e+04 1.669650560044807571e+04 1.579950331972201639e+04 1.492641358945527099e+04 1.407619451443119033e+04 1.324795547297630219e+04 1.244097592403761882e+04 1.165473272059576811e+04 1.088893908098147040e+04 1.014359977510559838e+04 9.419089130751637640e+03 8.716261413435538998e+03 8.036607246929288522e+03 7.382475083702549455e+03 6.757382516594036133e+03 1.000000000000000056e-01 1.000000000000000056e-01 1.000000000000000056e-01 1.000000000000000056e-01 1.000000000000000056e-01 1.000000000000000056e-01 1.000000000000000056e-01 1.000000000000000056e-01
1.000000000000000056e-01 1.000000000000000056e-01 1.000000000000000056e-01 1.000000000000000056e-01 1.000000000000000056e-01 1.000000000000000056e-01 1.000000000000000056e-01 1.000000000000000056e-01 2.896191865174099337e+06 1.984442161325546214e+06 1.515011043815919431e+06 1.212780529581299052e+06 9.954404442113682162e+05 8.320452921269943472e+05 7.097366499594018096e+05 6.195705259652469540e+05 5.518081885477416217e+05 4.977837593224053853e+05 4.521143601256578695e+05 4.122735197189043975e+05 3.771274187069567852e+05 3.460075908846964594e+05 3.183848616406779038e+05 2.937967603281118209e+05 2.718382347891694517e+05 2.521595139360352769e+05 2.344616065333983570e+05 2.184900745632829785e+05 2.040285208056228294e+05 1.908925866575867112e+05 1.789247456794622412e+05 1.679899193554694648e+05 1.579718364312700578e+05 1.487700267587161507e+05 1.402973418863605475e+05 1.324779073628728220e+05 1.252454270408855518e+05 1.185417740996353386e+05 1.123158159189011785e+05 1.065224301816713851e+05 1.011216778686617035e+05 9.607810544545136509e+04 9.136015384045835526e+04 8.693965603790713067e+04 8.279140848589243251e+04 7.889280422331979207e+04 7.522351780167265679e+04 7.176523382877510448e+04 6.850141237881696725e+04 6.541708566380998673e+04 6.249868129997076903e+04 5.973386827030849963e+04 5.711142231521758367e+04 5.462110800254951027e+04 5.225357515843988222e+04 5.000026769681417500e+04 4.785334318250328215e+04 4.580560171098555293e+04 4.385042289567768603e+04 4.198170992853479402e+04 4.019383982716534229e+04 3.848161910645405442e+04 3.684024421867251658e+04 3.526526619635595853e+04 3.375255900953113451e+04 3.229829121534170918e+04 3.089890053558193540e+04 2.955107104769831130e+04 2.825171271880069617e+04 2.699794305137032279e+04 2.578707064474410799e+04 2.461658050917880246e+04 2.348412100045164698e+04 2.238749227368393986e+04 2.132463618679782667e+04 2.029362761837057042e+04 1.929266720386985617e+04 1.832007554126982359e+04 1.737428897607238105e+04 1.645385715267276828e+04 1.555744262263508608e+04 1.468382294374503545e+04 1.383189590642401708e+04 1.300068881646549380e+04 1.218937319216110882e+04 1.139728687371047272e+04 1.062396651086287420e+04 9.869194878777419945e+03 9.133069771854943610e+03 8.416104814079391872e+03 7.719378123222386421e+03 7.044753378470210009e+03 6.395210528102577882e+03 1.000000000000000056e-01 1.000000000000000056e-01 1.000000000000000056e-01 1.000000000000000056e-01 1.000000000000000056e-01 1.000000000000000056e-01 1.000000000000000056e-01 1.000000000000000056e-01
1.000000000000000056e-01 1.000000000000000056e-01 1.000000000000000056e-01 1.000000000000000056e-01 1.000000000000000056e-01 1.000000000000000056e-01 1.000000000000000056e-01 1.000000000000000056e-01 2.145199159860914107e+06 1.626135123386306688e+06 1.314594448880980723e+06 1.088872538541616872e+06 9.128532198854102753e+05 7.720420411050226539e+05 6.613196762427298818e+05 5.775535627540715504e+05 5.149758276863657520e+05 4.661559172785989358e+05 4.253554957108205417e+05 3.896448325969744474e+05 3.578540473063556128e+05 3.294514420155158150e+05 3.040555537437059684e+05 2.813178255441013607e+05 2.609149891568070743e+05 2.425563865216101403e+05 2.259869755506001529e+05 2.109859552712543227e+05 1.973632960561979853e+05 1.849556935262966726e+05 1.736226724484495353e+05 1.632431173155615397e+05 1.537122934423408587e+05 1.449393333663297526e+05 1.368451323630741099e+05 1.293605912073831860e+05 1.224251486828786728e+05 1.159855539656504843e+05 1.099948370132906421e+05 1.044114423754184972e+05 9.919849807814035739e+04 9.432319641678825428e+04 8.975626773243524076e+04 8.547153169341220928e+04 8.144551339400884171e+04 7.765711384203808848e+04 7.408732623812300153e+04 7.071899093653925229e+04 6.753658318796918320e+04 6.452602875283340836e+04 6.167454328328616975e+04 5.897049203688334819e+04 5.640326703301399539e+04 5.396317921634378581e+04 5.164136356744341174e+04 4.942969541358643619e+04 4.732071645381938288e+04 4.530756923108877527e+04 4.338393896784185927e+04 4.154400183625717182e+04 3.978237886502040783e+04 3.809409479539576569e+04 3.647454129362178355e+04 3.491944400708342437e+04 3.342483302061990253e+04 3.198701632858262019e+04 3.060255598947581530e+04 2.926824667457151008e+04 2.798109636093883455e+04 2.673830895393124592e+04 2.553726865525838002e+04 2.437552592124144212e+04 2.325078488261455641e+04 2.216089212321654850e+04 2.110382674129177394e+04 2.007769164514965087e+04 1.908070606642847270e+04 1.811119931152829668e+04 1.716760581827424176e+04 1.624846164544116800e+04 1.535240260463547020e+04 1.447816435830499722e+04 1.362458497132847879e+04 1.279061064381318647e+04 1.197530571267103915e+04 1.117786856018587605e+04 1.039765592729910713e+04 9.634219498079650293e+03 8.887360845560524467e+03 8.157214512937885956e+03 7.444375216574718252e+03 6.750095780152358202e+03 6.076600662607579579e+03 1.000000000000000056e-01 1.000000000000000056e-01 1.000000000000000056e-01 1.000000000000000056e-01 1.000000000000000056e-01 1.000000000000000056e-01 1.000000000000000056e-01 1.000000000000000056e-01
1.000000000000000056e-01 1.000000000000000056e-01 1.000000000000000056e-01 1.000000000000000056e-01 1.000000000000000056e-01 1.000000000000000056e-01 1.000000000000000056e-01 1.000000000000000056e-01 1.676363233724466525e+06 1.353034347590738675e+06 1.144537022744932910e+06 9.779267790452665649e+05 8.375279136245923582e+05 7.181078014189546229e+05 6.193047164322499884e+05 5.419600291096218862e+05 4.838373194458020735e+05 4.392699098162718001e+05 4.025781773312761798e+05 3.704501580994670512e+05 3.415907559122691164e+05 3.155518126546011772e+05 2.920783828728797962e+05 2.709263537115350482e+05 2.518482172092559631e+05 2.346076632094461529e+05 2.189895886387857900e+05 2.048034202482918336e+05 1.918825943729074206e+05 1.800823885891300451e+05 1.692772682062166568e+05 1.593582743085322145e+05 1.502306587444464676e+05 1.418118233246525633e+05 1.340295572133152746e+05 1.268205425949144119e+05 1.201290923363412585e+05 1.139060843738650437e+05 1.081080613091824198e+05 1.026964681482020242e+05 9.763700540112642921e+04 9.289907856587303104e+04 8.845532826335370191e+04 8.428122800800860568e+04 8.035473884301376529e+04 7.665601191758758796e+04 7.316713160075990891e+04 6.987189297072238696e+04 6.675560854113244568e+04 6.380493992658959178e+04 6.100775084254755348e+04 5.835297840759679821e+04 5.583052019038252911e+04 5.343113483748218277e+04 5.114635444674750033e+04 4.896840712477936904e+04 4.689014839685199695e+04 4.490500033050451748e+04 4.300689739654090226e+04 4.119023822845699760e+04 3.944984255762243265e+04 3.778091270036208152e+04 3.617899905726459838e+04 3.463996915701379476e+04 3.315997983874928468e+04 3.173545222004806419e+04 3.036304914351389016e+04 2.903965483480783951e+04 2.776235653978588016e+04 2.652842793908973908e+04 2.533531416588008506e+04 2.418061827712821832e+04 2.306208905171300285e+04 2.197761001024978759e+04 2.092518957293427957e+04 1.990295229369530716e+04 1.890913113288641398e+04 1.794206075828060057e+04 1.700017189767605669e+04 1.608198680945830347e+04 1.518611599519607262e+04 1.431125635892000901e+04 1.345619113378264774e+04 1.261979206884259838e+04 1.180102463044991055e+04 1.099895738084008372e+04 1.021277734902551856e+04 9.441814279102978617e+03 8.685578443774220432e+03 7.943819835697530834e+03 7.216622131973684191e+03 6.504555119723213465e+03 5.808928852873394135e+03 1.000000000000000056e-01 1.000000000000000056e-01 1.000000000000000056e-01 1.000000000000000056e-01 1.000000000000000056e-01 1.000000000000000056e-01 1.000000000000000056e-01 1.000000000000000056e-01
1.000000000000000056e-01 1.000000000000000056e-01 1.000000000000000056e-01 1.000000000000000056e-01 1.000000000000000056e-01 1.000000000000000056e-01 1.000000000000000056e-01 1.000000000000000056e-01 1.394777079386500875e+06 1.166301137676256476e+06 1.017782356043759501e+06 8.908576579998329980e+05 7.768009880367954029e+05 6.744727601219958160e+05 5.858949372024029726e+05 5.141760133297498105e+05 4.596158136488726013e+05 4.182397987443791353e+05 3.846971742814012105e+05 3.553969852045967127e+05 3.288794576377366902e+05 3.047282957411568495e+05 2.827830037918464513e+05 2.628847690801091958e+05 2.448491260682481516e+05 2.284848929086347634e+05 2.136098813970254560e+05 2.000582355289893458e+05 1.876824485642473155e+05 1.763528004426436964e+05 1.659557576544373005e+05 1.563920821604817174e+05 1.475749788099131256e+05 1.394284101974853256e+05 1.318856161749450257e+05 1.248878354209183308e+05 1.183832108199588547e+05 1.123258557278600492e+05 1.066750583225089940e+05 1.013946032769806770e+05 9.645219262260568212e+04 9.181895030893341755e+04 8.746899737633157929e+04 8.337908675848350686e+04 7.952828852214638027e+04 7.589771785630784871e+04 7.247029937869397691e+04 6.923056237174266425e+04 6.616446242696049740e+04 6.325922569610615028e+04 6.050321254535781918e+04 5.788579790581476846e+04 5.539726602803935384e+04 5.302871769435571332e+04 5.077198823221664497e+04 4.861957491490236862e+04 4.656457254013023339e+04 4.460061614941700827e+04 4.272182999662421935e+04 4.092278199748127372e+04 3.919844299667872110e+04 3.754415027838428068e+04 3.595557482224014529e+04 3.442869187215597776e+04 3.295975444123184570e+04 3.154526942438013793e+04 3.018197603190011796e+04 2.886682629338574407e+04 2.759696741283642041e+04 2.636972578341072222e+04 2.518259249460876890e+04 2.403321018637146699e+04 2.291936112419714118e+04 2.183895638747909106e+04 2.079002608039436382e+04 1.977071049152332853e+04 1.877925214568306546e+04 1.781398871030127702e+04 1.687334674042173356e+04 1.595583627319558946e+04 1.506004631752452588e+04 1.418464133219900941e+04 1.332835885397818856e+04 1.249000853795430885e+04 1.166847302700715773e+04 1.086271131075942321e+04 1.007176563020476897e+04 9.294773646957761230e+03 8.530988742477888081e+03 7.779813366763564773e+03 7.040854183196746817e+03 6.314015204744094262e+03 5.599660339302239663e+03 1.000000000000000056e-01 1.000000000000000056e-01 1.000000000000000056e-01 1.000000000000000056e-01 1.000000000000000056e-01 1.000000000000000056e-01 1.000000000000000056e-01 1.000000000000000056e-01
1.000000000000000056e-01 1.000000000000000056e-01 1.000000000000000056e-01 1.000000000000000056e-01 1.000000000000000056e-01 1.000000000000000056e-01 1.000000000000000056e-01 1.000000000000000056e-01 1.235220338185608853e+06 1.052212936982908985e+06 9.355731724287669640e+05 8.320600222818781622e+05 7.347815075101212133e+05 6.440106952566583641e+05 5.627320148897754261e+05 4.951508280724576325e+05 4.430944072739711264e+05 4.038363104621686507e+05 3.724023291663053096e+05 3.450429704899264034e+05 3.201531603470217087e+05 2.973165087149338215e+05 2.764325035193906515e+05 2.574019714851387835e+05 2.400854622885155259e+05 2.243240459740838269e+05 2.099589505563148705e+05 1.968418132176146610e+05 1.848385526629916567e+05 1.738299767541047477e+05 1.637109454683072981e+05 1.543889990618256852e+05 1.457828728271891014e+05 1.378210801848183910e+05 1.304406329580395541e+05 1.235859161183587275e+05 1.172077118166860892e+05 1.112623586948072189e+05 1.057110299533790530e+05 1.005191139421898843e+05 9.565568247373113991e+04 9.109303386001485342e+04 8.680629947803424147e+04 8.277310432968010718e+04 7.897327352473227074e+04 7.538857787448560703e+04 7.200251285264495527e+04 6.880010608116295771e+04 6.576774925481683749e+04 6.289305105168130103e+04 6.016470810673194501e+04 5.757239156967015879e+04 5.510664714003885456e+04 5.275880678488903504e+04 5.052091060670490697e+04 4.838563755036897055e+04 4.634624382451804559e+04 4.439650807047714625e+04 4.253068244573477568e+04 4.074344890259505337e+04 3.902988003944728553e+04 3.738540398470234504e+04 3.580577284412962035e+04 3.428703430293926795e+04 3.282550602603270818e+04 3.141775254473316454e+04 3.006056435706809498e+04 2.875093900224971730e+04 2.748606389915460386e+04 2.626330076402489794e+04 2.508017144486186953e+04 2.393434502954726122e+04 2.282362610207642138e+04 2.174594403680807227e+04 2.069934323471208700e+04 1.968197421863295676e+04 1.869208551700071257e+04 1.772801627770417326e+04 1.678818956665084988e+04 1.587110631973451200e+04 1.497533993378556806e+04 1.409953150356415426e+04 1.324238574098843674e+04 1.240266765465550270e+04 1.157920013073712289e+04 1.077086265529058255e+04 9.976591579342250043e+03 9.195382600957505929e+03 8.426296617787849755e+03 7.668470980475132819e+03 6.921139856226272059e+03 6.183670797483501701e+03 5.455631862124958388e+03 1.000000000000000056e-01 1.000000000000000056e-01 1.000000000000000056e-01 1.000000000000000056e-01 1.000000000000000056e-01 1.000000000000000056e-01 1.000000000000000056e-01 1.000000000000000056e-01
1.000000000000000056e-01 1.000000000000000056e-01 1.000000000000000056e-01 1.000000000000000056e-01 1.000000000000000056e-01 1.000000000000000056e-01 1.000000000000000056e-01 1.000000000000000056e-01 1.162788147352856351e+06 9.983996720998872770e+05 8.954579246933953837e+05 8.026438328841496259e+05 7.134146248520683730e+05 6.284035043508957606e+05 5.508881819929139456e+05 4.854892554703586502e+05 4.347288459661247325e+05 3.965261635861386312e+05 3.661446409487209166e+05 3.397695479765745695e+05 3.157129227989895153e+05 2.935505095157868345e+05 2.732101923941847635e+05 2.546232930366433284e+05 2.376737613802382548e+05 2.222194604210601537e+05 2.081137812672852306e+05 1.952174205509318272e+05 1.834032314161548275e+05 1.725574474079817010e+05 1.625792458633094793e+05 1.533796476236257004e+05 1.448802233682219521e+05 1.370118162840717414e+05 1.297133666146135947e+05 1.229308658294831403e+05 1.166164420835140045e+05 1.107275676275422302e+05 1.052263749285045487e+05 1.000790676292575226e+05 9.525541328742171754e+04 9.072830619186606782e+04 8.647339004539992311e+04 8.246873173225104983e+04 7.869453868095937651e+04 7.513291346402786439e+04 7.176764024751920078e+04 6.858399853037318098e+04 6.556860031183673709e+04 6.270924741400450876e+04 5.999480618152582610e+04 5.741509719675429369e+04 5.496079799866897520e+04 5.262335708864618937e+04 5.039491775458311895e+04 4.826825045466559823e+04 4.623669267954548559e+04 4.429409536205362383e+04 4.243477503133808932e+04 4.065347101699176710e+04 3.894530710141800228e+04 3.730575709793715214e+04 3.573061389995522768e+04 3.421596160475377110e+04 3.275815036554976541e+04 3.135377366862623603e+04 2.999964776961376265e+04 2.869279305526609096e+04 2.743041712504513634e+04 2.620989941113412351e+04 2.502877717667592515e+04 2.388473275050407392e+04 2.277558187278324112e+04 2.169926304017222355e+04 2.065382775157743527e+04 1.963743156659750093e+04 1.864832589855624246e+04 1.768485047278746424e+04 1.674542638879811784e+04 1.582854973229739335e+04 1.493278569005375721e+04 1.405676312749078352e+04 1.319916959625261552e+04 1.235874674729925391e+04 1.153428613553450487e+04 1.072462541626834536e+04 9.928644955239391493e+03 9.145264908395536622e+03 8.373442886867283960e+03 7.612172430300760425e+03 6.860482719123054267e+03 6.117440380374823690e+03 5.382155169984164786e+03 1.000000000000000056e-01 1.000000000000000056e-01 1.000000000000000056e-01 1.000000000000000056e-01 1.000000000000000056e-01 1.000000000000000056e-01 1.000000000000000056e-01 1.000000000000000056e-01
1.000000000000000056e-01 1.000000000000000056e-01 1.000000000000000056e-01 1.000000000000000056e-01 1.000000000000000056e-01 1.000000000000000056e-01 1.000000000000000056e-01 1.000000000000000056e-01 1.162681362754327711e+06 9.981521941196182743e+05 8.950836306672135834e+05 8.021828586121143308e+05 7.129137936190705514e+05 6.279014711434923811e+05 5.504111018810172100e+05 4.850521963618321461e+05 4.343382094071562751e+05 3.961822860525392462e+05 3.658442733428899664e+05 3.395077783007388352e+05 3.154845709019436035e+05 2.933508467169051873e+05 2.730351279785775114e+05 2.544693415841213136e+05 2.375379625465919671e+05 2.220993009029021778e+05 2.080071269317633414e+05 1.951224582005978446e+05 1.833184189171582111e+05 1.724814711579375144e+05 1.625109847276996006e+05 1.533181425264952413e+05 1.448246517630102462e+05 1.369614707850345585e+05 1.296676371400922217e+05 1.228892246875306009e+05 1.165784315102113906e+05 1.106927893633289350e+05 1.051944814851163392e+05 1.000497549583654181e+05 9.522841461186694505e+04 9.070338680217426736e+04 8.645034289897792041e+04 8.244737372132648306e+04 7.867470745887992962e+04 7.511446473885138403e+04 7.175044546764517145e+04 6.856794289991990081e+04 6.555358108408120461e+04 6.269517241990651382e+04 5.998159255750627926e+04 5.740267028178003238e+04 5.494909037554463430e+04 5.261230774841830134e+04 5.038447136627676809e+04 4.825835672532249737e+04 4.622730579181713256e+04 4.428517347850435908e+04 4.242627985619778337e+04 4.064536740742014808e+04 3.893756272144574905e+04 3.729834210916790471e+04 3.572350068387759529e+04 3.420912451214344765e+04 3.275156548895970627e+04 3.134741863437914071e+04 2.999350154603701594e+04 2.868683577415084801e+04 2.742462991347129355e+04 2.620426423088086085e+04 2.502327666842795225e+04 2.387935007995629348e+04 2.277030057552470316e+04 2.169406686186690786e+04 2.064870047941777375e+04 1.963235684722903534e+04 1.864328703657904771e+04 1.767983020241157647e+04 1.674040660909275903e+04 1.582351119346428641e+04 1.492770761387881612e+04 1.405162273897292471e+04 1.319394153441468552e+04 1.235340230981018976e+04 1.152879229147814658e+04 1.071894348989868922e+04 9.922728833414777910e+03 9.139058542188420688e+03 8.366876718587387586e+03 7.605158132086977275e+03 6.852905178462498043e+03 6.109144994532500277e+03 5.372926711024250835e+03 1.000000000000000056e-01 1.000000000000000056e-01 1.000000000000000056e-01 1.000000000000000056e-01 1.000000000000000056e-01 1.000000000000000056e-01 1.000000000000000056e-01 1.000000000000000056e-01
