0.000000000000000000e+00 0.000000000000000000e+00 0.000000000000000000e+00 0.000000000000000000e+00 0.000000000000000000e+00 0.000000000000000000e+00 0.000000000000000000e+00 0.000000000000000000e+00 0.000000000000000000e+00 0.000000000000000000e+00 0.000000000000000000e+00 0.000000000000000000e+00 0.000000000000000000e+00 0.000000000000000000e+00 0.000000000000000000e+00 0.000000000000000000e+00 0.000000000000000000e+00 0.000000000000000000e+00 0.000000000000000000e+00 0.000000000000000000e+00 0.000000000000000000e+00 0.000000000000000000e+00 0.000000000000000000e+00 0.000000000000000000e+00 0.000000000000000000e+00 0.000000000000000000e+00 0.000000000000000000e+00 0.000000000000000000e+00 0.000000000000000000e+00 0.000000000000000000e+00 0.000000000000000000e+00 0.000000000000000000e+00 0.000000000000000000e+00 0.000000000000000000e+00 0.000000000000000000e+00 0.000000000000000000e+00 0.000000000000000000e+00 0.000000000000000000e+00 0.000000000000000000e+00 0.000000000000000000e+00 0.000000000000000000e+00 0.000000000000000000e+00 0.000000000000000000e+00 0.000000000000000000e+00 0.000000000000000000e+00 0.000000000000000000e+00 0.000000000000000000e+00 0.000000000000000000e+00 0.000000000000000000e+00 0.000000000000000000e+00 0.000000000000000000e+00 0.000000000000000000e+00 0.000000000000000000e+00 0.000000000000000000e+00 0.000000000000000000e+00 0.000000000000000000e+00 0.000000000000000000e+00 0.000000000000000000e+00 0.000000000000000000e+00 0.000000000000000000e+00 0.000000000000000000e+00 0.000000000000000000e+00 0.000000000000000000e+00 0.000000000000000000e+00 0.000000000000000000e+00 0.000000000000000000e+00 0.000000000000000000e+00 0.000000000000000000e+00 0.000000000000000000e+00 0.000000000000000000e+00 0.000000000000000000e+00 0.000000000000000000e+00 0.000000000000000000e+00 0.000000000000000000e+00 0.000000000000000000e+00 0.000000000000000000e+00 0.000000000000000000e+00 0.000000000000000000e+00 0.000000000000000000e+00 0.000000000000000000e+00 0.000000000000000000e+00 0.000000000000000000e+00 0.000000000000000000e+00 0.000000000000000000e+00 0.000000000000000000e+00 0.000000000000000000e+00 0.000000000000000000e+00 0.000000000000000000e+00 0.000000000000000000e+00 0.000000000000000000e+00 0.000000000000000000e+00 0.000000000000000000e+00 0.000000000000000000e+00 0.000000000000000000e+00 0.000000000000000000e+00 0.000000000000000000e+00 0.000000000000000000e+00 0.000000000000000000e+00 0.000000000000000000e+00 0.000000000000000000e+00 0.000000000000000000e+00 0.000000000000000000e+00 0.000000000000000000e+00 0.000000000000000000e+00 0.000000000000000000e+00 0.000000000000000000e+00 0.000000000000000000e+00 0.000000000000000000e+00 0.000000000000000000e+00 0.000000000000000000e+00 0.000000000000000000e+00 0.000000000000000000e+00 0.000000000000000000e+00 0.000000000000000000e+00 0.000000000000000000e+00 0.000000000000000000e+00 0.000000000000000000e+00 0.000000000000000000e+00 0.000000000000000000e+00 0.000000000000000000e+00 0.000000000000000000e+00 0.000000000000000000e+00 0.000000000000000000e+00 0.000000000000000000e+00 0.000000000000000000e+00 0.000000000000000000e+00 0.000000000000000000e+00 0.000000000000000000e+00 0.000000000000000000e+00 0.000000000000000000e+00 0.000000000000000000e+00 0.000000000000000000e+00 0.000000000000000000e+00 0.000000000000000000e+00 0.000000000000000000e+00 0.000000000000000000e+00 0.000000000000000000e+00 0.000000000000000000e+00 0.000000000000000000e+00 0.000000000000000000e+00 0.000000000000000000e+00 0.000000000000000000e+00 0.000000000000000000e+00 0.000000000000000000e+00 0.000000000000000000e+00 0.000000000000000000e+00 0.000000000000000000e+00 0.000000000000000000e+00 0.000000000000000000e+00 0.000000000000000000e+00 0.000000000000000000e+00
0.000000000000000000e+00 0.000000000000000000e+00 0.000000000000000000e+00 0.000000000000000000e+00 0.000000000000000000e+00 0.000000000000000000e+00 0.000000000000000000e+00 0.000000000000000000e+00 0.000000000000000000e+00 0.000000000000000000e+00 0.000000000000000000e+00 0.000000000000000000e+00 2.701993369260466125e+02 5.083221407115610191e+02 7.991747494848641509e+02 1.098172530721665908e+03 1.369822498406705108e+03 1.593756324064267574e+03 1.763154244276111285e+03 1.880162100061782439e+03 1.951545503891186627e+03 1.985682747965829094e+03 1.990835980063314764e+03 1.974319207487139465e+03 1.942207122767240207e+03 1.899334321314876888e+03 1.849429775039087417e+03 1.795298467157603909e+03 1.739004410925958837e+03 1.682034163556586236e+03 1.625433658374531888e+03 1.569918148227092843e+03 1.515958169153715744e+03 1.463845472694484670e+03 1.413742880720285939e+03 1.365721571051838737e+03 1.319788712911575658e+03 1.275907788195259400e+03 1.234013421182394495e+03 1.194022114508323739e+03 1.155839950665094420e+03 1.119368054961519192e+03 1.084506414353792934e+03 1.051156494075849423e+03 1.019222979516655982e+03 9.886148853071443909e+02 9.592462099836269545e+02 9.310362674105795122e+02 9.039097912057823123e+02 8.777968825577637517e+02 8.526328527360082035e+02 8.283579974963944323e+02 8.049173301900069646e+02 7.822602927322242294e+02 7.603404579629108184e+02 7.391152328001722935e+02 7.185455685775217489e+02 6.985956827565123604e+02 6.792327946195950972e+02 6.604268764070517364e+02 6.421504205527239719e+02 6.243782231049701750e+02 6.070871830332310992e+02 5.902561168600946075e+02 5.738655878972712117e+02 5.578977492680595560e+02 5.423361998527495871e+02 5.271658522810405429e+02 5.123728121081612699e+02 4.979442673377534447e+02 4.838683874930512729e+02 4.701342314814071983e+02 4.567316635445003499e+02 4.436512766336646791e+02 4.308843225983853813e+02 4.184226486213115663e+02 4.062586393779625382e+02 3.943851644402921011e+02 3.827955304830189789e+02 3.714834378877606014e+02 3.604429413738407675e+02 3.496684143156223854e+02 3.391545164350956156e+02 3.288961645845064368e+02 3.188885063580684687e+02 3.091268962936400158e+02 2.996068744455623118e+02 2.903241471279412167e+02 2.812745696447705086e+02 2.724541308382189868e+02 2.638589393006506043e+02 2.554852111084902617e+02 2.473292589477499916e+02 2.393874825116294005e+02 2.316563600602743520e+02 2.241324410416635544e+02 2.168123396806802248e+02 2.096927294508504360e+02 2.027703383500156917e+02 1.960419449074447584e+02 1.895043748556120420e+02 1.831544984050763389e+02 1.769892280657817025e+02 1.710055169624487803e+02 1.652003575959389252e+02 1.595707810060459337e+02 1.541138562948363528e+02 1.488266904727055078e+02 1.437064285923815135e+02 1.387502541387264614e+02 1.339553896447995953e+02 1.293190975069674948e+02 1.248386809739383949e+02 1.205114852866634862e+02 1.163348989478869271e+02 1.123063551018291264e+02 1.084233330060607301e+02 1.046833595791541143e+02 1.010840110089973933e+02 9.762291440794793118e+01 9.429774950222355301e+01 9.110625034389535415e+01 8.804620703499146828e+01 8.511546745403964565e+01 8.231193897631354162e+01 7.963359017978008580e+01 7.707845252954648174e+01 7.464462203420058017e+01 7.233026086816452960e+01 7.013359895467466743e+01 6.805293550454827312e+01 6.608664050643106691e+01 6.423315616459740340e+01 6.249099828084811037e+01 6.085875757733292346e+01 5.933510095760868808e+01 5.791877270341028350e+01 5.660859560497188170e+01 5.540347202297493112e+01 5.430863744927306529e-32 5.331045398323434598e-32 5.241454075826857217e-32 5.162012667580435796e-32 5.092652454866280004e-32 5.033313172228056549e-32 4.983943061961761933e-32 4.944498920925044491e-32 4.914946139614827663e-32 4.895258733472559087e-32 4.885419366389653982e-32 4.885419366389653982e-32
0.000000000000000000e+00 0.000000000000000000e+00 0.000000000000000000e+00 0.000000000000000000e+00 0.000000000000000000e+00 0.000000000000000000e+00 0.000000000000000000e+00 0.000000000000000000e+00 0.000000000000000000e+00 0.000000000000000000e+00 0.000000000000000000e+00 0.000000000000000000e+00 8.325728312489796963e+02 1.563241844921086567e+03 2.451273181686286989e+03 3.358446550789630692e+03 4.176630632259608319e+03 4.845549297444097647e+03 5.346770619574414923e+03 5.688843603539778087e+03 5.893693271521086899e+03 5.987472567715975856e+03 5.995472351922308917e+03 5.939786229479751455e+03 5.838583267055086253e+03 5.706211925114698715e+03 5.553670432189279381e+03 5.389188816832466728e+03 5.218795470227686565e+03 5.046813602425105273e+03 4.876271504997244847e+03 4.709229338153109893e+03 4.547033047868929316e+03 4.390508218134360504e+03 4.240106144624855006e+03 4.096012789451658136e+03 3.958229365549565955e+03 3.826631488789127616e+03 3.701012277523657758e+03 3.581113507344431127e+03 3.466647924134512778e+03 3.357315041786369420e+03 3.252812159096704363e+03 3.152841883862095074e+03 3.057117117702270207e+03 2.965364205733848394e+03 2.877324769887259208e+03 2.792756607255626022e+03 2.711433933147397511e+03 2.633147173317834131e+03 2.557702454299859710e+03 2.484920899764222668e+03 2.414637810611974601e+03 2.346701784252306425e+03 2.280973812165206709e+03 2.217326382856793316e+03 2.155642608556770028e+03 2.095815387631814701e+03 2.037746610083015185e+03 1.981346410190526512e+03 1.926532468025434355e+03 1.873229359912838618e+03 1.821367956814181980e+03 1.770884868856737739e+03 1.721721933774946137e+03 1.673825746763438019e+03 1.627147229115921618e+03 1.581641232999384329e+03 1.537266179755743224e+03 1.493983729211131049e+03 1.451758477590277607e+03 1.410557681768282691e+03 1.370351007734248014e+03 1.331110301286987351e+03 1.292809379126691738e+03 1.255423838645119304e+03 1.218930884850372195e+03 1.183309172987062084e+03 1.148538665530397111e+03 1.114600502342045957e+03 1.081476882876746913e+03 1.049150959421774132e+03 1.017606740437426652e+03 9.868290031452282847e+02 9.568032145826635997e+02 9.275154604091721922e+02 8.989523808082975620e+02 8.711011128857885524e+02 8.439492390138000246e+02 8.174847406167957615e+02 7.916959569367564882e+02 7.665715483532319467e+02 7.421004638685931241e+02 7.182719124005470803e+02 6.950753375530550784e+02 6.725003955631605095e+02 6.505369361456378101e+02 6.291749859794238091e+02 6.084047346002275845e+02 5.882165224822780374e+02 5.686008311093112297e+02 5.495482748505561403e+02 5.310495944719746149e+02 5.130956521261897478e+02 4.956774276768603613e+02 4.787860162243968034e+02 4.624126267103802661e+02 4.465485814876140012e+02 4.311853167514968845e+02 4.163143837366964704e+02 4.019274505905175943e+02 3.880163048414814284e+02 3.745728563879844160e+02 3.615891409379704555e+02 3.490573238359828565e+02 3.369697042193014340e+02 3.253187194493560241e+02 3.140969497692823325e+02 3.032971231423576342e+02 2.929121202300033247e+02 2.829349794714692052e+02 2.733589022304950618e+02 2.641772579775173995e+02 2.553835894783948959e+02 2.469716179635527737e+02 2.389352482536097853e+02 2.312685738198490526e+02 2.239658817598724454e+02 2.170216576707285014e+02 2.104305904034337402e+02 2.041875766844447355e+02 1.982877255910885026e+02 1.927263628693268060e+02 1.874990350833727462e+02 1.826015135878511444e+02 1.780297983142396276e+02 1.737801213642170239e+02 1.698489504033540527e+02 1.662329918494715457e+02 1.629479949883964563e-31 1.599529574050894694e-31 1.572647808210573719e-31 1.548811514547469282e-31 1.528000073094237004e-31 1.510195400379674960e-31 1.495381965787320144e-31 1.483546805606685060e-31 1.474679534763905734e-31 1.468772356219312303e-31 1.465820068023128805e-31 1.465820068023128805e-31
0.000000000000000000e+00 0.000000000000000000e+00 0.000000000000000000e+00 0.000000000000000000e+00 0.000000000000000000e+00 0.000000000000000000e+00 0.000000000000000000e+00 0.000000000000000000e+00 0.000000000000000000e+00 0.000000000000000000e+00 0.000000000000000000e+00 0.000000000000000000e+00 1.466611514956196288e+03 2.741782370171414641e+03 4.274859057199523704e+03 5.820024916373837186e+03 7.192205143034507273e+03 8.294747243000680101e+03 9.104475239087534646e+03 9.643023553894552606e+03 9.952379448427378520e+03 1.007938348905372914e+04 1.006769136735688517e+04 9.954479362555928674e+03 9.769737886302948027e+03 9.536795778726502249e+03 9.273317118870090781e+03 8.992384589962892278e+03 8.703494012382512665e+03 8.413396027015241998e+03 8.126775744295382538e+03 7.846785365303028811e+03 7.575453168944729441e+03 7.313993023592861391e+03 7.063036070604843189e+03 6.822802648970931841e+03 6.593228931437844949e+03 6.374059559541624367e+03 6.164914929195885634e+03 5.965339678904924767e+03 5.774837301019123515e+03 5.592894549126177481e+03 5.418998371742171003e+03 5.252647395128833523e+03 5.093359450255495176e+03 4.940676246513113256e+03 4.794166003762859873e+03 4.653424638829156720e+03 4.518075943194490719e+03 4.387771070913187941e+03 4.262187568824144364e+03 4.141028117007550463e+03 4.024019100160327980e+03 3.910909095776205504e+03 3.801467339458333299e+03 3.695482208967527185e+03 3.592759754938660535e+03 3.493122296265841214e+03 3.396407090989202061e+03 3.302465088388398271e+03 3.211159764364130751e+03 3.122366039671888757e+03 3.035969278864673015e+03 2.951864366686384528e+03 2.869954857968756187e+03 2.790152196706083032e+03 2.712374999820967787e+03 2.636548401125986402e+03 2.562603451082695301e+03 2.490476568125596714e+03 2.420109037526050543e+03 2.351446554006536644e+03 2.284438804558443735e+03 2.219039088165357953e+03 2.155203969375038014e+03 2.092892962898069072e+03 2.032068246633173430e+03 1.972694400729447580e+03 1.914738170491279334e+03 1.858168251113980887e+03 1.802955092406711401e+03 1.749070721814208355e+03 1.696488584191574773e+03 1.645183396916882657e+03 1.595131019046327538e+03 1.546308333325500598e+03 1.498693139970686389e+03 1.452264061224918350e+03 1.407000455776762010e+03 1.362882342205722580e+03 1.319890330687163214e+03 1.278005562252986010e+03 1.237209654961744263e+03 1.197484656384594018e+03 1.158813001861464045e+03 1.121177478025845403e+03 1.084561191136670232e+03 1.048947539792661473e+03 1.014320191638136976e+03 9.806630637002161848e+02 9.479603060256248455e+02 9.161962883114813394e+02 8.853555892482045238e+02 8.554229883148374256e+02 8.263834597872209997e+02 7.982221687382229902e+02 7.709244688263783019e+02 7.444759016852012792e+02 7.188621977400812284e+02 6.940692782932733280e+02 6.700832587299834131e+02 6.468904527101177564e+02 6.244773772210887728e+02 6.028307583769113762e+02 5.819375378580371034e+02 5.617848798950079754e+02 5.423601787066990028e+02 5.236510663115150237e+02 5.056454206364064703e+02 4.883313738551494225e+02 4.716973208928739041e+02 4.557319280394461316e+02 4.404241416192468250e+02 4.257631966694140715e+02 4.117386255830799087e+02 3.983402666779068113e+02 3.855582726540387171e+02 3.733831189088385827e+02 3.618056116789809948e+02 3.508168959832476048e+02 3.404084633421250032e+02 3.305721592525615620e+02 3.213001903986421439e+02 3.125851315808124014e+02 3.044199323482599198e+02 2.967979233206480671e+02 2.897128221870682410e+02 2.831587393713253960e+02 2.771301833541259612e+02 2.716535456919987843e-31 2.666601932187654059e-31 2.621784432557149740e-31 2.582044378799120442e-31 2.547347389785840298e-31 2.517663313611488279e-31 2.492966254891358121e-31 2.473234598210746290e-31 2.458451027699795769e-31 2.448602542715680717e-31 2.443680469616451043e-31 2.443680469616451043e-31
0.000000000000000000e+00 0.000000000000000000e+00 0.000000000000000000e+00 0.000000000000000000e+00 0.000000000000000000e+00 0.000000000000000000e+00 0.000000000000000000e+00 0.000000000000000000e+00 0.000000000000000000e+00 0.000000000000000000e+00 0.000000000000000000e+00 0.000000000000000000e+00 2.242303212495198295e+03 4.159540941963251498e+03 6.421756917464575963e+03 8.650843649101097981e+03 1.058061026497715648e+04 1.208789043883348859e+04 1.315888463282952762e+04 1.384044058057938855e+04 1.420264919132251089e+04 1.431729369036000389e+04 1.424796870218496952e+04 1.404691450944474127e+04 1.375513112742277735e+04 1.340382399193333367e+04 1.301620334502792502e+04 1.260919988395899782e+04 1.219493406277162103e+04 1.178190580420624246e+04 1.137592630737158106e+04 1.098083242914076982e+04 1.059902644633023192e+04 1.023187961603294752e+04 9.880031478446446272e+03 9.543610358423533398e+03 9.222394830098663078e+03 8.915931233062165120e+03 8.623618629480422896e+03 8.344769733127535801e+03 8.078654166052829169e+03 7.824528760152535142e+03 7.581658395318351722e+03 7.349329953339416534e+03 7.126861289492543619e+03 6.913606622137040176e+03 6.708959369586040339e+03 6.512353189296919481e+03 6.323261771870918892e+03 6.141197792792343535e+03 5.965711314486880838e+03 5.796387849890997131e+03 5.632846238773996447e+03 5.474736443950407192e+03 5.321737342147729578e+03 5.173554560598740863e+03 5.029918393156500315e+03 4.890581817208339999e+03 4.755318623655669398e+03 4.623921665807867612e+03 4.496201228530680964e+03 4.371983515885169254e+03 4.251109253412179896e+03 4.133432399888450163e+03 4.018818962587555689e+03 3.907145909674467475e+03 3.798300173231345070e+03 3.692177736468960120e+03 3.588682798864069809e+03 3.487727013232581612e+03 3.389228789065391993e+03 3.293112656801407866e+03 3.199308688067735147e+03 3.107751967272142338e+03 3.018382110278895652e+03 2.931142826230670835e+03 2.845981518893093380e+03 2.762848924193590392e+03 2.681698780900772817e+03 2.602487531645705531e+03 2.525174051721233809e+03 2.449719403312554277e+03 2.376086613010195379e+03 2.304240470639202158e+03 2.234147347604340666e+03 2.165775033103296664e+03 2.099092586698623109e+03 2.034070205865813705e+03 1.970679107250344032e+03 1.908891420471913762e+03 1.848680093410068594e+03 1.790018807993158362e+03 1.732881905592544172e+03 1.677244321196919600e+03 1.623081525608449056e+03 1.570369474963348011e+03 1.519084566935360499e+03 1.469203603031641933e+03 1.420703756437395668e+03 1.373562544908420932e+03 1.327757808250312337e+03 1.283267689958924166e+03 1.240070622630200432e+03 1.198145316778001870e+03 1.157470752726576620e+03 1.118026175270511885e+03 1.079791090818708881e+03 1.042745266761143057e+03 1.006868732817586874e+03 9.721417841461530998e+02 9.385449860072010324e+02 9.060591797940525112e+02 8.746654902569968044e+02 8.443453337609236087e+02 8.150804274296311860e+02 7.868527990418153877e+02 7.596447975546782345e+02 7.334391041413408630e+02 7.082187436376700589e+02 6.839670963028780761e+02 6.606679098064145137e+02 6.383053113611193794e+02 6.168638199296293578e+02 5.963283584374613611e+02 5.766842659321662268e+02 5.579173096333819331e+02 5.400136968238612099e+02 5.229600865361016986e+02 5.067436009936075152e+02 4.913518367697901112e+02 4.767728756312062046e+02 4.629952950351527647e+02 4.500081782547615035e+02 4.378011241075761291e+02 4.263642562661472084e+02 4.156882321315721356e+02 4.057642512529982923e+02 3.965840632781964814e+02 3.881399754218502380e+02 3.804692357917428645e-31 3.734751364191684306e-31 3.671976320704765437e-31 3.616313182475979159e-31 3.567713785415210765e-31 3.526135889977067678e-31 3.491543219452635618e-31 3.463905492860288903e-31 3.443198452401149096e-31 3.429403885454452055e-31 3.422509641091167202e-31 3.422509641091167202e-31
0.000000000000000000e+00 0.000000000000000000e+00 0.000000000000000000e+00 0.000000000000000000e+00 0.000000000000000000e+00 0.000000000000000000e+00 0.000000000000000000e+00 0.000000000000000000e+00 0.000000000000000000e+00 0.000000000000000000e+00 0.000000000000000000e+00 0.000000000000000000e+00 3.276489792494399808e+03 5.998015175992086370e+03 9.113186162578846051e+03 1.207661816374278533e+04 1.454497798941767360e+04 1.639241665754893620e+04 1.763978305925577661e+04 1.837738453947766175e+04 1.871364517063586754e+04 1.874953193225902942e+04 1.856921676357601245e+04 1.823883715867691717e+04 1.780854338772230039e+04 1.731546486118996472e+04 1.678659012971471748e+04 1.624121366566836332e+04 1.569288869340379824e+04 1.515093422859600651e+04 1.462157543802773034e+04 1.410879601078352607e+04 1.361497007364194542e+04 1.314132789389942081e+04 1.268829744344361643e+04 1.225575381103710970e+04 1.184320048868998492e+04 1.144990044303932518e+04 1.107497026072000699e+04 1.071744719766756134e+04 1.037633638954658454e+04 1.005064357428046060e+04 9.739397268584130870e+03 9.441663300184718537e+03 9.156553829990396480e+03 8.883232432437271200e+03 8.620916384736621694e+03 8.368877007762852372e+03 8.126438674103537778e+03 7.892976931170108401e+03 7.667916063633879276e+03 7.450726328331131299e+03 7.240921027684401452e+03 7.038053538369253147e+03 6.841714375797426328e+03 6.651528348564697808e+03 6.467151837800494832e+03 6.288270222476058734e+03 6.114595461791293019e+03 5.945863838729775125e+03 5.781833863981731156e+03 5.622284336118172178e+03 5.467012551723016259e+03 5.315832657853041383e+03 5.168574138450564533e+03 5.025080426017912032e+03 4.885207629843617724e+03 4.748823372254749302e+03 4.615805724689301314e+03 4.486042235786947458e+03 4.359429044149078436e+03 4.235870068893781536e+03 4.115276271611296579e+03 3.997564983796303295e+03 3.882659294287991543e+03 3.770487491681287793e+03 3.660982557080214065e+03 3.554081702945004508e+03 3.449725954138579709e+03 3.347859767604941680e+03 3.248430687413658234e+03 3.151389032181323273e+03 3.056687612134675419e+03 2.964281473312173148e+03 2.874127666613089787e+03 2.786185039596768092e+03 2.700414049111295299e+03 2.616776592992149745e+03 2.535235859218125825e+03 2.455756191045944433e+03 2.378302966766920235e+03 2.302842492840708928e+03 2.229341909262677746e+03 2.157769106114425540e+03 2.088092650331674577e+03 2.020281721801457479e+03 1.954306057971322616e+03 1.890135906218365562e+03 1.827741983285329297e+03 1.767095441145625955e+03 1.708167838709257921e+03 1.650931118827571481e+03 1.595357590097182765e+03 1.541419913002243220e+03 1.489091089970141184e+03 1.438344458948793999e+03 1.389153690144051325e+03 1.341492785584056037e+03 1.295336081203246749e+03 1.250658251162760280e+03 1.207434314146217048e+03 1.165639641390522002e+03 1.125249966230142718e+03 1.086241394951179473e+03 1.048590418767757001e+03 1.012273926748493636e+03 9.772692195346855897e+02 9.435540237050660153e+02 9.111065066539212012e+02 8.799052918605084415e+02 8.499294744382599447e+02 8.211586368615998026e+02 7.935728647772807562e+02 7.671527628153954765e+02 7.418794703226265028e+02 7.177346769476074542e+02 6.947006380145369349e+02 6.727601896273613420e+02 6.518967634522780372e+02 6.320944011314267073e+02 6.133377682853450779e+02 5.956121680660401125e+02 5.789035542264907690e+02 5.631985436760048742e+02 5.484844284941125352e+02 5.347491873788227394e+02 5.219814965075684086e+02 5.101707397919647065e+02 4.993070185094628073e+02 4.894387376312539604e-31 4.804404920374662182e-31 4.723641848558384015e-31 4.652028615993447290e-31 4.589503245048386342e-31 4.536011381602806400e-31 4.491506344405062780e-31 4.455949167465661003e-31 4.429308635444485135e-31 4.411561311999029809e-31 4.402691561067404507e-31 4.402691561067404507e-31
0.000000000000000000e+00 0.000000000000000000e+00 0.000000000000000000e+00 0.000000000000000000e+00 0.000000000000000000e+00 0.000000000000000000e+00 0.000000000000000000e+00 0.000000000000000000e+00 0.000000000000000000e+00 0.000000000000000000e+00 0.000000000000000000e+00 0.000000000000000000e+00 4.792398384635601360e+03 8.574725940898968474e+03 1.269902887012930842e+04 1.641823683009848173e+04 1.934433346150540820e+04 2.139978572144423379e+04 2.268029754196006616e+04 2.334244731095328461e+04 2.354231155876778575e+04 2.341150107170945921e+04 2.305254992074766051e+04 2.254203092835846110e+04 2.193572924381326447e+04 2.127361622987588271e+04 2.058394288609398063e+04 1.988639421107020462e+04 1.919444543173686907e+04 1.851709558614125854e+04 1.786013370623238370e+04 1.722706039069717008e+04 1.661975734556797761e+04 1.603897318199949950e+04 1.548467536039618426e+04 1.495630459676848295e+04 1.445295815147499161e+04 1.397352123792853126e+04 1.351676057957409103e+04 1.308139036145863247e+04 1.266611807183985547e+04 1.226967572409101376e+04 1.189084048425740912e+04 1.152844765723268574e+04 1.118139819793361676e+04 1.084866233596050915e+04 1.052928047705159224e+04 1.022236223147853525e+04 9.927084188708236979e+03 9.642686887456118711e+03 9.368471304779288403e+03 9.103795095410316208e+03 8.848068744511701880e+03 8.600751747092364894e+03 8.361348890774786923e+03 8.129406691971475084e+03 7.904510016238173193e+03 7.686278899719613946e+03 7.474365578763678968e+03 7.268451727900528567e+03 7.068245901681275427e+03 6.873481172758828507e+03 6.683912956640029734e+03 6.499317012420758147e+03 6.319487608294146412e+03 6.144235840520431339e+03 5.973388094733659273e+03 5.806784638842080312e+03 5.644278337282047687e+03 5.485733476960729604e+03 5.331024695836782485e+03 5.180036005709436722e+03 5.032659901402290416e+03 4.888796549123517252e+03 4.748353047353203692e+03 4.611242754144971514e+03 4.477384675231544861e+03 4.346702907791353937e+03 4.219126135166001404e+03 4.094587168216854479e+03 3.973022529375660270e+03 3.854372075780125670e+03 3.738578658192611783e+03 3.625587812681095784e+03 3.515347482297971055e+03 3.407807766226179410e+03 3.302920694075229221e+03 3.200640023204280624e+03 3.100921057126300639e+03 3.003720483209037866e+03 2.908996228035729928e+03 2.816707328922542274e+03 2.726813820212559222e+03 2.639276633077913175e+03 2.554057507663770593e+03 2.471118916501557578e+03 2.390423998204063992e+03 2.311936500533725393e+03 2.235620732006745584e+03 2.161441521261866910e+03 2.089364183482821772e+03 2.019354493219217829e+03 1.951378663001398991e+03 1.885403327192154393e+03 1.821395530561124360e+03 1.759322721107868347e+03 1.699152746696353688e+03 1.640853855097546329e+03 1.584394697068223650e+03 1.529744332123339746e+03 1.476872236685795997e+03 1.425748314322758233e+03 1.376342907800388275e+03 1.328626812710309878e+03 1.282571292440920615e+03 1.238148094284951412e+03 1.195329466491701623e+03 1.154088176088088858e+03 1.114397527307369728e+03 1.076231380477761149e+03 1.039564171235892445e+03 1.004370929941637200e+03 9.706273011815339942e+02 9.383095632581209884e+02 9.073946475716713849e+02 8.778601578093029048e+02 8.496843888644863227e+02 8.228463454169785791e+02 7.973257601102318404e+02 7.731031112692041916e+02 7.501596401074200458e+02 7.284773673771833273e+02 7.080391094216745387e+02 6.888284935920671614e+02 6.708299729967686744e+02 6.540288405535176253e+02 6.384112423184478757e+02 6.239641900691324281e+02 6.106755731215205287e+02 5.986053399704834803e-31 5.875985870286716298e-31 5.777195661024806294e-31 5.689597683155614832e-31 5.613116106094254221e-31 5.547684426432243698e-31 5.493245528453756323e-31 5.449751736110003226e-31 5.417164856402413746e-31 5.395456214134777787e-31 5.384606678003475419e-31 5.384606678003475419e-31
0.000000000000000000e+00 0.000000000000000000e+00 0.000000000000000000e+00 0.000000000000000000e+00 0.000000000000000000e+00 0.000000000000000000e+00 0.000000000000000000e+00 0.000000000000000000e+00 0.000000000000000000e+00 0.000000000000000000e+00 0.000000000000000000e+00 0.000000000000000000e+00 7.272387527857165878e+03 1.249385276089221225e+04 1.776083317744199303e+04 2.213988020859195240e+04 2.530375255868632667e+04 2.731725795870581715e+04 2.840324680316059676e+04 2.880362895336416841e+04 2.872327589228944271e+04 2.831842332052132770e+04 2.770232943858758154e+04 2.695501895956418230e+04 2.613224710211570709e+04 2.527248175921047005e+04 2.440199554568973326e+04 2.353848129377667283e+04 2.269359676834936909e+04 2.187475529328355333e+04 2.108639004968134395e+04 2.033085072419026983e+04 1.960904200668908015e+04 1.892087959224218139e+04 1.826561628833556460e+04 1.764207510365586859e+04 1.704881539384421194e+04 1.648425065101511063e+04 1.594673127973049122e+04 1.543460199467180428e+04 1.494624083146396515e+04 1.448008486262601218e+04 1.403464633713092735e+04 1.360852196359791560e+04 1.320039732815172465e+04 1.280904790386592686e+04 1.243333771632967546e+04 1.207221644105580162e+04 1.172471549558998413e+04 1.138994353222664358e+04 1.106708162152663317e+04 1.075537833161171693e+04 1.045414484557594733e+04 1.016275021344891320e+04 9.880616801656829921e+03 9.607215978639595050e+03 9.342064057816820423e+03 9.084718506675899334e+03 8.834774422065182080e+03 8.591861265826446470e+03 8.355639850965471851e+03 8.125799566085936931e+03 7.902055824400124948e+03 7.684147722971292751e+03 7.471835897719689456e+03 7.264900559967920344e+03 7.063139700788678056e+03 6.866367450067509708e+03 6.674412577928385872e+03 6.487117126956630273e+03 6.304335164451109449e+03 6.125931644725073056e+03 5.951781372239304801e+03 5.781768057078667880e+03 5.615783454971642641e+03 5.453726584695195015e+03 5.295503016306352038e+03 5.141024224195674833e+03 4.990206999468294271e+03 4.842972916626995357e+03 4.699247849962174769e+03 4.558961535445972913e+03 4.422047174287999951e+03 4.288441074636950361e+03 4.158082328211739878e+03 4.030912518918068145e+03 3.906875460754115466e+03 3.785916962535465700e+03 3.667984617174981395e+03 3.553027613441143785e+03 3.440996568289381230e+03 3.331843378016792485e+03 3.225521086633278628e+03 3.121983769971789570e+03 3.021186434179337539e+03 2.923084927338944908e+03 2.827635863072131087e+03 2.734796555062445805e+03 2.644524961524166429e+03 2.556779638716676345e+03 2.471519702675412645e+03 2.388704798394796398e+03 2.308295075758166149e+03 2.230251171564158540e+03 2.154534197049778413e+03 2.081105730356468939e+03 2.009927813428882928e+03 1.940962952875172732e+03 1.874174124354711694e+03 1.809524780092810943e+03 1.746978859153266285e+03 1.686500800128879291e+03 1.628055555936753763e+03 1.571608610430119825e+03 1.517125996561637294e+03 1.464574315854478300e+03 1.413920758957326143e+03 1.365133127077919880e+03 1.318179854106730772e+03 1.273030029258402465e+03 1.229653420072993868e+03 1.188020495632930533e+03 1.148102449863997663e+03 1.109871224800431037e+03 1.073299533705024487e+03 1.038360883945024852e+03 1.005029599533971009e+03 9.732808432579234932e+02 9.430906383126696255e+02 9.144358893854091548e+02 8.872944031212780374e+02 8.616449079211142816e+02 8.374670730223638202e+02 8.147415268203002370e+02 7.934498743912812415e+02 7.735747141840538461e+02 7.550996538490139756e+02 7.380093251788546240e+02 7.222893981371670407e+02 7.080118381533947311e-31 6.949912620360152079e-31 6.833047604078568218e-31 6.729422646081901206e-31 6.638948014515624664e-31 6.561545014131874289e-31 6.497146058075902141e-31 6.445694729536197327e-31 6.407145833201076453e-31 6.381465436476333899e-31 6.368630900428729393e-31 6.368630900428729393e-31
0.000000000000000000e+00 0.000000000000000000e+00 0.000000000000000000e+00 0.000000000000000000e+00 0.000000000000000000e+00 0.000000000000000000e+00 0.000000000000000000e+00 0.000000000000000000e+00 0.000000000000000000e+00 0.000000000000000000e+00 0.000000000000000000e+00 0.000000000000000000e+00 1.189856776837874168e+04 1.898498033156400197e+04 2.528158451282735405e+04 2.989187246088849861e+04 3.279697968582039175e+04 3.433454735475320194e+04 3.489112974687454698e+04 3.478665770011983113e+04 3.425478038512462081e+04 3.345675721090643492e+04 3.250112610305564885e+04 3.146018396033800309e+04 3.038184488513603355e+04 2.929768206020150319e+04 2.822827117709827871e+04 2.718673550902053103e+04 2.618111620719826533e+04 2.521597567311548482e+04 2.429349559646300986e+04 2.341423735558508270e+04 2.257767333427767153e+04 2.178256048077364176e+04 2.102720377828997152e+04 2.030964203586357326e+04 1.962777838742490712e+04 1.897947118455909731e+04 1.836259640487520664e+04 1.777508953965739784e+04 1.721497270709140139e+04 1.668037116132245137e+04 1.616952223589410278e+04 1.568077894070432558e+04 1.521260983439693337e+04 1.476359635664792586e+04 1.433242848317508651e+04 1.391789932925090579e+04 1.351889915255437700e+04 1.313440907705057725e+04 1.276349476432619122e+04 1.240530018868746629e+04 1.205904162087661098e+04 1.172400188769298438e+04 1.139952494756516717e+04 1.108501080254530643e+04 1.077991075331533102e+04 1.048372299412318353e+04 1.019598853800196594e+04 9.916287458336671989e+03 9.644235430216147506e+03 9.379480553578985564e+03 9.121700439588821610e+03 8.870599541702598799e+03 8.625906713331818537e+03 8.387372974708323454e+03 8.154769472445816064e+03 7.927885616264744385e+03 7.706527378368872633e+03 7.490515741987152069e+03 7.279685286601462394e+03 7.073882898349941570e+03 6.872966595017032887e+03 6.676804455888704069e+03 6.485273647561309190e+03 6.298259537544394334e+03 6.115654888191812461e+03 5.937359124135566162e+03 5.763277666982835399e+03 5.593321331574419673e+03 5.427405778593016294e+03 5.265451018758551982e+03 5.107380964255957224e+03 4.953123023412847942e+03 4.802607734983916998e+03 4.655768438707007590e+03 4.512540979077135489e+03 4.372863439540213221e+03 4.236675904541356431e+03 4.103920247074756844e+03 3.974539939575511198e+03 3.848479886170255213e+03 3.725686274464239432e+03 3.606106445189552232e+03 3.489688778173507217e+03 3.376382593208960770e+03 3.266138064520743228e+03 3.158906147625488302e+03 3.054638517476372726e+03 2.953287516871384469e+03 2.854806114182573765e+03 2.759147869537947372e+03 2.666266908654007239e+03 2.576117903579871381e+03 2.488656059670375271e+03 2.403837108158775663e+03 2.321617303748256745e+03 2.241953426686303828e+03 2.164802788827915265e+03 2.090123243231739707e+03 2.017873196869299591e+03 1.948011626060123717e+03 1.880498094276340453e+03 1.815292771988617460e+03 1.752356458251734921e+03 1.691650603752207417e+03 1.633137335063195678e+03 1.576779479872948059e+03 1.522540592972239210e+03 1.470384982804620677e+03 1.420277738399774535e+03 1.372184756525953389e+03 1.326072768911722960e+03 1.281909369400671949e+03 1.239663040914901558e+03 1.199303182114638048e+03 1.160800133651726128e+03 1.124125203924546895e+03 1.089250694250788229e+03 1.056149923382736461e+03 1.024797251297389721e+03 9.951681022005727755e+02 9.672389866906224825e+02 9.409875230331152807e+02 9.163924575032772282e+02 8.934336837577048982e+02 8.720922612013901016e+02 8.523504323199945247e+02 8.341916389510083718e+02 8.177004241053849298e-31 8.026597630020675551e-31 7.891601655447067161e-31 7.771899968885337964e-31 7.667388879906161066e-31 7.577977450960068317e-31 7.503587580564671850e-31 7.444154074740440796e-31 7.399624706631449275e-31 7.369960264260316967e-31 7.355134586377682902e-31 7.355134586377682902e-31
0.000000000000000000e+00 0.000000000000000000e+00 0.000000000000000000e+00 0.000000000000000000e+00 0.000000000000000000e+00 0.000000000000000000e+00 0.000000000000000000e+00 0.000000000000000000e+00 0.000000000000000000e+00 0.000000000000000000e+00 0.000000000000000000e+00 0.000000000000000000e+00 2.198492682823678115e+04 3.066428376449597272e+04 3.686030208806644805e+04 4.047459715648046404e+04 4.215195584362854424e+04 4.254396244574576122e+04 4.213410671565021039e+04 4.124506608172642154e+04 4.008274299663331476e+04 3.877621456137880159e+04 3.740598523603971989e+04 3.602219722400623868e+04 3.465594118272689229e+04 3.332621619589121838e+04 3.204423961277765193e+04 3.081615655431654523e+04 2.964477676752417392e+04 2.853071099643946218e+04 2.747312879584534676e+04 2.647027207994471246e+04 2.551980734367178229e+04 2.461906900448782471e+04 2.376522786667454420e+04 2.295540729561579792e+04 2.218676244928249071e+04 2.145653320371430164e+04 2.076207826846902026e+04 2.010089584552039742e+04 1.947063469384703785e+04 1.886909840600359894e+04 1.829424494464393501e+04 1.774418293628483298e+04 1.721716581630592191e+04 1.671158462204633179e+04 1.622596001105195501e+04 1.575893391859951771e+04 1.530926114778853116e+04 1.487580109599274874e+04 1.445750975534844110e+04 1.405343207635012186e+04 1.366269474811992586e+04 1.328449942321825438e+04 1.291811639650784855e+04 1.256287873468760336e+04 1.221817684428652319e+04 1.188345346008201705e+04 1.155819903229166266e+04 1.124194748887040805e+04 1.093427234838891491e+04 1.063478315892420505e+04 1.034312223891607209e+04 1.005896169684150118e+04 9.782000707699111445e+03 9.511963025573342748e+03 9.248594712894191616e+03 8.991662068367681059e+03 8.740949736891867360e+03 8.496258986066777652e+03 8.257406135138477111e+03 8.024221123380329118e+03 7.796546206000693928e+03 7.574234766675127503e+03 7.357150236735482395e+03 7.145165111907275787e+03 6.938160058275387200e+03 6.736023099881027520e+03 6.538648881012410129e+03 6.345937996854136145e+03 6.157796386709310354e+03 5.974134784507602490e+03 5.794868221768086187e+03 5.619915578598696811e+03 5.449199178690903864e+03 5.282644424610470196e+03 5.120179469996362059e+03 4.961734925563330762e+03 4.807243596061688550e+03 4.656640245582571879e+03 4.509861388811183133e+03 4.366845106025650239e+03 4.227530879817323694e+03 4.091859451670949056e+03 3.959772696692037698e+03 3.831213514904404747e+03 3.706125737665893212e+03 3.584454047863871438e+03 3.466143912657363671e+03 3.351141527628310087e+03 3.239393771292825932e+03 3.130848169005117143e+03 3.025452865360468422e+03 2.923156604273885478e+03 2.823908715973311246e+03 2.727659110205884190e+03 2.634358275009512909e+03 2.543957280451978022e+03 2.456407786786538054e+03 2.371662056515479435e+03 2.289672969892915262e+03 2.210394043435013373e+03 2.133779451039792093e+03 2.059784047350323817e+03 1.988363393024517791e+03 1.919473781601876226e+03 1.853072267682738129e+03 1.789116696159232561e+03 1.727565732258637581e+03 1.668378892180042385e+03 1.611516574124113049e+03 1.556940089532804450e+03 1.504611694372161764e+03 1.454494620306130855e+03 1.406553105623029296e+03 1.360752425789156632e+03 1.317058923515669221e+03 1.275440038235829888e+03 1.235864334899628830e+03 1.198301532002011299e+03 1.162722528769463906e+03 1.129099431437400654e+03 1.097405578558019215e+03 1.067615565284634840e+03 1.039705266584614492e+03 1.013651859338376539e+03 9.894338432867696156e+02 9.670310607937410623e+02 9.464247153951191649e+02 9.277125761307769136e-31 9.106446326006034091e-31 8.953254853685348449e-31 8.817419259900942441e-31 8.698821829255619337e-31 8.597359323441221045e-31 8.512943075974649198e-31 8.445499073543980184e-31 8.394968023896338080e-31 8.361305410211149479e-31 8.344481531916306865e-31 8.344481531916306865e-31
0.000000000000000000e+00 0.000000000000000000e+00 0.000000000000000000e+00 0.000000000000000000e+00 0.000000000000000000e+00 0.000000000000000000e+00 0.000000000000000000e+00 0.000000000000000000e+00 0.000000000000000000e+00 0.000000000000000000e+00 0.000000000000000000e+00 0.000000000000000000e+00 4.846397128957771201e+04 5.302779555193518172e+04 5.464191540765012178e+04 5.449086397854740790e+04 5.339180096726264310e+04 5.179707162442602566e+04 4.996095082298538910e+04 4.803001607761612831e+04 4.608897159106286563e+04 4.418609010879580455e+04 4.234808079109568644e+04 4.058886944743165805e+04 3.891477396793028311e+04 3.732755792284749623e+04 3.582624766220392485e+04 3.440823100014975353e+04 3.306993571286059887e+04 3.180725831951152577e+04 3.061584088576315116e+04 2.949125259726780860e+04 2.842910975564478213e+04 2.742515472914506972e+04 2.647530681339945295e+04 2.557569347533749897e+04 2.472266771831012375e+04 2.391281557608492949e+04 2.314295660559003591e+04 2.241013947138669755e+04 2.171163416623736703e+04 2.104492201385083172e+04 2.040768430468387305e+04 1.979779019371870527e+04 1.921328432080378479e+04 1.865237448597235561e+04 1.811341961452411851e+04 1.759491817250993336e+04 1.709549713723651439e+04 1.661390158543873622e+04 1.614898493064944705e+04 1.569969981856919185e+04 1.526508967294962531e+04 1.484428087314362165e+04 1.443647553684638478e+04 1.404094487673954609e+04 1.365702309702825369e+04 1.328410179467748821e+04 1.292162483008130039e+04 1.256908363260755868e+04 1.222601290770644846e+04 1.189198671386488240e+04 1.156661487949150978e+04 1.124953973172574297e+04 1.094043311110570176e+04 1.063899364794960638e+04 1.034494427816727330e+04 1.005802997799882723e+04 9.778015698860033808e+03 9.504684485052024684e+03 9.237835758560890099e+03 8.977283756532086045e+03 8.722856108259871689e+03 8.474392539680275149e+03 8.231743694414451966e+03 7.994770061370536496e+03 7.763340999793411356e+03 7.537333853452532821e+03 7.316633146387041961e+03 7.101129853291186919e+03 6.890720738225295463e+03 6.685307755885271945e+03 6.484797510161063656e+03 6.289100765166390374e+03 6.098132004332559518e+03 5.911809033531672867e+03 5.730052624534805545e+03 5.552786195417820636e+03 5.379935524808943228e+03 5.211428497127781156e+03 5.047194876197762824e+03 4.887166104827109848e+03 4.731275128146420684e+03 4.579456238668683000e+03 4.431644941198985180e+03 4.287777835869335831e+03 4.147792517709661297e+03 4.011627491290368653e+03 3.879222099086059643e+03 3.750516462314681576e+03 3.625451433102800365e+03 3.503968556916231137e+03 3.386010044277201359e+03 3.271518750864256617e+03 3.160438165160782773e+03 3.052712402881797971e+03 2.948286207468682733e+03 2.847104955995433102e+03 2.749114669881516875e+03 2.654262029852942760e+03 2.562494394636968991e+03 2.473759822915975292e+03 2.388007098103652879e+03 2.305185755541329399e+03 2.225246111744362679e+03 2.148139295358544587e+03 2.073817279514272286e+03 2.002232915291623158e+03 1.933339966033990777e+03 1.867093142269496411e+03 1.803448137020396189e+03 1.742361661299508569e+03 1.683791479610593115e+03 1.627696445285755999e+03 1.574036535508340648e+03 1.522772885883543040e+03 1.473867824432157022e+03 1.427284904894600459e+03 1.382988939243594132e+03 1.340946029313770168e+03 1.301123597466013280e+03 1.263490416212748414e+03 1.228016636738253510e+03 1.194673816255268775e+03 1.163434944145608824e+03 1.134274466838599665e+03 1.107168311386338473e+03 1.082093907699837928e+03 1.059030209414477440e+03 1.038088948485710425e-30 1.018985601467905051e-30 1.001839622545832549e-30 9.866362212307302583e-31 9.733622159269120232e-31 9.620060460730481084e-31 9.525577827870757355e-31 9.450091380057713986e-31 9.393534721116248157e-31 9.355858000410357012e-31 9.337027958693479781e-31 9.337027958693479781e-31
1.680642086323634505e-29 1.680642086323634505e-29 1.689130286094627354e-29 1.706923303315176934e-29 1.735875799412878733e-29 1.779443391726347073e-29 1.843936111642826942e-29 1.941405782702131709e-29 2.096892444354112895e-29 2.368723066138901800e-29 2.913352692289539523e-29 4.239868165193096963e-29 1.432747999841844430e+05 9.456187488861987367e+04 7.923440436769671214e+04 7.119417806311501772e+04 6.576116775760932069e+04 6.153690210476773791e+04 5.798868515902285435e+04 5.488064688064700749e+04 5.209392542957358091e+04 4.956073638992277847e+04 4.723789974762128259e+04 4.509532668891926005e+04 4.311056900587416021e+04 4.126600110137392039e+04 3.954723887378726795e+04 3.794219053986840299e+04 3.644045664819095691e+04 3.503293581851570343e+04 3.371155750827623706e+04 3.246909576088983522e+04 3.129903569610503109e+04 3.019547487492025175e+04 2.915304801852922901e+04 2.816686757470988960e+04 2.723247521505025361e+04 2.634580103559237250e+04 2.550312833988485363e+04 2.470106260798874428e+04 2.393650372787317247e+04 2.320662087252568745e+04 2.250882960381979865e+04 2.184077091047832801e+04 2.120029196748096365e+04 2.058542845458493684e+04 1.999438830319217232e+04 1.942553676071104928e+04 1.887738267442172582e+04 1.834856590554970171e+04 1.783784579059650787e+04 1.734409057204710189e+04 1.686626772501141022e+04 1.640343511050468805e+04 1.595473289009657674e+04 1.551937614063786168e+04 1.509664811170957910e+04 1.468589407232413396e+04 1.428651569720190491e+04 1.389796594662976531e+04 1.351974439744253141e+04 1.315139298603958014e+04 1.279249212753425309e+04 1.244265717812819457e+04 1.210153521059903505e+04 1.176880207538833747e+04 1.144415972218049319e+04 1.112733375907951086e+04 1.081807122852639441e+04 1.051613858096475451e+04 1.022131982896795853e+04 9.933414866095106845e+03 9.652237936162076949e+03 9.377616239899867651e+03 9.109388667145654836e+03 8.847404643773103089e+03 8.591523083534062607e+03 8.341611435858063487e+03 8.097544821448195762e+03 7.859205248231783116e+03 7.626480900875259977e+03 7.399265497663176575e+03 7.177457709077043546e+03 6.960960632896056268e+03 6.749681321081812712e+03 6.543530354110385815e+03 6.342421458778110718e+03 6.146271165838757952e+03 5.954998504130173387e+03 5.768524728122327360e+03 5.586773076068953742e+03 5.409668556171429373e+03 5.237137758372421558e+03 5.069108689586144465e+03 4.905510630345374011e+03 4.746274011005078137e+03 4.591330305787334510e+03 4.440611943086194515e+03 4.294052230573837733e+03 4.151585293761514549e+03 4.013146026773261838e+03 3.878670054184995934e+03 3.748093702870090510e+03 3.621353982873522000e+03 3.498388576411452050e+03 3.379135834162545507e+03 3.263534778081234435e+03 3.151525110022224453e+03 3.043047225520610937e+03 2.938042232122631958e+03 2.836451971709209374e+03 2.738219046298154808e+03 2.643286846851332939e+03 2.551599584650921770e+03 2.463102324843400311e+03 2.377741021782921052e+03 2.295462555835209969e+03 2.216214771331471638e+03 2.139946515387629915e+03 2.066607677328227965e+03 1.996149228476806456e+03 1.928523262095098062e+03 1.863683033272830698e+03 1.801582998587489556e+03 1.742178855369979601e+03 1.685427580427456405e+03 1.631287468088342848e+03 1.579718167447907490e+03 1.530680718704503306e+03 1.484137588487625635e+03 1.440052704089186136e+03 1.398391486518460397e+03 1.359120882309875697e+03 1.322209394020466334e+03 1.287627109360912527e+03 1.255345728910525168e+03 1.225338592372437688e+03 1.197580703330454526e+03 1.172048752473924424e+03 1.148869260707360733e-30 1.127721479217712498e-30 1.108740571090087731e-30 1.091910154303789014e-30 1.077215628715894244e-30 1.064644189560534188e-30 1.054184839283162979e-30 1.045828397700244352e-30 1.039567510476664371e-30 1.035396655914734350e-30 1.033312150049921803e-30 1.033312150049921803e-30
1.443469400890398247e+05 1.443469400890398247e+05 1.450507310337852978e+05 1.465211405075393268e+05 1.488987798080686480e+05 1.524384855385827541e+05 1.575842964588547766e+05 1.651205008650608070e+05 1.764717926050316601e+05 1.942251810662932985e+05 2.222848268440749380e+05 2.582326303099665674e+05 1.718777788149297703e+05 1.257146169797858456e+05 1.009730208357653028e+05 8.667132677308999700e+04 7.742785714074563293e+04 7.080557760239529307e+04 6.567150089294042846e+04 6.146434092583971506e+04 5.788401812330913526e+04 5.475726583614236006e+04 5.197669660030568775e+04 4.947151759972982836e+04 4.719254626672825543e+04 4.510405843494863075e+04 4.317909966376032389e+04 4.139665601886602235e+04 3.973987706864526990e+04 3.819492192298812006e+04 3.675018837615464872e+04 3.539578499122450739e+04 3.412316117523335561e+04 3.292484218072207295e+04 3.179423506898861160e+04 3.072548346196591956e+04 2.971335637115994905e+04 2.875316120846944614e+04 2.784067424293835938e+04 2.697208386687610255e+04 2.614394344490496951e+04 2.535313147530003698e+04 2.459681744604879350e+04 2.387243221761811947e+04 2.317764207618734144e+04 2.251032581901383674e+04 2.186855438724176565e+04 2.125057267086715365e+04 2.065478318940258032e+04 2.007973140935194897e+04 1.952409250231102487e+04 1.898665937975233828e+04 1.846633186536673020e+04 1.796210688531672349e+04 1.747306957236790186e+04 1.699838519262150658e+04 1.653729181418654844e+04 1.608909364610650846e+04 1.565315498355482669e+04 1.522889470199438438e+04 1.481578124884499994e+04 1.441332808636841401e+04 1.402108954405921759e+04 1.363865704291750626e+04 1.326565565762916231e+04 1.290174098595660689e+04 1.254659629758193296e+04 1.219992993728966940e+04 1.186147295975622183e+04 1.153097697535647967e+04 1.120821218832961131e+04 1.089296561038670552e+04 1.058503943441376941e+04 1.028424955433786272e+04 9.990424218503809243e+03 9.703402805059960883e+03 9.423034708893297648e+03 9.149178330594453655e+03 8.881700158781368373e+03 8.620473937879585719e+03 8.365379914149807519e+03 8.116304153383091943e+03 7.873137924251458571e+03 7.635777141818380187e+03 7.404121866179648350e+03 7.178075851629889257e+03 6.957546142134622642e+03 6.742442709237677263e+03 6.532678128851988731e+03 6.328167293671540392e+03 6.128827158206465356e+03 5.934576513683714438e+03 5.745335790275957152e+03 5.561026884322588558e+03 5.381573008389695133e+03 5.206898562185531773e+03 5.036929022501254622e+03 4.871590850489251352e+03 4.710811414721159963e+03 4.554518928587104710e+03 4.402642400708791683e+03 4.255111597139459263e+03 4.111857014218237055e+03 3.972809861032381377e+03 3.837902050520772264e+03 3.707066198326141148e+03 3.580235628571304005e+03 3.457344385798460280e+03 3.338327252368732843e+03 3.223119770673881703e+03 3.111658269561994530e+03 3.003879894426363990e+03 2.899722640449510436e+03 2.799125388535072489e+03 2.702027943497433171e+03 2.608371074113979830e+03 2.518096554676954838e+03 2.431147207711936062e+03 2.347466947557913500e+03 2.267000824529667625e+03 2.189695069407250685e+03 2.115497138019658905e+03 2.044355755710257654e+03 1.976220961490861328e+03 1.911044151708953450e+03 1.848778123068922469e+03 1.789377114863354336e+03 1.732796850284274797e+03 1.678994576697263483e+03 1.627929104773094650e+03 1.579560846382317322e+03 1.533851851168495614e+03 1.490765841724526126e+03 1.450268247305169098e+03 1.412326236016273242e+03 1.376908745428137308e+03 1.343986511566855597e+03 1.313532096242874559e+03 1.285519912681486176e+03 1.259926249424082243e+03 1.236729292473672103e+03 1.215909145661343700e+03 1.197447849213980817e+03 1.181329396506358989e+03 1.167539748983229401e+03 1.156066849239583462e+03 1.146900632249032242e+03 1.140033034732283113e+03 1.135458002659269823e+03 1.133171496879905817e+03 1.133171496879905817e+03
1.388330651937242073e+05 1.388330651937242073e+05 1.394631753639352683e+05 1.407718241035774990e+05 1.428645125622602354e+05 1.459230563324372924e+05 1.502386663801202958e+05 1.562584911823186849e+05 1.646157868224169943e+05 1.759663918308902066e+05 1.898169067249456130e+05 1.991440537434876896e+05 1.673331774494048441e+05 1.359126818757459114e+05 1.132020811248396494e+05 9.765943712162600423e+04 8.675822585320079816e+04 7.872761702116728702e+04 7.250552163464145269e+04 6.747246101594246284e+04 6.326033881680773629e+04 5.964217707282034098e+04 5.647193085887013876e+04 5.365161060794380319e+04 5.111287396489790262e+04 4.880636024823868502e+04 4.669528251229567104e+04 4.475144247389576776e+04 4.295267390026748762e+04 4.128115673634489212e+04 3.972227809436384996e+04 3.826384576996896067e+04 3.689553419909484364e+04 3.560848671909519908e+04 3.439502478019273258e+04 3.324843149945168261e+04 3.216278765640425263e+04 3.113284520785821223e+04 3.015392802323145952e+04 2.922185264918443499e+04 2.833286402646669740e+04 2.748358253584642080e+04 2.667095975963735691e+04 2.589224105269471693e+04 2.514493351652294223e+04 2.442677832615920488e+04 2.373572661523976058e+04 2.306991830995809505e+04 2.242766343812885680e+04 2.180742553963763930e+04 2.120780687924627273e+04 2.062753521911556527e+04 2.006545195150498694e+04 1.952050142548026997e+04 1.899172132764430353e+04 1.847823399773357596e+04 1.797923857671547376e+04 1.749400389873723179e+04 1.702186204962267584e+04 1.656220252410612375e+04 1.611446692201743281e+04 1.567814413048433380e+04 1.525276594511341318e+04 1.483790308822191037e+04 1.443316158664915383e+04 1.403817947558578453e+04 1.365262379829836937e+04 1.327618787467063157e+04 1.290858881417894736e+04 1.254956525131838498e+04 1.219887528363254569e+04 1.185629459440885512e+04 1.152161474380653635e+04 1.119464161371465889e+04 1.087519399300648729e+04 1.056310229108949898e+04 1.025820736875487819e+04 9.960359476327907032e+03 9.669417290016395782e+03 9.385247038163690377e+03 9.107721709843031931e+03 8.836720338888377228e+03 8.572127357054381719e+03 8.313832010536732923e+03 8.061727834574146073e+03 7.815712181295513801e+03 7.575685796379116255e+03 7.341552440455920078e+03 7.113218551522154485e+03 6.890592944928812358e+03 6.673586547792061538e+03 6.462112164920407849e+03 6.256084273584621769e+03 6.055418844666876794e+03 5.860033187917921168e+03 5.669845819228175969e+03 5.484776347979907769e+03 5.304745382697054993e+03 5.129674453345239272e+03 4.959485948761082909e+03 4.794103067805218416e+03 4.633449782940664591e+03 4.477450815036495442e+03 4.326031618288245227e+03 4.179118374230414702e+03 4.036637993894309147e+03 3.898518127237089175e+03 3.764687179034085148e+03 3.635074330489084787e+03 3.509609565874275631e+03 3.388223703565247433e+03 3.270848430885994730e+03 3.157416342224597429e+03 3.047860979923406830e+03 2.942116877487226702e+03 2.840119604689548851e+03 2.741805814191835452e+03 2.647113289322257060e+03 2.555980992690052972e+03 2.468349115339370655e+03 2.384159126171698972e+03 2.303353821390024223e+03 2.225877373739512223e+03 2.151675381340166496e+03 2.080694915925560963e+03 2.012884570319293971e+03 1.948194504996904698e+03 1.886576493595863440e+03 1.827983967249869693e+03 1.772372057636456020e+03 1.719697638638268472e+03 1.669919366529138870e+03 1.622997718605792898e+03 1.578895030194733863e+03 1.537575529972086997e+03 1.499005373541426479e+03 1.463152675221251911e+03 1.429987537999846836e+03 1.399482081620549479e+03 1.371610468765395808e+03 1.346348929309413279e+03 1.323675782621792678e+03 1.303571457893407114e+03 1.286018512473501914e+03 1.271001648200872069e+03 1.258507725717291805e+03 1.248525776753153650e+03 1.241047014377111509e+03 1.236064841203157812e+03 1.233574855550151142e+03 1.233574855550151142e+03
1.422146039612399181e+05 1.422146039612399181e+05 1.427854229673648078e+05 1.439602069349438243e+05 1.458077926567542891e+05 1.484364344764761918e+05 1.519934737274211948e+05 1.566434698949624726e+05 1.624705655918184784e+05 1.691489782404624275e+05 1.749891048572606524e+05 1.747043164540508878e+05 1.572224095372875745e+05 1.363623728065306204e+05 1.183299258501240838e+05 1.042077411001661385e+05 9.336677475148423400e+04 8.493646966413853806e+04 7.821480350822354376e+04 7.270827392158092698e+04 6.808356350621668389e+04 6.411592883012253151e+04 6.065152530752590974e+04 5.758268303350428323e+04 5.483218390811188874e+04 5.234327524733276368e+04 5.007325006620656495e+04 4.798924744566436129e+04 4.606545231651797076e+04 4.428119269908637216e+04 4.261962321076321678e+04 4.106679852358859353e+04 3.961101061520790972e+04 3.824230727793994447e+04 3.695213698035364359e+04 3.573308299543016619e+04 3.457866139764663239e+04 3.348316531685560767e+04 3.244154309529717648e+04 3.144930159021797590e+04 3.050242835152537737e+04 2.959732814119020622e+04 2.873077048592448409e+04 2.789984582552528445e+04 2.710192844346678612e+04 2.633464481717395756e+04 2.559584635354222337e+04 2.488358571592186854e+04 2.419609612666357862e+04 2.353177316188292752e+04 2.288915865472876612e+04 2.226692639900055292e+04 2.166386940280223280e+04 2.107888848665072510e+04 2.051098205539707124e+04 1.995923690090433956e+04 1.942281991444472806e+04 1.890097060553474148e+04 1.839299433840457641e+04 1.789825620922092276e+04 1.741617549709603554e+04 1.694622063023865485e+04 1.648790461564277211e+04 1.604078088671954720e+04 1.560443952843589614e+04 1.517850384398443748e+04 1.476262723088496568e+04 1.435649033780394529e+04 1.395979847634962243e+04 1.357227926471527826e+04 1.319368048235616698e+04 1.282376811693303534e+04 1.246232458657604911e+04 1.210914712214462452e+04 1.176404629560501417e+04 1.142684468194258989e+04 1.109737564318348086e+04 1.077548222414228076e+04 1.046101615044455320e+04 1.015383692021645038e+04 9.853810981588856521e+03 9.560810988849343630e+03 9.274715130690561637e+03 8.995406524563813946e+03 8.722772671650958728e+03 8.456704967427083830e+03 8.197098263201796726e+03 7.943850474405224304e+03 7.696862231728936422e+03 7.456036571544970684e+03 7.221278662311852713e+03 6.992495563937263796e+03 6.769596017305589157e+03 6.552490261395923881e+03 6.341089875616534300e+03 6.135307645165022222e+03 5.935057447390756352e+03 5.740254157291717092e+03 5.550813570419448297e+03 5.366652341597186023e+03 5.187687937976505964e+03 5.013838605069914593e+03 4.845023344499301857e+03 4.681161902295308209e+03 4.522174766670997997e+03 4.367983174274766498e+03 4.218509124002503995e+03 4.073675397519835315e+03 3.933405585709709612e+03 3.797624120321240753e+03 3.666256310151705293e+03 3.539228381145752337e+03 3.416467519844140952e+03 3.297901919659585928e+03 3.183460829498988460e+03 3.073074604290185107e+03 2.966674757007646804e+03 2.864194011825335110e+03 2.765566358055601995e+03 2.670727104562992736e+03 2.579612934367782600e+03 2.492161959179940368e+03 2.408313773626841339e+03 2.328009508959993582e+03 2.251191886045589854e+03 2.177805267462467782e+03 2.107795708547813319e+03 2.041111007246824329e+03 1.977700752636935931e+03 1.917516372010499026e+03 1.860511176412102259e+03 1.806640404537851055e+03 1.755861264914193043e+03 1.708132976283132166e+03 1.663416806129377392e+03 1.621676107292420056e+03 1.582876352613678364e+03 1.546985167575183368e+03 1.513972360891715425e+03 1.483809953023720254e+03 1.456472202582565387e+03 1.431935630603831896e+03 1.410179042668085231e+03 1.391183548851411615e+03 1.374932581491200835e+03 1.361411910754695100e+03 1.350609658000386844e+03 1.342516306923967022e+03 1.337124712482426276e+03 1.334430107591272645e+03 1.334430107591272645e+03
1.432802074338851962e+05 1.432802074338851962e+05 1.437575784527781652e+05 1.447280855624180404e+05 1.462209564580401347e+05 1.482715971045664046e+05 1.509019491798309027e+05 1.540712810437263688e+05 1.575605846004100458e+05 1.607234976080837660e+05 1.620345990545266250e+05 1.586280758718094730e+05 1.474574918050195265e+05 1.332404083299455524e+05 1.194790971076081623e+05 1.075543457218484109e+05 9.765191070869096438e+04 8.950724746157144546e+04 8.276528996284182358e+04 7.710970783266008948e+04 7.229187579855645890e+04 6.812532630927691935e+04 6.447217455255382083e+04 6.123030322014905687e+04 5.832336974913513404e+04 5.569353667880857392e+04 5.329632043224794324e+04 5.109696713728296163e+04 4.906789711965944298e+04 4.718689041304826969e+04 4.543578638617084653e+04 4.379954201383683539e+04 4.226554230151043157e+04 4.082308958002398140e+04 3.946302087622544786e+04 3.817741786121685436e+04 3.695938435322481382e+04 3.580287358433844201e+04 3.470255247570438223e+04 3.365369370101482491e+04 3.265208882027356958e+04 3.169397755041403798e+04 3.077598952150154219e+04 2.989509579484829010e+04 2.904856809497809445e+04 2.823394420267207170e+04 2.744899832178299039e+04 2.669171550391972050e+04 2.596026941800354689e+04 2.525300290442172627e+04 2.456841086926540811e+04 2.390512516254170623e+04 2.326190115227779461e+04 2.263760575920643896e+04 2.203120675800934987e+04 2.144176318366881242e+04 2.086841670741697089e+04 2.031038386760272988e+04 1.976694905768673561e+04 1.923745818738556773e+04 1.872131294437880933e+04 1.821796559347514994e+04 1.772691425808151689e+04 1.724769863553873802e+04 1.677989610360359438e+04 1.632311818025615321e+04 1.587700730322957679e+04 1.544123389931815109e+04 1.501549371670287655e+04 1.459950539631781066e+04 1.419300826072815653e+04 1.379576030114462628e+04 1.340753634510558004e+04 1.302812638904802043e+04 1.265733408149177194e+04 1.229497534390094552e+04 1.194087711748226684e+04 1.159487622525249026e+04 1.125681833966661179e+04 1.092655704696181419e+04 1.060395300014911481e+04 1.028887315328407749e+04 9.981190070279988504e+03 9.680781302098121159e+03 9.387528826666844907e+03 9.101318546349435564e+03 8.822039838206865170e+03 8.549585152687217487e+03 8.283849656726775720e+03 8.024730917567138931e+03 7.772128623885701018e+03 7.525944341104787782e+03 7.286081297988090228e+03 7.052444201857136250e+03 6.824939079966420650e+03 6.603473144763425807e+03 6.387954680932896736e+03 6.178292952284358762e+03 5.974398126688256525e+03 5.776181217401051072e+03 5.583554039244979322e+03 5.396429178222743758e+03 5.214719973254233992e+03 5.038340508821334879e+03 4.867205617397522474e+03 4.701230890624147833e+03 4.540332698273416099e+03 4.384428214111574562e+03 4.233435447842486610e+03 4.087273282375712824e+03 3.945861515721026080e+03 3.809120906865701272e+03 3.676973225041718251e+03 3.549341301836763705e+03 3.426149085646952699e+03 3.307321698009416195e+03 3.192785491391516189e+03 3.082468108047748501e+03 2.976298539588966833e+03 2.874207186938427640e+03 2.776125920377683542e+03 2.681988139411537304e+03 2.591728832205637900e+03 2.505284634372769688e+03 2.422593886904963256e+03 2.343596693067685464e+03 2.268234974090292781e+03 2.196452523503579414e+03 2.128195059990081518e+03 2.063410278626982290e+03 2.002047900414332844e+03 1.944059719992687405e+03 1.889399651465414081e+03 1.838023772250346838e+03 1.789890364894468576e+03 1.744959956793456058e+03 1.703195357765024710e+03 1.664561695431636736e+03 1.629026448374100482e+03 1.596559477022746023e+03 1.567133052257639747e+03 1.540721881693348905e+03 1.517303133627688112e+03 1.496856458636809975e+03 1.479364008802101580e+03 1.464810454556898321e+03 1.453182999142797598e+03 1.444471390667886226e+03 1.438667931760278634e+03 1.435767486812424295e+03 1.435767486812424295e+03
1.426635808326999540e+05 1.426635808326999540e+05 1.430295194350785459e+05 1.437619828918701678e+05 1.448574496416331094e+05 1.462965993807160412e+05 1.480202450042378623e+05 1.498832072394134011e+05 1.515724329042491736e+05 1.524813823854807997e+05 1.515823765783358831e+05 1.475177762154085794e+05 1.395015874001846241e+05 1.292984455853125983e+05 1.187499025199874741e+05 1.089280369095228089e+05 1.002435699475769798e+05 9.273508332603670715e+04 8.628232002355180157e+04 8.072090976780781057e+04 7.589259359881571436e+04 7.166224915369064547e+04 6.792034763663445483e+04 6.458006286672411807e+04 6.157305734658933216e+04 5.884548376837836258e+04 5.635466284983474907e+04 5.406647676333046547e+04 5.195337799016768986e+04 4.999288611135956307e+04 4.816645709728836664e+04 4.645863187277266843e+04 4.485639262877665897e+04 4.334867334741863306e+04 4.192598494873458549e+04 4.058012591952960793e+04 3.930395699376937409e+04 3.809122409766514465e+04 3.693641789375786902e+04 3.583466126870928565e+04 3.478161831305675878e+04 3.377341995912123821e+04 3.280660263559756277e+04 3.187805717965685835e+04 3.098498590309396968e+04 3.012486619857992628e+04 2.929541943926543536e+04 2.849458420175993888e+04 2.772049305221254690e+04 2.697145229495754029e+04 2.624592420555813806e+04 2.554251136437651439e+04 2.485994277992747448e+04 2.419706154835292546e+04 2.355281384022161365e+04 2.292623904137552381e+04 2.231646090287236439e+04 2.172267957783982274e+04 2.114416444149343442e+04 2.058024760561769290e+04 2.003031805118761986e+04 1.949381631306471536e+04 1.897022965926631150e+04 1.845908771450764834e+04 1.795995848381377073e+04 1.747244473719223242e+04 1.699618072081068749e+04 1.653082916396180372e+04 1.607607855442346590e+04 1.563164065771793867e+04 1.519724825830472037e+04 1.477265310296600182e+04 1.435762402859979193e+04 1.395194525836994944e+04 1.355541485169471161e+04 1.316784329492315373e+04 1.278905222076487371e+04 1.241887324562568574e+04 1.205714691497719105e+04 1.170372174776217798e+04 1.135845337162285978e+04 1.102120374144892958e+04 1.069184043437971559e+04 1.037023601497356321e+04 1.005626746477974666e+04 9.749815671022906827e+03 9.450764969539455706e+03 9.159002737498414717e+03 8.874419031794059265e+03 8.596906269323966626e+03 8.326358945661981124e+03 8.062673388907656772e+03 7.805747545741696740e+03 7.555480796944699250e+03 7.311773799845574104e+03 7.074528355358108456e+03 6.843647297440125840e+03 6.619034402973461511e+03 6.400594320211787817e+03 6.188232514082664238e+03 5.981855226757257697e+03 5.781369452020271638e+03 5.586682922081175093e+03 5.397704105570230240e+03 5.214342215555738221e+03 5.036507226507063933e+03 4.864109899208517163e+03 4.697061812704652766e+03 4.535275402427061636e+03 4.378664003718430649e+03 4.227141900029570024e+03 4.080624375121749381e+03 3.939027768658873811e+03 3.802269534623148047e+03 3.670268302032853171e+03 3.542943937483535137e+03 3.420217609073124095e+03 3.302011851307991492e+03 3.188250630621237178e+03 3.078859411166099108e+03 2.973765220576773118e+03 2.872896715416208281e+03 2.776184246056066968e+03 2.683559920757184500e+03 2.594957668741002635e+03 2.510313302062314960e+03 2.429564576112366012e+03 2.352651248598634538e+03 2.279515136863178213e+03 2.210100173416138659e+03 2.144352459574362456e+03 2.082220317106953644e+03 2.023654337801289557e+03 1.968607430872614032e+03 1.917034868149839895e+03 1.868894326978546815e+03 1.824145930789518616e+03 1.782752287288165917e+03 1.744678524226029822e+03 1.709892322721103938e+03 1.678363948098630999e+03 1.650066278228091505e+03 1.624974829335831600e+03 1.603067779276484771e+03 1.584325988248644080e+03 1.568733016943191842e+03 1.556275142114696109e+03 1.546941369568139862e+03 1.540723444554991829e+03 1.537615859574119895e+03 1.537615859574119895e+03
1.412031576304969494e+05 1.412031576304969494e+05 1.414562918600954581e+05 1.419525625309500901e+05 1.426670556445979164e+05 1.435488240036476927e+05 1.445010967855211638e+05 1.453499026281523402e+05 1.458009275332439574e+05 1.453967030408531718e+05 1.435201291724407638e+05 1.395527593405921943e+05 1.333175934486179322e+05 1.255749730838775722e+05 1.172981199740163429e+05 1.092127435801581159e+05 1.017170390148835868e+05 9.496329654369781201e+04 8.896010435360499832e+04 8.364737724689935567e+04 7.894064918435816071e+04 7.475358668399549788e+04 7.100773829388165905e+04 6.763565363360245829e+04 6.458091528273588483e+04 6.179693603705755231e+04 5.924541388650318549e+04 5.689483532476959954e+04 5.471917164112605678e+04 5.269680003771850897e+04 5.080963448618249822e+04 4.904243535108609649e+04 4.738226464863635192e+04 4.581805707984361652e+04 4.434028187315625109e+04 4.294067536361483508e+04 4.161202851636567357e+04 4.034801712240295456e+04 3.914306519373516494e+04 3.799223426922604267e+04 3.689113302760032093e+04 3.583584289633254957e+04 3.482285633282572962e+04 3.384902520831284346e+04 3.291151730067951576e+04 3.200777934257703964e+04 3.113550540838445158e+04 3.029260968253332612e+04 2.947720285121532288e+04 2.868757151373399029e+04 2.792216012949766082e+04 2.717955510999891339e+04 2.645847073826475753e+04 2.575773665584614719e+04 2.507628670302482351e+04 2.441314893423048125e+04 2.376743665977230557e+04 2.313834038845944087e+04 2.252512056474501878e+04 2.192710100959817282e+04 2.134366298712692151e+04 2.077423982958606211e+04 2.021831206225768983e+04 1.967540297712164829e+04 1.914507461051016435e+04 1.862692408527352381e+04 1.812058028254631790e+04 1.762570081212094010e+04 1.714196925382316840e+04 1.666909264522548256e+04 1.620679919359668202e+04 1.575483619223499591e+04 1.531296812330411922e+04 1.488097493103549459e+04 1.445865045070291853e+04 1.404580098014386567e+04 1.364224398182298137e+04 1.324780690452134149e+04 1.286232611471007112e+04 1.248564592854100556e+04 1.211761773617262952e+04 1.175809921085809583e+04 1.140695359586032828e+04 1.106404906283717901e+04 1.072925813586247932e+04 1.040245717572347348e+04 1.008352591956630749e+04 9.772347071353628053e+03 9.468805938955880265e+03 9.172790114024332070e+03 8.884189191092626061e+03 8.602894522625598256e+03 8.328799006986000677e+03 8.061796906517784919e+03 7.801783693157037305e+03 7.548655919174494557e+03 7.302311110833603379e+03 7.062647682912234814e+03 6.829564872188370828e+03 6.602962688131200593e+03 6.382741879168968808e+03 6.168803913024869871e+03 5.961050969725104551e+03 5.759385945985612125e+03 5.563712469780585707e+03 5.373934923985501882e+03 5.189958478069812372e+03 5.011689126891868000e+03 4.839033735720546247e+03 4.671900090674997955e+03 4.510196953835637942e+03 4.353834122338254019e+03 4.202722490816452591e+03 4.056774116608444274e+03 3.915902287190794141e+03 3.780021589345482880e+03 3.649047979607388697e+03 3.522898855577008362e+03 3.401493127718597407e+03 3.284751291296747240e+03 3.172595498134662193e+03 3.064949627905861689e+03 2.961739358697399894e+03 2.862892236606799543e+03 2.768337744157658562e+03 2.678007367339695065e+03 2.591834661098253036e+03 2.509755313116096659e+03 2.431707205746565251e+03 2.357630475972449403e+03 2.287467573278477630e+03 2.221163315338032135e+03 2.158664941426246969e+03 2.099922163482011911e+03 2.044887214751082183e+03 1.993514895950772370e+03 1.945762618904985629e+03 1.901590447604582096e+03 1.860961136655066866e+03 1.823840167078408058e+03 1.790195779441279001e+03 1.759999004285969249e+03 1.733223689844078308e+03 1.709846527016679829e+03 1.689847071607086036e+03 1.673207763795094479e+03 1.659913944843856143e+03 1.649953871031947983e+03 1.643318724805282500e+03 1.640002623144407835e+03 1.640002623144407835e+03
1.393501364597607462e+05 1.393501364597607462e+05 1.395002666506842652e+05 1.397847994117922790e+05 1.401683531826830003e+05 1.405876604046428110e+05 1.409386451070584008e+05 1.410595161795198801e+05 1.407142164161232940e+05 1.395889618644548173e+05 1.373287030155324901e+05 1.336508172182906419e+05 1.285395177903776348e+05 1.223737659652116999e+05 1.156903855483738153e+05 1.089612219174065394e+05 1.025056699416041083e+05 9.649646634149193414e+04 9.099993839843297610e+04 8.601737420301907696e+04 8.151593988561152946e+04 7.744835506833133695e+04 7.376406038912772783e+04 7.041488261694659013e+04 6.735747621680812153e+04 6.455402265958439239e+04 6.197206765044179338e+04 5.958398619148648140e+04 5.736633219799921790e+04 5.529919763442826661e+04 5.336563505004451144e+04 5.155116084012026840e+04 4.984333893917240493e+04 4.823143706221652974e+04 4.670614512044937146e+04 4.525934539411385049e+04 4.388392505593274836e+04 4.257362299960512610e+04 4.132290430263034068e+04 4.012685689572582487e+04 3.898110607336275280e+04 3.788174335879505088e+04 3.682526694969818345e+04 3.580853154131925839e+04 3.482870577750427037e+04 3.388323593843966955e+04 3.296981475654721726e+04 3.208635447448608102e+04 3.123096343442562284e+04 3.040192562584524421e+04 2.959768272814466400e+04 2.881681827064605750e+04 2.805804360106814420e+04 2.732018540813523214e+04 2.660217458763642207e+04 2.590303627632901043e+04 2.522188090639508664e+04 2.455789615614627110e+04 2.391033969141553825e+04 2.327853260746717569e+04 2.266185349394822697e+04 2.205973305594829799e+04 2.147164923303722753e+04 2.089712276554393611e+04 2.033571316358789045e+04 1.978701503968283578e+04 1.925065477026944063e+04 1.872628745542768593e+04 1.821359414938335613e+04 1.771227933733983446e+04 1.722206863670828898e+04 1.674270670303046427e+04 1.627395532284488763e+04 1.581559167746657113e+04 1.536740676317371253e+04 1.492920395464924513e+04 1.450079769972522809e+04 1.408201233455600777e+04 1.367268100930360379e+04 1.327264471528514150e+04 1.288175140530500175e+04 1.249985519959489284e+04 1.212681567041531889e+04 1.176249719894369628e+04 1.140676839859129723e+04 1.105950159936152886e+04 1.072057238828972731e+04 1.038985920139365044e+04 1.006724296291957580e+04 9.752606767993742324e+03 9.445835605085407224e+03 9.146816114961418862e+03 8.855436383061287415e+03 8.571585762451486517e+03 8.295154724729960435e+03 8.026034736445549242e+03 7.764118158777816461e+03 7.509298168387336773e+03 7.261468697501491988e+03 7.020524391441511398e+03 6.786360581928372994e+03 6.558873274627484534e+03 6.337959149504563356e+03 6.123515572670882648e+03 5.915440618493065813e+03 5.713633100834016659e+03 5.517992612375774115e+03 5.328419571053663276e+03 5.144815272705133793e+03 4.967081949103926490e+03 4.795122830614716804e+03 4.628842212762668169e+03 4.468145526066947241e+03 4.312939408540052682e+03 4.163131780301699109e+03 4.018631919801812728e+03 3.879350541188438910e+03 3.745199872395422972e+03 3.616093733561141107e+03 3.491947615423127900e+03 3.372678757364776629e+03 3.258206224819782165e+03 3.148450985766502527e+03 3.043335986070072977e+03 2.942786223452986178e+03 2.846728819896552068e+03 2.755093092295292990e+03 2.667810621204928793e+03 2.584815317541183504e+03 2.506043487102233030e+03 2.431433892801913771e+03 2.360927814513510384e+03 2.294469106435987669e+03 2.232004251905235378e+03 2.173482415582470367e+03 2.118855492960992251e+03 2.068078157140239000e+03 2.021107902823059021e+03 1.977905087498888406e+03 1.938432969780481699e+03 1.902657744867440442e+03 1.870548577113608644e+03 1.842077629679571601e+03 1.817220091254626141e+03 1.795954199835410236e+03 1.778261263550843523e+03 1.764125678525151443e+03 1.753534943772425549e+03 1.746479673117747325e+03 1.742953604141031065e+03 1.742953604141031065e+03
1.373428016745046189e+05 1.373428016745046189e+05 1.374056182214903820e+05 1.375136816949623462e+05 1.376292723853499047e+05 1.376895008088474278e+05 1.375994620602763025e+05 1.372254123396564974e+05 1.363923276113556640e+05 1.348941379559724883e+05 1.325285158154485398e+05 1.291644492752556253e+05 1.248261560565243708e+05 1.197269676082873630e+05 1.141804830005283875e+05 1.084937791843346349e+05 1.029059149023510254e+05 9.757294081335795636e+04 9.257916519957654236e+04 8.795699505009413406e+04 8.370576151832335745e+04 7.980609949693189992e+04 7.622965060270437971e+04 7.294504133220056247e+04 6.992126668915303890e+04 6.712941373197818757e+04 6.454339032957966265e+04 6.214009398669149959e+04 5.989928877505466517e+04 5.780334786100038036e+04 5.583694987128420325e+04 5.398677571206305583e+04 5.224122830530448118e+04 5.059018420232614881e+04 4.902477882685300574e+04 4.753722351941152738e+04 4.612065100325257663e+04 4.476898543336933653e+04 4.347683328741964215e+04 4.223939170924905920e+04 4.105237135845587181e+04 3.991193126814273273e+04 3.881462362707430293e+04 3.775734676571796444e+04 3.673730493471716181e+04 3.575197372221255500e+04 3.479907016880957963e+04 3.387652681240857055e+04 3.298246903594072501e+04 3.211519520501055376e+04 3.127315917450690904e+04 3.045495481758032474e+04 2.965930229043471991e+04 2.888503579497029568e+04 2.813109264070514837e+04 2.739650343943167536e+04 2.668038329218860599e+04 2.598192384952387511e+04 2.530038614361002692e+04 2.463509410530429886e+04 2.398542869130093823e+04 2.335082255657633868e+04 2.273075521575934908e+04 2.212474864415702541e+04 2.153236327518234975e+04 2.095319435604996397e+04 2.038686862798711445e+04 1.983304130097240704e+04 1.929139329627028565e+04 1.876162873285170645e+04 1.824347263625465348e+04 1.773666885059021661e+04 1.724097813629687880e+04 1.675617643791042065e+04 1.628205330759955177e+04 1.581841047152572173e+04 1.536506052725626978e+04 1.492182576150326713e+04 1.448853707839504023e+04 1.406503302932694533e+04 1.365115893619374765e+04 1.324676610048676957e+04 1.285171109135618826e+04 1.246585510629547025e+04 1.208906339861245215e+04 1.172120476631228667e+04 1.136215109743620087e+04 1.101177696728303454e+04 1.066995928329094204e+04 1.033657697367578112e+04 1.001151071621756637e+04 9.694642703854058709e+03 9.385856443990294792e+03 9.085036588659182598e+03 8.792068792879790635e+03 8.506839598752643724e+03 8.229236343012129510e+03 7.959147085920430072e+03 7.696460559541732437e+03 7.441066133577850451e+03 7.192853797077780655e+03 6.951714154457089535e+03 6.717538434376471741e+03 6.490218510134747703e+03 6.269646930330880423e+03 6.055716958640703524e+03 5.848322621639968929e+03 5.647358763685339909e+03 5.452721107938959904e+03 5.264306322691936657e+03 5.082012092207057322e+03 4.905737191360805809e+03 4.735381563422155523e+03 4.570846400357199855e+03 4.412034225098958814e+03 4.258848975266408161e+03 4.111196087860396801e+03 3.968982584503437010e+03 3.832117156827722738e+03 3.700510251650162445e+03 3.574074155605369924e+03 3.452723078937600349e+03 3.336373238180024146e+03 3.224942937475749659e+03 3.118352648318887987e+03 3.016525087515577525e+03 2.919385293185707269e+03 2.826860698644615240e+03 2.738881204021313351e+03 2.655379245485562478e+03 2.576289861970887159e+03 2.501550759293606006e+03 2.431102371580106592e+03 2.364887919925608003e+03 2.302853468217591399e+03 2.244947976065896000e+03 2.191123348789634747e+03 2.141334484418174270e+03 2.095539317669840784e+03 2.053698860877782863e+03 2.015777241836984558e+03 1.981741738551375647e+03 1.951562810863157210e+03 1.925214128949999349e+03 1.902672598678600252e+03 1.883918383805188114e+03 1.868934925015696535e+03 1.857708955799997511e+03 1.850230515155793000e+03 1.846492957119111679e+03 1.846492957119111679e+03
1.353197726992360258e+05 1.353197726992360258e+05 1.353128293874932860e+05 1.352820884914802737e+05 1.351924564556885452e+05 1.349881627758276300e+05 1.345901273654356773e+05 1.338948820355238568e+05 1.327780929705030867e+05 1.311070142563059926e+05 1.287659699871466000e+05 1.256941470048503252e+05 1.219226539820723701e+05 1.175832995483361738e+05 1.128703565779515629e+05 1.079876771022867906e+05 1.031101406193163857e+05 9.836690360134781804e+04 9.384105049992827117e+04 8.957758197460573865e+04 8.559372517193264503e+04 8.188835046611470170e+04 7.844931205449461413e+04 7.525863266726573056e+04 7.229590379984976607e+04 6.954037095527551719e+04 6.697211953102555708e+04 6.457267914520423074e+04 6.232527003108309873e+04 6.021484037905526930e+04 5.822798963868575811e+04 5.635283620401750522e+04 5.457886404802346806e+04 5.289676780372692883e+04 5.129830653709429316e+04 4.977617093874939746e+04 4.832386548462012433e+04 4.693560537516382465e+04 4.560622718428654480e+04 4.433111177404880436e+04 4.310611793979581125e+04 4.192752530976644630e+04 4.079198515512119775e+04 3.969647792564399424e+04 3.863827648825763754e+04 3.761491419718182442e+04 3.662415706032633898e+04 3.566397938457129931e+04 3.473254238337054267e+04 3.382817531504407089e+04 3.294935879109484813e+04 3.209470995285759636e+04 3.126296926360671932e+04 3.045298870360070578e+04 2.966372118886082171e+04 2.889421106201665316e+04 2.814358552632977444e+04 2.741104691289155744e+04 2.669586568668868858e+04 2.599737411031708325e+04 2.531496049507704083e+04 2.464806397838099292e+04 2.399616977416336158e+04 2.335880484955485736e+04 2.273553398667567308e+04 2.212595619317949604e+04 2.152970142928397036e+04 2.094642762256136120e+04 2.037581794482665282e+04 1.981757832812446577e+04 1.927143519914640274e+04 1.873713341344802757e+04 1.821443437263457236e+04 1.770311430926781759e+04 1.720296272565593245e+04 1.671378097393718417e+04 1.623538096598419725e+04 1.576758400265469754e+04 1.531021971280761682e+04 1.486312509331076399e+04 1.442614364199071861e+04 1.399912457613168226e+04 1.358192212972414382e+04 1.317439492320305180e+04 1.277640539990499565e+04 1.238781932392067938e+04 1.200850533442613050e+04 1.163833455194837734e+04 1.127718023236300724e+04 1.092491746473290732e+04 1.058142290938580663e+04 1.024657457289146805e+04 9.920251616843766897e+03 9.602334197577090890e+03 9.292703334153578908e+03 8.991240802150112359e+03 8.697829050951155295e+03 8.412351142418048767e+03 8.134690708958046343e+03 7.864731929158680941e+03 7.602359519283505506e+03 7.347458739049451651e+03 7.099915410218952275e+03 6.859615946646406883e+03 6.626447394518782858e+03 6.400297481620541475e+03 6.181054674541499480e+03 5.968608242825149318e+03 5.762848329130823004e+03 5.563666024553263014e+03 5.370953448308799125e+03 5.184603831058155265e+03 5.004511601193808019e+03 4.830572473472783713e+03 4.662683539426041534e+03 4.500743359021998913e+03 4.344652053105243795e+03 4.194311396172282912e+03 4.049624909083816874e+03 3.910497951348049810e+03 3.776837812643052530e+03 3.648553803275563951e+03 3.525557343303104972e+03 3.407762050071581143e+03 3.295083823945418317e+03 3.187440932029613123e+03 3.084754089703760656e+03 2.986946539807386671e+03 2.893944129333365709e+03 2.805675383502550631e+03 2.722071577107235953e+03 2.643066803024877117e+03 2.568598037815456337e+03 2.498605204327181127e+03 2.433031231245260187e+03 2.371822109527380235e+03 2.314926945677909316e+03 2.262298011819610565e+03 2.213890792528560269e+03 2.169664028403244174e+03 2.129579756343893678e+03 2.093603346522261745e+03 2.061703536026020174e+03 2.033852459164761740e+03 2.010025674427461354e+03 1.990202188083448618e+03 1.974364474420703345e+03 1.962498492616933618e+03 1.954593700239814325e+03 1.950643063374144276e+03 1.950643063374144276e+03
1.333695432962647465e+05 1.333695432962647465e+05 1.333096644177015987e+05 1.331751381489178457e+05 1.329359027211272332e+05 1.325458857065940683e+05 1.319428356633802177e+05 1.310499606360036705e+05 1.297811465427114745e+05 1.280516534686102241e+05 1.257951223505876114e+05 1.229844766666014621e+05 1.196489653030787595e+05 1.158759874731006275e+05 1.117925694803681254e+05 1.075378426892122807e+05 1.032396017443680757e+05 9.900082832076911291e+04 9.489564952325762715e+04 9.097148613475743332e+04 8.725410291481856257e+04 8.375328134277604113e+04 8.046790027779736556e+04 7.738996764266722312e+04 7.450757321617350681e+04 7.180692219505403773e+04 6.927366124933031097e+04 6.689369495979738713e+04 6.465365280400893243e+04 6.254112622100696899e+04 6.054476031933952618e+04 5.865425775070706004e+04 5.686033263753176288e+04 5.515463877798524481e+04 5.352968713355025102e+04 5.197876154052602942e+04 5.049583768855629751e+04 4.907550796110505325e+04 4.771291323673781153e+04 4.640368186807317397e+04 4.514387556233553187e+04 4.392994163607404334e+04 4.275867101147324138e+04 4.162716130199882173e+04 4.053278436270623206e+04 3.947315773188876483e+04 3.844611945170926629e+04 3.744970581784898241e+04 3.648213166755254497e+04 3.554177286951700080e+04 3.462715072703865735e+04 3.373691804760936066e+04 3.286984666810713679e+04 3.202481625540681125e+04 3.120080422827063376e+04 3.039687666839971644e+04 2.961218010711289389e+04 2.884593408980113600e+04 2.809742443353949784e+04 2.736599710442244759e+04 2.665105265065476488e+04 2.595204113546932422e+04 2.526845752077869111e+04 2.459983745831100896e+04 2.394575344998445871e+04 2.330581134357633709e+04 2.267964713346131248e+04 2.206692403941145676e+04 2.146732983925242297e+04 2.088057443361483820e+04 2.030638762316661087e+04 1.974451708059529119e+04 1.919472650127809175e+04 1.865679391804993065e+04 1.813051016679271561e+04 1.761567749073870800e+04 1.711210827242608502e+04 1.661962388318128069e+04 1.613805364084937537e+04 1.566723386725015916e+04 1.520700703752727168e+04 1.475722101417963313e+04 1.431772835912827395e+04 1.388838571768758811e+04 1.346905326877646803e+04 1.305959423613444960e+04 1.265987445569798001e+04 1.226976199465152786e+04 1.188912681799714483e+04 1.151784049878945734e+04 1.115577596846028428e+04 1.080280730391631732e+04 1.045880954832867974e+04 1.012365856275402984e+04 9.797230905928798165e+03 9.479403739767696607e+03 9.170054758271184255e+03 8.869062137709568560e+03 8.576304506101618244e+03 8.291660930146874307e+03 8.015010917900130153e+03 7.746234435600039433e+03 7.485211937175634375e+03 7.231824405062553524e+03 6.985953401057943665e+03 6.747481126036567730e+03 6.516290487437137017e+03 6.292265173507894360e+03 6.075289733376972436e+03 5.865249662083157091e+03 5.662031489768985921e+03 5.465522874299821524e+03 5.275612696630558276e+03 5.092191158295426249e+03 4.915149880447124815e+03 4.744382003918471128e+03 4.579782289824080181e+03 4.421247220260454014e+03 4.268675098701709430e+03 4.121966149723130911e+03 3.981022617718947458e+03 3.845748864310930458e+03 3.716051464173734985e+03 3.591839299029132690e+03 3.473023649586115425e+03 3.359518285227026809e+03 3.251239551260508506e+03 3.148106453581580809e+03 3.050040740597365129e+03 2.956966982292793546e+03 2.868812646326036884e+03 2.785508171056873834e+03 2.706987035423579073e+03 2.633185825595196093e+03 2.564044298336182237e+03 2.499505441029461053e+03 2.439515528312110291e+03 2.384024175285012461e+03 2.332984387264282759e+03 2.286352606047857989e+03 2.244088752675332671e+03 2.206156266663552742e+03 2.172522141703971556e+03 2.143156957810665972e+03 2.118034909910563329e+03 2.097133832869635171e+03 2.080435222949996842e+03 2.067924255694816566e+03 2.059589800238403313e+03 2.055424430039978233e+03 2.055424430039978233e+03
1.315514426754608576e+05 1.315514426754608576e+05 1.314533480444195156e+05 1.312449909372906259e+05 1.309020384280811850e+05 1.303882532974518253e+05 1.296565346305000276e+05 1.286515105072567094e+05 1.273145778961063625e+05 1.255920442403289926e+05 1.234460917995078198e+05 1.208664775994826050e+05 1.178787450408483273e+05 1.145441413019965839e+05 1.109497671488715860e+05 1.071934740074692381e+05 1.033695727772111713e+05 9.955905733292893274e+04 9.582506048011349048e+04 9.221244041552435374e+04 8.874986043990384496e+04 8.545294487721016048e+04 8.232756623930727073e+04 7.937275967686649528e+04 7.658307192267052596e+04 7.395033314591084491e+04 7.146492614429828245e+04 6.911665514739041100e+04 6.689531405816347979e+04 6.479103875024345325e+04 6.279450966882002103e+04 6.089705397851718590e+04 5.909068251681176480e+04 5.736808606638982747e+04 5.572260756275971653e+04 5.414820123100975616e+04 5.263938573945978715e+04 5.119119579915449140e+04 4.979913486194302095e+04 4.845913040558907960e+04 4.716749254723270133e+04 4.592087625963103346e+04 4.471624718320513784e+04 4.355085086642039096e+04 4.242218518386929645e+04 4.132797564660698845e+04 4.026615331370318017e+04 3.923483502521429182e+04 3.823230569693008874e+04 3.725700244134807144e+04 3.630750030437676469e+04 3.538249943153800268e+04 3.448081349998150108e+04 3.360135927302722121e+04 3.274314715209092901e+04 3.190527261678160357e+04 3.108690845783594341e+04 3.028729771958450146e+04 2.950574727902495579e+04 2.874162199752849847e+04 2.799433938891338767e+04 2.726336475425893150e+04 2.654820673956174141e+04 2.584841327728531178e+04 2.516356787713780432e+04 2.449328623513133061e+04 2.383721313321564230e+04 2.319501960460332339e+04 2.256640034238153385e+04 2.195107133117908597e+04 2.134876768357678156e+04 2.075924166464257360e+04 2.018226088948054894e+04 1.961760668001908198e+04 1.906507256846051314e+04 1.852446293588362096e+04 1.799559177545133207e+04 1.747828157054066105e+04 1.697236227889199290e+04 1.647767041458159292e+04 1.599404822026035436e+04 1.552134292268520403e+04 1.505940606509767895e+04 1.460809291049052990e+04 1.416726191024231957e+04 1.373677423300874034e+04 1.331649334912753147e+04 1.290628466613975615e+04 1.250601521134092218e+04 1.211555335756939348e+04 1.173476858870466458e+04 1.136353130159769898e+04 1.100171264138437618e+04 1.064918436734620991e+04 1.030581874667950251e+04 9.971488473718152818e+03 9.646066612325816095e+03 9.329426559332008765e+03 9.021442027035067440e+03 8.721987042932805707e+03 8.430935964970425630e+03 8.148163510716847668e+03 7.873544798991118114e+03 7.606955402567920828e+03 7.348271410688290416e+03 7.097369500194266948e+03 6.854127014192331444e+03 6.618422047231417309e+03 6.390133536056900084e+03 6.169141355072136321e+03 5.955326415706812440e+03 5.748570768951993159e+03 5.548757710380885328e+03 5.355771887028446145e+03 5.169499405553688121e+03 4.989827941156679117e+03 4.816646846765701412e+03 4.649847262053178383e+03 4.489322221876001095e+03 4.334966763773279126e+03 4.186678034187625599e+03 4.044355393107732198e+03 3.907900516858584979e+03 3.777217498793329014e+03 3.652212947665076626e+03 3.532796083480824109e+03 3.418878830660147742e+03 3.310375908341624381e+03 3.207204917697754354e+03 3.109286426135444799e+03 3.016544048274654870e+03 2.928904523611112381e+03 2.846297790781775802e+03 2.768657058362925000e+03 2.695918872140650819e+03 2.628023178803109204e+03 2.564913386011450257e+03 2.506536418813836008e+03 2.452842772373216576e+03 2.403786560984878179e+03 2.359325563364601749e+03 2.319421264192447779e+03 2.284038891900443105e+03 2.253147452695335687e+03 2.226719760810080061e+03 2.204732464979274027e+03 2.187166071135642142e+03 2.174004961325362274e+03 2.165237408841200249e+03 2.160855589572635381e+03 2.160855589572635381e+03
1.299054695873657765e+05 1.299054695873657765e+05 1.297812630907417915e+05 1.295232731819106411e+05 1.291126210634708405e+05 1.285218437518565916e+05 1.277163733762601041e+05 1.266571940413400152e+05 1.253050579256381461e+05 1.236263620102274726e+05 1.216001600390278327e+05 1.192248643775381061e+05 1.165223910921306961e+05 1.135376326210331899e+05 1.103328339858926192e+05 1.069788806823956693e+05 1.035464382809075760e+05 1.000991264805668761e+05 9.668955447276879568e+04 9.335797695598035352e+04 9.013282239187111554e+04 8.703228155290540599e+04 8.406630929422352347e+04 8.123861758845839358e+04 7.854843418768086121e+04 7.599193958748268778e+04 7.356337784667924279e+04 7.125587839363288367e+04 6.906204118281432602e+04 6.697433813491696492e+04 6.498537747031531762e+04 6.308806890749837476e+04 6.127571913393612340e+04 5.954207951646469155e+04 5.788136201202477969e+04 5.628823461397712526e+04 5.475780422233661375e+04 5.328559232028275437e+04 5.186750705282380659e+04 5.049981405102988356e+04 4.917910748057010642e+04 4.790228220536292793e+04 4.666650756397486839e+04 4.546920299857133796e+04 4.430801561129932816e+04 4.318079962109514599e+04 4.208559763418014336e+04 4.102062360953658208e+04 3.998424738657975831e+04 3.897498063939013082e+04 3.799146412575866270e+04 3.703245610699903045e+04 3.609682182405587082e+04 3.518352392569960648e+04 3.429161375479156413e+04 3.342022340830646863e+04 3.256855849577927802e+04 3.173589152900928457e+04 3.092155588319135495e+04 3.012494027616214953e+04 2.934548371823537309e+04 2.858267089018961997e+04 2.783602791146062737e+04 2.710511846453363614e+04 2.638954024499922525e+04 2.568892170978866488e+04 2.500291909879789091e+04 2.433121370748074696e+04 2.367350939009553986e+04 2.302953027515280337e+04 2.239901867626629974e+04 2.178173318308595117e+04 2.117744691831222008e+04 2.058594594796830643e+04 2.000702783317211288e+04 1.944050031260258402e+04 1.888618010571833292e+04 1.834389182756726950e+04 1.781346700673252417e+04 1.729474319860560354e+04 1.678756318676206865e+04 1.629177426575174104e+04 1.580722759910337845e+04 1.533377764679514621e+04 1.487128165685210479e+04 1.441959921611121899e+04 1.397859185554516080e+04 1.354812270585652186e+04 1.312805619935307732e+04 1.271825781438948616e+04 1.231859385891741294e+04 1.192893128992133097e+04 1.154913756573936917e+04 1.117908052847121144e+04 1.081862831386776634e+04 1.046764928627370500e+04 1.012601199635966441e+04 9.793585159537031359e+03 9.470237653090529420e+03 9.155838530201664980e+03 8.850257049160021779e+03 8.553362716180272400e+03 8.265025340351683553e+03 7.985115099351881327e+03 7.713502614653799355e+03 7.450059035046386271e+03 7.194656127374822972e+03 6.947166373486467819e+03 6.707463072444806130e+03 6.475420447143264028e+03 6.250913754517536290e+03 6.033819398617883962e+03 5.824015045859897327e+03 5.621379741827447106e+03 5.425794029052876795e+03 5.237140065246822815e+03 5.055301741494805356e+03 4.880164799980257158e+03 4.711616950831403301e+03 4.549547987727136388e+03 4.393849901930019769e+03 4.244416994446653007e+03 4.101145986044405618e+03 3.963936124881417982e+03 3.832689291531293748e+03 3.707310101207663593e+03 3.587706003014961425e+03 3.473787376071777544e+03 3.365467622370921617e+03 3.262663256257414560e+03 3.165293990420502723e+03 3.073282818309278355e+03 2.986556092894728408e+03 2.905043601711548945e+03 2.828678638123463315e+03 2.757398068765061907e+03 2.691142397120463102e+03 2.629855823207272351e+03 2.573486299339147990e+03 2.521985581946898492e+03 2.475309279441746185e+03 2.433416896108643414e+03 2.396271872020904539e+03 2.363841618969594947e+03 2.336097552403780810e+03 2.313015119378987947e+03 2.294573822512730658e+03 2.280757239946566187e+03 2.271553041314963593e+03 2.266952999721264405e+03 2.266952999721264405e+03
1.284578318897746794e+05 1.284578318897746794e+05 1.283170160038875765e+05 1.280281181582284917e+05 1.275769860912501463e+05 1.269434376458409533e+05 1.261027642603502027e+05 1.250280730707569310e+05 1.236935819246109750e+05 1.220787609380579088e+05 1.201728387571164203e+05 1.179787479847346258e+05 1.155153102152880892e+05 1.128166871633440460e+05 1.099289900212558132e+05 1.069050262272837281e+05 1.037986816250920965e+05 1.006602077244235988e+05 9.753306939653218433e+04 9.445241578948825190e+04 9.144486929158096609e+04 8.852919542009031284e+04 8.571744305595578044e+04 8.301624333224243310e+04 8.042806659243543982e+04 7.795232981896553247e+04 7.558631258891333709e+04 7.332587996110919630e+04 7.116603191299278114e+04 6.910130751051066909e+04 6.712607312704631477e+04 6.523472135915352555e+04 6.342180308739724569e+04 6.168211068037992663e+04 6.001072627476275375e+04 5.840304563479858189e+04 5.685478534330951516e+04 5.536197894301086490e+04 5.392096603487017273e+04 5.252837714521906310e+04 5.118111630165922543e+04 4.987634263056990312e+04 4.861145184331281780e+04 4.738405816534801124e+04 4.619197704561734281e+04 4.503320883540454815e+04 4.390592352639885212e+04 4.280844657235256454e+04 4.173924577710042649e+04 4.069691920637218573e+04 3.968018406652198610e+04 3.868786648634427547e+04 3.771889213597751223e+04 3.677227761776095576e+04 3.584712256659545528e+04 3.494260240106113633e+04 3.405796167073585821e+04 3.319250794948580733e+04 3.234560622875476110e+04 3.151667376893181063e+04 3.070517537066009754e+04 2.991061903143374002e+04 2.913255195600149818e+04 2.837055689197796528e+04 2.762424876465311172e+04 2.689327158732863245e+04 2.617729562560755221e+04 2.547601479594534612e+04 2.478914428046497414e+04 2.411641834155829565e+04 2.345758832116527628e+04 2.281242081085600512e+04 2.218069597995512231e+04 2.156220604995347094e+04 2.095675390436719681e+04 2.036415182403042127e+04 1.978422033856419148e+04 1.921678718544895673e+04 1.866168636875708762e+04 1.811875731017605722e+04 1.758784408547848579e+04 1.706879474007945828e+04 1.656146067776617201e+04 1.606569611709490528e+04 1.558135761032857226e+04 1.510830362013816921e+04 1.464639414961436160e+04 1.419549042143708721e+04 1.375545460232860023e+04 1.332614956917469135e+04 1.290743871344009676e+04 1.249918578072850141e+04 1.210125474254687288e+04 1.171350969753017307e+04 1.133581479956304065e+04 1.096803421040927242e+04 1.061003207461649981e+04 1.026167251461524029e+04 9.922819644071005314e+03 9.593337597680232648e+03 9.273090575723857910e+03 8.961942901808364695e+03 8.659759092333293665e+03 8.366403936325477844e+03 8.081742584377854655e+03 7.805640645518653400e+03 7.537964290924181114e+03 7.278580363465320261e+03 7.027356492155129672e+03 6.784161210633080373e+03 6.548864078889342636e+03 6.321335807492899221e+03 6.101448383646403272e+03 5.889075198444935268e+03 5.684091174766649601e+03 5.486372895271815651e+03 5.295798730030797742e+03 5.112248963343962714e+03 4.935605919355597507e+03 4.765754086100040695e+03 4.602580237652935466e+03 4.445973554091415281e+03 4.295825738997240478e+03 4.152031134263565946e+03 4.014486831991720919e+03 3.883092783287602288e+03 3.757751903788643631e+03 3.638370175772740822e+03 3.524856746717617625e+03 3.417124024196971277e+03 3.315087767013861594e+03 3.218667172486157597e+03 3.127784959810943292e+03 3.042367449446268893e+03 2.962344638458381269e+03 2.887650271791559589e+03 2.818221909425642934e+03 2.754000989393327018e+03 2.694932886634756869e+03 2.640966967673120052e+03 2.592056641098291038e+03 2.548159403849880619e+03 2.509236883294035124e+03 2.475254875090266523e+03 2.446183376847074669e+03 2.421996617566217992e+03 2.402673082876206081e+03 2.388195536056721721e+03 2.378551034855436228e+03 2.373730944098881992e+03 2.373730944098881992e+03
1.272246505760909931e+05 1.272246505760909931e+05 1.270744107297086739e+05 1.267685922584834771e+05 1.262969060682578565e+05 1.256449374206380453e+05 1.247954832639578963e+05 1.237304669514918496e+05 1.224334207677372324e+05 1.208923764159862912e+05 1.191027923903810442e+05 1.170699419230984349e+05 1.148101097498149320e+05 1.123501295227184601e+05 1.097252498717775306e+05 1.069758429032780696e+05 1.041437564277548809e+05 1.012690548282938107e+05 9.838761291253576928e+04 9.552970523942149885e+04 9.271949269317334983e+04 8.997518489056012186e+04 8.730963147704814037e+04 8.473112837548524840e+04 8.224428145031628083e+04 7.985082700380867755e+04 7.755035497847602528e+04 7.534091369582591869e+04 7.321949567672873673e+04 7.118241543053447094e+04 6.922559505482191162e+04 6.734477451647311682e+04 6.553566236636781832e+04 6.379404054148282012e+04 6.211583453052312689e+04 6.049715790264704265e+04 5.893433820023146836e+04 5.742392953316835337e+04 5.596271587693144829e+04 5.454770803255368082e+04 5.317613640633264731e+04 5.184544116317306180e+04 5.055326085769197380e+04 4.929742031590803526e+04 4.807591829878153658e+04 4.688691530442160729e+04 4.572872174102018471e+04 4.459978661427385669e+04 4.349868681129896140e+04 4.242411702046616847e+04 4.137488029775198083e+04 4.034987927116009814e+04 3.934810796261351788e+04 3.836864419939063373e+04 3.741064258316475753e+04 3.647332798294948589e+04 3.555598951799515635e+04 3.465797499738975603e+04 3.377868578442733269e+04 3.291757205545600300e+04 3.207412842474339413e+04 3.124788990877037213e+04 3.043842820522828697e+04 2.964534826378669459e+04 2.886828512739887447e+04 2.810690102451152779e+04 2.736088269402439983e+04 2.662993892621885243e+04 2.591379830413740638e+04 2.521220713105804316e+04 2.452492753076928420e+04 2.385173570833371923e+04 2.319242035991822922e+04 2.254678122109601827e+04 2.191462774377577080e+04 2.129577789260899954e+04 2.069005705236297217e+04 2.009729703833401072e+04 1.951733520241708538e+04 1.895001362794797024e+04 1.839517840689489094e+04 1.785267899340577424e+04 1.732236762811218068e+04 1.680409882796042803e+04 1.629772893668022698e+04 1.580311573132183366e+04 1.532011808058519273e+04 1.484859565094528807e+04 1.438840865683177435e+04 1.393941765136415597e+04 1.350148335436804882e+04 1.307446651460933572e+04 1.265822780338085795e+04 1.225262773676071265e+04 1.185752662403552858e+04 1.147278453994592564e+04 1.109826131856310531e+04 1.073381656675049271e+04 1.037930969530078073e+04 1.003459996596331075e+04 9.699546552700487155e+03 9.374008615620818091e+03 9.057845386145856537e+03 8.750916262065655246e+03 8.453080911233622828e+03 8.164199382739002431e+03 7.884132224478769785e+03 7.612740606130727429e+03 7.349886446601673015e+03 7.095432545095332898e+03 6.849242715009841049e+03 6.611181919936071608e+03 6.381116411086345579e+03 6.158913865536518642e+03 5.944443524716069987e+03 5.737576332628505952e+03 5.538185073328869294e+03 5.346144507227105350e+03 5.161331505825312888e+03 4.983625184533222637e+03 4.812907033240367127e+03 4.649061044355295962e+03 4.491973838051112580e+03 4.341534784484622833e+03 4.197636122781160338e+03 4.060173076600666263e+03 3.929043966122092115e+03 3.804150316303158434e+03 3.685396961290332456e+03 3.572692144870594802e+03 3.465947616871710579e+03 3.365078725431107159e+03 3.270004505066106049e+03 3.180647760489003304e+03 3.096935146120558329e+03 3.018797241264192053e+03 2.946168620910837035e+03 2.878987922150825398e+03 2.817197906175817025e+03 2.760745515857614464e+03 2.709581928895790043e+03 2.663662606528887864e+03 2.622947337806970609e+03 2.587400279425413828e+03 2.556989991121258754e+03 2.531689466634708879e+03 2.511476160238821194e+03 2.496332008840991421e+03 2.486243449659293219e+03 2.481201433476888724e+03 2.481201433476888724e+03
1.262146920552780794e+05 1.262146920552780794e+05 1.260602835494110623e+05 1.257476639839646814e+05 1.252695777705316723e+05 1.246160333724665397e+05 1.237754105479749705e+05 1.227359584041908529e+05 1.214876266944759991e+05 1.200240777574676322e+05 1.183446123929255555e+05 1.164556524881946389e+05 1.143714175331046863e+05 1.121135601909678371e+05 1.097097753149362397e+05 1.071916681574331305e+05 1.045923299718543567e+05 1.019440659723544522e+05 9.927659107473937911e+04 9.661583484163915273e+04 9.398334677149179333e+04 9.139619834705235553e+04 8.886723976760245569e+04 8.640557162779157807e+04 8.401711640062027436e+04 8.170520660320045135e+04 7.947113681882733363e+04 7.731465106928543537e+04 7.523435438861993316e+04 7.322804858579735446e+04 7.129299850049834640e+04 6.942613800289777282e+04 6.762422578273898398e+04 6.588396052387682721e+04 6.420206398869218538e+04 6.257533923484634579e+04 6.100070988284557097e+04 5.947524516507404041e+04 5.799617446498547361e+04 5.656089420875650831e+04 5.516696928964005201e+04 5.381213066670133412e+04 5.249427036111352209e+04 5.121143475208499149e+04 4.996181683071500447e+04 4.874374788667291432e+04 4.755568896572604717e+04 4.639622233475833491e+04 4.526404311636913189e+04 4.415795120072892314e+04 4.307684350297086348e+04 4.201970660614054941e+04 4.098560980967022624e+04 3.997369858931336785e+04 3.898318846483225934e+04 3.801335926526912954e+04 3.706354977745540964e+04 3.613315276087984239e+04 3.522161031064892450e+04 3.432840954969839368e+04 3.345307863139350229e+04 3.259518303400167861e+04 3.175432212911600800e+04 3.093012600684699646e+04 3.012225254142067570e+04 2.933038468168809050e+04 2.855422795191601836e+04 2.779350814908806933e+04 2.704796922377298688e+04 2.631737133241292759e+04 2.560148904963735913e+04 2.490010972992475581e+04 2.421303200860358993e+04 2.354006443281373868e+04 2.288102421364320981e+04 2.223573609120239780e+04 2.160403130491893171e+04 2.098574666181572320e+04 2.038072369598777732e+04 1.978880791291330388e+04 1.920984811263129086e+04 1.864369578618310697e+04 1.809020458006595800e+04 1.754922982376351138e+04 1.702062811572857390e+04 1.650425696347156918e+04 1.599997447367882341e+04 1.550763908853476823e+04 1.502710936465648774e+04 1.455824379127157590e+04 1.410090064447911027e+04 1.365493787462821274e+04 1.322021302403542359e+04 1.279658317243325655e+04 1.238390490771110126e+04 1.198203431965910386e+04 1.159082701457562143e+04 1.121013814873491356e+04 1.083982247884193748e+04 1.047973442772433737e+04 1.012972816362701269e+04 9.789657691584659915e+03 9.459376955450186870e+03 9.138739949255574174e+03 8.827600836672445439e+03 8.525814077427925440e+03 8.233234559611990335e+03 7.949717736890893320e+03 7.675119769713241112e+03 7.409297669665353169e+03 7.152109446195220698e+03 6.903414254987637833e+03 6.663072547328533801e+03 6.430946219851376554e+03 6.206898764108984324e+03 5.990795415461331686e+03 5.782503300814661088e+03 5.581891584789122135e+03 5.388831613930240565e+03 5.203197058617292896e+03 5.024864052354308114e+03 4.853711328161877645e+03 4.689620351816832226e+03 4.532475451714440169e+03 4.382163945152533415e+03 4.238576260860768343e+03 4.101606057619290368e+03 3.971150338830573219e+03 3.847109562926948456e+03 3.729387749511832226e+03 3.617892581148194949e+03 3.512535500721187418e+03 3.413231804313762041e+03 3.319900729545197464e+03 3.232465539332191383e+03 3.150853601040374997e+03 3.074996461001868283e+03 3.004829914380920400e+03 2.940294070375009596e+03 2.881333412743746976e+03 2.827896855661604150e+03 2.779937794893513001e+03 2.737414154295121534e+03 2.700288427641035923e+03 2.668527715785713099e+03 2.642103759162493134e+03 2.620992965626391197e+03 2.605176433646270652e+03 2.594639970851694216e+03 2.589374107938765974e+03 2.589374107938765974e+03
1.254314536367831315e+05 1.254314536367831315e+05 1.252765952112739615e+05 1.249642607033115055e+05 1.244895075178245606e+05 1.238456554291600623e+05 1.230251636929658271e+05 1.220207708226854447e+05 1.208268282283062872e+05 1.194407013012406824e+05 1.178640518023905752e+05 1.161037785177014594e+05 1.141724084670614684e+05 1.120878160662228620e+05 1.098722889029952203e+05 1.075511066020513972e+05 1.051508936086439353e+05 1.026980175036336586e+05 1.002172441183251067e+05 9.773076625340161263e+04 9.525763095565274125e+04 9.281352328152596601e+04 9.041082840188611590e+04 8.805888415989866189e+04 8.576434383876867651e+04 8.353158516230236273e+04 8.136311995079160261e+04 7.925997554140957072e+04 7.722203234842472011e+04 7.524831147239367419e+04 7.333721249982797599e+04 7.148670528233007644e+04 6.969448128293424088e+04 6.795807065628052806e+04 6.627493107015808346e+04 6.464251371977773670e+04 6.305831125775404507e+04 6.151989160030068888e+04 6.002492085111818596e+04 5.857117794664053508e+04 5.715656308288007858e+04 5.577910153412463842e+04 5.443694410892547603e+04 5.312836519781364768e+04 5.185175913801066781e+04 5.060563544180838653e+04 4.938861329727451084e+04 4.819941564408001432e+04 4.703686304655361891e+04 4.589986752491206425e+04 4.478742645952016755e+04 4.369861664847025531e+04 4.263258857299626834e+04 4.158856090613057313e+04 4.056581528593826806e+04 3.956369136438735586e+04 3.858158213547761261e+04 3.761892954094338347e+04 3.667522034811967751e+04 3.574998229200956121e+04 3.484278047190786310e+04 3.395321399188594660e+04 3.308091283386061696e+04 3.222553495172077965e+04 3.138676357497668869e+04 3.056430471055719318e+04 2.975788483165774960e+04 2.896724874289698346e+04 2.819215761144260250e+04 2.743238715420285007e+04 2.668772597162516468e+04 2.595797401909633481e+04 2.524294120738475976e+04 2.454244612400128972e+04 2.385631486778305407e+04 2.318437998941015758e+04 2.252647953096334822e+04 2.188245615800178712e+04 2.125215637800337936e+04 2.063542983934798394e+04 2.003212870535276670e+04 1.944210709817360839e+04 1.886522060768169467e+04 1.830132586070136313e+04 1.775028014625879223e+04 1.721194109273954746e+04 1.668616639309196034e+04 1.617281357443382694e+04 1.567173980863602992e+04 1.518280176065485466e+04 1.470585547157734254e+04 1.424075627352430456e+04 1.378735873372630704e+04 1.334551662525091706e+04 1.291508292201315999e+04 1.249590981584786277e+04 1.208784875355835175e+04 1.169075049199045679e+04 1.130446516930196958e+04 1.092884239071717820e+04 1.056373132716673717e+04 1.020898082531933869e+04 9.864439527611040830e+03 9.529956000973204937e+03 9.205378873050016409e+03 8.890556974780336532e+03 8.585339488299905497e+03 8.289576099194857306e+03 8.003117152210010318e+03 7.725813809582217800e+03 7.457518211233195871e+03 7.198083636116506568e+03 6.947364664069920764e+03 6.705217337577342732e+03 6.471499322895641853e+03 6.246070070047256195e+03 6.028790971225137582e+03 5.819525517197204863e+03 5.618139451336094680e+03 5.424500920936411603e+03 5.238480625515595420e+03 5.059951961825658145e+03 4.888791165331958837e+03 4.724877447942978506e+03 4.568093131799309958e+03 4.418323778953778856e+03 4.275458316795380597e+03 4.139389159089501845e+03 4.010012322524567480e+03 3.887227538671641469e+03 3.770938361277757849e+03 3.661052268827973876e+03 3.557480762321562452e+03 3.460139458220119195e+03 3.368948176533371679e+03 3.283831024017339587e+03 3.204716472466669529e+03 3.131537432089291087e+03 3.064231319955954405e+03 3.002740123522858994e+03 2.947010459227890806e+03 2.896993626164569832e+03 2.852645654839472172e+03 2.813927351020506649e+03 2.780804334684403784e+03 2.753247074071828138e+03 2.731230914858708729e+03 2.714736104451944811e+03 2.703747811416478271e+03 2.698256140039996808e+03 2.698256140039996808e+03
1.248747566357541073e+05 1.248747566357541073e+05 1.247219835561666550e+05 1.244147107094339735e+05 1.239497189247943752e+05 1.233227591734832822e+05 1.225292271539232461e+05 1.215650141911894170e+05 1.204274703179939388e+05 1.191163813376460166e+05 1.176348313457154582e+05 1.159898095065893140e+05 1.141924386646491621e+05 1.122577592648400023e+05 1.102040849746468593e+05 1.080520306829952606e+05 1.058233699954158947e+05 1.035398917610573844e+05 1.012223970139691519e+05 9.888992598869225185e+04 9.655924916968320031e+04 9.424461083527949813e+04 9.195768449527009216e+04 8.970768674070840643e+04 8.750159549407800660e+04 8.534442565930602723e+04 8.323952553280488064e+04 8.118886810683748627e+04 7.919332089005937451e+04 7.725288537567535241e+04 7.536690272180535248e+04 7.353422582261527714e+04 7.175336012368857337e+04 7.002257666026666993e+04 6.834000120952662837e+04 6.670368341236114793e+04 6.511164942882690957e+04 6.356194127629991272e+04 6.205264554512951872e+04 6.058191374379456101e+04 5.914797612145229505e+04 5.774915046236907801e+04 5.638384704675309331e+04 5.505057072343404434e+04 5.374792083643998922e+04 5.247458958358388190e+04 5.122935925441439758e+04 5.001109869144657569e+04 4.881875923736172263e+04 4.765137036741017073e+04 4.650803515696316754e+04 4.538792569601978903e+04 4.429027853308258636e+04 4.321439020825764601e+04 4.215961291817417805e+04 4.112535034216265922e+04 4.011105364915703103e+04 3.911621769724449405e+04 3.814037743212696660e+04 3.718310448654215725e+04 3.624400397957082896e+04 3.532271151248779643e+04 3.441889035618316848e+04 3.353222882403518452e+04 3.266243782335252035e+04 3.180924857801189864e+04 3.097241051464018528e+04 3.015168930457422539e+04 2.934686505383134863e+04 2.855773063340796216e+04 2.778409014238079908e+04 2.702575749647549674e+04 2.628255513499648805e+04 2.555431283926407923e+04 2.484086665596000239e+04 2.414205791905761726e+04 2.345773236427915981e+04 2.278773933029557520e+04 2.213193104115013921e+04 2.149016196464833411e+04 2.086228824171261658e+04 2.024816718194743953e+04 1.964765682089985421e+04 1.906061553473353342e+04 1.848690170825341193e+04 1.792637345243684103e+04 1.737888836782895669e+04 1.684430335035814642e+04 1.632247443631648457e+04 1.581325668343028156e+04 1.531650408511699061e+04 1.483206951519252107e+04 1.435980470044626600e+04 1.389956021865589173e+04 1.345118551975273294e+04 1.301452896798873735e+04 1.258943790308392636e+04 1.217575871845778784e+04 1.177333695476632056e+04 1.138201740707937279e+04 1.100164424413695269e+04 1.063206113822905172e+04 1.027311140433613400e+04 9.924638147261088307e+03 9.586484415570354031e+03 9.258493361243583422e+03 8.940508404010401136e+03 8.632373399426045580e+03 8.333932809808451566e+03 8.045031877225771495e+03 7.765516797785076960e+03 7.495234896533261235e+03 7.234034802336845132e+03 6.981766622158777864e+03 6.738282114201862896e+03 6.503434859433273232e+03 6.277080431048976607e+03 6.059076561478129406e+03 5.849283306565142084e+03 5.647563206603582330e+03 5.453781443929109628e+03 5.267805996809966018e+03 5.089507789402267917e+03 4.918760837564220310e+03 4.755442390348188383e+03 4.599433067012169886e+03 4.450616989413778356e+03 4.308881909668085427e+03 4.174119332969239622e+03 4.046224635491058962e+03 3.925097177296544487e+03 3.810640410199150665e+03 3.702761980530149231e+03 3.601373826777044087e+03 3.506392272066636906e+03 3.417738111474990546e+03 3.335336694152256769e+03 3.259118000257598396e+03 3.189016712703120447e+03 3.124972283710070769e+03 3.066928996184211883e+03 3.014836019918918737e+03 2.968647462636682121e+03 2.928322415880814333e+03 2.893824995769079123e+03 2.865124378621945652e+03 2.842194831476363106e+03 2.825015737496129987e+03 2.813571616288207224e+03 2.807852139132701723e+03 2.807852139132701723e+03
1.245419484314870497e+05 1.245419484314870497e+05 1.243929075966353121e+05 1.240937552393961378e+05 1.236425315801675461e+05 1.230367423916643602e+05 1.222738670526439673e+05 1.213519851401844498e+05 1.202704676393087720e+05 1.190306589875825885e+05 1.176364613385727134e+05 1.160947301400042488e+05 1.144154067399244668e+05 1.126113505296620424e+05 1.106978833900161262e+05 1.086921091937182791e+05 1.066121058693956875e+05 1.044760981455945439e+05 1.023017061241551419e+05 1.001053362310792290e+05 9.790174732697117724e+04 9.570379452213893819e+04 9.352233143229284906e+04 9.136623941804438073e+04 8.924254845503951947e+04 8.715661623490414058e+04 8.511233736928603321e+04 8.311236111395707121e+04 8.115830246745629120e+04 7.925093706347777334e+04 7.739037466372358904e+04 7.557620925896262634e+04 7.380764594893420872e+04 7.208360610647233261e+04 7.040281305114978750e+04 6.876386074981332058e+04 6.716526807516535337e+04 6.560552100081564276e+04 6.408310487090925744e+04 6.259652860720556055e+04 6.114434243942324247e+04 5.972515048492040660e+04 5.833761927105158975e+04 5.698048309145856183e+04 5.565254691604261461e+04 5.435268743130054645e+04 5.307985266995245911e+04 5.183306059289169207e+04 5.061139690904735471e+04 4.941401235663698026e+04 4.824011961975521990e+04 4.708899001492249226e+04 4.595995005112169747e+04 4.485237794234527973e+04 4.376570013241541164e+04 4.269938787674701598e+04 4.165295391391445446e+04 4.062594925068851444e+04 3.961796007704023214e+04 3.862860482206525194e+04 3.765753135748504428e+04 3.670441435208905023e+04 3.576895277795152651e+04 3.485086756734561641e+04 3.394989941783359245e+04 3.306580674194818857e+04 3.219836375709683489e+04 3.134735871077794582e+04 3.051259223581970582e+04 2.969387583012178584e+04 2.889103045524852496e+04 2.810388524818307997e+04 2.733227634056397073e+04 2.657604577979982059e+04 2.583504054655887376e+04 2.510911166326284729e+04 2.439811338836793220e+04 2.370190249138138097e+04 2.302033760374005578e+04 2.235327864085881811e+04 2.170058629084379572e+04 2.106212156555414913e+04 2.043774540987976070e+04 1.982731836529170323e+04 1.923070028390117659e+04 1.864775008944343062e+04 1.807832558177622195e+04 1.752228328165262792e+04 1.697947831269308517e+04 1.644976431764097651e+04 1.593299340613750610e+04 1.542901613140568043e+04 1.493768149337047726e+04 1.445883696588469138e+04 1.399232854585857422e+04 1.353800082222156198e+04 1.309569706276376201e+04 1.266525931702321577e+04 1.224652853349474208e+04 1.183934468954514341e+04 1.144354693251926801e+04 1.105897373061988037e+04 1.068546303223735231e+04 1.032285243249250198e+04 9.970979345841249597e+03 9.629681183668326412e+03 9.298795535875453425e+03 8.978160355539268494e+03 8.667614145784851644e+03 8.366996148084024753e+03 8.076146531250353291e+03 7.794906580459689394e+03 7.523118885681004940e+03 7.260627528953532419e+03 7.007278269994852053e+03 6.762918729670845096e+03 6.527398570901284074e+03 6.300569676615452408e+03 6.082286324409537883e+03 5.872405357594016095e+03 5.670786352350669404e+03 5.477291780751040278e+03 5.291787169415948483e+03 5.114141253622179647e+03 4.944226126687144642e+03 4.781917384484253489e+03 4.627094264963166097e+03 4.479639782567497605e+03 4.339440857459603649e+03 4.206388439478168948e+03 4.080377626768250138e+03 3.961307779035736075e+03 3.849082625389955410e+03 3.743610366747696844e+03 3.644803772781017415e+03 3.552580273398372810e+03 3.466862044755408533e+03 3.387576089796970336e+03 3.314654313336683572e+03 3.248033591683322356e+03 3.187655836826926588e+03 3.133468055198761249e+03 3.085422401020930920e+03 3.043476224261740299e+03 3.007592113213449920e+03 2.977737931707868483e+03 2.953886850985027195e+03 2.936017376227941895e+03 2.924113367775843471e+03 2.918164057024947397e+03 2.918164057024947397e+03
1.244287946099939873e+05 1.244287946099939873e+05 1.242844802652561339e+05 1.239952548491853668e+05 1.235600625350273767e+05 1.229776548808334192e+05 1.222469674818167696e+05 1.213675764939765795e+05 1.203401921001448354e+05 1.191671344857529184e+05 1.178527310230964649e+05 1.164035751091905549e+05 1.148286002926916262e+05 1.131389477565553825e+05 1.113476365767191164e+05 1.094690768519640696e+05 1.075184877834753424e+05 1.055112910455285310e+05 1.034625440476457734e+05 1.013864617257445352e+05 9.929605495438675280e+04 9.720289378080036840e+04 9.511698792419636447e+04 9.304676679299787793e+04 9.099913645575614646e+04 8.897959042956217309e+04 8.699235338185656292e+04 8.504054054424139031e+04 8.312631978762426297e+04 8.125106723923368554e+04 7.941551067453062569e+04 7.761985755839827470e+04 7.586390655196079751e+04 7.414714263302231848e+04 7.246881681877547817e+04 7.082801194982310699e+04 6.922369620160701743e+04 6.765476601998138358e+04 6.612008009843346372e+04 6.461848587354519259e+04 6.314883984597546078e+04 6.171002285830397159e+04 6.030095129183128302e+04 5.892058498929882626e+04 5.756793257290475594e+04 5.624205470785126818e+04 5.494206576030590804e+04 5.366713421364620444e+04 5.241648213629102247e+04 5.118938393637601257e+04 4.998516459109185962e+04 4.880319749996375322e+04 4.764290208017659461e+04 4.650374119692469685e+04 4.538521850158180314e+04 4.428687573431316559e+04 4.320829003481369000e+04 4.214907129453571542e+04 4.110885957554257038e+04 4.008732261458669382e+04 3.908415342581235018e+04 3.809906801137732691e+04 3.713180318603050546e+04 3.618211451912925259e+04 3.524977439556544414e+04 3.433457019551059057e+04 3.343630259166823089e+04 3.255478396179579067e+04 3.168983691354832263e+04 3.084129291817421472e+04 3.000899104920565878e+04 2.919277682202709912e+04 2.839250113002534636e+04 2.760801927292551409e+04 2.683919007287470959e+04 2.608587507383853881e+04 2.534793781991304422e+04 2.462524320822594746e+04 2.391765691218907887e+04 2.322504487097184028e+04 2.254727284118407624e+04 2.188420600688894774e+04 2.123570864419874124e+04 2.060164383684870336e+04 1.998187323928682963e+04 1.937625688396071200e+04 1.878465302962561327e+04 1.820691804764359040e+04 1.764290634338090240e+04 1.709247030995197201e+04 1.655546031169336493e+04 1.603172469488295246e+04 1.552110982335011249e+04 1.502346013674597452e+04 1.453861822936627686e+04 1.406642494753468782e+04 1.360671950366942292e+04 1.315933960526489500e+04 1.272412159712355242e+04 1.230090061527689795e+04 1.188951075112869694e+04 1.148978522444871851e+04 1.110155656393244135e+04 1.072465679412804457e+04 1.035891762761355676e+04 1.000417066138277005e+04 9.660247576475054302e+03 9.326980339951524002e+03 9.004201408389171775e+03 8.691743932126026266e+03 8.389441959552204935e+03 8.097130640797071464e+03 7.814646430217625493e+03 7.541827287143616559e+03 7.278512874382958216e+03 7.024544754035686310e+03 6.779766580207833613e+03 6.544024288255802276e+03 6.317166280229556833e+03 6.099043606217125671e+03 5.889510141326317353e+03 5.688422758068773874e+03 5.495641493940821420e+03 5.311029714020010942e+03 5.134454268421770394e+03 4.965785644481884447e+03 4.804898113550356356e+03 4.651669872302066324e+03 4.505983178484916607e+03 4.367724481042410844e+03 4.236784544560974609e+03 4.113058568004476911e+03 3.996446297709299870e+03 3.886852134623053189e+03 3.784185235777883463e+03 3.688359609997241478e+03 3.599294207840078798e+03 3.516913005791957858e+03 3.441145084716953079e+03 3.371924702586153671e+03 3.309191361502389100e+03 3.252889869040971462e+03 3.202970393927957502e+03 3.159388516076862743e+03 3.122105271005169470e+03 3.091087188649861218e+03 3.066306326600851662e+03 3.047740297768619257e+03 3.035372292500360345e+03 3.029191095156477331e+03 3.029191095156477331e+03
1.245301295061158889e+05 1.245301295061158889e+05 1.243910657076524221e+05 1.241126775030712743e+05 1.236945461722546170e+05 1.231362920342959987e+05 1.224378501845140418e+05 1.215998001066568831e+05 1.206237160718622181e+05 1.195124985770848725e+05 1.182706441900562641e+05 1.169044141212704417e+05 1.154218718179397983e+05 1.138327762731743424e+05 1.121483378097678797e+05 1.103808624887190817e+05 1.085433255473536847e+05 1.066489204727121833e+05 1.047106280177852896e+05 1.027408404956187733e+05 1.007510641133056488e+05 9.875170907066419022e+04 9.675196600282379950e+04 9.475975934394876822e+04 9.278176357902617019e+04 9.082346669432643102e+04 8.888926566422796168e+04 8.698258069754563621e+04 8.510597750037504011e+04 8.326128947146743303e+04 8.144973419783738791e+04 7.967202068961277837e+04 7.792844542614357488e+04 7.621897649524007284e+04 7.454332594846935535e+04 7.290101103750675975e+04 7.129140530992650019e+04 6.971378069035765657e+04 6.816734170647925930e+04 6.665125297938020958e+04 6.516466101438416808e+04 6.370671122285634920e+04 6.227656099225297658e+04 6.087338950995957566e+04 5.949640494184005365e+04 5.814484947176688729e+04 5.681800262488721637e+04 5.551518322504677781e+04 5.423575027504285390e+04 5.297910299623514584e+04 5.174468022041187942e+04 5.053195929055513989e+04 4.934045459718405618e+04 4.816971585232570942e+04 4.701932618296676810e+04 4.588890010934418387e+04 4.477808145999375847e+04 4.368654126453484059e+04 4.261397565629443852e+04 4.156010380967370293e+04 4.052466593133288552e+04 3.950742131955291552e+04 3.850814650233527937e+04 3.752663346172709862e+04 3.656268794939925283e+04 3.561612789652414358e+04 3.468678191941812111e+04 3.377448792115990364e+04 3.287909178839613742e+04 3.200044618176814765e+04 3.113840941778475826e+04 3.029284443950136483e+04 2.946361787301795994e+04 2.865059916655066263e+04 2.785365980865678284e+04 2.707267262207298700e+04 2.630751112956643556e+04 2.555804898816874629e+04 2.482415948817532990e+04 2.410571511332741647e+04 2.340258715865063641e+04 2.271464540249600395e+04 2.204175782942051956e+04 2.138379040063579669e+04 2.074060686886261101e+04 2.011206863453716869e+04 1.949803464042965061e+04 1.889836130185224465e+04 1.831290246975161426e+04 1.774150942409955678e+04 1.718403089511379585e+04 1.664031310995493186e+04 1.611019986266546766e+04 1.559353260522434903e+04 1.509015055770549770e+04 1.459989083563375789e+04 1.412258859273814960e+04 1.365807717740305088e+04 1.320618830121760402e+04 1.276675221811793745e+04 1.233959791270826099e+04 1.192455329643765435e+04 1.152144541039095020e+04 1.113010063353652731e+04 1.075034489535019202e+04 1.038200389181044920e+04 1.002490330383031505e+04 9.678869017260572946e+03 9.343727343662692874e+03 9.019305241113144803e+03 8.705430534357505167e+03 8.401932133689912007e+03 8.108640251985199029e+03 7.825386619361052908e+03 7.552004694994887359e+03 7.288329875663273015e+03 7.034199700615092297e+03 6.789454052426688577e+03 6.553935353525780556e+03 6.327488758103601867e+03 6.109962339167617756e+03 5.901207270516457356e+03 5.701078003446126786e+03 5.509432438022687165e+03 5.326132088779049809e+03 5.151042244716287314e+03 4.984032123508789482e+03 4.824975019830951169e+03 4.673748447739451876e+03 4.530234277060118984e+03 4.394318863740695633e+03 4.265893174144118348e+03 4.144852903265931673e+03 4.031098586869096380e+03 3.924535707537517737e+03 3.825074794655816731e+03 3.732631518328668790e+03 3.647126777257518825e+03 3.568486780595956134e+03 3.496643123807878055e+03 3.431532858553851838e+03 3.373098556632714917e+03 3.321288368005305983e+03 3.276056072926911838e+03 3.237361128214171458e+03 3.205168707670478852e+03 3.179449736692167789e+03 3.160180921075223978e+03 3.147344770039271680e+03 3.140929613483313005e+03 3.140929613483313005e+03
1.248403219077036774e+05 1.248403219077036774e+05 1.247067005626674363e+05 1.244394308312011854e+05 1.240385338846244995e+05 1.235042230952408863e+05 1.228371037055237975e+05 1.220384087802182912e+05 1.211102464563336835e+05 1.200558296351844911e+05 1.188796582907825941e+05 1.175876275495566952e+05 1.161870420577308832e+05 1.146865282829040661e+05 1.130958495284513774e+05 1.114256410164461558e+05 1.096870918459817331e+05 1.078916052205528104e+05 1.060504676571324089e+05 1.041745528282076993e+05 1.022740779441009945e+05 1.003584220369742543e+05 9.843600771597601124e+04 9.651424189777874562e+04 9.459950704842223786e+04 9.269719250174949411e+04 9.081175506727061293e+04 8.894679891962661350e+04 8.710516620362942922e+04 8.528903150950228155e+04 8.349999509830260649e+04 8.173917131775977032e+04 8.000726995850942330e+04 7.830466933505349152e+04 7.663148064784670714e+04 7.498760372659115819e+04 7.337277461189085443e+04 7.178660564500266628e+04 7.022861884132631531e+04 6.869827335418605071e+04 6.719498781653816695e+04 6.571815829852106981e+04 6.426717255213716271e+04 6.284142114051053068e+04 6.144030597452534130e+04 6.006324670828719536e+04 5.870968537906686834e+04 5.737908961831228225e+04 5.607095470829965052e+04 5.478480471383975237e+04 5.352019287973963219e+04 5.227670145180368127e+04 5.105394105138286977e+04 4.985154971018590004e+04 4.866919165261326998e+04 4.750655589669154870e+04 4.636335473127343721e+04 4.523932211606558121e+04 4.413421204189030686e+04 4.304779688102977525e+04 4.197986575129455014e+04 4.093022291234893783e+04 3.989868620863378601e+04 3.888508556979172863e+04 3.788926157668922679e+04 3.691106409882706794e+04 3.595035100706140656e+04 3.500698696402949281e+04 3.408084229344205232e+04 3.317179192840271571e+04 3.227971443812046346e+04 3.140449113173916339e+04 3.054600523750650609e+04 2.970414115511639466e+04 2.887878377875318620e+04 2.806981788814951142e+04 2.727712760480239740e+04 2.650059591039056977e+04 2.574010422436250883e+04 2.499553203764018326e+04 2.426675659937904857e+04 2.355365265374635783e+04 2.285609222372151635e+04 2.217394443897775636e+04 2.150707540497509035e+04 2.085534811046978939e+04 2.021862237073506549e+04 1.959675480387565767e+04 1.898959883771992099e+04 1.839700474486527673e+04 1.781881970356039892e+04 1.725488788220273273e+04 1.670505054533651855e+04 1.616914617913372058e+04 1.564701063444317879e+04 1.513847728558940616e+04 1.464337720320102380e+04 1.416153933944170058e+04 1.369279072410991830e+04 1.323695667016268999e+04 1.279386098730502454e+04 1.236332620237148330e+04 1.194517378530666429e+04 1.153922437962994081e+04 1.114529803634431482e+04 1.076321445032234442e+04 1.039279319826891879e+04 1.003385397742954410e+04 9.686216844273083552e+03 9.349702452439754779e+03 9.024132289300807315e+03 8.709328910532212831e+03 8.405116172154203014e+03 8.111319459538260162e+03 7.827765912929489787e+03 7.554284649074013032e+03 7.290706978583549244e+03 7.036866618706544614e+03 6.792599901211007818e+03 6.557745975118702518e+03 6.332147004060529071e+03 6.115648358052475487e+03 5.908098799518472333e+03 5.709350663411251844e+03 5.519260031305249868e+03 5.337686899357064249e+03 5.164495340047071295e+03 4.999553657635268792e+03 4.842734537277681738e+03 4.693915187766579038e+03 4.552977477868067581e+03 4.419808066243685971e+03 4.294298524951417676e+03 4.176345456530540105e+03 4.065850604681953428e+03 3.962720958561693806e+03 3.866868850710518473e+03 3.778212048646237236e+03 3.696673840148587260e+03 3.622183112268523473e+03 3.554674424094999267e+03 3.494088073312695542e+03 3.440370156584147935e+03 3.393472623788427882e+03 3.353353326147223925e+03 3.319976058267028293e+03 3.293310594123618102e+03 3.273332717012096509e+03 3.260024243482168458e+03 3.253373041275231117e+03 3.253373041275231117e+03
1.253536017783608550e+05 1.253536017783608550e+05 1.252253852385415667e+05 1.249690834786689666e+05 1.245850137085719471e+05 1.240737829775017453e+05 1.234364312717044813e+05 1.226745989064301393e+05 1.217906996014749020e+05 1.207880783599611750e+05 1.196711331660637807e+05 1.184453820971048553e+05 1.171174628095029038e+05 1.156950589931606955e+05 1.141867571505969972e+05 1.126018453978624893e+05 1.109500723751322221e+05 1.092413877332233824e+05 1.074856857102418871e+05 1.056925704616162839e+05 1.038711570070046000e+05 1.020299160422985879e+05 1.001765654497350333e+05 9.831800683744768321e+04 9.646030221062076453e+04 9.460868397011778143e+04 9.276759068884904264e+04 9.094072125919256359e+04 8.913110073903693410e+04 8.734115228140920226e+04 8.557277070245114737e+04 8.382739437790581724e+04 8.210607317045379023e+04 8.040953093636603444e+04 7.873822182967868866e+04 7.709238012575359608e+04 7.547206364498191397e+04 7.387719109727004252e+04 7.230757381455297582e+04 7.076294241523584060e+04 6.924296897096064640e+04 6.774728523832870997e+04 6.627549748850669130e+04 6.482719842515316850e+04 6.340197663237459346e+04 6.199942394398275792e+04 6.061914107610799692e+04 5.926074181905016303e+04 5.792385604209300800e+04 5.660813172729546204e+04 5.531323621504411858e+04 5.403885681523544918e+04 5.278470091301712091e+04 5.155049567667725205e+04 5.033598745711861557e+04 4.914094095299248147e+04 4.796513820261196815e+04 4.680837745288057340e+04 4.567047194634604239e+04 4.455124865986256191e+04 4.345054702196754806e+04 4.236821763077544165e+04 4.130412098976345442e+04 4.025812627515395434e+04 3.923011014554353460e+04 3.821995560189991375e+04 3.722755090395276056e+04 3.625278854727560974e+04 3.529556430392869515e+04 3.435577632836029807e+04 3.343332432930693903e+04 3.252810880764764806e+04 3.164003035953849030e+04 3.076898904363960173e+04 2.991488381084606590e+04 2.907761199461545402e+04 2.825706885973667158e+04 2.745314720720547848e+04 2.666573703273599313e+04 2.589472523634637037e+04 2.513999538040377956e+04 2.440142749348696452e+04 2.367889791742257148e+04 2.297227919487158215e+04 2.228143999487674591e+04 2.160624507383081800e+04 2.094655526938479670e+04 2.030222752488461629e+04 1.967311494199862136e+04 1.905906685927851140e+04 1.845992895448304262e+04 1.787554336857681483e+04 1.730574884940815173e+04 1.675038091315915153e+04 1.620927202174902959e+04 1.568225177446416092e+04 1.516914711217514377e+04 1.466978253258807490e+04 1.418398031506492589e+04 1.371156075363126183e+04 1.325234239686966248e+04 1.280614229347942819e+04 1.237277624235853182e+04 1.195205904613901657e+04 1.154380476717918646e+04 1.114782698508371868e+04 1.076393905489233839e+04 1.039195436513822460e+04 1.003168659504008792e+04 9.682949970150197259e+03 9.345559515834473132e+03 9.019331308016169714e+03 8.704082720661886924e+03 8.399632669538295886e+03 8.105801851811291272e+03 7.822412981102989761e+03 7.549291017659986210e+03 7.286263393325679317e+03 7.033160231042799751e+03 6.789814558646257865e+03 6.556062516735965801e+03 6.331743560448510834e+03 6.116700654972132725e+03 5.910780464673775896e+03 5.713833535730164840e+03 5.525714472173895956e+03 5.346282105285396938e+03 5.175399656277494614e+03 5.012934892235615735e+03 4.858760275289297169e+03 4.712753105003475866e+03 4.574795653988380764e+03 4.444775296736313976e+03 4.322584631701414764e+03 4.208121596645507452e+03 4.101289577278254001e+03 4.001997509224860096e+03 3.910159973357435774e+03 3.825697284528822365e+03 3.748535573749198647e+03 3.678606863846222950e+03 3.615849138649727138e+03 3.560206405740551872e+03 3.511628752802067993e+03 3.470072397610723328e+03 3.435499731698790583e+03 3.407879357720218195e+03 3.387186120546064103e+03 3.373401132112588130e+03 3.366511790040655796e+03 3.366511790040655796e+03
1.260642840592926659e+05 1.260642840592926659e+05 1.259412802615611436e+05 1.256955078947798029e+05 1.253274765207575110e+05 1.248380442264600133e+05 1.242285190731138864e+05 1.235007766192773997e+05 1.226573797837593447e+05 1.217016859674176376e+05 1.206379265966853854e+05 1.194712463311390311e+05 1.182076930605363450e+05 1.168541551052145514e+05 1.154182479772496881e+05 1.139081586974063393e+05 1.123324600591750932e+05 1.106999097206697916e+05 1.090192493503607257e+05 1.072990174603327905e+05 1.055473865690834355e+05 1.037720316327274049e+05 1.019800329285447806e+05 1.001778132754157123e+05 9.837110693361092126e+04 9.656495584584554308e+04 9.476372801433739369e+04 9.297115261316047690e+04 9.119036673027598590e+04 8.942396923919886467e+04 8.767407806194441218e+04 8.594238788487673446e+04 8.423022614708886249e+04 8.253860578960721614e+04 8.086827381119114580e+04 7.921975511905469466e+04 7.759339149799813458e+04 7.598937576299055945e+04 7.440778132428109529e+04 7.284858749678505410e+04 7.131170094148801581e+04 6.979697364846961864e+04 6.830421786919869191e+04 6.683321838803353603e+04 6.538374249550281820e+04 6.395554799344471394e+04 6.254838952760607208e+04 6.116202350901409955e+04 5.979621185270056594e+04 5.845072473200210516e+04 5.712534251911141473e+04 5.581985705792227236e+04 5.453407239348751318e+04 5.326780506342306035e+04 5.202088404013382387e+04 5.079315039855408395e+04 4.958445677194633026e+04 4.839466664792869415e+04 4.722365354807994299e+04 4.607130012698741484e+04 4.493749722027527605e+04 4.382214286579508189e+04 4.272514131766496575e+04 4.164640206903483340e+04 4.058583889627556346e+04 3.954336893461036379e+04 3.851891179295912298e+04 3.751238871389289125e+04 3.652372178303002875e+04 3.555283319089365978e+04 3.459964454917203693e+04 3.366407626242231345e+04 3.274604695552000339e+04 3.184547295654764821e+04 3.096226783432669617e+04 3.009634198939371345e+04 2.924760229690971028e+04 2.841595179973488121e+04 2.760128944971668898e+04 2.680350989509045758e+04 2.602250331178878696e+04 2.525815527639249922e+04 2.451034667841156261e+04 2.377895366957096849e+04 2.306384764778183307e+04 2.236489527350090066e+04 2.168195851621124530e+04 2.101489472881455004e+04 2.036355674776830347e+04 1.972779301687462430e+04 1.910744773269208963e+04 1.850236100961467309e+04 1.791236906274137800e+04 1.733730440673545672e+04 1.677699606895622856e+04 1.623126981522328606e+04 1.569994838665863608e+04 1.518285174612847186e+04 1.467979733288950229e+04 1.419060032412132568e+04 1.371507390210503945e+04 1.325302952588177868e+04 1.280427720629965188e+04 1.236862578342869529e+04 1.194588320539103734e+04 1.153585680772173146e+04 1.113835359243886523e+04 1.075318050606274483e+04 1.038014471588396736e+04 1.001905388383601530e+04 9.669716437381399373e+03 9.331941836872754720e+03 9.005540838898086804e+03 8.690325755166046292e+03 8.386110706529852905e+03 8.092711871791672820e+03 7.809947730965336632e+03 7.537639302714336736e+03 7.275610375714379188e+03 7.023687733722558733e+03 6.781701374164453227e+03 6.549484720078524333e+03 6.326874825282098755e+03 6.113712572647238630e+03 5.909842865396311026e+03 5.715114811346551505e+03 5.529381900051351295e+03 5.352502172801579945e+03 5.184338385465433021e+03 5.024758164158374711e+03 4.873634153745212643e+03 4.730844159187981859e+03 4.596271279760393554e+03 4.469804036158220697e+03 4.351336490540292289e+03 4.240768359539883932e+03 4.138005120290659761e+03 4.042958109513161617e+03 3.955544615710229664e+03 3.875687964520958303e+03 3.803317597281484723e+03 3.738369142841936537e+03 3.680784482685765397e+03 3.630511809396571607e+03 3.587505678514256488e+03 3.551727053819262892e+03 3.523143346079673393e+03 3.501728445291967091e+03 3.487462746441534819e+03 3.480333168804022080e+03 3.480333168804022080e+03
1.269669172834715573e+05 1.269669172834715573e+05 1.268488340692928468e+05 1.266129678344028216e+05 1.262599466400458768e+05 1.257907787160942244e+05 1.252069234931181709e+05 1.245103730459064391e+05 1.237037338798319397e+05 1.227902981801159622e+05 1.217740939908073196e+05 1.206599054028061946e+05 1.194532566327406530e+05 1.181603575695252512e+05 1.167880124546992010e+05 1.153434972355942300e+05 1.138344141996429244e+05 1.122685343373966462e+05 1.106536383175083029e+05 1.089973660842076788e+05 1.073070832146269822e+05 1.055897697205366712e+05 1.038519343751253182e+05 1.020995552447890514e+05 1.003380451454744907e+05 9.857223933553005918e+04 9.680640190964870271e+04 9.504424700561755162e+04 9.328897097182486323e+04 9.154329195196561341e+04 8.980949381521921896e+04 8.808947190542706812e+04 8.638477863444220566e+04 8.469666745819388598e+04 8.302613422330902540e+04 8.137395524622766243e+04 7.974072178462846205e+04 7.812687078817210568e+04 7.653271198101239861e+04 7.495845144256704953e+04 7.340421192595778848e+04 7.187005019478418399e+04 7.035597167658168473e+04 6.886194273225957295e+04 6.738790083029962261e+04 6.593376289675662701e+04 6.449943209019208734e+04 6.308480322685641295e+04 6.168976705730396498e+04 6.031421357219011406e+04 5.895803449295787141e+04 5.762112508282721683e+04 5.630338539511151612e+04 5.500472105947474483e+04 5.372504369220082299e+04 5.246427100380929915e+04 5.122232666623049590e+04 4.999913999212598719e+04 4.879464547062415659e+04 4.760878219659213937e+04 4.644149322443455458e+04 4.529272487216951413e+04 4.416242599706005421e+04 4.305054726027334982e+04 4.195704039479643689e+04 4.088185748810147197e+04 3.982495028871419345e+04 3.878626954388048762e+04 3.776576437385992176e+04 3.676338168697652873e+04 3.577906563838270085e+04 3.481275713450562034e+04 3.386439338432485238e+04 3.293390749794425938e+04 3.202122813235894864e+04 3.112627918385168960e+04 3.024897952607722254e+04 2.938924279258629031e+04 2.854697720230040431e+04 2.772208542625807968e+04 2.691446449381339698e+04 2.612400573635435649e+04 2.535059476654591708e+04 2.459411149104823562e+04 2.385443015464520431e+04 2.313141941371055145e+04 2.242494243695745899e+04 2.173485703144033323e+04 2.106101579181976922e+04 2.040326627094614014e+04 1.976145116987501387e+04 1.913540854548607604e+04 1.852497203394478493e+04 1.792997108831340302e+04 1.735023122869012514e+04 1.678557430332843069e+04 1.623581875926128487e+04 1.570077992103170982e+04 1.518027027620269291e+04 1.467409976639448178e+04 1.418207608267007708e+04 1.370400496415992166e+04 1.323969049888702648e+04 1.278893542582250302e+04 1.235154143726521761e+04 1.192730948070632076e+04 1.151604005939773015e+04 1.111753353090542623e+04 1.073159040298518266e+04 1.035801162617013142e+04 9.996598882517322636e+03 9.647154870003661927e+03 9.309483582114084129e+03 8.983390582206831823e+03 8.668683272284424675e+03 8.365171155838155755e+03 8.072666094472515397e+03 7.790982558050490297e+03 7.519937868135041754e+03 7.259352434531630934e+03 7.009049984766556918e+03 6.768857786362515071e+03 6.538606861796463818e+03 6.318132196049598861e+03 6.107272936677609323e+03 5.905872586350869824e+03 5.713779187829388320e+03 5.530845501354261614e+03 5.356929174450439859e+03 5.191892904148696289e+03 5.035604591644073480e+03 4.887937489419661688e+03 4.748770340870104519e+03 4.617987512467865599e+03 4.495479118519528129e+03 4.381141138564207722e+03 4.274875527469188455e+03 4.176590318279848361e+03 4.086199717882486311e+03 4.003624195538184722e+03 3.928790564346006704e+03 3.861632055691661208e+03 3.802088386735929362e+03 3.750105820994769601e+03 3.705637222058357565e+03 3.668642100493865655e+03 3.639086653970965472e+03 3.616943800645215106e+03 3.602193205828533792e+03 3.594821301970810964e+03 3.594821301970810964e+03
1.280563779588351608e+05 1.280563779588351608e+05 1.279428618445060420e+05 1.277161672834717610e+05 1.273769889160329476e+05 1.269264146847917727e+05 1.263659748026008601e+05 1.256976972224994533e+05 1.249241622639343695e+05 1.240485485527226701e+05 1.230746627745543083e+05 1.220069469640348689e+05 1.208504590721240093e+05 1.196108251565897226e+05 1.182941643878536997e+05 1.169069907602457097e+05 1.154560975687312603e+05 1.139484320747183519e+05 1.123909682155800110e+05 1.107905847509331943e+05 1.091539550620214432e+05 1.074874531883869786e+05 1.057970788771881926e+05 1.040884026804016175e+05 1.023665306427525938e+05 1.006360869804978574e+05 9.890121238896444265e+04 9.716557521169018582e+04 9.543239259831956588e+04 9.370445889891636034e+04 9.198417881456612668e+04 9.027360318195344007e+04 8.857446565991929674e+04 8.688821897009771783e+04 8.521606969628868683e+04 8.355901095399577753e+04 8.191785249684627343e+04 8.029324803058104590e+04 7.868571966190692910e+04 7.709567952466465067e+04 7.552344870624365285e+04 7.396927364964046865e+04 7.243334023720581899e+04 7.091578577628887433e+04 6.941670910920978349e+04 6.793617906385655806e+04 6.647424144961094134e+04 6.503092478837913950e+04 6.360624495390267839e+04 6.220020887534715439e+04 6.081281744424273347e+04 5.944406774770885386e+04 5.809395473580822727e+04 5.676247241707598732e+04 5.544961466376555472e+04 5.415537569717838778e+04 5.287975031352271617e+04 5.162273390201061557e+04 5.038432229924239073e+04 4.916451151725500677e+04 4.796329737680937978e+04 4.678067507248157926e+04 4.561663869177303422e+04 4.447118070674878254e+04 4.334429145348415477e+04 4.223595861187070841e+04 4.114616669597090367e+04 4.007489656310770079e+04 3.902212494816171966e+04 3.798782402809671476e+04 3.697196102049313049e+04 3.597449781883269316e+04 3.499539066638863005e+04 3.403458986984094372e+04 3.309203955311357277e+04 3.216767745141631167e+04 3.126143474504974438e+04 3.037323593217916641e+04 2.950299873950356050e+04 2.865063406951791330e+04 2.781604598288724446e+04 2.699913171431958835e+04 2.619978172021397040e+04 2.541787975630035362e+04 2.465330298343380491e+04 2.390592209968532552e+04 2.317560149686601653e+04 2.246219943963067271e+04 2.176556826533233470e+04 2.108555460282861168e+04 2.042199960848839692e+04 1.977473921769260778e+04 1.914360441018152051e+04 1.852842148765934326e+04 1.792901236213005905e+04 1.734519485350536343e+04 1.677678299509205681e+04 1.622358734563483449e+04 1.568541530666037943e+04 1.516207144393545059e+04 1.465335781192251488e+04 1.415907428018198334e+04 1.367901886073616879e+04 1.321298803547747593e+04 1.276077708276260637e+04 1.232218040239962465e+04 1.189699183829068534e+04 1.148500499805391701e+04 1.108601356899918210e+04 1.069981162988865617e+04 1.032619395796173558e+04 9.964956330752305803e+03 9.615895822272628720e+03 9.278811093181710021e+03 8.953502674596498764e+03 8.639773245243459314e+03 8.337427901686187397e+03 8.046274421395652098e+03 7.766123518466099085e+03 7.496789091805734643e+03 7.238088465662609451e+03 6.989842622368759294e+03 6.751876427212562703e+03 6.524018845368456823e+03 6.306103150835767337e+03 6.097967127353940668e+03 5.899453261280215884e+03 5.710408926429287931e+03 5.530686560887704218e+03 5.360143835827728253e+03 5.198643816355145646e+03 5.046055114434325333e+03 4.902252033940660112e+03 4.767114707897097105e+03 4.640529227955742499e+03 4.522387766189246577e+03 4.412588689258779596e+03 4.311036665027515483e+03 4.217642761688367500e+03 4.132324539473917866e+03 4.055006135016475582e+03 3.985618338422328634e+03 3.924098663122590551e+03 3.870391408559149568e+03 3.824447715760096798e+03 3.786225615853970339e+03 3.755690071567862105e+03 3.732813011747902692e+03 3.717573358935304896e+03 3.709957050024610908e+03 3.709957050024610908e+03
1.293279263383707148e+05 1.293279263383707148e+05 1.292185898095554294e+05 1.290002727826001938e+05 1.286737005440586072e+05 1.282399923977348662e+05 1.277006947270713717e+05 1.270578178618621459e+05 1.263138714102139638e+05 1.254718924075138930e+05 1.245354609316307324e+05 1.235086987473254703e+05 1.223962480009480787e+05 1.212032288312615419e+05 1.199351767660900805e+05 1.185979626756588841e+05 1.171976996043240651e+05 1.157406418168453674e+05 1.142330817820060474e+05 1.126812505880395765e+05 1.110912265438424802e+05 1.094688556286196399e+05 1.078196861926569109e+05 1.061489190522637218e+05 1.044613729949754634e+05 1.027614648017087311e+05 1.010532022386251192e+05 9.934018807165476028e+04 9.762563298231104272e+04 9.591237527042247530e+04 9.420290536834452359e+04 9.249939341486641206e+04 9.080371840494834760e+04 8.911749771182124096e+04 8.744211604817201442e+04 8.577875317851662112e+04 8.412840990746419993e+04 8.249193204554522526e+04 8.087003219613540568e+04 7.926330931664923264e+04 7.767226608851927449e+04 7.609732418805648922e+04 7.453883758849400328e+04 7.299710404644801747e+04 7.147237493732164148e+04 6.996486360681643419e+04 6.847475240224572190e+04 6.700219853969945689e+04 6.554733895286760526e+04 6.411029425760798040e+04 6.269117195401666686e+04 6.129006897542016668e+04 5.990707368176827731e+04 5.854226738363478216e+04 5.719572547256193502e+04 5.586751822393462498e+04 5.455771132990996557e+04 5.326636621217823267e+04 5.199354015743281343e+04 5.073928631232036423e+04 4.950365356927499670e+04 4.828668636993121618e+04 4.708842444870204781e+04 4.590890253552764625e+04 4.474815003370019986e+04 4.360619068597301521e+04 4.248304223984871351e+04 4.137871612093193835e+04 4.029321712151430984e+04 3.922654311008138029e+04 3.817868476616743283e+04 3.714962534390666406e+04 3.613934046670978569e+04 3.514779795471781836e+04 3.417495768602829776e+04 3.322077149213661323e+04 3.228518308757350314e+04 3.136812803333812917e+04 3.046953373340845792e+04 2.958931946335961766e+04 2.872739642990815628e+04 2.788366786004631649e+04 2.705802911829669756e+04 2.625036785053310814e+04 2.546056415274408937e+04 2.468849076307448559e+04 2.393401327545978347e+04 2.319699037316434624e+04 2.247727408054069019e+04 2.177471003135490537e+04 2.108913775204698686e+04 2.042039095834283944e+04 1.976829786367509223e+04 1.913268149792623444e+04 1.851336003505890403e+04 1.791014712826354298e+04 1.732285225130930485e+04 1.675128104485117001e+04 1.619523566650901012e+04 1.565451514359866633e+04 1.512891572746000566e+04 1.461823124839080629e+04 1.412225347025739029e+04 1.364077244391562272e+04 1.317357685863700499e+04 1.272045439079169773e+04 1.228119204909832843e+04 1.185557651580594393e+04 1.144339448322600583e+04 1.104443298508341286e+04 1.065847972220470365e+04 1.028532338210763737e+04 9.924753952102093535e+03 9.576563025552530235e+03 9.240544100993956818e+03 8.916492873829236487e+03 8.604207520373513034e+03 8.303488974042020345e+03 8.014141193510645280e+03 7.735971422706609701e+03 7.468790442514401548e+03 7.212412814105861798e+03 6.966657113827433022e+03 6.731346159597503174e+03 6.506307228786965425e+03 6.291372267572493911e+03 6.086378091768434388e+03 5.891166579156521038e+03 5.705584853345226293e+03 5.529485459201381673e+03 5.362726529905810821e+03 5.205171945692340159e+03 5.056691484336725807e+03 4.917160963466288194e+03 4.786462374765780623e+03 4.664484010157409102e+03 4.551120580034668819e+03 4.446273323630099185e+03 4.349850111597448631e+03 4.261765540886211966e+03 4.181941021986104715e+03 4.110304858614234945e+03 4.046792319915870394e+03 3.991345705244079454e+03 3.943914401579803325e+03 3.904454933647219150e+03 3.872931006774735124e+03 3.849313542544388383e+03 3.833580707266737136e+03 3.825717933310648277e+03 3.825717933310648277e+03
1.307772350870908558e+05 1.307772350870908558e+05 1.306716755047967599e+05 1.304609177040235227e+05 1.301456932527424069e+05 1.297271203623903421e+05 1.292067255558689067e+05 1.285864672858030390e+05 1.278687576346603455e+05 1.270564780333957315e+05 1.261529851783622580e+05 1.251621040039973159e+05 1.240881056225662469e+05 1.229356694585994119e+05 1.217098302284048696e+05 1.204159117683464865e+05 1.190594508340203902e+05 1.176461147497241618e+05 1.161816171171926107e+05 1.146716356945080915e+05 1.131217360899985215e+05 1.115373041827001580e+05 1.099234893001867749e+05 1.082851592723856011e+05 1.066268676329568261e+05 1.049528325254901429e+05 1.032669263269884250e+05 1.015726746351276670e+05 9.987326306687227043e+04 9.817155025894520804e+04 9.647008551358584373e+04 9.477112966317638347e+04 9.307667790470624459e+04 9.138848355463183543e+04 8.970808187726065808e+04 8.803681333184406685e+04 8.637584575651245541e+04 8.472619515662442427e+04 8.308874488951885724e+04 8.146426313779606426e+04 7.985341864107450237e+04 7.825679471443065268e+04 7.667490162342552503e+04 7.510818741374184901e+04 7.355704731076415919e+04 7.202183181336817506e+04 7.050285360884551483e+04 6.900039343399669451e+04 6.751470500237398664e+04 6.604601911053108051e+04 6.459454702780260413e+04 6.316048326518224349e+04 6.174400780980174022e+04 6.034528790260032110e+04 5.896447942827889347e+04 5.760172797864629683e+04 5.625716964311598713e+04 5.493093157335869182e+04 5.362313236304830934e+04 5.233388227815831488e+04 5.106328336838905670e+04 4.981142948598034855e+04 4.857840623433408473e+04 4.736429086550360807e+04 4.616915214265902614e+04 4.499305018105346971e+04 4.383603627875947859e+04 4.269815274650287756e+04 4.157943274420341913e+04 4.047990013038723555e+04 3.939956932935120858e+04 3.833844521988098859e+04 3.729652304839123099e+04 3.627378836854982364e+04 3.527021700878322736e+04 3.428577506847082259e+04 3.332041894316059916e+04 3.237409537872830333e+04 3.144674155406741193e+04 3.053828519161387885e+04 2.964864469479153558e+04 2.877772931127225456e+04 2.792543932081435196e+04 2.709166624631928426e+04 2.627629308667814621e+04 2.547919456991719562e+04 2.470023742511781893e+04 2.393928067157123951e+04 2.319617592362509458e+04 2.247076770969286372e+04 2.176289380391598388e+04 2.107238556900566618e+04 2.039906830882409122e+04 1.974276162931469662e+04 1.910327980643821502e+04 1.848043215982621041e+04 1.787402343091890725e+04 1.728385416441533016e+04 1.670972109191957861e+04 1.615141751673141880e+04 1.560873369878854464e+04 1.508145723882747734e+04 1.456937346089297353e+04 1.407226579238153863e+04 1.358991614086564005e+04 1.312210526699920956e+04 1.266861315286193712e+04 1.222921936515113157e+04 1.180370341268355151e+04 1.139184509771630474e+04 1.099342486064494005e+04 1.060822411768187703e+04 1.023602559116027624e+04 9.876613632149535988e+03 9.529774535108861528e+03 9.195296844339134623e+03 8.872971652029626057e+03 8.562592887727714697e+03 8.263957599088622374e+03 7.976866223792781966e+03 7.701122852540586791e+03 7.436535483062404637e+03 7.182916265099636803e+03 6.940081736336251197e+03 6.707853049274905970e+03 6.486056189071955487e+03 6.274522182356919984e+03 6.073087297077057883e+03 5.881593233418942873e+03 5.699887305867848227e+03 5.527822616475086761e+03 5.365258219410157835e+03 5.212059276880247126e+03 5.068097206503631242e+03 4.933249820227370947e+03 4.807401454880799065e+03 4.690443094458193627e+03 4.582272484222713501e+03 4.482794236723478207e+03 4.391919929815331670e+03 4.309568196767664631e+03 4.235664808545576307e+03 4.170142748341398146e+03 4.112942278430936312e+03 4.064010999421416727e+03 4.023303901953298464e+03 3.990783410911016745e+03 3.966419422190074783e+03 3.950189332061756886e+03 3.942078059167366064e+03 3.942078059167366064e+03
1.324003992498445732e+05 1.324003992498445732e+05 1.322982116750921123e+05 1.320941945729420404e+05 1.317890697387797991e+05 1.313839332105592184e+05 1.308802688298928115e+05 1.302799624896288151e+05 1.295853142733500135e+05 1.287990455682427273e+05 1.279242984251507005e+05 1.269646249403345428e+05 1.259239651969229308e+05 1.248066132489325828e+05 1.236171716488086095e+05 1.223604959911212936e+05 1.210416317578728049e+05 1.196657463178767648e+05 1.182380592051901185e+05 1.167637737741664459e+05 1.152480130357181479e+05 1.136957619843239227e+05 1.121118181069966377e+05 1.105007511037784425e+05 1.088668722140941245e+05 1.072142129869061609e+05 1.055465128874190123e+05 1.038672148124875093e+05 1.021794673885509110e+05 1.004861328365443769e+05 9.878979918801727763e+04 9.709279570340841019e+04 9.539721045539823535e+04 9.370490917837996676e+04 9.201755463368675555e+04 9.033662588757334743e+04 8.866343703682442720e+04 8.699915504028068972e+04 8.534481642094824929e+04 8.370134269202116411e+04 8.206955443175711844e+04 8.045018398811570660e+04 7.884388683628746367e+04 7.725125164280641184e+04 7.567280911081466184e+04 7.410903969420299109e+04 7.256038027541254996e+04 7.102722990413598018e+04 6.950995469321620476e+04 6.800889196465293935e+04 6.652435373365844134e+04 6.505662961268448271e+04 6.360598921079826687e+04 6.217268409704470105e+04 6.075694938973463286e+04 5.935900502713944297e+04 5.797905676894917269e+04 5.661729697213858162e+04 5.527390517962616286e+04 5.394904855530425993e+04 5.264288219467015733e+04 5.135554933638119110e+04 5.008718149654634180e+04 4.883789854447423568e+04 4.760780873581639025e+04 4.639700871662821010e+04 4.520558350971844629e+04 4.403360649277955235e+04 4.288113937615499890e+04 4.174823218666315370e+04 4.063492326265515294e+04 3.954123926440688956e+04 3.846719520301504963e+04 3.741279449016798026e+04 3.637802901046939223e+04 3.536287921742123581e+04 3.436731425365764153e+04 3.339129209561659081e+04 3.243475972247869504e+04 3.149765330890801488e+04 3.057989844089612234e+04 2.968141035380668836e+04 2.880209419157104276e+04 2.794184528585668886e+04 2.710054945394037350e+04 2.627808331395173445e+04 2.547431461610770566e+04 2.468910258852993866e+04 2.392229829623156911e+04 2.317374501185872941e+04 2.244327859679122776e+04 2.173072789122707036e+04 2.103591511191432801e+04 2.035865625622574953e+04 1.969876151132420273e+04 1.905603566720784875e+04 1.843027853248196698e+04 1.782128535175673096e+04 1.722884722362481625e+04 1.665275151823334090e+04 1.609278229351833033e+04 1.554872070923125466e+04 1.502034543794191450e+04 1.450743307226055913e+04 1.400975852757591565e+04 1.352709543966063939e+04 1.305921655655065297e+04 1.260589412415301740e+04 1.216690026508728806e+04 1.174200735031603472e+04 1.133098836316042616e+04 1.093361725534539255e+04 1.054966929475693905e+04 1.017892140463619398e+04 9.821152493969884745e+03 9.476143778873678457e+03 9.143679094796871141e+03 8.823545199409225461e+03 8.515532066057412521e+03 8.219433167707698885e+03 7.935045751314781228e+03 7.662171102580095976e+03 7.400614801083626844e+03 7.150186965792783667e+03 6.910702490968341408e+03 6.681981272503618129e+03 6.463848424746333876e+03 6.256134487865071605e+03 6.058675625832267542e+03 5.871313815105520916e+03 5.693897024095235793e+03 5.526279383514152869e+03 5.368321347707896166e+03 5.219889847069781354e+03 5.080858431645605378e+03 4.951107406034397172e+03 4.830523955691878655e+03 4.719002264742651278e+03 4.616443625403803708e+03 4.522756539121523929e+03 4.437856809517022157e+03 4.361667627234962310e+03 4.294119646781215124e+03 4.235151055431725581e+03 4.184707634287277870e+03 4.142742811542429081e+03 4.109217708028902052e+03 4.084101175086449075e+03 4.067369824805372900e+03 4.059008052676604166e+03 4.059008052676604166e+03
1.341939336055208405e+05 1.341939336055208405e+05 1.340947192495115451e+05 1.338966397501337342e+05 1.336003970028271142e+05 1.332070518671006721e+05 1.327180320060045342e+05 1.321351395626622543e+05 1.314605566612193943e+05 1.306968466407256637e+05 1.298469490801556967e+05 1.289141670423280884e+05 1.279021455194096197e+05 1.268148407447401696e+05 1.256564807693775510e+05 1.244315184046219365e+05 1.231445782264296431e+05 1.218003997633003164e+05 1.204037792101716041e+05 1.189595120197723591e+05 1.174723385392769560e+05 1.159468945241726906e+05 1.143876679251008463e+05 1.127989628622055898e+05 1.111848712253721169e+05 1.095492519075588643e+05 1.078957173193019698e+05 1.062276265593418211e+05 1.045480844318463351e+05 1.028599453987871966e+05 1.011658215248914930e+05 9.946809349757438758e+04 9.776892387006552599e+04 9.607027176823823538e+04 9.437390840819144796e+04 9.268143288250522164e+04 9.099428778104502999e+04 8.931377431218454149e+04 8.764106667936299345e+04 8.597722554453281919e+04 8.432321047402154363e+04 8.267989131415354495e+04 8.104805848470842466e+04 7.942843220923836634e+04 7.782167072387482040e+04 7.622837752190719766e+04 7.464910770146535651e+04 7.308437348920576915e+04 7.153464901507555624e+04 7.000037441281427164e+04 6.848195931860292330e+04 6.697978583672175591e+04 6.549421103672416211e+04 6.402556904177957040e+04 6.257417276279351790e+04 6.114031532783528382e+04 5.972427125145436730e+04 5.832629738374450972e+04 5.694663367454770923e+04 5.558550378406689561e+04 5.424311556734696933e+04 5.291966145660956681e+04 5.161531876228724286e+04 5.033024991077764571e+04 4.906460263438970287e+04 4.781851012671293574e+04 4.659209117462046561e+04 4.538545027634863800e+04 4.419867775353723118e+04 4.303184986373320862e+04 4.188502891866622667e+04 4.075826341255327861e+04 3.965158816378079064e+04 3.856502447252497950e+04 3.749858029618699948e+04 3.645225044394235738e+04 3.542601679119910841e+04 3.441984851434080338e+04 3.343370234576956136e+04 3.246752284896690981e+04 3.152124271304453214e+04 3.059478306604803583e+04 2.968805380611812143e+04 2.880095394948317335e+04 2.793337199415442956e+04 2.708518629812087238e+04 2.625626547079353259e+04 2.544646877640920866e+04 2.465564654809190688e+04 2.388364061126504384e+04 2.313028471512014221e+04 2.239540497086277901e+04 2.167882029548882565e+04 2.098034285987512339e+04 2.029977854001181549e+04 1.963692737024772214e+04 1.899158399746575378e+04 1.836353813516263835e+04 1.775257501645307639e+04 1.715847584507822830e+04 1.658101824355023564e+04 1.601997669762129408e+04 1.547512299631949099e+04 1.494622666684958131e+04 1.443305540370825838e+04 1.393537549141814452e+04 1.345295222033407663e+04 1.298555029502531579e+04 1.253293423478512705e+04 1.209486876586556536e+04 1.167111920507814830e+04 1.126145183444477698e+04 1.086563426662229358e+04 1.048343580086268776e+04 1.011462776930652944e+04 9.758983873441482501e+03 9.416280510588896504e+03 9.086297090312578803e+03 8.768816340669816782e+03 8.463624604251514029e+03 8.170512123982003686e+03 7.889273318669724176e+03 7.619707048321688490e+03 7.361616869250628952e+03 7.114811279021623704e+03 6.879103951297442109e+03 6.654313960657641474e+03 6.440265997474222786e+03 6.236790572937884463e+03 6.043724214337725243e+03 5.860909650701754799e+03 5.688195988912408211e+03 5.525438880414450978e+03 5.372500678635185977e+03 5.229250587238592743e+03 5.095564799335072166e+03 4.971326627767170976e+03 4.856426626590844535e+03 4.750762703867992968e+03 4.654240225882531377e+03 4.566772112888206721e+03 4.488278926490199410e+03 4.418688948757301659e+03 4.357938253154163249e+03 4.305970767376171352e+03 4.262738328161397476e+03 4.228200728146087386e+03 4.202325754821456940e+03 4.185089221639862444e+03 4.176474991309849429e+03 4.176474991309849429e+03
1.361547617797115236e+05 1.361547617797115236e+05 1.360581333322011051e+05 1.358652135168022651e+05 1.355766783927132783e+05 1.351935463219020166e+05 1.347171818106804567e+05 1.341492986299580080e+05 1.334919607697512838e+05 1.327475797340533754e+05 1.319189067978532694e+05 1.310090191212274949e+05 1.300212990203811933e+05 1.289594061905212584e+05 1.278272432075563847e+05 1.266289151473820239e+05 1.253686845990279689e+05 1.240509236682903138e+05 1.226800647451972909e+05 1.212605518343777076e+05 1.197967941329070018e+05 1.182931233109869936e+05 1.167537556415573345e+05 1.151827597736608441e+05 1.135840305871458841e+05 1.119612692330915888e+05 1.103179691770727222e+05 1.086574078339882690e+05 1.069826432185367157e+05 1.052965149326886167e+05 1.036016487641204294e+05 1.019004641681624926e+05 1.001951839397667063e+05 9.848784544087224640e+04 9.678031282289493538e+04 9.507428976585841156e+04 9.337133233875731821e+04 9.167286166537943063e+04 8.998017615304027277e+04 8.829446310659684241e+04 8.661680960594819044e+04 8.494821257188744494e+04 8.328958798308283440e+04 8.164177923693197954e+04 8.000556466993206413e+04 7.838166427008337632e+04 7.677074562567687826e+04 7.517342916250985581e+04 7.359029272598252282e+04 7.202187556638070964e+04 7.046868178554452606e+04 6.893118330159338075e+04 6.740982238585145387e+04 6.590501382289745379e+04 6.441714674105341692e+04 6.294658615680621006e+04 6.149367427277774550e+04 6.005873156504557119e+04 5.864205769194085588e+04 5.724393225295681623e+04 5.586461542313836981e+04 5.450434848530009185e+04 5.316335427964168775e+04 5.184183758779936761e+04 5.053998546608086326e+04 4.925796754057228827e+04 4.799593627494721295e+04 4.675402722017156339e+04 4.553235925382414280e+04 4.433103481546325202e+04 4.315014014332323859e+04 4.198974551662740123e+04 4.084990550692762918e+04 3.973065924110767810e+04 3.863203067804686725e+04 3.755402890034201846e+04 3.649664842202037107e+04 3.545986951273981686e+04 3.444365853862799122e+04 3.344796831960535201e+04 3.247273850279567341e+04 3.151789595141402606e+04 3.058335514836141738e+04 2.966901861361800547e+04 2.877477733442480894e+04 2.790051120716135119e+04 2.704608948977811815e+04 2.621137126359623289e+04 2.539620590327301034e+04 2.460043355372121732e+04 2.382388561277994449e+04 2.306638521844615389e+04 2.232774773950223243e+04 2.160778126840900586e+04 2.090628711536387345e+04 2.022306030247450690e+04 1.955789005703692601e+04 1.891056030295804158e+04 1.828085014941490954e+04 1.766853437588998349e+04 1.707338391278009658e+04 1.649516631682495790e+04 1.593364624065772477e+04 1.538858589582875356e+04 1.485974550870912935e+04 1.434688376872834669e+04 1.384975826845149277e+04 1.336812593504690085e+04 1.290174345274526422e+04 1.245036767593059631e+04 1.201375603255071292e+04 1.159166691757302942e+04 1.118386007625015736e+04 1.079009697699697244e+04 1.041014117371661268e+04 1.004375865744345901e+04 9.690718197202302690e+03 9.350791670012107716e+03 9.023754379988802611e+03 8.709385366525939389e+03 8.407467701554320229e+03 8.117788775902764428e+03 7.840140574801114781e+03 7.574319942582375916e+03 7.320128836657295324e+03 7.077374570846970528e+03 6.845870048171569579e+03 6.625433983202883610e+03 6.415891114097194077e+03 6.217072404431323775e+03 6.028815234971574682e+03 5.850963585508004144e+03 5.683368206890605506e+03 5.525886783404605922e+03 5.378384085623208193e+03 5.240732113875054893e+03 5.112810232462048589e+03 4.994505294760109791e+03 4.885711759332289148e+03 4.786331797178430861e+03 4.696275390240321940e+03 4.615460421275205590e+03 4.543812755203432062e+03 4.481266312028593347e+03 4.427763131419963429e+03 4.383253429039037655e+03 4.347695644682085003e+03 4.321056482301648430e+03 4.303310941959595766e+03 4.294442343754318244e+03 4.294442343754318244e+03
1.382802002311449614e+05 1.382802002311449614e+05 1.381857849806679005e+05 1.379972776864176849e+05 1.377153255688504432e+05 1.373409011330647045e+05 1.368753032530132914e+05 1.363201571800372039e+05 1.356774124435800477e+05 1.349493375819334760e+05 1.341385107302654069e+05 1.332478052957602195e+05 1.322803702465736715e+05 1.312396049025401007e+05 1.301291285038102214e+05 1.289527452084367105e+05 1.277144054934601591e+05 1.264181651756288920e+05 1.250681434078868624e+05 1.236684810394534579e+05 1.222233006564043171e+05 1.207366694623126241e+05 1.192125659379367280e+05 1.176548509614254435e+05 1.160672438019104447e+05 1.144533031421562191e+05 1.128164130573541624e+05 1.111597736885708728e+05 1.094863962062677892e+05 1.077991015622830164e+05 1.061005224744213483e+05 1.043931080705515633e+05 1.026791306317185517e+05 1.009606939087108185e+05 9.923974253668410529e+04 9.751807213150666212e+04 9.579733971426432254e+04 9.407907417282827373e+04 9.236468652861333976e+04 9.065547983072327042e+04 8.895265854748054699e+04 8.725733736642003350e+04 8.557054934819927439e+04 8.389325340791730559e+04 8.222634111954638502e+04 8.057064285630932136e+04 7.892693329251806426e+04 7.729593630137895525e+04 7.567832928920653649e+04 7.407474700996234606e+04 7.248578490557509940e+04 7.091200201757284231e+04 6.935392351449218404e+04 6.781204287771385862e+04 6.628682378597279603e+04 6.477870173607479228e+04 6.328808543443811504e+04 6.181535799109641812e+04 6.036087794483915059e+04 5.892498014529437205e+04 5.750797651500729989e+04 5.611015671198758355e+04 5.473178871078758675e+04 5.337311931794077100e+04 5.203437463556651346e+04 5.071576048507535597e+04 4.941746280124833720e+04 4.813964800543872843e+04 4.688246336530656845e+04 4.564603734728617565e+04 4.443047996691684239e+04 4.323588314123314922e+04 4.206232104656718730e+04 4.090985048440110404e+04 3.977851125727171893e+04 3.866832655617217824e+04 3.757930336043462739e+04 3.651143285065979580e+04 3.546469083492206119e+04 3.443903818817986030e+04 3.343442130457942403e+04 3.245077256213771398e+04 3.148801079911970010e+04 3.054604180129938686e+04 2.962475879918322244e+04 2.872404297419672366e+04 2.784376397278016157e+04 2.698378042729511435e+04 2.614394048262804790e+04 2.532408232736069112e+04 2.452403472838832022e+04 2.374361756787360719e+04 2.298264238145163108e+04 2.224091289662798226e+04 2.151822557034674173e+04 2.081437012474592484e+04 2.012913008016287495e+04 1.946228328449334003e+04 1.881360243806472135e+04 1.818285561322529247e+04 1.756980676790795405e+04 1.697421625247580596e+04 1.639584130920862299e+04 1.583443656383962843e+04 1.528975450860193450e+04 1.476154597629413729e+04 1.424956060491991957e+04 1.375354729250468881e+04 1.327325464173693945e+04 1.280843139412325581e+04 1.235882685338909323e+04 1.192419129789529143e+04 1.150427638187840421e+04 1.109883552535722265e+04 1.070762429258275733e+04 1.033040075893860921e+04 9.966925866228577434e+03 9.616963766316077454e+03 9.280282153103573364e+03 8.956652582865959630e+03 8.645850782970244836e+03 8.347656949035761500e+03 8.061856030605085834e+03 7.788238005412278653e+03 7.526598142348903821e+03 7.276737253240661630e+03 7.038461933557332486e+03 6.811584792188969914e+03 6.595924670427553792e+03 6.391306850299960388e+03 6.197563252402379476e+03 6.014532623389709443e+03 5.842060713274758200e+03 5.680000442693674813e+03 5.528212060292285969e+03 5.386563290387471170e+03 5.254929471054080750e+03 5.133193682784693920e+03 5.021246867864561864e+03 4.918987940598892237e+03 4.826323888522294510e+03 4.743169864714658615e+03 4.669449271338294238e+03 4.605093834503522885e+03 4.550043670560885403e+03 4.504247343908547919e+03 4.467661916392382409e+03 4.440252988367871694e+03 4.421994731480009250e+03 4.412869913207829086e+03 4.412869913207829086e+03
1.405679393112692924e+05 1.405679393112692924e+05 1.404753807199254807e+05 1.402905722117381520e+05 1.400141311931751843e+05 1.396469836717872240e+05 1.391903634717424284e+05 1.386458101616218919e+05 1.380151649610806780e+05 1.373005638760121074e+05 1.365044273813286854e+05 1.356294461215117772e+05 1.346785623178612732e+05 1.336549468365000794e+05 1.325619721560776234e+05 1.314031817501674523e+05 1.301822566396970215e+05 1.289029800532695954e+05 1.275692012433769560e+05 1.261847995383916423e+05 1.247536496666672465e+05 1.232795892803566385e+05 1.217663894481862662e+05 1.202177286966980610e+05 1.186371709769296431e+05 1.170281477348289045e+05 1.153939440824357007e+05 1.137376889124114969e+05 1.120623486763769470e+05 1.103707244593880459e+05 1.086654519275707135e+05 1.069490036999790027e+05 1.052236936945307825e+05 1.034916830160278769e+05 1.017549869865648943e+05 1.000154829601922393e+05 9.827491861025379330e+04 9.653492042605376628e+04 9.479700220270270074e+04 9.306257335232041078e+04 9.133294690506141342e+04 8.960934710389787506e+04 8.789291652762924787e+04 8.618472270212642616e+04 8.448576418071950320e+04 8.279697609127979376e+04 8.111923516041721450e+04 7.945336423483480758e+04 7.780013632674256223e+04 7.616027821482189756e+04 7.453447363497431797e+04 7.292336609635229979e+04 7.132756135831262509e+04 6.974762960320732964e+04 6.818410733857379819e+04 6.663749906050722348e+04 6.510827870791548048e+04 6.359689093513355328e+04 6.210375222805574595e+04 6.062925188664534653e+04 5.917375289441817586e+04 5.773759269333519478e+04 5.632108388048259076e+04 5.492451484099505615e+04 5.354815032989803876e+04 5.219223201390010217e+04 5.085697898267129494e+04 4.954258823777879297e+04 4.824923516623201431e+04 4.697707400447416876e+04 4.572623829768986616e+04 4.449684135841028183e+04 4.328897672762800357e+04 4.210271864096362697e+04 4.093812250180760020e+04 3.979522536286819377e+04 3.867404641708679992e+04 3.757458749850415188e+04 3.649683359332949476e+04 3.544075336118259293e+04 3.440629966624305962e+04 3.339341011785007868e+04 3.240200761992760454e+04 3.143200092848981876e+04 3.048328521637315134e+04 2.955574264426931768e+04 2.864924293707208562e+04 2.776364396451748689e+04 2.689879232507233610e+04 2.605452393201719678e+04 2.523066460067466323e+04 2.442703063574430416e+04 2.364342941773144776e+04 2.287965998747941921e+04 2.213551362785389574e+04 2.141077444166370333e+04 2.070521992494670849e+04 2.001862153479107656e+04 1.935074525091514079e+04 1.870135213027159625e+04 1.807019885399507257e+04 1.745703826606020812e+04 1.686161990306742518e+04 1.628369051462389507e+04 1.572299457383350273e+04 1.517927477745922261e+04 1.465227253536579883e+04 1.414172844889788757e+04 1.364738277788841879e+04 1.316897589603769484e+04 1.270624873443994693e+04 1.225894321307317296e+04 1.182680266010546802e+04 1.140957221890256187e+04 1.100699924265451955e+04 1.061883367656886730e+04 1.024482842760724998e+04 9.884739721764733986e+03 9.538327448919406379e+03 9.205355495297806556e+03 8.885592063624922957e+03 8.578809981043657899e+03 8.284786994905507527e+03 8.003306056549564346e+03 7.734155593197930102e+03 7.477129768109021825e+03 7.232028729137387018e+03 6.998658845858209133e+03 6.776832935420080503e+03 6.566370477294957709e+03 6.367097817097254847e+03 6.178848359646631252e+03 6.001462751449110328e+03 5.834789052771516253e+03 5.678682899482590074e+03 5.533007654830267711e+03 5.397634551322555126e+03 5.272442822873575096e+03 5.157319827371033170e+03 5.052161159814824714e+03 4.956870756168943444e+03 4.871360988061505850e+03 4.795552748457652342e+03 4.729375528422016941e+03 4.672767485076597040e+03 4.625675500849575656e+03 4.588055234100026610e+03 4.559871161191288593e+03 4.541096610075402168e+03 4.531713785437363185e+03 4.531713785437363185e+03
1.430160229324608808e+05 1.430160229324608808e+05 1.429249811435229785e+05 1.427431917859340319e+05 1.424712428537692467e+05 1.421100150469137589e+05 1.416606797510083125e+05 1.411246956159646506e+05 1.405038032158330898e+05 1.398000172646419087e+05 1.390156159173295891e+05 1.381531267982811842e+05 1.372153095621913380e+05 1.362051349877100729e+05 1.351257608145425911e+05 1.339805047390693217e+05 1.327728151628119522e+05 1.315062404262479104e+05 1.301843973466469179e+05 1.288109399078798160e+05 1.273895289236594108e+05 1.259238034199747781e+05 1.244173543679360300e+05 1.228737012576860288e+05 1.212962718506856618e+05 1.196883852940214274e+05 1.180532386367669969e+05 1.163938966626758338e+05 1.147132848504749709e+05 1.130141851950385026e+05 1.112992345696631965e+05 1.095709252797558729e+05 1.078316074484388664e+05 1.060834928812994476e+05 1.043286600768171629e+05 1.025690600772833568e+05 1.008065228888488346e+05 9.904276423594423977e+04 9.727939245239831507e+04 9.551791534742077056e+04 9.375974691803594760e+04 9.200621380975167267e+04 9.025856145382048271e+04 8.851795983229318517e+04 8.678550884120493720e+04 8.506224323794411612e+04 8.334913717138924403e+04 8.164710830315346539e+04 7.995702153560485749e+04 7.827969236759073101e+04 7.661588990235823439e+04 7.496633953431023110e+04 7.333172534227502183e+04 7.171269221713197476e+04 7.010984775112247735e+04 6.852376391517701268e+04 6.695497854923941486e+04 6.540399668897719675e+04 6.387129175054859661e+04 6.235730659329900664e+04 6.086245447845121089e+04 5.938711994008794863e+04 5.793165958300086641e+04 5.649640282036115968e+04 5.508165256262408366e+04 5.368768586766177032e+04 5.231475456079414289e+04 5.096308583218840067e+04 4.963288281799493416e+04 4.832432517059439124e+04 4.703756962244645547e+04 4.577275054722385539e+04 4.452998052121352521e+04 4.330935088733361772e+04 4.211093232357269153e+04 4.093477541716464475e+04 3.978091124540424789e+04 3.864935196364191506e+04 3.754009140068524721e+04 3.645310566157673020e+04 3.538835373749260179e+04 3.434577812232320139e+04 3.332530543535108882e+04 3.232684704931035230e+04 3.135029972302753231e+04 3.039554623776426524e+04 2.946245603633359860e+04 2.855088586402374494e+04 2.766068041034665657e+04 2.679167295061863479e+04 2.594368598638917683e+04 2.511653188374132151e+04 2.431001350851655661e+04 2.352392485753949950e+04 2.275805168495421822e+04 2.201217212282281616e+04 2.128605729517732834e+04 2.057947192476089913e+04 1.989217493174150513e+04 1.922392002372790739e+04 1.857445627646597131e+04 1.794352870464406078e+04 1.733087882228218950e+04 1.673624519222930030e+04 1.615936396434095514e+04 1.559996940195236675e+04 1.505779439631229616e+04 1.453257096868174449e+04 1.402403075984616044e+04 1.353190550682881440e+04 1.305592750663156039e+04 1.259583006686683984e+04 1.215134794317668820e+04 1.172221776337076881e+04 1.130817843824188276e+04 1.090897155904953433e+04 1.052434178168660947e+04 1.015403719756947976e+04 9.797809691314083466e+03 9.455415285281855176e+03 9.126614471097498608e+03 8.811172528257460726e+03 8.508859829963714219e+03 8.219452136329491623e+03 7.942730875116829338e+03 7.678483410173547782e+03 7.426503297747833130e+03 7.186590530863406457e+03 6.958551771943686617e+03 6.742200573879004878e+03 6.537357589729891515e+03 6.343850771263639217e+03 6.161515556518889753e+03 5.990195046592722065e+03 5.829740171841386655e+03 5.680009847682342297e+03 5.540871120180497201e+03 5.412199301595824181e+03 5.293878096062347140e+03 5.185799715561917765e+03 5.087864986346868136e+03 4.999983445957424010e+03 4.922073430969075162e+03 4.854062155595915101e+03 4.795885781263865283e+03 4.747489477256914142e+03 4.708827472527638747e+03 4.679863098750572135e+03 4.660568824684866740e+03 4.650926281899120113e+03 4.650926281899120113e+03
1.456228279016736487e+05 1.456228279016736487e+05 1.455329795233283367e+05 1.453535631026504852e+05 1.450851385357808904e+05 1.447285436036295141e+05 1.442848911640392616e+05 1.437555648958968231e+05 1.431422132341152756e+05 1.424467411322653061e+05 1.416712993328927842e+05 1.408182709113794263e+05 1.398902549803502043e+05 1.388900475870009395e+05 1.378206199917546764e+05 1.366850946687412797e+05 1.354867195028491842e+05 1.342288407628994901e+05 1.329148754976319324e+05 1.315482840266895946e+05 1.301325431828748697e+05 1.286711209087498719e+05 1.271674527271508850e+05 1.256249205003847019e+05 1.240468337762538140e+05 1.224364138998801791e+05 1.207967809565297212e+05 1.191309435085408768e+05 1.174417910033273511e+05 1.157320886615530762e+05 1.140044746055907453e+05 1.122614589574620622e+05 1.105054246207518154e+05 1.087386294600750116e+05 1.069632096017760778e+05 1.051811835978508898e+05 1.033944572190455219e+05 1.016048286703505582e+05 9.981399405081350415e+04 9.802355290818520007e+04 9.623501376624393743e+04 9.444979952799298917e+04 9.266925268070257152e+04 9.089464024882893136e+04 8.912715845803474076e+04 8.736793708799860906e+04 8.561804350356203213e+04 8.387848636328925204e+04 8.215021901192970108e+04 8.043414256889226090e+04 7.873110872888052836e+04 7.704192229361544014e+04 7.536734345525685058e+04 7.370808985296661558e+04 7.206483842423606256e+04 7.043822707221868041e+04 6.882885616957340972e+04 6.723728991828713333e+04 6.566405758373613935e+04 6.410965461989369214e+04 6.257454370120999374e+04 6.105915567526171071e+04 5.956389044888483477e+04 5.808911781914406311e+04 5.663517825920398900e+04 5.520238366794901958e+04 5.379101809106054861e+04 5.240133842021239252e+04 5.103357507607572188e+04 4.968793267995048518e+04 4.836459071804495034e+04 4.706370420170701254e+04 4.578540432627560222e+04 4.452979913065214350e+04 4.329697415919425111e+04 4.208699312708854268e+04 4.089989858998529235e+04 3.973571261834078177e+04 3.859443747663357499e+04 3.747605630737671163e+04 3.638053381965097651e+04 3.530781698170655727e+04 3.425783571705518989e+04 3.323050360335357982e+04 3.222571857329995692e+04 3.124336361669839607e+04 3.028330748280033004e+04 2.934540538200221636e+04 2.842949968596413237e+04 2.753542062520943000e+04 2.666298698327510647e+04 2.581200678649543624e+04 2.498227798852817796e+04 2.417358914875928167e+04 2.338572010376088292e+04 2.261844263101163597e+04 2.187152110413377886e+04 2.114471313894428386e+04 2.043777022966590448e+04 1.975043837468581842e+04 1.908245869130465508e+04 1.843356801896088291e+04 1.780349951046635033e+04 1.719198321083430346e+04 1.659874662332953449e+04 1.602351526241212377e+04 1.546601319329404396e+04 1.492596355786606000e+04 1.440308908679724846e+04 1.389711259764427814e+04 1.340775747884708653e+04 1.293474815952289828e+04 1.247781056500179693e+04 1.203667255807996298e+04 1.161106436599503286e+04 1.120071899315626069e+04 1.080537261968485109e+04 1.042476498584667206e+04 1.005863976247754181e+04 9.706744907521790083e+03 9.368833008823461569e+03 9.044661613322168705e+03 8.733993542822745439e+03 8.436597196515893302e+03 8.152246840442129724e+03 7.880722884094708206e+03 7.621812144368293048e+03 7.375308097063470996e+03 7.141011116161536847e+03 6.918728701086683031e+03 6.708275692174164760e+03 6.509474474561849092e+03 6.322155170722295225e+03 6.146155821848886262e+03 5.981322558306450446e+03 5.827509759351784851e+03 5.684580202323178128e+03 5.552405201492082597e+03 5.430864736761554013e+03 5.319847572387837317e+03 5.219251365892337162e+03 5.128982767320783751e+03 5.048957508995774333e+03 4.979100485897604813e+03 4.919345826796385154e+03 4.869636956245871261e+03 4.829926647536705786e+03 4.800177066693814595e+03 4.780359807588173680e+03 4.770455918220622152e+03 4.770455918220622152e+03
1.483870436331033707e+05 1.483870436331033707e+05 1.482980810433079605e+05 1.481204232032537984e+05 1.478546038098036952e+05 1.475014208663451718e+05 1.470619334009640734e+05 1.465374567346590338e+05 1.459295560510908836e+05 1.452400380212812743e+05 1.444709402714872267e+05 1.436245185480882355e+05 1.427032315244756173e+05 1.417097233036701509e+05 1.406468037868634565e+05 1.395174271918495069e+05 1.383246691062581667e+05 1.370717025401372812e+05 1.357617734945974953e+05 1.343981765846933413e+05 1.329842312452690967e+05 1.315232590106975404e+05 1.300185622980653861e+05 1.284734050446352485e+05 1.268909954612777074e+05 1.252744710708142084e+05 1.236268861099816277e+05 1.219512012909428449e+05 1.202502758466332161e+05 1.185268617258714075e+05 1.167835997600200644e+05 1.150230175928814861e+05 1.132475291483642359e+05 1.114594354046903318e+05 1.096609262475593132e+05 1.078540831856822624e+05 1.060408827284773142e+05 1.042232002456122427e+05 1.024028141499107733e+05 1.005814102676336624e+05 9.876058628222372499e+04 9.694185615855555807e+04 9.512665447403459984e+04 9.331634060018521268e+04 9.151220269359077793e+04 8.971546146807473269e+04 8.792727373098646058e+04 8.614873567549776635e+04 8.438088592804629297e+04 8.262470835576349054e+04 8.088113464302362991e+04 7.915104664938415226e+04 7.743527856334074750e+04 7.573461886764304654e+04 7.404981213260098593e+04 7.238156065395228507e+04 7.073052595160921919e+04 6.909733014504302992e+04 6.748255722027127922e+04 6.588675420248309092e+04 6.431043224729687063e+04 6.275406766256311676e+04 6.121810287151087687e+04 5.970294732695273706e+04 5.820897838519559446e+04 5.673654214728505758e+04 5.528595427425357775e+04 5.385750078214453242e+04 5.245143882174925238e+04 5.106799744723566255e+04 4.970737837714668422e+04 4.836975675062509981e+04 4.705528188115084049e+04 4.576407800957930158e+04 4.449624505782046617e+04 4.325185938411059760e+04 4.203097454048191139e+04 4.083362203274795320e+04 3.965981208306168264e+04 3.850953439489338780e+04 3.738275892009196832e+04 3.627943662754676188e+04 3.519950027284397947e+04 3.414286516821686382e+04 3.310942995201305894e+04 3.209907735685260195e+04 3.111167497560516131e+04 3.014707602430106272e+04 2.920512010107569222e+04 2.828563394025130401e+04 2.738843216067029425e+04 2.651331800741740517e+04 2.566008408608757600e+04 2.482851308879697535e+04 2.401837851116337333e+04 2.322944535952831211e+04 2.246147084773244933e+04 2.171420508280334616e+04 2.098739173895869681e+04 2.028076871937828764e+04 1.959406880524325970e+04 1.892702029159049926e+04 1.827934760957586332e+04 1.765077193478746995e+04 1.704101178129425170e+04 1.644978358116284653e+04 1.587680224921207810e+04 1.532178173282254102e+04 1.478443554665258853e+04 1.426447729215468462e+04 1.376162116181640340e+04 1.327558242808900104e+04 1.280607791699520567e+04 1.235282646643920634e+04 1.191554936926872870e+04 1.149397080116563302e+04 1.108781823346458259e+04 1.069682283102095425e+04 1.032071983527050725e+04 9.959248932638423867e+03 9.612154608474504130e+03 9.279186486702872571e+03 8.960099655388443352e+03 8.654654978432252392e+03 8.362619393616809248e+03 8.083766197230577745e+03 7.817875315504700666e+03 7.564733563101352956e+03 7.324134888894576761e+03 7.095880609284626189e+03 6.879779629290147568e+03 6.675648651657124901e+03 6.483312374223774896e+03 6.302603675775442753e+03 6.133363790619111569e+03 5.975442472100918167e+03 5.828698145283254235e+03 5.692998048990038114e+03 5.568218367420166942e+03 5.454244351518847907e+03 5.350970430287286035e+03 5.258300312198816755e+03 5.176147076878835833e+03 5.104433257192606106e+03 5.043090911873141522e+03 4.992061688806982602e+03 4.951296879082500709e+03 4.920757461890825653e+03 4.900414140354995652e+03 4.890247368348441341e+03 4.890247368348441341e+03
1.513076527088420116e+05 1.513076527088420116e+05 1.512192830548571073e+05 1.510427991731315851e+05 1.507787108134181763e+05 1.504277797840031271e+05 1.499910164129603363e+05 1.494696745863404358e+05 1.488652451957474696e+05 1.481794478323954972e+05 1.474142205931220669e+05 1.465717079146250326e+05 1.456542464213394851e+05 1.446643488542898267e+05 1.436046862357762293e+05 1.424780685102847056e+05 1.412874239782509394e+05 1.400357778999313014e+05 1.387262306870929897e+05 1.373619361178768158e+05 1.359460800046329969e+05 1.344818597173493181e+05 1.329724649197320687e+05 1.314210598154312465e+05 1.298307671333736362e+05 1.282046540086698806e+05 1.265457198438311316e+05 1.248568861679432302e+05 1.231409884520092019e+05 1.214007697889174015e+05 1.196388763073622395e+05 1.178578541607792577e+05 1.160601479143758042e+05 1.142481001446624141e+05 1.124239520651457860e+05 1.105898449975318654e+05 1.087478225184302428e+05 1.068998331256564998e+05 1.050477332845251221e+05 1.031932907319536462e+05 1.013381879337757709e+05 9.948402560777725012e+04 9.763232624108610617e+04 9.578453754527856654e+04 9.394203580580395646e+04 9.210612909390147252e+04 9.027806031912597246e+04 8.845901010896649677e+04 8.665009950893507630e+04 8.485239250206995348e+04 8.306689835114343441e+04 8.129457377020540298e+04 7.953632493450317997e+04 7.779300933951353363e+04 7.606543752084835432e+04 7.435437464735930553e+04 7.266054199989176414e+04 7.098461834796112089e+04 6.932724123619771854e+04 6.768900819182739360e+04 6.607047786371606344e+04 6.447217110272304853e+04 6.289457199226369994e+04 6.133812883712245093e+04 5.980325511771129095e+04 5.829033041613681416e+04 5.679970131965359906e+04 5.533168230632005725e+04 5.388655661698643962e+04 5.246457711708704301e+04 5.106596715111651429e+04 4.969092139213308110e+04 4.833960668814311794e+04 4.701216290678653604e+04 4.570870377935381839e+04 4.442931774483140907e+04 4.317406879436827876e+04 4.194299731630437600e+04 4.073612094168357726e+04 3.955343538998386066e+04 3.839491531464266882e+04 3.726051514783735911e+04 3.615016994386300212e+04 3.506379622038632806e+04 3.400129279678519379e+04 3.296254162874077156e+04 3.194740863823280233e+04 3.095574453806043675e+04 2.998738565002219184e+04 2.904215471589350273e+04 2.811986170035052783e+04 2.722030458502770853e+04 2.634327015290958298e+04 2.548853476231009336e+04 2.465586510971639655e+04 2.384501898082753905e+04 2.305574598915726529e+04 2.228778830161786755e+04 2.154088135055086241e+04 2.081475453171374829e+04 2.010913188778646509e+04 1.942373277700183826e+04 1.875827252655649136e+04 1.811246307050189353e+04 1.748601357185994857e+04 1.687863102875295590e+04 1.629002086437694743e+04 1.571988750068986883e+04 1.516793491572216408e+04 1.463386718445508086e+04 1.411738900324809219e+04 1.361820619782431095e+04 1.313602621485842610e+04 1.267055859723795948e+04 1.222151544309451856e+04 1.178861184872608646e+04 1.137156633555581902e+04 1.097010126128928641e+04 1.058394321545459752e+04 1.021282339952310031e+04 9.856477991824584024e+03 9.514648497482956373e+03 9.187082083609433539e+03 8.873531899999863526e+03 8.573757385589497062e+03 8.287524560925066908e+03 8.014606306918414703e+03 7.754782630147752570e+03 7.507840914975731721e+03 7.273576162751563061e+03 7.051791218364721317e+03 6.842296984413594146e+03 6.644912623249992976e+03 6.459465747154996279e+03 6.285792596894377311e+03 6.123738208896709693e+03 5.973156571287577208e+03 5.833910769005100519e+03 5.705873118211147812e+03 5.588925290203619625e+03 5.482958425021301082e+03 5.387873234923134078e+03 5.303580097909060896e+03 5.229999141436838727e+03 5.167060316475749460e+03 5.114703462022901476e+03 5.072878360193735716e+03 5.041544781982389395e+03 5.020672523772685963e+03 5.010241434664602821e+03 5.010241434664602821e+03
1.543839125835593732e+05 1.543839125835593732e+05 1.542958565979730629e+05 1.541199893331639760e+05 1.538567990375256632e+05 1.535070151326519845e+05 1.530716045651219320e+05 1.525517667796153401e+05 1.519489272038776253e+05 1.512647291423817223e+05 1.505010239991299459e+05 1.496598597897367144e+05 1.487434679559952929e+05 1.477542485582937370e+05 1.466947539874818176e+05 1.455676714024596731e+05 1.443758041575890384e+05 1.431220525303036266e+05 1.418093940906326752e+05 1.404408640685952269e+05 1.390195360721864272e+05 1.375485034888507216e+05 1.360308618691568263e+05 1.344696925459724152e+05 1.328680476893840823e+05 1.312289369406973128e+05 1.295553157116306538e+05 1.278500751803871244e+05 1.261160339670703979e+05 1.243559314286721055e+05 1.225724224795877963e+05 1.207680738176903978e+05 1.189453614181906451e+05 1.171066691472773091e+05 1.152542883438747958e+05 1.133904182197889750e+05 1.115171669348369469e+05 1.096365532131786167e+05 1.077505083789592027e+05 1.058608787026063656e+05 1.039694279629379016e+05 1.020778401440270682e+05 1.001877221990224061e+05 9.830060682554554660e+04 9.641795520861478872e+04 9.454115969716916152e+04 9.267154638912307564e+04 9.081037760749316658e+04 8.895885425654938444e+04 8.711811805222589464e+04 8.528925362529209815e+04 8.347329049917207158e+04 8.167120494683859579e+04 7.988392173311871011e+04 7.811231575005652849e+04 7.635721355379912711e+04 7.461939481192966923e+04 7.289959367027702683e+04 7.119850004813201667e+04 6.951676087047843612e+04 6.785498124540962453e+04 6.621372559435035510e+04 6.459351874211300310e+04 6.299484697315725498e+04 6.141815905978502997e+04 5.986386726733869727e+04 5.833234834085057082e+04 5.682394447696711723e+04 5.533896428441930038e+04 5.387768373575501028e+04 5.244034711257379968e+04 5.102716794603932794e+04 4.963832995404573740e+04 4.827398797604531865e+04 4.693426890622092469e+04 4.561927262539594085e+04 4.432907293183496222e+04 4.306371847086181515e+04 4.182323366304908268e+04 4.060761963057346293e+04 3.941685512120759086e+04 3.825089742931535147e+04 3.710968331313747331e+04 3.599312990759770037e+04 3.490113563180693018e+04 3.383358109042712749e+04 3.279032996803407877e+04 3.177122991561904200e+04 3.077611342837603661e+04 2.980479871394075235e+04 2.885709055026757051e+04 2.793278113236372519e+04 2.703165090713383324e+04 2.615346939562824991e+04 2.529799600203102091e+04 2.446498080876754830e+04 2.365416535715951613e+04 2.286528341310241376e+04 2.209806171728988920e+04 2.135222071955653155e+04 2.062747529696120546e+04 1.992353545527709139e+04 1.924010701360706298e+04 1.857689227188210498e+04 1.793359066105000966e+04 1.730989937580157493e+04 1.670551398972226161e+04 1.612012905279871302e+04 1.555343867124418466e+04 1.500513706964306766e+04 1.447491913544898125e+04 1.396248094590016262e+04 1.346752027744606130e+04 1.298973709780591707e+04 1.252883404080523178e+04 1.208451686415731274e+04 1.165649489038025058e+04 1.124448143105706004e+04 1.084819419466293766e+04 1.046735567820048709e+04 1.010169354289474177e+04 9.750940974212480796e+03 9.414837026478886401e+03 9.093126952373084350e+03 8.785562517589141862e+03 8.491902300954650855e+03 8.211911980301598305e+03 7.945364604384477389e+03 7.692040851142916836e+03 7.451729272603271056e+03 7.224226526709682730e+03 7.009337596374612986e+03 6.806875996030752503e+03 6.616663965960826317e+03 6.438532654675042977e+03 6.272322289597220333e+03 6.117882336311025028e+03 5.975071646608183073e+03 5.843758595568828241e+03 5.723821207892776329e+03 5.615147273687829511e+03 5.517634453907835450e+03 5.431190375619595216e+03 5.355732717262825645e+03 5.291189284052963558e+03 5.237498073660736736e+03 5.194607332286721430e+03 5.162475601232801637e+03 5.141071754056239115e+03 5.130375024374873647e+03 5.130375024374873647e+03
1.576153386081015924e+05 1.576153386081015924e+05 1.575273293257990154e+05 1.573515459930562065e+05 1.570884578872573329e+05 1.567387659323447733e+05 1.563033990386125515e+05 1.557835091177834256e+05 1.551804647053343942e+05 1.544958431294171896e+05 1.537314211856077309e+05 1.528891643081992515e+05 1.519712142698604730e+05 1.509798754891330027e+05 1.499176000756931608e+05 1.487869717925390869e+05 1.475906891583125107e+05 1.463315479484516254e+05 1.450124233780514915e+05 1.436362522607513529e+05 1.422060154359985900e+05 1.407247207423867949e+05 1.391953867888370587e+05 1.376210277404483058e+05 1.360046392945064581e+05 1.343491859772011812e+05 1.326575898458094744e+05 1.309327206368102925e+05 1.291773873596639169e+05 1.273943313002335490e+05 1.255862203680239763e+05 1.237556446980080509e+05 1.219051134008107329e+05 1.200370523440963734e+05 1.181538028425509401e+05 1.162576211331381783e+05 1.143506785154487152e+05 1.124350620431551797e+05 1.105127756609622302e+05 1.085857416912798799e+05 1.066558025855327578e+05 1.047247228659229440e+05 1.027941911942579318e+05 1.008658225147562043e+05 9.894116022731528210e+04 9.702167835646399180e+04 9.510878368898191547e+04 9.320381785998101986e+04 9.130805937308340799e+04 8.942272554524222505e+04 8.754897437083652767e+04 8.568790630295936717e+04 8.384056595241502509e+04 8.200794370695507678e+04 8.019097727473900886e+04 7.839055315706579131e+04 7.660750805605982896e+04 7.484263022338533483e+04 7.309666075617178285e+04 7.137029484626218618e+04 6.966418298869875434e+04 6.797893215501907980e+04 6.631510693654720671e+04 6.467323066241864581e+04 6.305378649659538496e+04 6.145721851764700114e+04 5.988393278458232089e+04 5.833429839155122318e+04 5.680864851378175808e+04 5.530728144669128960e+04 5.383046163971987698e+04 5.237842072607212322e+04 5.095135854921602004e+04 4.954944418670463347e+04 4.817281697161512420e+04 4.682158751167181617e+04 4.549583870592249878e+04 4.419562675866439531e+04 4.292098219017115480e+04 4.167191084365660936e+04 4.044839488781488035e+04 3.925039381419317942e+04 3.807784542861257069e+04 3.693066683579588425e+04 3.580875541634752881e+04 3.471198979521548608e+04 3.364023080076424230e+04 3.259332241360034459e+04 3.157109270430958350e+04 3.057335475928529559e+04 2.959990759387366415e+04 2.865053705208003521e+04 2.772501669213751666e+04 2.682310865727215787e+04 2.594456453105386390e+04 2.508912617676347509e+04 2.425652656026288605e+04 2.344649055589794443e+04 2.265873573501952706e+04 2.189297313675621990e+04 2.114890802071984581e+04 2.042624060137421475e+04 1.972466676384564926e+04 1.904387876099668938e+04 1.838356589163044919e+04 1.774341515973310379e+04 1.712311191470512131e+04 1.652234047256648046e+04 1.594078471815873490e+04 1.537812868840373994e+04 1.483405713670426121e+04 1.430825607860774107e+04 1.380041331887945125e+04 1.331021896015565653e+04 1.283736589337321857e+04 1.238155027019200679e+04 1.194247195764486787e+04 1.151983497527038890e+04 1.111334791499421226e+04 1.072272434404245541e+04 1.034768319117891588e+04 9.987949116570127444e+03 9.643252865588206987e+03 9.313331606868086965e+03 8.997929254941100226e+03 8.696796777769230175e+03 8.409692489505594494e+03 8.136382328807452723e+03 7.876640123025438697e+03 7.630247838591655636e+03 7.396995817923493632e+03 7.176683003156109407e+03 6.969117147009146720e+03 6.774115011086341838e+03 6.591502551898012825e+03 6.421115094886506995e+03 6.262797496724433586e+03 6.116404296144370164e+03 5.981799853545776386e+03 5.858858479612978954e+03 5.747464553162957600e+03 5.647512628429090910e+03 5.558907531969755837e+03 5.481564449378035533e+03 5.415409001949618869e+03 5.360377313452394446e+03 5.316416067121717788e+03 5.283482552990498334e+03 5.261544705643929774e+03 5.250581132471514138e+03 5.250581132471514138e+03
1.610016884632212168e+05 1.610016884632212168e+05 1.609134698968386510e+05 1.607372597798422794e+05 1.604735109611559601e+05 1.601228997412702593e+05 1.596863222618168802e+05 1.591648896283569047e+05 1.585599217277779826e+05 1.578729397096736066e+05 1.571056571180864994e+05 1.562599696852949273e+05 1.553379438315951265e+05 1.543418039518715814e+05 1.532739186085276888e+05 1.521367857880931115e+05 1.509330174125573831e+05 1.496653233237850072e+05 1.483364949780702009e+05 1.469493890969415079e+05 1.455069115191174496e+05 1.440120014874653134e+05 1.424676165849421232e+05 1.408767185063585057e+05 1.392422598203621455e+05 1.375671718403412087e+05 1.358543536861194880e+05 1.341066625821890775e+05 1.323269054044476361e+05 1.305178314571848314e+05 1.286821264362694928e+05 1.268224075135738385e+05 1.249412194618006470e+05 1.230410317278575531e+05 1.211242363564320840e+05 1.191931466628849012e+05 1.172499965554219671e+05 1.152969404100681859e+05 1.133360534075894830e+05 1.113693322486215038e+05 1.093986961713271157e+05 1.074259882043966354e+05 1.054529765968689753e+05 1.034813563746372383e+05 1.015127509815262456e+05 9.954871397021488519e+04 9.759073071501693630e+04 9.564022012451087357e+04 9.369853633724573592e+04 9.176697038824208721e+04 8.984675183781249507e+04 8.793905035734514240e+04 8.604497726928182237e+04 8.416558704050938832e+04 8.230187872997579689e+04 8.045479739249122213e+04 7.862523544150475936e+04 7.681403397419748944e+04 7.502198406253657595e+04 7.324982801406773797e+04 7.149826060620044882e+04 6.976793029760991340e+04 6.805944042015681043e+04 6.637335035445280664e+04 6.471017669188926084e+04 6.307039438559940027e+04 6.145443789248642861e+04 5.986270230810430803e+04 5.829554449583507812e+04 5.675328421150462964e+04 5.523620522426053503e+04 5.374455643427729228e+04 5.227855298759148718e+04 5.083837738815308694e+04 4.942418060697427427e+04 4.803608318809041521e+04 4.667417635089300893e+04 4.533852308827183879e+04 4.402915925990400865e+04 4.274609467993726139e+04 4.148931419826031197e+04 4.025877877449852531e+04 3.905442654384559864e+04 3.787617387382685411e+04 3.672391641108196927e+04 3.559753011726142722e+04 3.449687229314406432e+04 3.342178259011574846e+04 3.237208400816718859e+04 3.134758387961299741e+04 3.034807483777434754e+04 2.937333576990816437e+04 2.842313275371886630e+04 2.749721997683235531e+04 2.659534063866962970e+04 2.571722783420546330e+04 2.486260541914866553e+04 2.403118885614009196e+04 2.322268604160722680e+04 2.243679811297453125e+04 2.167322023596946747e+04 2.093164237182271972e+04 2.021175002419943485e+04 1.951322496575026889e+04 1.883574594420900030e+04 1.817898936801004675e+04 1.754262997143644679e+04 1.692634145934299886e+04 1.632979713154097954e+04 1.575267048695742778e+04 1.519463580771568377e+04 1.465536872331250561e+04 1.413454675509166918e+04 1.363184984123822869e+04 1.314696084254134439e+04 1.267956602919012221e+04 1.222935554888754268e+04 1.179602387658088264e+04 1.137927024612252171e+04 1.097879906418458813e+04 1.059432030676338218e+04 1.022554989861479589e+04 9.872210075970882826e+03 9.534029732889328443e+03 9.210744751594565969e+03 8.902098317165929984e+03 8.607841216932523821e+03 8.327732124930966165e+03 8.061537871777834880e+03 7.809033700308597872e+03 7.570003507324543534e+03 7.344240071786842236e+03 7.131545269785690834e+03 6.931730276605999279e+03 6.744615756200316355e+03 6.570032038368583926e+03 6.407819283932917642e+03 6.257827638183218369e+03 6.119917372855632493e+03 5.993959016891888496e+03 5.879833476212665119e+03 5.777432142722504068e+03 5.686656992748429730e+03 5.607420675096464947e+03 5.539646588894554043e+03 5.483268951371836920e+03 5.438232855707018643e+03 5.404494319059369445e+03 5.382020320878487837e+03 5.370788831569137074e+03 5.370788831569137074e+03
1.645429480378582084e+05 1.645429480378582084e+05 1.644542738499548577e+05 1.642771455201456265e+05 1.640120019773844397e+05 1.636594986981985858e+05 1.632205041824205546e+05 1.626960952201879409e+05 1.620875509323480364e+05 1.613963455747111584e+05 1.606241401112651220e+05 1.597727725821849017e+05 1.588442473180700908e+05 1.578407230806733423e+05 1.567645002404618717e+05 1.556180071305161109e+05 1.544037857422900561e+05 1.531244769498241367e+05 1.517828054635424633e+05 1.503815647218528902e+05 1.489236019279657630e+05 1.474118034308965725e+05 1.458490806341719872e+05 1.442383565945195442e+05 1.425825534471089486e+05 1.408845807654313976e+05 1.391473249340771290e+05 1.373736395831146801e+05 1.355663371047077817e+05 1.337281812470160075e+05 1.318618807581892179e+05 1.299700840346753394e+05 1.280553747134694422e+05 1.261202681371967919e+05 1.241672086138830637e+05 1.221985673895473010e+05 1.202166412509483780e+05 1.182236516773607291e+05 1.162217444637761510e+05 1.142129897428223485e+05 1.121993823385914584e+05 1.101828423920893401e+05 1.081652162047740276e+05 1.061482772534330725e+05 1.041337273362317646e+05 1.021231978159311693e+05 1.001182509320391546e+05 9.812038115883087448e+04 9.613101659077730437e+04 9.415152034098246077e+04 9.218319194168060494e+04 9.022726873877689650e+04 8.828492727487857337e+04 8.635728465721258544e+04 8.444539990845967259e+04 8.255027529972125194e+04 8.067285766581338248e+04 7.881403970372000185e+04 7.697466125551916775e+04 7.515551057737036899e+04 7.335732559628301533e+04 7.158079515642522892e+04 6.982656025665967900e+04 6.809521528087447223e+04 6.638730922250349249e+04 6.470334690443345607e+04 6.304379019526324555e+04 6.140905922268042195e+04 5.979953358446741186e+04 5.821555355745114502e+04 5.665742130449802062e+04 5.512540207946510054e+04 5.361972542984761094e+04 5.214058639670731645e+04 5.068814671132892545e+04 4.926253598794515710e+04 4.786385291176082683e+04 4.649216642143908393e+04 4.514751688515138812e+04 4.382991726923763053e+04 4.253935429850820947e+04 4.127578960718939925e+04 4.003916087951952795e+04 3.882938297900379985e+04 3.764634906535702612e+04 3.648993169818264141e+04 3.535998392647367291e+04 3.425634036305853806e+04 3.317881824315214908e+04 3.212721846623058082e+04 3.110132662048663406e+04 3.010091398918415871e+04 2.912573853828381834e+04 2.817554588476161007e+04 2.725007024510742485e+04 2.634903536354203243e+04 2.547215541954425862e+04 2.461913591434346381e+04 2.378967453608001961e+04 2.298346200339089046e+04 2.220018288723002479e+04 2.143951641078184548e+04 2.070113722737262287e+04 1.998471617633233836e+04 1.928992101679917323e+04 1.861641713950465783e+04 1.796386825661059629e+04 1.733193706970955463e+04 1.672028591613363824e+04 1.612857739374397534e+04 1.555647496441057228e+04 1.500364353641054731e+04 1.446975002600245534e+04 1.395446389845670092e+04 1.345745768883930396e+04 1.297840750286703587e+04 1.251699349816783069e+04 1.207290034629033835e+04 1.164581767582533030e+04 1.123544049700506002e+04 1.084146960815846433e+04 1.046361198440555199e+04 1.010158114897844280e+04 9.755097527560359595e+03 9.423888786035244266e+03 9.107690152038598171e+03 8.806244720701808546e+03 8.519303744976094094e+03 8.246626910919858346e+03 7.987982598326512743e+03 7.743148127062901040e+03 7.511909989481910998e+03 7.294064069261317854e+03 7.089415847012458471e+03 6.897780592991151934e+03 6.718983547229530814e+03 6.552860087396661584e+03 6.399255884680199415e+03 6.258027047967372710e+03 6.129040256588848933e+03 6.012172881871684694e+03 5.907313097732188908e+03 5.814359980521796388e+03 5.733223598320855672e+03 5.663825089858437423e+03 5.606096733215413224e+03 5.559982004452068395e+03 5.525435626278446762e+03 5.502423606870189360e+03 5.490923268908920363e+03 5.490923268908920363e+03
1.682393187489371048e+05 1.682393187489371048e+05 1.681499509453069477e+05 1.679714296332490630e+05 1.677041822685230291e+05 1.673488471938591392e+05 1.669062702192856232e+05 1.663775000492479885e+05 1.657637825532053248e+05 1.650665538847181597e+05 1.642874324669169728e+05 1.634282098794670310e+05 1.624908407027066278e+05 1.614774313975077821e+05 1.603902283229956811e+05 1.592316050169377122e+05 1.580040488839181489e+05 1.567101474527146202e+05 1.553525743756385637e+05 1.539340753481373540e+05 1.524574541263731662e+05 1.509255588138883759e+05 1.493412685763651971e+05 1.477074809266400116e+05 1.460270997016588517e+05 1.443030238301057543e+05 1.425381369651928253e+05 1.407352980327814876e+05 1.388973327215749014e+05 1.370270259204922186e+05 1.351271150890759018e+05 1.332002845304015209e+05 1.312491605226248794e+05 1.292763072550656216e+05 1.272842235075142526e+05 1.252753400069749041e+05 1.232520173940592504e+05 1.212165447313428449e+05 1.191711384878285025e+05 1.171179419368053932e+05 1.150590249085480173e+05 1.129963838441337575e+05 1.109319421018153953e+05 1.088675504727745720e+05 1.068049878683520510e+05 1.047459621459593181e+05 1.026921110457026225e+05 1.006450032141463453e+05 9.860613929567269224e+04 9.657695307544403477e+04 9.455881266109808348e+04 9.255302169299713569e+04 9.056082057512387109e+04 8.858338772063291981e+04 8.662184080762113445e+04 8.467723804194021795e+04 8.275057942486983666e+04 8.084280802423355635e+04 7.895481124809940229e+04 7.708742212061487953e+04 7.524142055979483121e+04 7.341753465723489353e+04 7.161644195980291988e+04 6.983877075336332200e+04 6.808510134854490752e+04 6.635596736849428271e+04 6.465185703844175441e+04 6.297321447680421988e+04 6.132044098742322240e+04 5.969389635241160431e+04 5.809390012497403950e+04 5.652073292145339656e+04 5.497463771175920556e+04 5.345582110724954691e+04 5.196445464506601274e+04 5.050067606786480610e+04 4.906459059784298734e+04 4.765627220392588788e+04 4.627576486096596636e+04 4.492308379979866004e+04 4.359821674700063886e+04 4.230112515321866522e+04 4.103174540895313112e+04 3.978999004671892180e+04 3.857574892853890196e+04 3.738889041777767125e+04 3.622926253436344996e+04 3.509669409250882745e+04 3.399099582009040023e+04 3.291196145891141350e+04 3.185936884512986580e+04 3.083298096919757154e+04 2.983254701471719090e+04 2.885780337568789400e+04 2.790847465167178598e+04 2.698427462047187873e+04 2.608490718797758745e+04 2.521006731488677178e+04 2.435944192007136007e+04 2.353271076041121705e+04 2.272954728696823804e+04 2.194961947742810298e+04 2.119259064478043729e+04 2.045812022225656619e+04 1.974586452458577332e+04 1.905547748567245799e+04 1.838661137283107746e+04 1.773891747775670956e+04 1.711204678443661032e+04 1.650565061424019223e+04 1.591938124845534549e+04 1.535289252855893756e+04 1.480584043453810409e+04 1.427788364159478078e+04 1.376868405558873201e+04 1.327790732758715421e+04 1.280522334790436798e+04 1.235030672002819301e+04 1.191283721483826048e+04 1.149250020552989372e+04 1.108898708366482424e+04 1.070199565677338796e+04 1.033123052793518946e+04 9.976403457769007218e+03 9.637233709259009629e+03 9.313448375845693590e+03 9.004782693203798772e+03 8.710980335127725994e+03 8.431793693936568161e+03 8.166984145804597574e+03 7.916322301416314076e+03 7.679588242331396032e+03 7.456571743439908460e+03 7.247072481871540731e+03 7.050900232713047444e+03 6.867875051873916163e+03 6.697827446425598282e+03 6.540598532724379766e+03 6.396040182613119214e+03 6.264015157979824835e+03 6.144397233933358621e+03 6.037071310840064143e+03 5.941933515445595731e+03 5.858891291287908643e+03 5.787863478588158614e+03 5.728780383785944650e+03 5.681583838866302358e+03 5.646227250604309120e+03 5.622675639833309106e+03 5.610905670821683088e+03 5.610905670821683088e+03
1.720912062759117980e+05 1.720912062759117980e+05 1.720009139346577576e+05 1.718205389798951219e+05 1.715504997647451237e+05 1.711914210621803650e+05 1.707441307558011031e+05 1.702096554286529135e+05 1.695892148568666307e+05 1.688842154230742017e+05 1.680962424760748399e+05 1.672270516776470467e+05 1.662785593943105778e+05 1.652528322101240919e+05 1.641520756553720566e+05 1.629786222638291947e+05 1.617349190872257750e+05 1.604235148082776868e+05 1.590470466025668429e+05 1.576082269038100785e+05 1.561098302266517421e+05 1.545546801958319556e+05 1.529456369209751429e+05 1.512855848427979217e+05 1.495774211600322160e+05 1.478240449277410517e+05 1.460283468978907622e+05 1.441932001528862747e+05 1.423214515631686663e+05 1.404159140815809660e+05 1.384793598705748445e+05 1.365145142438600305e+05 1.345240503919881303e+05 1.325105848517603881e+05 1.304766736721445050e+05 1.284248092244911531e+05 1.263574176020129817e+05 1.242768565525032463e+05 1.221854138887888548e+05 1.200853063232009154e+05 1.179786786750419706e+05 1.158676034034723125e+05 1.137540804220791179e+05 1.116400371555037127e+05 1.095273288026962109e+05 1.074177387754822412e+05 1.053129792850858939e+05 1.032146920529666240e+05 1.011244491257503687e+05 9.904375377712720365e+04 9.697404148233983142e+04 9.491668095332548546e+04 9.287297522463930363e+04 9.084416278210307064e+04 8.883141872760166007e+04 8.683585597471380606e+04 8.485852647086276556e+04 8.290042244251235388e+04 8.096247766054746171e+04 7.904556872350272897e+04 7.715051635664919741e+04 7.527808672523668793e+04 7.342899276037164964e+04 7.160389549612655537e+04 6.980340541656142159e+04 6.802808381135278614e+04 6.627844413875692408e+04 6.455495339459355455e+04 6.285803348593719420e+04 6.118806260815399582e+04 5.954537662391360936e+04 5.793027044274788204e+04 5.634299939973762230e+04 5.478378063186683721e+04 5.325279445058804413e+04 5.175018570914004522e+04 5.027606516316495981e+04 4.883051082319488341e+04 4.741356929759359627e+04 4.602525712458921043e+04 4.466556209205350751e+04 4.333444454375097848e+04 4.203183867081716016e+04 4.075765378729764052e+04 3.951177558862699516e+04 3.829406739200654556e+04 3.710437135769573797e+04 3.594250969030788838e+04 3.480828581927368214e+04 3.370148555769852828e+04 3.262187823892345841e+04 3.156921783016275003e+04 3.054324402266147081e+04 2.954368329789165000e+04 2.857024996936747266e+04 2.762264719972821695e+04 2.670056799280048654e+04 2.580369616041673726e+04 2.493170726381813802e+04 2.408426952953346336e+04 2.326104473967762169e+04 2.246168909666285981e+04 2.168585406236421841e+04 2.093318717182762703e+04 2.020333282165247147e+04 1.949593303321539497e+04 1.881062819094437145e+04 1.814705775588538017e+04 1.750486095483144891e+04 1.688367744531917924e+04 1.628314795681768373e+04 1.570291490846416855e+04 1.514262300371838137e+04 1.460191980232670721e+04 1.408045627000811328e+04 1.357788730628013036e+04 1.309387225086540093e+04 1.262807536912146134e+04 1.218016631694788339e+04 1.174982058563233659e+04 1.133671992709911683e+04 1.094055276002862229e+04 1.056101455731577153e+04 1.019780821533524795e+04 9.850644405480181376e+03 9.519241908436657468e+03 9.203327931650665050e+03 8.902638410439456493e+03 8.616918293191291013e+03 8.345921811087393507e+03 8.089412732771553237e+03 7.847164604382051039e+03 7.618960975346585656e+03 7.404595610330005002e+03 7.203872687709093043e+03 7.016606984935546279e+03 6.842624051130987937e+03 6.681760367241545282e+03 6.533863494064890801e+03 6.398792208440660033e+03 6.276416627881357272e+03 6.166618323897596383e+03 6.069290424255698781e+03 5.984337704382902302e+03 5.911676668116958353e+03 5.851235617974759407e+03 5.802954715094217136e+03 5.766786028982534845e+03 5.742693577180594730e+03 5.730653354933447190e+03 5.730653354933447190e+03
1.760992106693568930e+05 1.760992106693568930e+05 1.760077687134110893e+05 1.758250911061190418e+05 1.755515893870111031e+05 1.751878781928475946e+05 1.747347720559510053e+05 1.741932811464335246e+05 1.735646059719896002e+05 1.728501310569387861e+05 1.720514176325153967e+05 1.711701953828140104e+05 1.702083533047874807e+05 1.691679297556402453e+05 1.680511017760068935e+05 1.668601737915866834e+05 1.655975658084691968e+05 1.642658012275204528e+05 1.628674944101597648e+05 1.614053381312634738e+05 1.598820910544962971e+05 1.583005653611733287e+05 1.566636146560091001e+05 1.549741222622458299e+05 1.532349900052620796e+05 1.514491275685433648e+05 1.496194424895313277e+05 1.477488308461162960e+05 1.458401686679989216e+05 1.438963040914571902e+05 1.419200502616256708e+05 1.399141789736190112e+05 1.378814150328514224e+05 1.358244313059630222e+05 1.337458444267074228e+05 1.316482111160437344e+05 1.295340250722997444e+05 1.274057143854613387e+05 1.252656394291794422e+05 1.231160911847553798e+05 1.209592899529281567e+05 1.187973844115352404e+05 1.166324509798578074e+05 1.144664934534933273e+05 1.123014428768323560e+05 1.101391576234459935e+05 1.079814236578800337e+05 1.058299549554288678e+05 1.036863940592993604e+05 1.015523127572377707e+05 9.942921286208511447e+04 9.731852708285926201e+04 9.522161997486239125e+04 9.313978895895769529e+04 9.107426540156644478e+04 8.902621574815538770e+04 8.699674270398997760e+04 8.498688645677105524e+04 8.299762593647323956e+04 8.102988010826485697e+04 7.908450929483813525e+04 7.716231652484877850e+04 7.526404890444045304e+04 7.339039900905938703e+04 7.154200629293567908e+04 6.971945851373768528e+04 6.792329317001633171e+04 6.615399894913627941e+04 6.441201718345985864e+04 6.269774331260562030e+04 6.101152834965709917e+04 5.935368034924339736e+04 5.772446587546898081e+04 5.612411146770579217e+04 5.455280510233711539e+04 5.301069764857573318e+04 5.149790431655765860e+04 5.001450609596824506e+04 4.856055118353346916e+04 4.713605639777920442e+04 4.574100857953767263e+04 4.437536597676412202e+04 4.303905961230563116e+04 4.173199463334897155e+04 4.045405164136284293e+04 3.920508800143282861e+04 3.798493912997715233e+04 3.679341975991334039e+04 3.563032518243786035e+04 3.449543246465946868e+04 3.338850164241369203e+04 3.230927688766411302e+04 3.125748764997870967e+04 3.023284977164037628e+04 2.923506657602968335e+04 2.826382992898660086e+04 2.731882127292356745e+04 2.639971263353162794e+04 2.550616759897877637e+04 2.463784227155973349e+04 2.379438619181250033e+04 2.297544323516439545e+04 2.218065248122729827e+04 2.140964905589597038e+04 2.066206494645636121e+04 1.993752978994172008e+04 1.923567163501594041e+04 1.855611767769189828e+04 1.789849497122915272e+04 1.726243111057350688e+04 1.664755489173545720e+04 1.605349694652037942e+04 1.547989035304346544e+04 1.492637122248241940e+04 1.439257926253284677e+04 1.387815831804385562e+04 1.338275688932455705e+04 1.290602862861623362e+04 1.244763281523544356e+04 1.200723480989331256e+04 1.158450648870347322e+04 1.117912665738757823e+04 1.079078144618999613e+04 1.041916468600845656e+04 1.006397826624491972e+04 9.724932474875151456e+03 9.401746321228338275e+03 9.094147841960906590e+03 8.801874390699298601e+03 8.524672911815361658e+03 8.262300198787017507e+03 8.014523137585394579e+03 7.781118935513113684e+03 7.561875335908159286e+03 7.356590819107927928e+03 7.165074790055506128e+03 6.987147752911163479e+03 6.822641473015097290e+03 6.671399126529057867e+03 6.533275438064853006e+03 6.408136806589764092e+03 6.295861419875853244e+03 6.196339357743188884e+03 6.109472684322337955e+03 6.035175529542503682e+03 5.973374160028615734e+03 5.924007039568055006e+03 5.887024879287270778e+03 5.862390677652538216e+03 5.850079750389309993e+03 5.850079750389309993e+03
1.802641177858515002e+05 1.802641177858515002e+05 1.801713058017619478e+05 1.799858858203581476e+05 1.797082647762359702e+05 1.793390504772152053e+05 1.788790485013376165e+05 1.783292580774934031e+05 1.776908669680250168e+05 1.769652453793992754e+05 1.761539389364488597e+05 1.752586607664787443e+05 1.742812827513429802e+05 1.732238260179983045e+05 1.720884507503108180e+05 1.708774454164443887e+05 1.695932155162573035e+05 1.682382719612311921e+05 1.668152192049889418e+05 1.653267432451556961e+05 1.637755996169112914e+05 1.621646014951652323e+05 1.604966080159876437e+05 1.587745129190368461e+05 1.570012336017825291e+05 1.551797006637496524e+05 1.533128480053876410e+05 1.514036035321433737e+05 1.494548805002799490e+05 1.474695695275093021e+05 1.454505312789514719e+05 1.434005898275940272e+05 1.413225266785080894e+05 1.392190754377239209e+05 1.370929170998901245e+05 1.349466759236265498e+05 1.327829158597364440e+05 1.306041374950253521e+05 1.284127754732595058e+05 1.262111963545833423e+05 1.240016968753347610e+05 1.217865025714736403e+05 1.195677667306453077e+05 1.173475696400168235e+05 1.151279180993843911e+05 1.129107451715529605e+05 1.106979101444446278e+05 1.084911986818945443e+05 1.062923231424087280e+05 1.041029230473810603e+05 1.019245656823262543e+05 9.975874681652593426e+04 9.760689152818404546e+04 9.547035512366787589e+04 9.335042414073558757e+04 9.124831742678272713e+04 8.916518728415553051e+04 8.710212067539476266e+04 8.506014048203625134e+04 8.304020681117523054e+04 8.104321834454935743e+04 7.907001372531100060e+04 7.712137297803795082e+04 7.519801895784487715e+04 7.330061882470785349e+04 7.142978553936326352e+04 6.958607937731438142e+04 6.777000945766289078e+04 6.598203528363647638e+04 6.422256829182225192e+04 6.249197340723879461e+04 6.079057060151914629e+04 5.911863645158030704e+04 5.747640569627784134e+04 5.586407278866246634e+04 5.428179344155907165e+04 5.272968616431251576e+04 5.120783378864995757e+04 4.971628498173203843e+04 4.825505574456882459e+04 4.682413089409602981e+04 4.542346552732219425e+04 4.405298646606579132e+04 4.271259368090958014e+04 4.140216169312215789e+04 4.012154095338646584e+04 3.887055919630157587e+04 3.764902276970569073e+04 3.645671793798697036e+04 3.529341215863855177e+04 3.415885533140642656e+04 3.305278101947424875e+04 3.197490764221535937e+04 3.092493963912239633e+04 2.990256860461088218e+04 2.890747439346162355e+04 2.793932619674557645e+04 2.699778358813570230e+04 2.608249754058112376e+04 2.519311141337593290e+04 2.432926190970807511e+04 2.349058000483319847e+04 2.267669184505983139e+04 2.188721961778474360e+04 2.112178239285094969e+04 2.037999693554708574e+04 1.966147849159526959e+04 1.896584154451065842e+04 1.829270054574281676e+04 1.764167061803407341e+04 1.701236823245551932e+04 1.640441185959831637e+04 1.581742259541780732e+04 1.525102476224245765e+04 1.470484648547125471e+04 1.417852024649590203e+04 1.367168341238924586e+04 1.318397874291055086e+04 1.271505487538155103e+04 1.226456678798705070e+04 1.183217624205853463e+04 1.141755220389481474e+04 1.102037124667233002e+04 1.064031793299339733e+04 1.027708517861444670e+04 9.930374597888592689e+03 9.599896831450283571e+03 9.285371856657950048e+03 8.986529281300516232e+03 8.703108621061934173e+03 8.434859561224182471e+03 8.181542203074791360e+03 7.942927295471223260e+03 7.718796451997016447e+03 7.508942354128374063e+03 7.313168940812563051e+03 7.131291584840579162e+03 6.963137256378166057e+03 6.808544673998860162e+03 6.667364443543293419e+03 6.539459185106979930e+03 6.424703648439144672e+03 6.322984817011297309e+03 6.234202000994136142e+03 6.158266919356538892e+03 6.095103771279445937e+03 6.044649297052605107e+03 6.006852828599154236e+03 5.981676329749634533e+03 5.969094426362229569e+03 5.969094426362229569e+03
1.845868919991351431e+05 1.845868919991351431e+05 1.844924931015900802e+05 1.843038980441637977e+05 1.840215112903022964e+05 1.836459370099678345e+05 1.831779760623310576e+05 1.826186219953387626e+05 1.819690560835586220e+05 1.812306414332719869e+05 1.804049161924215150e+05 1.794935859125547577e+05 1.784985151200754626e+05 1.774217181645829405e+05 1.762653494222452573e+05 1.750316929416620405e+05 1.737231516279080242e+05 1.723422360670026683e+05 1.708915530975345464e+05 1.693737942382835317e+05 1.677917240803648019e+05 1.661481687495566730e+05 1.644460045393135224e+05 1.626881468076143065e+05 1.608775392217531626e+05 1.590171434246844146e+05 1.571099291851212620e+05 1.551588650817208108e+05 1.531669097596676438e+05 1.511370037863636680e+05 1.490720621218838205e+05 1.469749672097806470e+05 1.448485626848232641e+05 1.426956476864608121e+05 1.405189717603134923e+05 1.383212303247777163e+05 1.361050606758360227e+05 1.338730385003015690e+05 1.316276748659393343e+05 1.293714136559630133e+05 1.271066294152897608e+05 1.248356255763875961e+05 1.225606330335667008e+05 1.202838090359013586e+05 1.180072363705867901e+05 1.157329228103662317e+05 1.134628008005016745e+05 1.111987273627025133e+05 1.089424841952936549e+05 1.066957779507087980e+05 1.044602406731186929e+05 1.022374303805860691e+05 1.000288317776164913e+05 9.783585708529849944e+04 9.565984697744611185e+04 9.350207161220039416e+04 9.136373174954447313e+04 8.924595994598315156e+04 8.714982181841584679e+04 8.507631736986558826e+04 8.302638237029511947e+04 8.100088978625340678e+04 7.900065125352419273e+04 7.702641858734782727e+04 7.507888532512047095e+04 7.315868829679999908e+04 7.126640921851349412e+04 6.940257630512290052e+04 6.756766589774197200e+04 6.576210410240876081e+04 6.398626843633777753e+04 6.224048947835478612e+04 6.052505252031619602e+04 5.884019921649360185e+04 5.718612922807397990e+04 5.556300186009760364e+04 5.397093768832559726e+04 5.241002017368490488e+04 5.088029726209599903e+04 4.938178296764786501e+04 4.791445893723072368e+04 4.647827599488449778e+04 4.507315566426384612e+04 4.369899166775849881e+04 4.235565140094611706e+04 4.104297738117403060e+04 3.976078866920633300e+04 3.850888226297941583e+04 3.728703446263583464e+04 3.609500220610760152e+04 3.493252437463419483e+04 3.379932306769539719e+04 3.269510484693712715e+04 3.161956194876030349e+04 3.057237346532412994e+04 2.955320649380098257e+04 2.856171725379432246e+04 2.759755217289562643e+04 2.666034894043753229e+04 2.574973752954382144e+04 2.486534118764812956e+04 2.400677739570163249e+04 2.317365879633403165e+04 2.236559409128825428e+04 2.158218890847584044e+04 2.082304663905204870e+04 2.008776924493037222e+04 1.937595803719493779e+04 1.868721442589459184e+04 1.802114064172242797e+04 1.737734043011063113e+04 1.675541971828603346e+04 1.615498725584800013e+04 1.557565522944142322e+04 1.501703985211185318e+04 1.447876192793344853e+04 1.396044739251028659e+04 1.346172782995372108e+04 1.298224096693928914e+04 1.252163114445122301e+04 1.207954976781389996e+04 1.165565573561407473e+04 1.124961584810759450e+04 1.086110519569860480e+04 1.048980752807456702e+04 1.013541560456701700e+04 9.797631526301107442e+03 9.476167050682786794e+03 9.170743888762803181e+03 8.881093985998650169e+03 8.606959786925326625e+03 8.348094484227274734e+03 8.104262252687293767e+03 7.875238468472311979e+03 7.660809914195999227e+03 7.460774970180582386e+03 7.274943792319074419e+03 7.103138476919625646e+03 6.945193212893011150e+03 6.800954421621926485e+03 6.670280884828977833e+03 6.553043860738156582e+03 6.449127188800847762e+03 6.358427383234273293e+03 6.280853715597368137e+03 6.216328286602965818e+03 6.164786087343828513e+03 6.126175050081254085e+03 6.100456088724941765e+03 6.087603129103667015e+03 6.087603129103667015e+03
1.890686701385836350e+05 1.890686701385836350e+05 1.889724698778229358e+05 1.887802718809300277e+05 1.884924802076190535e+05 1.881096984788856935e+05 1.876327269297374296e+05 1.870625585052960669e+05 1.864003740236741141e+05 1.856475364364387933e+05 1.848055842254427553e+05 1.838762239834122302e+05 1.828613222345881804e+05 1.817628965606958664e+05 1.805831061061315704e+05 1.793242415442208876e+05 1.779887145932300482e+05 1.765790471762095403e+05 1.750978603224469407e+05 1.735478629100004619e+05 1.719318403485152230e+05 1.702526432991284819e+05 1.685131765239622327e+05 1.667163879516037705e+05 1.648652580373512465e+05 1.629627894882077817e+05 1.610119974129354814e+05 1.590158999472866126e+05 1.569775093942356471e+05 1.548998239088635310e+05 1.527858197478078364e+05 1.506384440941581852e+05 1.484606084604478965e+05 1.462551826651541924e+05 1.440249893718663079e+05 1.417727991751385562e+05 1.395013262128746137e+05 1.372132242819022795e+05 1.349110834311537328e+05 1.325974270053548971e+05 1.302747091113715433e+05 1.279453124791820883e+05 1.256115466897286533e+05 1.232756467426160962e+05 1.209397719375915622e+05 1.186060050449428672e+05 1.162763517412984947e+05 1.139527402887067874e+05 1.116370214363390987e+05 1.093309685255942459e+05 1.070362777807657985e+05 1.047545687687985774e+05 1.024873850128866907e+05 1.002361947458815994e+05 9.800239179052677355e+04 9.578729655456342152e+04 9.359215712964374688e+04 9.141815048381719680e+04 8.926638373811029305e+04 8.713789551838660554e+04 8.503365737429629371e+04 8.295457525766761682e+04 8.090149105320571107e+04 7.887518415482368437e+04 7.687637308133961051e+04 7.490571712567326904e+04 7.296381803202797892e+04 7.105122169587828103e+04 6.916841988189422409e+04 6.731585195523449511e+04 6.549390662190983130e+04 6.370292367419406946e+04 6.194319573730124830e+04 6.021497001380840811e+04 5.851845002251612459e+04 5.685379732868113933e+04 5.522113326276059524e+04 5.362054062502554007e+04 5.205206537359395588e+04 5.051571829363203869e+04 4.901147664566278399e+04 4.753928579109223938e+04 4.609906079324359598e+04 4.469068799235478946e+04 4.331402655314771255e+04 4.196890998373600451e+04 4.065514762477680051e+04 3.937252610791705229e+04 3.812081078270766739e+04 3.689974711128620402e+04 3.570906203024803835e+04 3.454846527923324174e+04 3.341765069586005848e+04 3.231629747673909878e+04 3.124407140438325587e+04 3.020062603992615550e+04 2.918560388163206153e+04 2.819863748925729305e+04 2.723935057439400043e+04 2.630735905698455099e+04 2.540227208825938942e+04 2.452369304039929557e+04 2.367122046327479620e+04 2.284444900865744421e+04 2.204297032234210201e+04 2.126637390464555574e+04 2.051424793979430615e+04 1.978618009472632548e+04 1.908175828786943021e+04 1.840057142847488285e+04 1.774221012710361538e+04 1.710626737788141327e+04 1.649233921314976033e+04 1.590002533115134247e+04 1.532892969739574437e+04 1.477866112035935475e+04 1.424883380217338345e+04 1.373906786496003042e+04 1.324898985347190683e+04 1.277823321469146140e+04 1.232643875504112839e+04 1.189325507584962543e+04 1.147833898771434360e+04 1.108135590438884537e+04 1.070198021681688078e+04 1.033989564792167221e+04 9.994795588748393129e+03 9.666383416542534178e+03 9.354372795334169496e+03 9.058487959580366805e+03 8.778463981404591323e+03 8.514047021951173519e+03 8.264994567357354754e+03 8.031075649824369066e+03 7.812071054251593523e+03 7.607773510874462772e+03 7.417987874327918689e+03 7.242531289535197175e+03 7.081233344797919926e+03 6.933936212442853503e+03 6.800494777355189399e+03 6.680776753706392810e+03 6.574662790159053657e+03 6.482046563807443817e+03 6.402834863087089616e+03 6.336947659862018554e+03 6.284318170872512383e+03 6.244892908700212502e+03 6.218631722382273438e+03 6.205507827779895706e+03 6.205507827779895706e+03
1.937107566093564092e+05 1.937107566093564092e+05 1.936125419170573005e+05 1.934163158525560866e+05 1.931224840833514172e+05 1.927316526847623463e+05 1.922446252452634799e+05 1.916623990348211664e+05 1.909861602610047557e+05 1.902172784447863232e+05 1.893572999554821290e+05 1.884079407521215326e+05 1.873710783865194244e+05 1.862487433311537607e+05 1.850431097024242918e+05 1.837564854566505528e+05 1.823913021419561410e+05 1.809501042937265884e+05 1.794355385644141061e+05 1.778503426798982255e+05 1.761973343143391830e+05 1.744793999734719691e+05 1.726994839726515638e+05 1.708605775908048963e+05 1.689657084750059585e+05 1.670179303628591297e+05 1.650203131816327223e+05 1.629759335742311960e+05 1.608878658931578684e+05 1.587591736946124292e+05 1.565929017562459339e+05 1.543920686338672531e+05 1.521596597648611350e+05 1.498986211192877672e+05 1.476118533936444146e+05 1.453022067371610028e+05 1.429724759962345706e+05 1.406253964592099364e+05 1.382636400810143095e+05 1.358898121652795526e+05 1.335064484802361403e+05 1.311160127839644265e+05 1.287208947342766187e+05 1.263234081586566026e+05 1.239257896600927343e+05 1.215301975353032758e+05 1.191387109827394888e+05 1.167533295786789531e+05 1.143759730008255865e+05 1.120084809798931674e+05 1.096526134607726271e+05 1.073100509559860802e+05 1.049823950751834200e+05 1.026711692154633347e+05 1.003778193982837256e+05 9.810371523963376239e+04 9.585015104100450117e+04 9.361834698950077291e+04 9.140945045618561562e+04 8.922453738243608677e+04 8.706461374475256889e+04 8.493061708905093838e+04 8.282341812603577273e+04 8.074382237977089244e+04 7.869257188206218416e+04 7.667034690571291139e+04 7.467776773016205698e+04 7.271539643341027841e+04 7.078373870453414565e+04 6.888324567145532637e+04 6.701431573897473572e+04 6.517729643242512248e+04 6.337248624260883662e+04 6.160013646799517301e+04 5.986045305043496774e+04 5.815359840094618266e+04 5.647969321237233089e+04 5.483881825598481373e+04 5.323101615934278379e+04 5.165629316295062017e+04 5.011462085348633263e+04 4.860593787158110354e+04 4.713015159233554732e+04 4.568713977694776258e+04 4.427675219401385402e+04 4.289881220923746878e+04 4.155311834243887279e+04 4.023944579092237109e+04 3.895754791839289101e+04 3.770715770875875023e+04 3.648798918428389152e+04 3.529973878766676353e+04 3.414208672774601291e+04 3.301469828862619761e+04 3.191722510212213092e+04 3.084930638350500158e+04 2.981057013061887483e+04 2.880063428651395952e+04 2.781910786580546119e+04 2.686559204504512309e+04 2.593968121743542724e+04 2.504096401228165996e+04 2.416902427961971262e+04 2.332344204050051121e+04 2.250379440345390321e+04 2.170965644768665879e+04 2.094060207360020650e+04 2.019620482124257978e+04 1.947603865732717532e+04 1.877967873147706632e+04 1.810670210236528510e+04 1.745668843443449441e+04 1.682922066589612950e+04 1.622388564871094059e+04 1.564027476125953399e+04 1.507798449441949197e+04 1.453661701176097631e+04 1.401578068457440531e+04 1.351509060244204738e+04 1.303416906005867895e+04 1.257264602100227967e+04 1.213015955914569167e+04 1.170635627839272274e+04 1.130089171141156112e+04 1.091343069802430000e+04 1.054364774390058665e+04 1.019122736018860815e+04 9.855864384699598304e+03 9.537264285247736552e+03 9.235143445728775987e+03 8.949229435502777051e+03 8.679261262627087490e+03 8.424989611467082796e+03 8.186177065188418965e+03 7.962598313617772874e+03 7.754040346933175897e+03 7.560302635624242612e+03 7.381197297140166484e+03 7.216549249617748501e+03 7.066196353059787725e+03 6.929989538307583643e+03 6.807792924128586492e+03 6.699483922712248386e+03 6.604953333844051485e+03 6.524105427999694257e+03 6.456858018576381255e+03 6.403142523450731460e+03 6.362904016027188845e+03 6.336101265912237068e+03 6.322706769325025562e+03 6.322706769325025562e+03
1.985146196534163028e+05 1.985146196534163028e+05 1.984141778216266539e+05 1.982134992603038554e+05 1.979129932121234597e+05 1.975132711426692840e+05 1.970151438797624432e+05 1.964196178285663773e+05 1.957278902881681279e+05 1.949413439022559905e+05 1.940615402837301372e+05 1.930902128603254096e+05 1.920292589956182637e+05 1.908807314467598335e+05 1.896468292269160447e+05 1.883298879462694458e+05 1.869323697104653693e+05 1.854568526593285496e+05 1.839060202312280308e+05 1.822826502398172743e+05 1.805896038495478570e+05 1.788298145347354584e+05 1.770062771038151986e+05 1.751220368660230015e+05 1.731801790122337115e+05 1.711838182751519780e+05 1.691360889269019826e+05 1.670401351643280941e+05 1.648991019244119234e+05 1.627161261641917517e+05 1.604943286317822931e+05 1.582368061475838476e+05 1.559466244078008458e+05 1.536268113159179629e+05 1.512803508420945727e+05 1.489101774053062254e+05 1.465191707687794988e+05 1.441101514356257394e+05 1.416858765286030248e+05 1.392490361356582725e+05 1.368022501011436980e+05 1.343480652413831558e+05 1.318889529625209689e+05 1.294273072581686429e+05 1.269654430643565574e+05 1.245055949494658998e+05 1.220499161172681488e+05 1.196004777017620945e+05 1.171592683332194865e+05 1.147281939556181896e+05 1.123090778765040886e+05 1.099036610311875556e+05 1.075136024440627516e+05 1.051404798707222653e+05 1.027857906054046034e+05 1.004509524391486630e+05 9.813730475485279749e+04 9.584610974620528577e+04 9.357855374820700672e+04 9.133574866771507368e+04 8.911873350312672846e+04 8.692847594294650480e+04 8.476587403362069745e+04 8.263175790758246148e+04 8.052689156302796619e+04 7.845197468745496008e+04 7.640764451751630986e+04 7.439447772821104445e+04 7.241299234490300296e+04 7.046364967208533199e+04 6.854685623324349581e+04 6.666296571655262960e+04 6.481228092154660408e+04 6.299505570224326948e+04 6.121149690257233306e+04 5.946176628028069536e+04 5.774598241580697504e+04 5.606422260292201827e+04 5.441652471821567451e+04 5.280288906679010688e+04 5.122328020176979044e+04 4.967762871549534611e+04 4.816583300049087120e+04 4.668776097851663508e+04 4.524325179623071017e+04 4.383211748617166450e+04 4.245414459195743984e+04 4.110909575676955865e+04 3.979671127434982918e+04 3.851671060188797856e+04 3.726879383431175665e+04 3.605264313962937740e+04 3.486792415508572594e+04 3.371428734400756366e+04 3.259136931331671440e+04 3.149879409177924390e+04 3.043617436915007420e+04 2.940311269644687491e+04 2.839920264765967659e+04 2.742402994327083798e+04 2.647717353601206923e+04 2.555820665934608405e+04 2.466669783920073678e+04 2.380221186952971766e+04 2.296431075231020077e+04 2.215255460262120323e+04 2.136650251947073048e+04 2.060571342307268060e+04 1.986974685928436520e+04 1.915816377194287998e+04 1.847052724384449539e+04 1.780640320712794710e+04 1.716536112382592910e+04 1.654697463735843485e+04 1.595082219574110241e+04 1.537648764728563401e+04 1.482356080956498954e+04 1.429163801241299734e+04 1.378032261572626885e+04 1.328922550282318298e+04 1.281796555011105556e+04 1.236617007379969255e+04 1.193347525438981029e+04 1.151952653964867932e+04 1.112397902677591992e+04 1.074649782444283665e+04 1.038675839537350112e+04 1.004444688012091865e+04 9.719260402668593088e+03 9.410907358473476052e+03 9.119107685542336185e+03 8.843593119115592344e+03 8.584107430509337064e+03 8.340406650644950787e+03 8.112259278772662583e+03 7.899446476872361927e+03 7.701762250190211489e+03 7.519013614345654787e+03 7.351020749418915329e+03 7.197617141402654852e+03 7.058649711376750020e+03 6.933978932737648393e+03 6.823478936789374529e+03 6.727037606973754919e+03 6.644556661992474801e+03 6.575951728045742129e+03 6.521152400383225540e+03 6.480102294337962121e+03 6.452759085983518162e+03 6.439094542527773228e+03 6.439094542527773228e+03
2.034818887163862819e+05 2.034818887163862819e+05 2.033790064033979143e+05 2.031734496329462272e+05 2.028656331587573513e+05 2.024561767245678348e+05 2.019459022180571919e+05 2.013358299065004685e+05 2.006271737804854347e+05 1.998213360388555157e+05 1.989199007549831294e+05 1.979246267712948029e+05 1.968374398757438757e+05 1.956604243202967045e+05 1.943958137474669784e+05 1.930459815961987770e+05 1.916134310628483072e+05 1.901007846964646305e+05 1.885107737098755606e+05 1.868462270892019733e+05 1.851100605842253135e+05 1.833052656606125820e+05 1.814348984922732925e+05 1.795020690683609573e+05 1.775099304845627921e+05 1.754616684826617711e+05 1.733604912959892536e+05 1.712096198515863216e+05 1.690122783727322530e+05 1.667716854183485266e+05 1.644910453885706665e+05 1.621735405189153680e+05 1.598223233788855141e+05 1.574405098847366462e+05 1.550311728305410943e+05 1.525973359366795339e+05 1.501419684104774205e+05 1.476679800099061686e+05 1.451782165980559075e+05 1.426754561734533054e+05 1.401624053591758129e+05 1.376416963320978684e+05 1.351158841724119266e+05 1.325874446127510455e+05 1.300587721657518123e+05 1.275321786087367364e+05 1.250098918041923316e+05 1.224940548349861638e+05 1.199867254336309561e+05 1.174898756854334206e+05 1.150053919859590242e+05 1.125350752339108003e+05 1.100806412412571808e+05 1.076437213431646524e+05 1.052258631910880213e+05 1.028285317131153861e+05 1.004531102264557994e+05 9.810090168769827869e+04 9.577313006723982107e+04 9.347094183497977792e+04 9.119540754512343847e+04 8.894752350859098078e+04 8.672821354222045920e+04 8.453833078458125237e+04 8.237865956884673506e+04 8.024991734375979286e+04 7.815275663431452995e+04 7.608776703431952046e+04 7.405547722353783320e+04 7.205635700262061437e+04 7.009081933952604595e+04 6.815922242158016888e+04 6.626187170780148881e+04 6.439902197650506423e+04 6.257087936364752386e+04 6.077760338771480747e+04 5.901930895736606180e+04 5.729606835836324171e+04 5.560791321666253498e+04 5.395483643484814093e+04 5.233679409939477046e+04 5.075370735650222923e+04 4.920546425453369011e+04 4.769192155131053005e+04 4.621290648476663773e+04 4.476821850565983914e+04 4.335763097126167122e+04 4.198089279911116319e+04 4.063773008011173806e+04 3.932784765039731428e+04 3.805093062154852669e+04 3.680664586888131453e+04 3.559464347764745617e+04 3.441455814711268613e+04 3.326601055257786356e+04 3.214860866550756327e+04 3.106194903202135902e+04 3.000561801008241309e+04 2.897919296578467402e+04 2.798224342921625066e+04 2.701433221042475270e+04 2.607501647606764163e+04 2.516384878737558392e+04 2.428037810009743043e+04 2.342415072713022164e+04 2.259471126456795537e+04 2.179160348193238315e+04 2.101437117736237633e+04 2.026255899856771066e+04 1.953571323035920068e+04 1.883338254957948084e+04 1.815511874827147039e+04 1.750047742591940914e+04 1.686901865160630405e+04 1.626030759692795982e+04 1.567391514050247679e+04 1.510941844490896801e+04 1.456640150688603899e+04 1.404445568160816219e+04 1.354318018185119763e+04 1.306218255284521183e+04 1.260107912360322553e+04 1.215949543549554073e+04 1.173706664882897348e+04 1.133343792816938185e+04 1.094826480713260025e+04 1.058121353334737614e+04 1.023196139427506751e+04 9.900197024551280265e+03 9.585620695494242682e+03 9.287944587399684679e+03 9.006893045223627269e+03 8.742202818227850003e+03 8.493623284141156546e+03 8.260916658364327304e+03 8.043858188721357692e+03 7.842236336235585441e+03 7.655852942381823595e+03 7.484523383240052681e+03 7.328076710950920642e+03 7.186355782842750159e+03 7.059217378576646297e+03 6.946532305625575646e+03 6.848185493376569866e+03 6.764076076116949480e+03 6.694117465136627288e+03 6.638237410150512005e+03 6.596378050215948861e+03 6.568495954291242015e+03 6.554562151551649549e+03 6.554562151551649549e+03
2.086143528916611103e+05 2.086143528916611103e+05 2.085088151482999092e+05 2.082979512324173411e+05 2.079821833263107692e+05 2.075621423116622900e+05 2.070386649181537505e+05 2.064127899529105634e+05 2.056857536376474600e+05 2.048589840872045897e+05 2.039340949698298646e+05 2.029128783961875597e+05 2.017972970903842070e+05 2.005894759023210790e+05 1.992916927261247765e+05 1.979063688942502195e+05 1.964360591208862897e+05 1.948834410713987600e+05 1.932513046366625058e+05 1.915425409921219107e+05 1.897601315213031485e+05 1.879071366822351119e+05 1.859866848929016560e+05 1.840019615084703255e+05 1.819561979587595270e+05 1.798526611093718384e+05 1.776946429041811207e+05 1.754854503407706798e+05 1.732283958238702326e+05 1.709267879352766613e+05 1.685839226521027740e+05 1.662030750386973086e+05 1.637874914313772751e+05 1.613403821291947097e+05 1.588649145985077193e+05 1.563642071941367758e+05 1.538413233953803137e+05 1.512992665512277745e+05 1.487409751256609161e+05 1.461693184309886710e+05 1.435870928347556910e+05 1.409970184237413923e+05 1.384017361070225597e+05 1.358038051388761960e+05 1.332057010414460965e+05 1.306098139065542346e+05 1.280184470557191235e+05 1.254338160373941646e+05 1.228580479405248188e+05 1.202931810038023978e+05 1.177411645003737503e+05 1.152038588782523439e+05 1.126830361372607149e+05 1.101803804239613964e+05 1.076974888266883936e+05 1.052358723535566533e+05 1.027969570769884740e+05 1.003820854291069991e+05 9.799251763304504857e+04 9.562943325600752723e+04 9.329393287063055323e+04 9.098703981194419612e+04 8.870970201794845343e+04 8.646279394251294434e+04 8.424711853001055715e+04 8.206340924174788233e+04 7.991233212490983715e+04 7.779448791534830525e+04 7.571041416616021888e+04 7.366058739456905460e+04 7.164542524018052791e+04 6.966528862822079100e+04 6.772048393186696921e+04 6.581126512826696853e+04 6.393783594331417407e+04 6.210035198066791054e+04 6.029892283094465529e+04 5.853361415737815696e+04 5.680444975463963056e+04 5.511141357784190768e+04 5.345445173909440928e+04 5.183347446927436977e+04 5.024835804298169387e+04 4.869894666490195232e+04 4.718505431606872298e+04 4.570646655873688724e+04 4.426294229881370848e+04 4.285421550498103170e+04 4.147999688383922330e+04 4.013997551056943485e+04 3.883382041477638995e+04 3.756118212131215842e+04 3.632169414601842436e+04 3.511497444644585630e+04 3.394062682771862455e+04 3.279824230381214147e+04 3.168740041460333305e+04 3.060767049913403025e+04 2.955861292560046422e+04 2.853978027864549222e+04 2.755071850459000780e+04 2.659096801529010190e+04 2.566006475134902212e+04 2.475754120545560727e+04 2.388292740664600569e+04 2.303575186632500845e+04 2.221554248689457017e+04 2.142182743386341099e+04 2.065413597232662869e+04 1.991199926870912896e+04 1.919495115868370704e+04 1.850252888217033615e+04 1.783427378633288026e+04 1.718973199748412299e+04 1.656845506280676636e+04 1.597000056279657838e+04 1.539393269532192789e+04 1.483982283218882731e+04 1.430725004908469600e+04 1.379580162976797328e+04 1.330507354534949809e+04 1.283467090950345300e+04 1.238420841042161010e+04 1.195331072031411713e+04 1.154161288323464578e+04 1.114876068199427027e+04 1.077441098490234072e+04 1.041823207305310461e+04 1.007990394885654132e+04 9.759118626485631466e+03 9.455580404890168211e+03 9.169006124002957222e+03 8.899125404739404985e+03 8.645680873364210129e+03 8.408428370777302916e+03 8.187137147239111073e+03 7.981590043032944777e+03 7.791583655533162528e+03 7.616928493119961786e+03 7.457449116354760918e+03 7.312984266800875048e+03 7.183386983846437943e+03 7.068524709856787013e+03 6.968279383956098172e+03 6.882547524706596960e+03 6.811240301925802669e+03 6.754283597852870116e+03 6.711618057843533279e+03 6.683199130745048024e+03 6.668997099071742014e+03 6.668997099071742014e+03
2.139139604199878231e+05 2.139139604199878231e+05 2.138055497295138775e+05 2.135889445944423787e+05 2.132645765383330290e+05 2.128330904329140321e+05 2.122953416210427240e+05 2.116523921127286158e+05 2.109055058816942910e+05 2.100561432966858847e+05 2.091059547283284774e+05 2.080567733787709440e+05 2.069106073874206922e+05 2.056696312717948458e+05 2.043361767676572199e+05 2.029127231371013331e+05 2.014018870170407172e+05 1.998064118834063120e+05 1.981291572083409410e+05 1.963730873886130576e+05 1.945412605233855429e+05 1.926368171184042294e+05 1.906629687915383547e+05 1.886229870516258816e+05 1.865201922186751617e+05 1.843579425489135319e+05 1.821396236229600909e+05 1.798686380497495120e+05 1.775483955328412121e+05 1.751823033395571401e+05 1.727737572071867762e+05 1.703261327142902301e+05 1.678427771391676215e+05 1.653270018217836041e+05 1.627820750400733668e+05 1.602112154065316427e+05 1.576175857863929414e+05 1.550042877346173918e+05 1.523743564452223363e+05 1.497307562033071299e+05 1.470763763273957593e+05 1.444140275873928913e+05 1.417464390815626248e+05 1.390762555543962517e+05 1.364060351360856148e+05 1.337382474834004533e+05 1.310752723012208298e+05 1.284193982235850999e+05 1.257728220330046315e+05 1.231376481968176959e+05 1.205158886995740177e+05 1.179094631507674058e+05 1.153201991476629046e+05 1.127498328735256800e+05 1.102000099121312232e+05 1.076722862601286033e+05 1.051681295195043931e+05 1.026889202531541669e+05 1.002359534873169905e+05 9.781044034541066503e+04 9.541350979857341736e+04 9.304621051900195016e+04 9.070951282296629506e+04 8.840431069111713441e+04 8.613142385447533161e+04 8.389159993522957666e+04 8.168551663216823363e+04 7.951378394128268701e+04 7.737694640274434641e+04 7.527548536610693554e+04 7.320982126621330099e+04 7.118031590287882136e+04 6.918727471799029445e+04 6.723094906422359054e+04 6.531153846007009270e+04 6.342919282638331060e+04 6.158401470010221965e+04 5.977606142125439510e+04 5.800534728975416510e+04 5.627184568889958609e+04 5.457549117283063970e+04 5.291618151556627708e+04 5.129377971952878579e+04 4.970811598179688008e+04 4.815898961655898893e+04 4.664617093253697385e+04 4.516940306434917147e+04 4.372840375702346500e+04 4.232286710305304587e+04 4.095246523158394120e+04 3.961684994948058011e+04 3.831565433417195891e+04 3.704849427832104993e+04 3.581496998648428416e+04 3.461466742403781245e+04 3.344715971875818650e+04 3.231200851552718086e+04 3.120876528471756683e+04 3.013697258488853549e+04 2.909616528048050168e+04 2.808587171526188831e+04 2.710561484231641225e+04 2.615491331142000854e+04 2.523328251467335940e+04 2.434023559129903515e+04 2.347528439253348188e+04 2.263794040755854439e+04 2.182771565144570559e+04 2.104412351608141034e+04 2.028667958506410650e+04 1.955490241356039041e+04 1.884831427410815013e+04 1.816644186935976904e+04 1.750881701274738225e+04 1.687497727804847818e+04 1.626446661882291664e+04 1.567683595867994154e+04 1.511164375332120653e+04 1.456845652529324980e+04 1.404684937236603764e+04 1.354640645043896802e+04 1.306672143185533787e+04 1.260739793998875030e+04 1.216804996094338640e+04 1.174830223319140532e+04 1.134779061594418272e+04 1.096616243703529108e+04 1.060307682106752145e+04 1.025820499855190610e+04 9.931230596741679619e+03 9.621849912840032630e+03 9.329772170231584823e+03 9.054719758363824440e+03 8.796428456875350093e+03 8.554647644542228591e+03 8.329140493583985517e+03 8.119684149844302738e+03 7.926069899331132547e+03 7.748103321573893481e+03 7.585604430224439056e+03 7.438407801300314532e+03 7.306362689438461530e+03 7.189333132497778024e+03 7.087198044819341703e+03 6.999851299420861324e+03 6.927201799374474831e+03 6.869173538584253038e+03 6.825705652148344598e+03 6.796752456463052113e+03 6.782283479191632978e+03 6.782283479191632978e+03
2.193828192297505739e+05 2.193828192297505739e+05 2.192713145543995779e+05 2.190485270889092935e+05 2.187148996197519300e+05 2.182710938738730329e+05 2.177179875951973372e+05 2.170566706796112703e+05 2.162884403965140809e+05 2.154147957318193221e+05 2.144374308938770846e+05 2.133582280301178689e+05 2.121792492081672535e+05 2.109027277206895524e+05 2.095310587782071671e+05 2.080667896584217669e+05 2.065126093841550464e+05 2.048713380047546234e+05 2.031459155577074853e+05 2.013393907880736806e+05 1.994549097033618018e+05 1.974957040404818545e+05 1.954650797194888873e+05 1.933664053560930188e+05 1.912031009013352741e+05 1.889786264725766086e+05 1.866964714351412549e+05 1.843601437886032218e+05 1.819731599061043817e+05 1.795390346691919549e+05 1.770612720347060822e+05 1.745433560642860248e+05 1.719887424411865941e+05 1.694008504934633966e+05 1.667830557371652103e+05 1.641386829481294262e+05 1.614709997662642563e+05 1.587832108319113322e+05 1.560784524500240223e+05 1.533597877744397847e+05 1.506302025015049730e+05 1.478926010597239947e+05 1.451498032798781060e+05 1.424045415282417962e+05 1.396594582840471994e+05 1.369171041411782790e+05 1.341799362132390670e+05 1.314503169205233280e+05 1.287305131370660092e+05 1.260226956758211891e+05 1.233289390900256694e+05 1.206512217690299585e+05 1.179914263071951718e+05 1.153513401249034214e+05 1.127326563212973269e+05 1.101369747389609838e+05 1.075658032214688865e+05 1.050205590454473422e+05 1.025025705096079764e+05 1.000130786639661965e+05 9.755323916333205125e+04 9.512412422995988163e+04 9.272672471109883918e+04 9.036195221799788123e+04 8.803064133376089740e+04 8.573355187824236054e+04 8.347137121896348253e+04 8.124471661780907016e+04 7.905413760399410967e+04 7.690011836452528951e+04 7.478308014406145958e+04 7.270338364674866898e+04 7.066133143323427066e+04 6.865717030667544168e+04 6.669109368211806577e+04 6.476324393418427644e+04 6.287371471849633963e+04 6.102255326277068525e+04 5.920976262395190133e+04 5.743530390818978776e+04 5.569909845086065616e+04 5.400102995419952640e+04 5.234094658045601682e+04 5.071866299880747101e+04 4.913396238455816638e+04 4.758659836941954563e+04 4.607629694192924217e+04 4.460275829728161625e+04 4.316565863606661151e+04 4.176465191159785172e+04 4.039937152568787133e+04 3.906943197288502415e+04 3.777443043333487731e+04 3.651394831455081294e+04 3.528755274250073126e+04 3.409479800251477718e+04 3.293522693061478640e+04 3.180837225594581469e+04 3.071375789505912689e+04 2.965090019886335722e+04 2.861930915311177159e+04 2.761848953333534882e+04 2.664794201518111004e+04 2.570716424113684479e+04 2.479565184465713173e+04 2.391289943272311939e+04 2.305840152788840351e+04 2.223165347087006739e+04 2.143215228475802724e+04 2.065939750191382700e+04 1.991289195463529177e+04 1.919214253065785306e+04 1.849666089455916517e+04 1.782596417612734513e+04 1.717957562674040673e+04 1.655702524479415297e+04 1.595785037120094057e+04 1.538159625596763181e+04 1.482781659684067381e+04 1.429607405099085736e+04 1.378594072068907917e+04 1.329699861390254227e+04 1.282884008072128927e+04 1.238106822649935384e+04 1.195329730257211486e+04 1.154515307538780689e+04 1.115627317486380161e+04 1.078630742275539524e+04 1.043491814179480934e+04 1.010178044633346690e+04 9.786582515193118525e+03 9.489025847402002910e+03 9.208825501465387788e+03 8.945710318790392193e+03 8.699423131855492102e+03 8.469720957687050031e+03 8.256375177174115379e+03 8.059171700723761205e+03 7.877911120728121205e+03 7.712408851285415039e+03 7.562495255584254664e+03 7.428015761331701469e+03 7.308830964574070094e+03 7.204816722227240462e+03 7.115864233602948843e+03 7.041880111186123031e+03 6.982786440885879529e+03 6.938520831951905166e+03 6.909036456715663917e+03 6.894302080284527619e+03 6.894302080284527619e+03
2.250231985103946354e+05 2.250231985103946354e+05 2.249083743374641635e+05 2.246789544920465560e+05 2.243353949682225648e+05 2.238783772474407451e+05 2.233088053073518386e+05 2.226278016675809340e+05 2.218367025012965314e+05 2.209370518483376072e+05 2.199305949723091908e+05 2.188192709103634406e+05 2.176052042703223706e+05 2.162906963352058083e+05 2.148782155401096970e+05 2.133703873906038061e+05 2.117699838952387508e+05 2.100799125874741003e+05 2.083032052141142776e+05 2.064430061682749365e+05 2.045025607449103845e+05 2.024852032960403012e+05 2.003943453610374127e+05 1.982334638447903271e+05 1.960060893131513149e+05 1.937157944711032615e+05 1.913661828844631673e+05 1.889608780008738686e+05 1.865035125204101787e+05 1.839977181604383804e+05 1.814471158535506402e+05 1.788553064115367597e+05 1.762258616825546778e+05 1.735623162229964801e+05 1.708681595001090318e+05 1.681468286362537765e+05 1.654017017008557450e+05 1.626360915515973757e+05 1.598532402223328536e+05 1.570563138515033352e+05 1.542483981415316230e+05 1.514324943368209351e+05 1.486115157054678129e+05 1.457882845077033271e+05 1.429655294323451526e+05 1.401458834810941771e+05 1.373318822794602893e+05 1.345259627922547807e+05 1.317304624210698821e+05 1.289476184608405456e+05 1.261795678924916574e+05 1.234283474887401244e+05 1.206958942104124581e+05 1.179840458709737431e+05 1.152945420475026040e+05 1.126290252169513406e+05 1.099890420972073043e+05 1.073760451732392394e+05 1.047913943894138210e+05 1.022363589899223152e+05 9.971211949012549303e+04 9.721976976253213070e+04 9.476031922200047120e+04 9.233469509569072397e+04 8.994374476416640391e+04 8.758823816093298956e+04 8.526887021857268701e+04 8.298626335047636530e+04 8.074096995799175056e+04 7.853347495360526955e+04 7.636419829152736929e+04 7.423349749779065314e+04 7.214167019266297575e+04 7.008895659884082852e+04 6.807554202951407933e+04 6.610155935100442730e+04 6.416709141521056881e+04 6.227217345764934726e+04 6.041679545735767169e+04 5.860090445538685162e+04 5.682440682904946152e+04 5.508717051947621803e+04 5.338902721041934274e+04 5.172977445655847259e+04 5.010917775990940572e+04 4.852697259320048033e+04 4.698286636935905699e+04 4.547654035648684658e+04 4.400765153793240461e+04 4.257583441725285957e+04 4.118070276805636240e+04 3.982185132886608335e+04 3.849885744330287707e+04 3.721128264600338298e+04 3.595867419482571859e+04 3.474056654997485020e+04 3.355648280079153483e+04 3.240593604101560777e+04 3.128843069341151931e+04 3.020346378469861156e+04 2.915052617177980210e+04 2.812910372031267980e+04 2.713867843669033391e+04 2.617872955453945178e+04 2.524873457685974790e+04 2.434817027494525246e+04 2.347651364524738892e+04 2.263324282533685619e+04 2.181783797013482035e+04 2.102978208957636889e+04 2.026856184886914343e+04 1.953366833250439595e+04 1.882459777316471445e+04 1.814085224666395516e+04 1.748194033404066795e+04 1.684737775190881439e+04 1.623668795215363025e+04 1.564940269204023389e+04 1.508506257578310579e+04 1.454321756860156893e+04 1.402342748426354228e+04 1.352526244709607636e+04 1.304830332941819142e+04 1.259214216532179853e+04 1.215638254170339314e+04 1.174063996742166455e+04 1.134454222142691287e+04 1.096772968068263799e+04 1.060985562866798136e+04 1.027058654522357938e+04 9.949602378472269265e+03 9.646596799516277315e+03 9.361277440583427961e+03 9.093366117264304194e+03 8.842599035450370138e+03 8.608726983554139224e+03 8.391515510559434915e+03 8.190745090420819906e+03 8.006211273296895342e+03 7.837724824072955926e+03 7.685111848595491210e+03 7.548213908009316583e+03 7.426888121555616635e+03 7.321007258157378601e+03 7.230459817087333249e+03 7.155150097978534177e+03 7.094998260406920053e+03 7.049940373243992326e+03 7.019928453941479347e+03 7.004930497879901850e+03 7.004930497879901850e+03
2.308375313186296844e+05 2.308375313186296844e+05 2.307191566988875857e+05 2.304826435697642446e+05 2.301284631150235946e+05 2.296573195254696766e+05 2.290701469183525187e+05 2.283681052650812198e+05 2.275525753570873640e+05 2.266251528467421304e+05 2.255876414069702441e+05 2.244420450596251758e+05 2.231905597286431293e+05 2.218355640794628125e+05 2.203796097109888215e+05 2.188254107706426003e+05 2.171758330664043606e+05 2.154338827524425869e+05 2.136026946667014272e+05 2.116855203997612698e+05 2.096857161743265751e+05 2.076067306138534041e+05 2.054520924771839345e+05 2.032253984335487767e+05 2.009303009490777331e+05 1.985704963520870951e+05 1.961497131399321370e+05 1.936717005852745206e+05 1.911402176942985388e+05 1.885590225637789408e+05 1.859318621781625552e+05 1.832624626819603436e+05 1.805545201569063647e+05 1.778116919276265544e+05 1.750375884139926347e+05 1.722357655430089217e+05 1.694097177280682081e+05 1.665628714187180158e+05 1.636985792197232367e+05 1.608201145742977969e+05 1.579306670028024237e+05 1.550333378850652371e+05 1.521311367717255489e+05 1.492269782076474221e+05 1.463236790484280500e+05 1.434239562494247803e+05 1.405304251053885382e+05 1.376455979178140697e+05 1.347718830664095876e+05 1.319115844606331375e+05 1.290669013470356149e+05 1.262399284481490613e+05 1.234326564088393934e+05 1.206469725263937726e+05 1.178846617410972831e+05 1.151474078646510898e+05 1.124367950245065440e+05 1.097543093029655574e+05 1.071013405507413991e+05 1.044791843555960077e+05 1.018890441475976695e+05 9.933203342350493767e+04 9.680917807375494158e+04 9.432141879653853539e+04 9.186961358438199386e+04 8.945454026966349920e+04 8.707689911640003265e+04 8.473731544659714564e+04 8.243634229033059091e+04 8.017446304960323323e+04 7.795209416685847100e+04 7.576958778981793148e+04 7.362723442508804146e+04 7.152526557368460635e+04 6.946385634232983284e+04 6.744312802500097314e+04 6.546315064983788761e+04 6.352394548706649948e+04 6.162548751414312574e+04 5.976770783481219405e+04 5.795049604922977596e+04 5.617370257273706375e+04 5.443714090125898656e+04 5.274058982166010537e+04 5.108379556573420996e+04 4.946647390680017998e+04 4.788831219815448276e+04 4.634897135288910795e+04 4.484808776480615779e+04 4.338527517037189682e+04 4.196012645183594577e+04 4.057221538181127835e+04 3.922109830975521618e+04 3.790631579092706670e+04 3.662739415851715603e+04 3.538384703973543219e+04 3.417517681674662890e+04 3.300087603341315844e+04 3.186042874887374637e+04 3.075331183903826968e+04 2.967899624713297453e+04 2.863694818446614590e+04 2.762663028261383806e+04 2.664750269825050054e+04 2.569902417187245737e+04 2.478065304166503120e+04 2.389184821378074776e+04 2.303207009029376059e+04 2.220078145609619969e+04 2.139744832599732763e+04 2.062154075327583632e+04 1.987253360092961520e+04 1.914990727685003003e+04 1.845314843412831033e+04 1.778175063769447661e+04 1.713521499845650760e+04 1.651305077609611180e+04 1.591477595164713603e+04 1.533991777096582882e+04 1.478801326016902203e+04 1.425860971409696685e+04 1.375126515882611238e+04 1.326554878923079559e+04 1.280104138256499027e+04 1.235733568900502360e+04 1.193403680006489958e+04 1.153076249576687042e+04 1.114714357141638175e+04 1.078282414480558327e+04 1.043746194463091160e+04 1.011072858088622706e+04 9.802309797955516842e+03 9.511905711101466295e+03 9.239231027011683182e+03 8.984015249033671353e+03 8.746002867696024623e+03 8.524953537081593822e+03 8.320642237586171177e+03 8.132859425562377510e+03 7.961411170315580421e+03 7.806119278887104883e+03 7.666821409025884350e+03 7.543371170716063716e+03 7.435638216595763879e+03 7.343508321569063810e+03 7.266883451879037239e+03 7.205681823876293493e+03 7.159837952685442360e+03 7.129302690936277031e+03 7.114043257694915155e+03 7.114043257694915155e+03
2.368284182244449330e+05 2.368284182244449330e+05 2.367062557955264929e+05 2.364621756788182538e+05 2.360966662818835757e+05 2.356104575372351683e+05 2.350045177098253625e+05 2.342800491770111839e+05 2.334384832119899511e+05 2.324814738090499886e+05 2.314108905958928517e+05 2.302288108848683769e+05 2.289375109210204100e+05 2.275394563904266979e+05 2.260372922571836389e+05 2.244338320016149664e+05 2.227320463357791014e+05 2.209350514749732392e+05 2.190460970457740186e+05 2.170685537120956869e+05 2.150059006008266006e+05 2.128617126077904541e+05 2.106396476631854894e+05 2.083434340331632993e+05 2.059768577310822438e+05 2.035437501081260853e+05 2.010479756884945382e+05 1.984934203095294652e+05 1.958839796217451803e+05 1.932235479981388489e+05 1.905160078963380947e+05 1.877652197111776622e+05 1.849750121493751067e+05 1.821491731521025358e+05 1.792914413854765880e+05 1.764054983135258954e+05 1.734949608628815622e+05 1.705633746835453203e+05 1.676142080054686812e+05 1.646508460864703520e+05 1.616765862432241556e+05 1.586946334535891365e+05 1.557080965155871818e+05 1.527199847457206051e+05 1.497332051970449684e+05 1.467505603756713972e+05 1.437747464327609341e+05 1.408083518080432550e+05 1.378538562999265851e+05 1.349136305368110770e+05 1.319899358238473942e+05 1.290849243393530633e+05 1.262006396552344086e+05 1.233390175560865318e+05 1.205018871321377956e+05 1.176909721218236227e+05 1.149078924805167480e+05 1.121541661527782126e+05 1.094312110263931827e+05 1.067403470474479545e+05 1.040827984766839509e+05 1.014596962684500468e+05 9.887208055459937896e+04 9.632090321676943859e+04 9.380703053152703797e+04 9.133124587393928960e+04 8.889425246613092895e+04 8.649667615843062231e+04 8.413906823166261893e+04 8.182190821010035870e+04 7.954560667548990750e+04 7.731050807344271743e+04 7.511689350429095794e+04 7.296498349131571013e+04 7.085494071997320862e+04 6.878687274245027220e+04 6.676083464254166756e+04 6.477683165643778193e+04 6.283482174559278792e+04 6.093471811837009591e+04 5.907639169764703547e+04 5.725967353201981314e+04 5.548435714866239869e+04 5.375020084627434699e+04 5.205692992690575193e+04 5.040423886575912911e+04 4.879179341836561071e+04 4.721923266478658479e+04 4.568617099073038844e+04 4.419220000568965770e+04 4.273689039838662575e+04 4.131979372999185580e+04 3.994044416571851616e+04 3.859836014554435678e+04 3.729304599490833789e+04 3.602399347634654987e+04 3.479068328310692596e+04 3.359258647586363077e+04 3.242916586370998994e+04 3.129987733066259534e+04 3.020417110895453152e+04 2.914149300042086907e+04 2.811128554731734039e+04 2.711298915392383424e+04 2.614604316029957772e+04 2.520988686956539823e+04 2.430396053009063689e+04 2.342770627395332122e+04 2.258056901305015708e+04 2.176199729420645963e+04 2.097144411463464348e+04 2.020836769906836344e+04 1.947223223988414247e+04 1.876250860149905930e+04 1.807867499031236730e+04 1.742021759143489180e+04 1.678663117342329497e+04 1.617741966221068287e+04 1.559209668539751146e+04 1.503018608803496500e+04 1.449122242100902804e+04 1.397475140309736889e+04 1.348033035774231757e+04 1.300752862555490174e+04 1.255592795352854228e+04 1.212512286191079147e+04 1.171472098964932775e+04 1.132434341929567381e+04 1.095362498221603164e+04 1.060221454492738849e+04 1.026977527734040814e+04 9.955984903662239958e+03 9.660535936673390097e+03 9.383135896063045948e+03 9.123507511471372709e+03 8.881388910854613641e+03 8.656533794754503106e+03 8.448711597019175315e+03 8.257707632489447860e+03 8.083323232130076576e+03 7.925375866050987497e+03 7.783699254830308746e+03 7.658143469516206096e+03 7.548575020650318038e+03 7.454876936621476489e+03 7.376948831624763443e+03 7.314706963465688204e+03 7.268084281415549412e+03 7.237030464289580777e+03 7.221511948885527090e+03 7.221511948885527090e+03
2.429986320113407564e+05 2.429986320113407564e+05 2.428724369986626261e+05 2.426203013997726666e+05 2.422427329473209684e+05 2.417404904478942335e+05 2.411145804542822589e+05 2.403662528668876621e+05 2.394969954967347439e+05 2.385085276301296544e+05 2.374027926422675955e+05 2.361819497138660518e+05 2.348483647111972095e+05 2.334046002955592994e+05 2.318534053333217744e+05 2.301977036819572095e+05 2.284405824310427415e+05 2.265852796799248608e+05 2.246351719355958339e+05 2.225937612153206719e+05 2.204646619386398233e+05 2.182515876925757620e+05 2.159583379522501491e+05 2.135887848366688413e+05 2.111468599762196827e+05 2.086365415645856410e+05 2.060618416632275039e+05 2.034267938216499169e+05 2.007354410712109238e+05 1.979918243444735126e+05 1.951999713661684364e+05 1.923638860556655272e+05 1.894875384747708740e+05 1.865748553485068842e+05 1.836297111805920140e+05 1.806559199795460154e+05 1.776572276058064308e+05 1.746373047450421436e+05 1.715997405079615710e+05 1.685480366524104611e+05 1.654856024194890924e+05 1.624157499716993771e+05 1.593416904179116827e+05 1.562665304070629936e+05 1.531932692700923944e+05 1.501247966875792772e+05 1.470638908588887716e+05 1.440132171473547060e+05 1.409753271750567365e+05 1.379526583401133539e+05 1.349475337290621537e+05 1.319621623967713676e+05 1.289986399864883570e+05 1.260589496629487112e+05 1.231449633319724526e+05 1.202584431206594163e+05 1.174010430930778530e+05 1.145743111772384727e+05 1.117796912801431608e+05 1.090185255687475001e+05 1.062920568957664073e+05 1.036014313504196034e+05 1.009477009153343679e+05 9.833182621201820439e+04 9.575467931845872954e+04 9.321704664354640408e+04 9.071963184416931472e+04 8.826305877189854800e+04 8.584787443725591584e+04 8.347455198059127724e+04 8.114349363956529123e+04 7.885503370417753467e+04 7.660944145116832806e+04 7.440692405048207729e+04 7.224762943725197692e+04 7.013164914353015774e+04 6.805902108468390361e+04 6.602973229602779611e+04 6.404372161586767470e+04 6.210088231169643404e+04 6.020106464680024510e+04 5.834407838500732760e+04 5.652969523174432106e+04 5.475765120998444763e+04 5.302764897000278143e+04 5.133936003222066211e+04 4.969242696268362488e+04 4.808646548101896042e+04 4.652106650093204371e+04 4.499579810353901848e+04 4.351020744400333933e+04 4.206382259213234647e+04 4.065615430772350373e+04 3.928669775158933044e+04 3.795493413329694158e+04 3.666033229675945768e+04 3.540235024489484931e+04 3.418043660464151617e+04 3.299403203367047536e+04 3.184257057018938576e+04 3.072548092726457980e+04 2.964218773311467521e+04 2.859211271885445240e+04 2.757467585517778571e+04 2.658929643947186560e+04 2.563539413486633202e+04 2.471238996270442294e+04 2.381970724992421310e+04 2.295677253282232050e+04 2.212301641865846614e+04 2.131787440653934391e+04 2.054078766899890979e+04 1.979120379566877818e+04 1.906857750041401232e+04 1.837237129326544891e+04 1.770205611847334876e+04 1.705711195995762682e+04 1.643702841541258385e+04 1.584130524028446234e+04 1.526945286281216249e+04 1.472099287128533797e+04 1.419545847464396684e+04 1.369239493750360816e+04 1.321135999066431214e+04 1.275192421811933491e+04 1.231367142154873000e+04 1.189619896324595902e+04 1.149911808839465448e+04 1.112205422756972985e+04 1.076464728031103914e+04 1.042655188057478517e+04 1.010743764483775703e+04 9.806989403590712755e+03 9.524907416924823337e+03 9.260907574876475337e+03 9.014721583164811818e+03 8.786097134916484720e+03 8.574798068940350277e+03 8.380604515077948236e+03 8.203313027120671904e+03 8.042736703750446395e+03 7.898705297923354919e+03 7.771065315082639245e+03 7.659680100552168369e+03 7.564429916424437579e+03 7.485212008224578312e+03 7.421940661595926031e+03 7.374547249215753254e+03 7.342980268118596541e+03 7.327205367565453344e+03 7.327205367565453344e+03
2.493511234527549532e+05 2.493511234527549532e+05 2.492206426402403158e+05 2.489599462231600191e+05 2.485695634433438245e+05 2.480502852371331246e+05 2.474031607480923703e+05 2.466294927177154750e+05 2.457308317883679993e+05 2.447089697605604306e+05 2.435659318543455447e+05 2.423039680316341401e+05 2.409255434428667068e+05 2.394333280673075933e+05 2.378301856215966691e+05 2.361191618155726756e+05 2.343034720380600193e+05 2.323864885582188435e+05 2.303717273298517684e+05 2.282628344871641893e+05 2.260635726205264218e+05 2.237778069200152240e+05 2.214094912727967312e+05 2.189626543979272246e+05 2.164413860988476663e+05 2.138498237098318932e+05 2.111921388080591569e+05 2.084725242577467288e+05 2.056951816472316277e+05 2.028643091738481016e+05 1.999840900252791762e+05 1.970586812996754015e+05 1.940922035003718920e+05 1.910887306346624682e+05 1.880522809398100653e+05 1.849868082533040724e+05 1.818961940386251663e+05 1.787842400721346494e+05 1.756546617915866082e+05 1.725110823019334639e+05 1.693570270296904491e+05 1.661959190132399090e+05 1.630310748128629348e+05 1.598657010212799942e+05 1.567028913528352277e+05 1.535456242872514704e+05 1.503967612420963706e+05 1.472590452466782299e+05 1.441351000890929718e+05 1.410274299073750444e+05 1.379384191953812551e+05 1.348703331938760821e+05 1.318253186374632642e+05 1.288054048283528828e+05 1.258125050085308321e+05 1.228484180026123213e+05 1.199148301045512053e+05 1.170133171823436714e+05 1.141453469759698201e+05 1.113122815649452969e+05 1.085153799830967910e+05 1.057558009593893075e+05 1.030346057649164431e+05 1.003527611474309815e+05 9.771114233606061316e+04 9.511053610009972181e+04 9.255164384699806396e+04 9.003508474585470685e+04 8.756139886387885781e+04 8.513105030438990798e+04 8.274443033599901537e+04 8.040186050359810179e+04 7.810359571278399380e+04 7.584982728021094226e+04 7.364068594323776779e+04 7.147624482303063269e+04 6.935652233602064371e+04 6.728148504931460775e+04 6.525105047629309411e+04 6.326508980922188493e+04 6.132343058625426784e+04 5.942585929068810219e+04 5.757212388080877281e+04 5.576193624906217156e+04 5.399497460966497601e+04 5.227088581412024359e+04 5.058928759439429996e+04 4.894977073379258218e+04 4.735190116581525945e+04 4.579522200148761476e+04 4.427925548585600336e+04 4.280350488449712429e+04 4.136745630105482269e+04 3.997058042691567243e+04 3.861233422427322512e+04 3.729216254389998358e+04 3.600949967903529614e+04 3.476377085685558268e+04 3.355439366904513008e+04 3.238077944302721880e+04 3.124233455544417666e+04 3.013846168949590719e+04 2.906856103776138116e+04 2.803203145213095559e+04 2.702827154248189618e+04 2.605668072571884113e+04 2.511666022679541493e+04 2.420761403331518522e+04 2.332894980529259192e+04 2.248007974163386825e+04 2.166042140487519646e+04 2.086939850568228576e+04 2.010644164859492230e+04 1.937098904046418829e+04 1.866248716299834996e+04 1.798039141080341869e+04 1.732416669626655494e+04 1.669328802259739314e+04 1.608724102630525522e+04 1.550552249035598834e+04 1.494764082921249246e+04 1.441311654692961201e+04 1.390148266943320596e+04 1.341228515207762757e+04 1.294508326353984012e+04 1.249944994706643047e+04 1.207497216005820337e+04 1.167125119293375610e+04 1.128790296818100796e+04 1.092455832046343494e+04 1.058086325861615842e+04 1.025647921032419436e+04 9.951083250242512804e+03 9.664368312278147641e+03 9.396043386719284172e+03 9.145833702857844401e+03 8.913480897717980042e+03 8.698743171464018815e+03 8.501395430026364920e+03 8.321229415447276551e+03 8.158053824412486392e+03 8.011694415397701050e+03 7.881994104824274473e+03 7.768813052581089323e+03 7.672028737234762048e+03 7.591536021213434651e+03 7.527247206215312872e+03 7.479092079054304122e+03 7.447017948123207134e+03 7.430989670615813338e+03 7.430989670615813338e+03
2.558890281943620066e+05 2.558890281943620066e+05 2.557539988570540736e+05 2.554842173177795776e+05 2.550802366107387643e+05 2.545428832053013030e+05 2.538732533335655753e+05 2.530727081366224156e+05 2.521428676657730830e+05 2.510856037833359442e+05 2.499030320157275710e+05 2.485975024188952229e+05 2.471715895232126350e+05 2.456280814310741553e+05 2.439699681459698477e+05 2.422004292165524967e+05 2.403228207829488965e+05 2.383406621156493493e+05 2.362576217391613172e+05 2.340775032337822486e+05 2.318042308088669670e+05 2.294418347401580832e+05 2.269944367619643162e+05 2.244662355023236887e+05 2.218614920458641136e+05 2.191845157048360270e+05 2.164396500739725598e+05 2.136312594393584004e+05 2.107637156055787927e+05 2.078413851991716365e+05 2.048686174997697235e+05 2.018497328436569660e+05 1.987890116375981597e+05 1.956906840140527347e+05 1.925589201521952054e+05 1.893978212826566305e+05 1.862114113877049822e+05 1.830036296026436030e+05 1.797783233186851139e+05 1.765392419824142708e+05 1.732900315822726989e+05 1.700342298082676425e+05 1.667752618673348916e+05 1.635164369335248484e+05 1.602609452093428990e+05 1.570118555722471210e+05 1.537721137783499435e+05 1.505445411939297337e+05 1.473318340242193080e+05 1.441365630082156276e+05 1.409611735478741175e+05 1.378079862399442354e+05 1.346791977789099328e+05 1.315768821998914646e+05 1.285029924310513888e+05 1.254593621258224448e+05 1.224477077462853194e+05 1.194696308700991794e+05 1.165266206945985323e+05 1.136200567129377887e+05 1.107512115385183133e+05 1.079212538552638143e+05 1.051312514727378730e+05 1.023821744664594007e+05 9.967489838516237796e+04 9.701020750811861944e+04 9.438879813695828489e+04 9.181128190771582013e+04 8.927818911009615113e+04 8.678997200212282769e+04 8.434700810949865263e+04 8.194960350008094974e+04 7.959799602491041878e+04 7.729235851818778610e+04 7.503280194950845907e+04 7.281937852251308504e+04 7.065208471489224758e+04 6.853086425541737117e+04 6.645561103434878169e+04 6.442617194418363215e+04 6.244234964828126976e+04 6.050390527541536721e+04 5.861056103878749855e+04 5.676200277844390075e+04 5.495788242644700949e+04 5.319782039447504940e+04 5.148140788385833730e+04 4.980820911831736157e+04 4.817776349991956522e+04 4.658958768899343704e+04 4.504317760891418584e+04 4.353801037685410120e+04 4.207354616171895759e+04 4.064922997062038485e+04 3.926449336533633323e+04 3.791875611029208085e+04 3.661142775366803107e+04 3.534190914329561201e+04 3.410959387904711184e+04 3.291386970345156442e+04 3.175411983229947873e+04 3.062972422700849347e+04 2.954006081052455556e+04 2.848450662853937683e+04 2.746243895778870137e+04 2.647323636319037178e+04 2.551627970555938373e+04 2.459095310161630550e+04 2.369664483798163201e+04 2.283274824081821134e+04 2.199866250275708444e+04 2.119379346870466907e+04 2.041755438209928252e+04 1.966936659314344070e+04 1.894866023050820149e+04 1.825487483796114975e+04 1.758745997733458353e+04 1.694587579920941789e+04 1.632959358265033370e+04 1.573809624528806671e+04 1.517087882500365595e+04 1.462744893442918146e+04 1.410732718944014414e+04 1.361004761277108082e+04 1.313515801384888982e+04 1.268222034589637587e+04 1.225081104131925349e+04 1.184052132634879490e+04 1.145095751587443920e+04 1.108174128935881345e+04 1.073250994869227179e+04 1.040291665879976608e+04 1.009263067178026176e+04 9.801337535314312845e+03 9.528739286042951790e+03 9.274554628577296171e+03 9.038519100766416159e+03 8.820385225807096504e+03 8.619922651747670898e+03 8.436918278895464027e+03 8.271176375604431087e+03 8.122518682879657717e+03 7.990784508200382334e+03 7.875830808924616576e+03 7.777532265603917040e+03 7.695781345498566225e+03 7.630488356546818068e+03 7.581581492007580891e+03 7.549006865956053844e+03 7.532728539779515813e+03 7.532728539779515813e+03
2.626156747798378929e+05 2.626156747798378929e+05 2.624758235701686935e+05 2.621964114178205491e+05 2.617780175487436354e+05 2.612215075416499749e+05 2.605280294433452073e+05 2.596990086348457844e+05 2.587361414868734428e+05 2.576413878523410240e+05 2.564169624518411001e+05 2.550653252161898708e+05 2.535891706573735573e+05 2.519914163458886615e+05 2.502751905781926762e+05 2.484438193230939214e+05 2.465008125398508273e+05 2.444498499638844805e+05 2.422947664581481658e+05 2.400395370291800355e+05 2.376882616071015073e+05 2.352451496877566096e+05 2.327145049333570059e+05 2.301007098252034339e+05 2.274082104582978936e+05 2.246415015632445575e+05 2.218051118356058141e+05 2.189035896471259766e+05 2.159414892068717454e+05 2.129233572336898651e+05 2.098537201943054679e+05 2.067370721542336396e+05 2.035778632814048906e+05 2.003804890351173526e+05 1.971492800657901680e+05 1.938884928440911463e+05 1.906023010312724218e+05 1.872947875962817343e+05 1.839699376792492403e+05 1.806316321954858431e+05 1.772836421690733114e+05 1.739296237806591962e+05 1.705731141100198147e+05 1.672175275504609162e+05 1.638661528691678832e+05 1.605221508850890677e+05 1.571885527339435648e+05 1.538682586883883923e+05 1.505640375002385699e+05 1.472785262309280224e+05 1.440142305359878810e+05 1.407735253693462582e+05 1.375586560734501109e+05 1.343717398217747686e+05 1.312147673810088017e+05 1.280896051611686271e+05 1.249979975229590345e+05 1.219415693129861320e+05 1.189218285987158160e+05 1.159401695765230106e+05 1.129978756276446220e+05 1.100961224983459688e+05 1.072359815821505326e+05 1.044184232835029834e+05 1.016443204437350651e+05 9.891445181169849820e+04 9.622950554287507839e+04 9.359008271215966670e+04 9.099670082687669492e+04 8.844979732786753448e+04 8.594973306771265925e+04 8.349679575632986962e+04 8.109120336526668689e+04 7.873310748304113804e+04 7.642259661485838296e+04 7.415969942090599216e+04 7.194438788827281678e+04 6.977658043230525800e+04 6.765614492390428495e+04 6.558290163993531314e+04 6.355662613449314085e+04 6.157705202931101667e+04 5.964387372208168381e+04 5.775674901190125092e+04 5.591530164144461014e+04 5.411912375581447122e+04 5.236777827833496121e+04 5.066080120383582107e+04 4.899770381020436616e+04 4.737797478920786671e+04 4.580108229776642838e+04 4.426647593101417442e+04 4.277358861862256163e+04 4.132183844598106953e+04 3.991063040190601896e+04 3.853935805464599252e+04 3.720740515799731656e+04 3.591414718940242892e+04 3.465895282192742161e+04 3.344118533204432606e+04 3.226020394515704538e+04 3.111536512081294131e+04 3.000602377953647374e+04 2.893153447321658678e+04 2.789125250095760566e+04 2.688453497228846027e+04 2.591074181959203270e+04 2.496923676159712340e+04 2.405938821973246013e+04 2.318057018911511113e+04 2.233216306590446766e+04 2.151355443271538024e+04 2.072413980374149469e+04 1.996332333120171825e+04 1.923051847467454354e+04 1.852514863484743182e+04 1.784664775316022860e+04 1.719446087877968239e+04 1.656804470429703360e+04 1.596686807149685228e+04 1.539041244849936811e+04 1.483817237953697986e+04 1.430965590858012001e+04 1.380438497798376375e+04 1.332189580328265583e+04 1.286173922522225439e+04 1.242348104006711765e+04 1.200670230918677771e+04 1.161099964887958959e+04 1.123598550134929974e+04 1.088128838771332266e+04 1.054655314387592989e+04 1.023144114006179734e+04 9.935630484765497386e+03 9.658816213832204085e+03 9.400710465344498516e+03 9.161042640953688533e+03 8.939559554251298323e+03 8.736025566743699528e+03 8.550222711947088101e+03 8.381950808089050042e+03 8.231027559859936446e+03 8.097288649622209050e+03 7.980587818448048893e+03 7.880796937316921685e+03 7.797806068769085869e+03 7.731523519272441263e+03 7.681875882524661392e+03 7.648808073873743524e+03 7.632283356005295900e+03 7.632283356005295900e+03
2.695345938658791129e+05 2.695345938658791129e+05 2.693896356449631858e+05 2.691000238734434824e+05 2.686663665026306990e+05 2.680895719967932673e+05 2.673708452074422385e+05 2.665116819213287672e+05 2.655138621234370512e+05 2.643794420259777107e+05 2.631107449233293883e+05 2.617103509415296430e+05 2.601810857586536440e+05 2.585260083794988750e+05 2.567483980542425998e+05 2.548517404359928623e+05 2.528397130764987087e+05 2.507161703625301016e+05 2.484851279977247759e+05 2.461507471357667528e+05 2.437173182708389068e+05 2.411892449902869412e+05 2.385710276923121419e+05 2.358672473685028672e+05 2.330825495469694142e+05 2.302216284870605741e+05 2.272892117109760002e+05 2.242900449513758940e+05 2.212288775872535771e+05 2.181104486330900399e+05 2.149394733387621236e+05 2.117206304499162361e+05 2.084585501706482319e+05 2.051578028625562729e+05 2.018228885064725182e+05 1.984582269457823131e+05 1.950681489229915023e+05 1.916568879144536331e+05 1.882285727617793600e+05 1.847872210925815452e+05 1.813367335178314825e+05 1.778808885882826871e+05 1.744233384881695965e+05 1.709676054406681505e+05 1.675170787964504561e+05 1.640750127740789030e+05 1.606445248188849946e+05 1.572285945453882741e+05 1.538300632271742797e+05 1.504516337974779017e+05 1.470958713233885355e+05 1.437652039166642644e+05 1.404619240445047617e+05 1.371881902042737929e+05 1.339460289270685171e+05 1.307373370761098049e+05 1.275638844071977510e+05 1.244273163598749088e+05 1.213291570494409971e+05 1.182708124315646273e+05 1.152535736128428980e+05 1.122786202823625936e+05 1.093470242409748316e+05 1.064597530066695908e+05 1.036176734760976105e+05 1.008215556238770077e+05 9.807207622291985899e+04 9.536982257050894259e+04 9.271529620629752753e+04 9.010891660982891335e+04 8.755102486642538861e+04 8.504188729161136143e+04 8.258169900532513566e+04 8.017058744831773220e+04 7.780861583413863264e+04 7.549578653103948454e+04 7.323204436900331348e+04 7.101727986791546573e+04 6.885133238361630356e+04 6.673399316924747836e+04 6.466500834990916337e+04 6.264408180920768791e+04 6.067087798674913211e+04 5.874502458610168105e+04 5.686611519312430755e+04 5.503371180493260908e+04 5.324734727006821049e+04 5.150652764071897400e+04 4.981073443807689910e+04 4.815942683211920667e+04 4.655204373728800419e+04 4.498800582567539823e+04 4.346671745946884766e+04 4.198756854449701495e+04 4.054993630681117065e+04 3.915318699429930712e+04 3.779667750538433029e+04 3.647975694688830117e+04 3.520176812317420990e+04 3.396204895868821768e+04 3.275993385602496346e+04 3.159475499163625136e+04 3.046584355128963944e+04 2.937253090736251397e+04 2.831414974003401221e+04 2.729003510440361424e+04 2.629952544553650660e+04 2.534196356339316844e+04 2.441669752956349839e+04 2.352308155768124561e+04 2.266047682935320699e+04 2.182825227738561080e+04 2.102578532805152645e+04 2.025246260408655144e+04 1.950768059005946998e+04 1.879084626170722913e+04 1.810137768078424779e+04 1.743870455691932875e+04 1.680226877792761661e+04 1.619152490997777750e+04 1.560594066896451295e+04 1.504499736438777472e+04 1.450819031699610059e+04 1.399502925140127809e+04 1.350503866482779813e+04 1.303775817311261198e+04 1.259274283502684193e+04 1.216956345594591039e+04 1.176780687185186252e+04 1.138707621460549490e+04 1.102699115938509749e+04 1.068718815514536618e+04 1.036732063890770223e+04 1.006705923465282103e+04 9.786091937544331813e+03 9.524124284170502506e+03 9.280879509454109211e+03 9.056098690837518006e+03 8.849540880311687943e+03 8.660983224818617600e+03 8.490221075517578356e+03 8.337068086367480646e+03 8.201356302437308841e+03 8.082936238321231940e+03 7.981676946994612081e+03 7.897466079409715348e+03 7.830209935093827880e+03 7.779833503972365179e+03 7.746280499603920362e+03 7.729513383976562181e+03 7.729513383976562181e+03
2.766495286808595411e+05 2.766495286808595411e+05 2.764991652857367299e+05 2.761987589178368216e+05 2.757489489408502122e+05 2.751506907092250185e+05 2.744052511706204386e+05 2.735142030551397474e+05 2.724794176958173630e+05 2.713030565351248370e+05 2.699875613820789731e+05 2.685356434936800506e+05 2.669502715627999278e+05 2.652346587022471940e+05 2.633922485214656917e+05 2.614267003978781577e+05 2.593418740496651444e+05 2.571418135201603582e+05 2.548307306864272396e+05 2.524129884058655007e+05 2.498930834144989785e+05 2.472756290896399878e+05 2.445653381872104073e+05 2.417670056606731669e+05 2.388854916641411255e+05 2.359257048369326803e+05 2.328925859607361490e+05 2.297910920736734697e+05 2.266261811181662488e+05 2.234027971915888484e+05 2.201258564604761486e+05 2.168002337906158646e+05 2.134307501368208614e+05 2.100221607276869763e+05 2.065791440723444393e+05 2.031062918080566742e+05 1.996080993998119666e+05 1.960889576957327372e+05 1.925531453352425597e+05 1.890048220006364572e+05 1.854480224970081472e+05 1.818866516402445268e+05 1.783244799283998145e+05 1.747651399677750305e+05 1.712121236217476544e+05 1.676687798477078322e+05 1.641383131853189552e+05 1.606237828577105247e+05 1.571281024461361521e+05 1.536540400979915285e+05 1.502042192279021838e+05 1.467811196717431594e+05 1.433870792540003022e+05 1.400242957296812092e+05 1.366948290630436095e+05 1.334006040067051363e+05 1.301434129461507837e+05 1.269249189762276364e+05 1.237466591779529990e+05 1.206100480656981090e+05 1.175163811766643921e+05 1.144668387763962819e+05 1.114624896559481422e+05 1.085042949981152342e+05 1.055931122920019552e+05 1.027296992768955679e+05 9.991471789814865042e+04 9.714873825940619281e+04 9.443224255705623364e+04 9.176562898428812332e+04 8.914921559352723125e+04 8.658324410735702259e+04 8.406788366924329603e+04 8.160323452656072914e+04 7.918933163946810237e+04 7.682614821017115901e+04 7.451359912802383769e+04 7.225154432674490090e+04 7.003979205079501844e+04 6.787810202863300219e+04 6.576618855120813532e+04 6.370372345460073120e+04 6.169033900622572401e+04 5.972563069446086593e+04 5.780915992196221487e+04 5.594045660327644873e+04 5.411902166767701419e+04 5.234432946839367651e+04 5.061583009967334510e+04 4.893295162326703576e+04 4.729510220613827551e+04 4.570167217130835343e+04 4.415203596387178550e+04 4.264555403431253217e+04 4.118157464132343011e+04 3.975943557637710182e+04 3.837846581234507903e+04 3.703798707848060440e+04 3.573731536409338878e+04 3.447576235324641311e+04 3.325263679279493954e+04 3.206724579607051055e+04 3.091889608449147272e+04 2.980689516934689891e+04 2.873055247597215566e+04 2.768918041248162990e+04 2.668209538520175920e+04 2.570861876287694031e+04 2.476807779169128844e+04 2.385980646308898577e+04 2.298314633632676487e+04 2.213744731763564414e+04 2.132206839782303359e+04 2.053637835008138791e+04 1.977975638972507659e+04 1.905159279751564827e+04 1.835128950818374506e+04 1.767826066570558760e+04 1.703193314683126664e+04 1.641174705431533948e+04 1.581715618124636967e+04 1.524762844781797503e+04 1.470264631183783240e+04 1.418170715421533350e+04 1.368432364062557826e+04 1.321002406049296769e+04 1.275835264439372622e+04 1.232886986092885672e+04 1.192115269407116102e+04 1.153479490194781283e+04 1.116940725796999686e+04 1.082461777518269082e+04 1.050007191465992946e+04 1.019543277872966428e+04 9.910381289769558862e+03 9.644616355272941291e+03 9.397855019843416812e+03 9.169832604735946006e+03 8.960302835518707070e+03 8.769037958395863825e+03 8.595828845684805856e+03 8.440485090907784979e+03 8.302835093914416575e+03 8.182726136415786641e+03 8.080024448270429275e+03 7.994615264825337363e+03 7.926402875574744940e+03 7.875310664365229968e+03 7.841281141333533014e+03 7.824275966728227104e+03 7.824275966728227104e+03
2.839644467904730118e+05 2.839644467904730118e+05 2.838083657276741578e+05 2.834965412124794675e+05 2.830296468818568974e+05 2.824086892439426738e+05 2.816350029755662545e+05 2.807102447090849164e+05 2.796363853565907921e+05 2.784157010305906297e+05 2.770507626309352345e+05 2.755444241776362760e+05 2.738998099782540812e+05 2.721203007268307265e+05 2.702095186385327834e+05 2.681713117302348255e+05 2.660097373623877647e+05 2.637290451611864846e+05 2.613336594426029478e+05 2.588281612611020100e+05 2.562172702057585120e+05 2.535058260652084718e+05 2.506987704802825756e+05 2.478011286994088732e+05 2.448179915470781270e+05 2.417544977097265946e+05 2.386158164367343124e+05 2.354071307466260914e+05 2.321336212204467447e+05 2.288004504556048778e+05 2.254127482444373891e+05 2.219755975324986211e+05 2.184940212023239292e+05 2.149729697190397128e+05 2.114173096652287932e+05 2.078318131835731328e+05 2.042211483374493837e+05 2.005898703917108069e+05 1.969424140084847750e+05 1.932830863461059052e+05 1.896160610430734523e+05 1.859453730635547836e+05 1.822749143761079758e+05 1.786084304332216852e+05 1.749495174158622685e+05 1.713016202043859812e+05 1.676680310351009248e+05 1.640518888001203013e+05 1.604561789471938682e+05 1.568837339356613811e+05 1.533372342046130216e+05 1.498192096097048488e+05 1.463320412857734482e+05 1.428779638934410177e+05 1.394590682091404160e+05 1.360773040195545473e+05 1.327344832830885716e+05 1.294322835228610493e+05 1.261722514176003897e+05 1.229558065588328172e+05 1.197842453447838634e+05 1.166587449834551226e+05 1.135803675794006122e+05 1.105500642807139084e+05 1.075686794647127826e+05 1.046369549427378952e+05 1.017555341662782739e+05 9.892496641844780243e+04 9.614571097647990973e+04 9.341814123250140983e+04 9.074254876135155791e+04 8.811914732559658296e+04 8.554807680920693383e+04 8.302940707257448230e+04 8.056314172265421075e+04 7.814922179306564794e+04 7.578752932990681438e+04 7.347789087992552959e+04 7.122008087842828536e+04 6.901382493506658648e+04 6.685880301622676780e+04 6.475465252334615798e+04 6.270097126697626663e+04 6.069732033685490751e+04 5.874322686865768628e+04 5.683818670842732536e+04 5.498166697599404870e+04 5.317310852894555137e+04 5.141192832893677405e+04 4.969752171230232489e+04 4.802926456709920603e+04 4.640651541882945457e+04 4.482861742719123868e+04 4.329490029628620687e+04 4.180468210077121330e+04 4.035727103047936544e+04 3.895196705606231990e+04 3.758806351820877899e+04 3.626484864300767367e+04 3.498160698598963791e+04 3.373762080738201621e+04 3.253217138106694620e+04 3.136454023970097114e+04 3.023401035841461635e+04 2.913986727946288738e+04 2.808140018014489033e+04 2.705790288626133042e+04 2.606867483331849871e+04 2.511302197763521690e+04 2.419025765944270097e+04 2.329970342001413155e+04 2.244068977479524983e+04 2.161255694444966866e+04 2.081465554566901483e+04 2.004634724353786805e+04 1.930700536718577496e+04 1.859601549039468591e+04 1.791277597877544758e+04 1.725669850506423609e+04 1.662720853403807268e+04 1.602374577848684930e+04 1.544576462762808478e+04 1.489273454929336003e+04 1.436414046716486519e+04 1.385948311428450143e+04 1.337827936401203624e+04 1.292006253955211650e+04 1.248438270312659552e+04 1.207080692581583753e+04 1.167891953904744696e+04 1.130832236866383028e+04 1.095863495245353806e+04 1.062949474198736607e+04 1.032055728955369705e+04 1.003149642094671981e+04 9.762004394816913191e+03 9.511792049249275806e+03 9.280588936195146744e+03 9.068143444341478244e+03 8.874222910959691944e+03 8.698613723236836449e+03 8.541121409550236422e+03 8.401570721110183513e+03 8.279805704351452732e+03 8.175689764418835694e+03 8.089105720052607467e+03 8.019955850138659116e+03 7.968161932152846020e+03 7.933665272689203448e+03 7.916426730222843617e+03 7.916426730222843617e+03
2.914835532432003529e+05 2.914835532432003529e+05 2.913214262983656954e+05 2.909975287415478961e+05 2.905125715397192980e+05 2.898676169097774546e+05 2.890640732754248893e+05 2.881036886045353021e+05 2.869885421790517285e+05 2.857210348614811664e+05 2.843038779335824074e+05 2.827400805935816607e+05 2.810329362080740975e+05 2.791860074237862718e+05 2.772031102521074354e+05 2.750882972460613237e+05 2.728458398947230889e+05 2.704802103642422589e+05 2.679960627172240638e+05 2.653982137436307967e+05 2.626916235361557920e+05 2.598813759415046661e+05 2.569726590161459462e+05 2.539707456108619517e+05 2.508809742030648049e+05 2.477087300892576750e+05 2.444594270425869327e+05 2.411384895320262294e+05 2.377513355907079822e+05 2.343033604113484907e+05 2.307999207367027411e+05 2.272463201028569310e+05 2.236477949828708079e+05 2.200095018681576767e+05 2.163365053150192543e+05 2.126337669741753489e+05 2.089061356120017590e+05 2.051583381235540146e+05 2.013949715295362112e+05 1.976204959420681989e+05 1.938392284775515436e+05 1.900553380891278503e+05 1.862728412861958495e+05 1.824955987041460758e+05 1.787273124839732482e+05 1.749715244185611955e+05 1.712316148203496996e+05 1.675108020635705907e+05 1.638121427533501410e+05 1.601385324736308248e+05 1.564927070659889432e+05 1.528772443919987418e+05 1.492945665327504103e+05 1.457469423803938553e+05 1.422364905781293928e+05 1.387651827668574988e+05 1.353348470986173779e+05 1.319471719790575153e+05 1.286037100033533206e+05 1.253058820522294118e+05 1.220549815170079091e+05 1.188521786248858261e+05 1.156985248378932010e+05 1.125949573011922330e+05 1.095423033185030799e+05 1.065412848345572856e+05 1.035925229064352170e+05 1.006965421475369512e+05 9.785377512976941944e+04 9.506456673117498576e+04 9.232917841785690689e+04 8.964779245050721511e+04 8.702051600723288720e+04 8.444738521563957329e+04 8.192836908829530876e+04 7.946337335678236559e+04 7.705224420049003675e+04 7.469477186722261831e+04 7.239069418345650774e+04 7.013969995282801392e+04 6.794143224205559818e+04 6.579549155407973740e+04 6.370143888870288356e+04 6.165879869145917473e+04 5.966706169182687881e+04 5.772568763223206770e+04 5.583410788958131161e+04 5.399172799130450585e+04 5.219793002809436439e+04 5.045207496569772775e+04 4.875350485825559008e+04 4.710154496579418628e+04 4.549550577855603478e+04 4.393468495092216472e+04 4.241836914770784642e+04 4.094583580565933516e+04 3.951635481296220678e+04 3.812919010958047875e+04 3.678360121122921555e+04 3.547884465974837076e+04 3.421417540261405520e+04 3.298884810428071796e+04 3.180211839199716269e+04 3.065324403868437003e+04 2.954148608540342320e+04 2.846610990589057837e+04 2.742638621555012287e+04 2.642159202725589057e+04 2.545101155622766964e+04 2.451393707618298868e+04 2.360966972890206671e+04 2.273752028927271022e+04 2.189680988780716143e+04 2.108687069256486575e+04 2.030704655234347229e+04 1.955669360292997590e+04 1.883518083814856436e+04 1.814189064736603177e+04 1.747621932106183522e+04 1.683757752600512686e+04 1.622539075151663928e+04 1.563909972824203396e+04 1.507816082079716398e+04 1.454204639559729003e+04 1.403024516511955153e+04 1.354226250979937686e+04 1.307762077870583744e+04 1.263585957009085905e+04 1.221653599285613382e+04 1.181922490993117572e+04 1.144351916450962744e+04 1.108902979004221197e+04 1.075538620483779596e+04 1.044223639207950509e+04 1.014924706601721846e+04 9.876103825054326080e+03 9.622511292402525214e+03 9.388193244935595430e+03 9.172892730832865709e+03 8.976372176558206775e+03 8.798413483682181322e+03 8.638818116013420877e+03 8.497407177464232518e+03 8.374021481036925252e+03 8.268521609276805975e+03 8.180787966500098264e+03 8.110720823063103126e+03 8.058240351904193631e+03 8.023286657548123003e+03 8.005819797726246179e+03 8.005819797726246179e+03
2.992113051785787684e+05 2.992113051785787684e+05 2.990427869311611867e+05 2.987061271362759871e+05 2.982020773671225761e+05 2.975317604312208714e+05 2.966966649479757180e+05 2.956986381856130320e+05 2.945398772139382781e+05 2.932229184425935964e+05 2.917506256269521546e+05 2.901261764354736079e+05 2.883530476831761771e+05 2.864349993455925141e+05 2.843760574761025491e+05 2.821804961569059524e+05 2.798528186196946772e+05 2.773977376766001107e+05 2.748201556048564380e+05 2.721251436300006462e+05 2.693179211521970574e+05 2.664038348585001659e+05 2.633883378605750040e+05 2.602769689926731226e+05 2.570753323985582683e+05 2.537890775288098084e+05 2.504238796614631137e+05 2.469854210496959568e+05 2.434793727901681268e+05 2.399113774949150393e+05 2.362870328386866022e+05 2.326118760423495842e+05 2.288913693415685848e+05 2.251308864789036452e+05 2.213357002464380639e+05 2.175109710956151830e+05 2.136617368209487759e+05 2.097929033149640018e+05 2.059092363831354305e+05 2.020153545996752218e+05 1.981157231781537994e+05 1.942146488246413355e+05 1.903162755358816357e+05 1.864245813004673109e+05 1.825433756574274448e+05 1.786762980637982546e+05 1.748268170206587529e+05 1.709982299057697819e+05 1.671936634601873229e+05 1.634160748761607101e+05 1.596682534338927653e+05 1.559528226357087260e+05 1.522722427873307606e+05 1.486288139775768504e+05 1.450246794096746598e+05 1.414618290394214564e+05 1.379421034777415043e+05 1.344671981175260444e+05 1.310386674471572769e+05 1.276579295156038279e+05 1.243262705165393709e+05 1.210448494614365336e+05 1.178147029140778177e+05 1.146367497613301821e+05 1.115117959973943507e+05 1.084405395009594358e+05 1.054235747868708422e+05 1.024613977159203787e+05 9.955441014831794018e+04 9.670292452818025777e+04 9.390716838807912427e+04 9.116728876421337191e+04 8.848335651424774551e+04 8.585537053116146126e+04 8.328326184767247469e+04 8.076689762689676718e+04 7.830608503592542547e+04 7.590057499987173651e+04 7.355006583478748507e+04 7.125420675853644207e+04 6.901260127938128426e+04 6.682481046260225412e+04 6.469035607594508474e+04 6.260872361515813100e+04 6.057936521123031707e+04 5.860170242127025267e+04 5.667512890523997339e+04 5.479901299098132586e+04 5.297270013016047596e+04 5.119551524790308031e+04 4.946676498902272579e+04 4.778573986381987197e+04 4.615171629650382965e+04 4.456395857933022489e+04 4.302172073556164105e+04 4.152424829437475273e+04 4.007077998081727128e+04 3.866054932389882015e+04 3.729278618586738594e+04 3.596671821567442385e+04 3.468157222958384955e+04 3.343657552181920619e+04 3.223095710808320291e+04 3.106394890471079998e+04 2.993478684614964004e+04 2.884271194338831265e+04 2.778697128587321276e+04 2.676681898938244922e+04 2.578151709224305887e+04 2.483033640220726375e+04 2.391255729621683349e+04 2.302747047521760760e+04 2.217437767609935327e+04 2.135259234277261930e+04 2.056144025831068575e+04 1.980026014001873773e+04 1.906840419921653302e+04 1.836523866745535997e+04 1.769014429082167044e+04 1.704251679390849313e+04 1.642176731498058871e+04 1.582732281378553489e+04 1.525862645341148709e+04 1.471513795752537044e+04 1.419633394427109306e+04 1.370170823804812608e+04 1.323077216033960758e+04 1.278305480069934856e+04 1.235810326895959406e+04 1.195548292966870031e+04 1.157477761971595464e+04 1.121558985005499744e+04 1.087754099238620074e+04 1.056027145161514636e+04 1.026344082485430408e+04 9.986728047693382905e+03 9.729831528417440495e+03 9.492469270810126545e+03 9.274378986134021034e+03 9.075318194841245713e+03 8.895064318521945097e+03 8.733414762561686075e+03 8.590186989933326913e+03 8.465218586513225091e+03 8.358367318268117742e+03 8.269511180622683241e+03 8.198548440275459143e+03 8.145397669694814795e+03 8.109997774486608250e+03 8.092308013785485855e+03 8.092308013785485855e+03
3.071524279920603149e+05 3.071524279920603149e+05 3.069771542232923093e+05 3.066270055205397075e+05 3.061027775845709257e+05 3.054056590602637734e+05 3.045372256929255673e+05 3.034994326094390708e+05 3.022946047856789664e+05 3.009254257760734181e+05 2.993949247947793338e+05 2.977064622507541208e+05 2.958637138508041971e+05 2.938706533954055049e+05 2.917315344014337752e+05 2.894508706939498079e+05 2.870334161156930495e+05 2.844841435077081551e+05 2.818082231178037473e+05 2.790110005948562175e+05 2.760979747267339262e+05 2.730747750775043969e+05 2.699471396758598275e+05 2.667208929013032466e+05 2.634019237077839207e+05 2.599961643162546388e+05 2.565095694980963017e+05 2.529480965610251296e+05 2.493176861376736197e+05 2.456242438651859411e+05 2.418736230318215385e+05 2.380716082539976924e+05 2.342239002346454363e+05 2.303361016414039477e+05 2.264137041310682835e+05 2.224620765352558519e+05 2.184864542113042553e+05 2.144919295522572065e+05 2.104834436405574670e+05 2.064657790215089335e+05 2.024435535652397957e+05 1.984212153792879835e+05 1.944030387284329045e+05 1.903931209137994156e+05 1.863953800595691719e+05 1.824135537529014982e+05 1.784511984806214168e+05 1.745116898051291355e+05 1.705982232214230462e+05 1.667138156373091333e+05 1.628613074195244990e+05 1.590433649497356091e+05 1.552624836359248729e+05 1.515209913266317453e+05 1.478210520777859201e+05 1.441646702242512838e+05 1.405536947108768800e+05 1.369898236405537173e+05 1.334746089995907678e+05 1.300094615235463134e+05 1.265956556694928004e+05 1.232343346634843183e+05 1.199265155946994200e+05 1.166730945304148918e+05 1.134748516284982907e+05 1.103324562265259447e+05 1.072464718889724318e+05 1.042173613960813673e+05 1.012454916600652068e+05 9.833113855621275434e+04 9.547449165824387455e+04 9.267565886887213856e+04 8.993467093808505160e+04 8.725148586296496796e+04 8.462599316419028037e+04 8.205801803544024006e+04 7.954732536298035120e+04 7.709362361360237992e+04 7.469656858992668276e+04 7.235576705277997826e+04 7.007078021101921331e+04 6.784112707971432246e+04 6.566628770809939306e+04 6.354570627911253541e+04 6.147879408270771819e+04 5.946493236541456281e+04 5.750347505888291926e+04 5.559375139034610766e+04 5.373506837810202705e+04 5.192671321524927771e+04 5.016795554499035643e+04 4.845804963090422098e+04 4.679623642561730958e+04 4.518174554132376943e+04 4.361379712560951884e+04 4.209160364601625770e+04 4.061437158674848615e+04 3.918130306089074293e+04 3.779159734143601236e+04 3.644445231438174233e+04 3.513906585706388432e+04 3.387463714483669173e+04 3.265036788912142583e+04 3.146546350976725080e+04 3.031913424457967267e+04 2.921059619878635203e+04 2.813907233712654852e+04 2.710379342115322288e+04 2.610399889425768197e+04 2.513893771683507657e+04 2.420786915392111405e+04 2.331006351754769639e+04 2.244480286597982195e+04 2.161138166191598793e+04 2.080910739164547340e+04 2.003730114709116970e+04 1.929529817257465766e+04 1.858244837807752992e+04 1.789811682069295421e+04 1.724168415589237338e+04 1.661254706016685668e+04 1.601011862652942546e+04 1.543382873430712425e+04 1.488312439458262998e+04 1.435747007258787380e+04 1.385634798829194551e+04 1.337925839636634555e+04 1.292571984665721720e+04 1.249526942623780815e+04 1.208746298406255119e+04 1.170187533919193447e+04 1.133810047350621062e+04 1.099575170977973357e+04 1.067446187593569994e+04 1.037388345625755210e+04 1.009368873028570488e+04 9.833569900083326502e+03 9.593239206511689190e+03 9.372429035110018958e+03 9.170892012135400364e+03 8.988401091272764461e+03 8.824749631485910868e+03 8.679751466438143325e+03 8.553240965872922970e+03 8.445073089300705760e+03 8.355123432302601941e+03 8.283288265721026619e+03 8.229484567966619579e+03 8.193650050634239960e+03 8.175743177580794509e+03 8.175743177580794509e+03
3.153119331618752913e+05 3.153119331618752913e+05 3.151295191432036227e+05 3.147651139802672551e+05 3.142195612955875695e+05 3.134941212243432528e+05 3.125904641038227128e+05 3.115106621385384351e+05 3.102571791080617113e+05 3.088328582002570038e+05 3.072409080676125013e+05 3.054848872183029889e+05 3.035686868667247472e+05 3.014965123798749992e+05 2.992728634663678240e+05 2.969025132636937778e+05 2.943904864864203846e+05 2.917420368034341955e+05 2.889626236157399253e+05 2.860578884078616393e+05 2.830336308454789105e+05 2.798957847894772422e+05 2.766503943923371262e+05 2.733035904366859468e+05 2.698615670679701725e+05 2.663305590639767470e+05 2.627168197731822147e+05 2.590265998421636468e+05 2.552661268395607767e+05 2.514415858706988802e+05 2.475591012631845369e+05 2.436247193897499237e+05 2.396443926806448435e+05 2.356239648641500389e+05 2.315691574604349735e+05 2.274855575413579063e+05 2.233786067568029976e+05 2.192535916171309655e+05 2.151156350112213113e+05 2.109696889305341174e+05 2.068205283616397355e+05 2.026727463028466445e+05 1.985307498546967981e+05 1.943987573294824688e+05 1.902807963212218310e+05 1.861807026748152275e+05 1.821021202913570160e+05 1.780485017056031211e+05 1.740231093714227900e+05 1.700290175914954161e+05 1.660691150286892953e+05 1.621461077380408242e+05 1.582625226603531046e+05 1.544207115207629395e+05 1.506228550783083483e+05 1.468709676753766544e+05 1.431669020389564394e+05 1.395123542887342919e+05 1.359088691102492157e+05 1.323578450545005035e+05 1.288605399285568419e+05 1.254180762448007299e+05 1.220314466994402028e+05 1.187015196538290475e+05 1.154290445948701818e+05 1.122146575534506992e+05 1.090588864622969850e+05 1.059621564369971020e+05 1.029247949661018793e+05 9.994703699822386261e+04 9.702902991594218474e+04 9.417083838799590012e+04 9.137244909286010079e+04 8.863377530817240768e+04 8.595466136179694149e+04 8.333488694146071794e+04 8.077417126093653496e+04 7.827217708165732620e+04 7.582851458949095104e+04 7.344274512708204566e+04 7.111438478284911253e+04 6.884290783820157230e+04 6.662775007507312694e+04 6.446831194622110343e+04 6.236396161109073000e+04 6.031403784032097610e+04 5.831785279218867072e+04 5.637469466446533625e+04 5.448383022530384187e+04 5.264450722687273083e+04 5.085595670551119838e+04 4.911739517223840085e+04 4.742802669745382445e+04 4.578704489365978952e+04 4.419363480001725839e+04 4.264697467250486807e+04 4.114623768339092203e+04 3.969059353368034499e+04 3.827920998209925165e+04 3.691125429412563972e+04 3.558589461446486530e+04 3.430230126628947619e+04 3.305964798046283249e+04 3.185711305786911907e+04 3.069388046786996711e+04 2.956914088581248870e+04 2.848209267240593908e+04 2.743194279769245259e+04 2.641790771223220872e+04 2.543921416802537351e+04 2.449509999160221196e+04 2.358481481161165357e+04 2.270762074315296559e+04 2.186279303099804383e+04 2.104962065377309773e+04 2.026740689107217258e+04 1.951546985540418609e+04 1.879314299078534168e+04 1.809977553971595626e+04 1.743473298020593575e+04 1.679739743443459520e+04 1.618716805056931298e+04 1.560346135919034350e+04 1.504571160570744541e+04 1.451337106009167655e+04 1.400591030517971194e+04 1.352281850475022657e+04 1.306360365251457370e+04 1.262779280310746617e+04 1.221493228610631195e+04 1.182458790405839682e+04 1.145634511544090492e+04 1.110980920342961508e+04 1.078460543130232327e+04 1.048037918525638088e+04 1.019679610537181543e+04 9.933542205406733046e+03 9.690323982067093311e+03 9.466868514346893789e+03 9.262923553494794760e+03 9.078257604119777170e+03 8.912659996904456420e+03 8.765940953356937825e+03 8.637931642989407919e+03 8.528484233272176425e+03 8.437471932671378454e+03 8.364789027040586006e+03 8.310350909596916608e+03 8.274094104671072273e+03 8.255976285387521784e+03 8.255976285387521784e+03
3.236951378558292054e+05 3.236951378558292054e+05 3.235051765040201135e+05 3.231257027714098804e+05 3.225576122994868783e+05 3.218022428178089322e+05 3.208613673168591340e+05 3.197371850315319607e+05 3.184323103083840688e+05 3.169497594469515025e+05 3.152929356218770845e+05 3.134656120079456014e+05 3.114719132445703144e+05 3.093162953890899662e+05 3.070035245198652847e+05 3.045386541598188342e+05 3.019270016990139266e+05 2.991741240008416935e+05 2.962857923800849239e+05 2.932679671429010923e+05 2.901267718780718860e+05 2.868684676861551125e+05 2.834994275282197050e+05 2.800261108688816894e+05 2.764550387794388807e+05 2.727927696563974605e+05 2.690458756984653883e+05 2.652209202718030429e+05 2.613244362789556908e+05 2.573629056317606301e+05 2.533427399130410922e+05 2.492702622961901070e+05 2.451516907760703762e+05 2.409931227494239574e+05 2.368005209682486893e+05 2.325797008755372372e+05 2.283363193197244836e+05 2.240758646321506822e+05 2.198036480408529460e+05 2.155247963843539183e+05 2.112442460805978335e+05 2.069667382989853504e+05 2.026968152774478658e+05 1.984388177217685734e+05 1.941968832206990046e+05 1.899749456078894436e+05 1.857767352001203690e+05 1.816057798406596121e+05 1.774654066768296470e+05 1.733587446017011243e+05 1.692887272914557834e+05 1.652580967719787441e+05 1.612694074507952610e+05 1.573250305533235951e+05 1.534271589055801451e+05 1.495778120088067371e+05 1.457788413550074620e+05 1.420319359359124792e+05 1.383386279014958418e+05 1.347002983277364110e+05 1.311181830568019941e+05 1.275933785762634070e+05 1.241268479072330229e+05 1.207194264744733809e+05 1.173718279345318588e+05 1.140846499407702213e+05 1.108583798268412502e+05 1.076934001926258934e+05 1.045899943789606332e+05 1.015483518196041259e+05 9.856857326083924272e+04 9.565067584090564924e+04 9.279459802303728065e+04 9.000020437739945191e+04 8.726729020847938955e+04 8.459558602568077913e+04 8.198476185594048002e+04 7.943443139805269311e+04 7.694415601924629300e+04 7.451344859524254571e+04 7.214177719562478887e+04 6.982856861688563367e+04 6.757321176594942517e+04 6.537506089733991394e+04 6.323343870746532775e+04 6.114763928974339069e+04 5.911693095447184169e+04 5.714055891750913725e+04 5.521774786192922329e+04 5.334770437687566300e+04 5.152961927789762558e+04 4.976266981304307410e+04 4.804602175897091365e+04 4.637883141133124445e+04 4.476024747357633169e+04 4.318941284832972451e+04 4.166546633534775901e+04 4.018754424001854932e+04 3.875478189625439700e+04 3.736631510752390750e+04 3.602128150966732937e+04 3.471882185902531637e+04 3.345808124929717451e+04 3.223821026043247912e+04 3.105836604274383353e+04 2.991771333931342087e+04 2.881542544965005072e+04 2.775068513744740994e+04 2.672268548517437739e+04 2.573063069812682443e+04 2.477373686046307921e+04 2.385123264563653356e+04 2.296235998354684125e+04 2.210637468662574611e+04 2.128254703698338199e+04 2.049016233664723040e+04 1.972852142283913054e+04 1.899694115014628915e+04 1.829475484136664818e+04 1.762131270871911329e+04 1.697598224704243330e+04 1.635814860052615040e+04 1.576721490444695519e+04 1.520260260331410973e+04 1.466375174676470124e+04 1.415012126447886476e+04 1.366118922132959597e+04 1.319645305391603506e+04 1.275542978957675768e+04 1.233765624891761581e+04 1.194268923283901859e+04 1.157010569499255325e+04 1.121950290054518337e+04 1.089049857208046342e+04 1.058273102341704725e+04 1.029585928207835605e+04 1.002956320109906483e+04 9.783543560810814597e+03 9.557522161204375152e+03 9.351241905422277341e+03 9.164466874893978456e+03 8.996982396581122885e+03 8.848595102764018520e+03 8.719132983754407178e+03 8.608445433883664009e+03 8.516403291073002038e+03 8.442898870254955909e+03 8.387845990875781354e+03 8.351179998667734253e+03 8.332857781846834769e+03 8.332857781846834769e+03
3.323076864495799528e+05 3.323076864495799528e+05 3.321097463334638160e+05 3.317143433945017750e+05 3.311224297262251494e+05 3.303354272566831787e+05 3.293552203505144571e+05 3.281841460391911096e+05 3.268249819592871354e+05 3.252809320974155562e+05 3.235556104585587163e+05 3.216530227915285504e+05 3.195775465210821712e+05 3.173339090507226065e+05 3.149271646128303255e+05 3.123626698537807097e+05 3.096460583504709066e+05 3.067832142613041215e+05 3.037802453189188964e+05 3.006434553737810929e+05 2.973793166969303857e+05 2.939944422470817226e+05 2.904955581015135394e+05 2.868894762422533822e+05 2.831830678789068479e+05 2.793832374773881165e+05 2.754968976500445860e+05 2.715309450474790647e+05 2.674922373760782648e+05 2.633875716482314165e+05 2.592236637546745769e+05 2.550071294307385106e+05 2.507444666708224104e+05 2.464420396282831207e+05 2.421060640216593747e+05 2.377425940525691258e+05 2.333575108263370930e+05 2.289565122531758971e+05 2.245451043959851668e+05 2.201285942203373124e+05 2.157120836933044193e+05 2.113004651701370021e+05 2.068984180017361068e+05 2.025104062910104985e+05 1.981406777227246785e+05 1.937932633891407750e+05 1.894719785325551638e+05 1.851804241255863744e+05 1.809219892108155764e+05 1.766998539227422734e+05 1.725169931171894132e+05 1.683761805359172868e+05 1.642799934373172291e+05 1.602308176275063015e+05 1.562308528298772289e+05 1.522821183350432548e+05 1.483864588771380659e+05 1.445455506864813506e+05 1.407609076726623753e+05 1.370338876960849157e+05 1.333656988899076241e+05 1.297574059980691964e+05 1.262099366987015819e+05 1.227240878856569034e+05 1.193005318841257540e+05 1.159398225793557795e+05 1.126424014403353212e+05 1.094086034229250508e+05 1.062386627393585513e+05 1.031327184832732455e+05 1.000908201014337101e+05 9.711293270519256475e+04 9.419894221636715520e+04 9.134866034372619470e+04 8.856182938759691024e+04 8.583812687130481936e+04 8.317716999917196517e+04 8.057851994174454012e+04 7.804168594967348326e+04 7.556612929840767174e+04 7.315126706636851304e+04 7.079647574984234234e+04 6.850109471817314625e+04 6.626442951320584689e+04 6.408575499719195795e+04 6.196431835357058299e+04 5.989934194519541779e+04 5.789002603469743917e+04 5.593555137172775721e+04 5.403508165186615224e+04 5.218776585198634712e+04 5.039274044683312241e+04 4.864913151153447689e+04 4.695605671469298250e+04 4.531262720663155051e+04 4.371794940725729248e+04 4.217112669792323868e+04 4.067126102152900421e+04 3.921745439500538487e+04 3.780881033818041760e+04 3.644443522291077534e+04 3.512343954622520687e+04 3.384493913109313871e+04 3.260805625830409554e+04 3.141192073280788100e+04 3.025567088773894284e+04 2.913845452921730248e+04 2.805942982489844508e+04 2.701776613911119057e+04 2.601264481731783599e+04 2.504325992250129639e+04 2.410881892597863771e+04 2.320854335502984031e+04 2.234166939962304969e+04 2.150744848041967634e+04 2.070514778013924297e+04 1.993405074027465525e+04 1.919345752505482960e+04 1.848268545446284770e+04 1.780106940803640100e+04 1.714796220109700880e+04 1.652273493496968877e+04 1.592477732269175067e+04 1.535349799162553063e+04 1.480832476432933618e+04 1.428870491896970634e+04 1.379410543049556145e+04 1.332401319373350088e+04 1.287793522950248371e+04 1.245539887478940545e+04 1.205595195797158885e+04 1.167916296001910632e+04 1.132462116255449109e+04 1.099193678360045669e+04 1.068074110179625859e+04 1.039068656981302047e+04 1.012144691765519565e+04 9.872717246485726719e+03 9.644214113573973009e+03 9.435675608914580152e+03 9.246861424028704278e+03 9.077552913413994247e+03 8.927553149070101426e+03 8.796686968483894816e+03 8.684801016421222812e+03 8.591763780829691314e+03 8.517465623120569944e+03 8.461818803055883109e+03 8.424757498432381908e+03 8.406237819711854172e+03 8.406237819711854172e+03
3.411555741026342148e+05 3.411555741026342148e+05 3.409491972851722967e+05 3.405369516780914273e+05 3.399198506316675339e+05 3.390994074299221393e+05 3.380776272627787548e+05 3.368569966249195859e+05 3.354404702284717932e+05 3.338314555373258190e+05 3.320337950507699279e+05 3.300517464829183882e+05 3.278899610020236578e+05 3.255534597097861115e+05 3.230476085549360723e+05 3.203780918877482181e+05 3.175508848718845402e+05 3.145722249775020173e+05 3.114485827843074803e+05 3.081866323251979775e+05 3.047932212002875749e+05 3.012753406873806962e+05 2.976400960684243473e+05 2.938946773823737167e+05 2.900463308032443747e+05 2.861023308282592916e+05 2.820699534453853848e+05 2.779564504321215209e+05 2.737690249189289752e+05 2.695148083313764655e+05 2.652008388052002410e+05 2.608340411485750519e+05 2.564212084063219372e+05 2.519689850615994947e+05 2.474838518924774835e+05 2.429721124836665113e+05 2.384398813778667536e+05 2.338930738368260791e+05 2.293373971694268403e+05 2.247783435729483026e+05 2.202211844241353974e+05 2.156709659488374018e+05 2.111325061927269853e+05 2.066103932108369772e+05 2.021089843904062000e+05 1.976324068194881256e+05 1.931845586130637093e+05 1.887691111087258032e+05 1.843895118451955495e+05 1.800489882391184510e+05 1.757505518782961881e+05 1.714970033528562053e+05 1.672909375496590219e+05 1.631347493393867044e+05 1.590306395900654898e+05 1.549806214453780558e+05 1.509865268106263538e+05 1.470500129938950413e+05 1.431725694544372091e+05 1.393555246148041624e+05 1.356000526975324610e+05 1.319071805513257859e+05 1.282777944356188964e+05 1.247126467361459800e+05 1.212123625875754224e+05 1.177774463826181600e+05 1.144082881499607320e+05 1.111051697862026340e+05 1.078682711295188055e+05 1.046976758650970442e+05 1.015933772545010579e+05 9.855528368301501905e+04 9.558322402073755802e+04 9.267695279467989167e+04 8.983615517049322079e+04 8.706045174362006946e+04 8.434940314067577128e+04 8.170251443279077648e+04 7.911923936338142084e+04 7.659898439347684325e+04 7.414111256827326724e+04 7.174494720904294809e+04 6.940977543488128867e+04 6.713485151908190164e+04 6.491940008512914937e+04 6.276261914749832795e+04 6.066368300252384506e+04 5.862174497469468770e+04 5.663594002374765842e+04 5.470538721792423166e+04 5.282919207872213883e+04 5.100644880240273778e+04 4.923624236344940437e+04 4.751765050504096871e+04 4.584974562153374427e+04 4.423159653777230415e+04 4.266227018994551327e+04 4.114083321255321061e+04 3.966635343590361299e+04 3.823790129840133886e+04 3.685455117775344115e+04 3.551538264504975086e+04 3.421948164553425158e+04 3.296594160972999089e+04 3.175386449842824368e+04 3.058236178491170358e+04 2.945055537764029214e+04 2.835757848648308209e+04 2.730257643544878374e+04 2.628470742474028157e+04 2.530314324482168013e+04 2.435706994507621857e+04 2.344568845950970717e+04 2.256821519183366763e+04 2.172388256217292655e+04 2.091193951751541317e+04 2.013165200793737677e+04 1.938230343053276010e+04 1.866319504288728785e+04 1.797364634784650843e+04 1.731299545124455472e+04 1.668059939417678106e+04 1.607583446132431527e+04 1.549809646676212651e+04 1.494680101860909599e+04 1.442138376381529088e+04 1.392130061430838032e+04 1.344602795566433997e+04 1.299506283940161302e+04 1.256792315994226919e+04 1.216414781722500993e+04 1.178329686590239180e+04 1.142495165199795156e+04 1.108871493785268103e+04 1.077421101613666906e+04 1.048108581365380633e+04 1.020900698562419711e+04 9.957664001077167995e+03 9.726768219950488856e+03 9.516052962440331612e+03 9.325273571108980832e+03 9.154207466214482338e+03 9.002654194683927926e+03 8.870435473111847386e+03 8.757395225127680533e+03 8.663399613434514322e+03 8.588337066782307375e+03 8.532118302102686357e+03 8.494676341992684684e+03 8.475966527696051344e+03 8.475966527696051344e+03
3.502451725543353823e+05 3.502451725543353823e+05 3.500298722522492171e+05 3.495998130289926194e+05 3.489560747069299105e+05 3.481002696950358222e+05 3.470345342666886281e+05 3.457615170418387861e+05 3.442843647685857140e+05 3.426067055218747118e+05 3.407326294590056059e+05 3.386666672924320446e+05 3.364137666599444929e+05 3.339792665902083972e+05 3.313688702776881400e+05 3.285886163946526358e+05 3.256448491792796995e+05 3.225441875472252141e+05 3.192934934794855653e+05 3.158998399415588356e+05 3.123704785879857955e+05 3.087128075019501266e+05 3.049343392122322693e+05 3.010426692192311748e+05 2.970454452484364738e+05 2.929503374338684953e+05 2.887650096160218236e+05 2.844970919189661508e+05 2.801541547502111061e+05 2.757436843448813306e+05 2.712730599532746710e+05 2.667495327483715955e+05 2.621802065077614388e+05 2.575720201030790049e+05 2.529317318097342504e+05 2.482659054307783081e+05 2.435808982113827660e+05 2.388828505046851351e+05 2.341776771359792328e+05 2.294710604003023764e+05 2.247684446184076369e+05 2.200750321680521592e+05 2.153957809011174249e+05 2.107354028526050097e+05 2.060983641444484529e+05 2.014888859856585041e+05 1.969109466700642952e+05 1.923682844739514403e+05 1.878644013578226732e+05 1.834025673794262402e+05 1.789858257287335000e+05 1.746169982996710751e+05 1.702986917180052551e+05 1.660333037496888137e+05 1.618230300190392882e+05 1.576698709713715361e+05 1.535756390199466841e+05 1.495419658222993021e+05 1.455703096361070347e+05 1.416619627097176854e+05 1.378180586672202335e+05 1.340395798524473503e+05 1.303273646006080235e+05 1.266821144102713006e+05 1.231044009921616234e+05 1.195946731747259037e+05 1.161532636496124032e+05 1.127803955431523791e+05 1.094761888025959051e+05 1.062406663882686553e+05 1.030737602649990004e+05 9.997531718808786536e+04 9.694510428084807063e+04 9.398281440223300888e+04 9.108807130444959330e+04 8.826043458156072302e+04 8.549940441115619615e+04 8.280442609196128615e+04 8.017489438102241547e+04 7.761015763470134698e+04 7.510952175820557750e+04 7.267225396878905303e+04 7.029758637807278137e+04 6.798471939917460259e+04 6.573282498450420098e+04 6.354104970019721804e+04 6.140851764323443786e+04 5.933433320728384570e+04 5.731758370330569596e+04 5.535734184089587507e+04 5.345266807626489026e+04 5.160261283264371014e+04 4.980621859878663236e+04 4.806252191109844716e+04 4.637055522476870829e+04 4.472934867913227208e+04 4.313793176230751851e+04 4.159533487999423960e+04 4.010059083313760493e+04 3.865273620898849913e+04 3.725081268991568504e+04 3.589386828415045602e+04 3.458095848246983223e+04 3.331114734465848596e+04 3.208350851942121517e+04 3.089712620125565445e+04 2.975109602763908333e+04 2.864452591973102608e+04 2.757653686964275403e+04 2.654626367718747497e+04 2.555285563888281467e+04 2.459547719185071765e+04 2.367330851512683876e+04 2.278554609078065914e+04 2.193140322711689078e+04 2.111011054613487795e+04 2.032091643729933639e+04 1.956308747958873937e+04 1.883590883368076902e+04 1.813868460604657957e+04 1.747073818663509519e+04 1.683141256174681257e+04 1.622007060361003096e+04 1.563609533810240646e+04 1.507889019198127426e+04 1.454787922091760447e+04 1.404250731956256823e+04 1.356224041480652158e+04 1.310656564333153074e+04 1.267499151449758756e+04 1.226704805954486255e+04 1.188228696803809908e+04 1.152028171242829922e+04 1.118062766155301324e+04 1.086294218384577653e+04 1.056686474098075450e+04 1.029205697262540161e+04 1.003820277293602157e+04 9.805008359378465684e+03 9.592202334418989267e+03 9.399535740584246014e+03 9.226782109349975144e+03 9.073737504274444291e+03 8.940220558756269384e+03 8.826072508752858994e+03 8.731157220760340351e+03 8.655361215314453148e+03 8.598593686235934001e+03 8.560786515806063107e+03 8.541894286018201456e+03 8.541894286018201456e+03
3.595832583195749903e+05 3.595832583195749903e+05 3.593585163611695170e+05 3.589096100243521505e+05 3.582376912720199907e+05 3.573444800819777884e+05 3.562322549601473729e+05 3.549038404130302370e+05 3.533625914829012472e+05 3.516123754741798039e+05 3.496575510236201808e+05 3.475029446901881020e+05 3.451538252622347209e+05 3.426158759997625020e+05 3.398951650476740324e+05 3.369981142713621957e+05 3.339314667789367959e+05 3.307022534038891317e+05 3.273177584283102187e+05 3.237854848292531678e+05 3.201131193297788850e+05 3.163084975312154274e+05 3.123795693946237443e+05 3.083343653272611555e+05 3.041809631145490566e+05 2.999274559197566705e+05 2.955819215528990026e+05 2.911523931876958814e+05 2.866468316811661352e+05 2.820730996253999765e+05 2.774389372353918152e+05 2.727519401514156489e+05 2.680195392093771370e+05 2.632489822087001521e+05 2.584473176845601993e+05 2.536213806703441660e+05 2.487777804170396994e+05 2.439228900191907887e+05 2.390628378821503720e+05 2.342035009526585927e+05 2.293504996242686175e+05 2.245091942208272812e+05 2.196846829549496179e+05 2.148818012540882628e+05 2.101051223442638002e+05 2.053589589806377480e+05 2.006473662146158749e+05 1.959741450889636180e+05 1.913428471553305280e+05 1.867567797122899501e+05 1.822190116665446549e+05 1.777323799250168377e+05 1.732994962309836410e+05 1.689227543632237939e+05 1.646043376230982540e+05 1.603462265404099599e+05 1.561502067349603458e+05 1.520178768764936831e+05 1.479506566915058938e+05 1.439497949708197557e+05 1.400163775371056399e+05 1.361513351364625269e+05 1.323554512228256208e+05 1.286293696083016985e+05 1.249736019565669558e+05 1.213885351001244562e+05 1.178744381656300538e+05 1.144314694945455558e+05 1.110596833491736761e+05 1.077590363965982688e+05 1.045293939653027046e+05 1.013705360711941030e+05 9.828216321150038857e+04 9.526390192654715793e+04 9.231531013070214249e+04 8.943588221495093603e+04 8.662505392449598003e+04 8.388220701560666203e+04 8.120667369662027340e+04 7.859774085852797725e+04 7.605465410105045885e+04 7.357662156041749404e+04 7.116281754534541687e+04 6.881238598787014780e+04 6.652444371582244639e+04 6.429808355376172403e+04 6.213237725921327365e+04 6.002637830100310384e+04 5.797912448641251103e+04 5.598964044376370293e+04 5.405693996693524241e+04 5.218002822813096282e+04 5.035790386507963558e+04 4.858956094865233899e+04 4.687399083669744141e+04 4.521018391969500226e+04 4.359713126363862830e+04 4.203382615534084471e+04 4.051926555515331711e+04 3.905245146190249943e+04 3.763239219462648907e+04 3.625810359550794965e+04 3.492861015820325701e+04 3.364294608557265747e+04 3.240015628064775956e+04 3.119929727447222831e+04 3.003943809429688918e+04 2.891966107543706312e+04 2.783906261993870066e+04 2.679675390504769894e+04 2.579186154433252523e+04 2.482352820416162285e+04 2.389091317810657711e+04 2.299319292172029236e+04 2.212956154999642604e+04 2.129923129972263632e+04 2.050143295881127415e+04 1.973541626459169129e+04 1.900045027294669853e+04 1.829582370007744248e+04 1.762084523858833199e+04 1.697484384949981541e+04 1.635716903170889054e+04 1.576719107033949876e+04 1.520430126535040836e+04 1.466791214169161685e+04 1.415745764223777951e+04 1.367239330465350758e+04 1.321219642328644295e+04 1.277636619712399806e+04 1.236442386478773187e+04 1.197591282748604863e+04 1.161039876079230817e+04 1.126746971606130683e+04 1.094673621224810813e+04 1.064783131884642353e+04 1.037041073061310999e+04 1.011415283470315444e+04 9.878758770792435826e+03 9.663952484724608439e+03 9.469480776175254505e+03 9.295113340785157561e+03 9.140642807172815083e+03 9.005884769200805749e+03 8.890677813827127466e+03 8.794883544834745408e+03 8.718386602700746153e+03 8.661094680817386688e+03 8.622938538253907609e+03 8.603872009199823879e+03 8.603872009199823879e+03
3.691770434828438447e+05 3.691770434828438447e+05 3.689423075429905439e+05 3.684734525390233612e+05 3.677717087421495817e+05 3.668389128868044936e+05 3.656774978429261828e+05 3.642904789774174569e+05 3.626814373171841144e+05 3.608544996537189581e+05 3.588143157558240346e+05 3.565660328829521895e+05 3.541152678161106305e+05 3.514680766458721482e+05 3.486309225776788662e+05 3.456106420322965132e+05 3.424144093340057880e+05 3.390497002902436070e+05 3.355242549735673820e+05 3.318460400199212017e+05 3.280232107558451826e+05 3.240640734616920236e+05 3.199770480679576867e+05 3.157706315678618848e+05 3.114533624115994317e+05 3.070337861265967949e+05 3.025204223842562060e+05 2.979217337075668620e+05 2.932460959861400770e+05 2.885017709365693154e+05 2.836968806167471339e+05 2.788393840739098378e+05 2.739370561779373675e+05 2.689974686644793837e+05 2.640279733871912467e+05 2.590356877550619829e+05 2.540274823097346234e+05 2.490099703791855718e+05 2.439894997280283424e+05 2.389721461112422985e+05 2.339637086272481538e+05 2.289697067577635753e+05 2.239953789758431376e+05 2.190456827995216590e+05 2.141252961666271731e+05 2.092386200061780692e+05 2.043897818832304911e+05 1.995826405968058389e+05 1.948207916145198105e+05 1.901075732323420816e+05 1.854460733535215841e+05 1.808391367868826201e+05 1.762893729711748892e+05 1.717991640389645763e+05 1.673706731404165330e+05 1.630058529541775933e+05 1.587064543193460850e+05 1.544740349291151215e+05 1.503099680330280680e+05 1.462154511008473055e+05 1.421915144067762303e+05 1.382390294981966435e+05 1.343587175180604099e+05 1.305511573547816806e+05 1.268167935977074521e+05 1.231559442801774567e+05 1.195688083957265189e+05 1.160554731761827861e+05 1.126159211232802772e+05 1.092500367879615951e+05 1.059576132938115043e+05 1.027383586030305887e+05 9.959190152511766064e+04 9.651779746990020794e+04 9.351553394783815020e+04 9.058453582164345426e+04 8.772417031411756761e+04 8.493375177790029556e+04 8.221254623343587446e+04 7.955977568189393787e+04 7.697462220023185364e+04 7.445623182577377884e+04 7.200371823793192743e+04 6.961616624476395373e+04 6.729263508211735461e+04 6.503216153310873779e+04 6.283376287560119090e+04 6.069643966526376607e+04 5.861917836165834160e+04 5.660095380463218316e+04 5.464073154810925917e+04 5.273747005819001060e+04 5.089012278222628083e+04 4.909764009534243814e+04 4.735897113062123390e+04 4.567306549894981436e+04 4.403887490427928424e+04 4.245535465981910238e+04 4.092146511044067302e+04 3.943617296635302046e+04 3.799845255286580505e+04 3.660728698084138159e+04 3.526166924223078968e+04 3.396060323485174740e+04 3.270310472040076274e+04 3.148820221946267702e+04 3.031493784711233457e+04 2.918236809251577870e+04 2.808956454576737087e+04 2.703561457503262864e+04 2.601962195690946828e+04 2.504070746276762657e+04 2.409800940368876400e+04 2.319068413648265414e+04 2.231790653313765142e+04 2.147887041592782771e+04 2.067278896029385578e+04 1.989889506749035354e+04 1.915644170889836823e+04 1.844470224379771025e+04 1.776297071228953064e+04 1.711056210498697692e+04 1.648681261098743926e+04 1.589107984557131022e+04 1.532274305898674720e+04 1.478120332760973179e+04 1.426588372869608247e+04 1.377622949987842185e+04 1.331170818449053877e+04 1.287180976374729289e+04 1.245604677674425329e+04 1.206395442918832850e+04 1.169509069171306874e+04 1.134903638858440900e+04 1.102539527754994197e+04 1.072379412153512021e+04 1.044388275284741212e+04 1.018533413049995397e+04 9.947844391223754428e+03 9.731132894694999777e+03 9.534942263462524352e+03 9.359038418018019001e+03 9.203210607414510378e+03 9.067271435796285004e+03 8.951056885168556619e+03 8.854426334694648176e+03 8.777262576772249304e+03 8.719471830103700995e+03 8.680983749939437985e+03 8.661751435636206224e+03 8.661751435636206224e+03
3.790342093100125203e+05 3.790342093100125203e+05 3.787888898993909243e+05 3.782989106221168768e+05 3.775655867750053294e+05 3.765908818558998173e+05 3.753773963122326531e+05 3.739283526813500794e+05 3.722475772444793256e+05 3.703394783463055501e+05 3.682090215617576032e+05 3.658617019203719101e+05 3.633035134261539788e+05 3.605409161365584005e+05 3.575808010875650798e+05 3.544304533723638160e+05 3.510975136980635580e+05 3.475899387578052119e+05 3.439159607641319162e+05 3.400840464931651368e+05 3.361028561877044849e+05 3.319812026610134053e+05 3.277280109316060552e+05 3.233522787031528424e+05 3.188630379831157043e+05 3.142693181094190222e+05 3.095801104267623159e+05 3.048043348240763298e+05 2.999508083127338323e+05 2.950282157920227619e+05 2.900450831151223392e+05 2.850097525358487037e+05 2.799303605845127022e+05 2.748148183908575447e+05 2.696707944437903352e+05 2.645056997517368873e+05 2.593266753443077905e+05 2.541405820357943303e+05 2.489539923537256836e+05 2.437731845215479261e+05 2.386041383732401882e+05 2.334525330692337884e+05 2.283237464773095271e+05 2.232228560787536844e+05 2.181546412590624823e+05 2.131235868432839925e+05 2.081338877386979002e+05 2.031894545515346981e+05 1.982939200496206759e+05 1.934506463490097667e+05 1.886627327094966313e+05 1.839330238313074515e+05 1.792641185529730574e+05 1.746583788583060377e+05 1.701179391082372749e+05 1.656447154212304449e+05 1.612404151335353963e+05 1.569065462779512454e+05 1.526444270268506662e+05 1.484551950518754602e+05 1.443398167589924415e+05 1.402990963634352665e+05 1.363336847745009873e+05 1.324440882650964486e+05 1.286306769054916658e+05 1.248936927448481292e+05 1.212332577277594100e+05 1.176493813364085363e+05 1.141419679518354533e+05 1.107108239304336312e+05 1.073556643940698268e+05 1.040761197341803636e+05 1.008717418319345306e+05 9.774200999796275573e+04 9.468633663642662577e+04 9.170407263918548415e+04 8.879451251668008626e+04 8.595689927282251301e+04 8.319042903169765486e+04 8.049425542429601774e+04 7.786749374377305503e+04 7.530922487792886386e+04 7.281849902768639731e+04 7.039433922038930177e+04 6.803574462670658249e+04 6.574169368982022570e+04 6.351114707547311991e+04 6.134305045126055484e+04 5.923633710335115029e+04 5.718993039862300793e+04 5.520274609991438047e+04 5.327369454188745294e+04 5.140168267468980048e+04 4.958561598235763086e+04 4.782440028260902182e+04 4.611694341442072619e+04 4.446215681948194106e+04 4.285895702336522663e+04 4.130626702198245766e+04 3.980301757862564409e+04 3.834814843665010994e+04 3.694060945259434811e+04 3.557936165430978872e+04 3.426337822842457535e+04 3.299164544125777320e+04 3.176316349708576308e+04 3.057694733744739642e+04 2.943202738499379484e+04 2.832745023519609458e+04 2.726227929904884877e+04 2.623559539973807114e+04 2.524649732608109844e+04 2.429410234540149759e+04 2.337754667834384963e+04 2.249598593801410971e+04 2.164859553568640695e+04 2.083457105520643017e+04 2.005312859809648944e+04 1.930350510126477457e+04 1.858495862911249060e+04 1.789676864173897411e+04 1.723823624084449693e+04 1.660868439485190538e+04 1.600745814467496348e+04 1.543392479149002429e+04 1.488747406778743971e+04 1.436751829290755632e+04 1.387349251420237852e+04 1.340485463489451649e+04 1.296108552964539376e+04 1.254168914878546639e+04 1.214619261210289915e+04 1.177414629303203401e+04 1.142512389403329689e+04 1.109872251390273595e+04 1.079456270770604533e+04 1.051228853997991428e+04 1.025156763180462985e+04 1.001209120230357803e+04 9.793574105085377596e+03 9.595754860102915700e+03 9.418395681363143012e+03 9.261282500883422472e+03 9.124224989250138606e+03 9.007056573098418085e+03 8.909634449797295019e+03 8.831839599582155643e+03 8.773576795348006272e+03 8.734774610275411760e+03 8.715385423428037029e+03 8.715385423428037029e+03
3.891629429195939447e+05 3.891629429195939447e+05 3.889064101033712504e+05 3.883940503586340928e+05 3.876272713289664243e+05 3.866081741828060476e+05 3.853395413487436599e+05 3.838248203154787188e+05 3.820681036279186374e+05 3.800741052439429914e+05 3.778481334491549060e+05 3.753960605592420325e+05 3.727242896705004387e+05 3.698397187484877650e+05 3.667497023715733667e+05 3.634620114698770922e+05 3.599847914198634098e+05 3.563265188700556755e+05 3.524959576834436157e+05 3.485021143866495113e+05 3.443541935145119787e+05 3.400615532314371667e+05 3.356336615977413603e+05 3.310800538303724024e+05 3.264102908837111900e+05 3.216339196477241348e+05 3.167604350288307760e+05 3.117992441439164104e+05 3.067596328210464562e+05 3.016507345623999136e+05 2.964815020868209540e+05 2.912606815317515284e+05 2.859967893580588861e+05 2.806980919671066222e+05 2.753725880077392212e+05 2.700279933221468236e+05 2.646717284542045672e+05 2.593109086219174205e+05 2.539523360371993913e+05 2.486024944413624762e+05 2.432675457131849253e+05 2.379533283982475405e+05 2.326653580030095472e+05 2.274088288946159009e+05 2.221886176474681415e+05 2.170092876796716300e+05 2.118750950264701678e+05 2.067899951032453973e+05 2.017576503173659148e+05 1.967814383958181716e+05 1.918644613038925745e+05 1.870095546390137752e+05 1.822192973928851716e+05 1.774960219842195802e+05 1.728418244734476029e+05 1.682585748797203414e+05 1.637479275290374353e+05 1.593113313706470944e+05 1.549500402066193928e+05 1.506651227868415008e+05 1.464574727284994733e+05 1.423278182254099811e+05 1.382767315184177132e+05 1.343046381032489880e+05 1.304118256571197999e+05 1.265984526695737441e+05 1.228645567669472657e+05 1.192100627232129773e+05 1.156347901529691735e+05 1.121384608849496435e+05 1.087207060166889278e+05 1.053810726529450912e+05 1.021190303320989333e+05 9.893397714617817837e+04 9.582524556127532560e+04 9.279210794606349373e+04 8.983378181688643235e+04 8.694943480845961312e+04 8.413818937962882046e+04 8.139912726398612722e+04 7.873129367526245187e+04 7.613370127757417504e+04 7.360533393055334454e+04 7.114515021935962432e+04 6.875208677943937073e+04 6.642506142571414239e+04 6.416297609569082124e+04 6.196471961572884902e+04 5.982917029940965585e+04 5.775519838670470199e+04 5.574166833229619078e+04 5.378744095110682247e+04 5.189137542877429223e+04 5.005233120448124100e+04 4.826916973322514241e+04 4.654075613430247176e+04 4.486596073245494335e+04 4.324366049782608025e+04 4.167274039057324262e+04 4.015209461568034749e+04 3.868062779324815347e+04 3.725725604925083462e+04 3.588090803149268322e+04 3.455052585525208269e+04 3.326506598284465144e+04 3.202350004111782255e+04 3.082481558067374863e+04 2.966801678039154649e+04 2.855212510064266462e+04 2.747617988838501333e+04 2.643923893715995655e+04 2.544037900483487101e+04 2.447869629178128889e+04 2.355330688202430611e+04 2.266334714975617680e+04 2.180797413347524707e+04 2.098636587987848543e+04 2.019772175952285397e+04 1.944126275614988481e+04 1.871623173146607223e+04 1.802189366707056615e+04 1.735753588512105125e+04 1.672246824924683460e+04 1.611602334712312040e+04 1.553755665605086142e+04 1.498644669280083326e+04 1.446209514891236176e+04 1.396392701257071712e+04 1.349139067811659515e+04 1.304395804418422813e+04 1.262112460140332951e+04 1.222240951054189281e+04 1.184735567191855444e+04 1.149552978685559719e+04 1.116652241189672714e+04 1.085994800646865588e+04 1.057544497461443461e+04 1.031267570138686278e+04 1.007132658444572189e+04 9.851108061360288048e+03 9.651754633080212443e+03 9.473024883996891731e+03 9.314701498979615280e+03 9.176591277734798496e+03 9.058525146797288471e+03 8.960358169429095142e+03 8.881969553663082479e+03 8.823262658698085943e+03 8.784164999810720474e+03 8.764628251922595155e+03 8.764628251922595155e+03
3.995719772796245525e+05 3.995719772796245525e+05 3.993035570987280225e+05 3.987674729762024363e+05 3.979652328860939015e+05 3.968990875629489310e+05 3.955720171276037581e+05 3.939877134181243600e+05 3.921505581669800449e+05 3.900655972017265740e+05 3.877385108829103992e+05 3.851755810290264781e+05 3.823836546135880053e+05 3.793701045529085677e+05 3.761427879343244131e+05 3.727100020621672738e+05 3.690804387220715871e+05 3.652631370823339676e+05 3.612674356630558614e+05 3.571029238094942993e+05 3.527793931046730722e+05 3.483067891480504186e+05 3.436951641117593972e+05 3.389546304642608156e+05 3.340953162234277115e+05 3.291273220681427629e+05 3.240606806002759258e+05 3.189053180083457264e+05 3.136710183414695784e+05 3.083673905583106680e+05 3.030038384719467722e+05 2.975895336684808135e+05 2.921333914361520438e+05 2.866440497030435363e+05 2.811298509460553760e+05 2.755988270019896445e+05 2.700586866837635171e+05 2.645168060809810995e+05 2.589802214046009758e+05 2.534556242199427215e+05 2.479493589007708360e+05 2.424674221294798481e+05 2.370154642638685473e+05 2.315987923898575245e+05 2.262223748807324155e+05 2.208908472873029823e+05 2.156085193889625662e+05 2.103793832429322647e+05 2.052071220774124085e+05 2.000951198837982083e+05 1.950464715731756005e+05 1.900639935727283300e+05 1.851502347482813057e+05 1.803074875497705943e+05 1.755377992868322181e+05 1.708429834516741103e+05 1.662246310161309957e+05 1.616841216388716421e+05 1.572226347273495339e+05 1.528411603070415440e+05 1.485405096580013633e+05 1.443213256854204810e+05 1.401840929971534351e+05 1.361291476666851668e+05 1.321566866650563898e+05 1.282667769496973197e+05 1.244593642020970292e+05 1.207342812096546841e+05 1.170912558901183220e+05 1.135299189596029901e+05 1.100498112473898218e+05 1.066503906626317475e+05 1.033310388196183776e+05 1.000910673295927700e+05 9.692972376812731090e+04 9.384619732790515991e+04 9.083962416738847969e+04 8.790909246630806592e+04 8.505364719922965742e+04 8.227229463863049750e+04 7.956400659898376034e+04 7.692772443335982098e+04 7.436236279390421987e+04 7.186681316743671778e+04 6.943994719714779058e+04 6.708061980114507605e+04 6.478767209826890030e+04 6.255993415128277411e+04 6.039622753720135370e+04 5.829536775413642317e+04 5.625616647368914710e+04 5.427743364752965863e+04 5.235797947642522922e+04 5.049661624960531481e+04 4.869216006198460673e+04 4.694343241638670588e+04 4.524926171756684926e+04 4.360848466448410181e+04 4.201994754692464630e+04 4.048250745228050801e+04 3.899503338793649891e+04 3.755640732446499896e+04 3.616552516450052644e+04 3.482129764192651055e+04 3.352265115571892238e+04 3.226852854256074352e+04 3.105788979210539401e+04 2.988971270853525857e+04 2.876299352185979296e+04 2.767674745219163015e+04 2.663000923005659570e+04 2.562183357561237426e+04 2.465129563948128634e+04 2.371749140775093110e+04 2.281953807354120727e+04 2.195657437739984016e+04 2.112776091865507624e+04 2.033228043973271997e+04 1.956933808532431067e+04 1.883816163818714995e+04 1.813800173324899151e+04 1.746813205160167126e+04 1.682784949586162111e+04 1.621647434830578823e+04 1.563335041309645021e+04 1.507784514383998612e+04 1.454934975764503906e+04 1.404727933678505906e+04 1.357107291899586198e+04 1.312019357738352846e+04 1.269412849085691778e+04 1.229238900594308325e+04 1.191451069078946784e+04 1.156005338210812988e+04 1.122860122576743561e+04 1.091976271168761923e+04 1.063317070365576546e+04 1.036848246462834140e+04 1.012537967805041080e+04 9.903568465678192297e+03 9.702779402353478872e+03 9.522767528140182549e+03 9.363312358194016269e+03 9.224217890703832381e+03 9.105312613202697321e+03 9.006449507515691948e+03 8.927506053575320038e+03 8.868384232301725206e+03 8.829010527710874157e+03 8.809335928382010025e+03 8.809335928382010025e+03
4.102706348226610571e+05 4.102706348226610571e+05 4.099896053887111484e+05 4.094283574831883889e+05 4.085885081196813844e+05 4.074724705772723537e+05 4.060834398139551049e+05 4.044253731905726017e+05 4.025029666555370786e+05 4.003216265801877598e+05 3.978874374751245487e+05 3.952071258584586321e+05 3.922880205870519276e+05 3.891380100005659624e+05 3.857654962642896571e+05 3.821793473291498958e+05 3.783888469550973387e+05 3.744036432655039243e+05 3.702336963151178206e+05 3.658892251610352541e+05 3.613806549251514953e+05 3.567185643271380104e+05 3.519136341492711217e+05 3.469765970692523406e+05 3.419181892645607586e+05 3.367491041534644319e+05 3.314799485942745232e+05 3.261212018171671662e+05 3.206831773133155657e+05 3.151759878552810987e+05 3.096095137720754137e+05 3.039933745530861779e+05 2.983369038081726176e+05 2.926491275676983641e+05 2.869387458664706792e+05 2.812141175204149913e+05 2.754832479742596042e+05 2.697537800729724113e+05 2.640329875890091062e+05 2.583277713216272241e+05 2.526446575732023339e+05 2.469897988003946084e+05 2.413689762348268996e+05 2.357876042681345716e+05 2.302507363993339823e+05 2.247630725481852714e+05 2.193289675459109130e+05 2.139524406239890668e+05 2.086371857322973083e+05 2.033865825293984381e+05 1.982037078997321369e+05 1.930913478647417796e+05 1.880520097673148848e+05 1.830879346210276999e+05 1.782011095274525869e+05 1.733932800761176622e+05 1.686659626524602936e+05 1.640204565892186947e+05 1.594578561060682114e+05 1.549790619910646637e+05 1.505847929853822279e+05 1.462755968400764687e+05 1.420518610201223055e+05 1.379138230369046796e+05 1.338615803954125440e+05 1.298951001471068448e+05 1.260142280433832493e+05 1.222186972880514950e+05 1.185081368902693357e+05 1.148820796219112963e+05 1.113399695855181490e+05 1.078811694007531332e+05 1.045049670187632146e+05 1.012105821749976167e+05 9.799717249198649370e+04 9.486383924423732969e+04 9.180963279791995592e+04 8.883355773832419072e+04 8.593457769826824369e+04 8.311161990065130522e+04 8.036357942831746186e+04 7.768932323424318747e+04 7.508769390481899609e+04 7.255751318874565186e+04 7.009758530371802044e+04 6.770670003270881716e+04 6.538363562124832970e+04 6.312716148670762050e+04 6.093604075014778937e+04 5.880903260083786881e+04 5.674489450313788257e+04 5.474238425496443233e+04 5.280026190663615125e+04 5.091729154845845187e+04 4.909224297498599481e+04 4.732389323347840400e+04 4.561102806368469464e+04 4.395244323568298569e+04 4.234694579215427802e+04 4.079335520108817582e+04 3.929050442460075283e+04 3.783724090920042363e+04 3.643242750254052226e+04 3.507494330139434896e+04 3.376368443531786033e+04 3.249756479018910977e+04 3.127551667557303517e+04 3.009649143962074959e+04 2.895946003498539721e+04 2.786341353903506388e+04 2.680736363143653944e+04 2.579034303200472641e+04 2.481140590153206358e+04 2.386962820815403757e+04 2.296410806164702080e+04 2.209396601791324065e+04 2.125834535577071438e+04 2.045641232804010360e+04 1.968735638879874386e+04 1.895039039856188538e+04 1.824475080904310016e+04 1.756969782905370084e+04 1.692451557299523847e+04 1.630851219333070549e+04 1.572101999831728790e+04 1.516139555622299122e+04 1.462901978716790472e+04 1.412329804366244571e+04 1.364366018085461474e+04 1.318956061743173268e+04 1.276047838806599248e+04 1.235591718823980773e+04 1.197540541222890170e+04 1.161849618497706069e+04 1.128476738854417090e+04 1.097382168376479967e+04 1.068528652771118141e+04 1.041881418751047931e+04 1.017408175102723908e+04 9.950791134880242680e+03 9.748669090227323977e+03 9.567467206713150517e+03 9.406961914938172413e+03 9.266954487773797155e+03 9.147271040811649073e+03 9.047762532204817035e+03 8.968304762121630120e+03 8.908798372002003816e+03 8.869168843775158166e+03 8.849366499162782929e+03 8.849366499162782929e+03
4.212688749997019768e+05 4.212688749997019768e+05 4.209744622326854151e+05 4.203865071527530672e+05 4.195067453144965111e+05 4.183377667038780637e+05 4.168829998303079046e+05 4.151466906967229443e+05 4.131338768060397706e+05 4.108503564057217445e+05 4.083026532171518775e+05 4.054979769423007965e+05 4.024441798861933639e+05 3.991497100786711089e+05 3.956235613211957389e+05 3.918752206232008757e+05 3.879146135254297405e+05 3.837520478338831454e+05 3.793981563061868655e+05 3.748638388410271727e+05 3.701602047207450960e+05 3.652985154464373481e+05 3.602901286845160066e+05 3.551464438139969716e+05 3.498788495257660979e+05 3.444986738797880826e+05 3.390171371752888081e+05 3.334453079336441588e+05 3.277940622358401306e+05 3.220740465975407278e+05 3.162956445062867133e+05 3.104689466889718897e+05 3.046037251242881175e+05 2.987094107655013213e+05 2.927950748945587547e+05 2.868694139894553227e+05 2.809407379535730579e+05 2.750169615282814484e+05 2.691055986884509330e+05 2.632137598046094645e+05 2.573481513446209719e+05 2.515150778818371473e+05 2.457204461750982737e+05 2.399697710880246013e+05 2.342681831204730552e+05 2.286204373330741946e+05 2.230309234559508041e+05 2.175036769845980161e+05 2.120423910789160291e+05 2.066504290952621668e+05 2.013308375955850061e+05 1.960863596921187418e+05 1.909194486003197089e+05 1.858322812865794112e+05 1.808267721105856472e+05 1.759045863748948032e+05 1.710671537061759736e+05 1.663156812036959745e+05 1.616511663009036565e+05 1.570744092953286308e+05 1.525860255105094693e+05 1.481864570614609111e+05 1.438759842018903873e+05 1.396547362376507081e+05 1.355227019961286278e+05 1.314797398460570548e+05 1.275255872662278562e+05 1.236598699650864583e+05 1.198821105561425065e+05 1.161917367965535668e+05 1.125880893983443675e+05 1.090704294233214605e+05 1.056379452740994457e+05 1.022897592946465593e+05 9.902493399453144229e+04 9.584247791155846789e+04 9.274135112782720535e+04 8.972047045440303918e+04 8.677871429978607921e+04 8.391492723729787394e+04 8.112792428626878245e+04 7.841649492161633680e+04 7.577940682608792849e+04 7.321540939899015939e+04 7.072323703480591939e+04 6.830161218460321834e+04 6.594924821265603532e+04 6.366485206016935263e+04 6.144712672747842589e+04 5.929477358557793923e+04 5.720649452731590281e+04 5.518099396805507422e+04 5.321698070512731647e+04 5.131316964489955717e+04 4.946828340578741336e+04 4.768105380511174008e+04 4.595022323723029695e+04 4.427454594995878870e+04 4.265278922589107970e+04 4.108373447482789197e+04 3.956617824317051418e+04 3.809893314576592093e+04 3.668082872536665673e+04 3.531071224455285846e+04 3.398744941465992451e+04 3.270992506598176624e+04 3.147704376324721306e+04 3.028773037011959241e+04 2.914093056623803932e+04 2.803561132009859284e+04 2.697076132085993959e+04 2.594539137197272794e+04 2.495853474934781843e+04 2.400924752660607919e+04 2.309660886979520365e+04 2.221972130381097668e+04 2.137771095262051676e+04 2.056972775525346151e+04 1.979494565940582834e+04 1.905256279439131322e+04 1.834180162505973931e+04 1.766190908820870027e+04 1.701215671292307161e+04 1.639184072617975107e+04 1.580028214498242414e+04 1.523682685620914526e+04 1.470084568528572709e+04 1.419173445472242020e+04 1.370891403349871871e+04 1.325183037820954269e+04 1.281995456683497468e+04 1.241278282593719086e+04 1.202983655204165916e+04 1.167066232790313916e+04 1.133483193431915424e+04 1.102194235809931888e+04 1.073161579676534529e+04 1.046349966050772491e+04 1.021726657188989702e+04 9.992614363752560166e+03 9.789266075730360171e+03 9.606969949762171382e+03 9.445499424937639560e+03 9.304653131990389738e+03 9.184254887715604127e+03 9.084153689556509562e+03 9.004223710571919582e+03 8.944364294967037495e+03 8.904499954338820316e+03 8.884580364754541733e+03 8.884580364754541733e+03
4.325773461242984631e+05 4.325773461242984631e+05 4.322687191000586026e+05 4.316524001981900074e+05 4.307302538787454250e+05 4.295050622877280111e+05 4.279805079138052533e+05 4.261611506497246446e+05 4.240523994232130935e+05 4.216604786093575531e+05 4.189923894865163602e+05 4.160558670496671693e+05 4.128593325481471838e+05 4.094118421672623954e+05 4.057230323232733062e+05 4.018030620876745088e+05 3.976625532962224679e+05 3.933125289304625476e+05 3.887643503816905431e+05 3.840296542189050815e+05 3.791202890822329209e+05 3.740482533112592646e+05 3.688256338939183042e+05 3.634645472867267090e+05 3.579770826122826547e+05 3.523752476867290679e+05 3.466709182696815114e+05 3.408757908644003328e+05 3.350013393282145262e+05 3.290587754846523749e+05 3.230590138611719594e+05 3.170126406113442499e+05 3.109298866194898728e+05 3.048206047298854101e+05 2.986942509931274690e+05 2.925598697789672296e+05 2.864260825689103222e+05 2.803010802126053022e+05 2.741926184098267695e+05 2.681080161638676072e+05 2.620541569425016933e+05 2.560374922782647482e+05 2.500640475403373712e+05 2.441394296149489528e+05 2.382688362393850985e+05 2.324570667456845404e+05 2.267085339832340251e+05 2.210272772043302830e+05 2.154169757126768236e+05 2.098809630913331057e+05 2.044222418434353895e+05 1.990434982957467437e+05 1.937471176313995966e+05 1.885351989339956199e+05 1.834095701401912374e+05 1.783718028120763774e+05 1.734232266537603573e+05 1.685649437087503029e+05 1.637978421858549700e+05 1.591226098713800311e+05 1.545397470944629167e+05 1.500495792205292091e+05 1.456522686549837817e+05 1.413478263455230044e+05 1.371361227769965190e+05 1.330168984574195929e+05 1.289897738977602567e+05 1.250542590915896290e+05 1.212097625034480006e+05 1.174555995771761809e+05 1.137910007773025718e+05 1.102151191780667432e+05 1.067270376157861028e+05 1.033257754211089923e+05 1.000102947482367745e+05 9.677950651853853196e+04 9.363227599611190089e+04 9.056742801282565051e+04 8.758375186019514513e+04 8.468000586518055934e+04 8.185492166662587260e+04 7.910720820858006482e+04 7.643555546629350283e+04 7.383863792009076860e+04 7.131511779175080301e+04 6.886364805744194018e+04 6.648287525063540670e+04 6.417144206779654633e+04 6.192798978904645628e+04 5.975116052537727228e+04 5.763959930338554113e+04 5.559195599792682333e+04 5.360688712250754179e+04 5.168305748667811713e+04 4.981914172916406096e+04 4.801382573496876284e+04 4.626580794417147263e+04 4.457380055969925888e+04 4.293653066089363710e+04 4.135274122928002180e+04 3.982119209253847657e+04 3.834066079230732430e+04 3.690994338108353986e+04 3.552785515316047531e+04 3.419323131420701247e+04 3.290492759381909855e+04 3.166182080507604041e+04 3.046280935487902025e+04 2.930681370860644893e+04 2.819277681238602963e+04 2.711966447607039299e+04 2.608646571980579029e+04 2.509219308688940873e+04 2.413588292544111755e+04 2.321659564124943063e+04 2.233341592400190348e+04 2.148545294896201085e+04 2.067184055602904118e+04 1.989173740799194638e+04 1.914432712966648251e+04 1.842881842951030922e+04 1.774444520519124853e+04 1.709046663451536006e+04 1.646616725300634062e+04 1.587085701936689838e+04 1.530387136996724439e+04 1.476457126343038362e+04 1.425234321632586943e+04 1.376659933091176390e+04 1.330677731580772524e+04 1.287234050042837771e+04 1.246277784394695482e+04 1.207760393951588958e+04 1.171635901441577516e+04 1.137860892676516050e+04 1.106394515937647157e+04 1.077198481130296932e+04 1.050237058758158855e+04 1.025477078763956706e+04 1.002887929279538912e+04 9.824415553248525612e+03 9.641124574918640064e+03 9.478776906462993793e+03 9.337168626765655063e+03 9.216121333164217504e+03 9.115482130643780692e+03 9.035123622203633204e+03 8.974943900566675438e+03 8.934866541377252361e+03 8.914840597998727389e+03 8.914840597998727389e+03
4.442074418902819743e+05 4.442074418902819743e+05 4.438837077632984146e+05 4.432372450178014697e+05 4.422700583202345297e+05 4.409851388324581203e+05 4.393864453156759264e+05 4.374788791222931468e+05 4.352682532440169016e+05 4.327612556358173024e+05 4.299654070909654256e+05 4.268890140014660428e+05 4.235411163997895201e+05 4.199314317393422825e+05 4.160702949313837453e+05 4.119685952113081003e+05 4.076377104560924345e+05 4.030894396139783203e+05 3.983359339352663956e+05 3.933896277082590386e+05 3.882631692050332204e+05 3.829693525282143964e+05 3.775210510221327422e+05 3.719311528704838711e+05 3.662124994495701976e+05 3.603778269430663786e+05 3.544397116532026557e+05 3.484105193668376305e+05 3.423023590554398252e+05 3.361270411078775069e+05 3.298960402165600681e+05 3.236204629625205416e+05 3.173110200754737016e+05 3.109780032817982719e+05 3.046312665978306904e+05 2.982802118784421473e+05 2.919337783916595508e+05 2.856004361594309448e+05 2.792881827818378224e+05 2.730045434468353633e+05 2.667565738194257137e+05 2.605508655020497099e+05 2.543935537612519402e+05 2.482903272235914774e+05 2.422464392552874633e+05 2.362667207546512946e+05 2.303555941030963149e+05 2.245170880387636716e+05 2.187548532361042162e+05 2.130721783943923656e+05 2.074720066578381229e+05 2.019569522093271953e+05 1.965293168984735385e+05 1.911911067824928032e+05 1.859440484752799675e+05 1.807896052156007499e+05 1.757289925798780750e+05 1.707631937782227178e+05 1.658929744842889777e+05 1.611188971603742684e+05 1.564413348486743926e+05 1.518604844081164629e+05 1.473763791836240562e+05 1.429889011010028480e+05 1.386977921862679941e+05 1.345026655128676794e+05 1.304030155842285312e+05 1.263982281623179006e+05 1.224875895555858733e+05 1.186702953818167443e+05 1.149454588230397785e+05 1.113121183909410029e+05 1.077692452221022395e+05 1.043157499229763343e+05 1.009504889848368912e+05 9.767227078904527298e+04 9.447986122287913167e+04 9.137198892592765333e+04 8.834735018670109275e+04 8.540461350859039521e+04 8.254242386380859534e+04 7.975940665327874012e+04 7.705417138979895390e+04 7.442531512109993491e+04 7.187142560870551097e+04 6.939108427776387543e+04 6.698286895229354559e+04 6.464535638955869217e+04 6.237712462656806747e+04 6.017675515099833865e+04 5.804283490813875687e+04 5.597395815482164471e+04 5.396872817062921968e+04 5.202575883608198637e+04 5.014367608691169880e+04 4.832111925295752008e+04 4.655674228970289550e+04 4.484921490994856867e+04 4.319722362264888216e+04 4.159947268547670683e+04 4.005468497725445195e+04 3.856160279598891793e+04 3.711898858786396158e+04 3.572562561219351483e+04 3.438031854699468386e+04 3.308189403953813598e+04 3.182920120592990861e+04 3.062111208351977984e+04 2.945652203965266017e+04 2.833435014006616984e+04 2.725353947999776210e+04 2.621305748086831227e+04 2.521189615520731604e+04 2.424907234231324401e+04 2.332362791697064677e+04 2.243462997339561480e+04 2.158117098642735436e+04 2.076236895186147376e+04 1.997736750768790080e+04 1.922533603787915126e+04 1.850546976027474375e+04 1.781698979999799849e+04 1.715914324975304771e+04 1.653120321826235158e+04 1.593246886802095651e+04 1.536226544347142772e+04 1.481994429062756899e+04 1.430488286911561045e+04 1.381648475753203820e+04 1.335417965296261173e+04 1.291742336545295620e+04 1.250569780816617276e+04 1.211851098391700179e+04 1.175539696872456443e+04 1.141591589298014878e+04 1.109965392079007142e+04 1.080622322800637266e+04 1.053526197942711769e+04 1.028643430560781781e+04 1.005943027968979186e+04 9.853965894622155247e+03 9.669783041115559172e+03 9.506649486638809321e+03 9.364358855736836631e+03 9.242730611919005241e+03 9.141610041336209179e+03 9.060868238439554261e+03 9.000402093782440716e+03 8.960134284099805882e+03 8.940013264775756397e+03 8.940013264775756397e+03
4.561713629804137163e+05 4.561713629804137163e+05 4.558315614460638608e+05 4.551530404226084938e+05 4.541379570952897193e+05 4.527895300153826247e+05 4.511120185330807581e+05 4.491106955556733883e+05 4.467918137985186186e+05 4.441625657515670173e+05 4.412310376462814165e+05 4.380061577753807069e+05 4.344976395897014299e+05 4.307159200696304324e+05 4.266720939409589046e+05 4.223778443722353550e+05 4.178453708507569390e+05 4.130873149828960886e+05 4.081166849996716483e+05 4.029467797677427880e+05 3.975911131082912325e+05 3.920633392107081600e+05 3.863771798954474507e+05 3.805463544313257444e+05 3.745845125494925305e+05 3.685051712209921679e+05 3.623216556805887958e+05 3.560470450889837230e+05 3.496941231319698272e+05 3.432753337612813339e+05 3.368027421906378586e+05 3.302880011741143535e+05 3.237423225143165910e+05 3.171764536766310921e+05 3.106006593237253255e+05 3.040247075324792531e+05 2.974578604134035995e+05 2.909088688206626102e+05 2.843859708178949077e+05 2.778968935514845653e+05 2.714488581766224816e+05 2.650485874827187508e+05 2.587023158715214231e+05 2.524158013531882316e+05 2.461943392413885740e+05 2.400427772472475481e+05 2.339655316929674591e+05 2.279666045882865728e+05 2.220496013360202487e+05 2.162177488561658538e+05 2.104739139409728523e+05 2.048206216756460781e+05 1.992600737805614772e+05 1.937941667509418039e+05 1.884245096886889951e+05 1.831524417382433312e+05 1.779790490541835607e+05 1.729051812425230455e+05 1.679314672304399428e+05 1.630583305306150578e+05 1.582860038763228222e+05 1.536145432122054044e+05 1.490438410332546919e+05 1.445736390709697735e+05 1.402035403312002891e+05 1.359330204927299637e+05 1.317614386795126775e+05 1.276880476224708400e+05 1.237120032292741089e+05 1.198323735823408642e+05 1.160481473867376772e+05 1.123582418906009843e+05 1.087615103013418120e+05 1.052567487211884873e+05 1.018427026256652753e+05 9.851807290846045362e+04 9.528152151578845223e+04 9.213167669283071882e+04 8.906713786430144683e+04 8.608648017042320862e+04 8.318825867889345682e+04 8.037101229258140665e+04 7.763326737186894752e+04 7.497354108967813954e+04 7.239034453637214028e+04 6.988218559083319269e+04 6.744757157318225654e+04 6.508501169374175515e+04 6.279301931203136337e+04 6.057011401879673213e+04 5.841482355327954429e+04 5.632568556721456844e+04 5.430124924632134935e+04 5.234007679938567162e+04 5.044074482437496044e+04 4.860184556042198528e+04 4.682198803393263370e+04 4.509979910653162369e+04 4.343392443202115828e+04 4.182302932907582726e+04 4.026579957590759295e+04 3.876094213272751222e+04 3.730718579742031579e+04 3.590328179947084573e+04 3.454800433684296877e+04 3.324015106016517529e+04 3.197854350828670795e+04 3.076202749898237016e+04 2.958947347830755461e+04 2.845977683187395451e+04 2.737185816108134168e+04 2.632466352712457956e+04 2.531716466540387046e+04 2.434835917278195120e+04 2.341727066996034046e+04 2.252294894108949302e+04 2.166447005258825084e+04 2.084093645300073331e+04 2.005147705560421673e+04 1.929524730536151037e+04 1.857142923170294671e+04 1.787923148852341183e+04 1.721788938268799757e+04 1.658666489225183250e+04 1.598484667552267820e+04 1.541175007201538938e+04 1.486671709628246936e+04 1.434911642553808633e+04 1.385834338193200165e+04 1.339381991027219738e+04 1.295499455194676557e+04 1.254134241573813597e+04 1.215236514618139881e+04 1.178759089007311559e+04 1.144657426169242535e+04 1.112889630725973257e+04 1.083416446911705680e+04 1.056201255008303815e+04 1.031210067839431031e+04 1.008411527361775734e+04 9.877769013882956642e+03 9.692800804755252102e+03 9.528975750038271144e+03 9.386085124767851084e+03 9.263946350629750668e+03 9.162402974005890428e+03 9.081324646830162237e+03 9.020607110402625040e+03 8.980172182291202262e+03 8.959967746420164985e+03 8.959967746420164985e+03
4.684821842183997505e+05 4.684821842183997505e+05 4.681252814783764188e+05 4.674126412973376573e+05 4.663465867778345710e+05 4.649305838675106061e+05 4.631692190057880944e+05 4.610681694855794194e+05 4.586341666899716365e+05 4.558749524232632830e+05 4.527992286250126199e+05 4.494166008335878723e+05 4.457375158501425758e+05 4.417731941417325288e+05 4.375355576098748134e+05 4.330371534337316989e+05 4.282910747710189898e+05 4.233108791606886080e+05 4.181105055158577161e+05 4.127041906204359839e+05 4.071063860470175860e+05 4.013316763960895478e+05 3.953946997177363373e+05 3.893100709186995518e+05 3.830923088818067918e+05 3.767557679349471582e+05 3.703145742059209733e+05 3.637825672921434161e+05 3.571732475633104332e+05 3.504997293051255983e+05 3.437746998056217562e+05 3.370103843859648332e+05 3.302185172863612534e+05 3.234103182373332675e+05 3.165964744775342988e+05 3.097871279223204474e+05 3.029918671427206718e+05 2.962197237812594976e+05 2.894791730094086961e+05 2.827781376195742050e+05 2.761239953418356599e+05 2.695235889806988416e+05 2.629832389786828426e+05 2.565087580304020084e+05 2.501054673917784821e+05 2.437782145529181289e+05 2.375313919691393094e+05 2.313689565717534279e+05 2.252944498076416785e+05 2.193110179839359771e+05 2.134214327207003662e+05 2.076281113398713060e+05 2.019331370427968504e+05 1.963382787511579518e+05 1.908450105066736578e+05 1.854545303439940617e+05 1.801677785681965470e+05 1.749854553836614650e+05 1.699080378346325015e+05 1.649357960297527025e+05 1.600688086332434905e+05 1.553069776143545751e+05 1.506500422543588502e+05 1.460975924168499769e+05 1.416490810924211401e+05 1.373038362332360412e+05 1.330610718965443957e+05 1.289198987189693144e+05 1.248793337455335131e+05 1.209383096389294660e+05 1.170956832955897989e+05 1.133502438957889244e+05 1.097007204152234335e+05 1.061457886255569174e+05 1.026840776111004525e+05 9.931417582836590009e+04 9.603463673458604899e+04 9.284398401051564724e+04 8.974071640200210095e+04 8.672331220386229688e+04 8.379023340862606710e+04 8.093992954169309814e+04 7.817084120342392998e+04 7.548140333764092065e+04 7.287004824499267852e+04 7.033520835862529930e+04 6.787531879861207562e+04 6.548881972061838314e+04 6.317415847336847946e+04 6.092979157856395614e+04 5.875418654606427299e+04 5.664582353629351564e+04 5.460319688108724949e+04 5.262481647342893120e+04 5.070920903582882602e+04 4.885491927644465613e+04 4.706051094140439818e+04 4.532456777121605410e+04 4.364569436859052803e+04 4.202251698448845855e+04 4.045368422871980874e+04 3.893786771096935990e+04 3.747376261770649580e+04 3.606008823002844292e+04 3.469558838714614831e+04 3.337903189985038625e+04 3.210921291800678227e+04 3.088495125581054526e+04 2.970509267828812517e+04 2.856850915224316122e+04 2.747409906464818778e+04 2.642078741123569489e+04 2.540752595786423262e+04 2.443329337703372585e+04 2.349709536176545589e+04 2.259796471889082386e+04 2.173496144366308727e+04 2.090717277745019965e+04 2.011371325016146147e+04 1.935372470893263016e+04 1.862637633449138593e+04 1.793086464652812720e+04 1.726641349929953503e+04 1.663227406861588315e+04 1.602772483127730084e+04 1.545207153795426166e+04 1.490464718044263645e+04 1.438481195415423826e+04 1.389195321665350457e+04 1.342548544298770867e+04 1.298485017851364501e+04 1.256951598987356192e+04 1.217897841472673827e+04 1.181275991080386484e+04 1.147040980480950566e+04 1.115150424165938057e+04 1.085564613450740035e+04 1.058246511597911558e+04 1.033161749099747976e+04 1.010278619155718116e+04 9.895680733770843290e+03 9.710037177485781285e+03 9.545618088737208382e+03 9.402212505283645442e+03 9.279635905435121458e+03 9.177730180369848313e+03 9.096363610100086589e+03 9.035430843231737526e+03 8.994852880631529843e+03 8.974577063096914571e+03 8.974577063096914571e+03
4.811539277521928889e+05 4.811539277521928889e+05 4.807788099472583272e+05 4.800298301836935570e+05 4.789094920372469351e+05 4.774215306045024772e+05 4.755708882572270231e+05 4.733636824526918936e+05 4.708071657427484752e+05 4.679096781880638446e+05 4.646805924612145172e+05 4.611302520125966985e+05 4.572699027731546666e+05 4.531116189741907874e+05 4.486682237716098898e+05 4.439532054644907475e+05 4.389806301901832921e+05 4.337650520546595217e+05 4.283214217132523190e+05 4.226649944494634983e+05 4.168112388060126686e+05 4.107757468022168032e+05 4.045741467254415038e+05 3.982220194140430540e+05 3.917348188579177950e+05 3.851277978344424628e+05 3.784159391768756323e+05 3.716138931438348955e+05 3.647359212271535071e+05 3.577958466056021862e+05 3.508070113276073243e+05 3.437822401906159939e+05 3.367338111805751105e+05 3.296734322441521217e+05 3.226122240897297743e+05 3.155607086515248520e+05 3.085288028040013160e+05 3.015258168807186885e+05 2.945604575315066031e+05 2.876408344434830942e+05 2.807744704531005118e+05 2.739683145868121646e+05 2.672287575853522285e+05 2.605616494897517841e+05 2.539723188942575944e+05 2.474655935014967108e+05 2.410458216469433974e+05 2.347168944923409726e+05 2.284822686201891047e+05 2.223449887932285492e+05 2.163077106733909750e+05 2.103727233235423628e+05 2.045419713424475631e+05 1.988170765082509315e+05 1.931993588285417354e+05 1.876898569156265294e+05 1.822893476240108139e+05 1.769983649033894180e+05 1.718172178346803121e+05 1.667460078290691890e+05 1.617846449806618039e+05 1.569328635724279447e+05 1.521902367426589481e+05 1.475561903255269281e+05 1.430300158844215039e+05 1.386108829608565720e+05 1.342978505649075669e+05 1.300898779355776933e+05 1.259858346011953545e+05 1.219845097710952687e+05 1.180846210904600739e+05 1.142848227904668747e+05 1.105837132657411421e+05 1.069798421107114991e+05 1.034717166458702413e+05 1.000578079640802025e+05 9.673655652614493738e+04 9.350637733380020654e+04 9.036566470711688453e+04 8.731279669214505702e+04 8.434613912338808586e+04 8.146404936446402280e+04 7.866487974908672913e+04 7.594698074326377537e+04 7.330870384843397187e+04 7.074840426407662744e+04 6.826444332721980754e+04 6.585519074516388355e+04 6.351902663672371273e+04 6.125434339625886787e+04 5.905954739384657296e+04 5.693306052402960631e+04 5.487332161472507869e+04 5.287878770707788499e+04 5.094793521628093004e+04 4.907926098267243651e+04 4.727128322175139328e+04 4.552254238112630264e+04 4.383160191182995914e+04 4.219704896087914676e+04 4.061749499145699519e+04 3.909157633661771979e+04 3.761795469196875638e+04 3.619531755238472397e+04 3.482237859741537250e+04 3.349787802971334895e+04 3.222058287046151963e+04 3.098928721549439433e+04 2.980281245552545806e+04 2.866000746362419522e+04 2.755974875286002862e+04 2.650094060680900657e+04 2.548251518540727193e+04 2.450343260846148405e+04 2.356268101894329084e+04 2.265927662804360079e+04 2.179226374380980633e+04 2.096071478506053973e+04 2.016373028214575970e+04 1.940043886600267433e+04 1.866999724685912952e+04 1.797159018383414514e+04 1.730443044659636871e+04 1.666775877016210870e+04 1.606084380383294047e+04 1.548298205520552074e+04 1.493349783012386797e+04 1.441174316937635012e+04 1.391709778288925736e+04 1.344896898211899497e+04 1.300679161128509440e+04 1.259002797805624868e+04 1.219816778424563199e+04 1.183072805704101120e+04 1.148725308125324773e+04 1.116731433303199628e+04 1.087051041546712622e+04 1.059646699645655281e+04 1.034483674919963414e+04 1.011529929563720361e+04 9.907561153140073657e+03 9.721355684714768358e+03 9.556443052974680541e+03 9.412610178096965683e+03 9.289670699962072831e+03 9.187464944651983387e+03 9.105859895455594597e+03 9.044749168512295000e+03 9.004052993198660261e+03 8.983718197345229783e+03 8.983718197345229783e+03
4.942016427915070672e+05 4.942016427915070672e+05 4.938071088678716333e+05 4.930193953144869301e+05 4.918412019571082201e+05 4.902765566425392171e+05 4.883307890117751085e+05 4.860104956213750411e+05 4.833234965252868133e+05 4.802787834964081994e+05 4.768864601539692958e+05 4.731576743679713691e+05 4.691045434318058542e+05 4.647400726237111958e+05 4.600780679099694244e+05 4.551330436706165201e+05 4.499201264444893459e+05 4.444549557871126453e+05 4.387535834069011617e+05 4.328323717872812413e+05 4.267078935122897965e+05 4.203968324895218830e+05 4.139158882087731035e+05 4.072816840891002794e+05 4.005106808564298553e+05 3.936190957624128787e+05 3.866228283098741085e+05 3.795373929960404057e+05 3.723778594283447019e+05 3.651588000142513774e+05 3.578942452809475362e+05 3.505976467469565687e+05 3.432818471486996277e+05 3.359590577227280010e+05 3.286408421597548295e+05 3.213381067803120241e+05 3.140610964329146664e+05 3.068193955835208762e+05 2.996219340477751684e+05 2.924769968139957055e+05 2.853922374124891940e+05 2.783746943040572223e+05 2.714308097854728112e+05 2.645664509402333642e+05 2.577869321976760693e+05 2.510970391007802682e+05 2.445010529216224677e+05 2.380027758022960916e+05 2.316055561372347875e+05 2.253123139497558004e+05 2.191255660505161795e+05 2.130474507982562354e+05 2.070797523134089133e+05 2.012239240226098627e+05 1.954811114370193682e+05 1.898521740895568510e+05 1.843377065757002274e+05 1.789380586596920621e+05 1.736533544228304527e+05 1.684835104432127264e+05 1.634282530070991488e+05 1.584871343610250333e+05 1.536595480212280818e+05 1.489447431629078928e+05 1.443418381166681065e+05 1.398498330030872021e+05 1.354676215390882862e+05 1.311940020517790981e+05 1.270276877365434775e+05 1.229673161968954810e+05 1.190114583037234988e+05 1.151586264113059151e+05 1.114072819669345481e+05 1.077558425501049642e+05 1.042026883762499347e+05 1.007461682987388194e+05 9.738460534157707298e+04 9.411630179386165401e+04 9.093954389556980459e+04 8.785260614280161099e+04 8.485375523912337667e+04 8.194125371816777624e+04 7.911336326122285391e+04 7.636834773210957064e+04 7.370447595028571959e+04 7.112002422178772395e+04 6.861327864634677826e+04 6.618253721781379136e+04 6.382611173384998983e+04 6.154232952976479282e+04 5.932953505031829263e+04 5.718609127235216147e+04 5.511038099016139313e+04 5.310080797466930380e+04 5.115579801665325795e+04 4.927379986349957471e+04 4.745328605826255080e+04 4.569275368913268903e+04 4.399072505681237089e+04 4.234574826670932816e+04 4.075639775233851833e+04 3.922127473581791855e+04 3.773900763089090469e+04 3.630825239348561445e+04 3.492769282441852556e+04 3.359604082850674604e+04 3.231203663399591096e+04 3.107444897592210327e+04 2.988207524672530417e+04 2.873374161719021140e+04 2.762830313052370184e+04 2.656464377217903893e+04 2.554167651782292887e+04 2.455834336165479908e+04 2.361361532711657856e+04 2.270649246187430253e+04 2.183600381880606074e+04 2.100120742460125985e+04 2.020119023744735387e+04 1.943506809517598595e+04 1.870198565513213180e+04 1.800111632693554202e+04 1.733166219922228629e+04 1.669285396136448981e+04 1.608395082110455041e+04 1.550424041896178824e+04 1.495303874021550291e+04 1.442969002520446338e+04 1.393356667863416260e+04 1.346406917853114828e+04 1.302062598543930108e+04 1.260269345241089832e+04 1.220975573630205145e+04 1.184132471085145335e+04 1.149693988198083389e+04 1.117616830572586878e+04 1.087860450917425260e+04 1.060387041476014929e+04 1.035161526823483109e+04 1.012151557060836240e+04 9.913275014331418788e+03 9.726624423961588036e+03 9.561321701538900015e+03 9.417151776865461215e+03 9.293926562872755312e+03 9.191484916227960639e+03 9.109692603319990667e+03 9.048442271736952534e+03 9.007653427335659217e+03 8.987272416975039960e+03 8.987272416975039960e+03
5.076414924552423763e+05 5.076414924552423763e+05 5.072262464352754178e+05 5.063972156664718641e+05 5.051573132721320144e+05 5.035108853848955478e+05 5.014636828786792466e+05 4.990228236946954858e+05 4.961967458239240223e+05 4.929951510784580605e+05 4.894289398818311165e+05 4.855101374319593888e+05 4.812518117354226415e+05 4.766679841710327892e+05 4.717735334055254934e+05 4.665840936449657311e+05 4.611159483519869973e+05 4.553859206821974949e+05 4.494112619849063922e+05 4.432095397679984453e+05 4.367985265408023261e+05 4.301960909210570389e+05 4.234200923239784315e+05 4.164882804471137351e+05 4.094182006289438577e+05 4.022271059994993266e+05 3.949318771646320820e+05 3.875489499801764032e+05 3.800942517851984594e+05 3.725831462817923748e+05 3.650303870782139711e+05 3.574500797571376897e+05 3.498556521948538139e+05 3.422598327424180461e+05 3.346746357870392967e+05 3.271113541413512430e+05 3.195805576587775722e+05 3.120920974431782379e+05 3.046551150088006980e+05 2.972780557492962107e+05 2.899686860905325739e+05 2.827341137277352973e+05 2.755808103818500531e+05 2.685146365496126236e+05 2.615408677657786466e+05 2.546642219415772415e+05 2.478888873901186162e+05 2.412185511953856912e+05 2.346564276260489423e+05 2.282052863376549212e+05 2.218674801464737684e+05 2.156449721949207305e+05 2.095393623619509744e+05 2.035519128019276541e+05 1.976835725224049820e+05 1.919350009349449538e+05 1.863065903337961936e+05 1.807984872751123039e+05 1.754106128446489165e+05 1.701426818147001613e+05 1.649942207017491455e+05 1.599645847450399888e+05 1.550529738333306450e+05 1.502584474126078712e+05 1.455799384117728914e+05 1.410162662264010869e+05 1.365661488027938467e+05 1.322282138658560871e+05 1.280010093349474191e+05 1.238830129718868557e+05 1.198726413049128605e+05 1.159682578715633717e+05 1.121681808223627304e+05 1.084706899258843187e+05 1.048740330142646271e+05 1.013764319065898308e+05 9.797608784590770665e+04 9.467118648384315020e+04 9.145990244500378321e+04 8.834040350162691902e+04 8.531085438711423194e+04 8.236942027542632422e+04 7.951426995159886428e+04 7.674357869706019119e+04 7.405553091184684308e+04 7.144832249435334234e+04 6.892016299780629924e+04 6.646927758134539181e+04 6.409390877228822501e+04 6.179231805497566529e+04 5.956278730045217526e+04 5.740362005019262142e+04 5.531314266607208992e+04 5.328970535785985703e+04 5.133168309865457559e+04 4.943747643785840773e+04 4.760551222054663231e+04 4.583424422138827504e+04 4.412215370062799775e+04 4.246774988903709163e+04 4.086957040818616952e+04 3.932618163188781909e+04 3.783617899417581066e+04 3.639818724874813779e+04 3.501086068441272073e+04 3.367288330069184303e+04 3.238296894740071002e+04 3.113986143171439107e+04 2.994233459593291263e+04 2.878919236890683169e+04 2.767926879382955303e+04 2.661142803488772915e+04 2.558456436506126192e+04 2.459760213716780345e+04 2.364949574008485797e+04 2.273922954192068210e+04 2.186581782177036803e+04 2.102830469155374158e+04 2.022576400931667376e+04 1.945729928527089578e+04 1.872204358174206936e+04 1.801915940810860411e+04 1.734783861172754769e+04 1.670730226576965288e+04 1.609680055481508680e+04 1.551561265899427053e+04 1.496304663740370052e+04 1.443843931146822251e+04 1.394115614887519587e+04 1.347059114865589436e+04 1.302616672795135673e+04 1.260733361095669534e+04 1.221357072050264651e+04 1.184438507270222362e+04 1.149931167505113262e+04 1.117791342835063006e+04 1.087978103278618983e+04 1.060453289847068845e+04 1.035181506073910532e+04 1.012130110045437686e+04 9.912692069563196128e+03 9.725716422119283379e+03 9.560129950970762366e+03 9.415715730287323822e+03 9.292284064085153659e+03 9.189672440888167330e+03 9.107745494645236249e+03 9.046394972006592070e+03 9.005539706043002298e+03 8.985125596477504587e+03 8.985125596477504587e+03
5.214908483128969674e+05 5.214908483128969674e+05 5.210534909484335221e+05 5.201803536374633550e+05 5.188745811466103187e+05 5.171408654205910279e+05 5.149854152584747644e+05 5.124159157880649436e+05 5.094414777243701392e+05 5.060725764699118445e+05 5.023209812249522656e+05 4.981996744224285940e+05 4.937227619793093181e+05 4.889053750540491892e+05 4.837635642069402384e+05 4.783141870637101820e+05 4.725747907690666034e+05 4.665634906743985484e+05 4.602988468214960303e+05 4.537997398548312485e+05 4.470852480140769039e+05 4.401745268250115914e+05 4.330866930231256993e+05 4.258407141151511460e+05 4.184553048165870132e+05 4.109488314074478694e+05 4.033392248332019080e+05 3.956439031534697278e+05 3.878797037167712697e+05 3.800628252237230190e+05 3.722087796407624264e+05 3.643323537467750139e+05 3.564475799402712146e+05 3.485677158062072122e+05 3.407052318409500876e+05 3.328718066598370788e+05 3.250783289631966036e+05 3.173349055111330235e+05 3.096508743522583973e+05 3.020348225634472328e+05 2.944946077839811915e+05 2.870373828646182665e+05 2.796696229976892937e+05 2.723971547452881350e+05 2.652251864371605916e+05 2.581583394656311430e+05 2.512006800605361350e+05 2.443557511811774166e+05 2.376266042140070058e+05 2.310158302131017263e+05 2.245255904653277539e+05 2.181576462029287359e+05 2.119133873230379540e+05 2.057938600064261118e+05 1.997997931565827748e+05 1.939316236053690373e+05 1.881895200530264992e+05 1.825734057287421601e+05 1.770829797733207815e+05 1.717177373583214649e+05 1.664769885663628811e+05 1.613598760655939986e+05 1.563653916177992651e+05 1.514923914644834585e+05 1.467396106387481268e+05 1.421056762531765853e+05 1.375891198152955330e+05 1.331883886227283219e+05 1.289018562900812685e+05 1.247278324589120602e+05 1.206645717411126534e+05 1.167102819445231871e+05 1.128631316280052415e+05 1.091212570312756579e+05 1.054827684227884747e+05 1.019457559069229610e+05 9.850829472952728975e+04 9.516845011878435616e+04 9.192428169618255924e+04 8.877384749031973479e+04 8.571520758419936465e+04 8.274642742470616940e+04 7.986558082103745255e+04 7.707075265705263882e+04 7.436004134074771719e+04 7.173156101243193552e+04 6.918344353159036837e+04 6.671384026097091555e+04 6.432092366503271478e+04 6.200288873859043815e+04 5.975795428028424067e+04 5.758436402434395131e+04 5.548038764308933605e+04 5.344432163158798357e+04 5.147449008499039337e+04 4.956924537822358980e+04 4.772696875690352317e+04 4.594607084763620514e+04 4.422499209517290001e+04 4.256220313327830809e+04 4.095620509559462516e+04 3.940552987225750985e+04 3.790874031752667361e+04 3.646443041325986269e+04 3.507122539264064108e+04 3.372778182819343056e+04 3.243278768777756704e+04 3.118496236194357334e+04 2.998305666572397968e+04 2.882585281769443100e+04 2.771216439887341039e+04 2.664083629383101652e+04 2.561074461615506516e+04 2.462079662025322614e+04 2.366993060129566220e+04 2.275711578495252252e+04 2.188135220843671414e+04 2.104167059424358376e+04 2.023713221785425048e+04 1.946682877056881625e+04 1.872988221854401127e+04 1.802544465901118383e+04 1.735269817458141188e+04 1.671085468646719164e+04 1.609915580738743301e+04 1.551687269485460274e+04 1.496330590549798399e+04 1.443778525101876949e+04 1.393966965632925712e+04 1.346834702038860087e+04 1.302323408020349780e+04 1.260377627842929360e+04 1.220944763497687200e+04 1.183975062299288402e+04 1.149421604955721523e+04 1.117240294141804225e+04 1.087389843605119495e+04 1.059831767831561046e+04 1.034530372295129018e+04 1.011452744314404117e+04 9.905687445365918393e+03 9.718509990676633606e+03 9.552748922656399372e+03 9.408185602123587159e+03 9.284628848770133118e+03 9.181914889836589282e+03 9.099907315929203833e+03 9.038497044067518800e+03 8.997602288034786397e+03 8.977168536091463466e+03 8.977168536091463466e+03
5.357683932247566991e+05 5.357683932247566991e+05 5.353074130234282929e+05 5.343871559872669168e+05 5.330110181632634485e+05 5.311840668358049588e+05 5.289130082009705948e+05 5.262061440099183237e+05 5.230733170539379353e+05 5.195258454355826252e+05 5.155764456955778296e+05 5.112391450411323458e+05 5.065291831393030006e+05 5.014629041874688701e+05 4.960576402352477890e+05 4.903315869916685624e+05 4.843036735900276690e+05 4.779934279847211437e+05 4.714208398054878344e+05 4.646062225857632002e+05 4.575700773068134440e+05 4.503329591581336572e+05 4.429153493096646853e+05 4.353375333302904619e+05 4.276194876796436729e+05 4.197807754582869820e+05 4.118404523377977894e+05 4.038169833194043022e+05 3.957281707000033348e+05 3.875910933674650732e+05 3.794220573116641608e+05 3.712365570298051462e+05 3.630492473285575979e+05 3.548739248831453733e+05 3.467235188050615252e+05 3.386100893944913987e+05 3.305448342080050497e+05 3.225381005537106539e+05 3.145994035310898907e+05 3.067374487568023033e+05 2.989601589575958205e+05 2.912747036626437912e+05 2.836875312871165224e+05 2.762044029634384206e+05 2.688304275436198222e+05 2.615700972636106890e+05 2.544273236264101870e+05 2.474054731239046960e+05 2.405074024767892552e+05 2.337354931269046792e+05 2.270916847664263623e+05 2.205775077335595561e+05 2.141941141444082314e+05 2.079423076660857769e+05 2.018225718665610184e+05 1.958350971031230292e+05 1.899798059334782010e+05 1.842563770521012775e+05 1.786642677697322215e+05 1.732027350662841345e+05 1.678708552572363405e+05 1.626675423211065354e+05 1.575915649412895727e+05 1.526415623194801155e+05 1.478160588205220993e+05 1.431134775099441467e+05 1.385321526458925218e+05 1.340703411868824915e+05 1.297262333757621527e+05 1.254979624589432351e+05 1.213836135979580140e+05 1.173812320284201996e+05 1.134888305190078245e+05 1.097043961807165324e+05 1.060258966739415773e+05 1.024512858585116483e+05 9.897850892904654029e+04 9.560550707555457484e+04 9.233022170664073201e+04 8.915059827025393315e+04 8.606458970457418764e+04 8.307015954938072537e+04 8.016528474610651028e+04 7.734795815272109758e+04 7.461619079769545351e+04 7.196801389543646656e+04 6.940148064392867673e+04 6.691466782364864775e+04 6.450567721536916360e+04 6.217263685306201660e+04 5.991370212678390817e+04 5.772705674924523191e+04 5.561091359861719684e+04 5.356351544910643133e+04 5.158313559984498715e+04 4.966807841177936643e+04 4.781667976138879749e+04 4.602730741933299578e+04 4.429836136142059695e+04 4.262827401864160493e+04 4.101551047244214715e+04 3.945856860084933578e+04 3.795597918058087089e+04 3.650630594981944887e+04 3.510814563589588215e+04 3.376012795177767111e+04 3.246091556488331844e+04 3.120920404144929125e+04 3.000372176936845426e+04 2.884322986217281141e+04 2.772652204658263145e+04 2.665242453582859525e+04 2.561979589076285265e+04 2.462752687057778894e+04 2.367454027481003868e+04 2.275979077813732874e+04 2.188226475935597045e+04 2.104098012579582428e+04 2.023498613432507045e+04 1.946336320998950760e+04 1.872522276324663835e+04 1.801970700666855919e+04 1.734598877191407882e+04 1.670327132770028402e+04 1.609078819944872703e+04 1.550780299121516327e+04 1.495360921047185366e+04 1.442753009625952473e+04 1.392891845118226229e+04 1.345715647768812414e+04 1.301165561903422895e+04 1.259185640530886849e+04 1.219722830485482700e+04 1.182726958140414899e+04 1.148150715721863344e+04 1.115949648249957681e+04 1.086082141131462595e+04 1.058509408426609662e+04 1.033195481810745332e+04 1.010107200249694688e+04 9.892142004061770422e+03 9.704889077927598919e+03 9.539065286856455714e+03 9.394450428118325362e+03 9.270851968210903578e+03 9.168104985525129450e+03 9.086072121043962397e+03 9.024643537147003372e+03 8.983736884582469429e+03 8.963297277652753110e+03 8.963297277652753110e+03
5.504942330940243555e+05 5.504942330940243555e+05 5.500079967275867239e+05 5.490373637085221708e+05 5.475860022346047917e+05 5.456593864010007819e+05 5.432647620261285920e+05 5.404111005986169912e+05 5.371090410534054972e+05 5.333708191546562593e+05 5.292101844062728342e+05 5.246423046239849646e+05 5.196836585747004137e+05 5.143519174029575079e+05 5.086658158994155820e+05 5.026450149991395883e+05 4.963099572045205277e+05 4.896817168873489136e+05 4.827818476192642120e+05 4.756322287965723663e+05 4.682549138578255079e+05 4.606719823399367160e+05 4.529053978855783353e+05 4.449768741117931204e+05 4.369077499899456743e+05 4.287188760866030352e+05 4.204305126901553012e+05 4.120622405151522835e+05 4.036328843506478588e+05 3.951604497123702895e+05 3.866620722819768707e+05 3.781539796764351195e+05 3.696514648912823759e+05 3.611688706049670582e+05 3.527195834166232962e+05 3.443160370147707290e+05 3.359697232352682040e+05 3.276912099594923784e+05 3.194901648226383841e+05 3.113753837425435195e+05 3.033548233362624887e+05 2.954356363605553051e+05 2.876242093887406518e+05 2.799262020173175260e+05 2.723465869774304447e+05 2.648896906070886762e+05 2.575592332176142663e+05 2.503583689610231086e+05 2.432897248728297127e+05 2.363554388267152826e+05 2.295571961931548431e+05 2.228962650435178948e+05 2.163735297844912566e+05 2.099895231451914296e+05 2.037444564713714062e+05 1.976382483081715181e+05 1.916705512753562070e+05 1.858407772573821130e+05 1.801481209454312921e+05 1.745915817801740777e+05 1.691699843529001519e+05 1.638819973292010545e+05 1.587261509638787829e+05 1.537008532786376600e+05 1.488044049755230662e+05 1.440350131594108534e+05 1.393908039421856811e+05 1.348698339999206946e+05 1.304701011523826746e+05 1.261895540318708954e+05 1.220261009056218754e+05 1.179776177131708682e+05 1.140419553769387130e+05 1.102169464411882509e+05 1.065004110913643090e+05 1.028901626026352606e+05 9.938401226342788141e+04 9.597977381669844908e+04 9.267526745881829993e+04 8.946832343314429454e+04 8.635678525269126112e+04 8.333851258381041407e+04 8.041138382037595147e+04 7.757329837572222459e+04 7.482217871748315520e+04 7.215597216846642550e+04 6.957265249488032714e+04 6.707022130146346171e+04 6.464670925148679089e+04 6.230017712809900695e+04 6.002871675209067325e+04 5.783045176989246102e+04 5.570353832441336999e+04 5.364616562025625171e+04 5.165655639384242386e+04 4.973296729801796755e+04 4.787368920991850609e+04 4.607704747003754164e+04 4.434140205975918798e+04 4.266514772394593456e+04 4.104671404457921017e+04 3.948456547088983643e+04 3.797720131093756208e+04 3.652315568910905131e+04 3.512099747361644404e+04 3.376933017767683486e+04 3.246679183772892793e+04 3.121205487169694243e+04 3.000382592006927734e+04 2.884084567224932471e+04 2.772188868045344861e+04 2.664576316316887824e+04 2.561131080002824092e+04 2.461740651976230220e+04 2.366295828274149244e+04 2.274690685946795202e+04 2.186822560626596896e+04 2.102592023927626724e+04 2.021902860778264585e+04 1.944662046778630247e+04 1.870779725666038939e+04 1.800169186964819892e+04 1.732746843889119555e+04 1.668432211561398071e+04 1.607147885603427494e+04 1.548819521152156267e+04 1.493375812347413921e+04 1.440748472334882717e+04 1.390872213823817219e+04 1.343684730235692768e+04 1.299126677476855002e+04 1.257141656365380368e+04 1.217676195740140611e+04 1.180679736277431402e+04 1.146104615038659358e+04 1.113906050770369802e+04 1.084042129976469187e+04 1.056473793780629967e+04 1.031164825595177535e+04 1.008081839611749638e+04 9.871942701272795603e+03 9.684743617176722182e+03 9.518971602704847101e+03 9.374405048865264689e+03 9.250850206593640905e+03 9.148141123405594044e+03 9.066139588974192520e+03 9.004735089690546374e+03 8.963844772255197313e+03 8.943413416338478783e+03 8.943413416338478783e+03
5.656900181341103744e+05 5.656900181341103744e+05 5.651767602648782777e+05 5.641522315091036726e+05 5.626203941871918505e+05 5.605871624617563793e+05 5.580603666119624395e+05 5.550497045835148310e+05 5.515666802876547445e+05 5.476245281863723649e+05 5.432381238661085954e+05 5.384238805631865980e+05 5.331996319465617416e+05 5.275845018643082585e+05 5.215987621914793272e+05 5.152636803466411075e+05 5.086013584413647768e+05 5.016345663623391301e+05 4.943865713363685645e+05 4.868809666778645478e+05 4.791415024586757645e+05 4.711919207709459588e+05 4.630557980830175802e+05 4.547563969300054014e+05 4.463165288529872778e+05 4.377584301249032724e+05 4.291036513990504900e+05 4.203729620084963972e+05 4.115862692503918661e+05 4.027625526235604193e+05 3.939198126626940211e+05 3.850750337358465185e+05 3.762441599478475400e+05 3.674420831218672683e+05 3.586826417127345339e+05 3.499786294349218952e+05 3.413418123600478866e+05 3.327829532471614657e+05 3.243118419071786338e+05 3.159373304646295728e+05 3.076673724583443254e+05 2.995090648133416544e+05 2.914686918131541461e+05 2.835517703016508021e+05 2.757630954425451346e+05 2.681067864605820505e+05 2.605863318790875492e+05 2.532046338527511980e+05 2.459640512713161879e+05 2.388664413789306418e+05 2.319131997151912074e+05 2.251052982374370040e+05 2.184433215301253949e+05 2.119275010464597435e+05 2.055577473605611885e+05 1.993336804358382942e+05 1.932546579374359280e+05 1.873198016345036740e+05 1.815280219517920923e+05 1.758780407405967999e+05 1.703684123466380697e+05 1.649975430575615610e+05 1.597637090158984356e+05 1.546650726846985053e+05 1.496996979531062825e+05 1.448655639681123721e+05 1.401605777768138505e+05 1.355825858609254356e+05 1.311293846422542410e+05 1.267987300343772513e+05 1.225883461121929140e+05 1.184959329671401792e+05 1.145191738120967639e+05 1.106557413960346021e+05 1.069033037848054664e+05 1.032595295606028230e+05 9.972209248914412456e+04 9.628867570008958864e+04 9.295697542293762672e+04 8.972470431748898409e+04 8.658959443496912718e+04 8.354939984315288893e+04 8.060189894612930948e+04 7.774489652692973323e+04 7.497622553891927237e+04 7.229374866970992298e+04 6.969535969934848254e+04 6.717898467271302070e+04 6.474258290430547640e+04 6.238414783206651191e+04 6.010170773539019137e+04 5.789332633113328484e+04 5.575710326022937807e+04 5.369117447633515258e+04 5.169371254693387891e+04 4.976292687632778689e+04 4.789706385911584948e+04 4.609440697191727668e+04 4.435327681040236348e+04 4.267203107800095313e+04 4.104906453206406150e+04 3.948280889270248008e+04 3.797173271900839609e+04 3.651434125692845555e+04 3.510917626262034173e+04 3.375481580475875671e+04 3.244987404892130871e+04 3.119300102684827289e+04 2.998288239312748192e+04 2.881823917156422613e+04 2.769782749329718354e+04 2.662043832849435421e+04 2.558489721328550149e+04 2.459006397342295168e+04 2.363483244599775935e+04 2.271813020042020798e+04 2.183891825973868617e+04 2.099619082326351054e+04 2.018897499136911938e+04 1.941633049325671163e+04 1.867734941837709630e+04 1.797115595215133362e+04 1.729690611655310568e+04 1.665378751607277081e+04 1.604101908951785481e+04 1.545785086807750304e+04 1.490356374001829499e+04 1.437746922235977763e+04 1.387890923983772518e+04 1.340725591143281963e+04 1.296191134472565500e+04 1.254230743830273786e+04 1.214790569242906713e+04 1.177819702817807229e+04 1.143270161519511385e+04 1.111096870825222322e+04 1.081257649274125106e+04 1.053713193923893050e+04 1.028427066726291196e+04 1.005365681833120652e+04 9.844982938422990628e+03 9.657969869932167057e+03 9.492366653194199898e+03 9.347950437661002070e+03 9.224526402784420497e+03 9.121927688669840791e+03 9.040015336545115133e+03 8.978678239089289491e+03 8.937833100653491783e+03 8.917424407403768782e+03 8.917424407403768782e+03
5.813790742167788558e+05 5.813790742167788558e+05 5.808368868177349214e+05 5.797546575853524264e+05 5.781366657983177574e+05 5.759893004274248378e+05 5.733210233583995141e+05 5.701423190794523107e+05 5.664656299759534886e+05 5.623052764278455870e+05 5.576773610976595664e+05 5.525996571202946361e+05 5.470914803413402988e+05 5.411735462667691754e+05 5.348678129453342408e+05 5.281973115632517729e+05 5.211859670460409252e+05 5.138584113968833117e+05 5.062397928234989522e+05 4.983555838958037784e+05 4.902313920242449967e+05 4.818927754558062879e+05 4.733650677622560761e+05 4.646732134628628846e+05 4.558416170072866371e+05 4.468940068712756620e+05 4.378533160174433724e+05 4.287415794723298168e+05 4.195798492926361505e+05 4.103881267570273485e+05 4.011853112385830027e+05 3.919891648955923738e+05 3.828162920687481528e+05 3.736821320903462474e+05 3.646009640925039421e+05 3.555859223403084907e+05 3.466490206050138804e+05 3.378011841231183498e+05 3.290522877511124243e+05 3.204111990145671880e+05 3.118858248563591042e+05 3.034831610056617646e+05 2.952093430111795315e+05 2.870696981042210246e+05 2.790687971761863446e+05 2.712105062678331742e+05 2.634980370728486450e+05 2.559339960540899483e+05 2.485204318571717304e+05 2.412588807824020041e+05 2.341504101426822599e+05 2.271956593923699111e+05 2.203948789607614744e+05 2.137479667645304871e+05 2.072545024069939973e+05 2.009137790991221846e+05 1.947248333587387169e+05 1.886864725608238368e+05 1.827973004242974566e+05 1.770557405293994525e+05 1.714600579656087211e+05 1.660083792134088872e+05 1.606987103644787858e+05 1.555289537845836603e+05 1.504969233218312147e+05 1.456003581602987251e+05 1.408369354157107591e+05 1.362042815658341569e+05 1.316999828040037246e+05 1.273215943995709677e+05 1.230666491443774721e+05 1.189326649596406642e+05 1.149171517328918417e+05 1.110176174500208581e+05 1.072315736829657981e+05 1.035565404892932274e+05 9.999005077575282485e+04 9.652965417396624980e+04 9.317292047268684837e+04 8.991744264756097982e+04 8.676083952599759505e+04 8.370075812171725556e+04 8.073487567063064489e+04 7.786090139705094043e+04 7.507657803674410388e+04 7.237968314102799923e+04 6.976803018399915891e+04 6.723946949301815766e+04 6.479188902075940132e+04 6.242321497548196930e+04 6.013141232465224311e+04 5.791448518563174730e+04 5.577047711590140534e+04 5.369747131406891276e+04 5.169359074187406804e+04 4.975699817641594564e+04 4.788589620092437690e+04 4.607852714160129108e+04 4.433317295730634942e+04 4.264815508819829847e+04 4.102183426881824562e+04 3.945261031056958018e+04 3.793892185802027961e+04 3.647924612302755850e+04 3.507209860024274531e+04 3.371603276721401198e+04 3.240963977193697428e+04 3.115154811043198788e+04 2.994042329662560951e+04 2.877496752659290360e+04 2.765391933897231138e+04 2.657605327319224671e+04 2.554017952694901760e+04 2.454514361422560614e+04 2.358982602500234498e+04 2.267314188767638916e+04 2.179404063509011758e+04 2.095150567498161399e+04 2.014455406556345042e+04 1.937223619686510210e+04 1.863363547840030151e+04 1.792786803366022650e+04 1.725408240187068441e+04 1.661145924741002455e+04 1.599921107723358000e+04 1.541658196661753209e+04 1.486284729349442023e+04 1.433731348163097755e+04 1.383931775286321499e+04 1.336822788858577587e+04 1.292344200067134079e+04 1.250438831197858417e+04 1.211052494658257820e+04 1.174133972986444132e+04 1.139634999856565446e+04 1.107510242091344844e+04 1.077717282691086984e+04 1.050216604887193716e+04 1.024971577228100614e+04 1.001948439704286466e+04 9.811162909184569799e+03 9.624470763066648942e+03 9.459155774150833167e+03 9.314994022369730374e+03 9.191789766137748302e+03 9.089375367037802789e+03 9.007611225211761848e+03 8.946385725481892223e+03 8.905615194223582876e+03 8.885243867004408457e+03 8.885243867004408457e+03
5.975865447901133448e+05 5.975865447901133448e+05 5.970133660902043339e+05 5.958693243367783725e+05 5.941590390796314459e+05 5.918894098177065607e+05 5.890695789554562652e+05 5.857108804937918903e+05 5.818267731351555558e+05 5.774327565183623228e+05 5.725462695248619420e+05 5.671865700040450320e+05 5.613745958245042711e+05 5.551328078280955087e+05 5.484850159921626328e+05 5.414561908340064110e+05 5.340722627638989361e+05 5.263599126569048967e+05 5.183463573295402457e+05 5.100591338477031095e+05 5.015258866465667961e+05 4.927741613144531148e+05 4.838312085991121130e+05 4.747238017635227297e+05 4.654780698843633290e+05 4.561193490877608419e+05 4.466720530912277172e+05 4.371595638030386181e+05 4.276041421491403016e+05 4.180268587766235578e+05 4.084475438367324532e+05 3.988847546886412892e+05 3.893557600902426057e+05 3.798765392514226842e+05 3.704617940127012553e+05 3.611249723683837219e+05 3.518783015679528471e+05 3.427328290912948432e+05 3.336984698911836022e+05 3.247840584201161982e+05 3.159974040988850757e+05 3.073453490331715439e+05 2.988338269355936209e+05 2.904679223587500746e+05 2.822519294863162795e+05 2.741894098609123612e+05 2.662832485482569318e+05 2.585357083452707157e+05 2.509484817357122956e+05 2.435227403803747438e+05 2.362591820003640896e+05 2.291580745726018213e+05 2.222192978070176905e+05 2.154423819161392166e+05 2.088265437209575030e+05 2.023707201629073243e+05 1.960735993117718899e+05 1.899336489739204117e+05 1.839491430155893031e+05 1.781181855224294704e+05 1.724387329201079556e+05 1.669086141818689648e+05 1.615255492480228422e+05 1.562871657799914537e+05 1.511910143679325702e+05 1.462345823065177538e+05 1.414153060483857407e+05 1.367305824392831710e+05 1.321777788332211494e+05 1.277542421800941374e+05 1.234573071723842295e+05 1.192843035318215989e+05 1.152325625112307753e+05 1.112994226814103749e+05 1.074822350676224596e+05 1.037783676953967661e+05 1.001852096006085485e+05 9.670017435439715337e+04 9.332070314934077032e+04 9.004426748942969425e+04 8.686837152278159920e+04 8.379055405263308785e+04 8.080839025911348290e+04 7.791949316136186826e+04 7.512151484692102531e+04 7.241214749289554311e+04 6.978912420110552921e+04 6.725021966741421784e+04 6.479325070349945599e+04 6.241607662762518157e+04 6.011659953936197417e+04 5.789276449178288021e+04 5.574255957333070546e+04 5.366401591034548619e+04 5.165520760016041459e+04 4.971425158366348478e+04 4.783930746534151695e+04 4.602857728798035532e+04 4.428030526846494467e+04 4.259277750045385619e+04 4.096432162908587634e+04 3.939330650232617336e+04 3.787814180307635979e+04 3.641727766570897074e+04 3.500920428029578761e+04 3.365245148743098980e+04 3.234558836622476520e+04 3.108722281775365263e+04 2.987600114598614164e+04 2.871060763797554682e+04 2.758976414488986848e+04 2.651222966527349126e+04 2.547679993176177231e+04 2.448230700231736409e+04 2.352761885693307704e+04 2.261163900062427274e+04 2.173330607342396615e+04 2.089159346801703214e+04 2.008550895554981253e+04 1.931409432009335796e+04 1.857642500217207635e+04 1.787160975171048631e+04 1.719879029070969045e+04 1.655714098591354923e+04 1.594586853169943606e+04 1.536421164338368726e+04 1.481144076111638788e+04 1.428685776450868798e+04 1.378979569811554938e+04 1.331961850788334596e+04 1.287572078865382355e+04 1.245752754280048066e+04 1.206449395007069324e+04 1.169610514868536666e+04 1.135187602775193773e+04 1.103135103103100664e+04 1.073410397209628172e+04 1.045973786091875445e+04 1.020788474190670058e+04 9.978205543424075586e+03 9.770389938809543310e+03 9.584156218917454680e+03 9.419251176196239612e+03 9.275450000317294325e+03 9.152556185372774053e+03 9.050401448647178768e+03 8.968845660977123771e+03 8.907776788704775754e+03 8.867110847233068853e+03 8.846791866187344567e+03 8.846791866187344567e+03
6.143395437225091737e+05 6.143395437225091737e+05 6.137331469873933820e+05 6.125228506064387038e+05 6.107136375952982344e+05 6.083129538903253851e+05 6.053306722206574632e+05 6.017790411314320518e+05 5.976726171944019152e+05 5.930281784521237714e+05 5.878646174109636340e+05 5.822028124141821172e+05 5.760654769510900369e+05 5.694769873348167166e+05 5.624631901373431319e+05 5.550511917269395199e+05 5.472691331331896363e+05 5.391459541989051504e+05 5.307111515134018846e+05 5.219945349238315248e+05 5.130259874777650111e+05 5.038352334690371645e+05 4.944516188659913023e+05 4.849039078363458975e+05 4.752200983936536941e+05 4.654272594284248771e+05 4.555513906017685076e+05 4.456173058155712206e+05 4.356485402668986935e+05 4.256672804730001953e+05 4.156943161336648627e+05 4.057490122891889187e+05 3.958492999340656679e+05 3.860116830541029340e+05 3.762512599569282029e+05 3.665817567501430749e+05 3.570155708725794684e+05 3.475638226881658775e+05 3.382364132938375114e+05 3.290420868607182056e+05 3.199884960100359749e+05 3.110822689126579789e+05 3.023290769867546624e+05 2.937337022460623994e+05 2.853001035178232705e+05 2.770314809019806562e+05 2.689303379802695708e+05 2.609985414049340761e+05 2.532373776019197830e+05 2.456476064134467742e+05 2.382295115805369278e+05 2.309829480289207131e+05 2.239073859727734234e+05 2.170019518914508226e+05 2.102654664662077557e+05 2.036964795878197765e+05 1.972933025634910155e+05 1.910540376633783162e+05 1.849766051544010697e+05 1.790587679727396171e+05 1.732981541870725632e+05 1.676922774029686989e+05 1.622385552553562447e+05 1.569343261312082468e+05 1.517768642586505157e+05 1.467633932922685635e+05 1.418910985173851077e+05 1.371571377888913266e+05 1.325586513129624364e+05 1.280927703727630869e+05 1.237566250922113686e+05 1.195473513249801617e+05 1.154620967493743519e+05 1.114980262434537435e+05 1.076523266088242090e+05 1.039222107059263653e+05 1.003049210584281100e+05 9.679773297937991447e+04 9.339795726728597947e+04 9.010294251596662798e+04 8.691007707818591734e+04 8.381679071939227288e+04 8.082055599459930090e+04 7.791888937834715762e+04 7.510935217489144998e+04 7.238955123317555990e+04 6.975713948878888914e+04 6.720981635295627348e+04 6.474532796664526541e+04 6.236146733606750058e+04 6.005607436424275511e+04 5.782703579180185625e+04 5.567228505884355400e+04 5.358980209846868820e+04 5.157761307148380001e+04 4.963379005077323382e+04 4.775645066293294076e+04 4.594375769393704104e+04 4.419391866486928484e+04 4.250518538309189171e+04 4.087585347361509776e+04 3.930426189489137323e+04 3.778879244278238184e+04 3.632786924599669874e+04 3.491995825592197070e+04 3.356356673340786801e+04 3.225724273476146118e+04 3.099957459892011320e+04 2.978919043753035658e+04 2.862475762943510927e+04 2.750498232087688302e+04 2.642860893254153052e+04 2.539441967442293389e+04 2.440123406934941886e+04 2.344790848588362496e+04 2.253333568121714416e+04 2.165644435457141662e+04 2.081619871154643988e+04 2.001159803978324999e+04 1.924167629624578331e+04 1.850550170637236442e+04 1.780217637530188949e+04 1.713083591134010567e+04 1.649064906179858372e+04 1.588081736130733589e+04 1.530057479267682174e+04 1.474918746037427991e+04 1.422595327664461911e+04 1.373020166031013105e+04 1.326129324825881122e+04 1.281861961962948408e+04 1.240160303268747339e+04 1.200969617439099602e+04 1.164238192262510711e+04 1.129917312109757586e+04 1.097961236687382370e+04 1.068327181053387176e+04 1.040975296893103041e+04 1.015868655053387920e+04 9.929732293330962420e+03 9.722578815280325216e+03 9.536943477286031339e+03 9.372572258685180714e+03 9.229239645229972666e+03 9.106748529552021864e+03 9.004930124093816630e+03 8.923643886501042289e+03 8.862777457461734230e+03 8.822246610987822351e+03 8.801995217131430763e+03 8.801995217131430763e+03
6.316673192171216942e+05 6.316673192171216942e+05 6.310253016857596813e+05 6.297439559100779006e+05 6.278286505630403990e+05 6.252874129298630869e+05 6.221308954284192296e+05 6.183723269368568435e+05 6.140274460747272242e+05 6.091144135550197680e+05 6.036537010499095777e+05 5.976679546758364886e+05 5.911818321515932912e+05 5.842218138381597819e+05 5.768159891310117673e+05 5.689938209380070912e+05 5.607858921318193898e+05 5.522236388237567153e+05 5.433390759942736477e+05 5.341645213921959512e+05 5.247323236651609186e+05 5.150746004243846401e+05 5.052229914152008132e+05 4.952084312181383721e+05 4.850609450098582311e+05 4.748094699382817489e+05 4.644817036771631101e+05 4.541039807791722124e+05 4.437011765879989835e+05 4.332966377309650998e+05 4.229121376126062823e+05 4.125678548733823700e+05 4.022823724627559423e+05 3.920726947916781646e+05 3.819542803602016647e+05 3.719410872824355611e+05 3.620456292341754306e+05 3.522790395083068288e+05 3.426511410623207339e+05 3.331705206649590982e+05 3.238446054823998129e+05 3.146797406777272117e+05 3.056812668228857801e+05 2.968535961341371876e+05 2.882002867362919496e+05 2.797241143356555840e+05 2.714271408356614411e+05 2.633107795628000749e+05 2.553758568842837121e+05 2.476226700944463082e+05 2.400510415255727712e+05 2.326603689025269996e+05 2.254496720109341550e+05 2.184176357876384864e+05 2.115626499711560318e+05 2.048828454707395285e+05 1.983761276265314373e+05 1.920402065414890531e+05 1.858726246695495211e+05 1.798707818444482982e+05 1.740319579309152614e+05 1.683533332749619149e+05 1.628320071234918432e+05 1.574650141758236277e+05 1.522493394212549611e+05 1.471819314080111217e+05 1.422597140798472974e+05 1.374795973074937065e+05 1.328384862332593475e+05 1.283332895383555151e+05 1.239609267342341336e+05 1.197183345711472211e+05 1.156024726496827498e+05 1.116103283137909457e+05 1.077389208972370398e+05 1.039853053890953452e+05 1.003465755781502376e+05 9.681986673066088406e+04 9.340235785099781060e+04 9.009127357006157399e+04 8.688388570219729445e+04 8.377751450745062903e+04 8.076952969245260465e+04 7.785735118000782677e+04 7.503844967449457909e+04 7.231034704747700016e+04 6.967061656551546184e+04 6.711688297987349506e+04 6.464682249586151738e+04 6.225816263765374606e+04 5.994868202280567493e+04 5.771621005915534624e+04 5.555862657544941612e+04 5.347386139579645533e+04 5.145989386693402776e+04 4.951475234631953936e+04 4.763651365811306459e+04 4.582330252335088880e+04 4.407329096985130309e+04 4.238469772675041895e+04 4.075578760798729490e+04 3.918487088851395674e+04 3.767030267655463831e+04 3.621048228480562830e+04 3.480385260310484591e+04 3.344889947475618828e+04 3.214415107840677229e+04 3.088817731710349835e+04 2.967958921593431296e+04 2.851703832943863017e+04 2.739921615980439674e+04 2.632485358670157439e+04 2.529272030945748338e+04 2.430162430216955909e+04 2.335041128223452688e+04 2.243796419267643068e+04 2.156320269858700703e+04 2.072508269791195562e+04 1.992259584676106533e+04 1.915476909936981610e+04 1.842066426279407460e+04 1.771937756638574501e+04 1.705003924606288638e+04 1.641181314337116783e+04 1.580389631929976895e+04 1.522551868281137286e+04 1.467594263402447359e+04 1.415446272198122824e+04 1.366040531692234617e+04 1.319312829699058966e+04 1.275202074927594185e+04 1.233650268511968170e+04 1.194602476958830266e+04 1.158006806503542248e+04 1.123814378866557672e+04 1.091979308402352581e+04 1.062458680632822325e+04 1.035212532158049180e+04 1.010203831937402902e+04 9.873984639346708718e+03 9.667652111209485156e+03 9.482757408300176394e+03 9.319045914607868326e+03 9.176291605226613683e+03 9.054296940192498369e+03 8.952892771670656657e+03 8.871938264459688071e+03 8.811320829786040122e+03 8.770956072366645458e+03 8.750787750721157863e+03 8.750787750721157863e+03
6.496014286195248133e+05 6.496014286195248133e+05 6.489212010698117083e+05 6.475636369195121806e+05 6.455345104006885085e+05 6.428424623236027546e+05 6.394989717381518567e+05 6.355183124275783775e+05 6.309174901538653066e+05 6.257161564888524590e+05 6.199364954649480060e+05 6.136030801398666808e+05 6.067426974205495790e+05 5.993841410232833587e+05 5.915579741232817760e+05 5.832962649199874140e+05 5.746322998688850785e+05 5.656002805825057440e+05 5.562350112883257680e+05 5.465715841952716000e+05 5.366450701508939965e+05 5.264902215939635644e+05 5.161411940808534273e+05 5.056312916691762512e+05 4.949927402713194606e+05 4.842564918370691594e+05 4.734520609750495059e+05 4.626073944491567090e+05 4.517487729438757524e+05 4.409007436172158923e+05 4.300860812708404846e+05 4.193257754663716187e+05 4.086390405957865878e+05 3.980433457539216033e+05 3.875544612386891968e+05 3.771865185934795300e+05 3.669520812801134307e+05 3.568622233042540029e+05 3.469266133871481288e+05 3.371536025682683103e+05 3.275503134183372604e+05 3.181227293294710107e+05 3.088757826202540891e+05 2.998134404428469134e+05 2.909387877034522244e+05 2.822541064050777350e+05 2.737609509924992453e+05 2.654602194245608989e+05 2.573522198203823355e+05 2.494367326253373467e+05 2.417130683226804249e+05 2.341801207794223155e+05 2.268364163630010735e+05 2.196801590008088679e+05 2.127092713793918665e+05 2.059214324964334082e+05 1.993141117877401412e+05 1.928846000548855227e+05 1.866300374183001695e+05 1.805474385161099490e+05 1.746337151622048405e+05 1.688856966681681224e+05 1.633001480236957432e+05 1.578737861192525888e+05 1.526032941834907979e+05 1.474853345964910113e+05 1.425165602285883506e+05 1.376936244434627588e+05 1.330131898934797209e+05 1.284719362250491831e+05 1.240665668020127196e+05 1.197938145460050728e+05 1.156504469840801758e+05 1.116332705859364069e+05 1.077391344656218571e+05 1.039649335157511960e+05 1.003076110359021695e+05 9.676416091102805512e+04 9.333162939035918680e+04 9.000711651236991747e+04 8.678777721692372870e+04 8.367082218156171439e+04 8.065351841524711926e+04 7.773318963943146809e+04 7.490721648327281582e+04 7.217303651701446506e+04 6.952814414503648004e+04 6.697009037776821060e+04 6.449648249961969850e+04 6.210498364819796552e+04 5.979331231839463726e+04 5.755924180342505133e+04 5.540059958352027752e+04 5.331526667175499460e+04 5.130117692538181291e+04 4.935631633006253833e+04 4.747872226349131233e+04 4.566648274411806051e+04 4.391773566996317095e+04 4.223066805187996215e+04 4.060351524506272835e+04 3.903456018209050671e+04 3.752213261033795425e+04 3.606460833621022175e+04 3.466040847827339167e+04 3.330799873107595340e+04 3.200588864114862736e+04 3.075263089644608772e+04 2.954682063027645927e+04 2.838709474057581974e+04 2.727213122521297919e+04 2.620064853389039490e+04 2.517140493705511471e+04 2.418319791214563884e+04 2.323486354740715615e+04 2.232527596340969831e+04 2.145334675237248302e+04 2.061802443530095843e+04 1.981829393692779195e+04 1.905317607838845288e+04 1.832172708754431005e+04 1.762303812683069555e+04 1.695623483849141121e+04 1.632047690704643537e+04 1.571495763882240135e+04 1.513890355837677271e+04 1.459157402163145525e+04 1.407226084553701003e+04 1.358028795408534279e+04 1.311501104049151581e+04 1.267581724536656293e+04 1.226212485071284573e+04 1.187338298957156258e+04 1.150907137116798185e+04 1.116870002139784992e+04 1.085180903851273069e+04 1.055796836386672112e+04 1.028677756759861950e+04 1.003786564912556423e+04 9.810890852342137805e+03 9.605540495417419152e+03 9.421530815100695690e+03 9.258606825445602226e+03 9.116542190878933980e+03 8.995139113543998974e+03 8.894228234856909694e+03 8.813668551222754104e+03 8.753347343869532779e+03 8.713180122757095887e+03 8.693110584537073009e+03 8.693110584537073009e+03
6.681759234669895377e+05 6.681759234669895377e+05 6.674547010948166717e+05 6.660153561609938042e+05 6.638640842290740693e+05 6.610101665782418568e+05 6.574659505447576521e+05 6.532468152698591584e+05 6.483711170858724508e+05 6.428601086066802964e+05 6.367378260870762169e+05 6.300309407445628894e+05 6.227685713993358659e+05 6.149820578331127763e+05 6.067046965061746305e+05 5.979714424992538989e+05 5.888185835655799601e+05 5.792833938172038179e+05 5.694037757057460258e+05 5.592178995218924247e+05 5.487638496215234045e+05 5.380792860331693664e+05 5.272011290996054886e+05 5.161652734710398945e+05 5.050063362276309635e+05 4.937574422912796144e+05 4.824500487044779584e+05 4.711138078983403393e+05 4.597764688097684411e+05 4.484638136782143265e+05 4.371996275721681304e+05 4.260056971601831028e+05 4.149018349321604474e+05 4.039059249648420373e+05 3.930339863761505112e+05 3.823002507906680112e+05 3.717172504079524660e+05 3.612959135950335767e+05 3.510456652874707361e+05 3.409745298575180932e+05 3.310892344758498366e+05 3.213953113429079531e+05 3.118971974882235518e+05 3.025983311262727366e+05 2.935012438128473586e+05 2.846076478667201009e+05 2.759185187080621836e+05 2.674341719204545370e+05 2.591543349699763639e+05 2.510782136157220521e+05 2.432045531249401392e+05 2.355316944653708488e+05 2.280576256907832285e+05 2.207800287654741551e+05 2.136963220924471389e+05 2.068036990198493877e+05 2.000991626032592612e+05 1.935795568989106105e+05 1.872415950562836952e+05 1.810818844688516110e+05 1.750969492300147831e+05 1.692832501279939024e+05 1.636372023995189229e+05 1.581551914476329111e+05 1.528335867146101082e+05 1.476687538866987743e+05 1.426570655936588009e+05 1.377949107528706954e+05 1.330787026951971638e+05 1.285048861979952635e+05 1.240699435395369364e+05 1.197703996787996439e+05 1.156028266549815307e+05 1.115638472922325600e+05 1.076501382869357185e+05 1.038584327474122983e+05 1.001855222489774023e+05 9.662825846113618172e+04 9.318355439785667113e+04 8.984838533676919178e+04 8.661978944834855793e+04 8.349486817187580164e+04 8.047078637109979172e+04 7.754477229899550730e+04 7.471411739784343808e+04 7.197617595801947755e+04 6.932836465624738776e+04 6.676816199180996045e+04 6.429310763707294973e+04 6.190080171681716456e+04 5.958890402919861663e+04 5.735513321961566544e+04 5.519726591743276367e+04 5.311313584428923787e+04 5.110063290163069178e+04 4.915770224414520635e+04 4.728234334490997571e+04 4.547260905729777733e+04 4.372660467799507023e+04 4.204248701489440282e+04 4.041846346305682528e+04 3.885279109149747819e+04 3.734377574309283955e+04 3.588977114956235164e+04 3.448917806312978792e+04 3.314044340619604191e+04 3.184205944009431914e+04 3.059256295378793220e+04 2.939053447316709207e+04 2.823459749144547823e+04 2.712341772101276729e+04 2.605570236697134169e+04 2.503019942248191364e+04 2.404569698595836962e+04 2.310102260006788492e+04 2.219504261243992005e+04 2.132666155792657082e+04 2.049482156221754849e+04 1.969850176658233249e+04 1.893671777348260002e+04 1.820852111277590666e+04 1.751299872822208272e+04 1.684927248398992378e+04 1.621649869085972205e+04 1.561386765181062947e+04 1.504060322668835943e+04 1.449596241565091441e+04 1.397923496108811196e+04 1.348974296773579044e+04 1.302684054069241574e+04 1.258991344107548321e+04 1.217837875905357578e+04 1.179168460400923686e+04 1.142930981159419389e+04 1.109076366745533232e+04 1.077558564742220005e+04 1.048334517395758485e+04 1.021364138868871487e+04 9.966102940846349156e+03 9.740387791453729733e+03 9.536183033122191773e+03 9.353204725317074917e+03 9.191197744974402667e+03 9.049935652360401946e+03 8.929220572074833399e+03 8.828883089114167888e+03 8.748782159917929675e+03 8.688805038338892700e+03 8.648867216478711271e+03 8.628912380353314802e+03 8.628912380353314802e+03
6.874275434420935344e+05 6.874275434420935344e+05 6.866623390292916447e+05 6.851352424351590453e+05 6.828528795971777290e+05 6.798251904323415365e+05 6.760654228348316392e+05 6.715901134528582916e+05 6.664190471587651409e+05 6.605751868477372918e+05 6.540845658305728575e+05 6.469761365800276399e+05 6.392815718152414775e+05 6.310350166546999244e+05 6.222727935738135129e+05 6.130330648833011510e+05 6.033554601260143099e+05 5.932806779404222034e+05 5.828500733934330055e+05 5.721052424591649324e+05 5.610876152125002118e+05 5.498380684898891486e+05 5.383965673766975524e+05 5.268018430762948701e+05 5.150911126808305853e+05 5.032998442686656490e+05 4.914615687469544355e+05 4.796077380545014166e+05 4.677676278180137742e+05 4.559682813551730942e+05 4.442344910504381405e+05 4.325888125785715529e+05 4.210516071827512351e+05 4.096411071847364074e+05 3.983735000648814603e+05 3.872630267505305237e+05 3.763220901480614557e+05 3.655613704065478523e+05 3.549899438771754503e+05 3.446154032072676346e+05 3.344439764613005100e+05 3.244806435815820005e+05 3.147292488799447310e+05 3.051926085851390380e+05 2.958726127577603329e+05 2.867703211270535830e+05 2.778860526042488636e+05 2.692194683898127987e+05 2.607696487204670557e+05 2.525351634012910363e+05 2.445141363424894807e+05 2.367043043736507534e+05 2.291030706442368100e+05 2.217075529409732553e+05 2.145146272633995686e+05 2.075209670007604873e+05 2.007230780485797150e+05 1.941173301934792835e+05 1.876999850813927187e+05 1.814672210684898891e+05 1.754151552367980767e+05 1.695398628382556781e+05 1.638373944125247363e+05 1.583037908055673179e+05 1.529350962981014163e+05 1.477273700359036447e+05 1.426766959375520819e+05 1.377791912397565320e+05 1.330310138260064123e+05 1.284283684707084903e+05 1.239675121186338947e+05 1.196447583078345779e+05 1.154564808337329305e+05 1.113991167423289153e+05 1.074691687316334719e+05 1.036632070323503285e+05 9.997787083150634135e+04 9.640986929607985076e+04 9.295598224762282916e+04 8.961306053343128588e+04 8.637802613487007329e+04 8.324787204906162515e+04 8.021966197608299262e+04 7.729052984026441118e+04 7.445767917090118863e+04 7.171838236483206856e+04 6.906997985068192065e+04 6.650987917226454010e+04 6.403555400652345270e+04 6.164454312954825582e+04 5.933444934250100050e+04 5.710293836782148719e+04 5.494773772473954887e+04 5.286663559193332185e+04 5.085747966413832910e+04 4.891817600856614445e+04 4.704668792614823906e+04 4.524103482192487718e+04 4.349929108820100373e+04 4.181958500356587319e+04 4.020009765032920404e+04 3.863906185250104318e+04 3.713476113606352737e+04 3.568552871291059273e+04 3.428974648957047611e+04 3.294584410153460340e+04 3.165229797382280231e+04 3.040763040819534217e+04 2.921040869727419704e+04 2.805924426568212584e+04 2.695279183819994068e+04 2.588974863482765068e+04 2.486885359255918956e+04 2.388888661361026971e+04 2.294866783977548039e+04 2.204705695255613682e+04 2.118295249864797006e+04 2.035529124037553265e+04 1.956304753061022711e+04 1.880523271172639215e+04 1.808089453811892599e+04 1.738911662181933207e+04 1.672901790073951634e+04 1.609975212908098001e+04 1.550050738945807643e+04 1.493050562629077103e+04 1.438900220003425238e+04 1.387528546183252547e+04 1.338867634819270097e+04 1.292852799529666117e+04 1.249422537258215016e+04 1.208518493524507539e+04 1.170085429533121351e+04 1.134071191110415202e+04 1.100426679439404325e+04 1.069105823565436003e+04 1.040065554646288183e+04 1.013265781923078248e+04 9.886693703894379723e+03 9.662421201384495362e+03 9.459527473685217046e+03 9.277728670307127686e+03 9.116769771020730332e+03 8.976424444709276941e+03 8.856494924212982369e+03 8.756811897056379166e+03 8.677234411962617742e+03 8.617649801070752801e+03 8.577973617791862125e+03 8.558149590246406660e+03 8.558149590246406660e+03
7.073959169168506050e+05 7.073959169168506050e+05 7.065835376635647845e+05 7.049623018052518601e+05 7.025392643210930983e+05 6.993250281809010776e+05 6.953337589464851189e+05 6.905831886676265858e+05 6.850945978085431270e+05 6.788927635016276035e+05 6.720058632315958384e+05 6.644653250458546681e+05 6.563056183835330885e+05 6.475639833242573077e+05 6.382801001143564936e+05 6.284957048344617942e+05 6.182541606483460637e+05 6.075999968998803524e+05 5.965784301825501025e+05 5.852348822904679691e+05 5.736145096873507136e+05 5.617617579196002334e+05 5.497199524482921697e+05 5.375309349233438261e+05 5.252347512209354900e+05 5.128693948452114128e+05 5.004706067499083583e+05 4.880717304069397505e+05 4.757036191259876359e+05 4.633945912496738601e+05 4.511704279101176071e+05 4.390544074995799456e+05 4.270673708252538345e+05 4.152278110203641700e+05 4.035519826020830078e+05 3.920540245363990543e+05 3.807460927329683327e+05 3.696384980013604509e+05 3.587398461151354713e+05 3.480571772237286204e+05 3.375961024045083905e+05 3.273609356459413539e+05 3.173548199917841121e+05 3.075798469534529140e+05 2.980371686151475878e+05 2.887271021175157512e+05 2.796492264159803162e+05 2.708024713752392563e+05 2.621851993877171190e+05 2.537952797972037806e+05 2.456301564746588701e+05 2.376869089365446416e+05 2.299623074212991633e+05 2.224528623505610449e+05 2.151548686018053850e+05 2.080644450107439479e+05 2.011775695075903495e+05 1.944901102727451071e+05 1.879978532761821698e+05 1.816965265418853087e+05 1.755818214550423727e+05 1.696494114059601852e+05 1.638949680413514725e+05 1.583141753711419587e+05 1.529027419573819207e+05 1.476564113916464557e+05 1.425709712481344759e+05 1.376422606820814253e+05 1.328661768266429426e+05 1.282386801263208763e+05 1.237557987311811303e+05 1.194136320634324366e+05 1.152083536564091773e+05 1.111362133555440523e+05 1.071935389614120941e+05 1.033767373862918903e+05 9.968229538801725721e+04 9.610677993780217366e+04 9.264683827248903981e+04 8.929919767597467580e+04 8.606066502948733978e+04 8.292812616584649368e+04 7.989854505872080335e+04 7.696896287426655181e+04 7.413649690924756578e+04 7.139833943682460813e+04 6.875175647858413868e+04 6.619408651907308376e+04 6.372273917701256141e+04 6.133519384555211582e+04 5.902899831225520029e+04 5.680176736810038710e+04 5.465118141344976902e+04 5.257498506782650657e+04 5.057098578932970850e+04 4.863705250861975946e+04 4.677111428162673838e+04 4.497115896444859391e+04 4.323523191329331894e+04 4.156143471179383778e+04 3.994792392756161280e+04 3.839290989943224849e+04 3.689465555651946488e+04 3.545147526987438323e+04 3.406173373729531158e+04 3.272384490160691348e+04 3.143627090252615017e+04 3.019752106208170153e+04 2.900615090340789902e+04 2.786076120262151017e+04 2.675999707339381712e+04 2.570254708375345581e+04 2.468714240459628854e+04 2.371255598932151770e+04 2.277760178398552671e+04 2.188113396733561603e+04 2.102204622006081627e+04 2.019927102259791718e+04 1.941177898082121465e+04 1.865857817894020263e+04 1.793871355894960652e+04 1.725126632597709613e+04 1.659535337888849608e+04 1.597012676552810808e+04 1.537477316199552661e+04 1.480851337537112886e+04 1.427060186933161640e+04 1.376032631212116030e+04 1.327700714635732402e+04 1.281999718019065949e+04 1.238868119934693823e+04 1.198247559961451952e+04 1.160082803936067648e+04 1.124321711168536785e+04 1.090915203584594019e+04 1.059817236760845117e+04 1.030984772820602302e+04 1.004377755160645938e+04 9.799590849812282613e+03 9.576945995943407979e+03 9.375530524864292602e+03 9.195060951148027016e+03 9.035282604183063086e+03 8.895969480248591935e+03 8.776924111406808152e+03 8.677977451074719283e+03 8.598988776158790643e+03 8.539845605650900325e+03 8.500463635605321542e+03 8.480786690427496069e+03 8.480786690427496069e+03
7.281237643975204555e+05 7.281237643975204555e+05 7.272608143430555938e+05 7.255386370556243928e+05 7.229646997737523634e+05 7.195502522331679938e+05 7.153103715184809407e+05 7.102640003436724655e+05 7.044339631429861765e+05 6.978469436864674790e+05 6.905334089756535832e+05 6.825274668496738886e+05 6.738666487897871993e+05 6.645916144472846063e+05 6.547457799236492720e+05 6.443748772443676135e+05 6.335264572560292436e+05 6.222493519000983797e+05 6.105931141803460196e+05 5.986074550207123393e+05 5.863416956530500902e+05 5.738442523735925788e+05 5.611621677578068338e+05 5.483406990734169958e+05 5.354229710313453106e+05 5.224496964763170690e+05 5.094589653927724576e+05 4.964860998598737642e+05 4.835635704269730486e+05 4.707209678254926694e+05 4.579850229578560102e+05 4.453796676440666779e+05 4.329261285753532429e+05 4.206430472262955154e+05 4.085466190182358841e+05 3.966507457228085841e+05 3.849671958720101975e+05 3.735057687432023231e+05 3.622744582698555314e+05 3.512796139608591329e+05 3.405260965745407157e+05 3.300174268767538015e+05 3.197559263132869964e+05 3.097428488462582463e+05 2.999785035480394727e+05 2.904623678209218197e+05 2.811931913251667283e+05 2.721690908600236871e+05 2.633876365604712628e+05 2.548459298542549659e+05 2.465406736761464272e+05 2.384682354653019866e+05 2.306247034824307484e+05 2.230059369802499132e+05 2.156076107475430763e+05 2.084252545263181091e+05 2.014542877760865085e+05 1.946900502305710979e+05 1.881278286617887497e+05 1.817628802356459782e+05 1.755904528124663921e+05 1.696058025161967380e+05 1.638042088674740517e+05 1.581809877487250487e+05 1.527315024442447175e+05 1.474511729745984776e+05 1.423354839229892823e+05 1.373799909312155214e+05 1.325803260245388374e+05 1.279322019081565813e+05 1.234314153627624910e+05 1.190738498529868521e+05 1.148554774501108041e+05 1.107723601592282648e+05 1.068206507310009620e+05 1.029965930291099066e+05 9.929652201634384983e+04 9.571686341507294856e+04 9.225413309127916000e+04 8.890493620555130474e+04 8.566596616925236594e+04 8.253400343942650943e+04 7.950591418190514378e+04 7.657864882839741767e+04 7.374924055008785217e+04 7.101480366736352153e+04 6.837253201272222213e+04 6.581969726163252199e+04 6.335364724410189228e+04 6.097180424791176483e+04 5.867166332291175786e+04 5.645079059435951058e+04 5.430682159208258963e+04 5.223745960114563059e+04 5.024047403875616874e+04 4.831369886132450483e+04 4.645503100485603500e+04 4.466242886121839547e+04 4.293391079228261515e+04 4.126755368344239832e+04 3.966149153761803609e+04 3.811391411048521695e+04 3.662306558735009457e+04 3.518724330185758299e+04 3.380479649647116457e+04 3.247412512448589769e+04 3.119367869317945224e+04 2.996195514757473939e+04 2.877749979417696159e+04 2.763890426397309420e+04 2.654480551390495020e+04 2.549388486597353767e+04 2.448486708310927861e+04 2.351651948090181395e+04 2.258765107426935356e+04 2.169711175815232855e+04 2.084379152130656803e+04 2.002661969227507143e+04 1.924456421664650043e+04 1.849663096470600794e+04 1.778186306862115816e+04 1.709934028831745309e+04 1.644817840523620544e+04 1.582752864318271349e+04 1.523657711551486318e+04 1.467454429794656426e+04 1.414068452627157785e+04 1.363428551835079270e+04 1.315466791973110230e+04 1.270118487230383653e+04 1.227322160543670725e+04 1.187019504904773930e+04 1.149155346812150492e+04 1.113677611819575213e+04 1.080537292138014527e+04 1.049688416249499278e+04 1.021088020494796183e+04 9.946961225993009066e+03 9.704756971046830586e+03 9.483926526756345993e+03 9.284158112544899268e+03 9.105168890382194149e+03 8.946704792553820880e+03 8.808540367219431573e+03 8.690478641582969431e+03 8.592351002510877152e+03 8.514017094460223234e+03 8.455364734597011193e+03 8.416309845008767297e+03 8.396796401931105720e+03 8.396796401931105720e+03
7.496570992557995487e+05 7.496570992557995487e+05 7.487399899632995948e+05 7.469096721865828149e+05 7.441739861589468783e+05 7.405447817486934364e+05 7.360380068989932770e+05 7.306737959083952010e+05 7.244765359722286230e+05 7.174748894103772473e+05 7.097017503579549957e+05 7.011941183021262987e+05 6.919928763707164908e+05 6.821424691547056427e+05 6.716904823559225770e+05 6.606871339021037566e+05 6.491846926113151712e+05 6.372368454037177144e+05 6.248980370517385891e+05 6.122228073871434899e+05 5.992651498489769874e+05 5.860779125694779214e+05 5.727122593013191363e+05 5.592172028917056741e+05 5.456392191978900228e+05 5.320219447344989749e+05 5.184059572641305276e+05 5.048286351922035683e+05 4.913240890985231381e+05 4.779231570336598670e+05 4.646534542609654600e+05 4.515394678251852747e+05 4.386026865441339905e+05 4.258617576155051938e+05 4.133326618807197083e+05 4.010289007819238468e+05 3.889616890988066443e+05 3.771401485907933675e+05 3.655714986501243548e+05 3.542612409614885692e+05 3.432133359477681224e+05 3.324303694529017666e+05 3.219137086735012708e+05 3.116636468076762976e+05 3.016795362523137010e+05 2.919599104602276930e+05 2.825025947783886804e+05 2.733048067389564239e+05 2.643632463770563481e+05 2.556741772126422729e+05 2.472334985666016582e+05 2.390368098907638923e+05 2.310794677832304733e+05 2.233566363397961832e+05 2.158633314624174382e+05 2.085944597104599816e+05 2.015448522415801417e+05 1.947092943489364698e+05 1.880825510608505574e+05 1.816593892294877733e+05 1.754345964968780463e+05 1.694029974904367700e+05 1.635594675661335641e+05 1.578989443858599407e+05 1.524164375864080794e+05 1.471070367706394463e+05 1.419659180270708457e+05 1.369883491618191765e+05 1.321696938067835581e+05 1.275054145497643331e+05 1.229910752158538671e+05 1.186223424147732148e+05 1.143949864556048560e+05 1.103048817186549568e+05 1.063480065635575302e+05 1.025204428434177680e+05 9.881837508634570986e+04 9.523808939829737938e+04 9.177597213453502627e+04 8.842850838106876472e+04 8.519228028227236064e+04 8.206396524617311661e+04 7.904033405486254196e+04 7.611824890380351280e+04 7.329466139061102876e+04 7.056661047102668090e+04 6.793122039734879218e+04 6.538569865231105359e+04 6.292733388951504458e+04 6.055349388977754279e+04 5.826162354127372237e+04 5.604924285003661498e+04 5.391394498623425898e+04 5.185339437060763885e+04 4.986532480464065884e+04 4.794753764720043546e+04 4.609790003979051835e+04 4.431434318193944637e+04 4.259486065779760247e+04 4.093750681456713210e+04 3.934039519303429552e+04 3.780169701019017521e+04 3.631963969363438810e+04 3.489250546727069013e+04 3.351862998761201743e+04 3.219640102985950216e+04 3.092425722282130664e+04 2.970068683162586240e+04 2.852422658711774420e+04 2.739346056077903995e+04 2.630701908396607905e+04 2.526357771024379326e+04 2.426185621957890908e+04 2.330061766315350542e+04 2.237866744757050401e+04 2.149485245723471235e+04 2.064806021371486349e+04 1.983721807091938535e+04 1.906129244494376690e+04 1.831928807748998588e+04 1.761024733178221868e+04 1.693324951995235460e+04 1.628741026090440755e+04 1.567188086770319023e+04 1.508584776358069576e+04 1.452853192569508974e+04 1.399918835581137500e+04 1.349710557712043374e+04 1.302160515645984378e+04 1.257204125122253208e+04 1.214780018030073916e+04 1.174830001843475839e+04 1.137299021338254170e+04 1.102135122536118979e+04 1.069289418824630775e+04 1.038716059205239435e+04 1.010372198624728662e+04 9.842179703490146494e+03 9.602164603415027159e+03 9.383336836105114344e+03 9.185385624942831782e+03 9.008029068541070956e+03 8.851013961493568786e+03 8.714115633706180233e+03 8.597137808100242182e+03 8.499912476499592231e+03 8.422299793543859778e+03 8.364187988488480187e+03 8.325493294779555072e+03 8.306159897313395049e+03 8.306159897313395049e+03
7.720454174574023345e+05 7.720454174574023345e+05 7.710703906642294023e+05 7.691243766380294692e+05 7.662155171559833689e+05 7.623561719070438994e+05 7.575630688991332427e+05 7.518574643095864449e+05 7.452652820455137407e+05 7.378172018073297804e+05 7.295486662007137202e+05 7.204997823196172249e+05 7.107151007709291298e+05 7.002432645485703833e+05 6.891365304682973074e+05 6.774501759156310000e+05 6.652418123638754478e+05 6.525706336238223594e+05 6.394966305532926926e+05 6.260798048250811407e+05 6.123794125307451468e+05 5.984532643801199738e+05 5.843571037143931026e+05 5.701440772161625791e+05 5.558643067575601162e+05 5.415645648397400510e+05 5.272880509426528588e+05 5.130742620517151081e+05 4.989589477318595164e+05 4.849741383328210213e+05 4.711482341008770745e+05 4.575061429640897550e+05 4.440694553556074388e+05 4.308566454550846247e+05 4.178832894954275107e+05 4.051622931634110864e+05 3.927041215131410863e+05 3.805170261349577340e+05 3.686072655302000348e+05 3.569793157071631285e+05 3.456360689239429194e+05 3.345790192618186120e+05 3.238084343262790353e+05 3.133235128570608795e+05 3.031225283985980204e+05 2.932029594562560087e+05 2.835616067570879241e+05 2.741946983623176930e+05 2.650979834554987610e+05 2.562668156668384909e+05 2.476962268005351652e+05 2.393809918158578512e+05 2.313156858809565310e+05 2.234947342759426974e+05 2.159124558727506665e+05 2.085631008668391441e+05 2.014408833820232539e+05 1.945400095165460079e+05 1.878547013469059020e+05 1.813792173568180588e+05 1.751078697125895415e+05 1.690350387631612539e+05 1.631551851035533764e+05 1.574628595041381486e+05 1.519527109751855023e+05 1.466194932061742293e+05 1.414580695923646563e+05 1.364634170368376072e+05 1.316306286944077583e+05 1.269549158043385687e+05 1.224316087413182395e+05 1.180561573987568845e+05 1.138241310045115533e+05 1.097312174570313364e+05 1.057732222589117446e+05 1.019460671152690047e+05 9.824578825579864497e+04 9.466853453177142364e+04 9.121056533264723839e+04 8.786824836098220840e+04 8.463805729918509314e+04 8.151656939706820413e+04 7.850046300508295826e+04 7.558651507463991584e+04 7.277159864372623269e+04 7.005268032335805765e+04 6.742681779796046612e+04 6.489115735069777293e+04 6.244293142292977427e+04 6.007945621536178805e+04 5.779812933707601769e+04 5.559642750740484189e+04 5.347190431454952341e+04 5.142218803395893337e+04 4.944497950867736654e+04 4.753805009318728844e+04 4.569923966173343069e+04 4.392645468155576236e+04 4.221766635111580399e+04 4.057090880298083357e+04 3.898427737077454367e+04 3.745592691934024333e+04 3.598407023707384360e+04 3.456697648920064967e+04 3.320296973066290957e+04 3.189042747717384191e+04 3.062777933290667352e+04 2.941350567326646706e+04 2.824613638111849650e+04 2.712424963485747503e+04 2.604647074667866036e+04 2.501147104943556405e+04 2.401796683046915859e+04 2.306471831082314384e+04 2.215052866830025960e+04 2.127424310284174499e+04 2.043474794275154636e+04 1.963096979034781907e+04 1.886187470565579861e+04 1.812646742681327305e+04 1.742379062591329421e+04 1.675292419905974748e+04 1.611298458946249775e+04 1.550312414245834043e+04 1.492253049138788447e+04 1.437042597332149489e+04 1.384606707367125091e+04 1.334874389878097281e+04 1.287777967563824859e+04 1.243253027789209045e+04 1.201238377742152989e+04 1.161676002073356540e+04 1.124511022952188432e+04 1.089691662475645899e+04 1.057169207372046003e+04 1.026897975944612699e+04 9.988352872045948970e+03 9.729414321470037976e+03 9.491796471254450807e+03 9.275160892867514121e+03 9.079198140289932780e+03 8.903627544495037000e+03 8.748197027534379231e+03 8.612682935956852816e+03 8.496889893325636876e+03 8.400650671619892819e+03 8.323826081340928795e+03 8.266304880168612726e+03 8.228003700037530507e+03 8.208866992533610755e+03 8.208866992533610755e+03
7.953418642985911574e+05 7.953418642985911574e+05 7.943050316348312190e+05 7.922354813221357763e+05 7.891415396985978587e+05 7.850359239160304423e+05 7.799359795652640751e+05 7.738639418110039551e+05 7.668471791619537398e+05 7.589183768164552748e+05 7.501156187761001056e+05 7.404823345218154136e+05 7.300670864012200618e+05 7.189231868951752549e+05 7.071081491569980280e+05 6.946829880216080928e+05 6.817114005137309432e+05 6.682588635145869339e+05 6.543916909443471814e+05 6.401760934256698238e+05 6.256772802921165712e+05 6.109586377843872178e+05 5.960810093564462150e+05 5.811020952584763290e+05 5.660759799287510104e+05 5.510527879564984469e+05 5.360784629606441595e+05 5.211946589009877644e+05 5.064387301224375842e+05 4.918438046950499411e+05 4.774389251208881615e+05 4.632492409566317801e+05 4.492962390682679252e+05 4.355979988357049879e+05 4.221694614466907806e+05 4.090227042933591874e+05 3.961672132902197191e+05 3.836101475896223565e+05 3.713565926340149017e+05 3.594097987342434353e+05 3.477714033993314370e+05 3.364416364777435083e+05 3.254195078231171356e+05 3.147029776919816504e+05 3.042891104419861222e+05 2.941742123498596484e+05 2.843539545306203654e+05 2.748234820322457235e+05 2.655775102197438828e+05 2.566104095626022900e+05 2.479162799112208013e+05 2.394890152999675192e+05 2.313223602537433035e+05 2.234099585069893801e+05 2.157453949725933489e+05 2.083222317260923155e+05 2.011340387004896183e+05 1.941744197193984000e+05 1.874370344328731007e+05 1.809156166612113884e+05 1.746039895975514955e+05 1.684960782703270961e+05 1.625859196214688709e+05 1.568676705153917428e+05 1.513356139571130043e+05 1.459841637649418553e+05 1.408078679137995932e+05 1.358014107390962599e+05 1.309596141677642154e+05 1.262774381225140532e+05 1.217499802270211076e+05 1.173724749236681237e+05 1.131402921011837025e+05 1.090489353169146634e+05 1.050940396874161670e+05 1.012713695112777204e+05 9.757681567950904719e+04 9.400639292127607041e+04 9.055623692615976324e+04 8.722260137829268933e+04 8.400185493264382239e+04 8.089047815927014744e+04 7.788506047745156684e+04 7.498229709819392883e+04 7.217898599067423493e+04 6.947202488555479795e+04 6.685840832584857708e+04 6.433522477409549901e+04 6.189965378286107443e+04 5.954896323413885693e+04 5.728050665195700276e+04 5.509172059137959150e+04 5.298012210617475648e+04 5.094330629664116714e+04 4.897894393833568029e+04 4.708477919194103742e+04 4.525862739396747202e+04 4.349837292761744175e+04 4.180196717277331481e+04 4.016742653379792318e+04 3.859283054362552502e+04 3.707632004242402036e+04 3.561609542897606298e+04 3.421041498282350221e+04 3.285759325513769727e+04 3.155599952623141144e+04 3.030405632759514265e+04 2.910023802633307423e+04 2.794306946987940319e+04 2.683112468888548756e+04 2.576302565621187387e+04 2.473744109998317435e+04 2.375308536872249533e+04 2.280871734662009840e+04 2.190313941706709738e+04 2.103519647262173021e+04 2.020377496966348190e+04 1.940780202603995349e+04 1.864624456008258494e+04 1.791810846943927390e+04 1.722243784823526221e+04 1.655831424114208130e+04 1.592485593300259279e+04 1.532121727273026045e+04 1.474658803025792804e+04 1.420019278538078106e+04 1.368129034740018324e+04 1.318917320453829416e+04 1.272316700214286357e+04 1.228263004877184176e+04 1.186695284929249647e+04 1.147555766419020983e+04 1.110789809432874063e+04 1.076345869045785184e+04 1.044175458680896918e+04 1.014233115816644204e+04 9.864763699848146643e+03 9.608657130072575455e+03 9.373645714222824608e+03 9.159392810570332585e+03 8.965590637048488134e+03 8.791960058707798453e+03 8.638250395519235099e+03 8.504239250227128650e+03 8.389732355982156150e+03 8.294563443524288232e+03 8.218594127710010071e+03 8.161713813211585148e+03 8.123839619246880829e+03 8.104916323225477754e+03 8.104916323225477754e+03
8.196033610617624363e+05 8.196033610617624363e+05 8.185007678454600973e+05 8.162996749197994359e+05 8.130084123728745617e+05 8.086398151845892426e+05 8.032115826654888224e+05 7.967466817180594662e+05 7.892737378466980299e+05 7.808273545724889264e+05 7.714483047469719313e+05 7.611835461843169760e+05 7.500860282770248596e+05 7.382142743179906392e+05 7.256317440261421725e+05 7.124059998873287113e+05 6.986077171092734206e+05 6.843095884754261933e+05 6.695851811682481784e+05 6.545078025975278579e+05 6.391494270982887829e+05 6.235797263190482045e+05 6.078652347582033835e+05 5.920686697756688809e+05 5.762484138370407745e+05 5.604581567081735702e+05 5.447466873825828079e+05 5.291578198973208200e+05 5.137304337917309022e+05 4.984986085064536310e+05 4.834918311221498298e+05 4.687352580813190434e+05 4.542500135288773454e+05 4.400535093091275776e+05 4.261597741996062687e+05 4.125797824495880050e+05 3.993217739912413526e+05 3.863915607275823131e+05 3.737928150394096156e+05 3.615273380885727820e+05 3.495953066445301520e+05 3.379954980526121217e+05 3.267254936308965553e+05 3.157818612634160672e+05 3.051603182852137834e+05 2.948558759609016124e+05 2.848629669702550163e+05 2.751755573551636189e+05 2.657872443712747772e+05 2.566913416400910355e+05 2.478809529254153895e+05 2.393490357711668767e+05 2.310884561427324952e+05 2.230920351163729501e+05 2.153525885643801885e+05 2.078629606903009699e+05 2.006160521802058211e+05 1.936048436534997309e+05 1.868224150210366934e+05 1.802619612889388518e+05 1.739168052837838477e+05 1.677804077184559719e+05 1.618463749672200065e+05 1.561084648735780793e+05 1.505605908742571482e+05 1.451968246871855226e+05 1.400113977798592532e+05 1.349987018067443860e+05 1.301532881799517781e+05 1.254698669159262354e+05 1.209433048820170079e+05 1.165686235502247582e+05 1.123409963509493246e+05 1.082557457067822106e+05 1.043083398153606831e+05 1.004943892404964135e+05 9.680964336236538657e+04 9.324998673011500796e+04 8.981143535375416104e+04 8.649013296665641246e+04 8.328234728499088669e+04 8.018446628623009019e+04 7.719299452515570738e+04 7.430454950257524615e+04 7.151585809918695304e+04 6.882375308464803675e+04 6.622516970981270424e+04 6.371714238834792923e+04 6.129680147237359051e+04 5.896137012550188228e+04 5.670816129550860933e+04 5.453457478792762413e+04 5.243809444105828152e+04 5.041628540220270224e+04 4.846679150437437784e+04 4.658733274226640060e+04 4.477570284586460184e+04 4.302976694981211767e+04 4.134745935632849432e+04 3.972678138935318566e+04 3.816579933738856198e+04 3.666264248243601469e+04 3.521550121232838865e+04 3.382262521372973424e+04 3.248232174305438457e+04 3.119295397254205818e+04 2.995293940877760906e+04 2.876074838093781000e+04 2.761490259613395392e+04 2.651397375925312008e+04 2.545658225476876760e+04 2.444139588807041946e+04 2.346712868393094323e+04 2.253253973982161915e+04 2.163643213185638524e+04 2.077765187123708529e+04 1.995508690916303021e+04 1.916766618824687612e+04 1.841435873856665057e+04 1.769417281657736385e+04 1.700615508518092975e+04 1.634938983333871511e+04 1.572299823369598926e+04 1.512613763676613053e+04 1.455800090029742387e+04 1.401781575252006405e+04 1.350484418805268433e+04 1.301838189530544878e+04 1.255775771429355518e+04 1.212233312384257988e+04 1.171150175721811320e+04 1.132468894529209319e+04 1.096135128639723371e+04 1.062097624209166861e+04 1.030308175810403736e+04 1.000721590977885171e+04 9.732956571398910455e+03 9.479911108800024522e+03 9.247716094749772310e+03 9.036037046595434731e+03 8.844568185734338840e+03 8.673032218503623881e+03 8.521180138115370937e+03 8.388791047313277886e+03 8.275672001452128825e+03 8.181657871747566787e+03 8.106611228467581896e+03 8.050422243880106180e+03 8.013008614796941401e+03 7.994315504590423188e+03 7.994315504590423188e+03
8.448906674976754002e+05 8.448906674976754002e+05 8.437183902016372886e+05 8.413777638790332712e+05 8.378768527280698763e+05 8.332282480806094827e+05 8.274495969143770635e+05 8.205642032635055948e+05 8.126016257635498187e+05 8.035981896026345203e+05 7.935973345950439107e+05 7.826497331072271336e+05 7.708131312102725497e+05 7.581518916217975784e+05 7.447362446973761544e+05 7.306412804220904363e+05 7.159457366660956759e+05 7.007306543084784644e+05 6.850779768254256342e+05 6.690691705781719647e+05 6.527839335305518471e+05 6.362990465092452941e+05 6.196874047627309337e+05 6.030172507434576983e+05 5.863516135632770602e+05 5.697479476928797085e+05 5.532579538170128362e+05 5.369275584173337556e+05 5.207970253487767768e+05 5.049011718855269719e+05 4.892696628250718350e+05 4.739273586425077519e+05 4.588946968428297550e+05 4.441880891295530018e+05 4.298203204687000834e+05 4.158009393588772509e+05 4.021366314894423122e+05 3.888315714185141842e+05 3.758877489185304148e+05 3.633052682416317402e+05 3.510826197909144103e+05 3.392169245979976840e+05 3.277041526551335701e+05 3.165393165828434867e+05 3.057166423770580441e+05 2.952297191140758805e+05 2.850716295296484604e+05 2.752350633584089228e+05 2.657124152426494984e+05 2.564958689121602220e+05 2.475774692121500848e+05 2.389491834235000424e+05 2.306029531854398374e+05 2.225307381997274060e+05 2.147245527707923902e+05 2.071764961199365789e+05 1.998787773040871252e+05 1.928237354718666757e+05 1.860038561013896542e+05 1.794117837847134215e+05 1.730403320532023790e+05 1.668824906752523966e+05 1.609314308022491750e+05 1.551805082896407694e+05 1.496232654770127847e+05 1.442534316731766739e+05 1.390649225593587325e+05 1.340518386945023958e+05 1.292084632815796358e+05 1.245292593317324063e+05 1.200088663438792719e+05 1.156420966007547104e+05 1.114239311678237136e+05 1.073495156688669085e+05 1.034141559011254867e+05 9.961331334332071128e+04 9.594260060168908967e+04 9.239777683198614977e+04 8.897474316924806044e+04 8.566953819175771787e+04 8.247833344106488221e+04 7.939742901590352994e+04 7.642324925444534165e+04 7.355233851639949717e+04 7.078135707390248717e+04 6.810707711803207349e+04 6.552637888590833609e+04 6.303624691178232752e+04 6.063376640418881288e+04 5.831611975012587936e+04 5.608058314625558705e+04 5.392452335638779186e+04 5.184539459380102198e+04 4.984073552646258759e+04 4.790816640276514954e+04 4.604538629504692653e+04 4.425017045790168049e+04 4.252036779807903076e+04 4.085389845260540460e+04 3.924875147168504191e+04 3.770298260285139258e+04 3.621471217280398560e+04 3.478212306339851784e+04 3.340345877823494084e+04 3.207702159636182114e+04 3.080117080967278525e+04 2.957432104061482460e+04 2.839494063694658325e+04 2.726155014035301065e+04 2.617272082583140218e+04 2.512707330885787451e+04 2.412327621746353907e+04 2.316004492643855338e+04 2.223614035102376511e+04 2.135036779751860013e+04 2.050157586838851421e+04 1.968865541952920830e+04 1.891053856747500686e+04 1.816619774443544520e+04 1.745464479915313495e+04 1.677493014167140427e+04 1.612614193020766834e+04 1.550740529841598618e+04 1.491788162142203510e+04 1.435676781910013233e+04 1.382329569514945797e+04 1.331673131061171080e+04 1.283637439055162577e+04 1.238155776269641683e+04 1.195164682691484813e+04 1.154603905447128818e+04 1.116416351607704746e+04 1.080548043780981607e+04 1.046948078404800435e+04 1.015568586661798872e+04 9.863646979414843372e+03 9.592945057809367427e+03 9.343190362206481950e+03 9.114022185176072526e+03 8.905108581615413641e+03 8.716146121459898495e+03 8.546859664495877951e+03 8.397002156875232686e+03 8.266354448970905651e+03 8.154725134257026184e+03 8.061950408929335936e+03 7.987893952024769533e+03 7.932446825832660579e+03 7.895527396427308304e+03 7.877081274184953145e+03 7.877081274184953145e+03
8.712683464550273493e+05 8.712683464550273493e+05 8.700226369342646794e+05 8.675347726274292218e+05 8.638121593348688912e+05 8.588666142097997945e+05 8.527151276847765548e+05 8.453807397185092559e+05 8.368934255286890548e+05 8.272908782992317574e+05 8.166190802428795723e+05 8.049325694363779621e+05 7.922943369741265196e+05 7.787753243364890805e+05 7.644535300025355536e+05 7.494127719693226973e+05 7.337411838719830848e+05 7.175295429677758366e+05 7.008695364480714779e+05 6.838520686474693939e+05 6.665656978486762382e+05 6.490952708200095221e+05 6.315207996103727492e+05 6.139166017628300469e+05 5.963507044936992461e+05 5.788844970414993586e+05 5.615726039096214809e+05 5.444629449601065135e+05 5.275969456228587078e+05 5.110098609770482290e+05 4.947311801937968121e+05 4.787850819326750934e+05 4.631909160398955573e+05 4.479636917589518707e+05 4.331145572627076763e+05 4.186512594220865285e+05 4.045785762305113021e+05 3.908987171774207964e+05 3.776116891366128693e+05 3.647156270671499078e+05 3.522070900919066044e+05 3.400813244024302694e+05 3.283324950151753146e+05 3.169538887421183172e+05 3.059380908976317151e+05 2.952771382917839219e+05 2.849626509977285750e+05 2.749859452578045893e+05 2.653381297328805085e+05 2.560101871199517045e+05 2.469930429759339604e+05 2.382776234003858408e+05 2.298549030516795756e+05 2.217159448039067211e+05 2.138519321975180646e+05 2.062541956960833340e+05 1.989142336348170647e+05 1.918237286332726653e+05 1.849745601440124738e+05 1.783588137201739301e+05 1.719687875067169953e+05 1.657969963916704291e+05 1.598361741938790365e+05 1.540792742115764413e+05 1.485194684107671783e+05 1.431501454930006003e+05 1.379649080479744007e+05 1.329575689667730476e+05 1.281221472659830033e+05 1.234528634507154202e+05 1.189441345255101769e+05 1.145905687455081352e+05 1.103869601860603143e+05 1.063282831966628873e+05 1.024096867944904661e+05 9.862648904371086974e+04 9.497417145893917768e+04 9.144837346442748094e+04 8.804488693484847317e+04 8.475965083853389660e+04 8.158874599987397960e+04 7.852838999387688818e+04 7.557493218289110519e+04 7.272484890280452964e+04 6.997473880390325212e+04 6.732131834959184926e+04 6.476141747471882263e+04 6.229197540383908927e+04 5.991003662871408596e+04 5.761274704341164761e+04 5.539735023463958350e+04 5.326118392435488204e+04 5.120167656120035826e+04 4.921634405695066380e+04 4.730278666387373960e+04 4.545868598869537527e+04 4.368180213870781154e+04 4.196997099547554535e+04 4.032110161155540118e+04 3.873317372561912634e+04 3.720423539142222580e+04 3.573240071608404105e+04 3.431584770324282727e+04 3.295281619673268870e+04 3.164160592053158325e+04 3.038057461085174145e+04 2.916813623637483033e+04 2.800275930275700739e+04 2.688296523767814506e+04 2.580732685283624596e+04 2.477446687944760197e+04 2.378305657393782894e+04 2.283181439066731400e+04 2.191950471866528096e+04 2.104493667948405346e+04 2.020696298343461967e+04 1.940447884158464512e+04 1.863642093103326260e+04 1.790176641110931450e+04 1.719953198825885920e+04 1.652877302750135277e+04 1.588858270845949119e+04 1.527809122407066934e+04 1.469646502019350373e+04 1.414290607443521367e+04 1.361665121261099375e+04 1.311697146135032744e+04 1.264317143545180443e+04 1.219458875867531424e+04 1.177059351674339996e+04 1.137058774140219975e+04 1.099400492446769022e+04 1.064030956085791877e+04 1.030899671967648464e+04 9.999591642482117095e+03 9.711649367941545279e+03 9.444754382119008369e+03 9.198520293722203860e+03 8.972589533666214265e+03 8.766633078384875262e+03 8.580350196355928347e+03 8.413468217362797077e+03 8.265742324061158797e+03 8.136955365458617962e+03 8.026917691968780673e+03 7.935467011726887904e+03 7.862468267917075536e+03 7.807813536877122715e+03 7.771421946803172432e+03 7.753239616905546427e+03 7.753239616905546427e+03
8.988045839006078895e+05 8.988045839006078895e+05 8.974820781627685064e+05 8.948399509622451151e+05 8.908843881881473353e+05 8.856256689575287746e+05 8.790792481764839031e+05 8.712670123447870137e+05 8.622185658747793641e+05 8.519723930751014268e+05 8.405767447148652282e+05 8.280901191928655608e+05 8.145812458162356634e+05 8.001285276386156911e+05 7.848189571578147588e+05 7.687465718391669216e+05 7.520105600443165749e+05 7.347131556405964075e+05 7.169574687059685821e+05 6.988453911938602105e+05 6.804756939049602952e+05 6.619423999678238761e+05 6.433334858673987910e+05 6.247299286667577690e+05 6.062050907941027544e+05 5.878244133722293191e+05 5.696453759166232776e+05 5.517176736752003198e+05 5.340835626924189273e+05 5.167783253997063148e+05 4.998308147552433657e+05 4.832640414783602464e+05 4.670957758216214133e+05 4.513391419520601630e+05 4.360031889738776372e+05 4.210934277163661900e+05 4.066123265742148506e+05 3.925597629572463920e+05 3.789334293747592019e+05 3.657291949619691586e+05 3.529414244766321499e+05 3.405632575698788278e+05 3.285868515711523360e+05 3.170035912113983068e+05 3.058042687141171191e+05 2.949792375672721537e+05 2.845185430950124282e+05 2.744120327089108760e+05 2.646494484583357698e+05 2.552205042349577707e+05 2.461149497288093844e+05 2.373226229893493000e+05 2.288334932196448790e+05 2.206376952259581594e+05 2.127255567603984673e+05 2.050876198293517518e+05 1.977146568949082284e+05 1.905976827685342869e+05 1.837279628843883402e+05 1.770970185423867952e+05 1.706966296265819983e+05 1.645188352313980577e+05 1.585559325650162646e+05 1.528004744449502614e+05 1.472452656538337469e+05 1.418833583833297016e+05 1.367080469593428716e+05 1.317128620121314598e+05 1.268915642294118152e+05 1.222381378086996265e+05 1.177467837065239291e+05 1.134119127660623490e+05 1.092281387911390193e+05 1.051902716228031204e+05 1.012933102647253254e+05 9.753243609512451803e+04 9.390300619572844880e+04 9.040054682203740231e+04 8.702074703395691176e+04 8.375945250144116289e+04 8.061265949597132567e+04 7.757650907559218467e+04 7.464728146853379440e+04 7.182139065821639088e+04 6.909537917059280153e+04 6.646591306325032201e+04 6.392977711440701387e+04 6.148387020892458531e+04 5.912520091763646633e+04 5.685088326560436690e+04 5.465813268442001572e+04 5.254426214327144407e+04 5.050667845320456399e+04 4.854287873880319239e+04 4.665044707140779065e+04 4.482705125790052989e+04 4.307043977910403191e+04 4.137843887183791230e+04 3.974894974879286747e+04 3.817994595043089066e+04 3.666947082327256794e+04 3.521563511906844360e+04 3.381661470948932401e+04 3.247064841115832678e+04 3.117603591600752407e+04 2.993113582212032634e+04 2.873436376041753829e+04 2.758419061272071849e+04 2.647914081690250168e+04 2.541779075504106731e+04 2.439876722066322327e+04 2.342074596133326850e+04 2.248245029304407944e+04 2.158264978301730662e+04 2.072015899769622774e+04 1.989383631287529715e+04 1.910258278307539513e+04 1.834534106741168944e+04 1.762109440936256578e+04 1.692886566797890555e+04 1.626771639821664030e+04 1.563674597820235795e+04 1.503509078136703829e+04 1.446192339150430234e+04 1.391645185892481641e+04 1.339791899598656710e+04 1.290560171038725093e+04 1.243881037470401679e+04 1.199688823076350309e+04 1.157921082751225367e+04 1.118518549115080350e+04 1.081425082636818661e+04 1.046587624760537619e+04 1.013956153933644237e+04 9.834836444441420099e+03 9.551260279803611411e+03 9.288421578336536186e+03 9.045937756698875091e+03 8.823454808025955572e+03 8.620647019054593329e+03 8.437216711076131105e+03 8.272894004203990335e+03 8.127436604492284459e+03 8.000629613489325493e+03 7.892285359857620278e+03 7.802243252735610440e+03 7.730369656559882969e+03 7.676557787111059042e+03 7.640727628582894795e+03 7.622825871523240494e+03 7.622825871523240494e+03
9.275707998084068531e+05 9.275707998084068531e+05 9.261688153604631079e+05 9.233666424301038496e+05 9.191684543044705642e+05 9.135819077580812154e+05 9.066196638117436087e+05 8.983011656620581634e+05 8.886544802702370798e+05 8.777179905589813134e+05 8.655417273425550666e+05 8.521881572691247566e+05 8.377322947835287778e+05 8.222610772164544323e+05 8.058720227513411082e+05 7.886712685837064637e+05 7.707711486412833910e+05 7.522875076904245652e+05 7.333369578644681023e+05 7.140342667239506263e+05 6.944900294543310301e+05 6.748087304764541332e+05 6.550872502453966299e+05 6.354138282451174455e+05 6.158674574978777673e+05 5.965176610982043203e+05 5.774245871079331264e+05 5.586393530436869478e+05 5.402045729551904369e+05 5.221550064459745772e+05 5.045182778977737180e+05 4.873156240256775054e+05 4.705626375757607166e+05 4.542699837677690666e+05 4.384440736100197537e+05 4.230876843489608727e+05 4.082005221021878533e+05 3.937797252990218112e+05 3.798203100984486518e+05 3.663155606638266472e+05 3.532573682297401829e+05 3.406365234602395794e+05 3.284429668041850673e+05 3.166660015117797884e+05 3.052944737708046450e+05 2.943169241158961086e+05 2.837217139054141589e+05 2.734971302815818926e+05 2.636314726525351871e+05 2.541131233742046461e+05 2.449306049745305500e+05 2.360726259560351318e+05 2.275281169379724015e+05 2.192862586546718958e+05 2.113365031119295163e+05 2.036685890153491346e+05 1.962725524215254409e+05 1.891387334220035409e+05 1.822577795484393137e+05 1.756206464832492638e+05 1.692185965707322757e+05 1.630431955472670379e+05 1.570863078441086109e+05 1.513400907606797118e+05 1.457969877590485557e+05 1.404497210899206693e+05 1.352912839262801572e+05 1.303149321517435455e+05 1.255141759259236278e+05 1.208827711281336087e+05 1.164147107629883831e+05 1.121042163963411003e+05 1.079457296772042610e+05 1.039339039905369427e+05 1.000635962766054872e+05 9.632985904490256507e+04 9.272793260415761324e+04 8.925323752449860331e+04 8.590136734320211690e+04 8.266808152174916177e+04 7.954929865859377605e+04 7.654108995953985141e+04 7.363967296535827336e+04 7.084140553454116161e+04 6.814278007764303766e+04 6.554041803850776341e+04 6.303106461674191087e+04 6.061158372510896879e+04 5.827895317498374789e+04 5.603026008257883950e+04 5.386269648843012692e+04 5.177355518243132974e+04 4.976022572663451865e+04 4.782019066801506415e+04 4.595102193346065178e+04 4.415037739931990654e+04 4.241599762799424934e+04 4.074570276421117160e+04 3.913738958380623808e+04 3.758902868806011247e+04 3.609866183682765404e+04 3.466439941397900839e+04 3.328441801884955203e+04 3.195695817768830966e+04 3.068032216930981303e+04 2.945287195941257232e+04 2.827302723825884823e+04 2.713926355665933443e+04 2.605011055542527538e+04 2.500415028370171058e+04 2.400001560180178058e+04 2.303638866438369951e+04 2.211199948002575184e+04 2.122562454345395963e+04 2.037608553688008396e+04 1.956224809708762768e+04 1.878302064509068805e+04 1.803735327536714613e+04 1.732423670183350259e+04 1.664270125788109726e+04 1.599181594796228819e+04 1.537068754834667561e+04 1.477845975481881760e+04 1.421431237521212825e+04 1.367746056481038613e+04 1.316715410276290095e+04 1.268267670777648345e+04 1.222334539146004499e+04 1.178850984779678947e+04 1.137755187732140257e+04 1.098988484467808303e+04 1.062495316831441960e+04 1.028223184116260745e+04 9.961225981234774736e+03 9.661470411137745032e+03 9.382529265584709719e+03 9.123995626056390392e+03 8.885491181821766077e+03 8.666665916604264567e+03 8.467197820226048862e+03 8.286792624634526874e+03 8.125183563761606820e+03 7.982131156722521155e+03 7.857423013914804869e+03 7.750873665620972133e+03 7.662324412777470570e+03 7.591643199601291599e+03 7.538724507831844676e+03 7.503489272371289189e+03 7.485884818159412134e+03 7.485884818159412134e+03
9.576409613866623258e+05 9.576409613866623258e+05 9.561579154181081103e+05 9.531919494060812285e+05 9.487441170446788892e+05 9.428179305869941600e+05 9.354214770266537089e+05 9.265699114331238670e+05 9.162880666243389715e+05 9.046128862349500414e+05 8.915953855651135091e+05 8.773018781921169721e+05 8.618142775047102477e+05 8.452293843825918157e+05 8.276571903021660401e+05 8.092183390301201725e+05 7.900409796358392341e+05 7.702572944213820156e+05 7.499999925337187015e+05 7.293990281681849156e+05 7.085787430346864276e+05 6.876555605887635611e+05 6.667362878021876095e+05 6.459170187599278288e+05 6.252825884733968414e+05 6.049064963228871347e+05 5.848512049152521649e+05 5.651687186837929767e+05 5.459013535673056031e+05 5.270826211198574165e+05 5.087381646026341477e+05 4.908866989529174753e+05 4.735409197089675581e+05 4.567083572937065619e+05 4.403921622713105171e+05 4.245918143273538444e+05 4.093037529956203070e+05 3.945219318520078086e+05 3.802383003264012514e+05 3.664432187368670711e+05 3.531258128808375914e+05 3.402742747342202347e+05 3.278761156778859440e+05 3.159183783184858039e+05 3.043878124906091252e+05 2.932710204864665284e+05 2.825545760033114348e+05 2.722251207577969180e+05 2.622694422080048826e+05 2.526745353589388542e+05 2.434276512090093165e+05 2.345163340250014444e+05 2.259284493086743751e+05 2.176522040364934655e+05 2.096761605111359386e+05 2.019892449550128658e+05 1.945807517981819692e+05 1.874403444614812033e+05 1.805580533071799146e+05 1.739242713205723267e+05 1.675297479937982280e+05 1.613655818054606789e+05 1.554232116240131727e+05 1.496944073074931512e+05 1.441712597257879097e+05 1.388461703921911248e+05 1.337118408581639524e+05 1.287612619974049594e+05 1.239877032820011373e+05 1.193847021338658669e+05 1.149460534182351403e+05 1.106657991322060261e+05 1.065382183297347365e+05 1.025578173149265058e+05 9.871932012736352044e+04 9.501765933654118271e+04 9.144796715690965357e+04 8.800556689045108214e+04 8.468596469995303778e+04 8.148484171298651199e+04 7.839804645417070424e+04 7.542158760122142849e+04 7.255162705868000921e+04 6.978447334197806777e+04 6.711657526348927058e+04 6.454451591148658190e+04 6.206500691243037727e+04 5.967488296660752530e+04 5.737109664696108666e+04 5.515071345081528852e+04 5.301090709424322995e+04 5.094895503884193749e+04 4.896223424086243176e+04 4.704821711282011529e+04 4.520446768790052010e+04 4.342863797781222820e+04 4.171846451494470966e+04 4.007176507004559244e+04 3.848643553690852423e+04 3.696044697591382283e+04 3.549184280856899568e+04 3.407873615552662523e+04 3.271930731089323308e+04 3.141180134594376068e+04 3.015452583569588751e+04 2.894584870208192297e+04 2.778419616778361524e+04 2.666805081506572969e+04 2.559594974424401153e+04 2.456648282669270338e+04 2.357829104755589287e+04 2.263006493359499655e+04 2.172054306183997687e+04 2.084851064494255843e+04 2.001279818937700838e+04 1.921228022282286838e+04 1.844587408728450828e+04 1.771253879470128959e+04 1.701127394198132606e+04 1.634111868257628339e+04 1.570115075188438277e+04 1.509048554392650476e+04 1.450827523690476482e+04 1.395370796538379545e+04 1.342600703699385303e+04 1.292443019166522936e+04 1.244826890155140063e+04 1.199684770989647404e+04 1.156952360723301354e+04 1.116568544339203072e+04 1.078475337391449466e+04 1.042617833954825983e+04 1.008944157760614689e+04 9.774054164049692190e+03 9.479556585241649373e+03 9.205518338394651437e+03 8.951537559811153187e+03 8.717240680088591034e+03 8.502282105525098814e+03 8.306343925026796569e+03 8.129135641884292454e+03 7.970393929836287498e+03 7.829882412903975819e+03 7.707391468527988764e+03 7.602738053591705466e+03 7.515765552971504803e+03 7.446343650296328633e+03 7.394368220649218529e+03 7.359761244993334913e+03 7.342470746140785195e+03 7.342470746140785195e+03
9.890904778839084320e+05 9.890904778839084320e+05 9.875264691895354772e+05 9.843961056781916413e+05 9.796957902296417160e+05 9.734227734949119622e+05 9.655780734625969781e+05 9.561699446930482518e+05 9.452175486793234013e+05 9.327544230899128597e+05 9.188313333054448012e+05 9.035181283881691052e+05 8.869043209359463071e+05 8.690982581736035645e+05 8.502249272676255787e+05 8.304226081639153417e+05 8.098387187147389632e+05 7.886252661310540279e+05 7.669343192393152276e+05 7.449138575973387342e+05 7.227042571136550978e+05 7.004355614399153274e+05 6.782255846626179991e+05 6.561788072696937015e+05 6.343859699393819319e+05 6.129242381272134371e+05 5.918578005305210827e+05 5.712387703970697476e+05 5.511082743597376393e+05 5.314976339736534283e+05 5.124295666618037503e+05 4.939193528986905003e+05 4.759759338415722013e+05 4.586029177297435235e+05 4.417994842286538915e+05 4.255611838234581519e+05 4.098806348348831525e+05 3.947481241409259383e+05 3.801521197127132327e+05 3.660797040166863007e+05 3.525169375300074462e+05 3.394491613189585041e+05 3.268612470336793340e+05 3.147378019158518873e+05 3.030633355948428507e+05 2.918223946258451906e+05 2.809996699407075648e+05 2.705800816604244756e+05 2.605488450690369937e+05 2.508915209746043256e+05 2.415940531820089673e+05 2.326427953701612423e+05 2.240245292958007776e+05 2.157264759313701652e+05 2.077363008776273346e+05 2.000421151670782710e+05 1.926324723854077747e+05 1.854963628796891717e+05 1.786232056897443545e+05 1.720028387283079210e+05 1.656255076432734204e+05 1.594818537182660075e+05 1.535629011036102311e+05 1.478600436162942788e+05 1.423650313030726684e+05 1.370699569237817195e+05 1.319672424811927194e+05 1.270496258981630963e+05 1.223101479215513245e+05 1.177421393148581992e+05 1.133392083868519840e+05 1.090952288914776291e+05 1.050043283243791375e+05 1.010608766331605730e+05 9.725947535182622960e+04 9.359494716443367361e+04 9.006232589844291215e+04 8.665684694476086588e+04 8.337393809862851049e+04 8.020921081316350319e+04 7.715845185572469200e+04 7.421761535586277023e+04 7.138281523263784766e+04 6.865031798843803699e+04 6.601653585588566784e+04 6.347802028423400043e+04 6.103145575147603813e+04 5.867365388847717259e+04 5.640154790150919871e+04 5.421218727982203563e+04 5.210273277513140056e+04 5.007045164026603015e+04 4.811271311455307296e+04 4.622698414395637519e+04 4.441082532436097972e+04 4.266188705687057518e+04 4.097790590439749940e+04 3.935670113928304636e+04 3.779617147213312273e+04 3.629429195246656309e+04 3.484911103225409170e+04 3.345874778379070631e+04 3.212138926381345664e+04 3.083528801613760152e+04 2.959875970548631813e+04 2.841018087557797116e+04 2.726798682487437691e+04 2.617066959375432998e+04 2.511677605721920554e+04 2.410490611753220946e+04 2.313371099153035902e+04 2.220189158761492581e+04 2.130819696772562747e+04 2.045142288985525011e+04 1.963041042692992050e+04 1.884404465810838155e+04 1.809125342879313393e+04 1.737100617586105000e+04 1.668231281483030034e+04 1.602422268587648432e+04 1.539582355579742762e+04 1.479624067320762333e+04 1.422463587440179253e+04 1.368020673750342394e+04 1.316218578264169264e+04 1.266983971606864361e+04 1.220246871624236337e+04 1.175940576004362265e+04 1.134001598740960617e+04 1.094369610278470645e+04 1.056987381189580810e+04 1.021800729246363517e+04 9.887584697560563654e+03 9.578123690416150566e+03 9.289171009557729121e+03 9.020302063264975004e+03 8.771120552381409652e+03 8.541258120618515022e+03 8.330374031546300102e+03 8.138154871538278712e+03 7.964314278002396350e+03 7.808592692292750144e+03 7.670757136754849853e+03 7.550601015414249559e+03 7.447943937875807933e+03 7.362631566050004039e+03 7.294535483379807374e+03 7.243553086282260665e+03 7.209607497579647315e+03 7.192647501731331431e+03 7.192647501731331431e+03
1.021994513353323215e+06 1.021994513353323215e+06 1.020352124318125308e+06 1.017061433104061754e+06 1.012112093167527346e+06 1.005492173884657794e+06 9.971921542515173787e+05 9.872097161074898904e+05 9.755548769551289733e+05 9.622549115198852960e+05 9.473584714740636991e+05 9.309383510816913331e+05 9.130924779562258627e+05 8.939429246973516420e+05 8.736330034120448399e+05 8.523227653759012464e+05 8.301834247891358100e+05 8.073913198745382251e+05 7.841220083247642033e+05 7.605449882398891496e+05 7.368193781023239717e+05 7.130907201755215647e+05 6.894889224045574665e+05 6.661272423646985553e+05 6.431021481179217808e+05 6.204938608567791525e+05 5.983673839425737970e+05 5.767738421327314572e+05 5.557519842594529036e+05 5.353297353397450643e+05 5.155257153915699455e+05 4.963506694721503882e+05 4.778087755526106921e+05 4.598988137238768977e+05 4.426151924042439205e+05 4.259488354673038702e+05 4.098879393694652827e+05 3.944186122101414949e+05 3.795254078693439369e+05 3.651917684712170158e+05 3.514003878232897259e+05 3.381335074781004805e+05 3.253731558638073620e+05 3.131013396734634298e+05 3.013001954767825082e+05 2.899521083757855813e+05 2.790398034931646544e+05 2.685464151695398614e+05 2.584555379524771997e+05 2.487512627791505365e+05 2.394182011757987202e+05 2.304414998091678426e+05 2.218068473157201661e+05 2.135004749933768762e+05 2.055091526566157117e+05 1.978201807207141246e+05 1.904213793864496984e+05 1.833010756360987725e+05 1.764480886192950420e+05 1.698517138981673634e+05 1.635017069317065761e+05 1.573882661053006013e+05 1.515020155509490578e+05 1.458339879536686640e+05 1.403756074987560569e+05 1.351186730810057779e+05 1.300553418694202701e+05 1.251781132984381693e+05 1.204798135382641049e+05 1.159535804818742763e+05 1.115928492740406655e+05 1.073913383977862395e+05 1.033430363257331337e+05 9.944218873733980581e+04 9.568328629791080311e+04 9.206105299130159256e+04 8.857043499496491859e+04 8.520659008370549418e+04 8.196487754660003702e+04 7.884084860029675474e+04 7.583023728095553815e+04 7.292895179653378727e+04 7.013306632084281591e+04 6.743881321065862721e+04 6.484257562732500810e+04 6.234088054447962350e+04 5.993039212386712461e+04 5.760790544169429631e+04 5.537034054837652366e+04 5.321473684516791400e+04 5.113824776166300580e+04 4.913813571880989912e+04 4.721176736266075022e+04 4.535660905470597208e+04 4.357022260528348124e+04 4.185026123711038235e+04 4.019446576666680630e+04 3.860066099166595814e+04 3.706675227350438217e+04 3.559072230407231109e+04 3.417062804690105258e+04 3.280459784311632393e+04 3.149082867317327691e+04 3.022758356584597277e+04 2.901318914638172282e+04 2.784603331620351310e+04 2.672456305693734976e+04 2.564728235196420428e+04 2.461275021907842529e+04 2.361957884818509410e+04 2.266643183834009324e+04 2.175202252874869373e+04 2.087511241865824923e+04 2.003450967138749184e+04 1.922906769799779067e+04 1.845768381639776635e+04 1.771929798192152521e+04 1.701289158565077742e+04 1.633748631699145699e+04 1.569214308722566966e+04 1.507596101095941776e+04 1.448807644258305663e+04 1.392766206504299771e+04 1.339392602839478604e+04 1.288611113576321441e+04 1.240349407450520994e+04 1.194538469049296327e+04 1.151112530359525408e+04 1.110009006254547785e+04 1.071168433751894554e+04 1.034534414885365004e+04 1.000053563045480587e+04 9.676754526533308308e+03 9.373525720422267113e+03 9.090402794308156444e+03 8.826967618801250865e+03 8.582829971355658927e+03 8.357627182625030400e+03 8.151023809915443962e+03 7.962711336973306061e+03 7.792407899405808166e+03 7.639858035104739429e+03 7.504832459100896813e+03 7.387127862340075808e+03 7.286566733927274981e+03 7.202997206439965339e+03 7.136292923966570925e+03 7.086352932580664856e+03 7.053101593005581890e+03 7.036488515279824242e+03 7.036488515279824242e+03
1.056425497473394964e+06 1.056425497473394964e+06 1.054710888709085062e+06 1.051270711879857117e+06 1.046085022720328066e+06 1.039128716692923685e+06 1.030376941157500842e+06 1.019811671887192293e+06 1.007428858540190267e+06 9.932453884806380374e+05 9.773050264099853812e+05 9.596825101519527379e+05 9.404851564350079279e+05 9.198516512134559453e+05 8.979481115290216403e+05 8.749619136357009411e+05 8.510940828700409038e+05 8.265511681797796628e+05 8.015374703973438591e+05 7.762483021502018673e+05 7.508646983814473497e+05 7.255497371094301343e+05 7.004464172769351862e+05 6.756768959721839055e+05 6.513428115085704485e+05 6.275263994629130466e+05 6.042921283710865537e+05 5.816886234477517428e+05 5.597506969404268311e+05 5.385013533407610375e+05 5.179536813601303729e+05 4.981125800233595073e+05 4.789762931210040115e+05 4.605377453977286350e+05 4.427856865686916863e+05 4.257056569839511649e+05 4.092807928328716080e+05 3.934924903109158040e+05 3.783209480374413542e+05 3.637456058692761580e+05 3.497454965662149480e+05 3.362995248470279039e+05 3.233866864317460568e+05 3.109862378203528351e+05 2.990778258758730371e+05 2.876415847902090754e+05 2.766582067190545495e+05 2.661089912693405058e+05 2.559758780922021542e+05 2.462414660570180858e+05 2.368890218369624636e+05 2.279024802045501419e+05 2.192664378987152304e+05 2.109661425674179336e+05 2.029874779980581952e+05 1.953169466103962914e+05 1.879416499933565501e+05 1.808492681103438081e+05 1.740280376703070651e+05 1.674667300585857593e+05 1.611546291379347385e+05 1.550815091624432825e+05 1.492376129922305408e+05 1.436136307525371958e+05 1.382006790449838736e+05 1.329902807900786866e+05 1.279743457566724246e+05 1.231451518155769591e+05 1.184953269396101969e+05 1.140178319604735152e+05 1.097059440835267887e+05 1.055532411541332840e+05 1.015535866635306156e+05 9.770111547780531691e+04 9.399022027025235002e+04 9.041553863497621205e+04 8.697194085789352539e+04 8.365451832017071138e+04 8.045857250848325202e+04 7.737960460619381047e+04 7.441330563956056722e+04 7.155554715332262276e+04 6.880237239047934418e+04 6.614998795160118607e+04 6.359475590975261730e+04 6.113318635780403565e+04 5.876193036579053296e+04 5.647777332676367223e+04 5.427762867051706417e+04 5.215853192541887256e+04 5.011763510947607574e+04 4.815220143262932106e+04 4.625960029315436987e+04 4.443730255187714647e+04 4.268287606872574543e+04 4.099398148696357384e+04 3.936836825118833076e+04 3.780387084593499458e+04 3.629840524243425898e+04 3.484996554175803612e+04 3.345662080322013935e+04 3.211651204754401260e+04 3.082784942488895103e+04 2.958890953838976566e+04 2.839803291440456451e+04 2.725362161117720825e+04 2.615413695809049750e+04 2.509809741816588212e+04 2.408407656687790586e+04 2.311070118077861844e+04 2.217664942979889383e+04 2.128064916748531687e+04 2.042147631375257333e+04 1.959795332507627609e+04 1.880894774735665851e+04 1.805337084697528189e+04 1.733017631584398623e+04 1.663835904650851808e+04 1.597695397360859533e+04 1.534503497823646285e+04 1.474171385195173207e+04 1.416613931741256783e+04 1.361749610278665205e+04 1.309500406727774498e+04 1.259791737529123202e+04 1.212552371690915061e+04 1.167714357251261572e+04 1.125212951952639378e+04 1.084986557940269449e+04 1.046976660308480496e+04 1.011127769331774471e+04 9.773873662288313426e+03 9.457058523182473436e+03 9.160365014350843921e+03 8.883354154875733002e+03 8.625614830416730911e+03 8.386763408307882855e+03 8.166443380953576707e+03 7.964325036655143776e+03 7.780105157071656322e+03 7.613506740590287336e+03 7.464278750950232279e+03 7.332195890524410061e+03 7.217058397734616847e+03 7.118691868125629298e+03 7.036947098686854588e+03 6.971699955064757887e+03 6.922851261363357480e+03 6.890326712281084838e+03 6.874076807386978544e+03 6.874076807386978544e+03
1.092449541945212055e+06 1.092449541945212055e+06 1.090673930637986632e+06 1.087104729485749034e+06 1.081708574059450068e+06 1.074441776481334353e+06 1.065257578485441860e+06 1.054115105759823695e+06 1.040989275752342073e+06 1.025880645398580702e+06 1.008823989564377582e+06 9.898943726189996814e+05 9.692096945172669366e+05 9.469291729816198349e+05 9.232478785082127433e+05 8.983880962824664311e+05 8.725887602412626147e+05 8.460943730021562660e+05 8.191446900835704291e+05 7.919661006989013404e+05 7.647652098949168576e+05 7.377247303182724863e+05 7.110014940278856084e+05 6.847262166217331542e+05 6.590045754182207165e+05 6.339191720623560250e+05 6.095320063137141988e+05 5.858871654092334211e+05 5.630135136134880595e+05 5.409272383680493804e+05 5.196341678289202973e+05 4.991318185512198834e+05 4.794111629402110702e+05 4.604581261544098961e+05 4.422548339583689230e+05 4.247806389021839714e+05 4.080129540715106996e+05 3.919279229815952713e+05 3.765009520555691561e+05 3.617071292706319946e+05 3.475215494612862822e+05 3.339195637336935033e+05 3.208769676372075919e+05 3.083701402388214483e+05 2.963761440790556953e+05 2.848727941457555862e+05 2.738387024599986617e+05 2.632533035914069042e+05 2.530968653727000346e+05 2.433504882295971329e+05 2.339960958505382296e+05 2.250164193625749322e+05 2.163949767309211311e+05 2.081160487396262179e+05 2.001646526226836140e+05 1.925265141845967737e+05 1.851880390655476658e+05 1.781362836598505673e+05 1.713589260793915892e+05 1.648442374611094710e+05 1.585810538434601913e+05 1.525587487782641256e+05 1.467672067977726110e+05 1.411967978200617945e+05 1.358383525467737345e+05 1.306831388844961475e+05 1.257228394031576318e+05 1.209495298310580692e+05 1.163556585754199477e+05 1.119340272492690565e+05 1.076777721793763922e+05 1.035803468655449396e+05 9.963550535840477096e+04 9.583728652074217098e+04 9.217999913618245046e+04 8.865820782829918608e+04 8.526671975324137020e+04 8.200057202915035305e+04 7.885501986625535937e+04 7.582552536238600442e+04 7.290774692958396918e+04 7.009752931868236919e+04 6.739089420985942706e+04 6.478403133850133599e+04 6.227329012698867882e+04 5.985517179430656688e+04 5.752632191675562353e+04 5.528352341423655162e+04 5.312368993796367431e+04 5.104385963661004644e+04 4.904118927914215601e+04 4.711294871373882779e+04 4.525651564332591806e+04 4.346937069930357393e+04 4.174909279610239173e+04 4.009335475016885175e+04 3.849991914790178271e+04 3.696663444799242279e+04 3.549143130441433459e+04 3.407231909716063092e+04 3.270738265855056670e+04 3.139477918365688311e+04 3.013273531411609656e+04 2.891954438516802475e+04 2.775356382644711266e+04 2.663321270756364902e+04 2.555696942010376733e+04 2.452336948814980860e+04 2.353100349992956399e+04 2.257851515365007072e+04 2.166459941099371645e+04 2.078800075216962432e+04 1.994751152678224753e+04 1.914197039514168500e+04 1.837026085497915847e+04 1.763130984884671125e+04 1.692408644776726578e+04 1.624760060700599570e+04 1.560090199007495175e+04 1.498307885733846160e+04 1.439325701583095361e+04 1.383059882710414422e+04 1.329430227013275362e+04 1.278360005650955645e+04 1.229775879533270381e+04 1.183607820536680265e+04 1.139789037222560546e+04 1.098255904846445083e+04 1.058947899463001340e+04 1.021807535943853327e+04 9.867803097386222362e+03 9.538146422218538646e+03 9.228618294794285248e+03 8.938759943987319275e+03 8.668140419375775309e+03 8.416356174559781721e+03 8.183030680038212267e+03 7.967814064666032209e+03 7.770382784791171616e+03 7.590439320246463467e+03 7.427711896451302891e+03 7.281954231942695515e+03 7.152945310722440809e+03 7.040489178876852748e+03 6.944414764980736436e+03 6.864575723861092229e+03 6.800850303351860020e+03 6.753141233726730206e+03 6.721375639552188659e+03 6.705504973755406354e+03 6.705504973755406354e+03
1.130121378799522063e+06 1.130121378799522063e+06 1.128303010366959963e+06 1.124638685240410035e+06 1.119076560361067997e+06 1.111547116574174492e+06 1.101972740963083226e+06 1.090279805666147964e+06 1.076412350274842931e+06 1.060346021413118346e+06 1.042100526489475509e+06 1.021748698928349535e+06 9.994205226700785570e+05 9.753011897216059733e+05 9.496233349535838934e+05 9.226546876964787953e+05 8.946831376376557164e+05 8.660014231515435968e+05 8.368933405133525375e+05 8.076227419260388706e+05 7.784258818375450792e+05 7.495070698505155742e+05 7.210371845127965789e+05 6.931544026671110187e+05 6.659664622486490989e+05 6.395538444684477290e+05 6.139733809964064276e+05 5.892619240172455320e+05 5.654398382242805092e+05 5.425141727916580858e+05 5.204814454146947828e+05 4.993300216997326352e+05 4.790421056960248970e+05 4.595953758178926655e+05 4.409643089900828199e+05 4.231212379605842871e+05 4.060371849091023905e+05 3.896825105361756869e+05 3.740274129438938689e+05 3.590423055664273561e+05 3.446980986100967275e+05 3.309664041432094527e+05 3.178196812225444592e+05 3.052313342632287531e+05 2.931757752143358812e+05 2.816284579342404031e+05 2.705658914012284367e+05 2.599656369807591836e+05 2.498062938413217780e+05 2.400674757132967934e+05 2.307297814753821003e+05 2.217747614931622811e+05 2.131848811942307220e+05 2.049434830187404004e+05 1.970347476137671911e+05 1.894436549282041669e+05 1.821559456997330417e+05 1.751580836966854404e+05 1.684372189772432612e+05 1.619811523507470847e+05 1.557783011654728325e+05 1.498176665007350093e+05 1.440888018053998530e+05 1.385817829975728528e+05 1.332871800195676333e+05 1.281960298265722522e+05 1.232998107762412546e+05 1.185904183778786828e+05 1.140601423543040728e+05 1.097016449654791941e+05 1.055079405407255981e+05 1.014723761651044624e+05 9.758861346527650312e+04 9.385061144056337071e+04 9.025261028580948187e+04 8.678911615397120477e+04 8.345488680793144158e+04 8.024491811281483388e+04 7.715443132196171791e+04 7.417886111174421967e+04 7.131384432239805756e+04 6.855520936410478316e+04 6.589896624956032610e+04 6.334129721625395177e+04 6.087854790364000655e+04 5.850721905222917121e+04 5.622395869347589905e+04 5.402555480106289178e+04 5.190892837586349924e+04 4.987112693845672766e+04 4.790931840460079547e+04 4.602078532050525973e+04 4.420291943613325566e+04 4.245321659604884917e+04 4.076927192858025956e+04 3.914877531520784396e+04 3.758950712321368337e+04 3.608933418565586180e+04 3.464620601369519864e+04 3.325815122725848050e+04 3.192327419085695146e+04 3.063975184221709424e+04 2.940583070213871542e+04 2.821982405472487517e+04 2.708010928780546237e+04 2.598512538400756239e+04 2.493337055354202312e+04 2.392340000031722229e+04 2.295382381354460449e+04 2.202330497746756737e+04 2.113055749234678296e+04 2.027434460024018699e+04 1.945347710954399736e+04 1.866681181265246050e+04 1.791324999143490641e+04 1.719173600558754333e+04 1.650125595923279616e+04 1.584083644143141646e+04 1.520954333655380287e+04 1.460648070074057250e+04 1.403078970089493851e+04 1.348164761291748619e+04 1.295826687608962857e+04 1.245989420072493158e+04 1.198580972640372784e+04 1.153532622827711930e+04 1.110778836911075268e+04 1.070257199488479273e+04 1.031908347192674228e+04 9.956759063691868505e+03 9.615064345437966040e+03 9.293493655169169870e+03 8.991569579337914547e+03 8.708842471912239489e+03 8.444890005512117568e+03 8.199316753426031937e+03 7.971753801405070590e+03 7.761858388227003161e+03 7.569313574105372936e+03 7.393827936093223798e+03 7.235135289718101376e+03 7.092994436143540042e+03 6.967188934235945453e+03 6.857526896967761786e+03 6.763840811663278146e+03 6.685987383647898241e+03 6.623847402922730907e+03 6.577325633542130163e+03 6.546350725432406762e+03 6.530875148437916323e+03 6.530875148437916323e+03
1.169477326725000516e+06 1.169477326725000516e+06 1.167644063001148170e+06 1.163937007508861134e+06 1.158279266222032253e+06 1.150565914822612656e+06 1.140676416191731812e+06 1.128490715019084513e+06 1.113908039416664978e+06 1.096866673567019869e+06 1.077362187899499200e+06 1.055461149067966035e+06 1.031307548629130935e+06 1.005120292085009860e+06 9.771818949737375369e+05 9.478204282566844486e+05 9.173880098276566714e+05 8.862393647335502319e+05 8.547132932022035820e+05 8.231187278349079425e+05 7.917258868002070813e+05 7.607621341869393364e+05 7.304116413213417400e+05 7.008177633920134977e+05 6.720871006651363568e+05 6.442943942454745993e+05 6.174876283336388879e+05 5.916929214483374963e+05 5.669189623784916475e+05 5.431608754808637314e+05 5.204034875813570688e+05 4.986240229661101475e+05 4.777942824842017144e+05 4.578823754379601451e+05 4.388540748993647867e+05 4.206738628843923798e+05 4.033057245209119865e+05 3.867137419313637074e+05 3.708625301876351004e+05 3.557175500114385504e+05 3.412453251694543287e+05 3.274135868205747684e+05 3.141913623673213297e+05 3.015490225420279894e+05 2.894582973963812110e+05 2.778922694348925725e+05 2.668253502239792142e+05 2.562332453166682681e+05 2.460929111744455004e+05 2.363825068711036292e+05 2.270813426726801554e+05 2.181698270564980630e+05 2.096294133256051573e+05 2.014425466638863145e+05 1.935926122400908498e+05 1.860638847888242453e+05 1.788414799599255784e+05 1.719113076245302509e+05 1.652600272486082977e+05 1.588750053869092953e+05 1.527442753072265186e+05 1.468564987236365268e+05 1.412009295944941114e+05 1.357673799250441662e+05 1.305461875035316625e+05 1.255281854925256048e+05 1.207046737930788804e+05 1.160673920971776242e+05 1.116084945437054557e+05 1.073205258938657644e+05 1.031963991437395161e+05 9.922937449401884805e+04 9.541303959968953859e+04 9.174129102552455151e+04 8.820831683645825251e+04 8.480858025529434963e+04 8.153680432349834882e+04 7.838795750418864191e+04 7.535724016972900426e+04 7.244007191946331295e+04 6.963207967630299390e+04 6.692908651375226327e+04 6.432710116788648156e+04 6.182230819146943395e+04 5.941105870997784950e+04 5.708986174180455419e+04 5.485537604716334317e+04 5.270440247248859669e+04 5.063387675915670116e+04 4.864086278731447237e+04 4.672254622745998495e+04 4.487622857414837927e+04 4.309932153780956287e+04 4.138934177221885329e+04 3.974390591657943150e+04 3.816072593252918159e+04 3.663760471765226976e+04 3.517243197825121752e+04 3.376318034525262192e+04 3.240790171815695794e+04 3.110472382290737733e+04 2.985184697048545422e+04 2.864754100386577556e+04 2.749014242179226858e+04 2.637805166855218340e+04 2.530973057966027045e+04 2.428369997398526539e+04 2.329853738349174455e+04 2.235287491232540560e+04 2.144539721751844263e+04 2.057483960408701751e+04 1.973998622776744742e+04 1.893966839907472604e+04 1.817276298278322065e+04 1.743819088731298325e+04 1.673491563886114091e+04 1.606194203547403959e+04 1.541831487654643570e+04 1.480311776355518668e+04 1.421547196810125388e+04 1.365453536359158716e+04 1.311950141714901838e+04 1.260959823855419381e+04 1.212408768324822267e+04 1.166226450661610761e+04 1.122345556697717802e+04 1.080701907486019445e+04 1.041234388633325216e+04 1.003884883829957107e+04 9.685982123819705521e+03 9.353220705661487955e+03 9.040069766407887073e+03 8.746062193572359320e+03 8.470758098291587885e+03 8.213744366268105296e+03 7.974634239741090823e+03 7.753066929361477378e+03 7.548707254933482545e+03 7.361245314076741124e+03 7.190396177944352530e+03 7.035899613205016067e+03 6.897519829579959151e+03 6.775045252289981363e+03 6.668288318837757288e+03 6.577085299614721407e+03 6.501296141889118189e+03 6.440804336783842700e+03 6.395516808919368486e+03 6.365363828448950699e+03 6.350298945274265861e+03 6.350298945274265861e+03
1.210525666048254352e+06 1.210525666048254352e+06 1.208718311854494037e+06 1.205045978667407529e+06 1.199398395425104536e+06 1.191622828188649612e+06 1.181539735822156537e+06 1.168963848389717983e+06 1.153729821502859704e+06 1.135720352988279192e+06 1.114893164879589342e+06 1.091302117520264350e+06 1.065107700023890706e+06 1.036573804599359748e+06 1.006050843300014967e+06 9.739486927696666680e+05 9.407050914967949502e+05 9.067552354814310092e+05 8.725068260064078495e+05 8.383226809048876166e+05 8.045110846150575671e+05 7.713227627425272949e+05 7.389527766563850455e+05 7.075455778531151591e+05 6.772017171549942577e+05 6.479850815007407218e+05 6.199299081732222112e+05 5.930471408059853129e+05 5.673299241121999221e+05 5.427581897512023570e+05 5.193023791804624489e+05 4.969263978721443564e+05 4.755899140226912568e+05 4.552501155409170315e+05 4.358630299207923235e+05 4.173844979985406389e+05 3.997708778486249503e+05 3.829795410185777000e+05 3.669692108218331123e+05 3.517001818121101242e+05 3.371344508426124230e+05 3.232357830948725459e+05 3.099697309084055014e+05 2.973036189043457271e+05 2.852065055423061131e+05 2.736491286779046059e+05 2.626038407299111714e+05 2.520445375826502568e+05 2.419465842317187053e+05 2.322867393425980117e+05 2.230430802653225546e+05 2.141949295825007721e+05 2.057227839226230280e+05 1.976082455164729618e+05 1.898339567877514637e+05 1.823835381335588172e+05 1.752415289525896951e+05 1.683933319091579469e+05 1.618251603725315363e+05 1.555239889376122737e+05 1.494775069111082412e+05 1.436740746337115124e+05 1.381026825012250920e+05 1.327529125445216487e+05 1.276149024280588928e+05 1.226793117291879462e+05 1.179372903639819415e+05 1.133804490302925551e+05 1.090008315441238519e+05 1.047908889512934402e+05 1.007434553023036278e+05 9.685172498445099336e+04 9.310923151116978261e+04 8.950982767441350734e+04 8.604766697157493036e+04 8.271718622383600450e+04 7.951308930804468400e+04 7.643033192912349477e+04 7.346410736470334814e+04 7.060983311808420694e+04 6.786313841977294942e+04 6.521985252178247174e+04 6.267599373253853992e+04 6.022775914370661485e+04 5.787151500345705426e+04 5.560378769375028787e+04 5.342125527202465310e+04 5.132073954034605413e+04 4.929919860751237138e+04 4.735371991196169256e+04 4.548151367546758411e+04 4.367990675960828958e+04 4.194633689889735979e+04 4.027834728620079113e+04 3.867358148770820844e+04 3.712977866624092712e+04 3.564476909311029885e+04 3.421646993005862169e+04 3.284288126405410003e+04 3.152208237885723793e+04 3.025222824836619839e+04 2.903154623771937622e+04 2.785833299911441645e+04 2.673095155011576571e+04 2.564782852309684313e+04 2.460745157516416293e+04 2.360836694866418839e+04 2.264917717300245567e+04 2.172853889913016246e+04 2.084516085864080014e+04 1.999780193992739805e+04 1.918526937438208552e+04 1.840641702606896797e+04 1.766014377873859848e+04 1.694539201447088635e+04 1.626114617860839462e+04 1.560643142599322346e+04 1.498031234385935932e+04 1.438189174705538062e+04 1.381030954152761296e+04 1.326474165232009182e+04 1.274439901254603683e+04 1.224852661006773451e+04 1.177640258882228954e+04 1.132733740194407255e+04 1.090067301403908459e+04 1.049578215013415502e+04 1.011206758901458852e+04 9.748961498807573662e+03 9.405924812836334240e+03 9.082446643896702881e+03 8.778043735255589127e+03 8.492259946786916771e+03 8.224665774782024528e+03 7.974857904082405184e+03 7.742458791288729117e+03 7.527116277897780492e+03 7.328503232313305489e+03 7.146317219761750493e+03 6.980280199236663066e+03 6.830138246663886093e+03 6.695661303562969806e+03 6.576642950551621652e+03 6.472900205107790498e+03 6.384273343068491158e+03 6.310625743413213058e+03 6.251843755937408787e+03 6.207836591483037409e+03 6.178536234449008589e+03 6.163897377365358807e+03 6.163897377365358807e+03
1.253233673607804580e+06 1.253233673607804580e+06 1.251510128683340736e+06 1.247983346081380732e+06 1.242499508318437031e+06 1.234842435440081637e+06 1.224752526379523100e+06 1.211953665129388450e+06 1.196187838094271719e+06 1.177255188089232659e+06 1.155054477793546394e+06 1.129616360939945094e+06 1.101121025789999869e+06 1.069894196993383579e+06 1.036381190151160350e+06 1.001105235184393008e+06 9.646200373717735056e+05 9.274661583349694265e+05 8.901375350527652772e+05 8.530604719826834043e+05 8.165843034759564325e+05 7.809811874781829538e+05 7.464519935213627759e+05 7.131355392010656651e+05 6.811190738082729513e+05 6.504486054235066986e+05 6.211382619012049399e+05 5.931783139146534959e+05 5.665417753445934504e+05 5.411896632747995900e+05 5.170750819298435817e+05 4.941463225995117100e+05 4.723491678636630531e+05 4.516285688351443387e+05 4.319298384091790649e+05 4.131994772133936058e+05 3.953857249322959105e+05 3.784389091029976844e+05 3.623116465712150093e+05 3.469589393016497488e+05 3.323381956934700138e+05 3.184092004456058494e+05 3.051340498643186875e+05 2.924770648826818797e+05 2.804046906182845123e+05 2.688853887494636001e+05 2.578895271200042916e+05 2.473892696175040328e+05 2.373584683803275111e+05 2.277725596750417608e+05 2.186084642760995775e+05 2.098444928181101568e+05 2.014602563376973558e+05 1.934365820469254395e+05 1.857554342616809008e+05 1.783998403303038504e+05 1.713538213584836049e+05 1.646023274976217945e+05 1.581311775492727465e+05 1.519270026335554430e+05 1.459771936714845069e+05 1.402698524375658890e+05 1.347937459483994753e+05 1.295382639639422414e+05 1.244933793900275632e+05 1.196496113830660761e+05 1.149979909700063727e+05 1.105300290087394824e+05 1.062376863255850913e+05 1.021133458776728075e+05 9.814978679836652009e+04 9.434016019385367690e+04 9.067796656820789212e+04 8.715703476296935696e+04 8.377150230530620320e+04 8.051579706641340454e+04 7.738462013882970496e+04 7.437292984782467829e+04 7.147592681812868977e+04 6.868904002291015058e+04 6.600791374706073839e+04 6.342839540179755568e+04 6.094652413201362651e+04 5.855852016200571234e+04 5.626077482911528205e+04 5.404984125831848360e+04 5.192242563422562671e+04 4.987537902998863865e+04 4.790568975544400018e+04 4.601047618957352097e+04 4.418698006470849214e+04 4.243256017228285782e+04 4.074468646199036448e+04 3.912093450822311570e+04 3.755898031944307877e+04 3.605659546788305306e+04 3.461164251847968262e+04 3.322207073748145922e+04 3.188591206244903515e+04 3.060127731668949127e+04 2.936635265229177821e+04 2.817939620704613117e+04 2.703873496151348445e+04 2.594276178348122266e+04 2.488993264788552187e+04 2.387876402111403513e+04 2.290783039934121916e+04 2.197576199127038490e+04 2.108124253629492887e+04 2.022300724970635929e+04 1.939984088714970130e+04 1.861057592104471769e+04 1.785409082219633274e+04 1.712930844026687555e+04 1.643519447720997414e+04 1.577075604818554893e+04 1.513504032481238937e+04 1.452713325599717609e+04 1.394615836187999594e+04 1.339127559675232260e+04 1.286168027707733199e+04 1.235660207101376727e+04 1.187530404608802019e+04 1.141708177188745140e+04 1.098126247487510591e+04 1.056720424260645996e+04 1.017429527484585924e+04 9.801953179233431001e+03 9.449624309329336029e+03 9.116783143021506476e+03 8.802931699417255004e+03 8.507598992489221928e+03 8.230340519864308590e+03 7.970737785268113839e+03 7.728397853255679365e+03 7.502952934959119375e+03 7.294060003686969139e+03 7.101400439309005378e+03 6.924679700440818124e+03 6.763627023539788752e+03 6.617995148095823424e+03 6.487560067179700127e+03 6.372120802689447373e+03 6.271499204697711320e+03 6.185539774380322342e+03 6.114109510058729029e+03 6.057097775963112326e+03 6.014416193377614945e+03 5.985998553886416630e+03 5.971800754500149196e+03 5.971800754500149196e+03
1.297510457454348449e+06 1.297510457454348449e+06 1.295950680706813699e+06 1.292723808753194287e+06 1.287620735207184916e+06 1.280342920441915747e+06 1.270523830414888216e+06 1.257761920750858262e+06 1.241666487126400694e+06 1.221914678412818583e+06 1.198313037550669396e+06 1.170851360225742450e+06 1.139733502725533443e+06 1.105372918671311578e+06 1.068351440837766044e+06 1.029353020897980430e+06 9.890908776768083917e+05 9.482443497814181028e+05 9.074145540375292767e+05 8.671005634650887223e+05 8.276929221946941689e+05 7.894792954888808308e+05 7.526570963981549721e+05 7.173490046849386999e+05 6.836186273700778838e+05 6.514847244607545435e+05 6.209332873655897565e+05 5.919273126850166591e+05 5.644144251527729211e+05 5.383326467445282033e+05 5.136146491216716240e+05 4.901908105388142867e+05 4.679913565562418662e+05 4.469478143205455854e+05 4.269939623304024572e+05 4.080664157880143612e+05 3.901049531740632956e+05 3.730526623613222619e+05 3.568559635055385879e+05 3.414645500218548113e+05 3.268312771024641115e+05 3.129120185245562461e+05 2.996655061694200849e+05 2.870531621182732051e+05 2.750389299397052382e+05 2.635891094848797075e+05 2.526721978958857653e+05 2.422587384163033857e+05 2.323211778289815411e+05 2.228337328315360937e+05 2.137722653213917511e+05 2.051141663455049274e+05 1.968382483384869993e+05 1.889246451988056360e+05 1.813547197182098171e+05 1.741109778704868513e+05 1.671769894733992696e+05 1.605373147557692428e+05 1.541774363856102282e+05 1.480836965423881484e+05 1.422432386446977034e+05 1.366439533728273236e+05 1.312744286529021047e+05 1.261239032953120332e+05 1.211822240044620994e+05 1.164398054995037819e+05 1.118875935068158142e+05 1.075170304042578209e+05 1.033200233150285785e+05 9.928891446525996435e+04 9.541645363445641124e+04 9.169577254151963280e+04 8.812036102167860372e+04 8.468404486109803838e+04 8.138096516644586518e+04 7.820555915633517725e+04 7.515254227038688259e+04 7.221689149973032181e+04 6.939382985024117806e+04 6.667881185654790897e+04 6.406751007120108261e+04 6.155580245907802600e+04 5.913976063244305260e+04 5.681563886691000516e+04 5.457986384308878041e+04 5.242902506277592329e+04 5.035986589238996385e+04 4.836927518982636684e+04 4.645427947419005068e+04 4.461203560078403825e+04 4.283982390652885806e+04 4.113504179352333449e+04 3.949519772077294328e+04 3.791790557632991840e+04 3.640087940404232359e+04 3.494192846100875613e+04 3.353895258350286167e+04 3.218993784075410804e+04 3.089295245742208135e+04 2.964614298695995603e+04 2.844773071932034509e+04 2.729600830763739941e+04 2.618933659956154588e+04 2.512614165999064790e+04 2.410491197277996616e+04 2.312419580997661615e+04 2.218259875783052485e+04 2.127878138964439859e+04 2.041145707618438610e+04 1.957938992501181565e+04 1.878139284070961730e+04 1.801632569851319568e+04 1.728309362438192693e+04 1.658064537502272287e+04 1.590797181182074746e+04 1.526410446305211372e+04 1.464811416913611174e+04 1.405910980604802717e+04 1.349623708234405422e+04 1.295867740557537400e+04 1.244564681413293329e+04 1.195639497087757445e+04 1.149020421512570647e+04 1.104638866981903629e+04 1.062429340092361599e+04 1.022329362630985634e+04 9.842793971558643534e+03 9.482227770321875141e+03 9.141056407031031995e+03 8.818768699910251598e+03 8.514880322397986674e+03 8.228933261217762265e+03 7.960495309473783891e+03 7.709159593266264892e+03 7.474544130440704976e+03 7.256291420187863878e+03 7.054068062321315665e+03 6.867564405149705635e+03 6.696494220954922639e+03 6.540594408174554701e+03 6.399624719466028182e+03 6.273367514911837134e+03 6.161627539694541156e+03 6.064231725645966435e+03 5.981029016140602835e+03 5.911890213867506645e+03 5.856707851079226202e+03 5.815396081980768940e+03 5.787890596972270941e+03 5.774148558524919281e+03 5.774148558524919281e+03
1.343184666500735795e+06 1.343184666500735795e+06 1.341896224781224970e+06 1.339178880631693639e+06 1.334755911295764847e+06 1.328225017503621522e+06 1.319079796000984963e+06 1.306747476543592289e+06 1.290647703199430602e+06 1.270273133821588475e+06 1.245284258119461825e+06 1.215599201553754508e+06 1.181449911173578585e+06 1.143378715060412185e+06 1.102170133225123165e+06 1.058741596897892887e+06 1.014028895799379214e+06 9.688944045613284688e+05 9.240701689836045261e+05 8.801344539995529922e+05 8.375133136933192145e+05 7.964972559232088970e+05 7.572646909956474556e+05 7.199064821589275962e+05 6.844483577981260605e+05 6.508697466363734566e+05 6.191187294280715287e+05 5.891234084988051327e+05 5.608002552513390547e+05 5.340600504706401844e+05 5.088119835838901345e+05 4.849663868000626680e+05 4.624364822542318143e+05 4.411394312057319912e+05 4.209969000827423879e+05 4.019352995088770404e+05 3.838858077599691460e+05 3.667842569280751050e+05 3.505709359273509472e+05 3.351903471807769965e+05 3.205909415989555418e+05 3.067248479224139010e+05 2.935476066024570027e+05 2.810179143756886479e+05 2.690973829830018221e+05 2.577503136961644632e+05 2.469434881582125090e+05 2.366459753179911349e+05 2.268289538039996696e+05 2.174655488413234707e+05 2.085306827006651438e+05 2.000009376350388920e+05 1.918544302764384483e+05 1.840706965110457386e+05 1.766305859139500535e+05 1.695161648937428836e+05 1.627106277684956440e+05 1.561982150637456216e+05 1.499641383888614655e+05 1.439945113087749633e+05 1.382762856839743326e+05 1.327971930021755688e+05 1.275456902707969421e+05 1.225109100805114140e+05 1.176826144870742137e+05 1.130511523916435690e+05 1.086074201296023966e+05 1.043428250043956941e+05 1.002492515269058495e+05 9.631903014219443139e+04 9.254490824494686967e+04 8.892002330217481358e+04 8.543787791756320803e+04 8.209231668596080272e+04 7.887750469940069888e+04 7.578790757763512374e+04 7.281827290675835684e+04 6.996361297907207336e+04 6.721918873610346054e+04 6.458049482458598504e+04 6.204324568254932819e+04 5.960336257919229683e+04 5.725696153834174038e+04 5.500034208080062672e+04 5.282997672591829905e+04 5.074250119744592666e+04 4.873470528288084461e+04 4.680352429950580699e+04 4.494603112384206906e+04 4.315942874455537822e+04 4.144104330187724554e+04 3.978831757936595386e+04 3.819880491642122070e+04 3.667016351228695567e+04 3.520015109447143914e+04 3.378661992650554748e+04 3.242751213180448394e+04 3.112085531208994144e+04 2.986475844041842356e+04 2.865740801028861824e+04 2.749706442366137708e+04 2.638205860193961780e+04 2.531078880512192336e+04 2.428171764538457137e+04 2.329336928233584695e+04 2.234432678808547280e+04 2.143322967112506376e+04 2.055877154876649001e+04 1.971969795864267508e+04 1.891480430040944339e+04 1.814293389943055081e+04 1.740297618478905133e+04 1.669386497451616742e+04 1.601457686140797887e+04 1.536412969328208601e+04 1.474158114193334040e+04 1.414602735546709118e+04 1.357660168903803424e+04 1.303247350939450916e+04 1.251284706891426868e+04 1.201696044515637914e+04 1.154408454219748091e+04 1.109352215030771367e+04 1.066460706074394147e+04 1.025670323267642016e+04 9.869204009472208782e+03 9.501531381754391987e+03 9.153135294844041709e+03 8.823492998356974567e+03 8.512108435899404867e+03 8.218511672945332975e+03 7.942258361130407138e+03 7.682929237319167441e+03 7.440129655938944779e+03 7.213489153177492881e+03 7.002661041760786247e+03 6.807322035126971059e+03 6.627171899909384592e+03 6.461933135736773693e+03 6.311350681440217159e+03 6.175191646846063122e+03 6.053245069406834773e+03 5.945321694997812301e+03 5.851253782282544307e+03 5.770894930112664042e+03 5.704119927496417404e+03 5.650824625734906476e+03 5.610925832380949032e+03 5.584361226743184488e+03 5.571089296706487403e+03 5.571089296706487403e+03
1.389976129673695657e+06 1.389976129673695657e+06 1.389099703969525639e+06 1.387169069431001088e+06 1.383829237866286887e+06 1.378552731141560012e+06 1.370655608054640936e+06 1.359335171344416449e+06 1.343740900623376947e+06 1.323086227134137182e+06 1.296795841980698984e+06 1.264660020108888857e+06 1.226942168652200606e+06 1.184381541838914156e+06 1.138074474771449808e+06 1.089286297950746957e+06 1.039267038065672503e+06 9.891189310225931695e+05 9.397283291073343717e+05 8.917510573964029318e+05 8.456319666655343026e+05 8.016409230754051823e+05 7.599127599860829068e+05 7.204840982893179171e+05 6.833239468272742815e+05 6.483574515563956229e+05 6.154834174252352677e+05 5.845867121544089168e+05 5.555467224168272223e+05 5.282428984100567177e+05 5.025582234613149194e+05 4.783812469002471189e+05 4.556071483392774244e+05 4.341381668420063797e+05 4.138836270207669004e+05 3.947597202443348360e+05 3.766891466838131892e+05 3.596006873958463548e+05 3.434287506210320862e+05 3.281129195927667315e+05 3.135975179336041328e+05 2.998312013855608529e+05 2.867665799273190787e+05 2.743598714049089467e+05 2.625705860466239974e+05 2.513612402404405293e+05 2.406970974501510791e+05 2.305459339508998673e+05 2.208778270559106895e+05 2.116649636046185042e+05 2.028814666374679364e+05 1.945032383631611010e+05 1.865078177097725275e+05 1.788742509312916663e+05 1.715829739094279357e+05 1.646157049437240057e+05 1.579553469610127795e+05 1.515858981974068738e+05 1.454923705142948893e+05 1.396607146045824338e+05 1.340777514287093072e+05 1.287311092928267317e+05 1.236091660453966178e+05 1.187009959241816978e+05 1.139963206349275424e+05 1.094854642859712185e+05 1.051593118410605384e+05 1.010092707862397219e+05 9.702723573635041248e+04 9.320555573299105163e+04 8.953700400929852913e+04 8.601475001775196870e+04 8.263233353591457126e+04 7.938364068174466956e+04 7.626288168518232123e+04 7.326457027613006358e+04 7.038350456125094206e+04 6.761474927291924541e+04 6.495361928365138738e+04 6.239566428832135716e+04 5.993665456467352487e+04 5.757256773004259594e+04 5.529957641894308472e+04 5.311403681236647390e+04 5.101247795516556653e+04 4.899159180307773931e+04 4.704822394557864027e+04 4.517936495501519676e+04 4.338214231636143813e+04 4.165381289556433330e+04 3.999175590763682703e+04 3.839346634872089635e+04 3.685654885907338030e+04 3.537871198642682430e+04 3.395776282154954970e+04 3.259160197990509914e+04 3.127821890531698591e+04 3.001568747332092607e+04 2.880216187356195223e+04 2.763587275211242013e+04 2.651512359600840136e+04 2.543828734359562077e+04 2.440380320547841256e+04 2.341017368196207462e+04 2.245596176393205678e+04 2.153978830500615368e+04 2.066032955373099685e+04 1.981631483535540247e+04 1.900652437347123850e+04 1.822978724252724714e+04 1.748497944283004108e+04 1.677102209026052515e+04 1.608687971348285464e+04 1.543155865191992052e+04 1.480410554826433872e+04 1.420360592971425285e+04 1.362918287254194547e+04 1.307999574498530092e+04 1.255523902378772800e+04 1.205414118006487661e+04 1.157596363046278930e+04 1.111999974985954213e+04 1.068557394213278531e+04 1.027204076575705949e+04 9.878784111224465960e+03 9.505216427496325196e+03 9.150777994895111988e+03 8.814936242029192726e+03 8.497185104521297035e+03 8.197044423466264561e+03 7.914059381707273133e+03 7.647799976151140982e+03 7.397860524484171037e+03 7.163859204771005352e+03 6.945437626539866869e+03 6.742260432061615575e+03 6.554014926643314539e+03 6.380410736846314649e+03 6.221179495635607964e+03 6.076074553553365149e+03 5.944870715091869897e+03 5.827363999521543519e+03 5.723371425502128659e+03 5.632730818877044840e+03 5.555300643120608584e+03 5.490959851972527758e+03 5.439607763856894053e+03 5.401163957743634455e+03 5.375568190172864888e+03 5.362780333217834595e+03 5.362780333217834595e+03
1.437460314076394541e+06 1.437460314076394541e+06 1.437173870262437966e+06 1.436385322701111902e+06 1.434656750029603718e+06 1.431319539772786899e+06 1.425474602441633586e+06 1.416018505504738307e+06 1.401718944216610398e+06 1.381362991604652489e+06 1.353985373796292115e+06 1.319141013945489191e+06 1.277121897877049167e+06 1.228982614603094058e+06 1.176319065948548261e+06 1.120928578510655556e+06 1.064507804007341154e+06 1.008466878175950260e+06 9.538610602181967115e+05 9.014041424435597146e+05 8.515237484150687233e+05 8.044291257328862557e+05 7.601746956881848164e+05 7.187122309233476408e+05 6.799302734898175113e+05 6.436821719110693084e+05 6.098050622180943610e+05 5.781321340296942508e+05 5.485001583663412603e+05 5.207537991270063212e+05 4.947478143325306010e+05 4.703479193011407042e+05 4.474308344201546861e+05 4.258838621642425423e+05 4.056042150411513867e+05 3.864982332638967200e+05 3.684805762181632454e+05 3.514734363306246814e+05 3.354058014131449745e+05 3.202127775669907569e+05 3.058349762993443292e+05 2.922179646356605226e+05 2.793117743902889779e+05 2.670704655231726356e+05 2.554517381092089636e+05 2.444165875241810572e+05 2.339289977863607928e+05 2.239556684489784238e+05 2.144657709347659838e+05 2.054307306924446602e+05 1.968240320122242847e+05 1.886210427505873377e+05 1.807988565810857399e+05 1.733361507077011338e+05 1.662130572543560411e+05 1.594110467822240898e+05 1.529128225907004962e+05 1.467022246324594598e+05 1.407641420222234738e+05 1.350844332465782645e+05 1.296498532915074029e+05 1.244479869980952935e+05 1.194671880375976907e+05 1.146965229667752865e+05 1.101257198845700768e+05 1.057451212636922864e+05 1.015456405761979258e+05 9.751872237205793499e+04 9.365630550472432515e+04 8.995078922848307411e+04 8.639500191954827460e+04 8.298217219698475674e+04 7.970590224088072137e+04 7.656014312427738332e+04 7.353917199234345753e+04 7.063757093751739012e+04 6.785020743297100125e+04 6.517221619905486295e+04 6.259898238838263933e+04 6.012612598521957261e+04 5.774948732381099398e+04 5.546511363847964822e+04 5.326924656562765449e+04 5.115831052456745965e+04 4.912890191010925628e+04 4.717777903541940032e+04 4.530185276868454093e+04 4.349817781167791691e+04 4.176394457257039903e+04 4.009647158908192796e+04 3.849319846161877649e+04 3.695167925919500703e+04 3.546957636387424282e+04 3.404465472214333568e+04 3.267477647408113262e+04 3.135789593341448199e+04 3.009205489364961613e+04 2.887537823733100231e+04 2.770606982724224508e+04 2.658240865993465559e+04 2.550274526347253777e+04 2.446549832262071868e+04 2.346915151594557028e+04 2.251225055045060435e+04 2.159340038043722234e+04 2.071126259825005036e+04 1.986455298545872574e+04 1.905203921388578601e+04 1.827253868662728928e+04 1.752491650995595774e+04 1.680808358762532953e+04 1.612099482973042905e+04 1.546264746880996609e+04 1.483207947643264561e+04 1.422836807396524273e+04 1.365062833168039469e+04 1.309801185077957052e+04 1.256970552328809754e+04 1.206493036513036895e+04 1.158294041804747758e+04 1.112302171629858640e+04 1.068449131440242127e+04 1.026669637242184035e+04 9.869013295556989760e+03 9.490846925036519679e+03 9.131629777512836881e+03 8.790821330371023578e+03 8.467907350546351154e+03 8.162399264622708870e+03 7.873833568141376418e+03 7.601771272213582051e+03 7.345797385659526299e+03 7.105520431043268218e+03 6.880571993086377915e+03 6.670606298070236335e+03 6.475299822943467916e+03 6.294350932951656432e+03 6.127479546710240356e+03 5.974426827730032528e+03 5.834954901491713827e+03 5.708846597250441846e+03 5.595905213827337320e+03 5.495954308723063150e+03 5.408837509953707013e+03 5.334418350082307370e+03 5.272580121984849029e+03 5.223225755948725237e+03 5.186277717763241526e+03 5.161677927526339772e+03 5.149387698941949566e+03 5.149387698941949566e+03
1.485023259440597380e+06 1.485023259440597380e+06 1.485542597325454000e+06 1.486334367226830451e+06 1.486886203761938028e+06 1.486388238705052063e+06 1.483700236128347227e+06 1.477342760139286984e+06 1.465553781534778653e+06 1.446466187078823801e+06 1.418452706087506609e+06 1.380616308743444504e+06 1.333251546457800316e+06 1.277948403211832279e+06 1.217141288619528525e+06 1.153461313570414903e+06 1.089237662008743268e+06 1.026256881295373081e+06 9.657298358887714567e+05 9.083730378303352045e+05 8.545291070656706579e+05 8.042831271788944723e+05 7.575569339294956299e+05 7.141780422248002142e+05 6.739265034978174372e+05 6.365649044598614564e+05 6.018564647354598856e+05 5.695751873173647327e+05 5.395109352080045501e+05 5.114714031407718430e+05 4.852822779816526454e+05 4.607864093955048011e+05 4.378424964187508449e+05 4.163235906724163797e+05 3.961155874199334066e+05 3.771157957168748253e+05 3.592316307828723220e+05 3.423794436692530871e+05 3.264834876495984499e+05 3.114750126463109045e+05 2.972914753557412187e+05 2.838758516456820653e+05 2.711760381097864592e+05 2.591443306761748972e+05 2.477369694737163954e+05 2.369137405288681912e+05 2.266376261743397918e+05 2.168744972402634448e+05 2.075928411457818875e+05 1.987635209132125601e+05 1.903595608972165501e+05 1.823559556715214858e+05 1.747294990616061259e+05 1.674586307683941850e+05 1.605232984090280370e+05 1.539048331193883787e+05 1.475858371286989131e+05 1.415500819392619305e+05 1.357824159309871902e+05 1.302686803674755065e+05 1.249956329130525264e+05 1.199508778825089394e+05 1.151228025408294779e+05 1.105005188520871161e+05 1.060738101464927167e+05 1.018330822351497773e+05 9.776931855423290108e+04 9.387403896569419885e+04 9.013926188115996774e+04 8.655746941038266232e+04 8.312157526598124241e+04 7.982489518311215215e+04 7.666111963641691545e+04 7.362428865762587520e+04 7.070876857597820344e+04 6.790923052029500832e+04 6.522063053645277978e+04 6.263819118742328283e+04 6.015738451501102099e+04 5.777391625325777568e+04 5.548371119317515695e+04 5.328289960726544814e+04 5.116780465022534190e+04 4.913493065938734071e+04 4.718095228497865173e+04 4.530270438616548927e+04 4.349717263419445953e+04 4.176148476884802221e+04 4.009290245883898024e+04 3.848881372078761342e+04 3.694672585515573883e+04 3.546425886082050420e+04 3.403913929306531645e+04 3.266919453255225017e+04 3.135234743541026546e+04 3.008661133691566283e+04 2.887008538339419465e+04 2.770095016892630156e+04 2.657746365526851514e+04 2.549795735502804018e+04 2.446083275968107046e+04 2.346455799539869622e+04 2.250766469093972410e+04 2.158874504305190567e+04 2.070644906590250685e+04 1.985948201208201135e+04 1.904660195361429214e+04 1.826661751229430229e+04 1.751838572943379768e+04 1.680081006583517228e+04 1.611283852347354696e+04 1.545346188099630672e+04 1.482171203570753278e+04 1.421666044525260804e+04 1.363741666268886001e+04 1.308312695909112335e+04 1.255297302826918167e+04 1.204617076854198240e+04 1.156196913689889516e+04 1.109964907119502459e+04 1.065852247634680862e+04 1.023793127078497309e+04 9.837246489685032429e+03 9.455867441746040640e+03 9.093220916526157453e+03 8.748760439549399962e+03 8.421965572613005861e+03 8.112341256897831954e+03 7.819417196669810437e+03 7.542747281518154523e+03 7.281909045233301185e+03 7.036503159564133057e+03 6.806152961229892753e+03 6.590504010691593976e+03 6.389223681294575726e+03 6.202000777515253503e+03 6.028545181140074419e+03 5.868587524303349710e+03 5.721878888406854458e+03 5.588190528023908882e+03 5.467313618977007536e+03 5.359059029856274719e+03 5.263257116313371625e+03 5.179757537547758147e+03 5.108429094454961159e+03 5.049159588984082802e+03 5.001855704308291934e+03 4.966442905469178186e+03 4.942865360222235722e+03 4.931085879862128422e+03 4.931085879862128422e+03
1.531798907962624449e+06 1.531798907962624449e+06 1.533371016057600034e+06 1.536255669849760132e+06 1.539898175074197352e+06 1.543380386453597108e+06 1.545329938282428775e+06 1.543835127050264739e+06 1.536427381357326405e+06 1.520241776434982195e+06 1.492500553034998244e+06 1.451394849962942535e+06 1.397116542414766038e+06 1.332236929424284725e+06 1.260673446246358566e+06 1.186389325240224367e+06 1.112587991656086175e+06 1.041466477710381267e+06 9.743105873088582885e+05 9.117194387180923950e+05 8.538344543158197775e+05 8.005223408191755880e+05 7.515034638694681926e+05 7.064342552146557719e+05 6.649563064304568106e+05 6.267233737203377532e+05 5.914146380486547714e+05 5.587398660377999768e+05 5.284400660944288829e+05 5.002858265404484700e+05 4.740746135318285669e+05 4.496277436355720856e+05 4.267874085976055940e+05 4.054139337051350740e+05 3.853833408773905248e+05 3.665852283259772230e+05 3.489209489102282096e+05 3.323020563148232759e+05 3.166489842968727462e+05 3.018899250808243523e+05 2.879598760136746569e+05 2.747998274462440168e+05 2.623560687468498945e+05 2.505795930215640110e+05 2.394255843601882225e+05 2.288529742110250227e+05 2.188240558286898304e+05 2.093041476834863424e+05 2.002612983209654631e+05 1.916660264706950984e+05 1.834910912724983937e+05 1.757112883598753542e+05 1.683032682503462420e+05 1.612453740716838511e+05 1.545174961261016724e+05 1.481009411824595591e+05 1.419783147049645195e+05 1.361334144900506653e+05 1.305511344008713641e+05 1.252173770702342736e+05 1.201189745943816524e+05 1.152436163675569114e+05 1.105797833148380014e+05 1.061166878721929388e+05 1.018442191405595368e+05 9.775289270765388210e+04 9.383380468873790232e+04 9.007858958741767856e+04 8.647938162079408357e+04 8.302877919108765491e+04 7.971981221895401541e+04 7.654591208277115948e+04 7.350088393387335236e+04 7.057888118039735127e+04 6.777438195255170285e+04 6.508216738008549873e+04 6.249730152866704157e+04 6.001511285623282311e+04 5.763117706313270173e+04 5.534130122142613254e+04 5.314150907898015430e+04 5.102802744332952716e+04 4.899727355870016618e+04 4.704584339707668551e+04 4.517050079115953849e+04 4.336816734316337534e+04 4.163591304909870814e+04 3.997094758323005226e+04 3.837061219209360570e+04 3.683237215160616324e+04 3.535380974468073691e+04 3.393261772023703816e+04 3.256659319766975386e+04 3.125363198375687352e+04 2.999172327163167211e+04 2.877894469385881166e+04 2.761345770389425888e+04 2.649350326219203271e+04 2.541739780512082871e+04 2.438352947652778676e+04 2.339035460334799791e+04 2.243639439809603937e+04 2.152023187237714228e+04 2.064050894678173790e+04 1.979592374361068869e+04 1.898522804991269732e+04 1.820722493925476010e+04 1.746076654150600734e+04 1.674475195070807968e+04 1.605812526184990747e+04 1.539987372803505605e+04 1.476902603014856868e+04 1.416465065172484174e+04 1.358585435223195054e+04 1.303178073249577210e+04 1.250160888643242652e+04 1.199455213368957448e+04 1.150985682818062560e+04 1.104680123785796241e+04 1.060469449141360928e+04 1.018287558789797004e+04 9.780712465546583189e+03 9.397601126361851129e+03 9.032964813253502143e+03 8.686253236771666707e+03 8.356941848679327450e+03 8.044531159815935098e+03 7.748546099881078590e+03 7.468535416958708083e+03 7.204071114740467237e+03 6.954747925583113101e+03 6.720182817654766041e+03 6.500014534574928803e+03 6.293903166060112198e+03 6.101529748219095382e+03 5.922595892236025975e+03 5.756823440293981548e+03 5.603954147676869070e+03 5.463749390086855783e+03 5.335989895295509996e+03 5.220475498326449269e+03 5.117024919448588662e+03 5.025475564328049586e+03 4.945683345757671304e+03 4.877522526449528414e+03 4.820885582439178506e+03 4.775683086712912882e+03 4.741843612726519495e+03 4.719313657543757472e+03 4.708057584378389038e+03 4.708057584378389038e+03
1.576559066646487219e+06 1.576559066646487219e+06 1.579443373158903560e+06 1.584975378488686867e+06 1.592626455741777783e+06 1.601461063699407969e+06 1.609960025197668234e+06 1.615797441325968364e+06 1.615639288596945116e+06 1.605143354803293012e+06 1.579507242170252139e+06 1.534986513832505327e+06 1.471288394317205995e+06 1.392974947213567095e+06 1.306735235317657003e+06 1.218671774072423810e+06 1.133114298198526725e+06 1.052579573795219418e+06 9.782063328290831996e+05 9.102485366581290727e+05 8.484639744893820025e+05 7.923728410184048116e+05 7.414117408894008258e+05 6.950169987367938738e+05 6.526647935755015351e+05 6.138868351779973600e+05 5.782731442403951660e+05 5.454686300998071674e+05 5.151671398951771553e+05 4.871048855972916353e+05 4.610541648840696434e+05 4.368177584306293866e+05 4.142241118039488210e+05 3.931232781553464592e+05 3.733835417884297785e+05 3.548886254556063795e+05 3.375353857883221935e+05 3.212319109246096341e+05 3.058959466950737988e+05 2.914535900106083136e+05 2.778381991984272609e+05 2.649894805606399896e+05 2.528527183583161095e+05 2.413781218974092917e+05 2.305202686146988126e+05 2.202376262406478345e+05 2.104921404454831209e+05 2.012488770194148819e+05 1.924757097375054145e+05 1.841430467266315827e+05 1.762235894772529427e+05 1.686921196986961004e+05 1.615253100604196079e+05 1.547015555383569153e+05 1.482008226303296688e+05 1.420045141450805822e+05 1.360953476277368027e+05 1.304572457771781774e+05 1.250752374512398383e+05 1.199353680544405361e+05 1.150246182681117061e+05 1.103308302207746747e+05 1.058426403129573009e+05 1.015494180085851112e+05 9.744120998880207480e+04 9.350868913539603818e+04 8.974310787240735954e+04 8.613625544749255641e+04 8.268041878058497969e+04 7.936834654749555921e+04 7.619321620113437530e+04 7.314860366377921309e+04 7.022845545095374109e+04 6.742706301145066391e+04 6.473903908923000563e+04 6.215929593182783719e+04 5.968302518670626159e+04 5.730567934198670991e+04 5.502295458140842675e+04 5.283077493545764446e+04 5.072527762129552866e+04 4.870279947395790805e+04 4.675986437994983135e+04 4.489317163228644495e+04 4.309958513315179152e+04 4.137612337678176846e+04 3.971995015100637829e+04 3.812836590115824947e+04 3.659879970485608646e+04 3.512880181050819374e+04 3.371603669632985839e+04 3.235827661027706563e+04 3.105339555453110006e+04 2.979936368119974213e+04 2.859424206856197634e+04 2.743617784969863715e+04 2.632339966759427989e+04 2.525421343286809133e+04 2.422699836218090422e+04 2.324020327709805133e+04 2.229234314476040527e+04 2.138199584317829795e+04 2.050779913528808538e+04 1.966844783713192373e+04 1.886269116664796456e+04 1.808933026056566086e+04 1.734721584788449763e+04 1.663524606924812178e+04 1.595236443234798753e+04 1.529755789422321322e+04 1.466985506200170857e+04 1.406832450425449679e+04 1.349207316571500451e+04 1.294024487864849834e+04 1.241201896464644778e+04 1.190660892108456210e+04 1.142326118689026225e+04 1.096125398267133824e+04 1.051989622060681904e+04 1.009852647983605129e+04 9.696512043399776303e+03 9.313247993062905152e+03 8.948156358622978587e+03 8.600685318552301396e+03 8.270308449049653063e+03 7.956524018797034842e+03 7.658854326907001450e+03 7.376845081734322775e+03 7.110064818403441677e+03 6.858104353052995066e+03 6.620576271952455500e+03 6.397114453791288724e+03 6.187373623561040404e+03 5.991028936580423760e+03 5.807775591323573281e+03 5.637328469821592080e+03 5.479421804503454950e+03 5.333808870443301203e+03 5.200261702063313351e+03 5.078570833431163010e+03 4.968545061366202390e+03 4.870011230643680392e+03 4.782814040665640277e+03 4.706815873020281288e+03 4.641896639433803102e+03 4.587953649668201251e+03 4.544901498984330829e+03 4.512671974848110949e+03 4.491213982612616746e+03 4.480493489961490923e+03 4.480493489961490923e+03
1.617453868551091524e+06 1.617453868551091524e+06 1.621885558098552283e+06 1.630590711688318290e+06 1.643181658582700416e+06 1.658882091104168212e+06 1.676248950249799062e+06 1.692743886096664937e+06 1.704170677538026823e+06 1.704174047077049734e+06 1.684439349614238366e+06 1.636937808409432648e+06 1.559490940657562809e+06 1.461254994175967295e+06 1.354361687367770588e+06 1.248256529129077215e+06 1.148461540984469233e+06 1.057395122488761554e+06 9.755640859791809926e+05 9.024923052272190107e+05 8.372968434386737645e+05 7.789979703103998909e+05 7.266654715182464570e+05 6.794755581477138912e+05 6.367234018990598852e+05 5.978159478759970516e+05 5.622575299665482016e+05 5.296341947087952867e+05 4.995992385358501924e+05 4.718608086792904651e+05 4.461716651944722398e+05 4.223208954291670234e+05 4.001272774163910071e+05 3.794339873009262374e+05 3.601043809359148727e+05 3.420186247486992506e+05 3.250709944633168052e+05 3.091676980503143859e+05 2.942251104023312801e+05 2.801683321294326452e+05 2.669300044367494993e+05 2.544493272708375007e+05 2.426712396932824340e+05 2.315457305154668866e+05 2.210272542164466868e+05 2.110742325472626835e+05 2.016486263753667299e+05 1.927155655295407050e+05 1.842430268913091277e+05 1.762015529111896176e+05 1.685640042370506853e+05 1.613053413250437879e+05 1.544024308358900307e+05 1.478338733581419801e+05 1.415798495886315068e+05 1.356219825720701483e+05 1.299432139825938357e+05 1.245276927389541233e+05 1.193606744977213384e+05 1.144284307767858845e+05 1.097181666336085909e+05 1.052179459662323061e+05 1.009166236257558485e+05 9.680378363054322836e+04 9.286968285917343746e+04 8.910519967287524196e+04 8.550178698183469533e+04 8.205142932448266947e+04 7.874660357655026019e+04 7.558024294806378020e+04 7.254570396273164079e+04 6.963673614602877933e+04 6.684745417631218152e+04 6.417231227806044626e+04 6.160608065835737216e+04 5.914382380714971805e+04 5.678088049926844542e+04 5.451284535161733220e+04 5.233555180285626557e+04 5.024505639524829166e+04 4.823762424952903530e+04 4.630971563361700100e+04 4.445797353497635777e+04 4.267921215458814549e+04 4.097040624774874595e+04 3.932868124353903841e+04 3.775130408077910397e+04 3.623567470368257636e+04 3.477931816528289346e+04 3.337987729120090080e+04 3.203510586029600745e+04 3.074286226241810073e+04 2.950110359680906549e+04 2.830788017771705563e+04 2.716133041653645705e+04 2.605967605231923517e+04 2.500121770474772347e+04 2.398433072580534645e+04 2.300746132823661537e+04 2.206912297066867541e+04 2.116789298083339236e+04 2.030240939980963958e+04 1.947136803153261644e+04 1.867351968304073307e+04 1.790766758205863152e+04 1.717266495953973572e+04 1.646741278575082470e+04 1.579085764932738493e+04 1.514198976956603474e+04 1.451984113290640744e+04 1.392348374528371460e+04 1.335202799261491964e+04 1.280462110228398160e+04 1.228044569901106297e+04 1.177871844897479241e+04 1.129868878652654166e+04 1.083963771822580748e+04 1.040087669934172118e+04 9.981746578299371322e+03 9.581616604889235532e+03 9.199883498367806169e+03 8.835970571848823965e+03 8.489326909658873774e+03 8.159426594570984889e+03 7.845767982048022532e+03 7.547873018854808834e+03 7.265286603572770218e+03 6.997575986750857737e+03 6.744330208579289319e+03 6.505159572145534185e+03 6.279695150462928723e+03 6.067588325613366578e+03 5.868510358459446252e+03 5.682151987518125679e+03 5.508223055678346100e+03 5.346452163570389530e+03 5.196586348476615058e+03 5.058390787779338098e+03 4.931648526015133029e+03 4.816160224699273385e+03 4.711743934152255861e+03 4.618234886639198521e+03 4.535485310199559535e+03 4.463364262615200460e+03 4.401757485021005778e+03 4.350567274733681188e+03 4.309712376920126189e+03 4.279127894798804846e+03 4.258765218105610984e+03 4.248591969624244484e+03 4.248591969624244484e+03
1.651289724330189638e+06 1.651289724330189638e+06 1.657418950993440580e+06 1.669668476012048777e+06 1.687949982540591620e+06 1.711922804375586333e+06 1.740645352510123979e+06 1.771925111140565714e+06 1.801205384371675318e+06 1.819947651267810492e+06 1.814196590780450962e+06 1.766324672032974893e+06 1.666918813229186926e+06 1.537364356011896860e+06 1.400766413600350497e+06 1.271276343164654681e+06 1.154902261410426348e+06 1.052832127018016297e+06 9.640379796705807094e+05 8.867474338338307571e+05 8.191304201985383406e+05 7.595622573218268808e+05 7.066894808686524630e+05 6.594158613465457456e+05 6.168628659497135086e+05 5.783271396110850619e+05 5.432430679078031098e+05 5.111523485458322684e+05 4.816801692214918439e+05 4.545168866184030194e+05 4.294040394955683150e+05 4.061236848325095489e+05 3.844902484007684398e+05 3.643442674259673222e+05 3.455475556276548305e+05 3.279794394814797561e+05 3.115338041970333434e+05 2.961167547622427228e+05 2.816447469345749705e+05 2.680430796612527338e+05 2.552446674608037574e+05 2.431890313214502821e+05 2.318214615329047374e+05 2.210923169346355135e+05 2.109564333351889800e+05 2.013726200669003010e+05 1.923032283214871422e+05 1.837137784601216554e+05 1.755726361929593550e+05 1.678507295924629434e+05 1.605213004986511660e+05 1.535596851098579646e+05 1.469431195164472738e+05 1.406505666920451622e+05 1.346625620558639348e+05 1.289610751971488789e+05 1.235293857361657283e+05 1.183519716064492968e+05 1.134144082959942316e+05 1.087032777930906450e+05 1.042060861545792432e+05 9.991118875790732272e+04 9.580772241897322237e+04 9.188554365965840407e+04 8.813517249574125162e+04 8.454774119011149742e+04 8.111494748009173782e+04 7.782901184293095139e+04 7.468263841161412711e+04 7.166897919491214270e+04 6.878160129244206473e+04 6.601445682765159290e+04 6.336185535015779169e+04 6.081843848401579453e+04 5.837915662076050648e+04 5.603924747596485395e+04 5.379421634561682731e+04 5.163981791446082207e+04 4.957203948246849905e+04 4.758708548823860474e+04 4.568136321945263626e+04 4.385146961063407798e+04 4.209417903760181071e+04 4.040643202626044513e+04 3.878532480074156047e+04 3.722809960260018124e+04 3.573213571885122656e+04 3.429494116204808233e+04 3.291414495056910528e+04 3.158748994174741165e+04 3.031282617455305808e+04 2.908810468219794348e+04 2.791137173840985633e+04 2.678076350411983367e+04 2.569450104412733708e+04 2.465088568577502519e+04 2.364829469399157460e+04 2.268517723913810914e+04 2.176005063600928406e+04 2.087149683407242264e+04 2.001815914063467426e+04 1.919873916006973013e+04 1.841199393357191002e+04 1.765673326513183201e+04 1.693181722053041813e+04 1.623615378718964530e+04 1.556869668364191239e+04 1.492844330824980534e+04 1.431443281760836180e+04 1.372574432576782601e+04 1.316149521610888223e+04 1.262083955830682135e+04 1.210296662338769238e+04 1.160709949040503125e+04 1.113249373875517813e+04 1.067843622057516768e+04 1.024424390810256955e+04 9.829262811234992114e+03 9.432866960886549350e+03 9.054457454069983214e+03 8.693461556912478045e+03 8.349331862117696801e+03 8.021545497617222281e+03 7.709603383414591917e+03 7.413029533834916947e+03 7.131370402599107365e+03 6.864194268335209927e+03 6.611090658320288640e+03 6.371669808396621193e+03 6.145562157180778740e+03 5.932417872807800450e+03 5.731906410594995577e+03 5.543716100137923604e+03 5.367553760455773045e+03 5.203144341923404681e+03 5.050230593824749121e+03 4.908572756454667797e+03 4.777948276792797515e+03 4.658151546850574050e+03 4.548993663877683503e+03 4.450302211686454029e+03 4.361921062424617958e+03 4.283710198194928125e+03 4.215545551983177575e+03 4.157318867422977746e+03 4.108937576973412433e+03 4.070324698156900922e+03 4.041418747548659667e+03 4.022173672266350422e+03 4.012558798761436265e+03 4.012558798761436265e+03
1.671609708576548146e+06 1.671609708576548146e+06 1.679409723995629931e+06 1.695218301458908711e+06 1.719413966859472683e+06 1.752429239716693293e+06 1.794452601961619221e+06 1.844711878898653202e+06 1.899853257042134181e+06 1.950585928279707208e+06 1.975911261318864301e+06 1.938054929917016067e+06 1.799550553855318809e+06 1.618386162947850302e+06 1.439191889863532037e+06 1.280790697294779122e+06 1.146822861716804095e+06 1.034840477291536285e+06 9.408823059558884706e+05 8.612176090315730544e+05 7.928139880203546491e+05 7.333384312087848084e+05 6.810289918654726353e+05 6.345568289886231069e+05 5.929123666163098533e+05 5.553194788563628681e+05 5.211731014511918183e+05 4.899944617952841218e+05 4.613990062776056584e+05 4.350733265732137952e+05 4.107584364076904603e+05 3.882375392410735949e+05 3.673269893221719540e+05 3.478695400590394856e+05 3.297292442536345334e+05 3.127875577353447443e+05 2.969403276134239277e+05 2.820954368297233596e+05 2.681709402188781532e+05 2.550935722115935932e+05 2.427975383195426548e+05 2.312235254967222281e+05 2.203178830522828794e+05 2.100319378457367129e+05 2.003214163185106881e+05 1.911459524163432652e+05 1.824686652771472582e+05 1.742557941577879246e+05 1.664763807780218776e+05 1.591019913081123959e+05 1.521064717883985431e+05 1.454657319697783678e+05 1.391575534944325045e+05 1.331614190628834185e+05 1.274583598063150130e+05 1.220308185384590179e+05 1.168625269266469986e+05 1.119383949170661654e+05 1.072444109906475642e+05 1.027675520245174703e+05 9.849570169890930993e+04 9.441757652734940348e+04 9.052265870413546509e+04 8.680113506193441572e+04 8.324384151646813552e+04 7.984221244777536776e+04 7.658823452999156143e+04 7.347440457602558308e+04 7.049369101063694688e+04 6.763949862703568942e+04 6.490563631840993912e+04 6.228628750784158910e+04 5.977598302843175770e+04 5.736957623055930162e+04 5.506222011540034873e+04 5.284934631377725600e+04 5.072664574696101045e+04 4.869005082192240661e+04 4.673571902758763463e+04 4.486001781132219912e+04 4.305951062618726428e+04 4.133094404971691256e+04 3.967123588408358046e+04 3.807746415582028567e+04 3.654685694060027163e+04 3.507678294537648617e+04 3.366474278613619390e+04 3.230836090504044114e+04 3.100537807565004550e+04 2.975364444939815803e+04 2.855111310052384943e+04 2.739583403037891912e+04 2.628594859531077964e+04 2.521968432538502384e+04 2.419535010395436984e+04 2.321133168056889554e+04 2.226608749203233310e+04 2.135814476843503508e+04 2.048609590294054215e+04 1.964859506577961292e+04 1.884435504451780434e+04 1.807214429407554780e+04 1.733078418131010403e+04 1.661914641015858433e+04 1.593615061446559594e+04 1.528076210659364006e+04 1.465198977087164712e+04 1.404888409177051471e+04 1.347053530746537035e+04 1.291607168018289121e+04 1.238465787535376148e+04 1.187549344224035485e+04 1.138781138921745151e+04 1.092087684743381942e+04 1.047398581703418495e+04 1.004646399055908114e+04 9.637665648547841556e+03 9.246972622730138028e+03 8.873793322543317117e+03 8.517561821023045923e+03 8.177736996405499667e+03 7.853801726055887229e+03 7.545262129582720263e+03 7.251646858229730242e+03 6.972506427859168980e+03 6.707412593027127514e+03 6.455957759848099158e+03 6.217754435513355929e+03 5.992434712483551266e+03 5.779649785533957584e+03 5.579069499962052760e+03 5.390381929393442078e+03 5.213292981756216250e+03 5.047526032087189378e+03 4.892821580957327569e+03 4.748936937385650708e+03 4.615645925217702825e+03 4.492738612017977175e+03 4.380021059619417429e+03 4.277315095539569484e+03 4.184458104553413250e+03 4.101302839776077235e+03 4.027717252678321984e+03 3.963584341514702373e+03 3.908802017710625478e+03 3.863282989802381962e+03 3.826954664589453387e+03 3.799759065200012174e+03 3.781652765832366185e+03 3.772606842977001634e+03 3.772606842977001634e+03
1.665598113393214531e+06 1.665598113393214531e+06 1.674745516079529654e+06 1.693495480855110101e+06 1.722786750402462902e+06 1.764076717736939667e+06 1.819304704457140295e+06 1.890535784384205239e+06 1.978550831076751696e+06 2.078354338136582635e+06 2.166696832680600230e+06 2.173779030388774816e+06 1.958549112666827627e+06 1.691709627018011408e+06 1.454940006487238687e+06 1.265224463605619967e+06 1.116484867614040850e+06 9.986632434963091509e+05 9.033085923324559117e+05 8.243182750668849330e+05 7.574713206642860314e+05 6.998585568960745586e+05 6.494485078359792242e+05 6.047938562840993982e+05 5.648399277600825299e+05 5.288003006068149116e+05 4.960752997619729722e+05 4.661978119977100287e+05 4.387966633280308452e+05 4.135714428197279340e+05 3.902749041416450636e+05 3.687004636447652592e+05 3.486731790019777836e+05 3.300431395587131847e+05 3.126805508617900196e+05 2.964720249352768878e+05 2.813177395086079487e+05 2.671292311703829910e+05 2.538276565998419537e+05 2.413424036052631564e+05 2.296099667716470140e+05 2.185730257359807438e+05 2.081796805547853000e+05 1.983828103791637404e+05 1.891395301175138447e+05 1.804107259132101899e+05 1.721606547648050473e+05 1.643565969370619277e+05 1.569685522830015689e+05 1.499689734523091756e+05 1.433325303668695560e+05 1.370359014187765424e+05 1.310575876758448285e+05 1.253777470268256584e+05 1.199780457083662914e+05 1.148415250617447018e+05 1.099524816940354940e+05 1.052963594836625416e+05 1.008596520882498880e+05 9.662981479288775881e+04 9.259518468785430014e+04 8.874490829185950861e+04 8.506887584457876801e+04 8.155766158462705789e+04 7.820246940827876097e+04 7.499508337282361754e+04 7.192782256805685756e+04 6.899349993144700420e+04 6.618538462802425784e+04 6.349716765623354877e+04 6.092293037615688081e+04 5.845711568799313682e+04 5.609450161616566038e+04 5.383017707920179964e+04 5.165951964730723557e+04 4.957817510915710591e+04 4.758203868681024323e+04 4.566723775323300652e+04 4.383011592090237536e+04 4.206721838242015656e+04 4.037527839532789949e+04 3.875120481333948555e+04 3.719207057533397892e+04 3.569510207155117678e+04 3.425766931381452014e+04 3.287727684323777794e+04 3.155155531479356432e+04 3.027825370361690511e+04 2.905523208271225667e+04 2.788045492620772711e+04 2.675198489626622541e+04 2.566797707540850388e+04 2.462667360927514528e+04 2.362639872785579792e+04 2.266555411588721108e+04 2.174261460563645596e+04 2.085612416746961389e+04 2.000469217569123066e+04 1.918698992895833726e+04 1.840174740629695589e+04 1.764775024126664721e+04 1.692383689824456451e+04 1.622889603608517609e+04 1.556186404557833521e+04 1.492172274821017527e+04 1.430749724473319111e+04 1.371825390291123949e+04 1.315309847468858788e+04 1.261117433373448694e+04 1.209166082505993108e+04 1.159377171900155372e+04 1.111675376248516113e+04 1.065988532100538396e+04 1.022247510525757389e+04 9.803860976819798452e+03 9.403408827704322903e+03 9.020511528974899193e+03 8.654587944001823416e+03 8.305082002252718667e+03 7.971461829803984983e+03 7.653218933075484529e+03 7.349867432514475695e+03 7.060943343228652338e+03 6.786003899764922608e+03 6.524626922461651702e+03 6.276410222973382588e+03 6.040971046761928847e+03 5.817945550500528043e+03 5.606988312503167435e+03 5.407771874421277971e+03 5.219986312596550306e+03 5.043338837571743170e+03 4.877553420383368575e+03 4.722370444364951254e+03 4.577546381293438571e+03 4.442853490801247062e+03 4.318079542069192939e+03 4.203027556897255636e+03 4.097515573327329548e+03 4.001376429066083347e+03 3.914457564026820819e+03 3.836620841373513485e+03 3.767742386512003122e+03 3.707712443538272055e+03 3.656435248698818668e+03 3.613828920488038420e+03 3.579825366046171439e+03 3.554370203578512701e+03 3.537422700566188269e+03 3.528955727582894724e+03 3.528955727582894724e+03
1.625418531826688675e+06 1.625418531826688675e+06 1.635320997999337269e+06 1.655787933445406146e+06 1.688253729711615248e+06 1.735167598583071958e+06 1.800398953705083812e+06 1.889771488664786099e+06 2.011270774673099862e+06 2.172532637766582426e+06 2.365449678759364411e+06 2.500494057160336059e+06 2.120734060808512382e+06 1.720546451241039438e+06 1.419740754237620160e+06 1.207657546007559402e+06 1.054912536083677085e+06 9.398661475467284909e+05 8.492563690249682404e+05 7.751743573220658582e+05 7.128014295597601449e+05 6.590901246756382752e+05 6.120334401734945131e+05 5.702571038474184461e+05 5.327857414558501914e+05 4.989041829626442050e+05 4.680723796687941649e+05 4.398715508955546538e+05 4.139691226990377763e+05 3.900953173446701257e+05 3.680271616790349944e+05 3.475773326622524764e+05 3.285862234199903323e+05 3.109161938965659356e+05 2.944473287244087551e+05 2.790742514109637123e+05 2.647036899354964262e+05 2.512525846379089635e+05 2.386465931172191631e+05 2.268188899827649293e+05 2.157091887914233666e+05 2.052629338909819780e+05 1.954306241254377528e+05 1.861672403919233475e+05 1.774317561765951687e+05 1.691867153194691637e+05 1.613978649692092440e+05 1.540338344024885737e+05 1.470658523870939389e+05 1.404674972639940679e+05 1.342144750530972960e+05 1.282844217499343067e+05 1.226567266470621253e+05 1.173123740360891970e+05 1.122338010597176035e+05 1.074047698152846715e+05 1.028102520808633562e+05 9.843632525670551695e+04 9.427007829883608792e+04 9.029952657598430233e+04 8.651353471192890720e+04 8.290174658671209181e+04 7.945452176624223648e+04 7.616287771252829407e+04 7.301843719910258369e+04 7.001338041893985064e+04 6.714040132754645310e+04 6.439266781243072182e+04 6.176378532311705931e+04 5.924776363372781634e+04 5.683898644388042885e+04 5.453218355356362008e+04 5.232240537422685156e+04 5.020499956206091883e+04 4.817558958067671483e+04 4.623005501920605457e+04 4.436451350891579932e+04 4.257530409648008936e+04 4.085897194569490966e+04 3.921225425166492641e+04 3.763206726233922382e+04 3.611549431223372085e+04 3.465977478196471202e+04 3.326229390521805908e+04 3.192057335196941858e+04 3.063226252324074449e+04 2.939513049851669712e+04 2.820705858226366036e+04 2.706603340070051854e+04 2.597014050435650643e+04 2.491755843580556029e+04 2.390655322551258359e+04 2.293547328197194292e+04 2.200274464516390435e+04 2.110686657504078175e+04 2.024640744913635717e+04 1.942000094556701515e+04 1.862634248968760949e+04 1.786418594445009148e+04 1.713234052617406633e+04 1.642966792893332604e+04 1.575507964211637955e+04 1.510753444698089334e+04 1.448603607916040528e+04 1.388963104510202538e+04 1.331740658141028507e+04 1.276848874688490287e+04 1.224204063789922293e+04 1.173726071845126535e+04 1.125338125691953064e+04 1.078966686215977279e+04 1.034541311214048255e+04 9.919945268852939989e+03 9.512617073687741140e+03 9.122809617925366183e+03 8.749930283386684096e+03 8.393411748666430867e+03 8.052711056711083984e+03 7.727308739825353769e+03 7.416707998482816947e+03 7.120433930586146744e+03 6.838032808072073749e+03 6.569071397988584977e+03 6.313136325388776640e+03 6.069833475575353987e+03 5.838787433424196934e+03 5.619640957676142534e+03 5.412054488252089868e+03 5.215705684790097621e+03 5.030288994734679363e+03 4.855515249444408255e+03 4.691111286899265906e+03 4.536819599691915755e+03 4.392398007103027339e+03 4.257619350143686461e+03 4.132271208549364019e+03 4.016155638783806808e+03 3.909088932200003910e+03 3.810901392570304324e+03 3.721437132275904332e+03 3.640553886505729224e+03 3.568122844882475420e+03 3.504028499986761290e+03 3.448168512314100099e+03 3.400453591247446639e+03 3.360807391681989884e+03 3.329166425988175888e+03 3.305479991047790008e+03 3.289710110142508711e+03 3.281831489522365246e+03 3.281831489522365246e+03
1.705919181789885275e+06 1.705919181789885275e+06 1.717077315792797366e+06 1.740271770273047034e+06 1.777459797415351262e+06 1.832164709512980422e+06 1.910468959375183797e+06 2.022985028306941735e+06 2.188659785668352153e+06 2.440864706005719956e+06 2.825733085397218354e+06 3.291467738256864250e+06 2.205109741404124070e+06 1.619371186312646838e+06 1.289234948378744069e+06 1.089617062811817974e+06 9.554502797753782943e+05 8.565537023288890487e+05 7.785954302494339645e+05 7.142353602527099429e+05 6.593851816629614914e+05 6.115868665376263671e+05 5.692633357533274684e+05 5.313462161128610605e+05 4.970777997413958074e+05 4.658991778266623733e+05 4.373837932824965101e+05 4.111962939067948028e+05 3.870661530104153208e+05 3.647702506359337131e+05 3.441210695637094323e+05 3.249585053938368219e+05 3.071440566456681117e+05 2.905566137541153003e+05 2.750893417100775987e+05 2.606473234801924555e+05 2.471457414112219121e+05 2.345084453871211153e+05 2.226668037491812138e+05 2.115587645850190602e+05 2.011280763635701442e+05 1.913236314965228376e+05 1.820989064794387377e+05 1.734114792774218658e+05 1.652226095471614681e+05 1.574968707820886630e+05 1.502018259740099893e+05 1.433077402025931806e+05 1.367873249000307696e+05 1.306155095337110688e+05 1.247692372030620609e+05 1.192272812257967162e+05 1.139700802416275983e+05 1.089795897214540746e+05 1.042391480608377897e+05 9.973335567514318973e+04 9.544796571221989871e+04 9.136978516581274744e+04 8.748658531530608889e+04 8.378702053985577368e+04 8.026055466128744592e+04 7.689739406249878812e+04 7.368842690948200470e+04 7.062516787651662889e+04 6.769970783721214684e+04 6.490466804016633978e+04 6.223315833768135781e+04 5.967873908021311217e+04 5.723538632872431481e+04 5.489746007222773187e+04 5.265967516929459816e+04 5.051707476031395345e+04 4.846500592253297509e+04 4.649909736229261034e+04 4.461523895913226443e+04 4.280956299444336037e+04 4.107842691360334720e+04 3.941839748505380703e+04 3.782623623285930080e+04 3.629888603102441994e+04 3.483345875838642678e+04 3.342722392244795628e+04 3.207759816899305224e+04 3.078213560209081697e+04 2.953851884598520337e+04 2.834455078665873225e+04 2.719814693650449408e+04 2.609732837059591111e+04 2.504021518771829506e+04 2.402502045343791906e+04 2.305004458628818975e+04 2.211367015152947715e+04 2.121435703007360280e+04 2.035063793293120034e+04 1.952111423409728013e+04 1.872445209710478593e+04 1.795937887255531314e+04 1.722467974586368291e+04 1.651919461616549961e+04 1.584181518893555403e+04 1.519148226629511919e+04 1.456718322029270894e+04 1.396794963564460522e+04 1.339285510951522883e+04 1.284101319691289609e+04 1.231157549118098541e+04 1.180372982992206016e+04 1.131669861741888599e+04 1.084973725535549966e+04 1.040213267425279082e+04 9.973201958642943282e+03 9.562291059525408855e+03 9.168773588162384840e+03 8.792049685719675836e+03 8.431544963671920414e+03 8.086709510286039404e+03 7.757016958851579147e+03 7.441963613645612895e+03 7.141067629925766596e+03 6.853868244530094671e+03 6.579925053909825692e+03 6.318817336658631575e+03 6.070143417830572616e+03 5.833520072535997315e+03 5.608581966483911856e+03 5.394981131335556711e+03 5.192386472868947749e+03 5.000483310125285243e+03 4.818972943832322017e+03 4.647572252540674526e+03 4.486013315016171873e+03 4.334043057556722488e+03 4.191422924994644745e+03 4.057928574251213377e+03 3.933349589393023052e+03 3.817489217233066029e+03 3.710164122592064814e+03 3.611204162412223013e+03 3.520452177987013329e+03 3.437763804636869736e+03 3.363007298217176412e+03 3.296063377913414570e+03 3.236825084825420163e+03 3.185197655900756672e+03 3.141098412827190714e+03 3.104456665541074926e+03 3.075213630056172406e+03 3.053322360365750228e+03 3.038747694206559117e+03 3.031466212526088839e+03 3.031466212526088839e+03
2.042183686001691883e-28 2.042183686001691883e-28 2.056359134061114537e-28 2.085936689301744369e-28 2.133696526920762464e-28 2.204803975153769657e-28 2.308664502485845997e-28 2.463207739675622609e-28 2.705673176103618885e-28 3.122943434795212171e-28 3.949158050426559353e-28 5.954675925393041261e-28 1.875985165143043967e+06 1.231052225306432927e+06 1.025315974446419859e+06 9.069867387714611832e+05 8.212392783348759403e+05 7.524559343960459810e+05 6.943312806985785719e+05 6.437279519096277654e+05 5.988446537166760536e+05 5.585359391953484155e+05 5.220175784309990704e+05 4.887220306199969491e+05 4.582201426085358835e+05 4.301754362361107487e+05 4.043159360049833194e+05 3.804161059604167822e+05 3.582849100186901051e+05 3.377577160625210381e+05 3.186906764410494361e+05 3.009567360517337220e+05 2.844427278695962159e+05 2.690472059595344472e+05 2.546787861382668489e+05 2.412548417364429915e+05 2.287004522916332935e+05 2.169475361602903868e+05 2.059341200111584039e+05 1.956037128022094257e+05 1.859047616379467654e+05 1.767901734831743233e+05 1.682168911487530568e+05 1.601455149778080231e+05 1.525399637214942486e+05 1.453671695188026351e+05 1.385968028953472094e+05 1.322010244123745360e+05 1.261542601227204141e+05 1.204329983869717253e+05 1.150156059119590354e+05 1.098821611216583551e+05 1.050143031759599689e+05 1.003950951268569333e+05 9.600889985273333150e+04 9.184126754430570873e+04 8.787883363439059758e+04 8.410922616996802390e+04 8.052098172104310652e+04 7.710346900784608442e+04 7.384681950642913580e+04 7.074186436450504698e+04 6.778007702380629780e+04 6.495352100424003584e+04 6.225480235798464128e+04 5.967702635000563896e+04 5.721375796472645743e+04 5.485898587792382023e+04 5.260708956825648784e+04 5.045280927483224514e+04 4.839121853590096725e+04 4.641769906968792202e+04 4.452791778172794875e+04 4.271780570402640296e+04 4.098353869023278094e+04 3.932151970806497411e+04 3.772836258545713645e+04 3.620087708067679341e+04 3.473605515906860819e+04 3.333105837013423297e+04 3.198320622881426243e+04 3.068996551375525814e+04 2.944894040356851838e+04 2.825786337934210678e+04 2.711458682837913875e+04 2.601707528999663919e+04 2.496339828968250367e+04 2.395172371272431337e+04 2.298031167284637922e+04 2.204750883532516673e+04 2.115174315769987879e+04 2.029151901437375636e+04 1.946541267443100151e+04 1.867206810457748361e+04 1.791019307160854078e+04 1.717855552094684390e+04 1.647598020981836453e+04 1.580134557544115523e+04 1.515358082023770112e+04 1.453166319760116312e+04 1.393461548309121827e+04 1.336150361719271677e+04 1.281143450689287602e+04 1.228355397438462387e+04 1.177704484212910211e+04 1.129112514438293692e+04 1.082504645609839645e+04 1.037809233079430487e+04 9.949576839686646053e+03 9.538843204965600307e+03 9.145262520648961072e+03 8.768232554968644763e+03 8.407176628703922688e+03 8.061542564303998915e+03 7.730801701047383176e+03 7.414447971837389559e+03 7.111997037572475165e+03 6.822985475340854464e+03 6.546970016964653951e+03 6.283526834689323550e+03 6.032250871048564477e+03 5.792755210160787101e+03 5.564670487924318877e+03 5.347644338753171724e+03 5.141340876694132021e+03 4.945440208906158659e+03 4.759637979654486116e+03 4.583644943096365751e+03 4.417186563270339320e+03 4.260002639832665409e+03 4.111846958176209228e+03 3.972486962689381016e+03 3.841703452002090671e+03 3.719290295156146840e+03 3.605054167726902961e+03 3.498814306997765470e+03 3.400402285364141790e+03 3.309661801216059303e+03 3.226448486610689088e+03 3.155564249083326763e-30 3.086865138482748763e-30 3.025347576014495307e-30 2.970912626313961050e-30 2.923472639051198482e-30 2.882951144725741236e-30 2.849282764158781473e-30 2.822413131412220607e-30 2.802298829902832627e-30 2.788907341518144354e-30 2.782217008586985273e-30 2.782217008586985273e-30
0.000000000000000000e+00 0.000000000000000000e+00 0.000000000000000000e+00 0.000000000000000000e+00 0.000000000000000000e+00 0.000000000000000000e+00 0.000000000000000000e+00 0.000000000000000000e+00 0.000000000000000000e+00 0.000000000000000000e+00 0.000000000000000000e+00 0.000000000000000000e+00 6.469239161655470962e+05 6.984452846952698892e+05 7.139601225675640162e+05 7.004487400156125659e+05 6.723294918595101917e+05 6.382926776680999901e+05 6.026635155365676619e+05 5.674812169250507141e+05 5.336729671359134372e+05 5.016305100778599735e+05 4.714860130938655348e+05 4.432447339116992662e+05 4.168498815902396454e+05 3.922150235220902250e+05 3.692406807546698838e+05 3.478230474416847574e+05 3.278586829653219902e+05 3.092470798537852825e+05 2.918920699169475702e+05 2.757025684563171235e+05 2.605929248463739932e+05 2.464830295008305111e+05 2.332982652988391928e+05 2.209693580437213241e+05 2.094321616135182558e+05 1.986274021947824222e+05 1.885003988543154555e+05 1.790007728972761834e+05 1.700821550470389193e+05 1.617018969615440292e+05 1.538207916928375780e+05 1.464028062349823886e+05 1.394148281839029514e+05 1.328264276766774419e+05 1.266096351318310335e+05 1.207387348331448156e+05 1.151900740522888518e+05 1.099418871623322630e+05 1.049741340310175001e+05 1.002683518820454046e+05 9.580751975830145238e+04 9.157593470165206236e+04 8.755909876995599188e+04 8.374361603584000841e+04 8.011709874775569187e+04 7.666808187772957899e+04 7.338594532839473686e+04 7.026084312244754983e+04 6.728363894796253589e+04 6.444584748293869779e+04 6.173958096997540997e+04 5.915750055746720318e+04 5.669277196626256045e+04 5.433902508048620075e+04 5.209031709791843605e+04 4.994109890923038620e+04 4.788618440632381680e+04 4.592072244836197206e+04 4.404017123990390974e+04 4.224027489893516031e+04 4.051704201388931688e+04 3.886672600793988386e+04 3.728580714630780858e+04 3.577097603797213378e+04 3.431911849744323990e+04 3.292730164498661179e+04 3.159276113528488713e+04 3.031288941492147205e+04 2.908522491846108460e+04 2.790744212136044735e+04 2.677734237560403562e+04 2.569284546079962820e+04 2.465198178974209077e+04 2.365288521299024796e+04 2.269378637212499234e+04 2.177300655588971131e+04 2.088895201754142909e+04 2.004010871551624950e+04 1.922503744282686239e+04 1.844236931372344407e+04 1.769080157887403402e+04 1.696909374284800288e+04 1.627606395996692481e+04 1.561058568661514073e+04 1.497158457001455099e+04 1.435803555512864295e+04 1.376896019294769212e+04 1.320342413477285118e+04 1.266053479842148045e+04 1.213943919342210575e+04 1.163932189335936346e+04 1.115940314445023432e+04 1.069893710037232995e+04 1.025721017411488356e+04 9.833539498412335888e+03 9.427271486954814463e+03 9.037780489216913338e+03 8.664467532280275918e+03 8.306759143582536126e+03 7.964106248957147727e+03 7.635983140802099115e+03 7.321886511586725646e+03 7.021334548294048545e+03 6.733866083721850373e+03 6.459039800879710128e+03 6.196433487007786425e+03 5.945643334005992074e+03 5.706283282301261352e+03 5.477984405408510611e+03 5.260394332652823323e+03 5.053176707696269659e+03 4.856010680707254323e+03 4.668590432161706303e+03 4.490624726421275227e+03 4.321836493372598852e+03 4.161962436541913121e+03 4.010752666221880645e+03 3.867970356253078535e+03 3.733391423213648977e+03 3.606804226864988777e+03 3.488009290787003920e+03 3.376819042228278704e+03 3.273057570269179905e+03 3.176560401469197586e+03 3.087174292241820240e+03 3.004757037263011625e+03 2.929177293276965884e+03 2.864805562951688561e-30 2.802409371656883656e-30 2.746536280617331399e-30 2.697096290020214111e-30 2.654009667590934630e-30 2.617206853173960124e-30 2.586628375861671136e-30 2.562224783418853198e-30 2.543956583790195201e-30 2.531794198514740614e-30 2.525717927907934548e-30 2.525717927907934548e-30
0.000000000000000000e+00 0.000000000000000000e+00 0.000000000000000000e+00 0.000000000000000000e+00 0.000000000000000000e+00 0.000000000000000000e+00 0.000000000000000000e+00 0.000000000000000000e+00 0.000000000000000000e+00 0.000000000000000000e+00 0.000000000000000000e+00 0.000000000000000000e+00 2.913515431292381836e+05 4.026229549255456659e+05 4.820438075823442778e+05 5.219179997581170755e+05 5.330150522237699479e+05 5.267188358005078044e+05 5.107864575488041155e+05 4.898809788404362043e+05 4.666954979850296513e+05 4.427723150692348718e+05 4.189949817954173195e+05 3.958671307093173382e+05 3.736690792729231762e+05 3.525470002368186251e+05 3.325649483132824535e+05 3.137360934493433451e+05 2.960420145975138876e+05 2.794449304707137053e+05 2.638956197619154118e+05 2.493386296824046294e+05 2.357157305780581955e+05 2.229682085274995188e+05 2.110383729370661895e+05 1.998705260769879678e+05 1.894115603521505836e+05 1.796112969580668723e+05 1.704226451348963019e+05 1.618016379202575772e+05 1.537073841825843265e+05 1.461019653759013163e+05 1.389502973675336398e+05 1.322199718609564588e+05 1.258810877062901127e+05 1.199060793090045627e+05 1.142695470982826373e+05 1.089480933769661060e+05 1.039201656835481408e+05 9.916590893632471852e+04 9.466702701399623766e+04 9.040665399209881434e+04 8.636923495315997570e+04 8.254041608504972828e+04 7.890694365042753634e+04 7.545657133069061092e+04 7.217797540570523415e+04 6.906067721522592183e+04 6.609497235082904808e+04 6.327186604277809238e+04 6.058301422986510443e+04 5.802066982892963279e+04 5.557763375207823992e+04 5.324721025197100971e+04 5.102316620777699427e+04 4.889969399581726611e+04 4.687137761889668036e+04 4.493316179667488177e+04 4.308032374590633117e+04 4.130844740394293331e+04 3.961339987153151742e+04 3.799130987175926566e+04 3.643854804097117449e+04 3.495170888480902067e+04 3.352759424828094052e+04 3.216319816308361624e+04 3.085569294827875274e+04 2.960241645224505919e+04 2.840086033431428223e+04 2.724865929418109954e+04 2.614358116573733059e+04 2.508351779984269888e+04 2.406647666755464525e+04 2.309057312175021798e+04 2.215402326075410747e+04 2.125513734280615608e+04 2.039231370490388508e+04 1.956403314373374087e+04 1.876885372025779361e+04 1.800540595299310371e+04 1.727238836807850385e+04 1.656856337717453061e+04 1.589275345663014014e+04 1.524383760384573179e+04 1.462074804873482026e+04 1.402246720014885796e+04 1.344802480886091507e+04 1.289649533024626180e+04 1.236699547125282515e+04 1.185868190753893214e+04 1.137074915782900644e+04 1.090242760363160596e+04 1.045298164342972450e+04 1.002170797134295935e+04 9.607933971087755708e+03 9.211016216800484472e+03 8.830339072951701382e+03 8.465313386229692696e+03 8.115375262817443399e+03 7.779984925006716367e+03 7.458625641585583253e+03 7.150802726856109075e+03 6.856042603542250617e+03 6.573891925224335864e+03 6.303916754260604648e+03 6.045701791478790255e+03 5.798849654195354560e+03 5.562980199386258391e+03 5.337729889086236653e+03 5.122751195288925373e+03 4.917712041854571908e+03 4.722295281107766641e+03 4.536198202976250286e+03 4.359132074700888552e+03 4.190821709277609443e+03 4.031005060948315986e+03 3.879432846168554988e+03 3.735868188610406833e+03 3.600086286868092884e+03 3.471874103625752014e+03 3.351030075156336807e+03 3.237363840097945285e+03 3.130695986539776641e+03 3.030857816528646254e+03 2.937691127174475696e+03 2.851048007599330504e+03 2.770790651046779203e+03 2.696791181511759532e+03 2.628931494318062505e+03 2.571143029810624260e-30 2.515120923227554627e-30 2.464955902483338207e-30 2.420567047079386186e-30 2.381882669658435429e-30 2.348840229703536652e-30 2.321386258590626562e-30 2.299476295763278059e-30 2.283074835834745046e-30 2.272155286461799739e-30 2.266699936858171344e-30 2.266699936858171344e-30
0.000000000000000000e+00 0.000000000000000000e+00 0.000000000000000000e+00 0.000000000000000000e+00 0.000000000000000000e+00 0.000000000000000000e+00 0.000000000000000000e+00 0.000000000000000000e+00 0.000000000000000000e+00 0.000000000000000000e+00 0.000000000000000000e+00 0.000000000000000000e+00 1.559345863613414986e+05 2.473527829011957219e+05 3.292483885106115486e+05 3.850134105116627179e+05 4.150530656370351790e+05 4.259418378661261522e+05 4.241877105151009746e+05 4.146095577052999288e+05 4.004298635374471196e+05 3.837224578747058986e+05 3.658051161361098057e+05 3.475116791695887805e+05 3.293669057902988861e+05 3.116964871934828698e+05 2.946964582333024591e+05 2.784775771645178902e+05 2.630941881449120119e+05 2.485633142372123548e+05 2.348774778421328811e+05 2.220134109969178389e+05 2.099380205103332701e+05 1.986124885952355980e+05 1.879950894540506415e+05 1.780431119956369512e+05 1.687141555284245405e+05 1.599669836071180762e+05 1.517620660664193274e+05 1.440619013952040405e+05 1.368311851978311606e+05 1.300368718554925144e+05 1.236481632216975704e+05 1.176364486508099508e+05 1.119752137721467734e+05 1.066399304297720228e+05 1.016079365795125195e+05 9.685831229595857440e+04 9.237175612395818462e+04 8.813046461808963795e+04 8.411801690884068375e+04 8.031926541267050197e+04 7.672023328965937253e+04 7.330801889140208368e+04 7.007070719223892957e+04 6.699728802864550380e+04 6.407758086243346770e+04 6.130216571667468816e+04 5.866231989696425444e+04 5.614996009571888862e+04 5.375758947711950168e+04 5.147824935027809988e+04 4.930547505469666794e+04 4.723325570252578473e+04 4.525599744482304959e+04 4.336848995254927286e+04 4.156587582664211368e+04 3.984362267445524776e+04 3.819749761192105507e+04 3.662354397157535277e+04 3.511806001602490142e+04 3.367757947452831286e+04 3.229885373697986506e+04 3.097883555491449806e+04 2.971466411309089381e+04 2.850365134800091982e+04 2.734326940121418011e+04 2.623113910602034230e+04 2.516501941534969956e+04 2.414279768761513333e+04 2.316248075490965493e+04 2.222218670509595904e+04 2.132013731565735361e+04 2.045465108301289001e+04 1.962413679615430010e+04 1.882708760819624877e+04 1.806207556367879442e+04 1.732774654332427963e+04 1.662281559137021031e+04 1.594606259379680341e+04 1.529632827857667689e+04 1.467251051164610362e+04 1.407356086463249630e+04 1.349848143247209919e+04 1.294632188095796846e+04 1.241617670599457233e+04 1.190718268790538968e+04 1.141851652556698900e+04 1.094939263642804144e+04 1.049906110965688094e+04 1.006680580072988414e+04 9.651942556750789663e+03 9.253817562667894890e+03 8.871805799375548304e+03 8.505309605413780446e+03 8.153757334669450756e+03 7.816602103066789823e+03 7.493320617836616293e+03 7.183412083424967932e+03 6.886397178612097377e+03 6.601817099799161952e+03 6.329232665865418312e+03 6.068223480309568004e+03 5.818387146758652307e+03 5.579338534206451186e+03 5.350709088643005089e+03 5.132146187979796196e+03 4.923312537416742998e+03 4.723885602617078803e+03 4.533557078256065324e+03 4.352032389687828072e+03 4.179030225654719288e+03 4.014282100117171922e+03 3.857531941423681019e+03 3.708535707181451471e+03 3.567061023308491258e+03 3.432886845864313727e+03 3.305803144361019804e+03 3.185610605361199305e+03 3.072120355252302033e+03 2.965153701181823635e+03 2.864541889206845553e+03 2.770125878795054632e+03 2.681756132875314961e+03 2.599292422705660556e+03 2.522603646881274926e+03 2.451567663866834664e+03 2.386071137483843358e+03 2.326009394840282312e+03 2.274867900663141536e-30 2.225283966749268911e-30 2.180884289107605498e-30 2.141597156382182348e-30 2.107359040693693104e-30 2.078114520759552239e-30 2.053816215129531034e-30 2.034424725333348980e-30 2.019908588761430677e-30 2.010244241142912785e-30 2.005415988500513033e-30 2.005415988500513033e-30
0.000000000000000000e+00 0.000000000000000000e+00 0.000000000000000000e+00 0.000000000000000000e+00 0.000000000000000000e+00 0.000000000000000000e+00 0.000000000000000000e+00 0.000000000000000000e+00 0.000000000000000000e+00 0.000000000000000000e+00 0.000000000000000000e+00 0.000000000000000000e+00 9.423026662368979305e+04 1.613899459629757912e+05 2.298897208032827766e+05 2.841720634428654448e+05 3.197767737107767607e+05 3.389258262021464179e+05 3.457296180181532400e+05 3.440017938592868159e+05 3.366762843575020670e+05 3.258447783154439530e+05 3.129487657606427092e+05 2.989654531491415692e+05 2.845503002345344285e+05 2.701379449294784572e+05 2.560116582854051958e+05 2.423508092083801166e+05 2.292633783067709592e+05 2.168083630879057455e+05 2.050113191634142422e+05 1.938752016424146132e+05 1.833879580537082802e+05 1.735278557019932196e+05 1.642672166529335082e+05 1.555750265581140411e+05 1.474187434571223857e+05 1.397655366976967780e+05 1.325831195457741560e+05 1.258402924066892010e+05 1.195072805897071812e+05 1.135559270405468415e+05 1.079597836118853447e+05 1.026941322955597134e+05 9.773595905410592968e+04 9.306389651535786106e+04 8.865814716168322775e+04 8.450039527583227027e+04 8.057371345447101339e+04 7.686246771988131513e+04 7.335222396922248299e+04 7.002965756839085952e+04 6.688246722755595692e+04 6.389929381758413365e+04 6.106964444932115293e+04 5.838382190310853912e+04 5.583285933593897062e+04 5.340846008793385408e+04 5.110294234316331131e+04 4.890918836095236475e+04 4.682059797495631938e+04 4.483104605190685834e+04 4.293484360625724366e+04 4.112670227718635579e+04 3.940170188896218315e+04 3.775526083206164185e+04 3.618310902042059752e+04 3.468126319799858902e+04 3.324600438583813957e+04 3.187385727781150490e+04 3.056157140967135274e+04 2.930610394128234475e+04 2.810460390619374812e+04 2.695439779594385982e+04 2.585297635858491049e+04 2.479798250205394652e+04 2.378720020317461604e+04 2.281854433232403608e+04 2.189005131219829855e+04 2.099987053673975242e+04 2.014625648318329331e+04 1.932756145645543438e+04 1.854222891082998831e+04 1.778878729879174716e+04 1.706584440179003650e+04 1.637208210166103527e+04 1.570625155529530275e+04 1.506716873856979328e+04 1.445371032862875654e+04 1.386480989636688537e+04 1.329945438355012811e+04 1.275668084122503751e+04 1.223557340819200545e+04 1.173526051015996018e+04 1.125491226188993460e+04 1.079373805620876010e+04 1.035098432512329600e+04 9.925932459565321551e+03 9.517896875436685150e+03 9.126223214658111829e+03 8.750286670890271125e+03 8.389490430456011381e+03 8.043264219774872799e+03 7.711062951333498859e+03 7.392365460892166084e+03 7.086673329188896787e+03 6.793509781982191271e+03 6.512418662745462825e+03 6.242963472790471315e+03 5.984726474013929874e+03 5.737307849840134622e+03 5.500324920280838342e+03 5.273411407353564755e+03 5.056216747393098558e+03 4.848405447061938503e+03 4.649656480102148635e+03 4.459662722118463535e+03 4.278130420872393188e+03 4.104778699762910946e+03 3.939339092359618462e+03 3.781555106001170316e+03 3.631181812624187842e+03 3.487985465145251510e+03 3.351743137818364175e+03 3.222242389130515676e+03 3.099280945900896768e+03 2.982666407344450363e+03 2.872215967966436892e+03 2.767756158231156860e+03 2.669122602035297405e+03 2.576159790087031979e+03 2.488720868365678143e+03 2.406667440898647783e+03 2.329869386154722179e+03 2.258204686406434121e+03 2.191559269472874803e+03 2.129826862295297815e+03 2.072908855850274449e+03 2.020714180947649993e+03 1.976276177843372056e-30 1.933187291103546819e-30 1.894603782126196452e-30 1.860463264200802137e-30 1.830710470841514140e-30 1.805297188597849988e-30 1.784182198709380325e-30 1.767331227422101907e-30 1.754716904813920878e-30 1.746318732005701527e-30 1.742123056653685248e-30 1.742123056653685248e-30
0.000000000000000000e+00 0.000000000000000000e+00 0.000000000000000000e+00 0.000000000000000000e+00 0.000000000000000000e+00 0.000000000000000000e+00 0.000000000000000000e+00 0.000000000000000000e+00 0.000000000000000000e+00 0.000000000000000000e+00 0.000000000000000000e+00 0.000000000000000000e+00 6.148511226479336619e+04 1.098827643061770941e+05 1.633203726156790799e+05 2.098074571871719381e+05 2.438424590678437380e+05 2.652263496867666254e+05 2.760943072027281742e+05 2.790552975706633297e+05 2.764196151144221076e+05 2.700008246265747584e+05 2.611436373442214099e+05 2.508148885520125041e+05 2.396962295722726558e+05 2.282606423378941254e+05 2.168307967945454002e+05 2.056220341733222303e+05 1.947735231605430308e+05 1.843706793647344748e+05 1.744612456562060106e+05 1.650668072615063284e+05 1.561910272466065071e+05 1.478255263699390925e+05 1.399540697176274552e+05 1.325555351802234654e+05 1.256060050191822520e+05 1.190802261549445830e+05 1.129526163442537218e+05 1.071979442606262164e+05 1.017917761034657451e+05 9.671075581399192743e+04 9.193276748975231021e+04 8.743701518335373839e+04 8.320404553305961599e+04 7.921573158936579421e+04 7.545523104512659484e+04 7.190692832094247569e+04 6.855636722263597767e+04 6.539017889791994094e+04 6.239600837373458489e+04 5.956244190838697978e+04 5.687893663664927590e+04 5.433575344299674907e+04 5.192389361116731015e+04 4.963503952525759814e+04 4.746149950733136211e+04 4.539615674704478442e+04 4.343242219268721237e+04 4.156419121866259957e+04 3.978580385249370011e+04 3.809200832831229491e+04 3.647792772892564244e+04 3.493902948110162106e+04 3.347109747649812925e+04 3.207020660132880585e+04 3.073269947076631797e+04 2.945516517760670104e+04 2.823441987865847477e+04 2.706748905617250057e+04 2.595159130482831824e+04 2.488412350750372207e+04 2.386264727496860723e+04 2.288487653568450696e+04 2.194866617218452302e+04 2.105200160994148246e+04 2.019298927328313948e+04 1.936984783082489230e+04 1.858090016007754821e+04 1.782456596745904244e+04 1.709935500584930924e+04 1.640386083723856791e+04 1.573675509287594650e+04 1.509678218777986331e+04 1.448275445037450299e+04 1.389354763176824599e+04 1.332809676229494289e+04 1.278539232601388176e+04 1.226447672647116815e+04 1.176444101944546128e+04 1.128442189060040982e+04 1.082359885791643683e+04 1.038119168059255389e+04 9.956457957686903683e+03 9.548690901269808819e+03 9.157217270167913739e+03 8.781395451592206882e+03 8.420613679039239287e+03 8.074288375824638024e+03 7.741862614560917791e+03 7.422804683644156285e+03 7.116606752630726078e+03 6.822783628988598139e+03 6.540871599411860188e+03 6.270427349365904774e+03 6.011026955110625750e+03 5.762264942883266485e+03 5.523753410356693166e+03 5.295121205894827654e+03 5.076013161460558877e+03 4.866089375390756686e+03 4.665024541516158934e+03 4.472507321418090214e+03 4.288239756829522776e+03 4.111936719454381091e+03 3.943325395655989269e+03 3.782144803692126970e+03 3.628145341339481547e+03 3.481088361909465675e+03 3.340745776822639982e+03 3.206899683043038294e+03 3.079342013803728605e+03 2.957874211168912552e+03 2.842306919100432879e+03 2.732459695783933967e+03 2.628160744075460116e+03 2.529246659008404094e+03 2.435562191389346026e+03 2.346960026572035531e+03 2.263300577588275701e+03 2.184451791860524281e+03 2.110288970789131781e+03 2.040694601565286348e+03 1.975558200604291869e+03 1.914776168048576210e+03 1.858251652835965615e+03 1.805894427863447618e+03 1.757620774824862792e+03 1.713353378332119291e+03 1.675668087853124064e-30 1.639123788238818091e-30 1.606400718339109803e-30 1.577445916916369039e-30 1.552212467840017198e-30 1.530659442827445709e-30 1.512751851722227471e-30 1.498460600152692475e-30 1.487762454446876867e-30 1.480640013689165981e-30 1.477081688837448536e-30 1.477081688837448536e-30
0.000000000000000000e+00 0.000000000000000000e+00 0.000000000000000000e+00 0.000000000000000000e+00 0.000000000000000000e+00 0.000000000000000000e+00 0.000000000000000000e+00 0.000000000000000000e+00 0.000000000000000000e+00 0.000000000000000000e+00 0.000000000000000000e+00 0.000000000000000000e+00 4.170068310872335860e+04 7.633870382004675048e+04 1.165189620841110300e+05 1.536471774590799760e+05 1.828103887775758340e+05 2.028364163384879066e+05 2.146142217491467891e+05 2.197633619673163921e+05 2.199408862476662907e+05 2.165705224169014255e+05 2.107801785981107387e+05 2.034239109692308411e+05 1.951298532938493008e+05 1.863499249248981650e+05 1.774028606464707700e+05 1.685086955116022436e+05 1.598153212006909307e+05 1.514184728226323787e+05 1.433765579846404435e+05 1.357215540619663661e+05 1.284669599092497374e+05 1.216135647005431674e+05 1.151536105552948866e+05 1.090737790490311163e+05 1.033573196694805083e+05 9.798555414079567709e+04 9.293892804285485181e+04 8.819773505152689177e+04 8.374260526569766807e+04 7.955482428551044723e+04 7.561653156863586628e+04 7.191083334074071900e+04 6.842185565995285287e+04 6.513475617134686036e+04 6.203570793243266235e+04 5.911186492906932108e+04 5.635131615883013728e+04 5.374303316046103282e+04 5.127681441456088214e+04 4.894322898520091985e+04 4.673356100830653304e+04 4.463975608194731467e+04 4.265437021909124451e+04 4.077052174262365588e+04 3.898184630495394958e+04 3.728245507771207485e+04 3.566689606389896653e+04 3.413011842390892707e+04 3.266743966842770169e+04 3.127451554912783467e+04 2.994731246761759394e+04 2.868208222045388538e+04 2.747533890085836902e+04 2.632383778417392750e+04 2.522455603272906956e+04 2.417467506567567762e+04 2.317156444985054986e+04 2.221276717845673556e+04 2.129598621472861123e+04 2.041907218790612751e+04 1.958001213846174505e+04 1.877691921839253700e+04 1.800802326090308998e+04 1.727166214141502132e+04 1.656627385905083429e+04 1.589038927416094157e+04 1.524262544350013377e+04 1.462167949998805125e+04 1.402632302900137074e+04 1.345539689754509345e+04 1.290780649671072388e+04 1.238251736155338585e+04 1.187855113575356700e+04 1.139498185148976336e+04 1.093093249767113957e+04 1.048557185208190822e+04 1.005811155526314178e+04 9.647803405949141961e+03 9.253936859674529842e+03 8.875836713844433689e+03 8.512860964023917404e+03 8.164398817561889700e+03 7.829868851877037741e+03 7.508717305858034706e+03 7.200416493802916193e+03 6.904463332271464424e+03 6.620377971008746499e+03 6.347702519883685454e+03 6.085999864458533011e+03 5.834852563404847388e+03 5.593861821584288009e+03 5.362646533094019105e+03 5.140842389056841057e+03 4.928101045373547095e+03 4.724089346027219108e+03 4.528488597898283842e+03 4.340993893367907731e+03 4.161313477290012088e+03 3.989168155175018910e+03 3.824290739691797171e+03 3.666425532811992980e+03 3.515327841128313139e+03 3.370763522083854241e+03 3.232508559010650060e+03 3.100348663046465845e+03 2.974078900148370394e+03 2.853503341551325320e+03 2.738434736150645676e+03 2.628694203411179387e+03 2.524110945495444867e+03 2.424521977416004574e+03 2.329771874107513668e+03 2.239712533389319560e+03 2.154202953874091691e+03 2.073109026953890407e+03 1.996303342049627645e+03 1.923665004383469068e+03 1.855079464584410744e+03 1.790438359493767166e+03 1.729639363583868089e+03 1.672586050452462587e+03 1.619187763895810804e+03 1.569359498104402974e+03 1.523021786561687350e+03 1.480100599262739024e+03 1.440527247900865859e+03 1.404238298702973225e+03 1.373347542412513835e-30 1.343389929527610758e-30 1.316564919711216626e-30 1.292829063040522541e-30 1.272143869480047802e-30 1.254475761755415535e-30 1.239796034427667681e-30 1.228080819046395390e-30 1.219311055274047563e-30 1.213472467886844984e-30 1.210555549590650589e-30 1.210555549590650589e-30
0.000000000000000000e+00 0.000000000000000000e+00 0.000000000000000000e+00 0.000000000000000000e+00 0.000000000000000000e+00 0.000000000000000000e+00 0.000000000000000000e+00 0.000000000000000000e+00 0.000000000000000000e+00 0.000000000000000000e+00 0.000000000000000000e+00 0.000000000000000000e+00 2.836187175948787626e+04 5.264929766495229705e+04 8.170609232336062996e+04 1.096344292472675879e+05 1.326158573674391955e+05 1.493145132317785756e+05 1.599627871466350625e+05 1.654917041036758455e+05 1.670071234877299285e+05 1.655407643614261469e+05 1.619586353796177718e+05 1.569461438110057788e+05 1.510255279106036178e+05 1.445837186507194419e+05 1.379007237972012954e+05 1.311746050896428351e+05 1.245419469032893539e+05 1.180939559311861085e+05 1.118887985312102974e+05 1.059608886300676095e+05 1.003277907938824937e+05 9.499530034367868211e+04 8.996115127724030754e+04 8.521770237732175156e+04 8.075386838275881018e+04 7.655649674884775595e+04 7.261133926361352496e+04 6.890372890035185264e+04 6.541904314392129163e+04 6.214301336892636027e+04 5.906192384022565966e+04 5.616273212354872521e+04 5.343313404264317069e+04 5.086158998055088159e+04 4.843732468367701949e+04 4.615030933627371269e+04 4.399123219706814416e+04 4.195146228329847509e+04 4.002300927220167068e+04 3.819848183346974110e+04 3.647104591279153101e+04 3.483438398549460544e+04 3.328265593909299787e+04 3.181046198593875306e+04 3.041280782509234632e+04 2.908507214478422975e+04 2.782297646925895242e+04 2.662255729476702982e+04 2.548014042146489737e+04 2.439231736465512222e+04 2.335592371624696170e+04 2.236801932196770576e+04 2.142587013968484825e+04 2.052693164760645595e+04 1.966883367640249708e+04 1.884936654629304394e+04 1.806646839763291428e+04 1.731821361138928478e+04 1.660280222380622581e+04 1.591855024717827655e+04 1.526388081603863611e+04 1.463731608494192915e+04 1.403746981055586184e+04 1.346304055674865958e+04 1.291280546692452845e+04 1.238561455293701511e+04 1.188038545460599744e+04 1.139609862803493161e+04 1.093179292489844011e+04 1.048656152828261656e+04 1.005954821391274345e+04 9.649943908449127775e+03 9.256983519198285649e+03 8.879943011874020158e+03 8.518136715281725628e+03 8.170914833638781602e+03 7.837661149079354800e+03 7.517790898416445998e+03 7.210748809691996939e+03 6.916007285353046427e+03 6.633064720035997198e+03 6.361443942040850743e+03 6.100690768493443102e+03 5.850372665127090841e+03 5.610077502347502559e+03 5.379412399988857942e+03 5.158002653841983374e+03 4.945490737573373735e+03 4.741535374248195694e+03 4.545810672114504996e+03 4.358005319796352524e+03 4.177821836389801319e+03 4.004975872385047751e+03 3.839195557638076934e+03 3.680220892928026387e+03 3.527803181926444267e+03 3.381704500651822400e+03 3.241697201727384709e+03 3.107563450950349761e+03 2.979094793916593062e+03 2.856091750580329972e+03 2.738363435829178343e+03 2.625727204281441118e+03 2.518008317666785388e+03 2.415039633272589526e+03 2.316661312048066520e+03 2.222720545086107904e+03 2.133071297275141660e+03 2.047574067033253641e+03 1.966095661091084366e+03 1.888508983398164901e+03 1.814692837269713891e+03 1.744531739983127864e+03 1.677915749073538564e+03 1.614740299648758764e+03 1.554906052086135560e+03 1.498318749534919789e+03 1.444889084675264485e+03 1.394532575242629036e+03 1.347169447858548892e+03 1.302724529741789183e+03 1.261127147915612113e+03 1.222311035549256530e+03 1.186214245107658826e+03 1.152779068008514287e+03 1.121951960510234358e+03 1.093683475580139657e+03 1.069621589198096822e-30 1.046285232169814468e-30 1.025389173732146158e-30 1.006899545872922362e-30 9.907863469398905767e-31 9.770234048098444382e-31 9.655883449072311528e-31 9.564625629734246947e-31 9.496312024997033376e-31 9.450831367570680375e-31 9.428109553659833770e-31 9.428109553659833770e-31
0.000000000000000000e+00 0.000000000000000000e+00 0.000000000000000000e+00 0.000000000000000000e+00 0.000000000000000000e+00 0.000000000000000000e+00 0.000000000000000000e+00 0.000000000000000000e+00 0.000000000000000000e+00 0.000000000000000000e+00 0.000000000000000000e+00 0.000000000000000000e+00 1.846676333795078972e+04 3.456149094776563288e+04 5.418688247839401447e+04 7.353155404753166658e+04 8.993964824175584363e+04 1.023039512600822491e+05 1.105827265997803770e+05 1.152715900207453087e+05 1.170534922825520189e+05 1.166121254608143936e+05 1.145490671052785619e+05 1.113575428636485885e+05 1.074239465306371567e+05 1.030411242249596544e+05 9.842513058255605574e+04 9.373149314868979855e+04 8.906935171025288582e+04 8.451303004132679780e+04 8.011115683045308106e+04 7.589367522330585052e+04 7.187713352535197919e+04 6.806862491349018819e+04 6.446868974320832058e+04 6.107343403692760330e+04 5.787606261247596558e+04 5.486797885231986584e+04 5.203956582468045963e+04 4.938073443316586781e+04 4.688130211192901334e+04 4.453124889784299012e+04 4.232088526566924702e+04 4.024095688888557925e+04 3.828270468520235590e+04 3.643789350364969141e+04 3.469881914008949389e+04 3.305830068149962608e+04 3.150966321432749828e+04 3.004671449801239214e+04 2.866371815888374113e+04 2.735536519868545656e+04 2.611674505951932224e+04 2.494331708731084655e+04 2.383088294772313020e+04 2.277556034215493492e+04 2.177375822476947360e+04 2.082215361809888054e+04 1.991767005351411353e+04 1.905745761396851231e+04 1.823887452461502471e+04 1.745947021674113421e+04 1.671696977883150612e+04 1.600925970303707800e+04 1.533437483372344468e+04 1.469048642627729350e+04 1.407589122737401885e+04 1.348900149249556307e+04 1.292833586134922371e+04 1.239251101728448339e+04 1.188023406229417560e+04 1.139029554447540613e+04 1.092156308003205595e+04 1.047297551682219819e+04 1.004353759104245364e+04 9.632315032930699090e+03 9.238430081347745727e+03 8.861057370749223992e+03 8.499420157380809542e+03 8.152786854611420495e+03 7.820467850072997862e+03 7.501812579821076724e+03 7.196206837038685990e+03 6.903070294832251420e+03 6.621854224633289050e+03 6.352039393361393195e+03 6.093134124072624218e+03 5.844672506223967503e+03 5.606212742935191272e+03 5.377335623771470637e+03 5.157643112620653483e+03 4.946757041149016004e+03 4.744317899202829722e+03 4.549983714250674893e+03 4.363429012683569454e+03 4.184343856416671770e+03 4.012432948789220518e+03 3.847414804301454296e+03 3.689020977181487524e+03 3.536995344212536111e+03 3.391093437617045311e+03 3.251081824187368056e+03 3.116737527127012072e+03 2.987847487395671124e+03 2.864208061598021686e+03 2.745624553698777618e+03 2.631910778088622465e+03 2.522888651687289439e+03 2.418387813006233955e+03 2.318245266214336425e+03 2.222305048441732197e+03 2.130417918668116272e+03 2.042441066692817913e+03 1.958237840796155979e+03 1.877677492803065661e+03 1.800634939369492486e+03 1.726990538402177663e+03 1.656629879599067635e+03 1.589443588185226417e+03 1.525327140986166341e+03 1.464180694040033131e+03 1.405908921028154055e+03 1.350420861833628805e+03 1.297629780614404808e+03 1.247453032809452907e+03 1.199811940544486106e+03 1.154631675945938696e+03 1.111841151908014353e+03 1.071372919894728966e+03 1.033163074386078506e+03 9.971511636130124998e+02 9.632801062536402696e+02 9.314961137818937686e+02 9.017486181936301364e+02 8.739902048528509795e+02 8.481765502192630493e+02 8.242663642442905712e+02 8.022213372361914026e+02 7.820060910131254559e+02 7.647998537859539493e-31 7.481117171039631054e-31 7.331687055558700163e-31 7.199465881762135071e-31 7.084239003393589111e-31 6.985819173576367694e-31 6.904046315564523810e-31 6.838787327544966709e-31 6.789935920869221763e-31 6.757412491256392679e-31 6.741164022507482989e-31 6.741164022507482989e-31
0.000000000000000000e+00 0.000000000000000000e+00 0.000000000000000000e+00 0.000000000000000000e+00 0.000000000000000000e+00 0.000000000000000000e+00 0.000000000000000000e+00 0.000000000000000000e+00 0.000000000000000000e+00 0.000000000000000000e+00 0.000000000000000000e+00 0.000000000000000000e+00 1.045233525544462464e+04 1.965165412598677358e+04 3.099330896883987589e+04 4.234155233059053717e+04 5.214500342910058680e+04 5.969635002000388340e+04 6.489881986943374795e+04 6.798551817765555461e+04 6.932222212432981178e+04 6.929494851476822805e+04 6.825498609354805376e+04 6.649756443972019770e+04 6.425846089676419069e+04 6.171916638803979004e+04 5.901533576032044948e+04 5.624575419165872881e+04 5.348051630822907464e+04 5.076792842705949442e+04 4.814006497684094938e+04 4.561710387653388898e+04 4.321063562435217318e+04 4.092614831172156119e+04 3.876487031464604661e+04 3.672512243278798269e+04 3.480330078969950409e+04 3.299458477030872018e+04 3.129344187932305067e+04 2.969398360785669138e+04 2.819021262203152583e+04 2.677619111416231317e+04 2.544615229068733970e+04 2.419457111230850933e+04 2.301620606474519445e+04 2.190612054147102390e+04 2.085969007027819316e+04 1.987259989305933414e+04 1.894083614734872026e+04 1.806067297714594315e+04 1.722865722846787685e+04 1.644159189575224809e+04 1.569651912988108597e+04 1.499070336105337265e+04 1.432161490394647626e+04 1.368691427951001970e+04 1.308443739252719752e+04 1.251218163722119243e+04 1.196829295646489481e+04 1.145105384825263354e+04 1.095887229188813581e+04 1.049027155286415473e+04 1.004388081727636381e+04 9.618426602538320367e+03 9.212724889706956674e+03 8.825673923026171906e+03 8.456247624059215013e+03 8.103489570097457545e+03 7.766507489436138712e+03 7.444468229222138689e+03 7.136593154794076327e+03 6.842153942587779056e+03 6.560468731745202604e+03 6.290898602506342286e+03 6.032844352239951149e+03 5.785743542473873276e+03 5.549067792762299177e+03 5.322320299323579093e+03 5.105033558468586307e+03 4.896767276644188314e+03 4.697106450590098575e+03 4.505659602636487762e+03 4.322057157596816069e+03 4.145949948863829377e+03 3.977007842577770134e+03 3.814918469686139360e+03 3.659386056651327181e+03 3.510130346455737708e+03 3.366885602268872844e+03 3.229399686854379979e+03 3.097433211401800236e+03 2.970758748073219977e+03 2.849160101012325867e+03 2.732431631070082403e+03 2.620377629905464801e+03 2.512811739489552110e+03 2.409556413410209643e+03 2.310442416670396597e+03 2.215308360953052215e+03 2.124000272600390872e+03 2.036371190781509085e+03 1.952280793524434785e+03 1.871595049507231124e+03 1.794185893648109868e+03 1.719930924732589119e+03 1.648713123414935353e+03 1.580420589119254146e+03 1.514946294438760106e+03 1.452187855777724508e+03 1.392047319053497404e+03 1.334430959408950002e+03 1.279249093917740083e+03 1.226415906395762477e+03 1.175849283464383007e+03 1.127470661100026746e+03 1.081204880954651571e+03 1.036980055787131505e+03 9.947274434022926926e+02 9.543813285334092598e+02 9.158789121578706727e+02 8.791602077545470593e+02 8.441679440811193444e+02 8.108474740455405936e+02 7.791466893059068752e+02 7.490159402509732445e+02 7.204079610324263285e+02 6.932777993617419270e+02 6.675827507910109944e+02 6.432822972283603349e+02 6.203380494515688497e+02 5.987136934092529827e+02 5.783749401057693831e+02 5.592894788904011421e+02 5.414269339800857779e+02 5.247588240664628074e+02 5.092585248558650051e+02 4.949012344220399200e+02 4.816639412437318128e+02 4.695253948259233425e+02 4.591939743528603313e-31 4.491733599243018627e-31 4.402006433691551250e-31 4.322612702728239970e-31 4.253423478883825840e-31 4.194326292593616021e-31 4.145224994315525021e-31 4.106039637126393052e-31 4.076706379446781477e-31 4.057177407568365520e-31 4.047420877757546227e-31 4.047420877757546227e-31
0.000000000000000000e+00 0.000000000000000000e+00 0.000000000000000000e+00 0.000000000000000000e+00 0.000000000000000000e+00 0.000000000000000000e+00 0.000000000000000000e+00 0.000000000000000000e+00 0.000000000000000000e+00 0.000000000000000000e+00 0.000000000000000000e+00 0.000000000000000000e+00 3.387195995395971750e+03 6.381469553500113761e+03 1.009177701752555004e+04 1.383029870781107456e+04 1.708791774043792975e+04 1.962331358412444388e+04 2.139340218037696468e+04 2.246560515075214062e+04 2.295447558796668454e+04 2.298441303549521035e+04 2.267064002704401719e+04 2.211123679995615385e+04 2.138530912187819195e+04 2.055423256950153154e+04 1.966418492102967139e+04 1.874898746155024492e+04 1.783276934833493578e+04 1.693225430855531522e+04 1.605862250870696153e+04 1.521897501744668807e+04 1.441745819874790323e+04 1.365611183175941551e+04 1.293550015180018272e+04 1.225517615362262040e+04 1.161401986802553074e+04 1.101048250029826340e+04 1.044276087938598539e+04 9.908920686514986301e+03 9.406982267896788471e+03 8.934979271417123527e+03 8.490997659013217344e+03 8.073200639759719706e+03 7.679843579835751370e+03 7.309281846724382376e+03 6.959973736892525267e+03 6.630480042947027869e+03 6.319461382170766228e+03 6.025674090890614934e+03 5.747965257481650042e+03 5.485267298099886830e+03 5.236592356678441320e+03 5.001026721823543085e+03 4.777725389127407652e+03 4.565906851437781370e+03 4.364848166621750352e+03 4.173880329331680514e+03 3.992383956930511431e+03 3.819785288714140734e+03 3.655552490134995878e+03 3.499192248975827169e+03 3.350246647558872155e+03 3.208290293507130627e+03 3.072927691099871481e+03 2.943790835186455752e+03 2.820537010250257481e+03 2.702846777860888324e+03 2.590422136778209278e+03 2.482984840931848794e+03 2.380274861591590252e+03 2.282048981061913764e+03 2.188079506286323067e+03 2.098153091680642774e+03 2.012069661471971131e+03 1.929641422636633024e+03 1.850691960375542749e+03 1.775055408721482308e+03 1.702575689635134268e+03 1.633105814483286167e+03 1.566507242400151881e+03 1.502649290518777661e+03 1.441408591536157928e+03 1.382668594487776772e+03 1.326319104976537119e+03 1.272255861494266128e+03 1.220380144700117171e+03 1.170598416897684729e+03 1.122821989139536299e+03 1.076966713650364227e+03 1.032952699453576088e+03 9.907040492957934248e+02 9.501486161123716556e+02 9.112177774424490053e+02 8.738462263504634393e+02 8.379717775119141834e+02 8.035351872815925844e+02 7.704799866125819108e+02 7.387523258347175670e+02 7.083008303579829317e+02 6.790764664703156086e+02 6.510324164363486261e+02 6.241239622115034535e+02 5.983083771006565712e+02 5.735448247812702220e+02 5.497942651357840305e+02 5.270193663904734649e+02 5.051844231081506109e+02 4.842552796004613924e+02 4.641992583737039126e+02 4.449850932531213630e+02 4.265828668462818314e+02 4.089639520535100701e+02 3.921009573311089866e+02 3.759676754600367303e+02 3.605390355784876419e+02 3.457910582546311389e+02 3.317008134011092579e+02 3.182463808443339417e+02 3.054068133737724224e+02 2.931621021098086999e+02 2.814931440483616143e+02 2.703817116427425731e+02 2.598104242929560428e+02 2.497627216381716266e+02 2.402228385310963006e+02 2.311757816049413634e+02 2.226073073371882174e+02 2.145039015271021583e+02 2.068527601073648725e+02 1.996417712222587113e+02 1.928594984992246850e+02 1.864951654592358068e+02 1.805386410056723321e+02 1.749804259423277131e+02 1.698116404715517831e+02 1.650240126307322441e+02 1.606098676242975500e+02 1.565621180192019608e+02 1.531170307120899870e-31 1.497755363325114455e-31 1.467834784672605267e-31 1.441360030030460951e-31 1.418288100268598692e-31 1.398581485272947296e-31 1.382208117933303266e-31 1.369141334954233908e-31 1.359359844400850754e-31 1.352847699840522004e-31 1.349594281019154571e-31 1.349594281019154571e-31
0.000000000000000000e+00 0.000000000000000000e+00 0.000000000000000000e+00 0.000000000000000000e+00 0.000000000000000000e+00 0.000000000000000000e+00 0.000000000000000000e+00 0.000000000000000000e+00 0.000000000000000000e+00 0.000000000000000000e+00 0.000000000000000000e+00 0.000000000000000000e+00 0.000000000000000000e+00 0.000000000000000000e+00 0.000000000000000000e+00 0.000000000000000000e+00 0.000000000000000000e+00 0.000000000000000000e+00 0.000000000000000000e+00 0.000000000000000000e+00 0.000000000000000000e+00 0.000000000000000000e+00 0.000000000000000000e+00 0.000000000000000000e+00 0.000000000000000000e+00 0.000000000000000000e+00 0.000000000000000000e+00 0.000000000000000000e+00 0.000000000000000000e+00 0.000000000000000000e+00 0.000000000000000000e+00 0.000000000000000000e+00 0.000000000000000000e+00 0.000000000000000000e+00 0.000000000000000000e+00 0.000000000000000000e+00 0.000000000000000000e+00 0.000000000000000000e+00 0.000000000000000000e+00 0.000000000000000000e+00 0.000000000000000000e+00 0.000000000000000000e+00 0.000000000000000000e+00 0.000000000000000000e+00 0.000000000000000000e+00 0.000000000000000000e+00 0.000000000000000000e+00 0.000000000000000000e+00 0.000000000000000000e+00 0.000000000000000000e+00 0.000000000000000000e+00 0.000000000000000000e+00 0.000000000000000000e+00 0.000000000000000000e+00 0.000000000000000000e+00 0.000000000000000000e+00 0.000000000000000000e+00 0.000000000000000000e+00 0.000000000000000000e+00 0.000000000000000000e+00 0.000000000000000000e+00 0.000000000000000000e+00 0.000000000000000000e+00 0.000000000000000000e+00 0.000000000000000000e+00 0.000000000000000000e+00 0.000000000000000000e+00 0.000000000000000000e+00 0.000000000000000000e+00 0.000000000000000000e+00 0.000000000000000000e+00 0.000000000000000000e+00 0.000000000000000000e+00 0.000000000000000000e+00 0.000000000000000000e+00 0.000000000000000000e+00 0.000000000000000000e+00 0.000000000000000000e+00 0.000000000000000000e+00 0.000000000000000000e+00 0.000000000000000000e+00 0.000000000000000000e+00 0.000000000000000000e+00 0.000000000000000000e+00 0.000000000000000000e+00 0.000000000000000000e+00 0.000000000000000000e+00 0.000000000000000000e+00 0.000000000000000000e+00 0.000000000000000000e+00 0.000000000000000000e+00 0.000000000000000000e+00 0.000000000000000000e+00 0.000000000000000000e+00 0.000000000000000000e+00 0.000000000000000000e+00 0.000000000000000000e+00 0.000000000000000000e+00 0.000000000000000000e+00 0.000000000000000000e+00 0.000000000000000000e+00 0.000000000000000000e+00 0.000000000000000000e+00 0.000000000000000000e+00 0.000000000000000000e+00 0.000000000000000000e+00 0.000000000000000000e+00 0.000000000000000000e+00 0.000000000000000000e+00 0.000000000000000000e+00 0.000000000000000000e+00 0.000000000000000000e+00 0.000000000000000000e+00 0.000000000000000000e+00 0.000000000000000000e+00 0.000000000000000000e+00 0.000000000000000000e+00 0.000000000000000000e+00 0.000000000000000000e+00 0.000000000000000000e+00 0.000000000000000000e+00 0.000000000000000000e+00 0.000000000000000000e+00 0.000000000000000000e+00 0.000000000000000000e+00 0.000000000000000000e+00 0.000000000000000000e+00 0.000000000000000000e+00 0.000000000000000000e+00 0.000000000000000000e+00 0.000000000000000000e+00 0.000000000000000000e+00 0.000000000000000000e+00 0.000000000000000000e+00 0.000000000000000000e+00 0.000000000000000000e+00 0.000000000000000000e+00 0.000000000000000000e+00 0.000000000000000000e+00 0.000000000000000000e+00 0.000000000000000000e+00 0.000000000000000000e+00 0.000000000000000000e+00 0.000000000000000000e+00 0.000000000000000000e+00 0.000000000000000000e+00 0.000000000000000000e+00 0.000000000000000000e+00 0.000000000000000000e+00 0.000000000000000000e+00 0.000000000000000000e+00
