0.000000000000000000e+00 0.000000000000000000e+00 0.000000000000000000e+00 0.000000000000000000e+00 0.000000000000000000e+00 0.000000000000000000e+00 0.000000000000000000e+00 0.000000000000000000e+00 0.000000000000000000e+00 0.000000000000000000e+00 0.000000000000000000e+00 0.000000000000000000e+00 0.000000000000000000e+00 0.000000000000000000e+00 0.000000000000000000e+00 0.000000000000000000e+00 0.000000000000000000e+00 0.000000000000000000e+00 0.000000000000000000e+00 0.000000000000000000e+00 0.000000000000000000e+00 0.000000000000000000e+00 0.000000000000000000e+00 0.000000000000000000e+00 0.000000000000000000e+00 0.000000000000000000e+00 0.000000000000000000e+00 0.000000000000000000e+00 0.000000000000000000e+00 0.000000000000000000e+00 0.000000000000000000e+00 0.000000000000000000e+00 0.000000000000000000e+00 0.000000000000000000e+00 0.000000000000000000e+00 0.000000000000000000e+00 0.000000000000000000e+00 0.000000000000000000e+00 0.000000000000000000e+00 0.000000000000000000e+00 0.000000000000000000e+00 0.000000000000000000e+00 0.000000000000000000e+00 0.000000000000000000e+00 0.000000000000000000e+00 0.000000000000000000e+00 0.000000000000000000e+00 0.000000000000000000e+00 0.000000000000000000e+00 0.000000000000000000e+00 0.000000000000000000e+00 0.000000000000000000e+00 0.000000000000000000e+00 0.000000000000000000e+00 0.000000000000000000e+00 0.000000000000000000e+00 0.000000000000000000e+00 0.000000000000000000e+00 0.000000000000000000e+00 0.000000000000000000e+00 0.000000000000000000e+00 0.000000000000000000e+00 0.000000000000000000e+00 0.000000000000000000e+00 0.000000000000000000e+00 0.000000000000000000e+00 0.000000000000000000e+00 0.000000000000000000e+00 0.000000000000000000e+00 0.000000000000000000e+00 0.000000000000000000e+00 0.000000000000000000e+00 0.000000000000000000e+00 0.000000000000000000e+00 0.000000000000000000e+00 0.000000000000000000e+00 0.000000000000000000e+00 0.000000000000000000e+00 0.000000000000000000e+00 0.000000000000000000e+00 0.000000000000000000e+00 0.000000000000000000e+00 0.000000000000000000e+00 0.000000000000000000e+00 0.000000000000000000e+00 0.000000000000000000e+00 0.000000000000000000e+00 0.000000000000000000e+00 0.000000000000000000e+00 0.000000000000000000e+00 0.000000000000000000e+00 0.000000000000000000e+00 0.000000000000000000e+00 0.000000000000000000e+00 0.000000000000000000e+00 0.000000000000000000e+00 0.000000000000000000e+00 0.000000000000000000e+00 0.000000000000000000e+00 0.000000000000000000e+00 0.000000000000000000e+00
0.000000000000000000e+00 0.000000000000000000e+00 0.000000000000000000e+00 0.000000000000000000e+00 0.000000000000000000e+00 0.000000000000000000e+00 0.000000000000000000e+00 0.000000000000000000e+00 7.908381719539873302e+03 1.378459222096212761e+04 1.748829523255154709e+04 1.933838301393152869e+04 1.983157168724476287e+04 1.944162963600848161e+04 1.853762262283555174e+04 1.737525392982960329e+04 1.611774490876663731e+04 1.486225250042868174e+04 1.366232749758122009e+04 1.254428005813041455e+04 1.151816189183286588e+04 1.058476731512864171e+04 9.739937485927643138e+03 8.977128542713760908e+03 8.288898144712371504e+03 7.667733793586245156e+03 7.106488338115156694e+03 6.598585649035579991e+03 6.138095085231871963e+03 5.719733685807338588e+03 5.338830854811149948e+03 4.991275720151827954e+03 4.673458612100938808e+03 4.382212917256832952e+03 4.114760513874909520e+03 3.868662228900511309e+03 3.641773760229562868e+03 3.432206966303006993e+03 3.238296152010094829e+03 3.058568861208286307e+03 2.891720654913975068e+03 2.736593369639816046e+03 2.592156389294697419e+03 2.457490512468008546e+03 2.331774047258931205e+03 2.214270814339390654e+03 2.104319783004038527e+03 2.001326104519316232e+03 1.904753341460609818e+03 1.814116721605621706e+03 1.728977270407009655e+03 1.648936697959661387e+03 1.573632934776125012e+03 1.502736226450823779e+03 1.435945710585243887e+03 1.372986410541916484e+03 1.313606590154411379e+03 1.257575421608456054e+03 1.204680925480428414e+03 1.154728147783998793e+03 1.107537543784167156e+03 1.062943542473884690e+03 1.020793269320825516e+03 9.809454077629389985e+02 9.432691827097736450e+02 9.076434513925445344e+02 8.739558889505527759e+02 8.421022576730598530e+02 8.119857503226407971e+02 7.835163991259363456e+02 7.566105431249412732e+02 7.311903474188162591e+02 7.071833687266656625e+02 6.845221622656745240e+02 6.631439256594430844e+02 6.429901759826752823e+02 6.240064566168059628e+02 6.061420709415899637e+02 5.893498401693910864e+02 5.735858830898343967e+02 5.588094155844880788e+02 5.449825681322334958e+02 5.320702196655100806e+02 5.200398463590115625e+02 5.088613840644927677e+02 4.985071032698967315e+02 4.889514955689525095e+02 4.801711707611036104e+02 4.721447638014431050e+02 4.648528508718185321e+02 4.582778739858064228e+02 4.524040735725857871e+02 4.472174285577178239e+02 1.445842682877842532e-29 1.438100551748620733e-29 1.431643763545832337e-29 1.426475029079069100e-29 1.422596540103251479e-29 1.420009953971374397e-29 1.418716382086451433e-29 1.418716382086451433e-29
0.000000000000000000e+00 0.000000000000000000e+00 0.000000000000000000e+00 0.000000000000000000e+00 0.000000000000000000e+00 0.000000000000000000e+00 0.000000000000000000e+00 0.000000000000000000e+00 2.512158570155151756e+04 4.334313968165576080e+04 5.436765680004236492e+04 5.951452766445789894e+04 6.054091688157057797e+04 5.899111219169949618e+04 5.600226982512293034e+04 5.233002637345396215e+04 4.844104369449373917e+04 4.460510136740539747e+04 4.096624365550550283e+04 3.759188642602781329e+04 3.450464270647995727e+04 3.170213164975767359e+04 2.916894497481309372e+04 2.688368556613838155e+04 2.482298651269661423e+04 2.296371464273600941e+04 2.128410109063427080e+04 1.976424982970862402e+04 1.838629482031251609e+04 1.713436645574710565e+04 1.599446151257380916e+04 1.495427090483963366e+04 1.400299574129092252e+04 1.313116810439407163e+04 1.233048473355353599e+04 1.159365705909192002e+04 1.091427838493976742e+04 1.028670760388623785e+04 9.705968137604042568e+03 9.167660516556816219e+03 8.667886968651371717e+03 8.203186461233983209e+03 7.770478775208314801e+03 7.367016345855933650e+03 6.990342762519218013e+03 6.638256967796154640e+03 6.308782331735021216e+03 6.000139895620541211e+03 5.710725183850311623e+03 5.439088071842740646e+03 5.183915274494451296e+03 4.944015084818002833e+03 4.718304047748843914e+03 4.505795300928562938e+03 4.305588353976749204e+03 4.116860111235354452e+03 3.938856971411247287e+03 3.770887861623519257e+03 3.612318083608402503e+03 3.462563867249801660e+03 3.321087541264871561e+03 3.187393243250719479e+03 3.061023102179639409e+03 2.941553835267619434e+03 2.828593709119151754e+03 2.721779821554959653e+03 2.620775666349179573e+03 2.525268947941417991e+03 2.434969617442644449e+03 2.349608104893884047e+03 2.268933725879976464e+03 2.192713243300876002e+03 2.120729567537460298e+03 2.052780580173277485e+03 1.988678068380296509e+03 1.928246758421511004e+03 1.871323438303162675e+03 1.817756160610619418e+03 1.767403517682133270e+03 1.720133982193527800e+03 1.675825306964125275e+03 1.634363978556683605e+03 1.595644719825121001e+03 1.559570037107446979e+03 1.526049808297634172e+03 1.495000908370591333e+03 1.466346869384217825e+03 1.440017572302756435e+03 1.415948968270870864e+03 1.394082827240591314e+03 1.374366512151876805e+03 1.356752776959139510e+03 1.341199587160900592e+03 4.336471089037089566e-29 4.313248609318121024e-29 4.293881523343680916e-29 4.278377954296572657e-29 4.266744469861219283e-29 4.258986036374487074e-29 4.255105984131865099e-29 4.255105984131865099e-29
0.000000000000000000e+00 0.000000000000000000e+00 0.000000000000000000e+00 0.000000000000000000e+00 0.000000000000000000e+00 0.000000000000000000e+00 0.000000000000000000e+00 0.000000000000000000e+00 4.729594634732726263e+04 7.958764104456668429e+04 9.731886236955737695e+04 1.042700143496567471e+05 1.043312862952358118e+05 1.004416290460703167e+05 9.454385027532371168e+04 8.782721994653178263e+04 8.097849646100525570e+04 7.437037919690289709e+04 6.818714750941975217e+04 6.250371323021210992e+04 5.733374671007540019e+04 5.265832603873711196e+04 4.844266382866497588e+04 4.464566043075265770e+04 4.122519420321885264e+04 3.814090758151959017e+04 3.535554232625687291e+04 3.283545065833005356e+04 3.055065264769515852e+04 2.847465683593446010e+04 2.658416958119750052e+04 2.485876423642226655e+04 2.328054912285194951e+04 2.183385441350965630e+04 2.050494714165176265e+04 1.928177738528080226e+04 1.815375532047224624e+04 1.711155712574055724e+04 1.614695696190663330e+04 1.525268203161272322e+04 1.442228779285137898e+04 1.365005061690598632e+04 1.293087545845611930e+04 1.226021639773349307e+04 1.163400819606129880e+04 1.104860726433380296e+04 1.050074067431559706e+04 9.987462044220186726e+03 9.506113304115569917e+03 9.054291495860556097e+03 8.629819889600927127e+03 8.230722806525760461e+03 7.855203629224333781e+03 7.501625558133338018e+03 7.168494737985063693e+03 6.854445433369272905e+03 6.558226979281276726e+03 6.278692272074632456e+03 6.014787599684044835e+03 5.765543638491347338e+03 5.530067468316340637e+03 5.307535477581324812e+03 5.097187048179450358e+03 4.898318924595414501e+03 4.710280184536410161e+03 4.532467739345721384e+03 4.364322301810010686e+03 4.205324767135997718e+03 4.054992959689231157e+03 3.912878704266076056e+03 3.778565185678332455e+03 3.651664565038418459e+03 3.531815824984397750e+03 3.418682819419172120e+03 3.311952506362072199e+03 3.211333344993194260e+03 3.116553840236584620e+03 3.027361220198547926e+03 2.943520233437450315e+03 2.864812054600457486e+03 2.791033288222456576e+03 2.721995061681155676e+03 2.657522199310198630e+03 2.597452470556449498e+03 2.541635905904415722e+03 2.489934174962079396e+03 2.442220021733397061e+03 2.398376752700318320e+03 2.358297773775993846e+03 2.321886172689435170e+03 2.289054343753939065e+03 2.259723652287163986e+03 2.233824136358387477e+03 7.223928781689425283e-29 7.185237694103933890e-29 7.152970146053478464e-29 7.127139645308026705e-29 7.107757112806678712e-29 7.094830806604518992e-29 7.088366264260204244e-29 7.088366264260204244e-29
0.000000000000000000e+00 0.000000000000000000e+00 0.000000000000000000e+00 0.000000000000000000e+00 0.000000000000000000e+00 0.000000000000000000e+00 0.000000000000000000e+00 0.000000000000000000e+00 8.115721766330538958e+04 1.297067418563953252e+05 1.515450741411448398e+05 1.567845180507139594e+05 1.529611289976036933e+05 1.446842886246436101e+05 1.345587219711530197e+05 1.239921143830189685e+05 1.137122746709846106e+05 1.040688629018401116e+05 9.520415516668005148e+04 8.714893444513432041e+04 7.987627012081326393e+04 7.333159975706784462e+04 6.744939885746038635e+04 6.216222058848862071e+04 5.740538827592020971e+04 5.311922212529511307e+04 4.924988574380360660e+04 4.574948063550977531e+04 4.257575142981774843e+04 3.969160957429659175e+04 3.706459237618442421e+04 3.466632107247422391e+04 3.247199061835427347e+04 3.045990604428739971e+04 2.861107018062570933e+04 2.690882209429876457e+04 2.533852281866237536e+04 2.388728374725770118e+04 2.254373272509586968e+04 2.129781300491213915e+04 2.014061060359808471e+04 1.906420605960298417e+04 1.806154707872700601e+04 1.712633902276490335e+04 1.625295062305226929e+04 1.543633268136058541e+04 1.467194785263172889e+04 1.395570989079746869e+04 1.328393098389417901e+04 1.265327601324222633e+04 1.206072274818716869e+04 1.150352713734815916e+04 1.097919298341928697e+04 1.048544539517286285e+04 1.002020750010965639e+04 9.581579977131403211e+03 9.167823032760876231e+03 8.777340498701727483e+03 8.408665774453997074e+03 8.060449377761825417e+03 7.731447898727058600e+03 7.420514181688632561e+03 7.126588582909944307e+03 6.848691172721155453e+03 6.585914768243510480e+03 6.337418697903883185e+03 6.102423211854293186e+03 5.880204463467247479e+03 5.670089996696683556e+03 5.471454682306838549e+03 5.283717053111914538e+03 5.106335994548924646e+03 4.938807752243948016e+03 4.780663222918207794e+03 4.631465498968189422e+03 4.490807640666581392e+03 4.358310652900581772e+03 4.233621646194334971e+03 4.116412163954810239e+03 4.006376660124903538e+03 3.903231113095029741e+03 3.806711763415891710e+03 3.716573964235169115e+03 3.632591134627021347e+03 3.554553807078931641e+03 3.482268761401244319e+03 3.415558238169734068e+03 3.354259225597583736e+03 3.298222814424113494e+03 3.247313616022588576e+03 3.201409239472821355e+03 3.160399823897072565e+03 3.124187622731948977e+03 1.010610250310561923e-28 1.005196237459327574e-28 1.000681075661327793e-28 9.970666495157491043e-29 9.943544826597756009e-29 9.925457271869567938e-29 9.916411556415087674e-29 9.916411556415087674e-29
0.000000000000000000e+00 0.000000000000000000e+00 0.000000000000000000e+00 0.000000000000000000e+00 0.000000000000000000e+00 0.000000000000000000e+00 0.000000000000000000e+00 0.000000000000000000e+00 1.429634249375434010e+05 2.060976939932963578e+05 2.234702459642829490e+05 2.197865295377156290e+05 2.073658084162660525e+05 1.918864213287752646e+05 1.759181522670874838e+05 1.605999374792866001e+05 1.464012854157972324e+05 1.334725953260441020e+05 1.218117031890119688e+05 1.113458270446049282e+05 1.019729377592377423e+05 9.358284801737625094e+04 8.606780260152905248e+04 7.932750115117712994e+04 7.327113800311108935e+04 6.781785567191627342e+04 6.289638194810433924e+04 5.844427889373183280e+04 5.440704099087605573e+04 5.073717119157457637e+04 4.739330155102337449e+04 4.433938971129925631e+04 4.154400257390160550e+04 3.897968761628147331e+04 3.662242669970588031e+04 3.445116465449820680e+04 3.244740409115769216e+04 3.059485798802732461e+04 2.887915218594884573e+04 2.728757071045547127e+04 2.580883769055399534e+04 2.443293046813629917e+04 2.315091925297673515e+04 2.195482935759959946e+04 2.083752264084887065e+04 1.979259530180936417e+04 1.881428960475591157e+04 1.789741748824161914e+04 1.703729432705906584e+04 1.622968138189423553e+04 1.547073569565796424e+04 1.475696638438672198e+04 1.408519642929409747e+04 1.345252921044152754e+04 1.285631913517481371e+04 1.229414580948855291e+04 1.176379128076244524e+04 1.126321994819826432e+04 1.079056079473436330e+04 1.034409164297834832e+04 9.922225179113289414e+03 9.523496523995529060e+03 9.146552160739140163e+03 8.790140053704140882e+03 8.453100815857669659e+03 8.134359800212545451e+03 7.832920007351541244e+03 7.547855714815677857e+03 7.278306746262788693e+03 7.023473308547905617e+03 6.782611333907209882e+03 6.555028272149063014e+03 6.340079284472932159e+03 6.137163796438977442e+03 5.945722372634334533e+03 5.765233880088049773e+03 5.595212911330820134e+03 5.435207441367125284e+03 5.284796695873195858e+03 5.143589210455319517e+03 5.011221063161561688e+03 4.887354264431372940e+03 4.771675290455757931e+03 4.663893747479000922e+03 4.563741156007234167e+03 4.470969845062384593e+03 4.385351947804918382e+03 4.306678490719920774e+03 4.234758569542626901e+03 4.169418605812757960e+03 4.110501678678796452e+03 4.057866927203424439e+03 4.011389019010007814e+03 1.298087982359648253e-28 1.291131804604349015e-28 1.285330530582546405e-28 1.280686572211089440e-28 1.277201879365251027e-28 1.274877926389090627e-28 1.273715701890134298e-28 1.273715701890134298e-28
0.000000000000000000e+00 0.000000000000000000e+00 0.000000000000000000e+00 0.000000000000000000e+00 0.000000000000000000e+00 0.000000000000000000e+00 0.000000000000000000e+00 0.000000000000000000e+00 2.799069160433246288e+05 3.291265453461469733e+05 3.186167755755928811e+05 2.936445420191537123e+05 2.665951281619914807e+05 2.409873084676116123e+05 2.177459742345752020e+05 1.969815289953922911e+05 1.785420928270788572e+05 1.621991126439455256e+05 1.477135371023760526e+05 1.348598590478404658e+05 1.234342206814572564e+05 1.132561517823447502e+05 1.041676970713067567e+05 9.603150933754390280e+04 8.872860916743437701e+04 8.215613428829344048e+04 7.622522682550612080e+04 7.085912100587853638e+04 6.599145003607826948e+04 6.156476831501028937e+04 5.752927393503391067e+04 5.384171152296331275e+04 5.046443409096394316e+04 4.736460311651690427e+04 4.451350761228855117e+04 4.188598492618636374e+04 3.945992810709786136e+04 3.721586670201546804e+04 3.513660972239450348e+04 3.320694119085786224e+04 3.141336014424155292e+04 2.974385823316736059e+04 2.818772913801701725e+04 2.673540493711826639e+04 2.537831533563764970e+04 2.410876631352946424e+04 2.291983529604634896e+04 2.180528040703989973e+04 2.075946174772071390e+04 1.977727296370506519e+04 1.885408163124877683e+04 1.798567721838618309e+04 1.716822556514058306e+04 1.639822898532570980e+04 1.567249122570383224e+04 1.498808663043361048e+04 1.434233295338930657e+04 1.373276734102494447e+04 1.315712507617511073e+04 1.261332073065292934e+04 1.209943142339484984e+04 1.161368192248687956e+04 1.115443136483433955e+04 1.072016139765082335e+04 1.030946557181216122e+04 9.921039839463554017e+03 9.553674027350323740e+03 9.206244173852795939e+03 8.877705631905862901e+03 8.567086852228072530e+03 8.273483771983763290e+03 7.996054743089634940e+03 7.734015942506687679e+03 7.486637213699217682e+03 7.253238294569987374e+03 7.033185392444886929e+03 6.825888071295344162e+03 6.630796420409990787e+03 6.447398477341160287e+03 6.275217880969675207e+03 6.113811733348755297e+03 5.962768651360381227e+03 5.821706991343900881e+03 5.690273231768662299e+03 5.568140500652986702e+03 5.455007235936162033e+03 5.350595968327286755e+03 5.254652217295057198e+03 5.166943491969228489e+03 5.087258389606724450e+03 5.015405785153152465e+03 4.951214106200490278e+03 4.894530688296132212e+03 1.584614947496957480e-28 1.576120126368899522e-28 1.569035690338465673e-28 1.563364570258009662e-28 1.559109135405345732e-28 1.556271177173227326e-28 1.554851896726695635e-28 1.554851896726695635e-28
3.649086014895868706e-28 3.649086014895868706e-28 3.705366807960586458e-28 3.829258637635566278e-28 4.050115629576249595e-28 4.436508728410670477e-28 5.162271631158094326e-28 6.743712244348687268e-28 6.582021229032168631e+05 5.160467626373500680e+05 4.318229503892223001e+05 3.723647890251825447e+05 3.264942957054384751e+05 2.893418334434156423e+05 2.583634348098735791e+05 2.320467044654715864e+05 2.094032884890615533e+05 1.897397828103316133e+05 1.725429617821511929e+05 1.574174577885447943e+05 1.440495811447605665e+05 1.321850292033532169e+05 1.216143801605607005e+05 1.121631669596407592e+05 1.036847753753110155e+05 9.605516637007705867e+04 8.916883140601329796e+04 8.293561708039509540e+04 7.727818612376062083e+04 7.212995914452731085e+04 6.743342885929052136e+04 6.313876863326410967e+04 5.920267703256117966e+04 5.558741375008328032e+04 5.225999200801086408e+04 4.919149971994220687e+04 4.635652713422850502e+04 4.373268289138825639e+04 4.130018374484736705e+04 3.904150583942138474e+04 3.694108757153584884e+04 3.498507578244499746e+04 3.316110844355794688e+04 3.145812814583965155e+04 2.986622165221362229e+04 2.837648155214080543e+04 2.698088670180612826e+04 2.567219866691885909e+04 2.444387182755898539e+04 2.328997517252670150e+04 2.220512411717441501e+04 2.118442093449374079e+04 2.022340260342494730e+04 1.931799505771809345e+04 1.846447296932827521e+04 1.765942432732490124e+04 1.689971918012082824e+04 1.618248199934984223e+04 1.550506720023068738e+04 1.486503741822689153e+04 1.426014419710560469e+04 1.368831079047779531e+04 1.314761681912401218e+04 1.263628456075559188e+04 1.215266667829917606e+04 1.169523521806663121e+04 1.126257173090014294e+04 1.085335838809474626e+04 1.046636998015362224e+04 1.010046670026830543e+04 9.754587626637603535e+03 9.427744828196504386e+03 9.119018027456135314e+03 8.827549762105882110e+03 8.552540993949674885e+03 8.293247119811856464e+03 8.048974344321825811e+03 7.819076379116776479e+03 7.602951437103022727e+03 7.400039493938193118e+03 7.209819792079606486e+03 7.031808565503905811e+03 6.865556965638914335e+03 6.710649171256111913e+03 6.566700666915677175e+03 6.433356676366957799e+03 6.310290738706651609e+03 6.197203416559279503e+03 6.093821126682122667e+03 5.999895084508272703e+03 5.915200355128509727e+03 5.839535004083201784e+03 5.772719342118302848e+03 1.869980168622632422e-28 1.859951007844742066e-28 1.851587015361846030e-28 1.844891630693134688e-28 1.839867634142824022e-28 1.836517127776179012e-28 1.834841521023340003e-28 1.834841521023340003e-28
9.548417989612437086e+05 9.548417989612437086e+05 9.670845781815970549e+05 9.932844586511122761e+05 1.037317584277750691e+06 1.105964223412266932e+06 1.208329003035879461e+06 1.343319816669675289e+06 8.861220014629841316e+05 6.553136416880091419e+05 5.249515997701722663e+05 4.405110678808976663e+05 3.798617408485069172e+05 3.331936951127344510e+05 2.956364523134340416e+05 2.644993607274842798e+05 2.381536100146113895e+05 2.155359507724595023e+05 1.959085980434198573e+05 1.787339595020605484e+05 1.636048758871350437e+05 1.502035053326307971e+05 1.382758323595987458e+05 1.276151211656302185e+05 1.180507154820249270e+05 1.094401651463089074e+05 1.016635026666669146e+05 9.461896035075002874e+04 8.821968600478763983e+04 8.239117281636934786e+04 7.706921455655236787e+04 7.219825675651771598e+04 6.773005264924428775e+04 6.362255779841176991e+04 5.983901436953256780e+04 5.634718786238963366e+04 5.311872760399612162e+04 5.012862850858488673e+04 4.735477625247793185e+04 4.477756154669350508e+04 4.237955192562450247e+04 4.014521161515807762e+04 3.806066174447291996e+04 3.611347452704988245e+04 3.429249613427583972e+04 3.258769387637767795e+04 3.099002403308858266e+04 2.949131727323962332e+04 2.808417909420636715e+04 2.676190311863732495e+04 2.551839542332962810e+04 2.434810835563279397e+04 2.324598252734025300e+04 2.220739587201460381e+04 2.122811881638916384e+04 2.030427475493588645e+04 1.943230513354374852e+04 1.860893854687687417e+04 1.783116333775456951e+04 1.709620325781514475e+04 1.640149580922996392e+04 1.574467293866877117e+04 1.512354379889863958e+04 1.453607933089746257e+04 1.398039845189843254e+04 1.345475566236929990e+04 1.295752990902336205e+04 1.248721456148946345e+04 1.204240837812495920e+04 1.162180735193414148e+04 1.122419734083548246e+04 1.084844739828441016e+04 1.049350373022293752e+04 1.015838421323906914e+04 9.842173416478100989e+03 9.544018076529571772e+03 9.263122980459142127e+03 8.998747217255988289e+03 8.750200762545857287e+03 8.516841365340669654e+03 8.298071709166819346e+03 8.093336822978907549e+03 7.902121719984342235e+03 7.723949244978915885e+03 7.558378112886445706e+03 7.405001123146859754e+03 7.263443536263197529e+03 7.133361600377319519e+03 7.014441217063408658e+03 6.906396736787284681e+03 6.808969875523706833e+03 6.721928745090240227e+03 6.645066990589773923e+03 6.578203029206762949e+03 6.521179385370715863e+03 6.473862117925094026e+03 6.436140335683704507e+03 6.407925798256447706e+03 6.389152599646664385e+03 6.379776932667812616e+03 6.379776932667812616e+03
9.344623081402226817e+05 9.344623081402226817e+05 9.433822130312143127e+05 9.615227094196323305e+05 9.889589690176433651e+05 1.023603174548725365e+06 1.054845002082023537e+06 1.043675597442770959e+06 8.577777729605792556e+05 6.947814090010338696e+05 5.748097333103371784e+05 4.871999387662702939e+05 4.211474445591443218e+05 3.694773430688253720e+05 3.277533717049736879e+05 2.932077270689968718e+05 2.640523932201942080e+05 2.390829422153390769e+05 2.174538662678140390e+05 1.985489004109587986e+05 1.819039392184110184e+05 1.671596669760230870e+05 1.540314413110218593e+05 1.422894951226178673e+05 1.317454950282633072e+05 1.222431319135894882e+05 1.136513436890204757e+05 1.058593054005055747e+05 9.877263886807527160e+04 9.231048614155418181e+04 8.640321004618461302e+04 8.099056038124012412e+04 7.602019301333081967e+04 7.144646126943174750e+04 6.722942075743290479e+04 6.333400373625764041e+04 5.972932973341283650e+04 5.638812672274444049e+04 5.328624276664626814e+04 5.040223220759073592e+04 4.771700367107865168e+04 4.521351959253190580e+04 4.287653889468732814e+04 4.069239595418723911e+04 3.864881020229500427e+04 3.673472167479187192e+04 3.494014861239923630e+04 3.325606385399592546e+04 3.167428729065929292e+04 3.018739208160619091e+04 2.878862269148760606e+04 2.747182310638670242e+04 2.623137383415463410e+04 2.506213650234743181e+04 2.395940504153272195e+04 2.291886258820124567e+04 2.193654336550307562e+04 2.100879890454764609e+04 2.013226805796508779e+04 1.930385033279010167e+04 1.852068213407347503e+04 1.778011556552166439e+04 1.707969948040563395e+04 1.641716251630290208e+04 1.579039788168946689e+04 1.519744969234415112e+04 1.463650068098630800e+04 1.410586112591216806e+04 1.360395886340700235e+04 1.312933026547291956e+04 1.268061207873657986e+04 1.225653403299208367e+04 1.185591213877603332e+04 1.147764260284350894e+04 1.112069629883390917e+04 1.078411373760196147e+04 1.046700048815948867e+04 1.016852300572811509e+04 9.887904828365903086e+03 9.624423107912347405e+03 9.377405444910875303e+03 9.146227000452607172e+03 8.930307860937286023e+03 8.729110634354168724e+03 8.542138259097448099e+03 8.368932008329133168e+03 8.209069674849568401e+03 8.062163923094121856e+03 7.927860796280745490e+03 7.805838368218088362e+03 7.695805530342883685e+03 7.597500905769950805e+03 7.510691883042401969e+03 7.435173763247080387e+03 7.370769014903285097e+03 7.317326631906320472e+03 7.274721590407250005e+03 7.242854401259318365e+03 7.221650755220143765e+03 7.211061258747053216e+03 7.211061258747053216e+03
9.060421444909492275e+05 9.060421444909492275e+05 9.112841644105414161e+05 9.211346959233786911e+05 9.336799871321091196e+05 9.440546494391981978e+05 9.411100420378110139e+05 9.029131397465215996e+05 8.013844259845402557e+05 6.905540520409904420e+05 5.933923010465439875e+05 5.138196475059289951e+05 4.495043247960801818e+05 3.971170042009781464e+05 3.538259583584243665e+05 3.175049240247778362e+05 2.866101601163349114e+05 2.600205639685031201e+05 2.369101819674781291e+05 2.166583487910098920e+05 1.987887792909864220e+05 1.829285766903318581e+05 1.687804349738809397e+05 1.561035058943484328e+05 1.446999828084954352e+05 1.344055007074503228e+05 1.250821236262855964e+05 1.166131177661012480e+05 1.088989806696438172e+05 1.018543712407863350e+05 9.540569843787769787e+04 8.948920063008229772e+04 8.404939693600876490e+04 7.903782517438048671e+04 7.441200391111202771e+04 7.013457202878103999e+04 6.617257055423055135e+04 6.249683964010857744e+04 5.908150958234043355e+04 5.590356921711107861e+04 5.294249841685583669e+04 5.017995399465454102e+04 4.759950033884214645e+04 4.518637768121325644e+04 4.292730215808944922e+04 4.081029282950161723e+04 3.882452163447689964e+04 3.696018292123010178e+04 3.520837973203611182e+04 3.356102446774575947e+04 3.201075192496933960e+04 3.055084300492976763e+04 2.917515764797018346e+04 2.787807576126983258e+04 2.665444508663858505e+04 2.549953510636478677e+04 2.440899621272924196e+04 2.337882347494407441e+04 2.240532442914073908e+04 2.148509039526228662e+04 2.061497089134238195e+04 1.979205077293071372e+04 1.901362977406855134e+04 1.827720416854047289e+04 1.758045030591929753e+04 1.692120980845402664e+04 1.629747624141093002e+04 1.570738309300437868e+04 1.514919292013391532e+04 1.462128753362321186e+04 1.412215911197559035e+04 1.365040214585452486e+04 1.320470612707640430e+04 1.278384890604074280e+04 1.238669065031371065e+04 1.201216834487411688e+04 1.165929078129102709e+04 1.132713398910907017e+04 1.101483706793428973e+04 1.072159838337891779e+04 1.044667209412270859e+04 1.018936498090260829e+04 9.949033551538814208e+03 9.725081398846778029e+03 9.516956790899999760e+03 9.324150475288601228e+03 9.146193681072687468e+03 8.982656303892214055e+03 8.833145261320178179e+03 8.697303006981856015e+03 8.574806193305894340e+03 8.465364473887577333e+03 8.368719437569086949e+03 8.284643667327061848e+03 8.212939917905967377e+03 8.153440407033472184e+03 8.106006215750771844e+03 8.070526794188584972e+03 8.046919569728148417e+03 8.035129655173321225e+03 8.035129655173321225e+03
8.728313400517902337e+05 8.728313400517902337e+05 8.749189334727969253e+05 8.781327886156053282e+05 8.801521773198944284e+05 8.765093530619530939e+05 8.597201061005025404e+05 8.198674191486128839e+05 7.513392877846212359e+05 6.717508063142399769e+05 5.946941774997737957e+05 5.260351990241382737e+05 4.669613086351449601e+05 4.166925472612196463e+05 3.738946931429809774e+05 3.372525535330715938e+05 3.056470643760744133e+05 2.781764162295886199e+05 2.541270667353199970e+05 2.329354075979369809e+05 2.141534773390193295e+05 1.974217235104572028e+05 1.824483518128130818e+05 1.689939356334097683e+05 1.568599756035898754e+05 1.458803503838137840e+05 1.359148663421604433e+05 1.268443327948716906e+05 1.185667536129185610e+05 1.109943440294592292e+05 1.040511647743259091e+05 9.767122402464476181e+04 9.179693855446258385e+04 8.637787424705509329e+04 8.136970654179473058e+04 7.673335599960114632e+04 7.243426474999997299e+04 6.844178733562657726e+04 6.472867522350340732e+04 6.127063857706087583e+04 5.804597217448998708e+04 5.503523489460453857e+04 5.222097416725140647e+04 4.958748834084890404e+04 4.712062115661340795e+04 4.480758351127780043e+04 4.263679849211871624e+04 4.059776632138825516e+04 3.868094638237750769e+04 3.687765394045196444e+04 3.517996953787276288e+04 3.358065934514563560e+04 3.207310500578869687e+04 3.065124172454505606e+04 2.930950352837919127e+04 2.804277478114979385e+04 2.684634716099053185e+04 2.571588141847312363e+04 2.464737332627279466e+04 2.363712331020868442e+04 2.268170931922366435e+04 2.177796254988412693e+04 2.092294569081802183e+04 2.011393339539338558e+04 1.934839472797222697e+04 1.862397736095231448e+04 1.793849332754822535e+04 1.728990615918034018e+04 1.667631925717761260e+04 1.609596536659747653e+04 1.554719703575785570e+04 1.502847795881666934e+04 1.453837511072566485e+04 1.407555159450772044e+04 1.363876012988710318e+04 1.322683712049375390e+04 1.283869724393366778e+04 1.247332851527080493e+04 1.212978777997836369e+04 1.180719659729561863e+04 1.150473747922383336e+04 1.122165045418946647e+04 1.095722992779151537e+04 1.071082181605579353e+04 1.048182092925444704e+04 1.026966858677652999e+04 1.007385044562829353e+04 9.893894527030019162e+03 9.729369427342882773e+03 9.579882701033571720e+03 9.445079404812780922e+03 9.324640793321286765e+03 9.218283157915650008e+03 9.125756801074465329e+03 9.046845140036632074e+03 8.981363934017395877e+03 8.929160630295898955e+03 8.890113825178570551e+03 8.864132836580858566e+03 8.851157385669281211e+03 8.851157385669281211e+03
8.375395465643017087e+05 8.375395465643017087e+05 8.373094656220809557e+05 8.359374155961867655e+05 8.314471197917843238e+05 8.206055472893386614e+05 7.990462383178439923e+05 7.625173210838015657e+05 7.103215493876280962e+05 6.495074938584660413e+05 5.875341326764785917e+05 5.291052953722730745e+05 4.763025068498530891e+05 4.295807276112504769e+05 3.886003401318501565e+05 3.527225635882706265e+05 3.212555606828034506e+05 2.935584183496932965e+05 2.690747836313197040e+05 2.473354858254711144e+05 2.279494306860497163e+05 2.105914339649452886e+05 1.949905073481356667e+05 1.809197706274543889e+05 1.681881786550677207e+05 1.566338843026134418e+05 1.461189580487723579e+05 1.365251900188356522e+05 1.277507406397705781e+05 1.197074523796327267e+05 1.123186765840862354e+05 1.055175033154830890e+05 9.924530852268567833e+04 9.345055300333803461e+04 8.808778279851352272e+04 8.311679206558472652e+04 7.850191805784789904e+04 7.421144432794398745e+04 7.021709320961516642e+04 6.649359241981062223e+04 6.301830355377194064e+04 5.977090253365215176e+04 5.673310387375118444e+04 5.388842205768695567e+04 5.122196447024142981e+04 4.872025125350880990e+04 4.637105821011056833e+04 4.416327949321097549e+04 4.208680733076327306e+04 4.013242645181289117e+04 3.829172123238188942e+04 3.655699387064428447e+04 3.492119214617210673e+04 3.337784552448692557e+04 3.192100854240879562e+04 3.054521055751573294e+04 2.924541107050401843e+04 2.801695993630523299e+04 2.685556187111345571e+04 2.575724474073070087e+04 2.471833118281878706e+04 2.373541317326622084e+04 2.280532919668849718e+04 2.192514372391558936e+04 2.109212873652998314e+04 2.030374707052469239e+04 1.955763737917658727e+04 1.885160053936846452e+04 1.818358734671698403e+04 1.755168736327769875e+04 1.695411879758673240e+04 1.638921931089684949e+04 1.585543765570686810e+04 1.535132606347158071e+04 1.487553330783196543e+04 1.442679837801076246e+04 1.400394470435424591e+04 1.360587488442575341e+04 1.323156586375508050e+04 1.288006453042135945e+04 1.255048368702634070e+04 1.224199836763652274e+04 1.195384247073679580e+04 1.168530568239274726e+04 1.143573066653764909e+04 1.120451050187807959e+04 1.099108634702219933e+04 1.079494531751719660e+04 1.061561856021333915e+04 1.045267951201214237e+04 1.030574233150888722e+04 1.017446049334459531e+04 1.005852553633116077e+04 9.957665957457995319e+03 9.871646244948131425e+03 9.800266044451596827e+03 9.743359453330178440e+03 9.700794438805596656e+03 9.672472376534029536e+03 9.658327706882055281e+03 9.658327706882055281e+03
8.021223467263306957e+05 8.021223467263306957e+05 8.003774731500975322e+05 7.961742322259269422e+05 7.880748295509449672e+05 7.739867869470162550e+05 7.515163343811079394e+05 7.188850144036493730e+05 6.764393875458089169e+05 6.276030774978840491e+05 5.765955146603344474e+05 5.267332256257033441e+05 4.800030413691603462e+05 4.373036267777152825e+05 3.988358051268979325e+05 3.644223343787274207e+05 3.337155069137502578e+05 3.063147413293360150e+05 2.818261001295333263e+05 2.598885119033399969e+05 2.401824620367981552e+05 2.224301919091631426e+05 2.063922426239513734e+05 1.918627801909600967e+05 1.786648476576497196e+05 1.666460260319177178e+05 1.556746606606261339e+05 1.456366603594881890e+05 1.364328153710027691e+05 1.279765613504800276e+05 1.201921167491319648e+05 1.130129286907633214e+05 1.063803722950916563e+05 1.002426579984746786e+05 9.455390985408962297e+04 8.927338483860647830e+04 8.436480892685193976e+04 7.979581030075589661e+04 7.553743373445257021e+04 7.156372312719731417e+04 6.785136149506652146e+04 6.437935960653915390e+04 6.112878595582293929e+04 5.808253198877676914e+04 5.522510748972737201e+04 5.254246185044608137e+04 5.002182761157510686e+04 4.765158321967392840e+04 4.542113240287415101e+04 4.332079795169175486e+04 4.134172801308783528e+04 3.947581327648515435e+04 3.771561365877513890e+04 3.605429328893256024e+04 3.448556275714695221e+04 3.300362773349203781e+04 3.160314318070673107e+04 3.027917248808030126e+04 2.902715094128222700e+04 2.784285301853053534e+04 2.672236306856922238e+04 2.566204898211538966e+04 2.465853851700752057e+04 2.370869797933501468e+04 2.280961299943550330e+04 2.195857117320492398e+04 2.115304636695595036e+04 2.039068450798247795e+04 1.966929070407262043e+04 1.898681755354084817e+04 1.834135452339876065e+04 1.773111828741418503e+04 1.715444392812139631e+04 1.660977691771258833e+04 1.609566580230944055e+04 1.561075552250367218e+04 1.515378131049457443e+04 1.472356311070804259e+04 1.431900047654265654e+04 1.393906790110075963e+04 1.358281054421109366e+04 1.324934032216604282e+04 1.293783233019392537e+04 1.264752157081835503e+04 1.237769996420478310e+04 1.212771361908469225e+04 1.189696034517423141e+04 1.168488739002132388e+04 1.149098938513891335e+04 1.131480648783903234e+04 1.115592270681599439e+04 1.101396440082053778e+04 1.088859894102761609e+04 1.077953352890653878e+04 1.068651416236257501e+04 1.060932474401033687e+04 1.054778632624483180e+04 1.050175648870254918e+04 1.047112884448435943e+04 1.045583267227542456e+04 1.045583267227542456e+04
7.678394973419528687e+05 7.678394973419528687e+05 7.652118896556241671e+05 7.594581668951093452e+05 7.496271793390637031e+05 7.344558433617770206e+05 7.126885843527247198e+05 6.836313388447357574e+05 6.478030025320725981e+05 6.071484540005421732e+05 5.642057724564489909e+05 5.212573615527718212e+05 4.799363590993266553e+05 4.412066006721628946e+05 4.055106317476183176e+05 3.729453895531772869e+05 3.434056798315881169e+05 3.166831785270340624e+05 2.925278899511559866e+05 2.706832071449612849e+05 2.509042012142988096e+05 2.329659712831828219e+05 2.166664391183903499e+05 2.018262294259831251e+05 1.882871539066828846e+05 1.759101356785630051e+05 1.645730137155498378e+05 1.541684431860845361e+05 1.446019853751154442e+05 1.357904165965715947e+05 1.276602534815933323e+05 1.201464775211317756e+05 1.131914364543953852e+05 1.067438994422551768e+05 1.007582444672425918e+05 9.519375875172938686e+04 9.001403552338265581e+04 8.518645286942573148e+04 8.068172258059529122e+04 7.647349875682523998e+04 7.253803753903963661e+04 6.885390067282854579e+04 6.540169673460355989e+04 6.216385479169416794e+04 5.912442605538950011e+04 5.626890974548285885e+04 5.358409993887779274e+04 5.105795064078120049e+04 4.867945671036098793e+04 4.643854860542719689e+04 4.432599919303272327e+04 4.233334111290580040e+04 4.045279338534385897e+04 3.867719613017811935e+04 3.699995241320988134e+04 3.541497636520496599e+04 3.391664682913156867e+04 3.249976588665161398e+04 3.115952169720398888e+04 2.989145515416673152e+04 2.869142992419128495e+04 2.755560548932858001e+04 2.648041285798648096e+04 2.546253265115995964e+04 2.449887530565464476e+04 2.358656316663727921e+04 2.272291426879914798e+04 2.190542762882257375e+04 2.113176989238112583e+04 2.039976319702182445e+04 1.970737412798457444e+04 1.905270365800142099e+04 1.843397797433702362e+04 1.784954010710149305e+04 1.729784228237257412e+04 1.677743893209503949e+04 1.628698030009439208e+04 1.582520659016584432e+04 1.539094260797925745e+04 1.498309285374486353e+04 1.460063702713389284e+04 1.424262591006451476e+04 1.390817759660561751e+04 1.359647404245853795e+04 1.330675790943980064e+04 1.303832968292070109e+04 1.279054504258183260e+04 1.256281246888773239e+04 1.235459106959974088e+04 1.216538861235578224e+04 1.199475975090608154e+04 1.184230443396107512e+04 1.170766648697884375e+04 1.159053235831700658e+04 1.149063002231150131e+04 1.140772803285664122e+04 1.134163472198390809e+04 1.129219753884718011e+04 1.125930252532638588e+04 1.124287392528141208e+04 1.124287392528141208e+04
7.354140520237231394e+05 7.354140520237231394e+05 7.323482646205229685e+05 7.258959503748482093e+05 7.154720639080632245e+05 7.003594086588039063e+05 6.799392347066343063e+05 6.540067236862551654e+05 6.230607916339222575e+05 5.883439446261591511e+05 5.514887587935776683e+05 5.140871701361227315e+05 4.774176325792714488e+05 4.423602504023576621e+05 4.094326213465136243e+05 3.788742630383278592e+05 3.507346236993066850e+05 3.249452266464464483e+05 3.013717637026228476e+05 2.798486824759615120e+05 2.602006751398115011e+05 2.422551940901258786e+05 2.258491758470205823e+05 2.108321966148819774e+05 1.970675224340392160e+05 1.844319770018506970e+05 1.728151907425264944e+05 1.621185650074896985e+05 1.522541427923445008e+05 1.431434910107200267e+05 1.347166481553822523e+05 1.269111614980086888e+05 1.196712212724625278e+05 1.129468902745728119e+05 1.066934227885922010e+05 1.008706647923814890e+05 9.544252685981232207e+04 9.037652140089627937e+04 8.564335647242973209e+04 8.121657913627060771e+04 7.707226211950049037e+04 7.318872827826846333e+04 6.954630805543629685e+04 6.612712574037941522e+04 6.291491088559888158e+04 5.989483171342149581e+04 5.705334776232638978e+04 5.437807938388147886e+04 5.185769201391991373e+04 4.948179341188406397e+04 4.724084229639031400e+04 4.512606700703580282e+04 4.312939299763028976e+04 4.124337811755742587e+04 3.946115476929616852e+04 3.777637814410970896e+04 3.618317983689512766e+04 3.467612622724229732e+04 3.325018108857558400e+04 3.190067195261395682e+04 3.062325981313789453e+04 2.941391180287156385e+04 2.826887652061060726e+04 2.718466172379956333e+04 2.615801413490890627e+04 2.518590113929852669e+04 2.426549417769072897e+04 2.339415365895932700e+04 2.256941523866471107e+04 2.178897732619949602e+04 2.105068969871630179e+04 2.035254311353671801e+04 1.969265982266939682e+04 1.906928490365092512e+04 1.848077833017924786e+04 1.792560771435286370e+04 1.740234165959592428e+04 1.690964366986076493e+04 1.644626656646914489e+04 1.601104736912183762e+04 1.560290260211326313e+04 1.522082399091124717e+04 1.486387451789522856e+04 1.453118480930173428e+04 1.422194982830043045e+04 1.393542585182127732e+04 1.367092771101515609e+04 1.342782627743919693e+04 1.320554617887240602e+04 1.300356373050591174e+04 1.282140506875088613e+04 1.265864447636210025e+04 1.251490288892150966e+04 1.238984657389194399e+04 1.228318597457485885e+04 1.219467471237190512e+04 1.212410874167896145e+04 1.207132565266484198e+04 1.203620411806026459e+04 1.201866348089900566e+04 1.201866348089900566e+04
7.051969932029087795e+05 7.051969932029087795e+05 7.019820465251349378e+05 6.953608243406401016e+05 6.849990818327651359e+05 6.705206512820845237e+05 6.516594809311421122e+05 6.284368318239485379e+05 6.012963299761794042e+05 5.711037858240638161e+05 5.389771526880958118e+05 5.060583423576108762e+05 4.733379378803466680e+05 4.415710279150702991e+05 4.112683774383454002e+05 3.827303564962769742e+05 3.560961258717298624e+05 3.313916314260279760e+05 3.085692049998121802e+05 2.875371807330802549e+05 2.681805903669295949e+05 2.503748672426670091e+05 2.339944790130463080e+05 2.189180689958274015e+05 2.050312867815987847e+05 1.922281401250439230e+05 1.804114317498124437e+05 1.694926519082817540e+05 1.593915649657171161e+05 1.500356397788589820e+05 1.413594158215668576e+05 1.333038598750314850e+05 1.258157446013002191e+05 1.188470656694715726e+05 1.123545051260783803e+05 1.062989433226296096e+05 1.006450185957327922e+05 9.536073218396760058e+04 9.041709501754106896e+04 8.578781268928946520e+04 8.144900489377581107e+04 7.737895577186187438e+04 7.355789183816807054e+04 6.996778444896762085e+04 6.659217405792184582e+04 6.341601378990049125e+04 6.042553012929937540e+04 5.760809876469975279e+04 5.495213385442846629e+04 5.244698917779214389e+04 5.008286981561099674e+04 4.785075316252935590e+04 4.574231821437405597e+04 4.374988219802745152e+04 4.186634372111002449e+04 4.008513171522990888e+04 3.840015953178596101e+04 3.680578362409093825e+04 3.529676631547602301e+04 3.386824221113757085e+04 3.251568786239334077e+04 3.123489433702478709e+04 3.002194238894891532e+04 2.887317995533848443e+04 2.778520173999495819e+04 2.675483066898650941e+04 2.577910102838999592e+04 2.485524311516862508e+04 2.398066925086484480e+04 2.315296102428318045e+04 2.236985764395900696e+04 2.162924529413771961e+04 2.092914739944735993e+04 2.026771571360701273e+04 1.964322215653453895e+04 1.905405133224084784e+04 1.849869366701286344e+04 1.797573911371018039e+04 1.748387137368628828e+04 1.702186259285281994e+04 1.658856849289019738e+04 1.618292390269408315e+04 1.580393865863462452e+04 1.545069384554062162e+04 1.512233835313636700e+04 1.481808572531437312e+04 1.453721128192840661e+04 1.427904949494306311e+04 1.404299160268105152e+04 1.382848344766090850e+04 1.363502352503452494e+04 1.346216123023239743e+04 1.330949529556042580e+04 1.317667240686511650e+04 1.306338599243113458e+04 1.296937517736170594e+04 1.289442389766486303e+04 1.283836016918451060e+04 1.280105550741598017e+04 1.278242449507119818e+04 1.278242449507119818e+04
6.773005312069405336e+05 6.773005312069405336e+05 6.741120876133142738e+05 6.676311681788346032e+05 6.576856313093440840e+05 6.441052795525297988e+05 6.268177157804721501e+05 6.059480829738798784e+05 5.818848102070327150e+05 5.552714355347176315e+05 5.269163957935960498e+05 4.976658363885061699e+05 4.682926722075260477e+05 4.394294330645343289e+05 4.115455197608408052e+05 3.849558071933613392e+05 3.598455439536371268e+05 3.363001531046110904e+05 3.143332608845839859e+05 2.939099998438974726e+05 2.749649297428876744e+05 2.574150708399891446e+05 2.411689692508092267e+05 2.261327532683581812e+05 2.122140114031544072e+05 1.993241471525224042e+05 1.873796982323825068e+05 1.763029698251540540e+05 1.660222255908469087e+05 1.564716028638794960e+05 1.475908636767156131e+05 1.393250552772276278e+05 1.316241279029695434e+05 1.244425401267319976e+05 1.177388704594494047e+05 1.114754462263065798e+05 1.056179957286389545e+05 1.001353264849459083e+05 9.499903031161297986e+04 9.018321475521396496e+04 8.566425965429100324e+04 8.142059720978274709e+04 7.743251375988140353e+04 7.368197140816322644e+04 7.015244769069297763e+04 6.682879155398045259e+04 6.369709402888936165e+04 6.074457211103591544e+04 5.795946448677774606e+04 5.533093787005018385e+04 5.284900283501294325e+04 5.050443814192438731e+04 4.828872265686100582e+04 4.619397406041751674e+04 4.421289362624012574e+04 4.233871642746879661e+04 4.056516639876553381e+04 3.888641574366675923e+04 3.729704823281802237e+04 3.579202598814426165e+04 3.436665939240082662e+04 3.301657980276906892e+04 3.173771478234019014e+04 3.052626559442947473e+04 2.937868673229283013e+04 2.829166728159554623e+04 2.726211393465184301e+04 2.628713549505851915e+04 2.536402872852887594e+04 2.449026543114329979e+04 2.366348059987336455e+04 2.288146160240368772e+04 2.214213825410642676e+04 2.144357371963769401e+04 2.078395616523944045e+04 2.016159109547034313e+04 1.957489431491929645e+04 1.902238546157952442e+04 1.850268206400454801e+04 1.801449407919703299e+04 1.755661887263505560e+04 1.712793660570785505e+04 1.672740599930502503e+04 1.635406044554743676e+04 1.600700444244873870e+04 1.568541032880933562e+04 1.538851529906911856e+04 1.511561867982535114e+04 1.486607945170453604e+04 1.463931400196918912e+04 1.443479409481382027e+04 1.425204504777877446e+04 1.409064410399840745e+04 1.395021899124465563e+04 1.383044665990206886e+04 1.373105219294641574e+04 1.365180788215829489e+04 1.359253246558942556e+04 1.355309052229580084e+04 1.353339202109863800e+04 1.353339202109863800e+04
6.516938426360316807e+05 6.516938426360316807e+05 6.486310183371660532e+05 6.424571579435263993e+05 6.331004655700118747e+05 6.205115196366113378e+05 6.047221539868032560e+05 5.859018295073868940e+05 5.643905162135045975e+05 5.406900300144888461e+05 5.154122639499111101e+05 4.892046003339869203e+05 4.626790195422252291e+05 4.363623318731880863e+05 4.106720366981187835e+05 3.859134654074439895e+05 3.622905921225236962e+05 3.399233872257825569e+05 3.188666255156769766e+05 2.991272017232128419e+05 2.806786390040134429e+05 2.634725021783362026e+05 2.474469672654072929e+05 2.325330183436640364e+05 2.186587807048870018e+05 2.057524498675244686e+05 1.937441949721777346e+05 1.825673313786855142e+05 1.721589836791705748e+05 1.624604007722459792e+05 1.534170387923436065e+05 1.449784935418246314e+05 1.370983392178252107e+05 1.297339124277790252e+05 1.228460678986714047e+05 1.163989234658281348e+05 1.103596057992757560e+05 1.046980040997556061e+05 9.938653610592271434e+04 9.439992879572910897e+04 8.971501485415823117e+04 8.531054511736382847e+04 8.116701665016821062e+04 7.726651577309441927e+04 7.359257515873637749e+04 7.013004401843275991e+04 6.686497036649692745e+04 6.378449435782164801e+04 6.087675172995823232e+04 5.813078643245928106e+04 5.553647158634944208e+04 5.308443798089112533e+04 5.076600937952267850e+04 4.857314396997109725e+04 4.649838135401452018e+04 4.453479452905959624e+04 4.267594636636320502e+04 4.091585013942695514e+04 3.924893370046072960e+04 3.767000694329621911e+04 3.617423222793122841e+04 3.475709747499950754e+04 3.341439166845576256e+04 3.214218253167948205e+04 3.093679616645901115e+04 2.979479846600782184e+04 2.871297813270817278e+04 2.768833114868442863e+04 2.671804656299858107e+04 2.579949347322904214e+04 2.493020909174847111e+04 2.410788779820657146e+04 2.333037108979355980e+04 2.259563834979846797e+04 2.190179836309650273e+04 2.124708151429898135e+04 2.062983261084447076e+04 2.004850427906420737e+04 1.950165088644445859e+04 1.898792294793841938e+04 1.850606197846044597e+04 1.805489575732649973e+04 1.763333397392794359e+04 1.724036422688087623e+04 1.687504835171560990e+04 1.653651905461501883e+04 1.622397683202884764e+04 1.593668715798407356e+04 1.567397792281730472e+04 1.543523710870580544e+04 1.521991068903364430e+04 1.502750073991118734e+04 1.485756375360806123e+04 1.470970914480920146e+04 1.458359794177765070e+04 1.447894165549773970e+04 1.439550132093949469e+04 1.433308670548816917e+04 1.429155568045512518e+04 1.427081375248827499e+04 1.427081375248827499e+04
6.282669760468098102e+05 6.282669760468098102e+05 6.253798500696271658e+05 6.195915158996400423e+05 6.108898623766503297e+05 5.992937986533306539e+05 5.848887266264107311e+05 5.678583374625807628e+05 5.485010111364864279e+05 5.272221467798134545e+05 5.045023969961073599e+05 4.808517542967756162e+05 4.567632989506497979e+05 4.326772326375551056e+05 4.089596601098763640e+05 3.858953338749132818e+05 3.636907895929818624e+05 3.424836984152890509e+05 3.223549208670717780e+05 3.033408366892187623e+05 2.854445540589017328e+05 2.686453728677561739e+05 2.529063697836311767e+05 2.381802430002231849e+05 2.244136733126127219e+05 2.115504864091581840e+05 1.995338823479667190e+05 1.883079593008534284e+05 1.778187151426548371e+05 1.680146699672268296e+05 1.588472181934718392e+05 1.502707912112652266e+05 1.422428899743531947e+05 1.347240306019240234e+05 1.276776338611692336e+05 1.210698804286257073e+05 1.148695472832422674e+05 1.090478358489104721e+05 1.035781990996769164e+05 9.843617240876087453e+04 9.359921119592196192e+04 8.904653721101401607e+04 8.475899444225610932e+04 8.071891505201329710e+04 7.690999534590759140e+04 7.331718151873654278e+04 6.992656475379216135e+04 6.672528515279215935e+04 6.370144392127831088e+04 6.084402321468845184e+04 5.814281305264046387e+04 5.558834472600257141e+04 5.317183014766902488e+04 5.088510662975617743e+04 4.872058660459162638e+04 4.667121184263184114e+04 4.473041175572599604e+04 4.289206540868502634e+04 4.115046689463289658e+04 3.950029376061766379e+04 3.793657819848554936e+04 3.645468074272396916e+04 3.505026624135061138e+04 3.371928188824432436e+04 3.245793712587763730e+04 3.126268524575600532e+04 3.013020653092685461e+04 2.905739280001177758e+04 2.804133322608940580e+04 2.707930131618660380e+04 2.616874294834520333e+04 2.530726537341837320e+04 2.449262709779995203e+04 2.372272857156174723e+04 2.299560361385524084e+04 2.230941151408843143e+04 2.166242975340162957e+04 2.105304729635316471e+04 2.047975840761988366e+04 1.994115695287919880e+04 1.943593114700845763e+04 1.896285871632841372e+04 1.852080244480699548e+04 1.810870607712455239e+04 1.772559055405777326e+04 1.737055055814735533e+04 1.704275134970567160e+04 1.674142587524564442e+04 1.646587213225482628e+04 1.621545077580357065e+04 1.598958295411847575e+04 1.578774836154440345e+04 1.560948349869060257e+04 1.545438013071472596e+04 1.532208393579395124e+04 1.521229333697496077e+04 1.512475851143776163e+04 1.505928057229760816e+04 1.501571091878223342e+04 1.499395075170603741e+04 1.499395075170603741e+04
6.068713342428210890e+05 6.068713342428210890e+05 6.041798886401064228e+05 5.988028290235720342e+05 5.907619012191502843e+05 5.801125904363256413e+05 5.669650660950409947e+05 5.515018562944274163e+05 5.339855910885125631e+05 5.147523991867781151e+05 4.941912061967190821e+05 4.727141399487670860e+05 4.507255527707868605e+05 4.285961097404583124e+05 4.066454350393337663e+05 3.851338041750391712e+05 3.642613742599892430e+05 3.441726257979932707e+05 3.249637280871366384e+05 3.066910154646621668e+05 2.893793502613840974e+05 2.730296702913599438e+05 2.576254064630493522e+05 2.431377080451849906e+05 2.295295561221404350e+05 2.167589127626820118e+05 2.047810729786766751e+05 1.935503797275089310e+05 1.830214429201563180e+05 1.731499799956585339e+05 1.638933726564547396e+05 1.552110139627059107e+05 1.470645028939306503e+05 1.394177296944876725e+05 1.322368844731102290e+05 1.254904131517662317e+05 1.191489384793021309e+05 1.131851590147758689e+05 1.075737353864904580e+05 1.022911704577054334e+05 9.731568805285452981e+04 9.262711344446925796e+04 8.820675773821330222e+04 8.403730752112492337e+04 8.010272058138715511e+04 7.638812811030799639e+04 7.287974351705543813e+04 6.956477779271791223e+04 6.643136122962181980e+04 6.346847121704986785e+04 6.066586578333452053e+04 5.801402252676741045e+04 5.550408256742091180e+04 5.312779915349950170e+04 5.087749056528305664e+04 4.874599697464454948e+04 4.672664093630723801e+04 4.481319120691727585e+04 4.299982960895317956e+04 4.128112067723022483e+04 3.965198384629071370e+04 3.810766795656852628e+04 3.664372787590024382e+04 3.525600305047935399e+04 3.394059781572713837e+04 3.269386331269474977e+04 3.151238086963120077e+04 3.039294672116424772e+04 2.933255794935828089e+04 2.832839954159951594e+04 2.737783247014779045e+04 2.647838270700412977e+04 2.562773109592988840e+04 2.482370401075047630e+04 2.406426473576599528e+04 2.334750551013264339e+04 2.267164018354559812e+04 2.203499743550624407e+04 2.143601451496207665e+04 2.087323146118269869e+04 2.034528577038353251e+04 1.985090747601194016e+04 1.938891461359072855e+04 1.895820904379719286e+04 1.855777260999034479e+04 1.818666360861072826e+04 1.784401355303564560e+04 1.752902421331766163e+04 1.724096491602392416e+04 1.697917008995373180e+04 1.674303704501251195e+04 1.653202397287190615e+04 1.634564815928541611e+04 1.618348439914793198e+04 1.604516360642778454e+04 1.593037161217273751e+04 1.583884814474162158e+04 1.577038598732384708e+04 1.572483030874439828e+04 1.570207816429790910e+04 1.570207816429790910e+04
5.873442034737034701e+05 5.873442034737034701e+05 5.848507231584861875e+05 5.798805123985332903e+05 5.724731994207971729e+05 5.627019107276998693e+05 5.506853051971943351e+05 5.365970460573175224e+05 5.206688588396962150e+05 5.031848140490827500e+05 4.844670698565889033e+05 4.648559418292414630e+05 4.446885486942357966e+05 4.242799863292905502e+05 4.039095471222678316e+05 3.838128017972178059e+05 3.641790325546507956e+05 3.451527802085931180e+05 3.268380756578318542e+05 3.093040762345325784e+05 2.925911315614134655e+05 2.767166295933517977e+05 2.616802515128745581e+05 2.474684699026098242e+05 2.340582603603135503e+05 2.214200761581735278e+05 2.095201748021576786e+05 1.983223985918092658e+05 1.877895092812131334e+05 1.778841671043558163e+05 1.685696314449385391e+05 1.598102470334650425e+05 1.515717671704078093e+05 1.438215547215257538e+05 1.365286926618863654e+05 1.296640286653752846e+05 1.232001724426180735e+05 1.171114599847713544e+05 1.113738953434954747e+05 1.059650778628472908e+05 1.008641207041792222e+05 9.605156492800853448e+04 9.150929220430638816e+04 8.722043832496077812e+04 8.316930902006413089e+04 7.934129907901628758e+04 7.572281540730278357e+04 7.230120437795938051e+04 6.906468363978473644e+04 6.600227840306807775e+04 6.310376212479339301e+04 6.035960144756690715e+04 5.776090520253608702e+04 5.529937725955088536e+04 5.296727299372795824e+04 5.075735913241784147e+04 4.866287674808925658e+04 4.667750716857659427e+04 4.479534058526819717e+04 4.301084715064099873e+04 4.131885036885760201e+04 3.971450259566421300e+04 3.819326247662617243e+04 3.675087416537290119e+04 3.538334817562058015e+04 3.408694373240277491e+04 3.285815249892551219e+04 3.169368356579782994e+04 3.059044959900223694e+04 2.954555405187671931e+04 2.855627935469900694e+04 2.762007600298735269e+04 2.673455247269761094e+04 2.589746589681590922e+04 2.510671344378041613e+04 2.436032434347568415e+04 2.365645251144193026e+04 2.299336972640228487e+04 2.236945932027149320e+04 2.178321034353394498e+04 2.123321217222268388e+04 2.071814952583479680e+04 2.023679786834768674e+04 1.978801916699071808e+04 1.937075798588986436e+04 1.898403789371572930e+04 1.862695816653310249e+04 1.829869076878818305e+04 1.799847759707022851e+04 1.772562797277370555e+04 1.747951637123668843e+04 1.725958037620525283e+04 1.706531884971619729e+04 1.689629030858745682e+04 1.675211149986157034e+04 1.663245616842288291e+04 1.653705401105521378e+04 1.646568981207109027e+04 1.641820275655643491e+04 1.639448591799087080e+04 1.639448591799087080e+04
5.695229372921510367e+05 5.695229372921510367e+05 5.672198495805750135e+05 5.626358098129521823e+05 5.558186823335096706e+05 5.468481573351125699e+05 5.358423684291876853e+05 5.229625786926005967e+05 5.084136765079725883e+05 4.924391730100439163e+05 4.753108812107252888e+05 4.573149262617164059e+05 4.387365788897065795e+05 4.198463727456261404e+05 4.008892614961863146e+05 3.820776090730619035e+05 3.635879516535380390e+05 3.455609099783890997e+05 3.281033859679076704e+05 3.112921734542426420e+05 2.951782482047337689e+05 2.797911913318900624e+05 2.651433862865339615e+05 2.512337843323459965e+05 2.380511478399985936e+05 2.255767573202257336e+05 2.137866141467545531e+05 2.026531947219520807e+05 1.921468207968314528e+05 1.822367105254516937e+05 1.728917697089511785e+05 1.640811752770765452e+05 1.557747950330155436e+05 1.479434799927690765e+05 1.405592587508688739e+05 1.335954573760780622e+05 1.270267633931508171e+05 1.208292483623308071e+05 1.149803603125098598e+05 1.094588946932755498e+05 1.042449504682045663e+05 9.931987637207996158e+04 9.466621110975449847e+04 9.026762031023485179e+04 8.610883230630295293e+04 8.217557423973304685e+04 7.845450955658378371e+04 7.493317762594095257e+04 7.159993596569579677e+04 6.844390537128581491e+04 6.545491810416233056e+04 6.262346919443672232e+04 5.994067083821159031e+04 5.739820981772262166e+04 5.498830783652788523e+04 5.270368463843959762e+04 5.053752376460508822e+04 4.848344079587842862e+04 4.653545392530089885e+04 4.468795670693300053e+04 4.293569283126309892e+04 4.127373278314344498e+04 3.969745224517307361e+04 3.820251211695373786e+04 3.678484002865078946e+04 3.544061323529201763e+04 3.416624278612776834e+04 3.295835887118043320e+04 3.181379725438651803e+04 3.072958670986310244e+04 2.970293738442744507e+04 2.873123001570957786e+04 2.781200594100147282e+04 2.694295783740258412e+04 2.612192113876861185e+04 2.534686607962611015e+04 2.461589032043684711e+04 2.392721211251541536e+04 2.327916396453310517e+04 2.267018677576884147e+04 2.209882440440975188e+04 2.156371864189288317e+04 2.106360456687679471e+04 2.059730625481653624e+04 2.016373282116729024e+04 1.976187477837132246e+04 1.939080068846288486e+04 1.904965409494238338e+04 1.873765071901408010e+04 1.845407590683193848e+04 1.819828231564537055e+04 1.796968782803002978e+04 1.776777368455405303e+04 1.759208282631093607e+04 1.744221843976535820e+04 1.731784269736511851e+04 1.721867568825473791e+04 1.714449453431725124e+04 1.709513268764725581e+04 1.707047940635409395e+04 1.707047940635409395e+04
5.532526636540270410e+05 5.532526636540270410e+05 5.511273585251145996e+05 5.469009610957731493e+05 5.406239016292736633e+05 5.323761349736880511e+05 5.222704974304753705e+05 5.104546107849300024e+05 4.971099979147980921e+05 4.824476712990970118e+05 4.667003302500940044e+05 4.501121552660192829e+05 4.329277107403393602e+05 4.153815174324942054e+05 3.976895061282297829e+05 3.800430150296504144e+05 3.626054509196800063e+05 3.455113290420043631e+05 3.288671813094364479e+05 3.127537559228484170e+05 2.972289741429236019e+05 2.823312100721869501e+05 2.680825766943827039e+05 2.544920109652763640e+05 2.415580403058026277e+05 2.292711791956190136e+05 2.176159495543905359e+05 2.065725462867644965e+05 1.961181842531143338e+05 1.862281690330701822e+05 1.768767343735474278e+05 1.680376865031567577e+05 1.596848911609916831e+05 1.517926342668191064e+05 1.443358822740286414e+05 1.372904637348892866e+05 1.306331896269459685e+05 1.243419265824140166e+05 1.183956343107733846e+05 1.127743761558358237e+05 1.074593098178341606e+05 1.024326637314083200e+05 9.767770335940894438e+04 9.317869068416144000e+04 8.892083940475137206e+04 8.489026774057741568e+04 8.107395026495282946e+04 7.745966982104518684e+04 7.403597028365414008e+04 7.079211070750467479e+04 6.771802123118874442e+04 6.480426097512933484e+04 6.204197807264986477e+04 5.942287189899110672e+04 5.693915750795452186e+04 5.458353224577790388e+04 5.234914448331270978e+04 5.022956438791916298e+04 4.821875664363274700e+04 4.631105502058449929e+04 4.450113869070817600e+04 4.278401018597464281e+04 4.115497489654717356e+04 3.960962200894648413e+04 3.814380678806258948e+04 3.675363411128429289e+04 3.543544316785768751e+04 3.418579324167583400e+04 3.300145050079026987e+04 3.187937572208616257e+04 3.081671288445766186e+04 2.981077856865524518e+04 2.885905210650378285e+04 2.795916642657176999e+04 2.710889954738508459e+04 2.630616667316733219e+04 2.554901285061105955e+04 2.483560614857408291e+04 2.416423132563298714e+04 2.353328395330363855e+04 2.294126496550010779e+04 2.238677560709630416e+04 2.186851275685160363e+04 2.138526460210379082e+04 2.093590664444567665e+04 2.051939801753460051e+04 2.013477809980902384e+04 1.978116340645921082e+04 1.945774474639407345e+04 1.916378463139055748e+04 1.889861492575518787e+04 1.866163472607585936e+04 1.845230846174391263e+04 1.827016420791456039e+04 1.811479220360391992e+04 1.798584356853494683e+04 1.788302921323952614e+04 1.780611893776579745e+04 1.775494071516113036e+04 1.772938015671976973e+04 1.772938015671976973e+04
5.383900546497199684e+05 5.383900546497199684e+05 5.364277703164154664e+05 5.325275792565468000e+05 5.267392653380471747e+05 5.191396328358806204e+05 5.098339264626943041e+05 4.989561422383361496e+05 4.866674381811933708e+05 4.731522275091140764e+05 4.586120618513711961e+05 4.432579214471183950e+05 4.273018587753726752e+05 4.109490071590503794e+05 3.943907905863104388e+05 3.777998541850419715e+05 3.613268914568858454e+05 3.450992604082579492e+05 3.292210964595260448e+05 3.137745467251766822e+05 2.988217462369526620e+05 2.844072027416854980e+05 2.705603263241706882e+05 2.572979139386960305e+05 2.446264653743834060e+05 2.325442609010789893e+05 2.210431707515607413e+05 2.101101939905329200e+05 1.997287415394792042e+05 1.898796877010941680e+05 1.805422187361320248e+05 1.716945077352182998e+05 1.633142435849062458e+05 1.553790392340419639e+05 1.478667413793742599e+05 1.407556605233025912e+05 1.340247373529904871e+05 1.276536586744953529e+05 1.216229337589364441e+05 1.159139399252457661e+05 1.105089444754710421e+05 1.053911086810070556e+05 1.005444783538293414e+05 9.595396458840451669e+04 9.160531749244620732e+04 8.748509510707127629e+04 8.358062922222213820e+04 7.987998939902662823e+04 7.637194619723613141e+04 7.304593435852622497e+04 6.989201650107580645e+04 6.690084772799437633e+04 6.406364143271993089e+04 6.137213649205638649e+04 5.881856596607603569e+04 5.639562736977072200e+04 5.409645454012176197e+04 5.191459109161105152e+04 4.984396543070780172e+04 4.787886728385298920e+04 4.601392568237431260e+04 4.424408834060304798e+04 4.256460235915914382e+04 4.097099618341671157e+04 3.945906274680151546e+04 3.802484372949376848e+04 3.666461486494524434e+04 3.537487222902341455e+04 3.415231944951391779e+04 3.299385577680551796e+04 3.189656495985085348e+04 3.085770487487089122e+04 2.987469785751047675e+04 2.894512169243286917e+04 2.806670121745669894e+04 2.723730050236679017e+04 2.645491556537438373e+04 2.571766759296369128e+04 2.502379663135510054e+04 2.437165572035708101e+04 2.375970544246224745e+04 2.318650886235480357e+04 2.265072683385690470e+04 2.215111365321537960e+04 2.168651303941249716e+04 2.125585442373017213e+04 2.085814953235799476e+04 2.049248924722839729e+04 2.015804073156811137e+04 1.985404480793040784e+04 1.957981357760109677e+04 1.933472827137663990e+04 1.911823732278088573e+04 1.892985465568252039e+04 1.876915817932072605e+04 1.863578848452354941e+04 1.852944773582342168e+04 1.844989875498828405e+04 1.839696429221565995e+04 1.837052648208804749e+04 1.837052648208804749e+04
5.248047727060904726e+05 5.248047727060904726e+05 5.229902692924400326e+05 5.193847534517754102e+05 5.140356479576039710e+05 5.070149137905656826e+05 4.984193432422379265e+05 4.883699871760788374e+05 4.770102510817818693e+05 4.645024294767900719e+05 4.510227689771714504e+05 4.367554618770557572e+05 4.218861822995404946e+05 4.065958349617765052e+05 3.910550980702968081e+05 3.754201561388921109e+05 3.598298002477787668e+05 3.444038770607595216e+05 3.292429256196514471e+05 3.144287612641828018e+05 3.000257414181648055e+05 2.860824630305382889e+05 2.726336796214378555e+05 2.597022733788808691e+05 2.473011649956819310e+05 2.354350853909287544e+05 2.241021667389255890e+05 2.132953350384517980e+05 2.030035036794620682e+05 1.932125784961322788e+05 1.839062911127111292e+05 1.750668803306876216e+05 1.666756419712749775e+05 1.587133668212461926e+05 1.511606847466162289e+05 1.439983310620453267e+05 1.372073491525397403e+05 1.307692413098589459e+05 1.246660778655404429e+05 1.188805730230588961e+05 1.133961343269894569e+05 1.081968914533833449e+05 1.032677089465144818e+05 9.859418664244469255e+04 9.416265078699788137e+04 8.996013825304224156e+04 8.597437576896783139e+04 8.219375566931620415e+04 7.860730935371718078e+04 7.520467937813683238e+04 7.197609089197208232e+04 6.891232296585202857e+04 6.600468022057540657e+04 6.324496506085489091e+04 6.062545073307064013e+04 5.813885535991608049e+04 5.577831705287478690e+04 5.353737016320462862e+04 5.140992270119322347e+04 4.939023492976468697e+04 4.747289912095844193e+04 4.565282045073352492e+04 4.392519899822909792e+04 4.228551280914453673e+04 4.072950197874988953e+04 3.925315370750294824e+04 3.785268828120585385e+04 3.652454592744617548e+04 3.526537450074055960e+04 3.407201795000304992e+04 3.294150552353799867e+04 3.187104166858669123e+04 3.085799658456928955e+04 2.989989739118817306e+04 2.899441987483694902e+04 2.813938077885617895e+04 2.733273060537001584e+04 2.657254689850230716e+04 2.585702798078311389e+04 2.518448711655792795e+04 2.455334707790487300e+04 2.396213509056882322e+04 2.340947813886681251e+04 2.289409861020792596e+04 2.241481026136629589e+04 2.197051449003989546e+04 2.156019689653711976e+04 2.118292412173185949e+04 2.083784094858778190e+04 2.052416765570054486e+04 2.024119761231013763e+04 1.998829510535691588e+04 1.976489338994941136e+04 1.957049295571971015e+04 1.940466000223149240e+04 1.926702511757298998e+04 1.915728215501234445e+04 1.907518730339172907e+04 1.902055834766840781e+04 1.899327411679093348e+04 1.899327411679093348e+04
5.123795952595258132e+05 5.123795952595258132e+05 5.106980827951137908e+05 5.073571327860538731e+05 5.024009904116060934e+05 4.958960935358622228e+05 4.879307320867995149e+05 4.786140151791980607e+05 4.680738770918274531e+05 4.564540022307765321e+05 4.439097485351336654e+05 4.306033428037503618e+05 4.166987568823747570e+05 4.023567191348729539e+05 3.877302704322092468e+05 3.729611629083075095e+05 3.581772595914604026e+05 3.434909580044387258e+05 3.289985541106315795e+05 3.147803944500075304e+05 3.009016329944034806e+05 2.874134076989602181e+05 2.743542701100955019e+05 2.617517304071259277e+05 2.496238126106293348e+05 2.379805455059508386e+05 2.268253413897777209e+05 2.161562359728101292e+05 2.059669786592104065e+05 1.962479735697896394e+05 1.869870789366225072e+05 1.781702767640756210e+05 1.697822267373821232e+05 1.618067189388049301e+05 1.542270395326549769e+05 1.470262625962412567e+05 1.401874799838996259e+05 1.336939797052656650e+05 1.275293818987778650e+05 1.216777401605878549e+05 1.161236147868425178e+05 1.108521234207814850e+05 1.058489736674806918e+05 1.011004814420150506e+05 9.659357814071743633e+04 9.231580915644878405e+04 8.825532578422407096e+04 8.440087216977121716e+04 8.074176862865065050e+04 7.726789239664586785e+04 7.396965665368408372e+04 7.083798848560702754e+04 6.786430630345529062e+04 6.504049712294250639e+04 6.235889401241843734e+04 5.981225394181066076e+04 5.739373620435029443e+04 5.509688153461088223e+04 5.291559200808512833e+04 5.084411177740427956e+04 4.887700867672909226e+04 4.700915670762268564e+04 4.523571940568793798e+04 4.355213407673555776e+04 4.195409688341594301e+04 4.043754875756012189e+04 3.899866210958945157e+04 3.763382830376078346e+04 3.633964586647724354e+04 3.511290939425248507e+04 3.395059912779301521e+04 3.284987115909868589e+04 3.180804823927782854e+04 3.082261115574588621e+04 2.989119064873764728e+04 2.901155983836376981e+04 2.818162713484484993e+04 2.739942960604052132e+04 2.666312677779166188e+04 2.597099484409373326e+04 2.532142126551816182e+04 2.471289973569340873e+04 2.414402549699431256e+04 2.361349098789773416e+04 2.312008180571868070e+04 2.266267296960552267e+04 2.224022546985622466e+04 2.185178309067808732e+04 2.149646949459317329e+04 2.117348555765193669e+04 2.088210694559902549e+04 2.062168192206644744e+04 2.039162938067640061e+04 2.019143709389054857e+04 2.002066017211824146e+04 1.987891972751118738e+04 1.976590173752363626e+04 1.968135610413406175e+04 1.962509590527398177e+04 1.959699683577200994e+04 1.959699683577200994e+04
5.010098281227099360e+05 5.010098281227099360e+05 4.994474433617170434e+05 4.963431134493706049e+05 4.917376170995275606e+05 4.856917700769026414e+05 4.782857490753203165e+05 4.696178496263592388e+05 4.598025281655636500e+05 4.489676741771786474e+05 4.372511841678767232e+05 4.247970319496713928e+05 4.117511176751433522e+05 3.982572115647249157e+05 3.844532847427609959e+05 3.704684517198123503e+05 3.564206578074892168e+05 3.424151515625160537e+05 3.285437034411910572e+05 3.148844759126674035e+05 3.015024190790541470e+05 2.884500562767093070e+05 2.757685306358036469e+05 2.634888001284553902e+05 2.516328899790273572e+05 2.402151335050156631e+05 2.292433529551675019e+05 2.187199493530789041e+05 2.086428842571719433e+05 1.990065467984208954e+05 1.898025067612884450e+05 1.810201593703117105e+05 1.726472703902034555e+05 1.646704316481853602e+05 1.570754375686814310e+05 1.498475931126521027e+05 1.429719628925491415e+05 1.364335703776115552e+05 1.302175551430434862e+05 1.243092951381395396e+05 1.186945000078493904e+05 1.133592806312220928e+05 1.082901992550002760e+05 1.034743039064712357e+05 9.889915016512041620e+04 9.455281285246745392e+04 9.042388975593059149e+04 8.650149912740147556e+04 8.277527238179213600e+04 7.923534315738570876e+04 7.587233368019504996e+04 7.267733919298983528e+04 6.964191105944983428e+04 6.675803903046643245e+04 6.401813305837439839e+04 6.141500496209013363e+04 5.894185017869318108e+04 5.659222978227936255e+04 5.436005290650606912e+04 5.223955967162638990e+04 5.022530468814323831e+04 4.831214118631723977e+04 4.649520580265020544e+04 4.476990404020355345e+04 4.313189640838357445e+04 4.157708523931061063e+04 4.010160217123127950e+04 3.870179628457604122e+04 3.737422287273557595e+04 3.611563282699183037e+04 3.492296261351561407e+04 3.379332481923165324e+04 3.272399924295865640e+04 3.171242450809878210e+04 3.075619017348275884e+04 2.985302931937204994e+04 2.900081158639538262e+04 2.819753664586439845e+04 2.744132808096564258e+04 2.673042765909987065e+04 2.606318997680641405e+04 2.543807745954614802e+04 2.485365569978958956e+04 2.430858911773143700e+04 2.380163693003103617e+04 2.333164941292430012e+04 2.289756444697442930e+04 2.249840433173632118e+04 2.213327285937835040e+04 2.180135263730680163e+04 2.150190265060394813e+04 2.123425605590438136e+04 2.099781819919031113e+04 2.079206485063569198e+04 2.061654065055320825e+04 2.047085776099752184e+04 2.035469471848445755e+04 2.026779548386119859e+04 2.020996868608289878e+04 2.018108705729674693e+04 2.018108705729674693e+04
4.906023721087332815e+05 4.906023721087332815e+05 4.891463875610733521e+05 4.862531829365717131e+05 4.819600820931693888e+05 4.763224989285821212e+05 4.694131040353762801e+05 4.613205196138297906e+05 4.521474647861084086e+05 4.420083360949024209e+05 4.310262886756859953e+05 4.193299622992720106e+05 4.070500539589566179e+05 3.943159624049614649e+05 3.812527173098876956e+05 3.679783630653434666e+05 3.546019067297033616e+05 3.412218748009118135e+05 3.279254653921006829e+05 3.147882379809072008e+05 3.018742547650592751e+05 2.892365749275169801e+05 2.769180028480442706e+05 2.649519997313742060e+05 2.533636816044203297e+05 2.421708421580262657e+05 2.313849543011559290e+05 2.210121181983082206e+05 2.110539352814079903e+05 2.015082970577163505e+05 1.923700845801652467e+05 1.836317794831862266e+05 1.752839908645915566e+05 1.673159043684651551e+05 1.597156609192432079e+05 1.524706729497773340e+05 1.455678858779194125e+05 1.389939921895193984e+05 1.327356049078616779e+05 1.267793965625315614e+05 1.211122090770798968e+05 1.157211393160554580e+05 1.105936043935940543e+05 1.057173902614257240e+05 1.010806865704144438e+05 9.667211033755756216e+04 9.248072054726077477e+04 8.849602546776333475e+04 8.470798416573731811e+04 8.110700344843011408e+04 7.768393124844486010e+04 7.443004728552207234e+04 7.133705168847675668e+04 6.839705213387979893e+04 6.560254995287909696e+04 6.294642557013782789e+04 6.042192356660257792e+04 5.802263759816258244e+04 5.574249535317061964e+04 5.357574369154746091e+04 5.151693407530958939e+04 4.956090837349087815e+04 4.770278510268152604e+04 4.593794614683098189e+04 4.426202398574724066e+04 4.267088945047351444e+04 4.116064001470692165e+04 3.972758862429563305e+04 3.836825306146735966e+04 3.707934583603454666e+04 3.585776459278968105e+04 3.470058302181586623e+04 3.360504225683440018e+04 3.256854274556908422e+04 3.158863657539428823e+04 3.066302023722646845e+04 2.978952781053624858e+04 2.896612455252088330e+04 2.819090087480248621e+04 2.746206669144184707e+04 2.677794612268690980e+04 2.613697253936111520e+04 2.553768393364703297e+04 2.497871860258753441e+04 2.445881113139095032e+04 2.397678866445746462e+04 2.353156745267809310e+04 2.312214966635886231e+04 2.274762046392417324e+04 2.240714530714463763e+04 2.209996751454661353e+04 2.182540604516642998e+04 2.158285350573112009e+04 2.137177437483397443e+04 2.119170343849876008e+04 2.104224443209194578e+04 2.092306888426611476e+04 2.083391515918158620e+04 2.077458769398360164e+04 2.074495642902135660e+04 2.074495642902135660e+04
4.810746557479063049e+05 4.810746557479063049e+05 4.797135338450765121e+05 4.770084390120000462e+05 4.729934144123236765e+05 4.677188545232345932e+05 4.612506191697905306e+05 4.536687480127902236e+05 4.450657409005874651e+05 4.355444113144385046e+05 4.252153727742482442e+05 4.141942692071921192e+05 4.025988980382635491e+05 3.905463911034031771e+05 3.781506111278593307e+05 3.655198937886988278e+05 3.527552244473597384e+05 3.399488929669448407e+05 3.271836271725874976e+05 3.145321707332725637e+05 3.020572471070557949e+05 2.898118379109021043e+05 2.778397002290477394e+05 2.661760506944876979e+05 2.548483522098229441e+05 2.438771497026893776e+05 2.332769125933388423e+05 2.230568524672961794e+05 2.132216940544903919e+05 2.037723856630258088e+05 1.947067416196168342e+05 1.860200141256607312e+05 1.777053954399744689e+05 1.697544536774739390e+05 1.621575070015365491e+05 1.549039417987497873e+05 1.479824807420204743e+05 1.413814066196799977e+05 1.350887475525201298e+05 1.290924288251599210e+05 1.233803960884626576e+05 1.179407141914242820e+05 1.127616454049393215e+05 1.078317103264795442e+05 1.031397343154804985e+05 9.867488191022675892e+04 9.442668132072030858e+04 9.038504077728161064e+04 8.654025824012227531e+04 8.288302573688422854e+04 7.940442939069593558e+04 7.609594602595751348e+04 7.294943709013372427e+04 6.995714050347750890e+04 6.711166094191117736e+04 6.440595896854547027e+04 6.183333935396438756e+04 5.938743886237368133e+04 5.706221372807939042e+04 5.485192700304443861e+04 5.275113591977321630e+04 5.075467938384507579e+04 4.885766568539716536e+04 4.705546049844306981e+04 4.534367522012819973e+04 4.371815568822808564e+04 4.217497130404754716e+04 4.071040457875299762e+04 3.932094111392905324e+04 3.800326002120108751e+04 3.675422478120916639e+04 3.557087453851786995e+04 3.445041582619628025e+04 3.339021471173883037e+04 3.238778935425056261e+04 3.144080296183924656e+04 3.054705713723084045e+04 2.970448559924618894e+04 2.891114826746565814e+04 2.816522569744847351e+04 2.746501385389704956e+04 2.680891920945524180e+04 2.619545415716305797e+04 2.562323272496625941e+04 2.509096658117501283e+04 2.459746132029123692e+04 2.414161301914852447e+04 2.372240505388056408e+04 2.333890516886037221e+04 2.299026278928824831e+04 2.267570656976251848e+04 2.239454217177607643e+04 2.214615026361781929e+04 2.192998473689801904e+04 2.174557113432749247e+04 2.159250528420176488e+04 2.147045213746551599e+04 2.137914480385883144e+04 2.131838378433422258e+04 2.128803639734145327e+04 2.128803639734145327e+04
4.723535543825774221e+05 4.723535543825774221e+05 4.710769155865738867e+05 4.685392822975257877e+05 4.647716709815523354e+05 4.598199085155099165e+05 4.537437530940645956e+05 4.466156722898135195e+05 4.385192692802413367e+05 4.295473768571945257e+05 4.197998737945777248e+05 4.093813118086564937e+05 3.983984662667541998e+05 3.869579347884317976e+05 3.751639031768664718e+05 3.631161794438087963e+05 3.509085683268635185e+05 3.386276260404292261e+05 3.263518031749231159e+05 3.141509565486316569e+05 3.020861906586807454e+05 2.902099768258289550e+05 2.785664926177074667e+05 2.671921243587919162e+05 2.561160798823659134e+05 2.453610655669188709e+05 2.349439897778888699e+05 2.248766630768004979e+05 2.151664732659044676e+05 2.058170200991491147e+05 1.968287001264215796e+05 1.881992366259220871e+05 1.799241529984835361e+05 1.719971904824061785e+05 1.644106727549240459e+05 1.571558210731615545e+05 1.502230242167825345e+05 1.436020677501533355e+05 1.372823271260886686e+05 1.312529289868651831e+05 1.255028847442955739e+05 1.200212001853659312e+05 1.147969644872323988e+05 1.098194216587173287e+05 1.050780270703712595e+05 1.005624914014349633e+05 9.626281402550684288e+04 9.216930757919863390e+04 8.827261521082217223e+04 8.456372178759922099e+04 8.103396014854642272e+04 7.767501332409154566e+04 7.447891349954569887e+04 7.143803837620696868e+04 6.854510547789002885e+04 6.579316486057873408e+04 6.317559060609395237e+04 6.068607141566373321e+04 5.831860056427287054e+04 5.606746543034482602e+04 5.392723677626751305e+04 5.189275792249941878e+04 4.995913393067508878e+04 4.812172088806516695e+04 4.637611536675861134e+04 4.471814411499563721e+04 4.314385402494237496e+04 4.164950241028092569e+04 4.023154761804315058e+04 3.888663999179413804e+04 3.761161319717427250e+04 3.640347591608192306e+04 3.525940391170159273e+04 3.417673246356306481e+04 3.315294916929882311e+04 3.218568710778087188e+04 3.127271835696426206e+04 3.041194785853739450e+04 2.960140762078368061e+04 2.883925125048214613e+04 2.812374880438852779e+04 2.745328195065446562e+04 2.682633943058858495e+04 2.624151281122580258e+04 2.569749251945839933e+04 2.519306414864986073e+04 2.472710502911314688e+04 2.429858105416944818e+04 2.390654375390751738e+04 2.355012760931591038e+04 2.322854759980500603e+04 2.294109697781695286e+04 2.268714526453258077e+04 2.246613646137264004e+04 2.227758747242762183e+04 2.212108673350939716e+04 2.199629304406316805e+04 2.190293459869496292e+04 2.184080821563228164e+04 2.180977875994727947e+04 2.180977875994727947e+04
4.643743601695129764e+05 4.643743601695129764e+05 4.631729064530396718e+05 4.607842719834811869e+05 4.572367316557656741e+05 4.525720123511189013e+05 4.468444527548909537e+05 4.401198658123475034e+05 4.324741095790518448e+05 4.239913923208212364e+05 4.147623614089515177e+05 4.048820480191634269e+05 3.944477561713838368e+05 3.835569918630909524e+05 3.723055246646176674e+05 3.607856610668784124e+05 3.490847887091871235e+05 3.372842268505493412e+05 3.254583945713641588e+05 3.136742870355967898e+05 3.019912335349362111e+05 2.904608997517200769e+05 2.791274906114509795e+05 2.680281085363518796e+05 2.571932238284202758e+05 2.466472181974484702e+05 2.364089680902541149e+05 2.264924406396510312e+05 2.169072811212367087e+05 2.076593763765510521e+05 1.987513835044128646e+05 1.901832171453315241e+05 1.819524918909392727e+05 1.740549188041779562e+05 1.664846568328186113e+05 1.592346211473190342e+05 1.522967512407839240e+05 1.456622420931305969e+05 1.393217419081618427e+05 1.332655199528920348e+05 1.274836079202864057e+05 1.219659180443407095e+05 1.167023409541141737e+05 1.116828259861088300e+05 1.068974463999630971e+05 1.023364516731787589e+05 9.799030879448362975e+04 9.384973423728872149e+04 8.990571807699286728e+04 8.614954151967111102e+04 8.257278893455187790e+04 7.916735532779908681e+04 7.592545005928428145e+04 7.283959748530249635e+04 6.990263510728404799e+04 6.710770971745178394e+04 6.444827195582335116e+04 6.191806962707581260e+04 5.951114006954520300e+04 5.722180182055973273e+04 5.504464578141702077e+04 5.297452605051500723e+04 5.100655056372621038e+04 4.913607165616898419e+04 4.735867663843985065e+04 4.567017846271316375e+04 4.406660653914140858e+04 4.254419775054491038e+04 4.109938770286211366e+04 3.972880224020298192e+04 3.842924924596375786e+04 3.719771074557100656e+04 3.603133532144559285e+04 3.492743084662601905e+04 3.388345754031298566e+04 3.289702134581727296e+04 3.196586762926623851e+04 3.108787519579808577e+04 3.026105061851433493e+04 2.948352287461523520e+04 2.875353828226249971e+04 2.806945573131271885e+04 2.742974220063865505e+04 2.683296855463317843e+04 2.627780561142469014e+04 2.576302047536567989e+04 2.528747312654605776e+04 2.485011326021731293e+04 2.444997736939874085e+04 2.408618606413072848e+04 2.375794162131434496e+04 2.346452575936785797e+04 2.320529763245156209e+04 2.297969203934488542e+04 2.278721784259210472e+04 2.262745659397268537e+04 2.250006136280131250e+04 2.240475576411684233e+04 2.234133318421127842e+04 2.230965620155342549e+04 2.230965620155342549e+04
4.570798344276678399e+05 4.570798344276678399e+05 4.559452526704004849e+05 4.536891299792687059e+05 4.503372880722562550e+05 4.459278075321313809e+05 4.405102420304561383e+05 4.341445723095841240e+05 4.268999137663509464e+05 4.188530060221918975e+05 4.100865292794734705e+05 4.006873074856225285e+05 3.907444693456905079e+05 3.803476428366547916e+05 3.695852561754394555e+05 3.585430086677105282e+05 3.473025601468137465e+05 3.359404700851307134e+05 3.245273993195788935e+05 3.131275707335500629e+05 3.017984716253225924e+05 2.905907706174288178e+05 2.795484159451225423e+05 2.687088794528655126e+05 2.581035109853471222e+05 2.477579703237546200e+05 2.376927076385189721e+05 2.279234679525514948e+05 2.184617998143527657e+05 2.093155528958420618e+05 2.004893533154175675e+05 1.919850490140332258e+05 1.838021204359536932e+05 1.759380540997565840e+05 1.683886784389276581e+05 1.611484626142271736e+05 1.542107799284698849e+05 1.475681380831265997e+05 1.412123788745592174e+05 1.351348500957124343e+05 1.293265524373099615e+05 1.237782641122599016e+05 1.184806457905911229e+05 1.134243282550016884e+05 1.085999849875967775e+05 1.039983916907204402e+05 9.961047453811508603e+04 9.542734875400424062e+04 9.144034893083106726e+04 8.764105232379653899e+04 8.402129620336386142e+04 8.057319020515796728e+04 7.728912449048559938e+04 7.416177441863210697e+04 7.118410233357413381e+04 6.834935698126358329e+04 6.565107099840509181e+04 6.308305684810585808e+04 6.063940152117461548e+04 5.831446027288618643e+04 5.610284962287423696e+04 5.399943980971893325e+04 5.199934686063723348e+04 5.009792441030382906e+04 4.829075538009185402e+04 4.657364360975350428e+04 4.494260551713762106e+04 4.339386184767606028e+04 4.192382956351848406e+04 4.052911391223852843e+04 3.920650070670463901e+04 3.795294884054699651e+04 3.676558305787136487e+04 3.564168699080403167e+04 3.457869647442504356e+04 3.357419314531063719e+04 3.262589832694337019e+04 3.173166720319953311e+04 3.088948327911833985e+04 3.009745312677709808e+04 2.935380141288816594e+04 2.865686620398030573e+04 2.800509454416817607e+04 2.739703830022944385e+04 2.683135026830254355e+04 2.630678053637925768e+04 2.582217309669328461e+04 2.537646270216105040e+04 2.496867196112124657e+04 2.459790866483734862e+04 2.426336334243105011e+04 2.396430703820696363e+04 2.370008930668886751e+04 2.347013642096164767e+04 2.327394979037588928e+04 2.311110458402589938e+04 2.298124855682234192e+04 2.288410107545454957e+04 2.281945234190822157e+04 2.278716281275408255e+04 2.278716281275408255e+04
4.504193545293727075e+05 4.504193545293727075e+05 4.493442140278561274e+05 4.472058775106442627e+05 4.440279900032057194e+05 4.398454103151861345e+05 4.347034853627777193e+05 4.286570949455181253e+05 4.217694848642927245e+05 4.141109171094045159e+05 4.057571775034583407e+05 3.967879916786501999e+05 3.872854076589095639e+05 3.773322061657658196e+05 3.670103974502682104e+05 3.563998562537704129e+05 3.455771354674142203e+05 3.346144857206810266e+05 3.235790941457650624e+05 3.125325424317193683e+05 3.015304731230111793e+05 2.906224445961107849e+05 2.798519494848125032e+05 2.692565683805342414e+05 2.588682300225100771e+05 2.487135504008706775e+05 2.388142256783546181e+05 2.291874570878826489e+05 2.198463895582900732e+05 2.108005494315942633e+05 2.020562700323930476e+05 1.936170968906123308e+05 1.854841670297721575e+05 1.776565588946164935e+05 1.701316112203906523e+05 1.629052104802186368e+05 1.559720475377593830e+05 1.493258448340505711e+05 1.429595559038711071e+05 1.368655392973742855e+05 1.310357091200142604e+05 1.254616644346251996e+05 1.201347997241426201e+05 1.150463985154691327e+05 1.101877121336137498e+05 1.055500254045237525e+05 1.011247109656302346e+05 9.690327368287977879e+04 9.287738651685859077e+04 8.903891903260596155e+04 8.537995960934310278e+04 8.189283227943968086e+04 7.857010901029678644e+04 7.540461813888224424e+04 7.238944957557404996e+04 6.951795731143272133e+04 6.678375968989908870e+04 6.418073783988106879e+04 6.170303261082824611e+04 5.934504030133875494e+04 5.710140743016837951e+04 5.496702476131243020e+04 5.293702076281767222e+04 5.100675465113583778e+04 4.917180914902573568e+04 4.742798306429457443e+04 4.577128377908161201e+04 4.419791972420240199e+04 4.270429290009477700e+04 4.128699149487153772e+04 3.994278264050987491e+04 3.866860534028313850e+04 3.746156359358931513e+04 3.631891973879309080e+04 3.523808802967191878e+04 3.421662845713971183e+04 3.325224082442477084e+04 3.234275908115807033e+04 3.148614591941655453e+04 3.068048763292481090e+04 2.992398923903424293e+04 2.921496986190012831e+04 2.855185837427563092e+04 2.793318929458535786e+04 2.735759893547125466e+04 2.682382179945770258e+04 2.633068721728594755e+04 2.587711622424221059e+04 2.546211866975107478e+04 2.508479055564672308e+04 2.474431159855719307e+04 2.443994301205300508e+04 2.417102550444497683e+04 2.393697748837554172e+04 2.373729349865705808e+04 2.357154281512159287e+04 2.343936828766119288e+04 2.334048536093711300e+04 2.327468129668961774e+04 2.324181459196477226e+04 2.324181459196477226e+04
4.443481566954121809e+05 4.443481566954121809e+05 4.433258086876665475e+05 4.412920884166797623e+05 4.382687212492426042e+05 4.342877329020698089e+05 4.293907839001559769e+05 4.236283001238806755e+05 4.170584189550011070e+05 4.097457788616767502e+05 4.017601887621211354e+05 3.931752208858665545e+05 3.840667758476820309e+05 3.745116703213524306e+05 3.645862956346520805e+05 3.543653899809841532e+05 3.439209584564947872e+05 3.333213648290773854e+05 3.226306079968651175e+05 3.119077855938727153e+05 3.012067380150969839e+05 2.905758588258894160e+05 2.800580523399703088e+05 2.696908160774848657e+05 2.595064246272915916e+05 2.495321917958375998e+05 2.397907894364098029e+05 2.303006036326393078e+05 2.210761116163213737e+05 2.121282656537009752e+05 2.034648729265088041e+05 1.950909630211424374e+05 1.870091369351122994e+05 1.792198934736008232e+05 1.717219305335393583e+05 1.645124200743063411e+05 1.575872565830820531e+05 1.509412795969255676e+05 1.445684713822991180e+05 1.384621312354303955e+05 1.326150280888079433e+05 1.270195332220143318e+05 1.216677349058285326e+05 1.165515367792459583e+05 1.116627416879541997e+05 1.069931226138862985e+05 1.025344822099784215e+05 9.827870233041349275e+04 9.421778482040394738e+04 9.034388470565398165e+04 8.664933680256135995e+04 8.312667665829653561e+04 7.976865662600289215e+04 7.656825778509976226e+04 7.351869833012510207e+04 7.061343897362292046e+04 6.784618583860860963e+04 6.521089125416291063e+04 6.270175281236648880e+04 6.031321099627202784e+04 5.803994564576234552e+04 5.587687149058332579e+04 5.381913294709016918e+04 5.186209834656905878e+04 5.000135373807856377e+04 4.823269638721143565e+04 4.655212807336192782e+04 4.495584827188231429e+04 4.344024729357715114e+04 4.200189944191416726e+04 4.063755623794202984e+04 3.934413975409723207e+04 3.811873609038632276e+04 3.695858902006752032e+04 3.586109382632654160e+04 3.482379134677046386e+04 3.384436223873108247e+04 3.292062147483242734e+04 3.205051307565787647e+04 3.123210508396417572e+04 3.046358478295317764e+04 2.974325415956719735e+04 2.906952561248866186e+04 2.844091790355077683e+04 2.785605235035256919e+04 2.731364925743831554e+04 2.681252458280868086e+04 2.635158683628344079e+04 2.592983420608547749e+04 2.554635190983496068e+04 2.520030976626313350e+04 2.489095998392719412e+04 2.461763516337984402e+04 2.437974650946924157e+04 2.417678225061580088e+04 2.400830626220975319e+04 2.387395689159433095e+04 2.377344598237548780e+04 2.370655809618985222e+04 2.367314993036749365e+04 2.367314993036749365e+04
4.388266702644539764e+05 4.388266702644539764e+05 4.378511535758670070e+05 4.359102444431918557e+05 4.330239831409681938e+05 4.292219134558734950e+05 4.245424742039664416e+05 4.190322083923170576e+05 4.127448097489866195e+05 4.057400329324948252e+05 3.980825001055438188e+05 3.898404418644371908e+05 3.810844139271741733e+05 3.718860318852124619e+05 3.623167644496781286e+05 3.524468210996483685e+05 3.423441633525403449e+05 3.320736607573545771e+05 3.216964039989945595e+05 3.112691790057438193e+05 3.008440983398281969e+05 2.904683798897299566e+05 2.801842582162081380e+05 2.700290108766342746e+05 2.600350805462618300e+05 2.502302735491707863e+05 2.406380162262483791e+05 2.312776521130133187e+05 2.221647649045322614e+05 2.133115144156782189e+05 2.047269750179234543e+05 1.964174682131307200e+05 1.883868829999480222e+05 1.806369794470515044e+05 1.731676723874079180e+05 1.659772933883289516e+05 1.590628301481437811e+05 1.524201432455453032e+05 1.460441607504140702e+05 1.399290516245214385e+05 1.340683791261560691e+05 1.284552356103191996e+05 1.230823602094561065e+05 1.179422409085190448e+05 1.130272025093834527e+05 1.083294819270094740e+05 1.038412921841291536e+05 9.955487638111402339e+04 9.546255282007982896e+04 9.155675236136684543e+04 8.783004899066050712e+04 8.427518447819208086e+04 8.088508791951554304e+04 7.765289086139514984e+04 7.457193863689553109e+04 7.163579846093976812e+04 6.883826477161163348e+04 6.617336224278761074e+04 6.363534684028792981e+04 6.121870524594859307e+04 5.891815293161811132e+04 5.672863112750441360e+04 5.464530289613932837e+04 5.266354849404681590e+04 5.077896017751652835e+04 4.898733658655569889e+04 4.728467682140062971e+04 4.566717430895620055e+04 4.413121054158350307e+04 4.267334875786681368e+04 4.129032762373603327e+04 3.997905496267970011e+04 3.873660157547429844e+04 3.756019518266550585e+04 3.644721451695045107e+04 3.539518358719145181e+04 3.440176613154102233e+04 3.346476027310115023e+04 3.258209338851979192e+04 3.175181719702975897e+04 3.097210307531745275e+04 3.024123760159333688e+04 2.955761833074102105e+04 2.891974980115977451e+04 2.832623977279798783e+04 2.777579569521598387e+04 2.726722140371038040e+04 2.679941404123798930e+04 2.637136120342753202e+04 2.598213830379637147e+04 2.563090615616718787e+04 2.531690877129011278e+04 2.503947136465883523e+04 2.479799857265212995e+04 2.459197287432213125e+04 2.442095321627159137e+04 2.428457383840447437e+04 2.418254329852175215e+04 2.411464369408958737e+04 2.408073007978407259e+04 2.408073007978407259e+04
4.338199362106656190e+05 4.338199362106656190e+05 4.328858908733272692e+05 4.310271792342441040e+05 4.282623681683492032e+05 4.246188343109039124e+05 4.201322079801301006e+05 4.148456529528963147e+05 4.088090012480569421e+05 4.020777674222785281e+05 3.947120718021244393e+05 3.867755059898625477e+05 3.783339763412487227e+05 3.694545615218366729e+05 3.602044185393205844e+05 3.506497679254441173e+05 3.408549833529517637e+05 3.308818044474939234e+05 3.207886845071433927e+05 3.106302778771094745e+05 3.004570653640112723e+05 2.903151106937350705e+05 2.802459368446147419e+05 2.702865081968185841e+05 2.604693027791130007e+05 2.508224583222410001e+05 2.413699761488957156e+05 2.321319679248950852e+05 2.231249317520225886e+05 2.143620458081309043e+05 2.058534695753018023e+05 1.976066445183985634e+05 1.896265877954496827e+05 1.819161741399886087e+05 1.744764024224973400e+05 1.673066445609632647e+05 1.604048754128692090e+05 1.537678830547967227e+05 1.473914594606457686e+05 1.412705720461386081e+05 1.353995168786734866e+05 1.297720545792380290e+05 1.243815300864311430e+05 1.192209775299638713e+05 1.142832114869396464e+05 1.095609058820347418e+05 1.050466617527417256e+05 1.007330650417324505e+05 9.661273550688885734e+04 9.267836776094348170e+04 8.892276537090535567e+04 8.533886886558934930e+04 8.191977841947844718e+04 7.865877190481071011e+04 7.554931893152334669e+04 7.258509142759238603e+04 6.975997125050476461e+04 6.706805526375825866e+04 6.450365826114620722e+04 6.206131407498920453e+04 5.973577516284670855e+04 5.752201092997031083e+04 5.541520501152628276e+04 5.341075170909387816e+04 5.150425174993461405e+04 4.969150751435085840e+04 4.796851785628337529e+04 4.633147262448850233e+04 4.477674697593198653e+04 4.330089555951073271e+04 4.190064663628111884e+04 4.057289619197900902e+04 3.931470208874993114e+04 3.812327829502187524e+04 3.699598922599775688e+04 3.593034422121346142e+04 3.492399218074791861e+04 3.397471637739145081e+04 3.308042945846473594e+04 3.223916864779596290e+04 3.144909115591970476e+04 3.070846980417175655e+04 3.001568886671284781e+04 2.936924013280272993e+04 2.876771919062960660e+04 2.820982193272639415e+04 2.769434128247563058e+04 2.722016414037217328e+04 2.678626854835796257e+04 2.639172107019510076e+04 2.603567438556757043e+04 2.571736509552857751e+04 2.543611173687514020e+04 2.519131300302680029e+04 2.498244616909600154e+04 2.480906571898600669e+04 2.467080217255341267e+04 2.456736111103069925e+04 2.449852239924643436e+04 2.446413960339262485e+04 2.446413960339262485e+04
4.292971016271672561e+05 4.292971016271672561e+05 4.283996910149586620e+05 4.266135992388348677e+05 4.239561096292996663e+05 4.204527126704984694e+05 4.161365970142868464e+05 4.110479917684079846e+05 4.052333782456165645e+05 3.987445938133912859e+05 3.916378543903797981e+05 3.839727251030488987e+05 3.758110702785986359e+05 3.672160140503903967e+05 3.582509412936648587e+05 3.489785654831887805e+05 3.394600856342025800e+05 3.297544491452696384e+05 3.199177315666037030e+05 3.100026385298373643e+05 3.000581297016791068e+05 2.901291599757606746e+05 2.802565293942603748e+05 2.704768305785618140e+05 2.608224807362155116e+05 2.513218245105228852e+05 2.419992939126632118e+05 2.328756121617393219e+05 2.239680292882306676e+05 2.152905786748910905e+05 2.068543451804401993e+05 1.986677370049535530e+05 1.907367549279375817e+05 1.830652539218192105e+05 1.756551933778761304e+05 1.685068732591495500e+05 1.616191544102338084e+05 1.549896620110888034e+05 1.486149717722644855e+05 1.424907789472655277e+05 1.366120506004681811e+05 1.309731618339011620e+05 1.255680168590976682e+05 1.203901559169371176e+05 1.154328491120561230e+05 1.106891782510942285e+05 1.061521077654008259e+05 1.018145457675459038e+05 9.766939624347924837e+04 9.370960332405798545e+04 8.992818851516666473e+04 8.631828169796004659e+04 8.287314664252479270e+04 7.958620171107607894e+04 7.645103636212798301e+04 7.346142400575417560e+04 7.061133170252226410e+04 6.789492714537594293e+04 6.530658331467625976e+04 6.284088115181669855e+04 6.049261055613022472e+04 5.825676997309940634e+04 5.612856480877991999e+04 5.410340487588506221e+04 5.217690105049798149e+04 5.034486129492555483e+04 4.860328618146258668e+04 4.694836403335651266e+04 4.537646578315452643e+04 4.388413963420841174e+04 4.246810559872432350e+04 4.112524997468417860e+04 3.985261981449200539e+04 3.864741742975860689e+04 3.750699496946102590e+04 3.642884910244504135e+04 3.541061582974319026e+04 3.445006544756072981e+04 3.354509767777520756e+04 3.269373697932165305e+04 3.189412805093493444e+04 3.114453153325916355e+04 3.044331991621245834e+04 2.978897365577474920e+04 2.918007750290956028e+04 2.861531704613862894e+04 2.809347546835050525e+04 2.761343051759544323e+04 2.717415169108801638e+04 2.677469763116182003e+04 2.641421373156293339e+04 2.609192995232092653e+04 2.580715884125954472e+04 2.555929376017721734e+04 2.534780731377962729e+04 2.517224997953475759e+04 2.503224893668390359e+04 2.492750709293045293e+04 2.485780230744464279e+04 2.482298680909717950e+04 2.482298680909717950e+04
4.252309818172118976e+05 4.252309818172118976e+05 4.243658231049464084e+05 4.226436712388049928e+05 4.200806957963118330e+05 4.167007516150394804e+05 4.125349114541629679e+05 4.076208630002274876e+05 4.020021872718425002e+05 3.957275392656743061e+05 3.888497548757827608e+05 3.814249104350105044e+05 3.735113624252678710e+05 3.651687948177952785e+05 3.564573000858962187e+05 3.474365172649715096e+05 3.381648467245677602e+05 3.286987568645523861e+05 3.190921931044291705e+05 3.093960946583972545e+05 2.996580200000011246e+05 2.899218778755941894e+05 2.802277573984332848e+05 2.706118482341086492e+05 2.611064401840288774e+05 2.517399905361754936e+05 2.425372472852753126e+05 2.335194166075103567e+05 2.247043636771194579e+05 2.161068369064955623e+05 2.077387068633640301e+05 1.996092123709070729e+05 1.917252075523931417e+05 1.840914047833622899e+05 1.767106096223073255e+05 1.695839447814953455e+05 1.627110610607971321e+05 1.560903338981728884e+05 1.497190447947581124e+05 1.435935473602373677e+05 1.377094181072248903e+05 1.320615924147734477e+05 1.266444862947533402e+05 1.214521047429794999e+05 1.164781375519683934e+05 1.117160435144876828e+05 1.071591239656918915e+05 1.028005866048366443e+05 9.863360051176427805e+04 9.465134323390113423e+04 9.084704077102572774e+04 8.721400123074724979e+04 8.374564287059256458e+04 8.043551718439224351e+04 7.727732763343201077e+04 7.426494456717347202e+04 7.139241682531240804e+04 6.865398046315781539e+04 6.604406499565640115e+04 6.355729751239797042e+04 6.118850497657180676e+04 5.893271498466808407e+04 5.678515523120751459e+04 5.474125189324122766e+04 5.279662712285806629e+04 5.094709581220825930e+04 4.918866177432937548e+04 4.751751346424415533e+04 4.593001934805030760e+04 4.442272301292319753e+04 4.299233809788283543e+04 4.163574311371846852e+04 4.034997621030595474e+04 3.913222994086195831e+04 3.797984606474995235e+04 3.689031042394635006e+04 3.586124792231234460e+04 3.489041763180790440e+04 3.397570804541042162e+04 3.311513249277068826e+04 3.230682473140503134e+04 3.154903472349527510e+04 3.084012460602784995e+04 3.017856486010605659e+04 2.956293068350671820e+04 2.899189856934259660e+04 2.846424309246282792e+04 2.797883390435732144e+04 2.753463293662725118e+04 2.713069181248918903e+04 2.676614946537853757e+04 2.644022996345413776e+04 2.615224053849909615e+04 2.590156981774875385e+04 2.568768625700545817e+04 2.551013677356741027e+04 2.536854557742477482e+04 2.526261319948031451e+04 2.519211571556524723e+04 2.515690416534926044e+04 2.515690416534926044e+04
4.215976820846033515e+05 4.215976820846033515e+05 4.207607844525919645e+05 4.190946675944569288e+05 4.166145391546709579e+05 4.133428418277234887e+05 4.093088223853448872e+05 4.045479761141237104e+05 3.991013825610692147e+05 3.930149517697061528e+05 3.863386028629721841e+05 3.791253986926955404e+05 3.714306611642335774e+05 3.633110916522408952e+05 3.548239196340660565e+05 3.460261003583762213e+05 3.369735792067110888e+05 3.277206366318224464e+05 3.183193234445712296e+05 3.088189920535548590e+05 2.992659252968803048e+05 2.897030609546073829e+05 2.801698070444853511e+05 2.707019406679010717e+05 2.613315815118345781e+05 2.520872300992362434e+05 2.429938604489397840e+05 2.340730568670879875e+05 2.253431850427442114e+05 2.168195883579958463e+05 2.085148012505919614e+05 2.004387725005178072e+05 1.925990923809201631e+05 1.850012186638352869e+05 1.776486974625496077e+05 1.705433757985325647e+05 1.636856035862787103e+05 1.570744234273382754e+05 1.507077471959650866e+05 1.445825188870644779e+05 1.386948635918551299e+05 1.330402227763750707e+05 1.276134762745675689e+05 1.224090515806590702e+05 1.174210211462002771e+05 1.126431884641530633e+05 1.080691637644031289e+05 1.036924301598549500e+05 9.950640107538137818e+04 9.550446976952232944e+04 9.168005172486056108e+04 8.802662064102441946e+04 8.453773871772058192e+04 8.120708186558481248e+04 7.802846043238650600e+04 7.499583598211659410e+04 7.210333461596697452e+04 6.934525727769281366e+04 6.671608744189678691e+04 6.421049654275050852e+04 6.182334746238610387e+04 5.954969636317628465e+04 5.738479311592719023e+04 5.532408054673072911e+04 5.336319269877233455e+04 5.149795228146688169e+04 4.972436745779727062e+04 4.803862810158509092e+04 4.643710163918447506e+04 4.491632857494006748e+04 4.347301778615829971e+04 4.210404166142829490e+04 4.080643114555290231e+04 3.957737074509752711e+04 3.841419354045174259e+04 3.731437624310172396e+04 3.627553433073812630e+04 3.529541728731068724e+04 3.437190397051114996e+04 3.350299812514972291e+04 3.268682405738161106e+04 3.192162248174761771e+04 3.120574655051158697e+04 3.053765807255372783e+04 2.991592392732376538e+04 2.933921267778262336e+04 2.880629138506167146e+04 2.831602262647185125e+04 2.786736171774360992e+04 2.745935413961737140e+04 2.709113316850360206e+04 2.676191771045280620e+04 2.647101033746492976e+04 2.621779552501090802e+04 2.600173808946819190e+04 2.582238182423291073e+04 2.567934833330853144e+04 2.557233606116780356e+04 2.550111951796725771e+04 2.546554869920686906e+04 2.546554869920686906e+04
4.183762720178416930e+05 4.183762720178416930e+05 4.175639818433358450e+05 4.159466615645714337e+05 4.135386929105986492e+05 4.103613063816311187e+05 4.064421816689610714e+05 4.018149328265046352e+05 3.965184929895991809e+05 3.905964163363872212e+05 3.840961172822680091e+05 3.770680684432917042e+05 3.695649795849344227e+05 3.616409795250493335e+05 3.533508217863703612e+05 3.447491327701542759e+05 3.358897184883424779e+05 3.268249426408319268e+05 3.176051852782252245e+05 3.082783876774706296e+05 2.988896855890496518e+05 2.894811298667212832e+05 2.800914907945436426e+05 2.707561402616744745e+05 2.615070043339894619e+05 2.523725777223362238e+05 2.433779911053972319e+05 2.345451221639771247e+05 2.258927414424203453e+05 2.174366846882819955e+05 2.091900440515588271e+05 2.011633713765218854e+05 1.933648877294061531e+05 1.858006942228887056e+05 1.784749800848951272e+05 1.713902247461436491e+05 1.645473914714469283e+05 1.579461107224386069e+05 1.515848520124223141e+05 1.454610834975486505e+05 1.395714189477351611e+05 1.339117520631544467e+05 1.284773783547318308e+05 1.232631050000557589e+05 1.182633492269634153e+05 1.134722258747203887e+05 1.088836248446264945e+05 1.044912791849619680e+05 1.002888245651628677e+05 9.626985088677318709e+04 9.242794675756865763e+04 8.875673752497241367e+04 8.524991752759071824e+04 8.190127718219014059e+04 7.870472547980201489e+04 7.565430841992070782e+04 7.274422386762505630e+04 6.996883327514033590e+04 6.732267066812799021e+04 6.480044925773660361e+04 6.239706600264470035e+04 6.010760441124721547e+04 5.792733584247751423e+04 5.585171953487200517e+04 5.387640156707297137e+04 5.199721292899519904e+04 5.021016686123899854e+04 4.851145560082694283e+04 4.689744665386815177e+04 4.536467870015293738e+04 4.390985722074119258e+04 4.252984992726226483e+04 4.122168206072438625e+04 3.998253161791730236e+04 3.880972455505825928e+04 3.770073001080568065e+04 3.665315558425639028e+04 3.566474269784901117e+04 3.473336207010255021e+04 3.385700931885829050e+04 3.303380071192305331e+04 3.226196907888702117e+04 3.153985989508741841e+04 3.086592754638094993e+04 3.023873178141779863e+04 2.965693435646788203e+04 2.911929587635706412e+04 2.862467283410903838e+04 2.817201485075472374e+04 2.776036211617600202e+04 2.738884303115724106e+04 2.705667205041105626e+04 2.676314772601504228e+04 2.650765095042513349e+04 2.628964339817381915e+04 2.610866616515801070e+04 2.596433860459889911e+04 2.585635735863911759e+04 2.578449558476350649e+04 2.574860237627307652e+04 2.574860237627307652e+04
4.155485058625014499e+05 4.155485058625014499e+05 4.147574580795512302e+05 4.131822661785806995e+05 4.108366083018284407e+05 4.077406824121605605e+05 4.039208335000189836e+05 3.994090733843077905e+05 3.942425069003291428e+05 3.884626808685280848e+05 3.821148742518180516e+05 3.752473492278004414e+05 3.679105834427676164e+05 3.601565034425521735e+05 3.520377382049731677e+05 3.436069099021734437e+05 3.349159766199373407e+05 3.260156389158582315e+05 3.169548189927325584e+05 3.077802180857430794e+05 2.985359545881960075e+05 2.892632826201535645e+05 2.800003882911685505e+05 2.707822588969572680e+05 2.616406187542251137e+05 2.526039243177283206e+05 2.436974106092359289e+05 2.349431807693247974e+05 2.263603306562235521e+05 2.179651007930563937e+05 2.097710485363388434e+05 2.017892340410591278e+05 1.940284143745733891e+05 1.864952409354631091e+05 1.791944561275169835e+05 1.721290859945521224e+05 1.653006262198561453e+05 1.587092195221350703e+05 1.523538230320060102e+05 1.462323647081686649e+05 1.403418882520416519e+05 1.346786863091093546e+05 1.292384220097212383e+05 1.240162391100146924e+05 1.190068611506011075e+05 1.142046801653576695e+05 1.096038355510718102e+05 1.051982837574106525e+05 1.009818594812933297e+05 9.694832905535912141e+04 9.309143671080091735e+04 8.940494437458182801e+04 8.588266563235568174e+04 8.251849445435551752e+04 7.930642924379688338e+04 7.624059272773984412e+04 7.331524817002830969e+04 7.052481234606208454e+04 6.786386568016820820e+04 6.532715990900756151e+04 6.290962359913492401e+04 6.060636581355057569e+04 5.841267819117028557e+04 5.632403567458775069e+04 5.433609609522027313e+04 5.244469880105080665e+04 5.064586249030444014e+04 4.893578239477038733e+04 4.731082693873332755e+04 4.576753398349501367e+04 4.430260675331045059e+04 4.291290952575655683e+04 4.159546315837102884e+04 4.034744051334558026e+04 3.916616183315779926e+04 3.804909011246947921e+04 3.699382650449212088e+04 3.599810579428542405e+04 3.505979196613054228e+04 3.417687388757673034e+04 3.334746112888519565e+04 3.256977993316090942e+04 3.184216934954097815e+04 3.116307753936901281e+04 3.053105826308302858e+04 2.994476755385187789e+04 2.940296058235795863e+04 2.890448871605634849e+04 2.844829677500561957e+04 2.803342048568914470e+04 2.765898413354332297e+04 2.732419841429766893e+04 2.702835848400372561e+04 2.677084220719383666e+04 2.655110860252601196e+04 2.636869648512463027e+04 2.622322330476846400e+04 2.611438417918737832e+04 2.604195112162903024e+04 2.600577246216389176e+04 2.600577246216389176e+04
4.130985833853109507e+05 4.130985833853109507e+05 4.123256582013734151e+05 4.107864111233155709e+05 4.084939273373212200e+05 4.054675346530744573e+05 4.017324532660352415e+05 3.973193446404687129e+05 3.922637724254291388e+05 3.866055906829241430e+05 3.803882765106929583e+05 3.736582252963598003e+05 3.664640272862332640e+05 3.588557438735132455e+05 3.508842010296434164e+05 3.426003156879796879e+05 3.340544687483912567e+05 3.252959358422448277e+05 3.163723842353883665e+05 3.073294414107168559e+05 2.982103381118032266e+05 2.890556260726753389e+05 2.799029684076748090e+05 2.707869987563926843e+05 2.617392438083411835e+05 2.527881027760175930e+05 2.439588767241942987e+05 2.352738403597501456e+05 2.267523488900470256e+05 2.184109728115365724e+05 2.102636539356332796e+05 2.023218765399141412e+05 1.945948481988952553e+05 1.870896855566285667e+05 1.798116010171605158e+05 1.727640870214325550e+05 1.659490952292780275e+05 1.593672085204789182e+05 1.530178042597887979e+05 1.468992077353001223e+05 1.410088350769166718e+05 1.353433252944058040e+05 1.298986613477334322e+05 1.246702803807395248e+05 1.196531734196906182e+05 1.148419749660441157e+05 1.102310430052730517e+05 1.058145300151827396e+05 1.015864455943988432e+05 9.754071134833045653e+04 9.367120867094713321e+04 8.997182004894074635e+04 8.643646449406867032e+04 8.305912768191385840e+04 7.983388734295092581e+04 7.675493441682796401e+04 7.381659044406531029e+04 7.101332163244721596e+04 6.833974999866011785e+04 6.579066195031891402e+04 6.336101463923371193e+04 6.104594038468658982e+04 5.884074943509115838e+04 5.674093130819713406e+04 5.474215492407127749e+04 5.284026772104480915e+04 5.103129392306492082e+04 4.931143210700069903e+04 4.767705220048632327e+04 4.612469202471889730e+04 4.465105348209589283e+04 4.325299847560776107e+04 4.192754463524455787e+04 4.067186091649513401e+04 3.948326312678029353e+04 3.835920942772689887e+04 3.729729585400599171e+04 3.629525188330392848e+04 3.535093608652091643e+04 3.446233188257374422e+04 3.362754341802531417e+04 3.284479158824433398e+04 3.211241021369501323e+04 3.142884238231659037e+04 3.079263696673635786e+04 3.020244532312573938e+04 2.965701817690672033e+04 2.915520269918647682e+04 2.869593977668039952e+04 2.827826147696350381e+04 2.790128871019597864e+04 2.756422908783970706e+04 2.726637497851208173e+04 2.700710176072177273e+04 2.678586627205060722e+04 2.660220545420579219e+04 2.645573519325390589e+04 2.634614935441208945e+04 2.627321901071271350e+04 2.623679186502920493e+04 2.623679186502920493e+04
4.110129464041344472e+05 4.110129464041344472e+05 4.102552306033453788e+05 4.087461529667307041e+05 4.064983064995905734e+05 4.035302967302602483e+05 3.998664101463694242e+05 3.955361871118662530e+05 3.905739114268633421e+05 3.850180308770326665e+05 3.789105247638853616e+05 3.722962354408274987e+05 3.652221812632991932e+05 3.577368680847787182e+05 3.498896155247720890e+05 3.417299127646712004e+05 3.333068166902500670e+05 3.246684029159062775e+05 3.158612777313416009e+05 3.069301564426897094e+05 2.979175110674097668e+05 2.888632879977582488e+05 2.798046941612811061e+05 2.707760484403191367e+05 2.618086937030029076e+05 2.529309637539202813e+05 2.441681988237979822e+05 2.355428028532246535e+05 2.270743357473879587e+05 2.187796339369326015e+05 2.106729529261738644e+05 2.027661259932165558e+05 1.950687337824095739e+05 1.875882801576624042e+05 1.803303703312559228e+05 1.732988879206170677e+05 1.664961681937324465e+05 1.599231653286729415e+05 1.535796120238637668e+05 1.474641702487785951e+05 1.415745723179641645e+05 1.359077518054131069e+05 1.304599640948238812e+05 1.252268965878870513e+05 1.202037687732151680e+05 1.153854224971951044e+05 1.107664028817034559e+05 1.063410304062436335e+05 1.021034647195365396e+05 9.804776077193835226e+04 9.416791786957847944e+04 9.045792224713288306e+04 8.691178374196600635e+04 8.352356713049591053e+04 8.028741866017749999e+04 7.719758827940199990e+04 7.424844803436566144e+04 7.143450706736309803e+04 6.875042361666468787e+04 6.619101438399472681e+04 6.375126160277881718e+04 6.142631810895749368e+04 5.921151068643434701e+04 5.710234193140071147e+04 5.509449085399290925e+04 5.318381241180090728e+04 5.136633614796602342e+04 4.963826408655738487e+04 4.799596801978832082e+04 4.643598630533122196e+04 4.495502027706818626e+04 4.354993035953882645e+04 4.221773196437487059e+04 4.095559123655474104e+04 3.976082070891088370e+04 3.863087491502275952e+04 3.756334600337299344e+04 3.655595938915295847e+04 3.560656947451592714e+04 3.471315546312613878e+04 3.387381729060401995e+04 3.308677168868377339e+04 3.235034839778794776e+04 3.166298653988913429e+04 3.102323116120250052e+04 3.042972995221667225e+04 2.988123015097335156e+04 2.937657563390853466e+04 2.891470419758095522e+04 2.849464503350916493e+04 2.811551639760272883e+04 2.777652347508152161e+04 2.747695644118680502e+04 2.721618871777330423e+04 2.699367542546018740e+04 2.680895203096058685e+04 2.666163318904228800e+04 2.655141177857670482e+04 2.647805813212998328e+04 2.644141945861187924e+04 2.644141945861187924e+04
4.092801068694492569e+05 4.092801068694492569e+05 4.085348589892156306e+05 4.070505147882603924e+05 4.048392677011736669e+05 4.019191368467281573e+05 3.983136505673041102e+05 3.940514387613439467e+05 3.891657455540171359e+05 3.836938758950706106e+05 3.776765911969240406e+05 3.711574700723534334e+05 3.641822505695792497e+05 3.567981700327005237e+05 3.490533178704952588e+05 3.409960151588473818e+05 3.326742332218069350e+05 3.241350612414736534e+05 3.154242306582176243e+05 3.065857017609870527e+05 2.976613155480064452e+05 2.886905117607941502e+05 2.797101120404646499e+05 2.707541654822968412e+05 2.618538525081381958e+05 2.530374419478779892e+05 2.443302955155119998e+05 2.357549134592045157e+05 2.273310150251851883e+05 2.190756474616136111e+05 2.110033175567763392e+05 2.031261401127965364e+05 1.954539982590546424e+05 1.879947110726817627e+05 1.807542045638610434e+05 1.737366826753437344e+05 1.669447955182346632e+05 1.603798026040987170e+05 1.540417293266284396e+05 1.479295153883365565e+05 1.420411542560122616e+05 1.363738230627199518e+05 1.309240026560007391e+05 1.256875877246838936e+05 1.206599871245352988e+05 1.158362146706711792e+05 1.112109707767823566e+05 1.067787154031633108e+05 1.025337328313217440e+05 9.847018881727862754e+04 9.458218069240672048e+04 9.086378098313929513e+04 8.730907511235974380e+04 8.391219372813568043e+04 8.066734018226033368e+04 7.756881365333689610e+04 7.461102837863635796e+04 7.178852942681778222e+04 6.909600541088863974e+04 6.652829850814552628e+04 6.408041212206119963e+04 6.174751649041930796e+04 5.952495251474599354e+04 5.740823405877582263e+04 5.539304893781779538e+04 5.347525879734648333e+04 5.165089805698926648e+04 4.991617207620236877e+04 4.826745467956037464e+04 4.670128516302150092e+04 4.521436488759749045e+04 4.380355355336001958e+04 4.246586523470222892e+04 4.119846424700086936e+04 3.999866090520614671e+04 3.886390722650965472e+04 3.779179262163308886e+04 3.678003961270911532e+04 3.582649960995882429e+04 3.492914877425584564e+04 3.408608398828063218e+04 3.329551895507668087e+04 3.255578043953948509e+04 3.186530466552532744e+04 3.122263387873217653e+04 3.062641308351862972e+04 3.007538695999421179e+04 2.956839696622611154e+04 2.910437862921024134e+04 2.868235902719939622e+04 2.830145446516356969e+04 2.796086834449135495e+04 2.765988922750476922e+04 2.739788909699071883e+04 2.717432181065320401e+04 2.698872175019848510e+04 2.684070266459059349e+04 2.672995670707296813e+04 2.665625366545720317e+04 2.661944038524665666e+04 2.661944038524665666e+04
4.078905030268406263e+05 4.078905030268406263e+05 4.071551217550903093e+05 4.056903519353904994e+05 4.035080734263167251e+05 4.006258450982040376e+05 3.970666001667669043e+05 3.928582536784637487e+05 3.880332332080444321e+05 3.826279457658412866e+05 3.766821953461655066e+05 3.702385664309493732e+05 3.633417890687508625e+05 3.560381008863086463e+05 3.483746205909333657e+05 3.403987462494758656e+05 3.321575899667054764e+05 3.236974586332019535e+05 3.150633882787512848e+05 3.062987373628974892e+05 2.974448421616040869e+05 2.885407353612759616e+05 2.796229271207527490e+05 2.707252462643103208e+05 2.618787379566190357e+05 2.531116131991153816e+05 2.444492447724790254e+05 2.359142038149469299e+05 2.275263310422541981e+05 2.193028366474060167e+05 2.112584231279992964e+05 2.034054256361142034e+05 1.957539648924343346e+05 1.883121082177789067e+05 1.810860347809531086e+05 1.740802017164903809e+05 1.672975083087836974e+05 1.607394559550192207e+05 1.544063020970180223e+05 1.482972067447947629e+05 1.424103705978717189e+05 1.367431641037189111e+05 1.312922470768102212e+05 1.260536787386233482e+05 1.210230182326435897e+05 1.161954158227679436e+05 1.115656951027597243e+05 1.071284266331831459e+05 1.028779934851817961e+05 9.880864921103269444e+04 9.491456878400519781e+04 9.118989305788408092e+04 8.762876729247363983e+04 8.422537427839814336e+04 8.097396257455128944e+04 7.786887034670222783e+04 7.490454526761197485e+04 7.207556090868650062e+04 6.937663002203304495e+04 6.680261508023113129e+04 6.434853641030423751e+04 6.200957822819390276e+04 5.978109285144529713e+04 5.765860334050998790e+04 5.563780479360080790e+04 5.371456449631656869e+04 5.188492110524551390e+04 5.014508302470608760e+04 4.849142611730652425e+04 4.692049087228859571e+04 4.542897914054457215e+04 4.401375053149353334e+04 4.267181855479590740e+04 4.140034657897548459e+04 4.019664366920045723e+04 3.905816035790618480e+04 3.798248439421467629e+04 3.696733651140252914e+04 3.601056624569040287e+04 3.511014783448578964e+04 3.426417621757538291e+04 3.347086316097744566e+04 3.272853351955648031e+04 3.203562165171022934e+04 3.139066799684800935e+04 3.079231582422096835e+04 3.023930815984652509e+04 2.973048489674492521e+04 2.926478009239193852e+04 2.884121945625505032e+04 2.845891802939775152e+04 2.811707805743513745e+04 2.781498705763059479e+04 2.755201608037623373e+04 2.732761816516365798e+04 2.714132699078567020e+04 2.699275571944023250e+04 2.688159603436209363e+04 2.680761737052617900e+04 2.677066633806658865e+04 2.677066633806658865e+04
4.068363807685565553e+05 4.068363807685565553e+05 4.061083759667808772e+05 4.046582411925111664e+05 4.024976235341520514e+05 3.996437401630392997e+05 3.961190823614843539e+05 3.919510341799911694e+05 3.871714164293474751e+05 3.818159685722519644e+05 3.759237824485894525e+05 3.695367026033696020e+05 3.626987082701113541e+05 3.554552918019819190e+05 3.478528475771803642e+05 3.399380841920336243e+05 3.317574711761007202e+05 3.233567296126321889e+05 3.147803740254987497e+05 3.060713108031646698e+05 2.972704963662617956e+05 2.884166563329800265e+05 2.795460651644425234e+05 2.706923842319729156e+05 2.618865549721170391e+05 2.531567427986437397e+05 2.445283267224832671e+05 2.360239291761490749e+05 2.276634803245752992e+05 2.194643111377377354e+05 2.114412696672759193e+05 2.036068552723498724e+05 1.959713659443909710e+05 1.885430543530811265e+05 1.813282887472551083e+05 1.743317153706751997e+05 1.675564195724061865e+05 1.610040832900153182e+05 1.546751370491830457e+05 1.485689050480228325e+05 1.426837422736388398e+05 1.370171629306739487e+05 1.315659597470802546e+05 1.263263139622748131e+05 1.212938960009576549e+05 1.164639569950516889e+05 1.118314114410223119e+05 1.073909113740327157e+05 1.031369125084646221e+05 9.906373284009471536e+04 9.516560423215130868e+04 9.143671751956557273e+04 8.787126166515567456e+04 8.446345749160509149e+04 8.120758649587414402e+04 7.809801522988943907e+04 7.512921570506125863e+04 7.229578224936909101e+04 6.959244521559475106e+04 6.701408190875650325e+04 6.455572507054284506e+04 6.221256922881812352e+04 5.997997519204978744e+04 5.785347294136257551e+04 5.582876314757306682e+04 5.390171751678089640e+04 5.206837814620155405e+04 5.032495605160380364e+04 4.866782900926407456e+04 4.709353883847750694e+04 4.559878823534934781e+04 4.418043725489026838e+04 4.283549952596903313e+04 4.156113827260692779e+04 4.035466220530933788e+04 3.921352133713926014e+04 3.813530277167163877e+04 3.711772650294756022e+04 3.615864126158040744e+04 3.525602043581978069e+04 3.440795809178331547e+04 3.361266511305444146e+04 3.286846547630964778e+04 3.217379267664298823e+04 3.152718631375124460e+04 3.092728884776645282e+04 3.037284253183449619e+04 2.986268652685068082e+04 2.939575420246802241e+04 2.897107062739601315e+04 2.858775025114254095e+04 2.824499477861781270e+04 2.794209123841569453e+04 2.767841024523100714e+04 2.745340445645177533e+04 2.726660722281780545e+04 2.711763143284301259e+04 2.700616855064834454e+04 2.693198784677738877e+04 2.689493582171367962e+04 2.689493582171367962e+04
4.061116977989866864e+05 4.061116977989866864e+05 4.053886636074692360e+05 4.039483911435773480e+05 4.018023716682426748e+05 3.989675935362163582e+05 3.954662519734489033e+05 3.913253751327481004e+05 3.865763769062308129e+05 3.812545487800110714e+05 3.753985043418130954e+05 3.690495908537396463e+05 3.622512825675618951e+05 3.550485701985802152e+05 3.474873602262722561e+05 3.396138965136311599e+05 3.314742152113375487e+05 3.231136421280191280e+05 3.145763397998915170e+05 3.059049094789123628e+05 2.971400512685628491e+05 2.883202837500830647e+05 2.794817227248784038e+05 2.706579172000330873e+05 2.618797394942349929e+05 2.531753253576999705e+05 2.445700592802040046e+05 2.360865996958652104e+05 2.277449385582491814e+05 2.195624897271980590e+05 2.115542007461679459e+05 2.037326828617042338e+05 1.961083545116186433e+05 1.886895939536758233e+05 1.814828971941187629e+05 1.744930378808975220e+05 1.677232263300805353e+05 1.611752653397604881e+05 1.548497009022635466e+05 1.487459663442966412e+05 1.428625188009854464e+05 1.371969672613571456e+05 1.317461917088339687e+05 1.265064531228691776e+05 1.214734943088517175e+05 1.166426316862643871e+05 1.120088382937549759e+05 1.075668183680705406e+05 1.033110739254941000e+05 9.923596382384120079e+04 9.533575581349612912e+04 9.160467210064156097e+04 8.803692894818246714e+04 8.462677083198781474e+04 8.136849965477371006e+04 7.825649949878023472e+04 7.528525737324799411e+04 7.244938038499015965e+04 6.974360973088930768e+04 6.716283188130099734e+04 6.470208729337983823e+04 6.235657696410281642e+04 6.012166710454129498e+04 5.799289218997619173e+04 5.596595661512469815e+04 5.403673515994477202e+04 5.220127244949679880e+04 5.045578157097270014e+04 4.879664199243451731e+04 4.722039691079782642e+04 4.572375014120232663e+04 4.430356264598525740e+04 4.295684878904166544e+04 4.168077239000395639e+04 4.047264264288432605e+04 3.932990995468803158e+04 3.825016175183895393e+04 3.723111829516297439e+04 3.627062853812018147e+04 3.536666605756820354e+04 3.451732508169760695e+04 3.372081663560440938e+04 3.297546482157478022e+04 3.227970324792548490e+04 3.163207161775956411e+04 3.103121248670446221e+04 3.047586819679067776e+04 2.996487799201941380e+04 2.949717531988122937e+04 2.907178532189567704e+04 2.868782251540149809e+04 2.834448866806323349e+04 2.804107086597954549e+04 2.777693977585551693e+04 2.755154810134613217e+04 2.736442923343432267e+04 2.721519609461471191e+04 2.710354017647722867e+04 2.702923077035311144e+04 2.699211439066512685e+04 2.699211439066512685e+04
4.057120487027779454e+05 4.057120487027779454e+05 4.049916382278514793e+05 4.035565719482431887e+05 4.014182596261252183e+05 3.985935698429037584e+05 3.951045426805365714e+05 3.909780195367545239e+05 3.862452004522668431e+05 3.809411411067289300e+05 3.751042029391396791e+05 3.687754706276744255e+05 3.619981514122642111e+05 3.548169704759587185e+05 3.472775758559026872e+05 3.394259651934931753e+05 3.313079451324640540e+05 3.229686324223345146e+05 3.144520038766967482e+05 3.058005003642988740e+05 2.970546880633339752e+05 2.882529783624328556e+05 2.794314061080671381e+05 2.706234644251401769e+05 2.618599931060569943e+05 2.531691165883954091e+05 2.445762268237265525e+05 2.361040058688033314e+05 2.277724827846002881e+05 2.195991193818569591e+05 2.115989194719974184e+05 2.037845565375621372e+05 1.961665150934878620e+05 1.887532414393989602e+05 1.815512999762609834e+05 1.745655317538210948e+05 1.677992124090606521e+05 1.612542071341481060e+05 1.549311207636491163e+05 1.488294414861726982e+05 1.429476770603614277e+05 1.372834827465396083e+05 1.318337804519840865e+05 1.265948688322527014e+05 1.215625242936377763e+05 1.167320930076182995e+05 1.120985741790914035e+05 1.076566949110035639e+05 1.034009770823402359e+05 9.932579670797057042e+04 9.542543628137969063e+04 9.169413061777288385e+04 8.812610671903773618e+04 8.471561817544727819e+04 8.145697460474519175e+04 7.834456660907561309e+04 7.537288670570040995e+04 7.253654666026454652e+04 6.983029162239322613e+04 6.724901143374206731e+04 6.478774944883801072e+04 6.244170918000167876e+04 6.020625904935429571e+04 5.807693550400980894e+04 5.604944472514673544e+04 5.411966313782054931e+04 5.228363690624104493e+04 5.053758057884807204e+04 4.887787502878773375e+04 4.730106481828109827e+04 4.580385509993675078e+04 4.438310815395815007e+04 4.303583964769299200e+04 4.175921469261738821e+04 4.055054376377284643e+04 3.940727853773412789e+04 3.832700769720548851e+04 3.730745274337556475e+04 3.634646385089749674e+04 3.544201579507281713e+04 3.459220397595524264e+04 3.379524056006943283e+04 3.304945075681068556e+04 3.235326924357111420e+04 3.170523675091959740e+04 3.110399681697802225e+04 3.054829271818577763e+04 3.003696458199977860e+04 2.956894668580234793e+04 2.914326494510286284e+04 2.875903459323201241e+04 2.841545805399716482e+04 2.811182300818421209e+04 2.784750065432524570e+04 2.762194416383932548e+04 2.743468733040564985e+04 2.728534341331391624e+04 2.717360417436252101e+04 2.709923910799745863e+04 2.706209486425391515e+04 2.706209486425391515e+04
4.056346094234233606e+05 4.056346094234233606e+05 4.049145105402371264e+05 4.034800631414667587e+05 4.013426684029431199e+05 3.985191820859548752e+05 3.950316273211695952e+05 3.909068246064989944e+05 3.861759494241294451e+05 3.808740296558187110e+05 3.750393962635774515e+05 3.687131014686523704e+05 3.619383188949016621e+05 3.547597398610118544e+05 3.472229792489831452e+05 3.393740032077903161e+05 3.312585894478547270e+05 3.229218291336814873e+05 3.144076774813670199e+05 3.057585582073221449e+05 2.970150250404484104e+05 2.882154816766799777e+05 2.793959598846482113e+05 2.705899540094194235e+05 2.618283088988085219e+05 2.531391573071004532e+05 2.445479021164966107e+05 2.360772382446434931e+05 2.277472088586757600e+05 2.195752904647347168e+05 2.115765015566421789e+05 2.037635297564774810e+05 1.961468727306761721e+05 1.887349885883276293e+05 1.815344519361504645e+05 1.745501122534362657e+05 1.677852517406131665e+05 1.612417402709169546e+05 1.549201855242850434e+05 1.488200767973575275e+05 1.429399213582196389e+05 1.372773725460168498e+05 1.318293491035654151e+05 1.265921454761877540e+05 1.215615330142497987e+05 1.167328521838139714e+05 1.121010960220364796e+05 1.076609851760954625e+05 1.034070349398284307e+05 9.933361475486021664e+04 9.543500067623176437e+04 9.170542131996409444e+04 8.813909781426099653e+04 8.473027827015433286e+04 8.147326727328347624e+04 7.836245087866511312e+04 7.539231756587195559e+04 7.255747558491928794e+04 6.985266709421775886e+04 6.727277946219278965e+04 6.481285407443735312e+04 6.246809295894482784e+04 6.023386351371808996e+04 5.810570159397451062e+04 5.607931319062515104e+04 5.415057490774190228e+04 5.231553342454937228e+04 5.057040410685882671e+04 4.891156891411473771e+04 4.733557373095727235e+04 4.583912523674811382e+04 4.441908741224999540e+04 4.307247777013021550e+04 4.179646338451009797e+04 4.058835678470742278e+04 3.944561176927753695e+04 3.836581918847396446e+04 3.734670273623823596e+04 3.638611478658299893e+04 3.548203230383533810e+04 3.463255285141753120e+04 3.383589071978905122e+04 3.309037319050120277e+04 3.239443695031302559e+04 3.174662466663870146e+04 3.114558173331883881e+04 3.059005319382934249e+04 3.007888084740990598e+04 2.961100054224773339e+04 2.918543965875361755e+04 2.880131478500746016e+04 2.845782958582819265e+04 2.815427286618921789e+04 2.789001682944899221e+04 2.766451553033491655e+04 2.747730352258055791e+04 2.732799470083617052e+04 2.721628133645753769e+04 2.714193330677770427e+04 2.710479751743177621e+04 2.710479751743177621e+04
4.058781000423179357e+05 4.058781000423179357e+05 4.051560118708636146e+05 4.037176184199913405e+05 4.015743849469643319e+05 3.987432609651433304e+05 3.952463903160901391e+05 3.911107377614559955e+05 3.863676426585716545e+05 3.810523120747047942e+05 3.752032669874305138e+05 3.688617559780763695e+05 3.620711510429102927e+05 3.548763398415084230e+05 3.473231279172232025e+05 3.394576632259856560e+05 3.313258937766993186e+05 3.229730674104228965e+05 3.144432808209430077e+05 3.057790829392949818e+05 2.970211358556542546e+05 2.882079346084400895e+05 2.793755854940538411e+05 2.705576410866301740e+05 2.617849889345107658e+05 2.530857899335420225e+05 2.444854616662196640e+05 2.360067015288985567e+05 2.276695442267456965e+05 2.194914481697884912e+05 2.114874054241319536e+05 2.036700701259016059e+05 1.960499006216561538e+05 1.886353110261312686e+05 1.814328283598974231e+05 1.744472519218951929e+05 1.676818120451057912e+05 1.611383258620958659e+05 1.548173481590615993e+05 1.487183158136894053e+05 1.428396846882891259e+05 1.371790581825136614e+05 1.317333069389287557e+05 1.264986794402785308e+05 1.214709034423380508e+05 1.166452783530697634e+05 1.120167588013084314e+05 1.075800297403403820e+05 1.033295735067193164e+05 9.925972930720374279e+04 9.536474563945490809e+04 9.163882616927755589e+04 8.807616959082805261e+04 8.467100399004819337e+04 8.141761621694521455e+04 7.831037675197262433e+04 7.534376052709504438e+04 7.251236413432403060e+04 6.981091982540547906e+04 6.723430667611140234e+04 6.477755925852891960e+04 6.243587413519126858e+04 6.020461446028976206e+04 5.807931294596304360e+04 5.605567342588767497e+04 5.412957122426568094e+04 5.229705251596106973e+04 5.055433284280259249e+04 4.889779493220535369e+04 4.732398594695713109e+04 4.582961427938594716e+04 4.441154598895248637e+04 4.306680096962180687e+04 4.179254892197023582e+04 4.058610519486878184e+04 3.944492655249914242e+04 3.836660691450897866e+04 3.734887311007751123e+04 3.638958068044116953e+04 3.548670975897842436e+04 3.463836105332517764e+04 3.384275194968585129e+04 3.309821275617372885e+04 3.240318309875137493e+04 3.175620848081842269e+04 3.115593701522228002e+04 3.060111633555051594e+04 3.009059069203137187e+04 2.962329823592641696e+04 2.919826849531836342e+04 2.881462004424997940e+04 2.847155836642026770e+04 2.816837391416916216e+04 2.790444036296712875e+04 2.767921306138197542e+04 2.749222767620103332e+04 2.734309903237798062e+04 2.723152014724189212e+04 2.715726145859521057e+04 2.712017024617187781e+04 2.712017024617187781e+04
4.064427651028552791e+05 4.064427651028552791e+05 4.057163747296140646e+05 4.042694467040615855e+05 4.021135839604170178e+05 3.992659376628448372e+05 3.957489116791643901e+05 3.915897820907600690e+05 3.868202425998945255e+05 3.814758885250757448e+05 3.755956533876470057e+05 3.692212128523178981e+05 3.623963709843651159e+05 3.551664434474523296e+05 3.475776514363535098e+05 3.396765388856432983e+05 3.315094239044937422e+05 3.231218935524115805e+05 3.145583490901582409e+05 3.058616068092858186e+05 2.970725575517565594e+05 2.882298861528334673e+05 2.793698503393605351e+05 2.705261171349204960e+05 2.617296535934583226e+05 2.530086677156085498e+05 2.443885946964821196e+05 2.358921231974418333e+05 2.275392561048367352e+05 2.193474002085050161e+05 2.113314793694559194e+05 2.035040660166874586e+05 1.958755261845865753e+05 1.884541737444379833e+05 1.812464299680073163e+05 1.742569850650622102e+05 1.674889588391672005e+05 1.609440580924873648e+05 1.546227288679847261e+05 1.485243020387265715e+05 1.426471311331046454e+05 1.369887216197820962e+05 1.315458511658940115e+05 1.263146806281291210e+05 1.212908557407161425e+05 1.164695996304797736e+05 1.118457964205481840e+05 1.074140662847548083e+05 1.031688323886488070e+05 9.910438020365101693e+04 9.521490971231309231e+04 9.149458103813786875e+04 8.793755403572882642e+04 8.453802236933249515e+04 8.129024259221991815e+04 7.818855871762555034e+04 7.522742274641359109e+04 7.240141158793980139e+04 6.970524078063524212e+04 6.713377538801239280e+04 6.468203841503673175e+04 6.234521705993179057e+04 6.011866708728636149e+04 5.799791558087515295e+04 5.597866230849123531e+04 5.405677990674826287e+04 5.222831307127862237e+04 5.048947691689814383e+04 4.883665465330960433e+04 4.726639470461227756e+04 4.577540738501868327e+04 4.436056122925907403e+04 4.301887906317535817e+04 4.174753388880244893e+04 4.054384464800300339e+04 3.940527191972962464e+04 3.832941359806454420e+04 3.731400059111051814e+04 3.635689257468091819e+04 3.545607382932856126e+04 3.460964918459609180e+04 3.381584009018079087e+04 3.307298083032044815e+04 3.237951489458643482e+04 3.173399151567505396e+04 3.113506238262726765e+04 3.058147853599833616e+04 3.007208744994545850e+04 2.960583030489988596e+04 2.918173945341933722e+04 2.879893608096030948e+04 2.845662806258918499e+04 2.815410801614758384e+04 2.789075155194663967e+04 2.766601571879928451e+04 2.747943764599201677e+04 2.733063338067933728e+04 2.721929692014084503e+04 2.714519943836428865e+04 2.710818870644900380e+04 2.710818870644900380e+04
4.073303710587113746e+05 4.073303710587113746e+05 4.065973300807357300e+05 4.051372090676547377e+05 4.029618243544354918e+05 4.000886397278722143e+05 3.965404622804044047e+05 3.923450509954279987e+05 3.875346493703132146e+05 3.821454552749025752e+05 3.762170425900768023e+05 3.697917499370819423e+05 3.629140519867049297e+05 3.556299284538681386e+05 3.479862449875531602e+05 3.400301588328421931e+05 3.318085604615390766e+05 3.233675604403498583e+05 3.147520287349490682e+05 3.060051915349604678e+05 2.971682886203477974e+05 2.882802923535188311e+05 2.793776876357062720e+05 2.704943106565038324e+05 2.616612430206511053e+05 2.529067568658854871e+05 2.442563058886317885e+05 2.357325567542232457e+05 2.273554551615979290e+05 2.191423208283043350e+05 2.111079658265110047e+05 2.032648309996738099e+05 1.956231355880862975e+05 1.881910356586060079e+05 1.809747874407325871e+05 1.739789121939393226e+05 1.672063597496688308e+05 1.606586683703052404e+05 1.543361190347503871e+05 1.482378826883622678e+05 1.423621593789555773e+05 1.367063085376809468e+05 1.312669699547199707e+05 1.260401752451242937e+05 1.210214498035202560e+05 1.162059054102487717e+05 1.115883237806644029e+05 1.071632314468775294e+05 1.029249664323618344e+05 9.886773722740178346e+04 9.498567460218952328e+04 9.127287680699015618e+04 8.772344870884752891e+04 8.433153540429304121e+04 8.109135082975518890e+04 7.799720186805730918e+04 7.504350842200835177e+04 7.222481989636464277e+04 6.953582849795815127e+04 6.697137973223302106e+04 6.452648044281893817e+04 6.219630471003366983e+04 5.997619789465195208e+04 5.786167908531762077e+04 5.584844218140905286e+04 5.393235581870203168e+04 5.210946232232241891e+04 5.037597585057075048e+04 4.872827987401407881e+04 4.716292411694596376e+04 4.567662107239180477e+04 4.426624218790513987e+04 4.292881380645982426e+04 4.166151293556047312e+04 4.046166290745134756e+04 3.932672898450044886e+04 3.825431395581192191e+04 3.724215376417442167e+04 3.628811319642780290e+04 3.539018166491433658e+04 3.454646910306614154e+04 3.375520199419598066e+04 3.301471954906940664e+04 3.232347004479627867e+04 3.168000733516010587e+04 3.108298754024553273e+04 3.053116592144136303e+04 3.002339394635679491e+04 2.955861654695228935e+04 2.913586957316977714e+04 2.875427744340885329e+04 2.841305099271590007e+04 2.811148551885761117e+04 2.784895902621920686e+04 2.762493066709923369e+04 2.743893937988467587e+04 2.729060272341634845e+04 2.717961590690737648e+04 2.710575101474140320e+04 2.706885642563068177e+04 2.706885642563068177e+04
4.085442207479466451e+05 4.085442207479466451e+05 4.078021212105376180e+05 4.063240314227945055e+05 4.041220602300018654e+05 4.012140999140684144e+05 3.976235102035875316e+05 3.933787118392938864e+05 3.885127016082326300e+05 3.830625027373378398e+05 3.770685659349652124e+05 3.705741371458644280e+05 3.636246082384590409e+05 3.562668663999351556e+05 3.485486570306859212e+05 3.405179734870124958e+05 3.322224852170156082e+05 3.237090137782570091e+05 3.150230640286787529e+05 3.062084155515760649e+05 2.973067772081865696e+05 2.883575056915906607e+05 2.793973871461596573e+05 2.704604793656062684e+05 2.615780108155778435e+05 2.527783317535221868e+05 2.440869120331058803e+05 2.355263797645874438e+05 2.271165948286509374e+05 2.188747512754071504e+05 2.108155028461538313e+05 2.029511061952723539e+05 1.952915768276482122e+05 1.878448532697766204e+05 1.806169655315045966e+05 1.736122044649020245e+05 1.668332891675963474e+05 1.602815300940681191e+05 1.539569860190291656e+05 1.478586134339602431e+05 1.419844073477933707e+05 1.363315328027670912e+05 1.308964467081212206e+05 1.256750098386857280e+05 1.206625890463430551e+05 1.158541498929041409e+05 1.112443400380006933e+05 1.068275638092620356e+05 1.025980484484249610e+05 9.854990257070666121e+04 9.467716739928619063e+04 9.097386134563697851e+04 8.743401850297351484e+04 8.405172160695958883e+04 8.082112999716661579e+04 7.773650308711569232e+04 7.479221982113576087e+04 7.198279456472444872e+04 6.930288984217461257e+04 6.674732630221865838e+04 6.431109025995240518e+04 6.198933913155025220e+04 5.977740504815940221e+04 5.767079690673422738e+04 5.566520108874625294e+04 5.375648105278496223e+04 5.194067598406167963e+04 5.021399866276661487e+04 4.857283269399540586e+04 4.701372922445927543e+04 4.553340325555847812e+04 4.412872964816273452e+04 4.279673890182415926e+04 4.153461277982613683e+04 4.033967984149747645e+04 3.920941093431754416e+04 3.814141469050219166e+04 3.713343306595103786e+04 3.618333695335757511e+04 3.528912189610256610e+04 3.444890392493674881e+04 3.366091553560637112e+04 3.292350182209103514e+04 3.223511677730001611e+04 3.159431977055414973e+04 3.099977220911668701e+04 3.045023438924830043e+04 2.994456254083739623e+04 2.948170606838406457e+04 2.906070499024851961e+04 2.868068757713304876e+04 2.834086819028449099e+04 2.804054531938313448e+04 2.777909981970018998e+04 2.755599334797190386e+04 2.737076699618967541e+04 2.722304012252794928e+04 2.711250937858709949e+04 2.703894793218619088e+04 2.700220488508286871e+04 2.700220488508286871e+04
4.100891851119867060e+05 4.100891851119867060e+05 4.093355343949898379e+05 4.078345331297434750e+05 4.055986665126464213e+05 4.026463780477325199e+05 3.990017382119107060e+05 3.946940185593155911e+05 3.897571839636079967e+05 3.842293177896054112e+05 3.781519962492140476e+05 3.715696289916326059e+05 3.645287830990806688e+05 3.570775071391760139e+05 3.492646708270371892e+05 3.411393342632513959e+05 3.327501587477610447e+05 3.241448689430966624e+05 3.153697737957245554e+05 3.064693512383038760e+05 2.974858993928427226e+05 2.884592548634586274e+05 2.794265768155559781e+05 2.704221939322540420e+05 2.614775100445643475e+05 2.526209632559615129e+05 2.438780327141507878e+05 2.352712868010066741e+05 2.268204663826401229e+05 2.185425968483769684e+05 2.104521229283149005e+05 2.025610606739860959e+05 1.948791614768251893e+05 1.874140835493846389e+05 1.801715668744250434e+05 1.731556082117222250e+05 1.663686333216138009e+05 1.598116641025952122e+05 1.534844788369821035e+05 1.473857641867970815e+05 1.415132579783347610e+05 1.358638821570411965e+05 1.304338655858259735e+05 1.252188566023128515e+05 1.202140254474146350e+05 1.154141568335753109e+05 1.108137330403225787e+05 1.064070080127283290e+05 1.021880729988095118e+05 9.815091429989277094e+04 9.428946372711811273e+04 9.059764236104543670e+04 8.706939820346827037e+04 8.369873829317044874e+04 8.047975583328974608e+04 7.740665284905723820e+04 7.447375886256899685e+04 7.167554603717743885e+04 6.900664120958819694e+04 6.646183519293961581e+04 6.403608970044280431e+04 6.172454220642819564e+04 5.952250903071778157e+04 5.742548690290901141e+04 5.542915323595634254e+04 5.352936531317834306e+04 5.172215856953172624e+04 5.000374412683821720e+04 4.837050572335187462e+04 4.681899616048968164e+04 4.534593337402273028e+04 4.394819622273834102e+04 4.262282007517289458e+04 4.136699226370509859e+04 4.017804746549168340e+04 3.905346306087496487e+04 3.799085451229567116e+04 3.698797079994311207e+04 3.604268994446111901e+04 3.515301464200080954e+04 3.431706803234381368e+04 3.353308961714423640e+04 3.279943134185575036e+04 3.211455385233966808e+04 3.147702293454804021e+04 3.088550614381131891e+04 3.033876962850819837e+04 2.983567515152955093e+04 2.937517731182130956e+04 2.895632096729306795e+04 2.857823885977849932e+04 2.824014944201229446e+04 2.794135490632010260e+04 2.768123941430125706e+04 2.745926752662057334e+04 2.727498283199379148e+04 2.712800677429674033e+04 2.701803767688087828e+04 2.694484996316862453e+04 2.690829357281423654e+04 2.690829357281423654e+04
4.119717526982433046e+05 4.119717526982433046e+05 4.112039468790279352e+05 4.096748719920600415e+05 4.073974796243688324e+05 4.043908962125742692e+05 4.006800725025187130e+05 3.962953332997463876e+05 3.912718411972060567e+05 3.856489902049818775e+05 3.794697467551731970e+05 3.727799563733824180e+05 3.656276343899433850e+05 3.580622584471022710e+05 3.501340793143908959e+05 3.418934647540076403e+05 3.333902890039266204e+05 3.246733780021685525e+05 3.157900178965391242e+05 3.067855317999145482e+05 2.977029272760062595e+05 2.885826147689232603e+05 2.794621951948574861e+05 2.703763132414816646e+05 2.613565715953921899e+05 2.524315003420568828e+05 2.436265751415091509e+05 2.349642774473127502e+05 2.264641899680269125e+05 2.181431207255272311e+05 2.100152493974777753e+05 2.020922900965737645e+05 1.943836652957073238e+05 1.868966862182104087e+05 1.796367356441777665e+05 1.726074497118947911e+05 1.658108958969654923e+05 1.592477449164801510e+05 1.529174348211307952e+05 1.468183259987508354e+05 1.409478462160390336e+05 1.353026251707050542e+05 1.298786183169629367e+05 1.246712199657791207e+05 1.196753658528749511e+05 1.148856255164838076e+05 1.102962849391140626e+05 1.059014199875034101e+05 1.016949612381835905e+05 9.767075080662046093e+04 9.382259181023162091e+04 9.014429109330523352e+04 8.662969582824115059e+04 8.327272458521554654e+04 8.006739343406209082e+04 7.700783760937656916e+04 7.408832923462823965e+04 7.130329156435967889e+04 6.864731016670739336e+04 6.611514143201346451e+04 6.370171875796464883e+04 6.140215672797629668e+04 5.921175356755729445e+04 5.712599213354016683e+04 5.514053966321793996e+04 5.325124648492212873e+04 5.145414386806810217e+04 4.974544116938176739e+04 4.812152241265704652e+04 4.657894242198466964e+04 4.511442261273239274e+04 4.372484653055225499e+04 4.240725521629509603e+04 4.115884246361254191e+04 3.997695002627268696e+04 3.885906282369085966e+04 3.780280418554542848e+04 3.680593116982748325e+04 3.586632998293148557e+04 3.498201152535618166e+04 3.415110708239115775e+04 3.337186417538406386e+04 3.264264258603293274e+04 3.196191056351245788e+04 3.132824122189800983e+04 3.074030913350237461e+04 3.019688712208358265e+04 2.969684325865387291e+04 2.923913806149922311e+04 2.882282190113529578e+04 2.844703261040272628e+04 2.811099329919957017e+04 2.781401037314991481e+04 2.755547175515761774e+04 2.733484530868749425e+04 2.715167746155464556e+04 2.700559202895772614e+04 2.689628923467783170e+04 2.682354492934666268e+04 2.678721000496640045e+04 2.678721000496640045e+04
4.142000978133411263e+05 4.142000978133411263e+05 4.134153929957969231e+05 4.118528063893056824e+05 4.095258538364591077e+05 4.064544877589782700e+05 4.026647230975525454e+05 3.981881572453998378e+05 3.930613988807681599e+05 3.873254230210061069e+05 3.810248712776175234e+05 3.742073171378666884e+05 3.669225161322338972e+05 3.592216600086634862e+05 3.511566526071847184e+05 3.427794231274275226e+05 3.341412900453462498e+05 3.252923862173467060e+05 3.162811528621213511e+05 3.071539072783243028e+05 2.979544864671311807e+05 2.887239663854803075e+05 2.795004544355093967e+05 2.703189510458025616e+05 2.612112748416657269e+05 2.522060449323240318e+05 2.433287132401244307e+05 2.346016395241097198e+05 2.260442017612025084e+05 2.176729347919103166e+05 2.095016905608890229e+05 2.015418138369394001e+05 1.938023279352209938e+05 1.862901256473911926e+05 1.790101612798945280e+05 1.719656403796733648e+05 1.651582043707648700e+05 1.585881079199778032e+05 1.522543873866129434e+05 1.461550191849092080e+05 1.402870672976198548e+05 1.346468195261915971e+05 1.292299123509616766e+05 1.240314445075125259e+05 1.190460795694808330e+05 1.142681379681313701e+05 1.096916789817749377e+05 1.053105732984978240e+05 1.011185667993792886e+05 9.710933623119934055e+04 9.327653744157360052e+04 8.961384683982995921e+04 8.611499672656698385e+04 8.277380510668655916e+04 7.958420056731483783e+04 7.654024276486509189e+04 7.363613902659328596e+04 7.086625753229951079e+04 6.822513750238370267e+04 6.570749678002188739e+04 6.330823715828223794e+04 6.102244776800293766e+04 5.884540680932216492e+04 5.677258187910058041e+04 5.479962911835990963e+04 5.292239137772930553e+04 5.113689557539328234e+04 4.943934940057941276e+04 4.782613749619798182e+04 4.629381723701416922e+04 4.483911420408332924e+04 4.345891744236470549e+04 4.215027457620514178e+04 4.091038684648720664e+04 3.973660412363057549e+04 3.862641994236393657e+04 3.757746659670021472e+04 3.658751032726437552e+04 3.565444662752351724e+04 3.477629569064196403e+04 3.395119801466530043e+04 3.317741018001592602e+04 3.245330081047688873e+04 3.177734672610415873e+04 3.114812929447902934e+04 3.056433098484636866e+04 3.002473212826147574e+04 2.952820788560935398e+04 2.907372542437515585e+04 2.866034130434198596e+04 2.828719907173502725e+04 2.795352706091208165e+04 2.765863640239370943e+04 2.740191923583473545e+04 2.718284712646023399e+04 2.700096968341292450e+04 2.685591337857700273e+04 2.674738056453734316e+04 2.667514869046625972e+04 2.663906971494250320e+04 2.663906971494250320e+04
4.167841685366383754e+05 4.167841685366383754e+05 4.159796495843658922e+05 4.143777756058466621e+05 4.119927342168932082e+05 4.088454608678296790e+05 4.049632363885814557e+05 4.003791709370550234e+05 3.951315907388427295e+05 3.892633466451849090e+05 3.828210653256959049e+05 3.758543647951189196e+05 3.684150559471240849e+05 3.605563508796644164e+05 3.523320971405012533e+05 3.437960547323898645e+05 3.350012299546170980e+05 3.259992770978395129e+05 3.168399758281062241e+05 3.075707889579314506e+05 2.982365023515625508e+05 2.888789460614271811e+05 2.795367935250395676e+05 2.702454338146049995e+05 2.610369105417273531e+05 2.519399200669669081e+05 2.429798611171458906e+05 2.341789277246846468e+05 2.255562375173931068e+05 2.171279877425049199e+05 2.089076319459630467e+05 2.009060708907921507e+05 1.931318520359445538e+05 1.855913726671726326e+05 1.782890825393898122e+05 1.712276826284198032e+05 1.644083172800118045e+05 1.578307576720591751e+05 1.514935750650473638e+05 1.453943028026828542e+05 1.395295864396060642e+05 1.338953217199353676e+05 1.284867804128956777e+05 1.232987242368883599e+05 1.183255072767206002e+05 1.135611674277181883e+05 1.089995074909917894e+05 1.046341666028688487e+05 1.004586827137909713e+05 9.646654684307372372e+04 9.265124983029576833e+04 8.900632228550879518e+04 8.552536841244359675e+04 8.220209434406674700e+04 7.903033159041230101e+04 7.600405615689398837e+04 7.311740384794348211e+04 7.036468222803650133e+04 6.774037966968219553e+04 6.523917187755784835e+04 6.285592623912436102e+04 6.058570431576765986e+04 5.842376275462633930e+04 5.636555286988237640e+04 5.440671911357303907e+04 5.254309662980536814e+04 5.077070806229914160e+04 4.908575976391459699e+04 4.748463753733384510e+04 4.596390201899237582e+04 4.452028380284065497e+04 4.315067838696947001e+04 4.185214101401612425e+04 4.062188146573692211e+04 3.945725886268924660e+04 3.835577651190629695e+04 3.731507683833753981e+04 3.633293642959809222e+04 3.540726121829616750e+04 3.453608182162555750e+04 3.371754905388691259e+04 3.294992962435777008e+04 3.223160203000934416e+04 3.156105265019068611e+04 3.093687204839735932e+04 3.035775148455158342e+04 2.982247963995314421e+04 2.932993955577576708e+04 2.887910578532255386e+04 2.846904175942085931e+04 2.809889736386869845e+04 2.776790672751517195e+04 2.747538621926965789e+04 2.722073265223732960e+04 2.700342169311111502e+04 2.682300647500967170e+04 2.667911641203876934e+04 2.657145621399250740e+04 2.649980509986817924e+04 2.646401620900128546e+04 2.646401620900128546e+04
4.197357961659823777e+05 4.197357961659823777e+05 4.189083422136692679e+05 4.172609997371557984e+05 4.148087473704132717e+05 4.115736776336354087e+05 4.075845605261548772e+05 4.028762844599100645e+05 3.974891927092151018e+05 3.914683364633032470e+05 3.848626675211054971e+05 3.777241945975919953e+05 3.701071271120262682e+05 3.620670292545961565e+05 3.536600051890189643e+05 3.449419336013077991e+05 3.359677666365117184e+05 3.267909047820422566e+05 3.174626556635407032e+05 3.080317812071410590e+05 2.985441343541208771e+05 2.890423836175408796e+05 2.795658213324209792e+05 2.701502495193577488e+05 2.608279358658733545e+05 2.516276314104935736e+05 2.425746410471107520e+05 2.336909378911263484e+05 2.249953127953776857e+05 2.165035508001956914e+05 2.082286269796683919e+05 2.001809149404276395e+05 1.923684020858887816e+05 1.847969066312861396e+05 1.774702922073816299e+05 1.703906766963596747e+05 1.635586326838064706e+05 1.569733775743225124e+05 1.506329519998946635e+05 1.445343856489563768e+05 1.386738500623227155e+05 1.330467982856228773e+05 1.276480915420750389e+05 1.224721133034311642e+05 1.175128712964474544e+05 1.127640880970815051e+05 1.082192810403223848e+05 1.038718322180878458e+05 9.971504935638680763e+04 9.574221836151338357e+04 9.194664830810221611e+04 8.832170961332111619e+04 8.486086610457730421e+04 8.155770164571612258e+04 7.840594194092399266e+04 7.539947208814097394e+04 7.253235040626669070e+04 6.979881901366880629e+04 6.719331159037181351e+04 6.471045871327145869e+04 6.234509111335178022e+04 6.009224116603726725e+04 5.794714289101331087e+04 5.590523070576939062e+04 5.396213714796442218e+04 5.211368975519110973e+04 5.035590726688444556e+04 4.868499529156483914e+04 4.709734156358528708e+04 4.558951089632078947e+04 4.415823992370742781e+04 4.280043170864378044e+04 4.151315028495992010e+04 4.029361518929368322e+04 3.913919603037210618e+04 3.804740713502789004e+04 3.701590230375208921e+04 3.604246970246353158e+04 3.512502691224234877e+04 3.426161615432469989e+04 3.345039970398588775e+04 3.268965550378925036e+04 3.197777298399523715e+04 3.131324909573189143e+04 3.069468456065511418e+04 3.012078033933416373e+04 2.959033431934941837e+04 2.910223822310509058e+04 2.865547473463718052e+04 2.824911484405094598e+04 2.788231540785383550e+04 2.755431692313596068e+04 2.726444151341992620e+04 2.701209112388177527e+04 2.679674592374515851e+04 2.661796291364106946e+04 2.647537473597842472e+04 2.636868868650098011e+04 2.629768592548806191e+04 2.626222088729473762e+04 2.626222088729473762e+04
4.230688280525834998e+05 4.230688280525834998e+05 4.222150740914375638e+05 4.205156008986955276e+05 4.179863114716464188e+05 4.146506498802613933e+05 4.105391245289403014e+05 4.056886980045202654e+05 4.001420638269211631e+05 3.939468336618829635e+05 3.871546607115314691e+05 3.798203259899062105e+05 3.720008140049458598e+05 3.637544030674911919e+05 3.551397931593349786e+05 3.462152911998270429e+05 3.370380698788727750e+05 3.276635122167546651e+05 3.181446499109262368e+05 3.085316995617348584e+05 2.988716972190226079e+05 2.892082285048321937e+05 2.795812489360187319e+05 2.700269870402201777e+05 2.605779214297972212e+05 2.512628221367579827e+05 2.421068461560058349e+05 2.331316772175818041e+05 2.243557002240964794e+05 2.157942014627722383e+05 2.074595865504162794e+05 1.993616090225090738e+05 1.915076034742098418e+05 1.839027181517495774e+05 1.765501428413746762e+05 1.694513287824882136e+05 1.626061981262790796e+05 1.560133411610273470e+05 1.496702001282179262e+05 1.435732389616344590e+05 1.377180986996184511e+05 1.320997386566713976e+05 1.267125637027279736e+05 1.215505381965338165e+05 1.166072872620877315e+05 1.118761861939079390e+05 1.073504388347591157e+05 1.030231457971012569e+05 9.888736340231334907e+04 9.493615419605754141e+04 9.116262986817811907e+04 8.755998736568728054e+04 8.412153894075989956e+04 8.084073682469539926e+04 7.771119316619652091e+04 7.472669581885816297e+04 7.188122051057367935e+04 6.916893987679292331e+04 6.658422979145376303e+04 6.412167338392807142e+04 6.177606308816287492e+04 5.954240103097046085e+04 5.741589803073052462e+04 5.539197144498106354e+04 5.346624207596193446e+04 5.163453031633558567e+04 4.989285169360959117e+04 4.823741195022814645e+04 4.666460177754617325e+04 4.517099130489664094e+04 4.375332443022630468e+04 4.240851306571469468e+04 4.113363136036050128e+04 3.992590995148324146e+04 3.878273028848541435e+04 3.770161906462785555e+04 3.668024278607691667e+04 3.571640250189921062e+04 3.480802871388672065e+04 3.395317648097812344e+04 3.315002072963133833e+04 3.239685177850766559e+04 3.169207108347030589e+04 3.103418720677083184e+04 3.042181201274133855e+04 2.985365709084452465e+04 2.932853040590308956e+04 2.884533317453821292e+04 2.840305696604836703e+04 2.800078102566142479e+04 2.763766981764373122e+04 2.731297078562394745e+04 2.702601232737388273e+04 2.677620198131115103e+04 2.656302482206495188e+04 2.638604206259524653e+04 2.624488986057763395e+04 2.613927832701740772e+04 2.606899073529737143e+04 2.603388292927056318e+04 2.603388292927056318e+04
4.267992861917295377e+05 4.267992861917295377e+05 4.259155799323420506e+05 4.241567478288708371e+05 4.215397674147303915e+05 4.180896531871814514e+05 4.138389321800159523e+05 4.088269734091936843e+05 4.030991940557979397e+05 3.967061689013061114e+05 3.897026719426873606e+05 3.821466801887591137e+05 3.740983693540493841e+05 3.656191295887171291e+05 3.567706266623329720e+05 3.476139303743111668e+05 3.382087276656330214e+05 3.286126332483608858e+05 3.188806058444434893e+05 3.090644735993384966e+05 2.992125681281510042e+05 2.893694631251613609e+05 2.795758106207476812e+05 2.698682658424588153e+05 2.602794902162404615e+05 2.508382212755932705e+05 2.415693980466126814e+05 2.324943307463241799e+05 2.236309042638045212e+05 2.149938057857076928e+05 2.065947679849577544e+05 1.984428203334537684e+05 1.905445422588098736e+05 1.829043129912654404e+05 1.755245540018914908e+05 1.684059608929131064e+05 1.615477224514040863e+05 1.549477253128136799e+05 1.486027433021275501e+05 1.425086110333315155e+05 1.366603817604130018e+05 1.310524697965112719e+05 1.256787780623680737e+05 1.205328115026962187e+05 1.156077772301207879e+05 1.108966723307094944e+05 1.063923603022055031e+05 1.020876371033398464e+05 9.797528777746835840e+04 9.404813458133241511e+04 9.029907750565464085e+04 8.672112802152008226e+04 8.330743682929735223e+04 8.005131632678149617e+04 7.694625845295438194e+04 7.398594850423927710e+04 7.116427546276242356e+04 6.847533932146377629e+04 6.591345583959281794e+04 6.347315911433188739e+04 6.114920231022534426e+04 5.893655684770292282e+04 5.683041031543058489e+04 5.482616333786108589e+04 5.291942559964790416e+04 5.110601120183928288e+04 4.938193350093487243e+04 4.774339956078696559e+04 4.618680432860033034e+04 4.470872462989106134e+04 4.330591306273393275e+04 4.197529185904557380e+04 4.071394676957396587e+04 3.951912101978126157e+04 3.838820937537577265e+04 3.731875234927733982e+04 3.630843057546377531e+04 3.535505937010102207e+04 3.445658349570193968e+04 3.361107214038531674e+04 3.281671412108960794e+04 3.207181331690095249e+04 3.137478433648526334e+04 3.072414842175410013e+04 3.011852958845746252e+04 2.955665100320390775e+04 2.903733159542945577e+04 2.855948290223883669e+04 2.812210614343483030e+04 2.772428952372833373e+04 2.736520575890152759e+04 2.704410982261960453e+04 2.676033691053168150e+04 2.651330061845602540e+04 2.630249133151617571e+04 2.612747482141999717e+04 2.598789104920857790e+04 2.588345317121597691e+04 2.581394674625917833e+04 2.577922914246023356e+04 2.577922914246023356e+04
4.309455543656490627e+05 4.309455543656490627e+05 4.300279074760216754e+05 4.282018263662666432e+05 4.254855332477432094e+05 4.219058608882775879e+05 4.174976719840277801e+05 4.123031174060066114e+05 4.063707592003238387e+05 3.997545883761970908e+05 3.925129702556961565e+05 3.847075513495045016e+05 3.764021613278371515e+05 3.676617417430244968e+05 3.585513299050448113e+05 3.491351219780108077e+05 3.394756342843698803e+05 3.296329763350536232e+05 3.196642436061736662e+05 3.096230328750435729e+05 2.995590782721152646e+05 2.895180022836574935e+05 2.795411728578872280e+05 2.696656555540266563e+05 2.599242482958501787e+05 2.503455856664766325e+05 2.409542996968900552e+05 2.317712246272195480e+05 2.228136340266373882e+05 2.140954998203173745e+05 2.056277640809589066e+05 1.974186158067686483e+05 1.894737662550654204e+05 1.817967176782448078e+05 1.743890214798932429e+05 1.672505228525907150e+05 1.603795898645315610e+05 1.537733257294402574e+05 1.474277636283351167e+05 1.413380439628284657e+05 1.354985743199408462e+05 1.299031727320625796e+05 1.245451950361056806e+05 1.194176472868916753e+05 1.145132842738521285e+05 1.098246952377449052e+05 1.053443778963324730e+05 1.010648018720816617e+05 9.697846257888250693e+04 9.307792657409190724e+04 8.935586932188458741e+04 8.580510624763071246e+04 8.241861789391802449e+04 7.918956991934232065e+04 7.611132861273622257e+04 7.317747252964800282e+04 7.038180079530416697e+04 6.771833855964643590e+04 6.518134003560053679e+04 6.276528950157787767e+04 6.046490060362200165e+04 5.827511425095748564e+04 5.619109536143388686e+04 5.420822867973362736e+04 5.232211386120950192e+04 5.052855998767913115e+04 4.882357965780547238e+04 4.720338277399057552e+04 4.566437012932440848e+04 4.420312688220434211e+04 4.281641599222124933e+04 4.150117167877942120e+04 4.025449295330603491e+04 3.907363726695159858e+04 3.795601430769155559e+04 3.689917997412847762e+04 3.590083054753777105e+04 3.495879707882009825e+04 3.407104000291576813e+04 3.323564398977064411e+04 3.245081303809695237e+04 3.171486581569283953e+04 3.102623124825238119e+04 3.038344435685679127e+04 2.978514234322344055e+04 2.923006092068081853e+04 2.871703088813243448e+04 2.824497494371894572e+04 2.781290473449715500e+04 2.741991813822666882e+04 2.706519677325546581e+04 2.674800373247878451e+04 2.646768153744440133e+04 2.622365030886086970e+04 2.601540614994715361e+04 2.584251973939769960e+04 2.570463513102212528e+04 2.560146875747731247e+04 2.553280863594064795e+04 2.549851377393096118e+04 2.549851377393096118e+04
4.355285970761151984e+05 4.355285970761151984e+05 4.345726297755146516e+05 4.326706386869247071e+05 4.298422844249397749e+05 4.261165001090419828e+05 4.215308446801942773e+05 4.161306774106973317e+05 4.099681830292008235e+05 4.031012816696088412e+05 3.955924610191439278e+05 3.875075694029681617e+05 3.789146080340357148e+05 3.698825583419632167e+05 3.604802763777382788e+05 3.507754810948431259e+05 3.408338572420827113e+05 3.307182871191473096e+05 3.204882189868201967e+05 3.101991738816804718e+05 2.999023872714681202e+05 2.896445776109686121e+05 2.794678305270357523e+05 2.694095850867760018e+05 2.595027073209423688e+05 2.497756357646503311e+05 2.402525840875233989e+05 2.309537867481773428e+05 2.218957748615544115e+05 2.130916709628097015e+05 2.045514929623490316e+05 1.962824592105546617e+05 1.882892881519810762e+05 1.805744874931404775e+05 1.731386291027724510e+05 1.659806069917038258e+05 1.590978766769634094e+05 1.524866750272265635e+05 1.461422203252631589e+05 1.400588927831933834e+05 1.342303961251830915e+05 1.286499011273572251e+05 1.233101721931715438e+05 1.182036781599366805e+05 1.133226885929554846e+05 1.086593568401485973e+05 1.042057911027913360e+05 9.995411473585836939e+04 9.589651693196532142e+04 9.202529487189321662e+04 8.833288834668867639e+04 8.481190777548954065e+04 8.145515646167949308e+04 7.825564785030495841e+04 7.520661847312384634e+04 7.230153719511629606e+04 6.953411130869148474e+04 6.689828995914246480e+04 6.438826532751249761e+04 6.199847194485854561e+04 5.972358446462171560e+04 5.755851417749338725e+04 5.549840451504343946e+04 5.353862575490197196e+04 5.167476911007911986e+04 4.990264035880690062e+04 4.821825314800834894e+04 4.661782208314100717e+04 4.509775569946920587e+04 4.365464939429707010e+04 4.228527838635343505e+04 4.098659075691226462e+04 3.975570061727434222e+04 3.858988143867915642e+04 3.748655957336495339e+04 3.644330798934109043e+04 3.545784023611123121e+04 3.452800465413856728e+04 3.365177883714759082e+04 3.282726435325643979e+04 3.205268172833905192e+04 3.132636569297974711e+04 3.064676069263699537e+04 3.001241665934980483e+04 2.942198504220638642e+04 2.887421509307302040e+04 2.836795040344601875e+04 2.790212568794732215e+04 2.747576380969321326e+04 2.708797304272551992e+04 2.673794456665952748e+04 2.642495018881860233e+04 2.614834028932160436e+04 2.590754198481371350e+04 2.570205750686711326e+04 2.553146279138440514e+04 2.539540627575652252e+04 2.529360790095389166e+04 2.522585831610355672e+04 2.519201828366041082e+04 2.519201828366041082e+04
4.405722139348532655e+05 4.405722139348532655e+05 4.395730918015768402e+05 4.375856345969737740e+05 4.346311627877352294e+05 4.307410322310315678e+05 4.259559100455703447e+05 4.203248508230850566e+05 4.139042067305074306e+05 4.067564106430357788e+05 3.989486751857012277e+05 3.905516521847394179e+05 3.816380964192150859e+05 3.722815747700347565e+05 3.625552571234592469e+05 3.525308191007797723e+05 3.422774793725921190e+05 3.318611865482042194e+05 3.213439629684208194e+05 3.107834056615547161e+05 3.002323386217776570e+05 2.897386056749414420e+05 2.793449896135867457e+05 2.690892409926632536e+05 2.590041988711588492e+05 2.491179856895134435e+05 2.394542591814857733e+05 2.300325055195233726e+05 2.208683595820431656e+05 2.119739401328942913e+05 2.033581896722008241e+05 1.950272106420780474e+05 1.869845914707533957e+05 1.792317175634233281e+05 1.717680637699119980e+05 1.645914660686628486e+05 1.576983712080510159e+05 1.510840638525631803e+05 1.447428714124827529e+05 1.386683472124318650e+05 1.328534329998770263e+05 1.272906020305428683e+05 1.219719841147050029e+05 1.168894740842530155e+05 1.120348251612095482e+05 1.073997286880293250e+05 1.029758816289868846e+05 9.875504318023980886e+04 9.472908174070694076e+04 9.089001340252348746e+04 8.723003302331489976e+04 8.374153884574427502e+04 8.041715153558427119e+04 7.724972841947697452e+04 7.423237361852920731e+04 7.135844469509604096e+04 6.862155635729577625e+04 6.601558169951484888e+04 6.353465139704027388e+04 6.117315121892137540e+04 5.892571817457219004e+04 5.678723556679702597e+04 5.475282718540151109e+04 5.281785084213950904e+04 5.097789141783410741e+04 4.922875356674489012e+04 4.756645420046449726e+04 4.598721485402498365e+04 4.448745401970550301e+04 4.306377951934970042e+04 4.171298097327297000e+04 4.043202241285173659e+04 3.921803507473471109e+04 3.806831040647548798e+04 3.698029330679685518e+04 3.595157561797265225e+04 3.497988988299229823e+04 3.406310337625903048e+04 3.319921241327076132e+04 3.238633694195662247e+04 3.162271541619317213e+04 3.090669995027293407e+04 3.023675175159739592e+04 2.961143682793301195e+04 2.902942196460696505e+04 2.848947096655353744e+04 2.799044115965886158e+04 2.753128014568172512e+04 2.711102280491475904e+04 2.672878854076459538e+04 2.638377876064216616e+04 2.607527458762692549e+04 2.580263479782823561e+04 2.556529397850810346e+04 2.536276090257464239e+04 2.519461711535571521e+04 2.506051573011303844e+04 2.496018042911795783e+04 2.489340466772702712e+04 2.486005107928510188e+04 2.486005107928510188e+04
4.461033335604762542e+05 4.461033335604762542e+05 4.450556952944564400e+05 4.429721785655273707e+05 4.398760175639179070e+05 4.358013605118300184e+05 4.307924549846025766e+05 4.249026089457821217e+05 4.181929658003968652e+05 4.107311384016230004e+05 4.025897514688972733e+05 3.938449439073341782e+05 3.845748818457562011e+05 3.748583298538259696e+05 3.647733220296994550e+05 3.543959669750189059e+05 3.437994117612856789e+05 3.330529805854998413e+05 3.222214946329737431e+05 3.113647713277376606e+05 3.005372941099561285e+05 2.897880384048525011e+05 2.791604356282184017e+05 2.686924548458478530e+05 2.584167808916931681e+05 2.483610681054559827e+05 2.385482500978460885e+05 2.289968878173109842e+05 2.197215404268565762e+05 2.107331458939875010e+05 2.020394005874119466e+05 1.936451294397128513e+05 1.855526402978034166e+05 1.777620578966550238e+05 1.702716344385513803e+05 1.630780350415519206e+05 1.561765973521096748e+05 1.495615654218785057e+05 1.432262985552961763e+05 1.371634562722516130e+05 1.313651608280590444e+05 1.258231389167615125e+05 1.205288442782674683e+05 1.154735629552505852e+05 1.106485029192822840e+05 1.060448697225440701e+05 1.016539297424634860e+05 9.746706248189434700e+04 9.347580327365748235e+04 8.967187762109858159e+04 8.604722828984074295e+04 8.259403615303781407e+04 7.930473568488516321e+04 7.617202589684743725e+04 7.318887741772584559e+04 7.034853633375336358e+04 6.764452532734848501e+04 6.507064258352979232e+04 6.262095887062622933e+04 6.028981314615877636e+04 5.807180698959995061e+04 5.596179812029303139e+04 5.395489322053390060e+04 5.204644025051479548e+04 5.023202041268622997e+04 4.850743989773252542e+04 4.686872152253289823e+04 4.531209635154702846e+04 4.383399537673361920e+04 4.243104131730268273e+04 4.110004058854719187e+04 3.983797547896845936e+04 3.864199656627140939e+04 3.750941539557649230e+04 3.643769743706640293e+04 3.542445533524388884e+04 3.446744245772390423e+04 3.356454674801629881e+04 3.271378488391826977e+04 3.191329674081733174e+04 3.116134015739768802e+04 3.045628599980353465e+04 2.979661351924902920e+04 2.918090599716670113e+04 2.860784667156324576e+04 2.807621493773075781e+04 2.758488281641204594e+04 2.713281168236883241e+04 2.671904924644054699e+04 2.634272678430078668e+04 2.600305660542802070e+04 2.569932975607387198e+04 2.543091395043761440e+04 2.519725172463787021e+04 2.499785880856627773e+04 2.483232271116980701e+04 2.470030151525649126e+04 2.460152287839185010e+04 2.453578323708055177e+04 2.450294721190050768e+04 2.450294721190050768e+04
4.521523512944942340e+05 4.521523512944942340e+05 4.510502260835768539e+05 4.488588565094295773e+05 4.456036820299620740e+05 4.413220679388110875e+05 4.360623851916596177e+05 4.298828367961022886e+05 4.228500744509474025e+05 4.150376571311925072e+05 4.065244089505056618e+05 3.973927363135190099e+05 3.877269637275998830e+05 3.776117436310312478e+05 3.671305885284284595e+05 3.563645642540164990e+05 3.453911721947027254e+05 3.342834367821255000e+05 3.231092034516596468e+05 3.119306423521766555e+05 3.008039449289849726e+05 2.897791943907085224e+05 2.789003870651214966e+05 2.682055796101700980e+05 2.577271366994128621e+05 2.474920547968542669e+05 2.375223396055896010e+05 2.278354173671104654e+05 2.184445631000400754e+05 2.093593318538852618e+05 2.005859819326162688e+05 1.921278816909579618e+05 1.839858938490008877e+05 1.761587332749434281e+05 1.686432958472723258e+05 1.614349573434749036e+05 1.545278423424392240e+05 1.479150639085843868e+05 1.415889353862026474e+05 1.355411560112784500e+05 1.297629722800408344e+05 1.242453171306942386e+05 1.189789290241606795e+05 1.139544529745016480e+05 1.091625254983793420e+05 1.045938453409102076e+05 1.002392317041668575e+05 9.608967156350900768e+04 9.213635751288798929e+04 8.837071743793574569e+04 8.478443717850699613e+04 8.136947721309290500e+04 7.811808427690101962e+04 7.502279871465405449e+04 7.207645826851214224e+04 6.927219891030782310e+04 6.660345324601355242e+04 6.406394694755986711e+04 6.164769360303655412e+04 5.934898831958338269e+04 5.716240036359277292e+04 5.508276507951338863e+04 5.310517529073350306e+04 5.122497235322345659e+04 4.943773700441580877e+04 4.773928012530168780e+04 4.612563351287870319e+04 4.459304074207031226e+04 4.313794818110277993e+04 4.175699621118704817e+04 4.044701069046314660e+04 3.920499469293512811e+04 3.802812054520796664e+04 3.691372217751488643e+04 3.585928780003827706e+04 3.486245291109693790e+04 3.392099364018438064e+04 3.303282042586953321e+04 3.219597202619225209e+04 3.140860985741851619e+04 3.066901265548010997e+04 2.997557145342633521e+04 2.932678486742586756e+04 2.872125468331886077e+04 2.815768173538168412e+04 2.763486206894674979e+04 2.715168337838117077e+04 2.670712171215751368e+04 2.630023843697257689e+04 2.593017745317229856e+04 2.559616265406370076e+04 2.529749562229199728e+04 2.503355355670878998e+04 2.480378742389260151e+04 2.460772032886798479e+04 2.444494610020531400e+04 2.431512808522136038e+04 2.421799815164996107e+04 2.415335589264279770e+04 2.412106803270819364e+04 2.412106803270819364e+04
4.587535150832592044e+05 4.587535150832592044e+05 4.575902281908394652e+05 4.552778265358931385e+05 4.518442897757591563e+05 4.473306887477752171e+05 4.417901430059176055e+05 4.352864903013301664e+05 4.278927176258884137e+05 4.196892133241780684e+05 4.107619070362534258e+05 4.012003679587818333e+05 3.910959314770913334e+05 3.805399194576921291e+05 3.696220107670795987e+05 3.584288067560520140e+05 3.470426227217631531e+05 3.355405220686473767e+05 3.239935962946720538e+05 3.124664820489714039e+05 3.010170970181570738e+05 2.896965696162896347e+05 2.785493333665778046e+05 2.676133552122783731e+05 2.569204673607614532e+05 2.464967741585437034e+05 2.363631084245880484e+05 2.265355151906205574e+05 2.170257445426179038e+05 2.078417389476345270e+05 1.989881038874934602e+05 1.904665536863589077e+05 1.822763270507936832e+05 1.744145690257661627e+05 1.668766778243923909e+05 1.596566163514238142e+05 1.527471892584933958e+05 1.461402870958832209e+05 1.398270996122597717e+05 1.337983005488257622e+05 1.280442064199353044e+05 1.225549118053904967e+05 1.173204036304715119e+05 1.123306568032012001e+05 1.075757134343511279e+05 1.030457476989358256e+05 9.873111822058647522e+04 9.462240968037587299e+04 9.071046517547816620e+04 8.698641068483865820e+04 8.344167284113718779e+04 8.006799106249712349e+04 7.685742496440952527e+04 7.380235785173565091e+04 7.089549698304809863e+04 6.812987120326934382e+04 6.549882645579431119e+04 6.299601961047903023e+04 6.061541097828622151e+04 5.835125582653225138e+04 5.619809515897722304e+04 5.415074598213474383e+04 5.220429124233215407e+04 5.035406958618027420e+04 4.859566507002028084e+04 4.692489692068974546e+04 4.533780943022290739e+04 4.383066205039394845e+04 4.239991973888721259e+04 4.104224359699536581e+04 3.975448182884207927e+04 3.853366104382666526e+04 3.737697791708332079e+04 3.628179121715934161e+04 3.524561420545973670e+04 3.426610740827153495e+04 3.334107175919117435e+04 3.246844210739293339e+04 3.164628108533094564e+04 3.087277332816747003e+04 3.014622003603908524e+04 2.946503386973821762e+04 2.882773416983245988e+04 2.823294248908635927e+04 2.767937842795043980e+04 2.716585576302696427e+04 2.669127885862180119e+04 2.625463935179202599e+04 2.585501310173249294e+04 2.549155739479458862e+04 2.516350839688151609e+04 2.487017884561195388e+04 2.461095597513189568e+04 2.438529966711692759e+04 2.419274082208345499e+04 2.403287994579203951e+04 2.390538594613316673e+04 2.380999513659030708e+04 2.374651044293833547e+04 2.371480081058974611e+04 2.371480081058974611e+04
4.659453634995544562e+05 4.659453634995544562e+05 4.647134287804211490e+05 4.622652178006746690e+05 4.586316346868781839e+05 4.538580173837487237e+05 4.480029544790220680e+05 4.411367726722355001e+05 4.333397507707439945e+05 4.247001286076112301e+05 4.153119889581720927e+05 4.052730959524242207e+05 3.946827735780458315e+05 3.836399022616434959e+05 3.722411006359584862e+05 3.605791446199340862e+05 3.487416585374305723e+05 3.368100950341857388e+05 3.248590037339812843e+05 3.129555742343523889e+05 3.011594279994302196e+05 2.895226262684371322e+05 2.780898571259426535e+05 2.668987639257496339e+05 2.559803786958510755e+05 2.453596272932053544e+05 2.350558772752136283e+05 2.250835041525428824e+05 2.154524564488437318e+05 2.061688045041227015e+05 1.972352620198989462e+05 1.886516728497194708e+05 1.804154584530637076e+05 1.725220237692079972e+05 1.649651210777466185e+05 1.577371727589275688e+05 1.508295548213726724e+05 1.442328436981217528e+05 1.379370291905806807e+05 1.319316966219503374e+05 1.262061812971813924e+05 1.207496982964853669e+05 1.155514504871304671e+05 1.106007174496337539e+05 1.058869277996865421e+05 1.013997171604824398e+05 9.712897381293089711e+04 9.306487383065804897e+04 8.919790729747213481e+04 8.551889701057030470e+04 8.201901089455801412e+04 7.868976918965991354e+04 7.552304733271746954e+04 7.251107532047528366e+04 6.964643423078148044e+04 6.692205047709382779e+04 6.433118828423674131e+04 6.186744079736882122e+04 5.952472017008181865e+04 5.729724692085022980e+04 5.517953879828258505e+04 5.316639935369914019e+04 5.125290638403821504e+04 4.943440037766124442e+04 4.770647307000946603e+04 4.606495619430219813e+04 4.450591049422923243e+04 4.302561505029900582e+04 4.162055695866936730e+04 4.028742139073677390e+04 3.902308205295976950e+04 3.782459205920940440e+04 3.668917522202564578e+04 3.561421776447221055e+04 3.459726045045690989e+04 3.363599112835868436e+04 3.272823768055106484e+04 3.187196136957077033e+04 3.106525057043687411e+04 3.030631487770511012e+04 2.959347957522852084e+04 2.892518045635701492e+04 2.829995898211152235e+04 2.771645776501490400e+04 2.717341636648231361e+04 2.666966739593242892e+04 2.620413290034789679e+04 2.577582103339565583e+04 2.538382299382823112e+04 2.502731022349001069e+04 2.470553185590219073e+04 2.441781240700834678e+04 2.416354970041767228e+04 2.394221302009983992e+04 2.375334148422686121e+04 2.359654263455801629e+04 2.347149123643436906e+04 2.337792828519437535e+04 2.331566021550803998e+04 2.328455831082367149e+04 2.328455831082367149e+04
4.737712188163928222e+05 4.737712188163928222e+05 4.724622171787153929e+05 4.698615811812223401e+05 4.660035787344962009e+05 4.609384590186047717e+05 4.547311091988508124e+05 4.474593322202776908e+05 4.392118076824219897e+05 4.300858140882365988e+05 4.201848041561071877e+05 4.096159330714123789e+05 3.984876407501836075e+05 3.869073826473816880e+05 3.749795898881233297e+05 3.628039202005945845e+05 3.504738387007496203e+05 3.380755446602648590e+05 3.256872393463602639e+05 3.133787126009116764e+05 3.012112130044245278e+05 2.892375584808719577e+05 2.775024406844354235e+05 2.660428767212859238e+05 2.548887647687013086e+05 2.440635050124832487e+05 2.335846531831466418e+05 2.234645801434825407e+05 2.137111169589098135e+05 2.043281703338387888e+05 1.953162980335488974e+05 1.866732378593121830e+05 1.783943869108736981e+05 1.704732303133735841e+05 1.629017203938483144e+05 1.556706085641479876e+05 1.487697330026415875e+05 1.421882657183887786e+05 1.359149228104471404e+05 1.299381417704625783e+05 1.242462295752431382e+05 1.188274851226462924e+05 1.136702993137173908e+05 1.087632358026072761e+05 1.040950951431716676e+05 9.965496477003826294e+04 9.543225697241301532e+04 9.141673675635468680e+04 8.759854124902996409e+04 8.396819207853857370e+04 8.051660196509119123e+04 7.723507658340122725e+04 7.411531260073123849e+04 7.114939265887791407e+04 6.832977794956922298e+04 6.564929892985969491e+04 6.310114463518305274e+04 6.067885097141932783e+04 5.837628830194748298e+04 5.618764858990241191e+04 5.410743230851281987e+04 5.213043529227517865e+04 5.025173566787168238e+04 4.846668097524865880e+04 4.677087556544025574e+04 4.516016834186357300e+04 4.363064089516174135e+04 4.217859606810514379e+04 4.080054697573849990e+04 3.949320649674635933e+04 3.825347724461496546e+04 3.707844202103881253e+04 3.596535474931206409e+04 3.491163188162877486e+04 3.391484427131670236e+04 3.297270949879859836e+04 3.208308463849551481e+04 3.124395945269854928e+04 3.045344999779610953e+04 2.970979262767088585e+04 2.901133837919366852e+04 2.835654772455422790e+04 2.774398567560802621e+04 2.717231722571636783e+04 2.664030311507934675e+04 2.614679590612978791e+04 2.569073635621042195e+04 2.527115007545170738e+04 2.488714445844925649e+04 2.453790587914329080e+04 2.422269713905161916e+04 2.394085515975420640e+04 2.369178891132375793e+04 2.347497756918211235e+04 2.328996889262887271e+04 2.313637781904108851e+04 2.301388526855089731e+04 2.292223715470770549e+04 2.286124359745341280e+04 2.283077833543621819e+04 2.283077833543621819e+04
4.822797358721270575e+05 4.822797358721270575e+05 4.808841794030154124e+05 4.781123943524688366e+05 4.740025113308439031e+05 4.686104260888883728e+05 4.620082771666088374e+05 4.542824846648736275e+05 4.455314171878331108e+05 4.358627759006001288e+05 4.253908038420188241e+05 4.142334413562162081e+05 4.025095517613349366e+05 3.903363338116601226e+05 3.778270198051792104e+05 3.650889328177576535e+05 3.522219470939477906e+05 3.393173659311335068e+05 3.264572047695893561e+05 3.137138459412115626e+05 3.011500167480297969e+05 2.888190342827986460e+05 2.767652579216908780e+05 2.650246925065540709e+05 2.536256905266205431e+05 2.425897088089475001e+05 2.319320832388016861e+05 2.216627930252239748e+05 2.117871934385015338e+05 2.023067024432156177e+05 1.932194320857863349e+05 1.845207598540145846e+05 1.762038385793048074e+05 1.682600459193484276e+05 1.606793761810134456e+05 1.534507783607829479e+05 1.465624449262927228e+05 1.400020561524274526e+05 1.337569848566283472e+05 1.278144662290762062e+05 1.221617371868204209e+05 1.167861493431866984e+05 1.116752593109066802e+05 1.068168996736284607e+05 1.021992335839032312e+05 9.781079558730083227e+04 9.364052093904998037e+04 8.967776537532250222e+04 8.591231702722850605e+04 8.233440192149048380e+04 7.893468429644120624e+04 7.570426277356545324e+04 7.263466326087477501e+04 6.971782932288474694e+04 6.694611063004599418e+04 6.431224999633038533e+04 6.180936942477858247e+04 5.943095550536885276e+04 5.717084444580940180e+04 5.502320696204615524e+04 5.298253321013445384e+04 5.104361790335831029e+04 4.920154572697289404e+04 4.745167713682186877e+04 4.578963460643473809e+04 4.421128936946584145e+04 4.271274868974885612e+04 4.129034367943905090e+04 3.994061767610892275e+04 3.866031518206797045e+04 3.744637136307331821e+04 3.629590209883568605e+04 3.520619457418649108e+04 3.417469839687053172e+04 3.319901722608631098e+04 3.227690089442576209e+04 3.140623800501203732e+04 3.058504898516570393e+04 2.981147957774980023e+04 2.908379475145334436e+04 2.840037301167759142e+04 2.775970109399570720e+04 2.716036902293021558e+04 2.660106551939613564e+04 2.608057374094886472e+04 2.559776733980905919e+04 2.515160682447130603e+04 2.474113621157630769e+04 2.436547995565546080e+04 2.402384014518070398e+04 2.371549395430554796e+04 2.343979134053027519e+04 2.319615297938939329e+04 2.298406842816593417e+04 2.280309451144286140e+04 2.265285392215189131e+04 2.253303403260693449e+04 2.244338591084307336e+04 2.238372353832167573e+04 2.235392322593052086e+04 2.235392322593052086e+04
4.915255035570035107e+05 4.915255035570035107e+05 4.900326863894818816e+05 4.870686217560496880e+05 4.826758632560706465e+05 4.769167857634292450e+05 4.698718682307042764e+05 4.616374643358868198e+05 4.523231302970596589e+05 4.420486096057004761e+05 4.309406028483554837e+05 4.191294709720718674e+05 4.067460272615556023e+05 3.939185645970511250e+05 3.807702412208063761e+05 3.674169140889455448e+05 3.539654694154073368e+05 3.405126609189742594e+05 3.271444322470248444e+05 3.139356740610243869e+05 3.009503494902821258e+05 2.882419137217947864e+05 2.758539529882814968e+05 2.638209732341265189e+05 2.521692773017611180e+05 2.409178798338381166e+05 2.300794198490338167e+05 2.196610411520703929e+05 2.096652197892502008e+05 2.000905253717073647e+05 1.909323091964429768e+05 1.821833167797137867e+05 1.738342258444700274e+05 1.658741131739795674e+05 1.582908552633005020e+05 1.510714685616101779e+05 1.442023954683539341e+05 1.376697422648236970e+05 1.314594749419631844e+05 1.255575785114501632e+05 1.199501849258074071e+05 1.146236742316507443e+05 1.095647530713173765e+05 1.047605141546637024e+05 1.001984798582284420e+05 9.586663268192089163e+04 9.175343490726199525e+04 8.784783945673234120e+04 8.413929365030379267e+04 8.061773728971162927e+04 7.727359627092267328e+04 7.409777272708326927e+04 7.108163253425949370e+04 6.821699086774200259e+04 6.549609637374439626e+04 6.291161441774240666e+04 6.045660978336998960e+04 5.812452912265245686e+04 5.590918339732882305e+04 5.380473050012518797e+04 5.180565820279467880e+04 4.990676754298834567e+04 4.810315673338901979e+04 4.639020565331946273e+04 4.476356096394296037e+04 4.321912187287276174e+04 4.175302656175585435e+04 4.036163928048264643e+04 3.904153810416087799e+04 3.778950334286458383e+04 3.660250658974643011e+04 3.547770038961213868e+04 3.441240850779357424e+04 3.340411677729253279e+04 3.245046450133984399e+04 3.154923638785287767e+04 3.069835499222631915e+04 2.989587364505053120e+04 2.913996984179441642e+04 2.842893907216289517e+04 2.776118906751127724e+04 2.713523444573660527e+04 2.654969173385305112e+04 2.600327474961839471e+04 2.549479032450623345e+04 2.502313435144558025e+04 2.458728814180464178e+04 2.418631507707371566e+04 2.381935754193287721e+04 2.348563412617682843e+04 2.318443708418771712e+04 2.291513004152914073e+04 2.267714593922306449e+04 2.246998520723354159e+04 2.229321415957545832e+04 2.214646360437805197e+04 2.202942766313005268e+04 2.194186279415446552e+04 2.188358701627379560e+04 2.185447932934613345e+04 2.185447932934613345e+04
5.015696892422439996e+05 5.015696892422439996e+05 4.999675287033409695e+05 4.967873264662885340e+05 4.920766769273061655e+05 4.859053640399067081e+05 4.783634416864464874e+05 4.695587111155982711e+05 4.596136612602655077e+05 4.486619814686116879e+05 4.368447994925395469e+05 4.243068300833252724e+05 4.111926327449057135e+05 3.976431671392705175e+05 3.837928028977176873e+05 3.697668933677093592e+05 3.556799687567383517e+05 3.416345518238457735e+05 3.277205553751461557e+05 3.140151891456825542e+05 3.005832851694970741e+05 2.874779442451961804e+05 2.747414090911727399e+05 2.624060792824616074e+05 2.504955962435347319e+05 2.390259411139868898e+05 2.280065025162160164e+05 2.174410840652076877e+05 2.073288323133219092e+05 1.976650745457041485e+05 1.884420625151893182e+05 1.796496230571843626e+05 1.712757198488412541e+05 1.633069326788576727e+05 1.557288617590928625e+05 1.485264650854375504e+05 1.416843368465979875e+05 1.351869345477529278e+05 1.290187619849286421e+05 1.231645145661058923e+05 1.176091927912575338e+05 1.123381890202079230e+05 1.073373520026344777e+05 1.025930330362489767e+05 9.809211706614226568e+04 9.382204154357424704e+04 8.977080542664414679e+04 8.592697032412534463e+04 8.227965545482690504e+04 7.881852781193383271e+04 7.553378868062052061e+04 7.241615745281695854e+04 6.945685351030100719e+04 6.664757680226162483e+04 6.398048762215992610e+04 6.144818598769515665e+04 5.904369094368450169e+04 5.676042003841738187e+04 5.459216916689840582e+04 5.253309292759322852e+04 5.057768560114652792e+04 4.872076282846531103e+04 4.695744404057496286e+04 4.528313567258839612e+04 4.369351517813967803e+04 4.218451584806526080e+04 4.075231242731606471e+04 3.939330751651919854e+04 3.810411873902871594e+04 3.688156665004917886e+04 3.572266336161735671e+04 3.462460185515484045e+04 3.358474595223457436e+04 3.260062091373005387e+04 3.166990463731681666e+04 3.079041942387722520e+04 2.996012428381304926e+04 2.917710775525815916e+04 2.843958120719817816e+04 2.774587260165187399e+04 2.709442069028692276e+04 2.648376962218110202e+04 2.591256394068846566e+04 2.537954394871697150e+04 2.488354142305557980e+04 2.442347565962672888e+04 2.399834983285244380e+04 2.360724765355193449e+04 2.324933031095823389e+04 2.292383368566419813e+04 2.263006582135996723e+04 2.236740464441646691e+04 2.213529592128943841e+04 2.193325144491997708e+04 2.176084744209434939e+04 2.161772319485053958e+04 2.150357986987537515e+04 2.141817955073023404e+04 2.136134446870558168e+04 2.133295642887477879e+04 2.133295642887477879e+04
5.124807062727193697e+05 5.124807062727193697e+05 5.107555821158605395e+05 5.073323257013073890e+05 5.022642332135721808e+05 4.956295139174886281e+05 4.875291775556528592e+05 4.780842044268832542e+05 4.674320493858528789e+05 4.557225958637819858e+05 4.431137436936339363e+05 4.297668674658829696e+05 4.158424059224933735e+05 4.014958309401172446e+05 3.868741998227307340e+05 3.721134273555558175e+05 3.573363383136841585e+05 3.426514900514409528e+05 3.281526978685780196e+05 3.139191576636303798e+05 3.000160411801668815e+05 2.864954361323477351e+05 2.733975123644619016e+05 2.607518114163904684e+05 2.485785764755797863e+05 2.368900597017518303e+05 2.256917623413833498e+05 2.149835788252625789e+05 2.047608287589037500e+05 1.950151704233710188e+05 1.857353964165084762e+05 1.769081168200851534e+05 1.685183382403014402e+05 1.605499486711771751e+05 1.529861187471620215e+05 1.458096298884394346e+05 1.390031393379675865e+05 1.325493913223795826e+05 1.264313826679755002e+05 1.206324902580431517e+05 1.151365667877275264e+05 1.099280103943250288e+05 1.049918129354190314e+05 1.003135909637439036e+05 9.587960280885995599e+04 9.167675461841700599e+04 8.769259773122232582e+04 8.391531934295853716e+04 8.033372807630800526e+04 7.693723577244734042e+04 7.371583657372214657e+04 7.066008416061119351e+04 6.776106783463356260e+04 6.501038799657482741e+04 6.240013145240811718e+04 5.992284688313447987e+04 5.757152073611802916e+04 5.533955373165437049e+04 5.322073812667463790e+04 5.120923583575480006e+04 4.929955747633536521e+04 4.748654237832176295e+04 4.576533957751739217e+04 4.413138979586760252e+04 4.258040839900646097e+04 4.110836931197805825e+04 3.971148986705456628e+04 3.838621655235578510e+04 3.712921162658578396e+04 3.593734056292068271e+04 3.480766028388216364e+04 3.373740814860463433e+04 3.272399165400478887e+04 3.176497881211556887e+04 3.085808916675992805e+04 3.000118541400774120e+04 2.919226559229248596e+04 2.842945580963792236e+04 2.771100347708827394e+04 2.703527101906888129e+04 2.640073003315067399e+04 2.580595587334929223e+04 2.524962263273017379e+04 2.473049850272070398e+04 2.424744148815245353e+04 2.379939545846827968e+04 2.338538651708333418e+04 2.300451967230419177e+04 2.265597579442194547e+04 2.233900884512330595e+04 2.205294336637827291e+04 2.179717221727261858e+04 2.157115454838425649e+04 2.137441400435943797e+04 2.120653714642413252e+04 2.106717208757596381e+04 2.095602733418151547e+04 2.087287082865480625e+04 2.081752918881704318e+04 2.078988714045485904e+04 2.078988714045485904e+04
5.243348696465601679e+05 5.243348696465601679e+05 5.224714763307859539e+05 5.187748746752282022e+05 5.133047338585007819e+05 5.061487592301378609e+05 4.974204285665829084e+05 4.872558638368941029e+05 4.758098549345175852e+05 4.632511508789805812e+05 4.497572420589494868e+05 4.355089441534255166e+05 4.206851357031158987e+05 4.054579860642235726e+05 3.899889443238643580e+05 3.744256608879746054e+05 3.588999049015980563e+05 3.435264428258173284e+05 3.284027696011983207e+05 3.136095388937038952e+05 2.992115212921312195e+05 2.852589233145563048e+05 2.717889185204316746e+05 2.588272681301388948e+05 2.463899369302006380e+05 2.344846371956354415e+05 2.231122567665842071e+05 2.122681463748902606e+05 2.019432557656677091e+05 1.921251185292804730e+05 1.827986925139262457e+05 1.739470669496662449e+05 1.655520496570861433e+05 1.575946485182211618e+05 1.500554612210697669e+05 1.429149865112420230e+05 1.361538690581317351e+05 1.297530887546673912e+05 1.236941039438809967e+05 1.179589567828065774e+05 1.125303477609962429e+05 1.073916853121130407e+05 1.025271155015183467e+05 9.792153593962502782e+04 9.356059735364580411e+04 8.943069563924233080e+04 8.551895669684131281e+04 8.181321592423015682e+04 7.830199387525036582e+04 7.497446929475702927e+04 7.182045049242103414e+04 6.883034581447549863e+04 6.599513380629458698e+04 6.330633352298907266e+04 6.075597533551515517e+04 5.833657249089999095e+04 5.604109361414456362e+04 5.386293628243109561e+04 5.179590175712944620e+04 4.983417092369985039e+04 4.797228146174216818e+04 4.620510624619896407e+04 4.452783296436395904e+04 4.293594492129470746e+04 4.142520299729281396e+04 3.999162871497168089e+04 3.863148836927532830e+04 3.734127817134332145e+04 3.611771035587449296e+04 3.495770020147968171e+04 3.385835391399022774e+04 3.281695732387300086e+04 3.183096535038595903e+04 3.089799218689848203e+04 3.001580216390582063e+04 2.918230124833493392e+04 2.839552914002499165e+04 2.765365192843405384e+04 2.695495527493846384e+04 2.629783808820589911e+04 2.568080666230629140e+04 2.510246924928366207e+04 2.456153103990653108e+04 2.405678952820661289e+04 2.358713023727059044e+04 2.315152278545537774e+04 2.274901727386601124e+04 2.237874097751985755e+04 2.203989532407478691e+04 2.173175314542845081e+04 2.145365618891937265e+04 2.120501287594465612e+04 2.098529629729400767e+04 2.079404243538772789e+04 2.063084860494752866e+04 2.049537210453232547e+04 2.038732907250883727e+04 2.030649354192356623e+04 2.025269668977179026e+04 2.022582627707442953e+04 2.022582627707442953e+04
5.372169848101605894e+05 5.372169848101605894e+05 5.351982235045777634e+05 5.311943557844188763e+05 5.252720401220709318e+05 5.175295354346944951e+05 5.080943865618387354e+05 4.971200512713390053e+05 4.847814144262949703e+05 4.712692899875545991e+05 4.567841873332097894e+05 4.415297629206912825e+05 4.257064485314399353e+05 4.095057253966261633e+05 3.931054111721403897e+05 3.766661767584125628e+05 3.603293511243361281e+05 3.442159362860389519e+05 3.284266593622914515e+05 3.130428382875712123e+05 2.981278264688602649e+05 2.837288186219975469e+05 2.698788336036772234e+05 2.565987303988091007e+05 2.438991534622821782e+05 2.317823390975490911e+05 2.202437435134258994e+05 2.092734752580649510e+05 1.988575304558091448e+05 1.889788396947597212e+05 1.796181416822159081e+05 1.707547019852499943e+05 1.623668962271236524e+05 1.544326767513525265e+05 1.469299405456765671e+05 1.398368145354763838e+05 1.331318724816926988e+05 1.267942958296791476e+05 1.208039890603594104e+05 1.151416584533520072e+05 1.097888617101921263e+05 1.047280346106630604e+05 9.994249977933212358e+04 9.541646170926722698e+04 9.113499140764103504e+04 8.708400337582692737e+04 8.325022709634657076e+04 7.962117475421688869e+04 7.618510655597109871e+04 7.293099471280867874e+04 6.984848691338949720e+04 6.692786991745418345e+04 6.416003374504258682e+04 6.153643681113819912e+04 5.904907225611282047e+04 5.669043564375453570e+04 5.445349413685999025e+04 5.233165721235916862e+04 5.031874894077914360e+04 4.840898182672019175e+04 4.659693218567799340e+04 4.487751701720604615e+04 4.324597232314524445e+04 4.169783281219627679e+04 4.022891292728065309e+04 3.883528912949211372e+04 3.751328337133172317e+04 3.625944769232256658e+04 3.507054987110490765e+04 3.394356007011180191e+04 3.287563841115999821e+04 3.186412342303189507e+04 3.090652130504585512e+04 3.000049595354609846e+04 2.914385970132512375e+04 2.833456472305168427e+04 2.757069506277095934e+04 2.685045924242452747e+04 2.617218341312304983e+04 2.553430501370329148e+04 2.493536690355481915e+04 2.437401193920302831e+04 2.384897796644499977e+04 2.335909320202771778e+04 2.290327198087525176e+04 2.248051084688365518e+04 2.208988496709378160e+04 2.173054485076273340e+04 2.140171335652836569e+04 2.110268297232234545e+04 2.083281335419407696e+04 2.059152911152704473e+04 2.037831782742871656e+04 2.019272830431322291e+04 2.003436902583881601e+04 1.990290682746861785e+04 1.979806576903838868e+04 1.971962620366134797e+04 1.966742403834355355e+04 1.964135018265105464e+04 1.964135018265105464e+04
5.512207913330177544e+05 5.512207913330177544e+05 5.490277470083367079e+05 5.446789460469088517e+05 5.382484782316733617e+05 5.298460707805746933e+05 5.196149261080889846e+05 5.077282387814177782e+05 4.943842029249868356e+05 4.797995688843277167e+05 4.642020988594986266e+05 4.478225137866351288e+05 4.308866413065250963e+05 4.136084378440158907e+05 3.961843918481751462e+05 3.787895807346145739e+05 3.615754173624108662e+05 3.446689319828699226e+05 3.281733153438718291e+05 3.121693977953224094e+05 2.967177434086105204e+05 2.818610777738193283e+05 2.676268250239219633e+05 2.540295899397920293e+05 2.410734760114312230e+05 2.287541757502585242e+05 2.170608041705890500e+05 2.059774708838459919e+05 1.954846022958546237e+05 1.855600348583326850e+05 1.761799049909809255e+05 1.673193626723090420e+05 1.589531349789681844e+05 1.510559639071267156e+05 1.436029402452929353e+05 1.365697524913930101e+05 1.299328670707722486e+05 1.236696535623575619e+05 1.177584663506289216e+05 1.121786921177733166e+05 1.069107708710311708e+05 1.019361967462529137e+05 9.723750361302537203e+04 9.279823950008596876e+04 8.860293303240185196e+04 8.463705439582811960e+04 8.088697279710910516e+04 7.733991194413475750e+04 7.398390471575141419e+04 7.080774790592830686e+04 6.780095770072333107e+04 6.495372636728685029e+04 6.225688049308487098e+04 5.970184100317889533e+04 5.728058509766962379e+04 5.498561018561795208e+04 5.280989984145852941e+04 5.074689177222627040e+04 4.879044775633010431e+04 4.693482549437035050e+04 4.517465229881073901e+04 4.350490054011377651e+04 4.192086476153579861e+04 4.041814037202885083e+04 3.899260382640537136e+04 3.764039420271848212e+04 3.635789608925933862e+04 3.514172369647043524e+04 3.398870611282922619e+04 3.289587362757637311e+04 3.186044504744738879e+04 3.087981593878260901e+04 2.995154773062206004e+04 2.907335761862871004e+04 2.824310921372699886e+04 2.745880388318209953e+04 2.671857273576175066e+04 2.602066920600244703e+04 2.536346219606607337e+04 2.474542973683297896e+04 2.416515313285135926e+04 2.362131155857329213e+04 2.311267707586192410e+04 2.263811004537246845e+04 2.219655490645148529e+04 2.178703630256813631e+04 2.140865553113213900e+04 2.106058729850682721e+04 2.074207676268837895e+04 2.045243684787956954e+04 2.019104581651338958e+04 1.995734508598392131e+04 1.975083727842063672e+04 1.957108449336134436e+04 1.941770679417963765e+04 1.929038090045344143e+04 1.918883907941497455e+04 1.911286823078566522e+04 1.906230916021027224e+04 1.903705603761220118e+04 1.903705603761220118e+04
5.664491664352051448e+05 5.664491664352051448e+05 5.640612443062074017e+05 5.593262469156625448e+05 5.523257539022342535e+05 5.431815001411791891e+05 5.320537454711687751e+05 5.191379602463613846e+05 5.046593917443479877e+05 4.888654775300024194e+05 4.720165611479484360e+05 4.543757781481448910e+05 4.361991757339747855e+05 4.177270585243891692e+05 3.991772713794246665e+05 3.807407531730516348e+05 3.625793376044282923e+05 3.448255130864274688e+05 3.275837084254515357e+05 3.109326319805809180e+05 2.949282282729611034e+05 2.796068937884102343e+05 2.649886853948747739e+05 2.510803421068320749e+05 2.378780142373577983e+05 2.253696500286056253e+05 2.135370293081014534e+05 2.023574591836445907e+05 1.918051614755081828e+05 1.818523885492376285e+05 1.724703060156416323e+05 1.636296793734681851e+05 1.553013984997845546e+05 1.474568699033824669e+05 1.400683024619625066e+05 1.331089083288112888e+05 1.265530370159014274e+05 1.203762574219464441e+05 1.145553997945898154e+05 1.090685672735652333e+05 1.038951247155134333e+05 9.901567090185299458e+04 9.441199892846682633e+04 9.006704852286243113e+04 8.596485318828113668e+04 8.209048439829662675e+04 7.842999452813864627e+04 7.497035978417513252e+04 7.169942405857327685e+04 6.860584437471303681e+04 6.567903838532547525e+04 6.290913422805241862e+04 6.028692292268059100e+04 5.780381340272598754e+04 5.545179020545429375e+04 5.322337379370628332e+04 5.111158344633356319e+04 4.910990262821994838e+04 4.721224673364943010e+04 4.541293308591935784e+04 4.370665307016744191e+04 4.208844627419556491e+04 4.055367651266050234e+04 3.909800961243933853e+04 3.771739284103898535e+04 3.640803586478376383e+04 3.516639312909335422e+04 3.398914755906279606e+04 3.287319548462791136e+04 3.181563270070034559e+04 3.081374157858690523e+04 2.986497915092515541e+04 2.896696609785110195e+04 2.811747656752093098e+04 2.731442876912755310e+04 2.655587628130242229e+04 2.584000002329074050e+04 2.516510084043657116e+04 2.452959265945585503e+04 2.393199617251143718e+04 2.337093301262340174e+04 2.284512038590773591e+04 2.235336612919102117e+04 2.189456416413605621e+04 2.146769032156378671e+04 2.107179851195378433e+04 2.070601722022366448e+04 2.036954630495921083e+04 2.006165408400465094e+04 1.978167469014688686e+04 1.952900568217457112e+04 1.930310589813504703e+04 1.910349353897211040e+04 1.892974447209281425e+04 1.878149074564835246e+04 1.865841930550424877e+04 1.856027090795771073e+04 1.848683922240601532e+04 1.843797011914536051e+04 1.841356113850433758e+04 1.841356113850433758e+04
5.830140086870285450e+05 5.830140086870285450e+05 5.804093472288175253e+05 5.752439144951377530e+05 5.676061001140417065e+05 5.576294081798408879e+05 5.454920378216465469e+05 5.314142676010438008e+05 5.156527647235398181e+05 4.984915954348111409e+05 4.802305499885415775e+05 4.611721103187471745e+05 4.416087122040066170e+05 4.218118046218943200e+05 4.020237115950199077e+05 3.824526806271369569e+05 3.632709565839895513e+05 3.446153590817834483e+05 3.265896815470994334e+05 3.092682296519769006e+05 2.926999142819921253e+05 2.769124535171789466e+05 2.619163798009034654e+05 2.477086705150330090e+05 2.342759140706330654e+05 2.215969893506804656e+05 2.096452781504148734e+05 1.983904537916647387e+05 1.877998997644917108e+05 1.778398145641160081e+05 1.684760562240110594e+05 1.596747747620665468e+05 1.514028744048755907e+05 1.436283409823406546e+05 1.363204638203461363e+05 1.294499760596805281e+05 1.229891326821977709e+05 1.169117416201019805e+05 1.111931601003569958e+05 1.058102657497225882e+05 1.007414098687025544e+05 9.596635859015541791e+04 9.146622629461900215e+04 8.722340459441061830e+04 8.322148936641807086e+04 7.944520766431586526e+04 7.588034583638154436e+04 7.251367978591748397e+04 6.933290801228019700e+04 6.632658784284874855e+04 6.348407509441918955e+04 6.079546727376527997e+04 5.825155033246262610e+04 5.584374892249928234e+04 5.356408005053974193e+04 5.140510999584801903e+04 4.935991433538690762e+04 4.742204090734295460e+04 4.558547553830900870e+04 4.384461035857181560e+04 4.219421453247448517e+04 4.062940723588052788e+04 3.914563271965558670e+04 3.773863730590317573e+04 3.640444817222446000e+04 3.513935378819409380e+04 3.393988587704858219e+04 3.280280278443740826e+04 3.172507414448519557e+04 3.070386674173782376e+04 2.973653147515490127e+04 2.882059133779160402e+04 2.795373033261828095e+04 2.713378325135482737e+04 2.635872624924402044e+04 2.562666815422131913e+04 2.493584245400709915e+04 2.428459990960575306e+04 2.367140174786323041e+04 2.309481338994913312e+04 2.255349867626927880e+04 2.204621455178683391e+04 2.157180617894370152e+04 2.112920244810823351e+04 2.071741185841483093e+04 2.033551874408876029e+04 1.998267982380766625e+04 1.965812105262491241e+04 1.936113475803476467e+04 1.909107704346218816e+04 1.884736544423445230e+04 1.862947682253282619e+04 1.843694548943318296e+04 1.826936154329016790e+04 1.812636941526237206e+04 1.800766661374314936e+04 1.791300266075398395e+04 1.784217821440228363e+04 1.779504437258913822e+04 1.777150215406518691e+04 1.777150215406518691e+04
6.010358285051329294e+05 6.010358285051329294e+05 5.981921666744101094e+05 5.925504826498613693e+05 5.842039717473624041e+05 5.732962138493409147e+05 5.600231438566154102e+05 5.446321025881960522e+05 5.274162912691305391e+05 5.087040250114253722e+05 4.888436398243333097e+05 4.681861767363414401e+05 4.470685044193486683e+05 4.257992110287853284e+05 4.046486849062266410e+05 3.838437600513122161e+05 3.635664719326745835e+05 3.439559960977139999e+05 3.251127034661570797e+05 3.071033578008181648e+05 2.899666878651225707e+05 2.737188012789110071e+05 2.583581170705883414e+05 2.438696572662808467e+05 2.302286517074397998e+05 2.174034816062264144e+05 2.053580264256336668e+05 1.940534955338188447e+05 1.834498289322702913e+05 1.735067462243769842e+05 1.641845139567048464e+05 1.554444910954417428e+05 1.472495021804768476e+05 1.395640783958477841e+05 1.323545987281059497e+05 1.255893566122562916e+05 1.192385719087371108e+05 1.132743635722247855e+05 1.076706948015654489e+05 1.024032996428387851e+05 9.744959781232860405e+04 9.278860279168638226e+04 8.840082692235460854e+04 8.426818620739609469e+04 8.037390674991026754e+04 7.670243416516944126e+04 7.323934685615001945e+04 6.997127370717082522e+04 6.688581650137757242e+04 6.397147718521130446e+04 6.121758997106484458e+04 5.861425817612194078e+04 5.615229563108158618e+04 5.382317245067765180e+04 5.161896493211074994e+04 4.953230933424910472e+04 4.755635928588383103e+04 4.568474657334777294e+04 4.391154506411618786e+04 4.223123753254381882e+04 4.063868516538970289e+04 3.912909953730330744e+04 3.769801685972071573e+04 3.634127431988437456e+04 3.505498833988079423e+04 3.383553459829529311e+04 3.267952966932011987e+04 3.158381414572342328e+04 3.054543712294708166e+04 2.956164193182548115e+04 2.862985301683716534e+04 2.774766386569614042e+04 2.691282590401153720e+04 2.612323827642282777e+04 2.537693844235287179e+04 2.467209352090194079e+04 2.400699232513890820e+04 2.338003803139386946e+04 2.278974143394919884e+04 2.223471474003337426e+04 2.171366586396157800e+04 2.122539318312489195e+04 2.076878072180457821e+04 2.034279373194769869e+04 1.994647464284933449e+04 1.957893935437892651e+04 1.923937385065749913e+04 1.892703111340104442e+04 1.864122831611830043e+04 1.838134428221800772e+04 1.814681719185957263e+04 1.793714252387696251e+04 1.775187122076937521e+04 1.759060806594191308e+04 1.745301026382758209e+04 1.733878621473106978e+04 1.724769447730914180e+04 1.717954291280789403e+04 1.713418800619621834e+04 1.711153436033824983e+04 1.711153436033824983e+04
6.206433829638521420e+05 6.206433829638521420e+05 6.175396379608582938e+05 6.113769339283632580e+05 6.022490013525652466e+05 5.903052334052561782e+05 5.757570499142388580e+05 5.588803439837761689e+05 5.400108939187861979e+05 5.195313604685475002e+05 4.978510889660582761e+05 4.753822667970720213e+05 4.525168855404244387e+05 4.296081996081738616e+05 4.069586503097619861e+05 3.848144467113704304e+05 3.633657484830731410e+05 3.427508289699431625e+05 3.230625708150434657e+05 3.043559304202795029e+05 2.866554002063411754e+05 2.699618715164772002e+05 2.542585973004925472e+05 2.395161597643260902e+05 2.256964751965910255e+05 2.127559357642978721e+05 2.006478156082051282e+05 1.893240717285184073e+05 1.787366601340180496e+05 1.688384718339380634e+05 1.595839758511548571e+05 1.509296398920515785e+05 1.428341847201558412e+05 1.352587159988076892e+05 1.281667673442107916e+05 1.215242803248221608e+05 1.152995408504905645e+05 1.094630865068320418e+05 1.039875956285247958e+05 9.884776603111861914e+04 9.402018913944493397e+04 8.948322360375469725e+04 8.521687125906969595e+04 8.120265736102250230e+04 7.742351634844020009e+04 7.386368388086128107e+04 7.050859553409402724e+04 6.734479227483377326e+04 6.435983265079376724e+04 6.154221150593565835e+04 5.888128494635807874e+04 5.636720123035465076e+04 5.399083722687471163e+04 5.174374007444171730e+04 4.961807367212566896e+04 4.760656964196340414e+04 4.570248241580678587e+04 4.389954811653091019e+04 4.219194692277578724e+04 4.057426862654591241e+04 3.904148111351674015e+04 3.758890151610834437e+04 3.621216980896281893e+04 3.490722463515130221e+04 3.367028116913644772e+04 3.249781083904298430e+04 3.138652274620626486e+04 3.033334663426341649e+04 2.933541727317449477e+04 2.839006013568755952e+04 2.749477825485037465e+04 2.664724016128783842e+04 2.584526880822864041e+04 2.508683140073137474e+04 2.437003005315593327e+04 2.369309320605942412e+04 2.305436773991321752e+04 2.245231172888992660e+04 2.188548778321020654e+04 2.135255693331407019e+04 2.085227301345606247e+04 2.038347750629390430e+04 1.994509481355450043e+04 1.953612792130180242e+04 1.915565443110258639e+04 1.880282293130084145e+04 1.847684968494440545e+04 1.817701561333821883e+04 1.790266355614697386e+04 1.765319579097835594e+04 1.742807179713714504e+04 1.722680624984083624e+04 1.704896723275654585e+04 1.689417465809825444e+04 1.676209888480442896e+04 1.665245952668635073e+04 1.656502444345591357e+04 1.649960890870564617e+04 1.645607495006332101e+04 1.643433085757533627e+04 1.643433085757533627e+04
6.419743790470844833e+05 6.419743790470844833e+05 6.385932846305776620e+05 6.318703054242753424e+05 6.218917008591399062e+05 6.088040494217198575e+05 5.928283464208031073e+05 5.742689113264998887e+05 5.535113595723271137e+05 5.310066271914697718e+05 5.072427856906973175e+05 4.827108672401946387e+05 4.578724284320634324e+05 4.331347971240216284e+05 4.088365966172820772e+05 3.852431001893780194e+05 3.625491704981176299e+05 3.408869981435926165e+05 3.203361440001907758e+05 3.009340423629299039e+05 2.826858105126516894e+05 2.655727729834506754e+05 2.495595005668006779e+05 2.345994016735791229e+05 2.206390260442676081e+05 2.076212874937668676e+05 1.954878148448095890e+05 1.841806202145988354e+05 1.736432449505313416e+05 1.638215134196382132e+05 1.546639973495450104e+05 1.461222700044530211e+05 1.381510104123174387e+05 1.307080027846283774e+05 1.237540645959497633e+05 1.172529278837380843e+05 1.111710916091706022e+05 1.054776578935323341e+05 1.001441612115044991e+05 9.514439686715020798e+04 9.045425305656962155e+04 8.605154934697695717e+04 8.191588333493022947e+04 7.802848648105975008e+04 7.437208957597169501e+04 7.093079791314253816e+04 6.768997598610327987e+04 6.463614135616958083e+04 6.175686722968339018e+04 5.904069322199571616e+04 5.647704375640406215e+04 5.405615353984646936e+04 5.176899956660734460e+04 4.960723912091827515e+04 4.756315327579303994e+04 4.562959541556779004e+04 4.379994434171993635e+04 4.206806155404482706e+04 4.042825233141632634e+04 3.887523026734469749e+04 3.740408494492938189e+04 3.601025246363235783e+04 3.468948855603439733e+04 3.343784405672875437e+04 3.225164250743082812e+04 3.112745970270815087e+04 3.006210499906107361e+04 2.905260422696247042e+04 2.809618406077233522e+04 2.719025771520676062e+04 2.633241184977475496e+04 2.552039457376120117e+04 2.475210445489718404e+04 2.402558044388343478e+04 2.333899263554835852e+04 2.269063379493114189e+04 2.207891158341754999e+04 2.150234142634268210e+04 2.095953996899138292e+04 2.044921907305263812e+04 1.997018031014773806e+04 1.952130991318892484e+04 1.910157415009957913e+04 1.871001508785894475e+04 1.834574671787932675e+04 1.800795141658123248e+04 1.769587671758536453e+04 1.740883237427710628e+04 1.714618769361482191e+04 1.690736912409028810e+04 1.669185808241311315e+04 1.649918900532854968e+04 1.632894761431972074e+04 1.618076938252886794e+04 1.605433819448028771e+04 1.594938519041012478e+04 1.586568778825957452e+04 1.580306887741578066e+04 1.576139617940502285e+04 1.574058177166462519e+04 1.574058177166462519e+04
6.651794540102103492e+05 6.651794540102103492e+05 6.615117178919041762e+05 6.542018548271908658e+05 6.433146923356864136e+05 6.289781529396005208e+05 6.114105435894585680e+05 5.909413603215712355e+05 5.680150130457523046e+05 5.431708728830616456e+05 5.170019596267575980e+05 4.901037538758918527e+05 4.630271130194669822e+05 4.362449412845106563e+05 4.101355988196003018e+05 3.849808831344289938e+05 3.609740456204476650e+05 3.382331709207923268e+05 3.168162671473900555e+05 2.967357209421997541e+05 2.779708946552399429e+05 2.604784302112601290e+05 2.442002939353789261e+05 2.290698300212335307e+05 2.150161728869607614e+05 2.019673671369904478e+05 1.898525027457010292e+05 1.786031187315869029e+05 1.681540748114880698e+05 1.584440434456475195e+05 1.494157361712919956e+05 1.410159479214171588e+05 1.331954800026935700e+05 1.259089851973574114e+05 1.191147657713265071e+05 1.127745459220406046e+05 1.068532335104128870e+05 1.013186811171982990e+05 9.614145303576206788e+04 9.129460238433137420e+04 8.675346081282421073e+04 8.249544209129810042e+04 7.849986005142929207e+04 7.474776080348597316e+04 7.122176879209773324e+04 6.790594602931677946e+04 6.478566371329742833e+04 6.184748537656019471e+04 5.907906068850802694e+04 5.646902904792475601e+04 5.400693213208713860e+04 5.168313461212983384e+04 4.948875229436031805e+04 4.741558700036290975e+04 4.545606755272628652e+04 4.360319628612919041e+04 4.185050055429214262e+04 4.019198875131872046e+04 3.862211041078899143e+04 3.713571998751212232e+04 3.572804396495367109e+04 3.439465096634333895e+04 3.313142457916183048e+04 3.193453863165014627e+04 3.080043468599731204e+04 2.972580153650876673e+04 2.870755652228330655e+04 2.774282848306548840e+04 2.682894220416219468e+04 2.596340421179221812e+04 2.514388979409056628e+04 2.436823113555793680e+04 2.363440646382588238e+04 2.294053011780625457e+04 2.228484345523453885e+04 2.166570652574701307e+04 2.108159044296283537e+04 2.053107039554116272e+04 2.001281924313680429e+04 1.952560164841844380e+04 1.906826870117710860e+04 1.863975299473106134e+04 1.823906411893844415e+04 1.786528453737852033e+04 1.751756581965640726e+04 1.719512520256214339e+04 1.689724245649389559e+04 1.662325703584167786e+04 1.637256549430063751e+04 1.614461914802199135e+04 1.593892197129392480e+04 1.575502871118225812e+04 1.559254320901332903e+04 1.545111691809613512e+04 1.533044760836714522e+04 1.523027824981902813e+04 1.515039606785891374e+04 1.509063176477448542e+04 1.505085890247820316e+04 1.503099344286431733e+04 1.503099344286431733e+04
6.904329642492083367e+05 6.904329642492083367e+05 6.864835699029959505e+05 6.785838283762199571e+05 6.667539800109186908e+05 6.510757682582288980e+05 6.317416221969289472e+05 6.090970684137317585e+05 5.836567687486441573e+05 5.560793428842638386e+05 5.271032828342001885e+05 4.974665710090702632e+05 4.678364050111295655e+05 4.387645585761207622e+05 4.106704538355497643e+05 3.838456098397255410e+05 3.584706755913061788e+05 3.346374886555408011e+05 3.123711182176519651e+05 2.916492177003600518e+05 2.724176967231711606e+05 2.546027112085688277e+05 2.381194426558793057e+05 2.228782903335523733e+05 2.087890844600414275e+05 1.957638406315723259e+05 1.837184692339731846e+05 1.725737539285765961e+05 1.622558301965575956e+05 1.526963299449022161e+05 1.438323093852485181e+05 1.356060417387864436e+05 1.279647307471065142e+05 1.208601828761946381e+05 1.142484634311336849e+05 1.080895530016529228e+05 1.023470145963457617e+05 9.698767767924150394e+04 9.198134251611748186e+04 8.730050636132800719e+04 8.292011178254488914e+04 7.881731663112126989e+04 7.497128468038035498e+04 7.136299567614091211e+04 6.797507340569276130e+04 6.479163034649572364e+04 6.179812747159491119e+04 5.898124784242799069e+04 5.632878269631119474e+04 5.382952882457981468e+04 5.147319613107898476e+04 4.925032435489830095e+04 4.715220803272009653e+04 4.517082886312939081e+04 4.329879471659941191e+04 4.152928461025762954e+04 3.985599903550728777e+04 3.827311508959945058e+04 3.677524591925587447e+04 3.535740403595076350e+04 3.401496810885734158e+04 3.274365288304002752e+04 3.153948190777986747e+04 3.039876279331784099e+04 2.931806474407629503e+04 2.829419814306892295e+04 2.732419598600323661e+04 2.640529698475235637e+04 2.553493017873220379e+04 2.471070090972019898e+04 2.393037803056900157e+04 2.319188223175086387e+04 2.249327538160976474e+04 2.183275078696513810e+04 2.120862429015917951e+04 2.061932612726881416e+04 2.006339347980596358e+04 1.953946365902193429e+04 1.904626786814344086e+04 1.858262549328028035e+04 1.814743887870562321e+04 1.773968854662576268e+04 1.735842882556398035e+04 1.700278385501552839e+04 1.667194393732686876e+04 1.636516221064133606e+04 1.608175161941137776e+04 1.582108216135929615e+04 1.558257839199643422e+04 1.536571716973570256e+04 1.517002562651847074e+04 1.499507935047835781e+04 1.484050076873277976e+04 1.470595771984072053e+04 1.459116220670099392e+04 1.449586932193590837e+04 1.441987633901428126e+04 1.436302196333028951e+04 1.432518573855541581e+04 1.430628760465016603e+04 1.430628760465016603e+04
7.179537005841624923e+05 7.179537005841624923e+05 7.137513977886001812e+05 7.052992382363101933e+05 6.925359294561954448e+05 6.754508044860155787e+05 6.541682977160346927e+05 6.290294745812432375e+05 6.006344522215006873e+05 5.698111628657513065e+05 5.375091607962955022e+05 5.046668738681041868e+05 4.721044116637704428e+05 4.404657419094768120e+05 4.102069187547998736e+05 3.816145756049047341e+05 3.548384016079908470e+05 3.299260707252014545e+05 3.068543700954147498e+05 2.855541486834352254e+05 2.659289467661688104e+05 2.478681880450249882e+05 2.312561121076536074e+05 2.159775635916623578e+05 2.019215575833720795e+05 1.889833221931986918e+05 1.770653271483098506e+05 1.660776556572496484e+05 1.559379643155834929e+05 1.465711955352084478e+05 1.379091511543983070e+05 1.298899977777493768e+05 1.224577487342308013e+05 1.155617504509689024e+05 1.091561897695721127e+05 1.031996313752146089e+05 9.765458976703343797e+04 9.248713719346832659e+04 8.766654711947817123e+04 8.316497169057517021e+04 7.895715104900086590e+04 7.502015206609379675e+04 7.133313396557433589e+04 6.787713834896525077e+04 6.463490124537220254e+04 6.159068496051926923e+04 5.873012767258111126e+04 5.604010890069385641e+04 5.350862914794727840e+04 5.112470218874511920e+04 4.887825862735219562e+04 4.676005949956354016e+04 4.476161882159392553e+04 4.287513411008018738e+04 4.109342400489124702e+04 3.940987222305747127e+04 3.781837715847838263e+04 3.631330651883746759e+04 3.488945645965339645e+04 3.354201473591104877e+04 3.226652744565228932e+04 3.105886898744750215e+04 2.991521489599356573e+04 2.883201725736411390e+04 2.780598243858526257e+04 2.683405089540976769e+04 2.591337884817978920e+04 2.504132163854205282e+04 2.421541860015008933e+04 2.343337929453101606e+04 2.269307097927446739e+04 2.199250718978300210e+04 2.132983732865559796e+04 2.070333716767916849e+04 2.011140017758545218e+04 1.955252960945706218e+04 1.902533125961194310e+04 1.852850685684056225e+04 1.806084801708903615e+04 1.762123071639304544e+04 1.720861023777443916e+04 1.682201655244548601e+04 1.646055009953787885e+04 1.612337793236368816e+04 1.580973020233726129e+04 1.551889695474700966e+04 1.525022521310340744e+04 1.500311633126917695e+04 1.477702359473724755e+04 1.457145005439602573e+04 1.438594657790604288e+04 1.422011010551689469e+04 1.407358209861403338e+04 1.394604717071589221e+04 1.383723189194540646e+04 1.374690375916903213e+04 1.367487032516775071e+04 1.362097848124171651e+04 1.358511388866597190e+04 1.356720055540414251e+04 1.356720055540414251e+04
7.480318677741136635e+05 7.480318677741136635e+05 7.436440367200206965e+05 7.347444885761315236e+05 7.211333022729854565e+05 7.026312552605958190e+05 6.792190673846872523e+05 6.511898328155500349e+05 6.192494963484606706e+05 5.844824352582537103e+05 5.481608608118370175e+05 5.115135911823793431e+05 4.755610418370974367e+05 4.410474195148290019e+05 4.084481646249563782e+05 3.780167151763492147e+05 3.498422741022760165e+05 3.239027464234575164e+05 3.001067190234391019e+05 2.783238855653869105e+05 2.584057048926984135e+05 2.401986797496056242e+05 2.235524327859471377e+05 2.083242883230765292e+05 1.943815952693102881e+05 1.816026396345191170e+05 1.698767089574588463e+05 1.591036713969566335e+05 1.491932981868278584e+05 1.400644704050481960e+05 1.316443546485296974e+05 1.238675965571132983e+05 1.166755588980314642e+05 1.100156172648684151e+05 1.038405182146306906e+05 9.810779984099628928e+04 9.277927207461356011e+04 8.782055259873667092e+04 8.320065365856705466e+04 7.889161490415905428e+04 7.486817753981843998e+04 7.110749533337648609e+04 6.758887839033378987e+04 6.429356597465652158e+04 6.120452503307013831e+04 5.830627143719134619e+04 5.558471129013806058e+04 5.302699994796641840e+04 5.062141668013059825e+04 4.835725313843788899e+04 4.622471402223207406e+04 4.421482852068136708e+04 4.231937128383505478e+04 4.053079182431289519e+04 3.884215138378492702e+04 3.724706641435876372e+04 3.573965792705189233e+04 3.431450604873296106e+04 3.296660920744622126e+04 3.169134743461536345e+04 3.048444933306848179e+04 2.934196231248406912e+04 2.826022574052416894e+04 2.723584669841263894e+04 2.626567806569352251e+04 2.534679869027869427e+04 2.447649542755909715e+04 2.365224685676340960e+04 2.287170850421101568e+04 2.213269942197078490e+04 2.143318998719648880e+04 2.077129080216068905e+04 2.014524258802444456e+04 1.955340697691953028e+04 1.899425811721282662e+04 1.846637501581029937e+04 1.796843454944539917e+04 1.749920508409238028e+04 1.705754064794420992e+04 1.664237560912425397e+04 1.625271981433738256e+04 1.588765414920752664e+04 1.554632648509167120e+04 1.522794798073639686e+04 1.493178971052415363e+04 1.465717959381728360e+04 1.440349960269018811e+04 1.417018322762142816e+04 1.395671318293096920e+04 1.376261933567648884e+04 1.358747684349478732e+04 1.343090448852905865e+04 1.329256319606134457e+04 1.317215472779763513e+04 1.306942054110659046e+04 1.298414080662395827e+04 1.291613357772934432e+04 1.286525410651664060e+04 1.283139430179965166e+04 1.281448232559342614e+04 1.281448232559342614e+04
7.810395374989762204e+05 7.810395374989762204e+05 7.765969813777813688e+05 7.674695406251340173e+05 7.532331591711583314e+05 7.334160703810050618e+05 7.077178307066906709e+05 6.762898445566834416e+05 6.399685358548982767e+05 6.002588874387097312e+05 5.589560134111659136e+05 5.177199524231793475e+05 4.778261784723558812e+05 4.401085526383572142e+05 4.050185085760572110e+05 3.727251009876112221e+05 3.432115645215546829e+05 3.163510641613061307e+05 2.919595403308833484e+05 2.698296803981868434e+05 2.497513001363951480e+05 2.315227004540017806e+05 2.149563624697081978e+05 1.998812535567122977e+05 1.861431982806391316e+05 1.736042086007210892e+05 1.621413060379280359e+05 1.516451432389834372e+05 1.420185957861472853e+05 1.331754141235245042e+05 1.250389784814739687e+05 1.175411730869637540e+05 1.106213814048667264e+05 1.042255966275412065e+05 9.830563811756500218e+04 9.281846324341803847e+04 8.772556399812037125e+04 8.299243836201472732e+04 7.858812722470135486e+04 7.448480862999302917e+04 7.065744205079803942e+04 6.708345628731763281e+04 6.374247538929440634e+04 6.061607772426696465e+04 5.768758395064750948e+04 5.494187021190782252e+04 5.236520335410957341e+04 4.994509539117381792e+04 4.767017480808147957e+04 4.553007260887054872e+04 4.351532129045494366e+04 4.161726516020154668e+04 3.982798062030975416e+04 3.814020521947149973e+04 3.654727442577756301e+04 3.504306520798685233e+04 3.362194562743862480e+04 3.227872974307762706e+04 3.100863721866911510e+04 2.980725709688964344e+04 2.867051527050773439e+04 2.759464523795971400e+04 2.657616178043902619e+04 2.561183724097595041e+04 2.469868012387897397e+04 2.383391576609436743e+04 2.301496886092636851e+04 2.223944764004183526e+04 2.150512954187776995e+04 2.080994821417107960e+04 2.015198171544406068e+04 1.952944179550264744e+04 1.894066414817773330e+04 1.838409954140547416e+04 1.785830574008080657e+04 1.736194014624410920e+04 1.689375308934805071e+04 1.645258170648778469e+04 1.603734435890978966e+04 1.564703553675687908e+04 1.528072120908519901e+04 1.493753458064556071e+04 1.461667222101886546e+04 1.431739053517797402e+04 1.403900254791006955e+04 1.378087497724491368e+04 1.354242557479781135e+04 1.332312071317125810e+04 1.312247320272368597e+04 1.294004032187753364e+04 1.277542204695304827e+04 1.262825946901956013e+04 1.249823338678106666e+04 1.238506306578560179e+04 1.228850515551758508e+04 1.220835275706999528e+04 1.214443463514442919e+04 1.209661456914092560e+04 1.206479083907821041e+04 1.204889584294058841e+04 1.204889584294058841e+04
8.173724367373291170e+05 8.173724367373291170e+05 8.131114174557132646e+05 8.041733981726181228e+05 7.897882890235261293e+05 7.689931155014500255e+05 7.409525067223114893e+05 7.054649705336744664e+05 6.635103276820193278e+05 6.173540065486923559e+05 5.696928754196274094e+05 5.228349389043460833e+05 4.783534203607055242e+05 4.371122036751947599e+05 3.994457800029073260e+05 3.653520557249556878e+05 3.346422083268879796e+05 3.070400985499276430e+05 2.822416176083891187e+05 2.599470296980752610e+05 2.398767803931781382e+05 2.217778608184090408e+05 2.054251079700055125e+05 1.906199898037723324e+05 1.771882898496026464e+05 1.649774415294458740e+05 1.538538877498419606e+05 1.437006370828963409e+05 1.344150802941688162e+05 1.259070768713923899e+05 1.180972959247911494e+05 1.109157856586149137e+05 1.043007430667058361e+05 9.819745657487942663e+04 9.255739694340115238e+04 8.733743479481016402e+04 8.249916613884120306e+04 7.800833000844118942e+04 7.383430472565651871e+04 6.994967138064575556e+04 6.632983485860709334e+04 6.295269422658261465e+04 5.979835553453200555e+04 5.684888112938385166e+04 5.408807045886512060e+04 5.150126808169083961e+04 4.907519522436126135e+04 4.679780175213488837e+04 4.465813586813092843e+04 4.264622923338266264e+04 4.075299552249203407e+04 3.897014070396284660e+04 3.729008356802716298e+04 3.570588522493278288e+04 3.421118646768522012e+04 3.280015204014250048e+04 3.146742097728328736e+04 3.020806229308694310e+04 2.901753538466444661e+04 2.789165460201505994e+04 2.682655750230388367e+04 2.581867636789654716e+04 2.486471261941045668e+04 2.396161380049631043e+04 2.310655285028691287e+04 2.229690941368867425e+04 2.153025296956438979e+04 2.080432758280612325e+04 2.011703810903007252e+04 1.946643770052699620e+04 1.885071647947788006e+04 1.826819125974800409e+04 1.771729621191104889e+04 1.719657437805607333e+04 1.670466995321287686e+04 1.624032125941408412e+04 1.580235434655380595e+04 1.538967716125954212e+04 1.500127423139854909e+04 1.463620181940116527e+04 1.429358350260315819e+04 1.397260614323227674e+04 1.367251621457719739e+04 1.339261645349368155e+04 1.313226281242236473e+04 1.289086168703409203e+04 1.266786739808892162e+04 1.246277990838916230e+04 1.227514275775136957e+04 1.210454120080544999e+04 1.195060053410032924e+04 1.181298460052115297e+04 1.169139446043853968e+04 1.158556722031131176e+04 1.149527501059755014e+04 1.142032410602470190e+04 1.136055418218731393e+04 1.131583770347330028e+04 1.128607943823053938e+04 1.127121609793579410e+04 1.127121609793579410e+04
8.572566859719742788e+05 8.572566859719742788e+05 8.535839777287307661e+05 8.455888786511672661e+05 8.320003020424317801e+05 8.110605298262293218e+05 7.809283308003556449e+05 7.405496867080560187e+05 6.909598602253720164e+05 6.359739516763229622e+05 5.799392760962755419e+05 5.261175412720784079e+05 4.763444170428733341e+05 4.313413233655677759e+05 3.911467192439998034e+05 3.554513462855452090e+05 3.238064551710538217e+05 2.957360411120158387e+05 2.707899557875217288e+05 2.485646739546347526e+05 2.287079336189006863e+05 2.109161265659864875e+05 1.949289560854564770e+05 1.805235050550735614e+05 1.675086399730562989e+05 1.557200836464190506e+05 1.450162176428725070e+05 1.352745626534082112e+05 1.263888469438313623e+05 1.182665684537162015e+05 1.108269647698782355e+05 1.039993178957923374e+05 9.772153346312743088e+04 9.193894528183335206e+04 8.660330552075496234e+04 8.167192843765616999e+04 7.710696168540169310e+04 7.287476408571103821e+04 6.894537263554362289e+04 6.529204460314050812e+04 6.189086305007370538e+04 5.872039611356722162e+04 5.576140200289007771e+04 5.299657298352584621e+04 5.041031270428674907e+04 4.798854211381280766e+04 4.571852994970177679e+04 4.358874439667820843e+04 4.158872302127255534e+04 3.970895851879811380e+04 3.794079816805171868e+04 3.627635519241251313e+04 3.470843048212441499e+04 3.323044334953532234e+04 3.183637017354198906e+04 3.052068994612071401e+04 2.927833586785316220e+04 2.810465225352212292e+04 2.699535610693244598e+04 2.594650280799873872e+04 2.495445542746172578e+04 2.401585724667709655e+04 2.312760711357884065e+04 2.228683731223616996e+04 2.149089366348971453e+04 2.073731760891015801e+04 2.002383006044524518e+04 1.934831682434793765e+04 1.870881543083229190e+04 1.810350322073791540e+04 1.753068655792291247e+04 1.698879105131035249e+04 1.647635268376221939e+04 1.599200975672468303e+04 1.553449556977768407e+04 1.510263176326914072e+04 1.469532226021536371e+04 1.431154775055659411e+04 1.395036066715770721e+04 1.361088060842857340e+04 1.329229016718916137e+04 1.299383112987174354e+04 1.271480101389451193e+04 1.245454991450386660e+04 1.221247763539614607e+04 1.198803108022658489e+04 1.178070188449195120e+04 1.159002426951952657e+04 1.141557310224174580e+04 1.125696214624636377e+04 1.111384249121413268e+04 1.098590114930389609e+04 1.087285980841019591e+04 1.077447373344012158e+04 1.069053080791196226e+04 1.062085070918152633e+04 1.056528421164730571e+04 1.052371261312313254e+04 1.049604728053776489e+04 1.048222931183246328e+04 1.048222931183246328e+04
9.003970073680124478e+05 9.003970073680124478e+05 8.979687769793261541e+05 8.921980402173791081e+05 8.811726270382545190e+05 8.619349028060353594e+05 8.307922673141877167e+05 7.846211170087199425e+05 7.239037825207989663e+05 6.561108117953928886e+05 5.887422667251250241e+05 5.263162337590437382e+05 4.706292950320979580e+05 4.218552080440068967e+05 3.794259617409422644e+05 3.425352392266670940e+05 3.103742738569299690e+05 2.822217461509083514e+05 2.574654370983355620e+05 2.355962789575935458e+05 2.161936325821713835e+05 1.989096097969794355e+05 1.834552102243968402e+05 1.695889170110444247e+05 1.571075994402208598e+05 1.458393374449215480e+05 1.356377687275828212e+05 1.263776165085985413e+05 1.179511264358588378e+05 1.102652043975150882e+05 1.032390977395433583e+05 9.680250118688907241e+04 9.089399774729607452e+04 8.545976632863646955e+04 8.045250366444178508e+04 7.583051992233211058e+04 7.155697618179545680e+04 6.759923861999360088e+04 6.392832931830877351e+04 6.051845751335993555e+04 5.734661816315841133e+04 5.439224709631910082e+04 5.163692391620660055e+04 4.906411535719395761e+04 4.665895302186251502e+04 4.440804042875942832e+04 4.229928511967925442e+04 4.032175224899264867e+04 3.846553663458691881e+04 3.672165071243371494e+04 3.508192622243431106e+04 3.353892777568048041e+04 3.208587672419945739e+04 3.071658398207939535e+04 2.942539063950505079e+04 2.820711537408458753e+04 2.705700780222289904e+04 2.597070703074315679e+04 2.494420476937088824e+04 2.397381245025851604e+04 2.305613187399282469e+04 2.218802896447132662e+04 2.136661026897048941e+04 2.058920188630441407e+04 1.985333054601969343e+04 1.915670659623000392e+04 1.849720868770663219e+04 1.787286996780327536e+04 1.728186562034572125e+04 1.672250160730850621e+04 1.619320448515859789e+04 1.569251218362268264e+04 1.521906564779268956e+04 1.477160125576949940e+04 1.434894393412331920e+04 1.395000090222065592e+04 1.357375598417859874e+04 1.321926443401184952e+04 1.288564822552688020e+04 1.257209176388295600e+04 1.227783798031865444e+04 1.200218477580383660e+04 1.174448178300929067e+04 1.150412741931139863e+04 1.128056620641941481e+04 1.107328633489985259e+04 1.088181745416045669e+04 1.070572867053699702e+04 1.054462673813000038e+04 1.039815442856513437e+04 1.026598906753598203e+04 1.014784122732672040e+04 1.004345356580553562e+04 9.952599803508730474e+03 9.875083831574687792e+03 9.810738944216258460e+03 9.759427190390591932e+03 9.721038840175267978e+03 9.695491962164491270e+03 9.682732109022221266e+03 9.682732109022221266e+03
9.455492004755366361e+05 9.455492004755366361e+05 9.453176658662519185e+05 9.437596202326874482e+05 9.383604052312935237e+05 9.246187212216095068e+05 8.956475165837922832e+05 8.433201131493300200e+05 7.645213206203029258e+05 6.769298724262624746e+05 5.940250472712469054e+05 5.213182768706185161e+05 4.595323224289312493e+05 4.074750707236610469e+05 3.635095288735827780e+05 3.261180207666441565e+05 2.940516020611991989e+05 2.663257501825483050e+05 2.421732213314965775e+05 2.209941388628998247e+05 2.023147671026242897e+05 1.857562638286889996e+05 1.710117527350199525e+05 1.578296378743122914e+05 1.460014071809564775e+05 1.353526175496393116e+05 1.257361344059924159e+05 1.170269817360664310e+05 1.091183572731367458e+05 1.019185036047298345e+05 9.534821830993656476e+04 8.933884896235217457e+04 8.383066172856517369e+04 7.877150194141024258e+04 7.411568579551803123e+04 6.982307707970231422e+04 6.585831352703137964e+04 6.219015519266706542e+04 5.879093310632444627e+04 5.563608086362176255e+04 5.270373520982107584e+04 4.997439430367320165e+04 4.743062441926826432e+04 4.505680748763972224e+04 4.283892319691720331e+04 4.076436043276175769e+04 3.882175370564148034e+04 3.700084091813828127e+04 3.529233940699362574e+04 3.368783767479556263e+04 3.217970062466537638e+04 3.076098644318088918e+04 2.942537355399807348e+04 2.816709629726726780e+04 2.698088818528057527e+04 2.586193174979643663e+04 2.480581413570154473e+04 2.380848771387382658e+04 2.286623508631132790e+04 2.197563794218503608e+04 2.113354929606871519e+04 2.033706870221205827e+04 1.958352009183594782e+04 1.887043192641617134e+04 1.819551939925794431e+04 1.755666845162997561e+04 1.695192139901886912e+04 1.637946398850660626e+04 1.583761373008864575e+04 1.532480936393712000e+04 1.483960134212579396e+04 1.438064321773048869e+04 1.394668384689961931e+04 1.353656032035333737e+04 1.314919155048777975e+04 1.278357244867556619e+04 1.243876863468435658e+04 1.211391162674096267e+04 1.180819446646557299e+04 1.152086773788098799e+04 1.125123594429986770e+04 1.099865421077871542e+04 1.076252528328939843e+04 1.054229679897883580e+04 1.033745880459564796e+04 1.014754150261526047e+04 9.972113206886018816e+03 9.810778491514358393e+03 9.663176518551790650e+03 9.528979531622895593e+03 9.407891504042407178e+03 9.299646931410499747e+03 9.204009759694225068e+03 9.120772441086899562e+03 9.049755110740536111e+03 8.990804878635775822e+03 8.943795231465934194e+03 8.908625540438622920e+03 8.885220671518010931e+03 8.873530695429131811e+03 8.873530695429131811e+03
9.902017140742016491e+05 9.902017140742016491e+05 9.933262101289177081e+05 9.986447344570537098e+05 1.003632983338177553e+06 1.002613738050120650e+06 9.841446902014630614e+05 9.286779590305236634e+05 8.151511317740568193e+05 6.950716194563761819e+05 5.914415006295655621e+05 5.077021304398188950e+05 4.408111482983045862e+05 3.868636154074263759e+05 3.426463005347074941e+05 3.057990596226782072e+05 2.746385020294339629e+05 2.479599222417084966e+05 2.248860239080839965e+05 2.047631267399486678e+05 1.870923948406497657e+05 1.714845218903805362e+05 1.576295958414978231e+05 1.452767034600433544e+05 1.342198161046035239e+05 1.242877804623428237e+05 1.153370423655303312e+05 1.072462306447882729e+05 9.991203715944003488e+04 9.324602203436850687e+04 8.717209485629280971e+04 8.162450056466576643e+04 7.654618963180149149e+04 7.188748595922201639e+04 6.760498890246596420e+04 6.366066179229614499e+04 6.002107063621930138e+04 5.665674487728092936e+04 5.354163813472656329e+04 5.065267139549926651e+04 4.796934459480642545e+04 4.547340521018772415e+04 4.314856459918926703e+04 4.098025447866963077e+04 3.895541727724694647e+04 3.706232516718075203e+04 3.529042345362875494e+04 3.363019471089587023e+04 3.207304063898356981e+04 3.061117909496612265e+04 2.923755415180536875e+04 2.794575736807815338e+04 2.672995872767453329e+04 2.558484593920701809e+04 2.450557097798753239e+04 2.348770291622477089e+04 2.252718622391136523e+04 2.162030383894126135e+04 2.076364440298675254e+04 1.995407314311639857e+04 1.918870595001285255e+04 1.846488626418382773e+04 1.778016443328083551e+04 1.713227924792312479e+04 1.651914140139527808e+04 1.593881865135821317e+04 1.538952248978078933e+04 1.486959615163416311e+04 1.437750381393534190e+04 1.391182085486847245e+04 1.347122505851123969e+04 1.305448866449559500e+04 1.266047117381240787e+04 1.228811283238705073e+04 1.193642872324147902e+04 1.160450340597367904e+04 1.129148604925803920e+04 1.099658600826354814e+04 1.071906880426769021e+04 1.045825246844301910e+04 1.021350421608114993e+04 9.984237421165504202e+03 9.769908864517479742e+03 9.570016231639918260e+03 9.384095838998297040e+03 9.211720569788662033e+03 9.052498002247151817e+03 8.906068715528237590e+03 8.772104759681569703e+03 8.650308277870921302e+03 8.540410270275091534e+03 8.442169490338246760e+03 8.355371465131116565e+03 8.279827632642258322e+03 8.215374589706425468e+03 8.161873445164927944e+03 8.119209273653363198e+03 8.087290666118128684e+03 8.066049373955135707e+03 8.055440044243910961e+03 8.055440044243910961e+03
1.030585082098824671e+06 1.030585082098824671e+06 1.038054242990014027e+06 1.052945077202656539e+06 1.074412827814857941e+06 1.098386225731478538e+06 1.110880196091188584e+06 1.071890595716341399e+06 8.744395600569654489e+05 7.001392449692360824e+05 5.725865081672073575e+05 4.805042121871203417e+05 4.119047667036289931e+05 3.588085572821363457e+05 3.163137483164186124e+05 2.813906458705322002e+05 2.521028022576974763e+05 2.271600113517145510e+05 2.056656856988293584e+05 1.869717590624972363e+05 1.705931276755780564e+05 1.561556799002638145e+05 1.433637172905792831e+05 1.319788441346725740e+05 1.218058134150021942e+05 1.126827088133694633e+05 1.044739101766580570e+05 9.706490223750285804e+04 9.035834321972152975e+04 8.427102154149554553e+04 7.873145678806271462e+04 7.367798025832232088e+04 6.905718055106732936e+04 6.482263230688453768e+04 6.093384806580862642e+04 5.735540822122971440e+04 5.405623465554681752e+04 5.100898131659890350e+04 4.818952067105403694e+04 4.557650925335298234e+04 4.315101881405510358e+04 4.089622212744870194e+04 3.879712453117299447e+04 3.684033387147832400e+04 3.501386281177014462e+04 3.330695849947664101e+04 3.170995542913910322e+04 3.021414802850304841e+04 2.881168005959413858e+04 2.749544839265566043e+04 2.625901909619087382e+04 2.509655410606101213e+04 2.400274700306440354e+04 2.297276665051113014e+04 2.200220762963961533e+04 2.108704656692123899e+04 2.022360357885607300e+04 1.940850817080467459e+04 1.863866902029805715e+04 1.791124715475068297e+04 1.722363210110934597e+04 1.657342064250284966e+04 1.595839786599215040e+04 1.537652022753398887e+04 1.482590039618174342e+04 1.430479367037530392e+04 1.381158578578593733e+04 1.334478195694475653e+04 1.290299701470358923e+04 1.248494651858684847e+04 1.208943873793319108e+04 1.171536740852834737e+04 1.136170518261195866e+04 1.102749769986157662e+04 1.071185821544644750e+04 1.041396272864917773e+04 1.013304556205590598e+04 9.868395347021070847e+03 9.619351376082866409e+03 9.385300287449066673e+03 9.165673050526213046e+03 8.959942224916250780e+03 8.767619468309452714e+03 8.588253271424033301e+03 8.421426900508300605e+03 8.266756530070471854e+03 8.123889550352998413e+03 7.992503035841408746e+03 7.872302362541904586e+03 7.763019963159587860e+03 7.664414210592966811e+03 7.576268421166752887e+03 7.498389970165570048e+03 7.430609513053941555e+03 7.372780306720256704e+03 7.324777625744871330e+03 7.286498269552939746e+03 7.257860156915096013e+03 7.238802004898401719e+03 7.229283090038370574e+03 7.229283090038370574e+03
1.062236591789643047e+06 1.062236591789643047e+06 1.074110400661881780e+06 1.099512088006815640e+06 1.141945476797891781e+06 1.206412667413109215e+06 1.294291387014418142e+06 1.372927896119677695e+06 9.134451177124541719e+05 6.642578562541549327e+05 5.238316387237125309e+05 4.342567475605669897e+05 3.709129277603049995e+05 3.228145419685821398e+05 2.845269245253461995e+05 2.530682941652549489e+05 2.266498071466377878e+05 2.041163303712981578e+05 1.846755228392978315e+05 1.677561943638745288e+05 1.529295079050549248e+05 1.398628503202024149e+05 1.282915870218357741e+05 1.180010106364547246e+05 1.088143076847768680e+05 1.005842029002777417e+05 9.318693438143203093e+04 8.651776373414468253e+04 8.048753689775810926e+04 7.501999101540427364e+04 7.004960871273679368e+04 6.551988540296596329e+04 6.138191541253149626e+04 5.759322871429329098e+04 5.411682747324396041e+04 5.092038369038629753e+04 4.797556787861623161e+04 4.525748507029652683e+04 4.274419925330804836e+04 4.041633101765272295e+04 3.825671606972451991e+04 3.625011454226099886e+04 3.438296283907577890e+04 3.264316120967223833e+04 3.101989142661170990e+04 2.950345989645844747e+04 2.808516231774265179e+04 2.675716664116627362e+04 2.551241161565783841e+04 2.434451863987380784e+04 2.324771500010726595e+04 2.221676687534331359e+04 2.124692074001455694e+04 2.033385200330788211e+04 1.947361989851618273e+04 1.866262778192345650e+04 1.789758812401513933e+04 1.717549157923270468e+04 1.649357960817507774e+04 1.584932020016439674e+04 1.524038630701635702e+04 1.466463665232385938e+04 1.412009862599667758e+04 1.360495301273674704e+04 1.311752033645697520e+04 1.265624863095152250e+04 1.221970247183213905e+04 1.180655312565044187e+04 1.141556969036867667e+04 1.104561111699378125e+04 1.069561901578133984e+04 1.036461116220149597e+04 1.005167562803069268e+04 9.755965471894392977e+03 9.476693931282470658e+03 9.213130064868970294e+03 8.964594799843718647e+03 8.730457344228434522e+03 8.510131928576895007e+03 8.303074845611139608e+03 8.108781759762202455e+03 7.926785261724846350e+03 7.756652645910977299e+03 7.597983891088107157e+03 7.450409826699553378e+03 7.313590469199438303e+03 7.187213514563902208e+03 7.070992974578774010e+03 6.964667945920263264e+03 6.868001502274930317e+03 6.780779700855657211e+03 6.702810695664540617e+03 6.633923950783224427e+03 6.573969547811960183e+03 6.522817582315069558e+03 6.480357644865806833e+03 6.446498382902150297e+03 6.421167140316966652e+03 6.404309672077512914e+03 6.395889931986032934e+03 6.395889931986032934e+03
4.575408323437162948e-28 4.575408323437162948e-28 4.649299375670983986e-28 4.814017620792438187e-28 5.114131571084341459e-28 5.656579754921023329e-28 6.724425271176367455e-28 9.228949466286298127e-28 7.249321071386298863e+05 5.319040975881132763e+05 4.328883594538900070e+05 3.674030365976841422e+05 3.185862747518019169e+05 2.798955308735762956e+05 2.481329366768064792e+05 2.214713600312122144e+05 1.987504139278107032e+05 1.791762231854883430e+05 1.621748399842145445e+05 1.473132390141953074e+05 1.342536527385462541e+05 1.227257843504050688e+05 1.125091418159130408e+05 1.034213105507100554e+05 9.530981717240661965e+04 8.804623880473508325e+04 8.152177420610623085e+04 7.564381039936983143e+04 7.033319853331863123e+04 6.552205584773673036e+04 6.115197091519278911e+04 5.717252575761634944e+04 5.354007141289948049e+04 5.021670875760056515e+04 4.716943700273210561e+04 4.436944000695364230e+04 4.179148638444388780e+04 3.941342390758977126e+04 3.721575227881674800e+04 3.518126120758070465e+04 3.329472304001353041e+04 3.154263106695487295e+04 2.991297616876912434e+04 2.839505570994755544e+04 2.697930962589379487e+04 2.565717949087038869e+04 2.442098705352171237e+04 2.326382930205198863e+04 2.217948759727004290e+04 2.116234880612121196e+04 2.020733669578136687e+04 1.930985212074662559e+04 1.846572076228128935e+04 1.767114736920104770e+04 1.692267560756422608e+04 1.621715275988720896e+04 1.555169862626506801e+04 1.492367807397910292e+04 1.433067676159640905e+04 1.377047963074057225e+04 1.324105181574696508e+04 1.274052166967576886e+04 1.226716564642683443e+04 1.181939481371368129e+04 1.139574280170501515e+04 1.099485501782426581e+04 1.061547898020404500e+04 1.025645564124735392e+04 9.916711589087066386e+03 9.595252028759912719e+03 9.291154457138323778e+03 9.003562956159446912e+03 8.731683038052327902e+03 8.474776984241949322e+03 8.232159626443943125e+03 8.003194524648256447e+03 7.787290501804230189e+03 7.583898499769047703e+03 7.392508725068828426e+03 7.212648056573146278e+03 7.043877690398118830e+03 6.885790999975598424e+03 6.738011591820898502e+03 6.600191539579010168e+03 6.472009780885557120e+03 6.353170663299422813e+03 6.243402627053188553e+03 6.142457013710020874e+03 6.050106991094751720e+03 5.966146585862367829e+03 5.890389816135046203e+03 5.822669917473369424e+03 5.762838656271680520e+03 2.412139369081430147e-28 2.395224417336734888e-28 2.381168852256218075e-28 2.369950639005755316e-28 2.361552242173458859e-28 2.355960563840193732e-28 2.353166897495085455e-28 2.353166897495085455e-28
0.000000000000000000e+00 0.000000000000000000e+00 0.000000000000000000e+00 0.000000000000000000e+00 0.000000000000000000e+00 0.000000000000000000e+00 0.000000000000000000e+00 0.000000000000000000e+00 2.981417397733406979e+05 3.381619656385157723e+05 3.196773727194094099e+05 2.898936548483217484e+05 2.600731310360060597e+05 2.328953942475118674e+05 2.088072034057380515e+05 1.876435313584560936e+05 1.690862442775870732e+05 1.528033338840818615e+05 1.384905420163778763e+05 1.258809425573290500e+05 1.147440286080254009e+05 1.048818174906557542e+05 9.612453599645583017e+04 8.832665090236370452e+04 8.136339645303567522e+04 7.512777377642999636e+04 6.952796415220265044e+04 6.448510217226143868e+04 5.993136348380861455e+04 5.580832809731648013e+04 5.206558436676204292e+04 4.865954189254019002e+04 4.555242450553412345e+04 4.271141742832631280e+04 4.010794567709791590e+04 3.771706367108000995e+04 3.551693875655563170e+04 3.348841385858768626e+04 3.161463670969562008e+04 2.988074506083754386e+04 2.827359896696171563e+04 2.678155267753800945e+04 2.539425987914618599e+04 2.410250705971561911e+04 2.289807062041925019e+04 2.177359407586653106e+04 2.072248227888885231e+04 1.973881010204822815e+04 1.881724342059753326e+04 1.795297058518889025e+04 1.714164285869202649e+04 1.637932253009546730e+04 1.566243761757382708e+04 1.498774223939697913e+04 1.435228187066119972e+04 1.375336282090239365e+04 1.318852536582791436e+04 1.265552004922994092e+04 1.215228674091501853e+04 1.167693609550227120e+04 1.122773310691851111e+04 1.080308249580420670e+04 1.040151570317477490e+04 1.002167929438088504e+04 9.662324603582752388e+03 9.322298471585001607e+03 9.000534948917271322e+03 8.696047852693862296e+03 8.407924080006887380e+03 8.135317592796254758e+03 7.877443999839458229e+03 7.633575670572778108e+03 7.403037323429197386e+03 7.185202038364931468e+03 6.979487649108929872e+03 6.785353476021981805e+03 6.602297364987414767e+03 6.429853001731907170e+03 6.267587474530812869e+03 6.115099061269625054e+03 5.972015219604319100e+03 5.837990761290842784e+03 5.712706193930137488e+03 5.595866215125232884e+03 5.487198345839747162e+03 5.386451691109912645e+03 5.293395817600295231e+03 5.207819738672868880e+03 5.129530998658317003e+03 5.058354848981388386e+03 4.994133509613547176e+03 4.936725510097365259e+03 4.886005105090289362e+03 2.047529752196395788e-28 2.033152817253857853e-28 2.021206473071855196e-28 2.011671857177976011e-28 2.004533959536272170e-28 1.999781569001592277e-28 1.997407233469984401e-28 1.997407233469984401e-28
0.000000000000000000e+00 0.000000000000000000e+00 0.000000000000000000e+00 0.000000000000000000e+00 0.000000000000000000e+00 0.000000000000000000e+00 0.000000000000000000e+00 0.000000000000000000e+00 1.506666699702164915e+05 2.110105241780884680e+05 2.240779469638715382e+05 2.169838720756214461e+05 2.022542090011487890e+05 1.853257205428890884e+05 1.685141859374990163e+05 1.527640624945323216e+05 1.384066402875815984e+05 1.254972666123106319e+05 1.139699918986323464e+05 1.037099566414553119e+05 9.458754764719413652e+04 8.647440336345238029e+04 7.925063801053146017e+04 7.280772920715388318e+04 6.704922878534885240e+04 6.189038518184973509e+04 5.725724869611350005e+04 5.308556857875891728e+04 4.931965001425175433e+04 4.591125980318521761e+04 4.281862387328119803e+04 4.000553343053405115e+04 3.744056176821802364e+04 3.509638588323810109e+04 3.294920330785432452e+04 3.097823322605254725e+04 2.916529094760811859e+04 2.749442551590275616e+04 2.595161124618509348e+04 2.452448510879799505e+04 2.320212296693419194e+04 2.197484868944740083e+04 2.083407106085081250e+04 1.977214419646588794e+04 1.878224784590562922e+04 1.785828454208207404e+04 1.699479103798367214e+04 1.618686188105244582e+04 1.543008331693243963e+04 1.472047600040213547e+04 1.405444523057000333e+04 1.342873762759312194e+04 1.284040333536526305e+04 1.228676297498344866e+04 1.176537869110476458e+04 1.127402873189643105e+04 1.081068508623973685e+04 1.037349377152636407e+04 9.960757424252931742e+03 9.570919895410577737e+03 9.202552594659871829e+03 8.854342363109964936e+03 8.525080684766449849e+03 8.213654072679732053e+03 7.919035487750486936e+03 7.640276667142071346e+03 7.376501255295716874e+03 7.126898644472060369e+03 6.890718443652066526e+03 6.667265504900814449e+03 6.455895445172614018e+03 6.256010609200647195e+03 6.067056425758894875e+03 5.888518115372963621e+03 5.719917712560727523e+03 5.560811370026757686e+03 5.410786916113125699e+03 5.269461640091884874e+03 5.136480282809917298e+03 5.011513212810747063e+03 4.894254770229366841e+03 4.784421762820398726e+03 4.681752100197496475e+03 4.586003553870374162e+03 4.496952632140717469e+03 4.414393560017992968e+03 4.338137355499081423e+03 4.268010994454177307e+03 4.203856657254384118e+03 4.145531051084777573e+03 4.092904802507418935e+03 4.045861915541972849e+03 4.004299291087746496e+03 1.679694374319269342e-28 1.667887314553023323e-28 1.658076545016906848e-28 1.650246482740002966e-28 1.644384727944055020e-28 1.640482019428698791e-28 1.638532201384376442e-28 1.638532201384376442e-28
0.000000000000000000e+00 0.000000000000000000e+00 0.000000000000000000e+00 0.000000000000000000e+00 0.000000000000000000e+00 0.000000000000000000e+00 0.000000000000000000e+00 0.000000000000000000e+00 8.498803256707172841e+04 1.324440983279202774e+05 1.518251874274758156e+05 1.547495788832894468e+05 1.491598555499301001e+05 1.396746033954502200e+05 1.287960957110601448e+05 1.178155100543490844e+05 1.073602539354271867e+05 9.770270449607535556e+04 8.892953831139573595e+04 8.103324893888384395e+04 7.396118107496593439e+04 6.764164656632162223e+04 6.199770278874975338e+04 5.695424303564551519e+04 5.244142490032466594e+04 4.839608509319300356e+04 4.476205893913605541e+04 4.148992522605359409e+04 3.853647359145243536e+04 3.586406271789533639e+04 3.343996216319433734e+04 3.123572639781203907e+04 2.922662390012733522e+04 2.739112952188303825e+04 2.571048031088962671e+04 2.416829085982363904e+04 2.275022240005946514e+04 2.144369929048913764e+04 2.023766667360433348e+04 1.912238353814704533e+04 1.808924603914959516e+04 1.713063657097856412e+04 1.623979470780520569e+04 1.541070669092122262e+04 1.463801064203872920e+04 1.391691511594401891e+04 1.324312897772533688e+04 1.261280090588088387e+04 1.202246708954979658e+04 1.146900591291968158e+04 1.094959860843044407e+04 1.046169501879315430e+04 1.000298374044126831e+04 9.571366032319416263e+03 9.164932967288281361e+03 8.781945381792356784e+03 8.420816245429317860e+03 8.080095127509402118e+03 7.758454484575860079e+03 7.454677532436832735e+03 7.167647499725914713e+03 6.896338088412281650e+03 6.639804990837822515e+03 6.397178333378001298e+03 6.167655934377534322e+03 5.950497278952516353e+03 5.745018126055447283e+03 5.550585674292079602e+03 5.366614222308223361e+03 5.192561267800532733e+03 5.027923996188957062e+03 4.872236116083990055e+03 4.725065003875646653e+03 4.586009124469261224e+03 4.454695699017213883e+03 4.330778594015690032e+03 4.213936409163404278e+03 4.103870743972860510e+03 4.000304625470172141e+03 3.902981081300797086e+03 3.811661844348720933e+03 3.726126176609451250e+03 3.646169801269965319e+03 3.571603933393837451e+03 3.502254400485223414e+03 3.437960845270420577e+03 3.378576003912976830e+03 3.323965053522093513e+03 3.274005023632404573e+03 3.228584266846240098e+03 3.187601984409071520e+03 3.150967802997543458e+03 3.118601399445699371e+03 1.309202885447493361e-28 1.299992023064798668e-28 1.292338601163168863e-28 1.286230405439826611e-28 1.281657716999262571e-28 1.278613277155057570e-28 1.277092261237539265e-28 1.277092261237539265e-28
0.000000000000000000e+00 0.000000000000000000e+00 0.000000000000000000e+00 0.000000000000000000e+00 0.000000000000000000e+00 0.000000000000000000e+00 0.000000000000000000e+00 0.000000000000000000e+00 4.931546053098052653e+04 8.110346721387968864e+04 9.742126443037271383e+04 1.028872916070232459e+05 1.017186680464010860e+05 9.693258177373319631e+04 9.044632031779125100e+04 8.338861534728010884e+04 7.638186538469036168e+04 6.974357953731747693e+04 6.361570398175559967e+04 5.804281737864016031e+04 5.301771791345284873e+04 4.850741403717901994e+04 4.446770398530561215e+04 4.085119416727614589e+04 3.761155647706334275e+04 3.470563489776597271e+04 3.209433361713488921e+04 2.974283003626438949e+04 2.762042983391800226e+04 2.570024792925901784e+04 2.395882009777566054e+04 2.237570310351769513e+04 2.093309360937610472e+04 1.961548011038973709e+04 1.840933305468341132e+04 1.730283335864996116e+04 1.628563698716395993e+04 1.534867213117245228e+04 1.448396516160686406e+04 1.368449160704464521e+04 1.294404868059291039e+04 1.225714624764633845e+04 1.161891351261426644e+04 1.102501907422794102e+04 1.047160233821696602e+04 9.955214576612113888e+03 9.472768184137097705e+03 9.021492906158475307e+03 8.598898003261310805e+03 8.202739478717665406e+03 7.830991631089902512e+03 7.481822308316893213e+03 7.153571335852155244e+03 6.844731671811470733e+03 6.553932909947920052e+03 6.279926808103939948e+03 6.021574567675961589e+03 5.777835629918477025e+03 5.547757789002926074e+03 5.330468450383258642e+03 5.125166887466125445e+03 4.931117370040730748e+03 4.747643055666636428e+03 4.574120549867803675e+03 4.409975053931903858e+03 4.254676029778647717e+03 4.107733320815032130e+03 3.968693675547463499e+03 3.837137627629195322e+03 3.712676691919677978e+03 3.594950841190652227e+03 3.483626232534172686e+03 3.378393156316125442e+03 3.278964183840279475e+03 3.185072492712979511e+03 3.096470351449111149e+03 3.012927747011107385e+03 2.934231140849554322e+03 2.860182340740308973e+03 2.790597477106282440e+03 2.725306073834794915e+03 2.664150204743677932e+03 2.606983727765576077e+03 2.553671589928154390e+03 2.504089196851048200e+03 2.458121841270844470e+03 2.415664185656508835e+03 2.376619794592911603e+03 2.340900712999241023e+03 2.308427086816150222e+03 2.279126823065637382e+03 2.252935286643673862e+03 2.229795031454027139e+03 9.366349507789450337e-29 9.300409199247992217e-29 9.245619129156974261e-29 9.201891544146488723e-29 9.169156620950484944e-29 9.147362212193021126e-29 9.136473657325160729e-29 9.136473657325160729e-29
0.000000000000000000e+00 0.000000000000000000e+00 0.000000000000000000e+00 0.000000000000000000e+00 0.000000000000000000e+00 0.000000000000000000e+00 0.000000000000000000e+00 0.000000000000000000e+00 2.612511060300645840e+04 4.410837738307956170e+04 5.439265437924824073e+04 5.871136379454241251e+04 5.901601970489173254e+04 5.691810433747330535e+04 5.355678231721377961e+04 4.966110403589391353e+04 4.566298400646788650e+04 4.179967436263404670e+04 3.818901541688333964e+04 3.487907559026088711e+04 3.187890726462816383e+04 2.917689267525291143e+04 2.675141565433716823e+04 2.457693021577667605e+04 2.262730787505949047e+04 2.087759127342768261e+04 1.930482548616253916e+04 1.788836606716951064e+04 1.660990014310154584e+04 1.545331930294739141e+04 1.440452450986104850e+04 1.345120829248339760e+04 1.258263873970996246e+04 1.178945768244958344e+04 1.106349846896718009e+04 1.039762484318654970e+04 9.785590357738003149e+03 9.221916735071095900e+03 8.701789175787451313e+03 8.220966532723074124e+03 7.775704363012124304e+03 7.362689046429686641e+03 6.978981364436666809e+03 6.621968141985363218e+03 6.289320749366356722e+03 5.978959436682156593e+03 5.689022628137723586e+03 5.417840436495550421e+03 5.163911772316751922e+03 4.925884519301884211e+03 4.702538329120760864e+03 4.492769657918361190e+03 4.295578724896594395e+03 4.110058122074854509e+03 3.935382845372151223e+03 3.770801551649673002e+03 3.615628875352299929e+03 3.469238662861819193e+03 3.331058003343255677e+03 3.200561952177014518e+03 3.077268857961585127e+03 2.960736216492630319e+03 2.850556985780309333e+03 2.746356305179077935e+03 2.647788569441829623e+03 2.554534815056320895e+03 2.466300381906325129e+03 2.382812818061168400e+03 2.303819999692681449e+03 2.229088441688386865e+03 2.158401777589173889e+03 2.091559390112704023e+03 2.028375175966173856e+03 1.968676430401166272e+03 1.912302838951703961e+03 1.859105565144926686e+03 1.808946424356087618e+03 1.761697135115935907e+03 1.717238640144015335e+03 1.675460490374570099e+03 1.636260285876739545e+03 1.599543168346403490e+03 1.565221360407971815e+03 1.533213747545953993e+03 1.503445498869437188e+03 1.475847723401413532e+03 1.450357158933374194e+03 1.426915890814186923e+03 1.405471098337576450e+03 1.385974826656194864e+03 1.368383782399380152e+03 1.352659151383051267e+03 1.338766436953290622e+03 5.625781313400819353e-29 5.586157578960213207e-29 5.553234284149410126e-29 5.526958572588448077e-29 5.507288388470365202e-29 5.494192322905087901e-29 5.487649499732857590e-29 5.487649499732857590e-29
0.000000000000000000e+00 0.000000000000000000e+00 0.000000000000000000e+00 0.000000000000000000e+00 0.000000000000000000e+00 0.000000000000000000e+00 0.000000000000000000e+00 0.000000000000000000e+00 8.214077143753254859e+03 1.401833829330183835e+04 1.749084113922347751e+04 1.907488205988143818e+04 1.933048867094210800e+04 1.875644330574628475e+04 1.772516104321820239e+04 1.648514355895543122e+04 1.518875889403344627e+04 1.392247982016971946e+04 1.273101725453234940e+04 1.163404876697247892e+04 1.063693080172079317e+04 9.737240788066716050e+03 8.928651911592478427e+03 8.203170832291743864e+03 7.552391823955596010e+03 6.968167908145228466e+03 6.442941190217400617e+03 5.969877876232276321e+03 5.542894770098364461e+03 5.156628528778319378e+03 4.806377515483955904e+03 4.488033225157993911e+03 4.198010601355820654e+03 3.933182063243861649e+03 3.690817461037238900e+03 3.468530713126646788e+03 3.264233085391244003e+03 3.076092673272687534e+03 2.902499472658737432e+03 2.742035376795829052e+03 2.593448454474003483e+03 2.455630915472872857e+03 2.327600233365111308e+03 2.208482962124882761e+03 2.097500846555743010e+03 1.993958884094088944e+03 1.897235046616381396e+03 1.806771415065171141e+03 1.722066517716060162e+03 1.642668695176849951e+03 1.568170342565877945e+03 1.498202902381847707e+03 1.432432500979135966e+03 1.370556137938635629e+03 1.312298351299705701e+03 1.257408293237148428e+03 1.205657160422633069e+03 1.156835931564508428e+03 1.110753371522874659e+03 1.067234267176336289e+03 1.026117865250475688e+03 9.872564864715180875e+02 9.505142939163920346e+02 9.157661965628262806e+02 8.828968715284099744e+02 8.517998907582001493e+02 8.223769397585707566e+02 7.945371176287417256e+02 7.681963090192016352e+02 7.432766198242946984e+02 7.197058694812733393e+02 6.974171335980148569e+02 6.763483314506079296e+02 6.564418534931886597e+02 6.376442247037064135e+02 6.199057999685211371e+02 6.031804882514728661e+02 5.874255026563437241e+02 5.726011337434913457e+02 5.586705439240151918e+02 5.455995808281385280e+02 5.333566079126514978e+02 5.219123506824493006e+02 5.112397571668366254e+02 5.013138713540407139e+02 4.921117184701684550e+02 4.836122011624165111e+02 4.757960056361932857e+02 4.686455170454219683e+02 4.621447433660172806e+02 4.562792472090579281e+02 4.510360849875896179e+02 4.464037529812572984e+02 1.876256857099445029e-29 1.863039003115242037e-29 1.852056348219097292e-29 1.843291239466538746e-29 1.836729631191917995e-29 1.832361033625199390e-29 1.830178474713410167e-29 1.830178474713410167e-29
0.000000000000000000e+00 0.000000000000000000e+00 0.000000000000000000e+00 0.000000000000000000e+00 0.000000000000000000e+00 0.000000000000000000e+00 0.000000000000000000e+00 0.000000000000000000e+00 0.000000000000000000e+00 0.000000000000000000e+00 0.000000000000000000e+00 0.000000000000000000e+00 0.000000000000000000e+00 0.000000000000000000e+00 0.000000000000000000e+00 0.000000000000000000e+00 0.000000000000000000e+00 0.000000000000000000e+00 0.000000000000000000e+00 0.000000000000000000e+00 0.000000000000000000e+00 0.000000000000000000e+00 0.000000000000000000e+00 0.000000000000000000e+00 0.000000000000000000e+00 0.000000000000000000e+00 0.000000000000000000e+00 0.000000000000000000e+00 0.000000000000000000e+00 0.000000000000000000e+00 0.000000000000000000e+00 0.000000000000000000e+00 0.000000000000000000e+00 0.000000000000000000e+00 0.000000000000000000e+00 0.000000000000000000e+00 0.000000000000000000e+00 0.000000000000000000e+00 0.000000000000000000e+00 0.000000000000000000e+00 0.000000000000000000e+00 0.000000000000000000e+00 0.000000000000000000e+00 0.000000000000000000e+00 0.000000000000000000e+00 0.000000000000000000e+00 0.000000000000000000e+00 0.000000000000000000e+00 0.000000000000000000e+00 0.000000000000000000e+00 0.000000000000000000e+00 0.000000000000000000e+00 0.000000000000000000e+00 0.000000000000000000e+00 0.000000000000000000e+00 0.000000000000000000e+00 0.000000000000000000e+00 0.000000000000000000e+00 0.000000000000000000e+00 0.000000000000000000e+00 0.000000000000000000e+00 0.000000000000000000e+00 0.000000000000000000e+00 0.000000000000000000e+00 0.000000000000000000e+00 0.000000000000000000e+00 0.000000000000000000e+00 0.000000000000000000e+00 0.000000000000000000e+00 0.000000000000000000e+00 0.000000000000000000e+00 0.000000000000000000e+00 0.000000000000000000e+00 0.000000000000000000e+00 0.000000000000000000e+00 0.000000000000000000e+00 0.000000000000000000e+00 0.000000000000000000e+00 0.000000000000000000e+00 0.000000000000000000e+00 0.000000000000000000e+00 0.000000000000000000e+00 0.000000000000000000e+00 0.000000000000000000e+00 0.000000000000000000e+00 0.000000000000000000e+00 0.000000000000000000e+00 0.000000000000000000e+00 0.000000000000000000e+00 0.000000000000000000e+00 0.000000000000000000e+00 0.000000000000000000e+00 0.000000000000000000e+00 0.000000000000000000e+00 0.000000000000000000e+00 0.000000000000000000e+00 0.000000000000000000e+00 0.000000000000000000e+00 0.000000000000000000e+00 0.000000000000000000e+00 0.000000000000000000e+00
