-1.020714026751424162e-02 -1.020714026751424162e-02 -1.020714026751424162e-02 -1.020714026751424162e-02 -1.020714026751424162e-02 -1.020714026751424162e-02 -1.020714026751424162e-02 -1.020714026751424162e-02 -1.020714026751424162e-02 -1.020714026751424162e-02 -1.020714026751424162e-02 -1.020714026751424162e-02 -1.010678503598511253e-02 -9.858254426798374742e-03 -9.506907818027817564e-03 -9.111555401593652778e-03 -8.704376167839988215e-03 -8.300055091978885205e-03 -7.905194935086484742e-03 -7.522891059415650651e-03 -7.154644403548106324e-03 -6.801148793598389176e-03 -6.462635554154140538e-03 -6.139044252429891844e-03 -5.830121040378226545e-03 -5.535482818906754462e-03 -5.254662294609847156e-03 -4.987140604323089983e-03 -4.732371059876092773e-03 -4.489796285836377895e-03 -4.258860387901558693e-03 -4.039017394373977700e-03 -3.829736925635598369e-03 -3.630507823191174779e-03 -3.440840294004985419e-03 -3.260266988350457411e-03 -3.088343323148706916e-03 -2.924647281647269580e-03 -2.768778858965084341e-03 -2.620359277048452812e-03 -2.479030058332233263e-03 -2.344452022026910585e-03 -2.216304248243538243e-03 -2.094283041435754736e-03 -1.978100914603754274e-03 -1.867485608410653346e-03 -1.762179154091425603e-03 -1.661936985256119020e-03 -1.566527101007447915e-03 -1.475729280915435504e-03 -1.389334351102348465e-03 -1.307143499829806210e-03 -1.228967640428689327e-03 -1.154626819084387948e-03 -1.083949664820999968e-03 -1.016772878971202668e-03 -9.529407614393124205e-04 -8.923047711382061471e-04 -8.347231180880869406e-04 -7.800603847932399779e-04 -7.281871746524881499e-04 -6.789797853032839003e-04 -6.323199049435982485e-04 -5.880943298167597838e-04 -5.461947011800919165e-04 -5.065172602072379746e-04 -4.689626193957313876e-04 -4.334355491652981695e-04 -3.998447784385276700e-04 -3.681028080940348100e-04 -3.381257362733403027e-04 -3.098330946067585977e-04 -2.831476945010019870e-04 -2.579954827024026382e-04 -2.343054054150559375e-04 -2.120092803132111287e-04 -1.910416758422937530e-04 -1.713397972534215995e-04 -1.528433788625456382e-04 -1.354945820677510681e-04 -1.192378986971074246e-04 -1.040200592950645285e-04 -8.978994598802165800e-05 -7.649850959960095983e-05 -6.409869071356992585e-05 -5.254534440748479646e-05 -4.179516840316865010e-05 -3.180663440126273042e-05 -2.253992238646916442e-05 -1.395685770787278883e-05 -6.020850755035497891e-06 1.303160934488151259e-06 8.048768286842795523e-06 1.424814416081052509e-05 1.993209480048398606e-05 2.513010938756563380e-05 2.987040779946322489e-05 3.417998667043444812e-05 3.808466384485568996e-05 4.160912130419078703e-05 4.477694664236105652e-05 4.761067315791732023e-05 5.013181862564105500e-05 5.236092280491477156e-05 5.431758373735938211e-05 5.602049288180576547e-05 5.748746913061335794e-05 5.873549174764119561e-05 5.978073226478838376e-05 6.063858537092494137e-05 6.132369882420688476e-05 6.185000241618859970e-05 6.223073601379165351e-05 6.247847670304205157e-05 6.260516505653122875e-05 6.262213054477220133e-05 6.254011610999945755e-05 6.236930191948005680e-05 6.211932831405810225e-05 6.179931796642731273e-05 6.141789726251019321e-05 6.098321691830523315e-05 6.050297184363563423e-05 5.998442026338907172e-05 5.943440210606539128e-05 5.885935666874482492e-05 5.826533956694326087e-05 5.765803897723042885e-05 5.704279117994178616e-05 5.642459540881520188e-05 5.580812801391983634e-05 5.519775594381541855e-05 5.459754955248111012e-05 5.401129473617914266e-05 5.344250440506911887e-05 5.289442929405728506e-05 5.237006811705330008e-05 5.187217706850861252e-05 5.140327867582555503e-05 5.096567000595258524e-05 5.056143022921619115e-05 5.019242754318391074e-05 4.986032545910187548e-05 4.956658845320714132e-05 4.931248698497353762e-05 4.909910188411494681e-05 4.892732810793540765e-05 4.879787787038552318e-05 4.871128314395464781e-05 4.866789753530197359e-05 4.866789753530197359e-05
-1.020714026751424162e-02 -1.020714026751424162e-02 -1.020714026751424162e-02 -1.020714026751424162e-02 -1.020714026751424162e-02 -1.020714026751424162e-02 -1.020714026751424162e-02 -1.020714026751424162e-02 -1.020714026751424162e-02 -1.020714026751424162e-02 -1.020714026751424162e-02 -1.020714026751424162e-02 -1.010678503598511253e-02 -9.858254426798374742e-03 -9.506907818027817564e-03 -9.111555401593652778e-03 -8.704376167839988215e-03 -8.300055091978885205e-03 -7.905194935086484742e-03 -7.522891059415650651e-03 -7.154644403548106324e-03 -6.801148793598389176e-03 -6.462635554154140538e-03 -6.139044252429891844e-03 -5.830121040378226545e-03 -5.535482818906754462e-03 -5.254662294609847156e-03 -4.987140604323089983e-03 -4.732371059876092773e-03 -4.489796285836377895e-03 -4.258860387901558693e-03 -4.039017394373977700e-03 -3.829736925635598369e-03 -3.630507823191174779e-03 -3.440840294004985419e-03 -3.260266988350457411e-03 -3.088343323148706916e-03 -2.924647281647269580e-03 -2.768778858965084341e-03 -2.620359277048452812e-03 -2.479030058332233263e-03 -2.344452022026910585e-03 -2.216304248243538243e-03 -2.094283041435754736e-03 -1.978100914603754274e-03 -1.867485608410653346e-03 -1.762179154091425603e-03 -1.661936985256119020e-03 -1.566527101007447915e-03 -1.475729280915435504e-03 -1.389334351102348465e-03 -1.307143499829806210e-03 -1.228967640428689327e-03 -1.154626819084387948e-03 -1.083949664820999968e-03 -1.016772878971202668e-03 -9.529407614393124205e-04 -8.923047711382061471e-04 -8.347231180880869406e-04 -7.800603847932399779e-04 -7.281871746524881499e-04 -6.789797853032839003e-04 -6.323199049435982485e-04 -5.880943298167597838e-04 -5.461947011800919165e-04 -5.065172602072379746e-04 -4.689626193957313876e-04 -4.334355491652981695e-04 -3.998447784385276700e-04 -3.681028080940348100e-04 -3.381257362733403027e-04 -3.098330946067585977e-04 -2.831476945010019870e-04 -2.579954827024026382e-04 -2.343054054150559375e-04 -2.120092803132111287e-04 -1.910416758422937530e-04 -1.713397972534215995e-04 -1.528433788625456382e-04 -1.354945820677510681e-04 -1.192378986971074246e-04 -1.040200592950645285e-04 -8.978994598802165800e-05 -7.649850959960095983e-05 -6.409869071356992585e-05 -5.254534440748479646e-05 -4.179516840316865010e-05 -3.180663440126273042e-05 -2.253992238646916442e-05 -1.395685770787278883e-05 -6.020850755035497891e-06 1.303160934488151259e-06 8.048768286842795523e-06 1.424814416081052509e-05 1.993209480048398606e-05 2.513010938756563380e-05 2.987040779946322489e-05 3.417998667043444812e-05 3.808466384485568996e-05 4.160912130419078703e-05 4.477694664236105652e-05 4.761067315791732023e-05 5.013181862564105500e-05 5.236092280491477156e-05 5.431758373735938211e-05 5.602049288180576547e-05 5.748746913061335794e-05 5.873549174764119561e-05 5.978073226478838376e-05 6.063858537092494137e-05 6.132369882420688476e-05 6.185000241618859970e-05 6.223073601379165351e-05 6.247847670304205157e-05 6.260516505653122875e-05 6.262213054477220133e-05 6.254011610999945755e-05 6.236930191948005680e-05 6.211932831405810225e-05 6.179931796642731273e-05 6.141789726251019321e-05 6.098321691830523315e-05 6.050297184363563423e-05 5.998442026338907172e-05 5.943440210606539128e-05 5.885935666874482492e-05 5.826533956694326087e-05 5.765803897723042885e-05 5.704279117994178616e-05 5.642459540881520188e-05 5.580812801391983634e-05 5.519775594381541855e-05 5.459754955248111012e-05 5.401129473617914266e-05 5.344250440506911887e-05 5.289442929405728506e-05 5.237006811705330008e-05 5.187217706850861252e-05 5.140327867582555503e-05 5.096567000595258524e-05 5.056143022921619115e-05 5.019242754318391074e-05 4.986032545910187548e-05 4.956658845320714132e-05 4.931248698497353762e-05 4.909910188411494681e-05 4.892732810793540765e-05 4.879787787038552318e-05 4.871128314395464781e-05 4.866789753530197359e-05 4.866789753530197359e-05
-1.020714026751424162e-02 -1.020714026751424162e-02 -1.020714026751424162e-02 -1.020714026751424162e-02 -1.020714026751424162e-02 -1.020714026751424162e-02 -1.020714026751424162e-02 -1.020714026751424162e-02 -1.020714026751424162e-02 -1.020714026751424162e-02 -1.020714026751424162e-02 -1.020714026751424162e-02 -1.010587282972479940e-02 -9.855175860911429692e-03 -9.500993018091442519e-03 -9.102809066388342640e-03 -8.693162593536113425e-03 -8.286872269700438012e-03 -7.890553230009750632e-03 -7.507253965927739026e-03 -7.138403923606326598e-03 -6.784620138690033303e-03 -6.446062119898667182e-03 -6.122607302677871878e-03 -5.813950775255957541e-03 -5.519668999392031081e-03 -5.239263563211691774e-03 -4.972192221058251843e-03 -4.717891086977639599e-03 -4.475790401021577380e-03 -4.245325554889700474e-03 -4.025944616891547444e-03 -3.817113285371549324e-03 -3.618317968733023287e-03 -3.429067514677220166e-03 -3.248893977609499956e-03 -3.077352711871867656e-03 -2.914022002204342664e-03 -2.758502385789687872e-03 -2.610415777791257226e-03 -2.469404480861158314e-03 -2.335130135913897256e-03 -2.207272654429249647e-03 -2.085529160084391084e-03 -1.969612958433902914e-03 -1.859252546773401335e-03 -1.754190671581683150e-03 -1.654183437550635740e-03 -1.558999469821429522e-03 -1.468419129383360684e-03 -1.382233780461239328e-03 -1.300245107973245365e-03 -1.222264482676496461e-03 -1.148112371353212464e-03 -1.077617789268284091e-03 -1.010617792106575322e-03 -9.469570046441650509e-04 -8.864871834992152106e-04 -8.290668114286872019e-04 -7.745607207748020232e-04 -7.228397438114512021e-04 -6.737803878897304435e-04 -6.272645334292127920e-04 -5.831791529447502564e-04 -5.414160494356278679e-04 -5.018716125937499033e-04 -4.644465914095809536e-04 -4.290458818686102775e-04 -3.955783285371482238e-04 -3.639565389345369951e-04 -3.340967096796388747e-04 -3.059184634831720018e-04 -2.793446961344864276e-04 -2.543014327021768405e-04 -2.307176922329268437e-04 -2.085253602926239824e-04 -1.876590687484725047e-04 -1.680560822409656431e-04 -1.496561908405205155e-04 -1.324016084256793670e-04 -1.162368763583553939e-04 -1.011087720669511647e-04 -8.696622218056648682e-05 -7.376021988720167987e-05 -6.144374621607233324e-05 -4.997169496909806388e-05 -3.930080104949999992e-05 -2.938957195641619824e-05 -2.019822223368159352e-05 -1.168861067856382428e-05 -3.824180132434007067e-06 3.430100309798026320e-06 1.010779082102912149e-05 1.624103423113251851e-05 2.186060740952554715e-05 2.699597075618581930e-05 3.167531590651256218e-05 3.592561174657437603e-05 3.977264882716322530e-05 4.324108225762746886e-05 4.635447315362952093e-05 4.913532870671681016e-05 5.160514093786163295e-05 5.378442419187474678e-05 5.569275142479022391e-05 5.734878933191839723e-05 5.877033236023974764e-05 5.997433564513060468e-05 6.097694690804861468e-05 6.179353734873165526e-05 6.243873156265858316e-05 6.292643651195865947e-05 6.326986957562006784e-05 6.348158570271802612e-05 6.357350369044129405e-05 6.355693160692680070e-05 6.344259137730151924e-05 6.324064254986304595e-05 6.296070525799545687e-05 6.261188239220054081e-05 6.220278099551807916e-05 6.174153289460029067e-05 6.123581457778679341e-05 6.069286633068930953e-05 6.011951063903061036e-05 5.952216986778403402e-05 5.890688322502020142e-05 5.827932301828215493e-05 5.764481021077097055e-05 5.700832928412833235e-05 5.637454241414322257e-05 5.574780296528551677e-05 5.513216830957293706e-05 5.453141197490803523e-05 5.394903512767488591e-05 5.338827739405742887e-05 5.285212702423124998e-05 5.234333040328496920e-05 5.186440091244435950e-05 5.141762714390089699e-05 5.100508047228283285e-05 5.062862198555248284e-05 5.028990877786433466e-05 4.999039960667544147e-05 4.973135991616106530e-05 4.951386622875267969e-05 4.933880990638361136e-05 4.920690028279741773e-05 4.911866716804534405e-05 4.907446272607354076e-05 4.907446272607354076e-05
-1.020714026751424162e-02 -1.020714026751424162e-02 -1.020714026751424162e-02 -1.020714026751424162e-02 -1.020714026751424162e-02 -1.020714026751424162e-02 -1.020714026751424162e-02 -1.020714026751424162e-02 -1.020714026751424162e-02 -1.020714026751424162e-02 -1.020714026751424162e-02 -1.020714026751424162e-02 -1.010397427246744785e-02 -9.848787092376583285e-03 -9.488765829978958524e-03 -9.084807381857663844e-03 -8.670185683479353367e-03 -8.259974898034714089e-03 -7.860793843825616620e-03 -7.475577495601767701e-03 -7.105597825105637415e-03 -6.751309459848607586e-03 -6.412723954883960478e-03 -6.089593178994531786e-03 -5.781510536951914477e-03 -5.487972900184361763e-03 -5.208421188532940532e-03 -4.942267929750603951e-03 -4.688916204102605914e-03 -4.447772618323916384e-03 -4.218256047603068278e-03 -3.999803352793551876e-03 -3.791872934784084725e-03 -3.593946749299269539e-03 -3.405531234988511124e-03 -3.226157484095359615e-03 -3.055380894802341065e-03 -2.892780478336532454e-03 -2.737957945580194504e-03 -2.590536662539133419e-03 -2.450160538133358025e-03 -2.316492888865429901e-03 -2.189215311139122710e-03 -2.068026581984407000e-03 -1.952641601694655006e-03 -1.842790386663593905e-03 -1.738217116982088096e-03 -1.638679240720280388e-03 -1.543946634985872077e-03 -1.453800822598029507e-03 -1.368034242389571482e-03 -1.286449570630078401e-03 -1.208859090763057288e-03 -1.135084108507526928e-03 -1.064954409341680895e-03 -9.983077554293019393e-04 -9.349894191433627067e-04 -8.748517504675342024e-04 -8.177537757020242630e-04 -7.635608250558728388e-04 -7.121441868669391899e-04 -6.633807863486865589e-04 -6.171528869164037527e-04 -5.733478122926821035e-04 -5.318576877315225014e-04 -4.925791988317181676e-04 -4.554133665328734411e-04 -4.202653370015695155e-04 -3.870441852209871646e-04 -3.556627311950570549e-04 -3.260373677683393780e-04 -2.980878991457824000e-04 -2.717373892727452541e-04 -2.469120193056551209e-04 -2.235409534678768270e-04 -2.015562126442419833e-04 -1.808925551216353071e-04 -1.614873639324745230e-04 -1.432805403032116464e-04 -1.262144027514779825e-04 -1.102335914135080372e-04 -9.528497721831000655e-05 -8.131757555696608123e-05 -6.828246412469515954e-05 -5.613270464012522400e-05 -4.482326817080026433e-05 -3.431096381648827791e-05 -2.455437052252480416e-05 -1.551377181438669939e-05 -7.151093262082235398e-06 5.701575011003801331e-07 7.684948366304493315e-06 1.422677809066206534e-05 2.022772952775655497e-05 2.571852087074255738e-05 3.072855502149677404e-05 3.528596718965562053e-05 3.941767081666226752e-05 4.314940191193725340e-05 4.650576188094293330e-05 4.951025891818001268e-05 5.218534803198383659e-05 5.455246976233585799e-05 5.663208764772801300e-05 5.844372449237794474e-05 6.000599748075571393e-05 6.133665218241465106e-05 6.245259548649189469e-05 6.336992750192835158e-05 6.410397245643077626e-05 6.466930862443347769e-05 6.507979731179543506e-05 6.534861092266771795e-05 6.548826013186935372e-05 6.551062018419843145e-05 6.542695634036543981e-05 6.524794848765080022e-05 6.498371493194587674e-05 6.464383538652388351e-05 6.423737317169267251e-05 6.377289663839314318e-05 6.325849982781694926e-05 6.270182237821616579e-05 6.211006868925358514e-05 6.149002635349411683e-05 6.084808386395144567e-05 6.019024760597696603e-05 5.952215814120396598e-05 5.884910579073105932e-05 5.817604552424285660e-05 5.750761116131527828e-05 5.684812889073667468e-05 5.620163011328712234e-05 5.557186361305474698e-05 5.496230706202771425e-05 5.437617786237792486e-05 5.381644333054787840e-05 5.328583022696069542e-05 5.278683363489527808e-05 5.232172519179959869e-05 5.189256067605712669e-05 5.150118695196753162e-05 5.114924827545885437e-05 5.083819196280639231e-05 5.056927342439735735e-05 5.034356056534781824e-05 5.016193755454626300e-05 5.002510796347225816e-05 4.993359727590930460e-05 4.988775476944771879e-05 4.988775476944771879e-05
-1.020714026751424162e-02 -1.020714026751424162e-02 -1.020714026751424162e-02 -1.020714026751424162e-02 -1.020714026751424162e-02 -1.020714026751424162e-02 -1.020714026751424162e-02 -1.020714026751424162e-02 -1.020714026751424162e-02 -1.020714026751424162e-02 -1.020714026751424162e-02 -1.020714026751424162e-02 -1.010092171075546198e-02 -9.838571639783941919e-03 -9.469355327666052757e-03 -9.056456517342497889e-03 -8.634286313132186544e-03 -8.218261732748319628e-03 -7.814946815723092938e-03 -7.427053509323048447e-03 -7.055581071673486596e-03 -6.700719595133751254e-03 -6.362249368463385180e-03 -6.039731915076243518e-03 -5.732610124076633479e-03 -5.440265263701851706e-03 -5.162051484145092038e-03 -4.897317466173236288e-03 -4.645420193934430078e-03 -4.405733662197733498e-03 -4.177654225292990256e-03 -3.960603681544380000e-03 -3.754030819683222987e-03 -3.557411921405540748e-03 -3.370250561488249974e-03 -3.192076943671263382e-03 -3.022446939410887434e-03 -2.860940946924036329e-03 -2.707162652857104251e-03 -2.560737753949907710e-03 -2.421312678213996799e-03 -2.288553332344098884e-03 -2.162143892898041580e-03 -2.041785652204179072e-03 -1.927195925267278847e-03 -1.818107020627497553e-03 -1.714265275808938161e-03 -1.615430156402539088e-03 -1.521373416764069562e-03 -1.431878319626225153e-03 -1.346738911517284063e-03 -1.265759350668927037e-03 -1.188753284024820882e-03 -1.115543269986988151e-03 -1.045960243627803987e-03 -9.798430212289816702e-04 -9.170378411686880846e-04 -8.573979383521853183e-04 -8.007831495616641671e-04 -7.470595472813624854e-04 -6.960990997305901507e-04 -6.477793550072424812e-04 -6.019831474060847879e-04 -5.585983241285692475e-04 -5.175174907437436007e-04 -4.786377738928394247e-04 -4.418605998535277178e-04 -4.070914876939618707e-04 -3.742398558519730652e-04 -3.432188410716878338e-04 -3.139451287188974558e-04 -2.863387935782645932e-04 -2.603231503104591962e-04 -2.358246128160544229e-04 -2.127725618160061674e-04 -1.910992200162340670e-04 -1.707395342766638918e-04 -1.516310642534771309e-04 -1.337138770276313034e-04 -1.169304472732958950e-04 -1.012255625570255337e-04 -8.654623339254873069e-05 -7.284160770725631889e-05 -6.006288940507195217e-05 -4.816326073660412085e-05 -3.709780821151544093e-05 -2.682345181008480856e-05 -1.729887727115578028e-05 -8.484471252208424468e-06 -3.422591743064812599e-07 7.164154419717553679e-06 1.406964315115129393e-05 2.040761387953155819e-05 2.621005969711664641e-05 3.150761096473489432e-05 3.632958449988513507e-05 4.070403101864549238e-05 4.465778092439790414e-05 4.821648852853487993e-05 5.140467478112522708e-05 5.424576858292444974e-05 5.676214674407504461e-05 5.897517264930854288e-05 6.090523368439346445e-05 6.257177747393436146e-05 6.399334697638280165e-05 6.518761447823929881e-05 6.617141452587675936e-05 6.696077583017378231e-05 6.757095217618626424e-05 6.801645236738352272e-05 6.831106923151047505e-05 6.846790771289083441e-05 6.849941207393822726e-05 6.841739222677743000e-05 6.823304921418003562e-05 6.795699985747309993e-05 6.759930058767402877e-05 6.716947047482467361e-05 6.667651346933550110e-05 6.612893986809086706e-05 6.553478701710369503e-05 6.490163926163113235e-05 6.423664715386268390e-05 6.354654592756483708e-05 6.283767324839904160e-05 6.211598624802276789e-05 6.138707784952387894e-05 6.065619239122672576e-05 5.992824055543565084e-05 5.920781360824498929e-05 5.849919695613915239e-05 5.780638302473006492e-05 5.713308346462458553e-05 5.648274068908458912e-05 5.585853874782719948e-05 5.526341354101663915e-05 5.470006237721400475e-05 5.417095287877998159e-05 5.367833123796230099e-05 5.322422982664601321e-05 5.281047416249720703e-05 5.243868923398901612e-05 5.211030518656241015e-05 5.182656237194013484e-05 5.158851576238319536e-05 5.139703873145063951e-05 5.125282620259816782e-05 5.115639716672636253e-05 5.110809656956602303e-05 5.110809656956602303e-05
-1.020714026751424162e-02 -1.020714026751424162e-02 -1.020714026751424162e-02 -1.020714026751424162e-02 -1.020714026751424162e-02 -1.020714026751424162e-02 -1.020714026751424162e-02 -1.020714026751424162e-02 -1.020714026751424162e-02 -1.020714026751424162e-02 -1.020714026751424162e-02 -1.020714026751424162e-02 -1.009640488046635413e-02 -9.823598337091479088e-03 -9.441240800480756382e-03 -9.015910138713872229e-03 -8.583571550559139854e-03 -8.159988661496454798e-03 -7.751517611618658800e-03 -7.360466525380468701e-03 -6.987403705788253899e-03 -6.632131761318446096e-03 -6.294109834951890602e-03 -5.972645620007164050e-03 -5.666987561268726874e-03 -5.376371338280212450e-03 -5.100044093737620722e-03 -4.837277176470059122e-03 -4.587372652422833791e-03 -4.349666299936387655e-03 -4.123528567695830017e-03 -3.908364335305566407e-03 -3.703611970835706414e-03 -3.508741984738130131e-03 -3.323255465642918974e-03 -3.146682414940858187e-03 -2.978580054573102751e-03 -2.818531155472152935e-03 -2.666142416581925023e-03 -2.521042912794736746e-03 -2.382882622362287803e-03 -2.251331039066119775e-03 -2.126075870851321450e-03 -2.006821824205883009e-03 -1.893289471955360900e-03 -1.785214201099887855e-03 -1.682345236682058088e-03 -1.584444737322821461e-03 -1.491286957914252347e-03 -1.402657474952123066e-03 -1.318352470083324329e-03 -1.238178067600975100e-03 -1.161949721819867344e-03 -1.089491650489506167e-03 -1.020636310638973641e-03 -9.552239134882911393e-04 -8.931019752986286281e-04 -8.341249012643602327e-04 -7.781535997707581930e-04 -7.250551245503465475e-04 -6.747023424676395391e-04 -6.269736248457562612e-04 -5.817525604193183155e-04 -5.389276881563173291e-04 -4.983922483378256264e-04 -4.600439504190998526e-04 -4.237847563194477372e-04 -3.895206779019336142e-04 -3.571615875082613783e-04 -3.266210405097092775e-04 -2.978161089224882260e-04 -2.706672252159667415e-04 -2.450980355154817403e-04 -2.210352614684956590e-04 -1.984085701041927649e-04 -1.771504510727171247e-04 -1.571961007015994477e-04 -1.384833123539050924e-04 -1.209523726156413618e-04 -1.045459628793376058e-04 -8.920906592676958332e-05 -7.488887714682845626e-05 -6.153472005479997586e-05 -4.909796580705389418e-05 -3.753195643057268373e-05 -2.679193151006260530e-05 -1.683495809677519036e-05 -7.619863622782650030e-06 8.928283775512249781e-07 8.740959920647971862e-06 1.596079776792667669e-05 2.258709031382863627e-05 2.865312230756516312e-05 3.419076753678178141e-05 3.923053959057817424e-05 4.380164080945525920e-05 4.793200952070545323e-05 5.164836564945526437e-05 5.497625478795085247e-05 5.794009079868977889e-05 6.056319702059871125e-05 6.286784614158711423e-05 6.487529879543166614e-05 6.660584093602310411e-05 6.807882003750177812e-05 6.931268016468729786e-05 7.032499595443842723e-05 7.113250554513652442e-05 7.175114248834016232e-05 7.219606667378724381e-05 7.248169429630244302e-05 7.262172689077930627e-05 7.262917945922953925e-05 7.251640771191142744e-05 7.229513444274332675e-05 7.197647505756819722e-05 7.157096227234039038e-05 7.108856999694942807e-05 7.053873641916023863e-05 6.993038630202800729e-05 6.927195250712540062e-05 6.857139675499183441e-05 6.783622963337139228e-05 6.707352986303636775e-05 6.628996283029368560e-05 6.549179839463142687e-05 6.468492797937818795e-05 6.387488095271249037e-05 6.306684030586641627e-05 6.226565763491539725e-05 6.147586743212544048e-05 6.070170069244065428e-05 5.994709784033137759e-05 5.921572098188273133e-05 5.851096548668483687e-05 5.783597090378274304e-05 5.719363121565735193e-05 5.658660443393399858e-05 5.601732154025043507e-05 5.548799477546268653e-05 5.500062528011807650e-05 5.455701008888537451e-05 5.415874848139430776e-05 5.380724769170609588e-05 5.350372797840717586e-05 5.324922705709256060e-05 5.304460389678118974e-05 5.289054188158305868e-05 5.278755133871663259e-05 5.273597143375437647e-05 5.273597143375437647e-05
-1.020714026751424162e-02 -1.020714026751424162e-02 -1.020714026751424162e-02 -1.020714026751424162e-02 -1.020714026751424162e-02 -1.020714026751424162e-02 -1.020714026751424162e-02 -1.020714026751424162e-02 -1.020714026751424162e-02 -1.020714026751424162e-02 -1.020714026751424162e-02 -1.020714026751424162e-02 -1.008986194961395549e-02 -9.802252257552754311e-03 -9.401914358757104684e-03 -8.960276256115638771e-03 -8.515218571350765056e-03 -8.082668650331173779e-03 -7.668457834925371946e-03 -7.274207045361909089e-03 -6.899844870672606524e-03 -6.544646152418319603e-03 -6.207659355440163333e-03 -5.887883001050245833e-03 -5.584337651746872598e-03 -5.296093613216894778e-03 -5.022279626045054492e-03 -4.762083438176434660e-03 -4.514749054838900107e-03 -4.279572801910393708e-03 -4.055899146000707146e-03 -3.843116670239773557e-03 -3.640654355399044074e-03 -3.447978203648278343e-03 -3.264588194241756919e-03 -3.090015542427080892e-03 -2.923820228473272137e-03 -2.765588765078274419e-03 -2.614932174850358518e-03 -2.471484153400754259e-03 -2.334899397151939029e-03 -2.204852078032840373e-03 -2.081034449777640315e-03 -1.963155572627292653e-03 -1.850940144933133340e-03 -1.744127431557751387e-03 -1.642470280126083395e-03 -1.545734217152194010e-03 -1.453696616895187475e-03 -1.366145936511759668e-03 -1.282881011695964982e-03 -1.203710407545841238e-03 -1.128451819884402924e-03 -1.056931522698775858e-03 -9.889838577533068865e-04 -9.244507627861664250e-04 -8.631813350188530199e-04 -8.050314269979431860e-04 -7.498632720515603428e-04 -6.975451368820809097e-04 -6.479509990339275263e-04 -6.009602471729389014e-04 -5.564574022936781897e-04 -5.143318581347179402e-04 -4.744776392309630881e-04 -4.367931751677812035e-04 -4.011810897252910194e-04 -3.675480037137844732e-04 -3.358043504038613482e-04 -3.058642025484140060e-04 -2.776451100789033245e-04 -2.510679476361851801e-04 -2.260567711671669677e-04 -2.025386828834006424e-04 -1.804437039369365938e-04 -1.597046542228600639e-04 -1.402570387673870826e-04 -1.220389402056171776e-04 -1.049909168944134717e-04 -8.905590624374398170e-05 -7.417913288448600337e-05 -6.030802132244858710e-05 -4.739211275746349836e-05 -3.538298577306215172e-05 -2.423418062670658707e-05 -1.390112689296712477e-05 -4.341074232610350289e-06 4.486973920564155107e-06 1.262232394597760750e-05 2.010265307055686661e-05 2.696406801139641904e-05 3.324116137374611476e-05 3.896706593897452401e-05 4.417350696586696320e-05 4.889085261825424586e-05 5.314816262245644889e-05 5.697323524929690848e-05 6.039265270743468457e-05 6.343182502741739242e-05 6.611503250912153379e-05 6.846546679907385775e-05 7.050527065848939863e-05 7.225557647768167684e-05 7.373654358775597116e-05 7.496739441615718046e-05 7.596644952867423744e-05 7.675116159687465944e-05 7.733814832662913379e-05 7.774322438036059587e-05 7.798143232289102560e-05 7.806707261824316158e-05 7.801373270246104096e-05 7.783431515542344652e-05 7.754106499272511819e-05 7.714559609697053868e-05 7.665891680625364643e-05 7.609145467616779655e-05 7.545308043039308311e-05 7.475313111372865985e-05 7.400043246036796813e-05 7.320332048924151980e-05 7.236966233736893560e-05 7.150687634135870848e-05 7.062195137646354445e-05 6.972146546193348771e-05 6.881160364080173442e-05 6.789817514168394459e-05 6.698662982966305875e-05 6.608207395286482314e-05 6.518928519089989639e-05 6.431272701094949216e-05 6.345656233690304604e-05 6.262466653661144262e-05 6.182063973199612434e-05 6.104781843645021723e-05 6.030928652367937030e-05 5.960788553185477392e-05 5.894622430668836391e-05 5.832668798678556667e-05 5.775144633438642535e-05 5.722246141436633217e-05 5.674149462413450841e-05 5.631011307683891605e-05 5.592969534006062178e-05 5.560143653195763404e-05 5.532635277659683299e-05 5.510528501999367880e-05 5.493890220816005670e-05 5.482770382824395241e-05 5.477202181362655822e-05 5.477202181362655822e-05
-1.020714026751424162e-02 -1.020714026751424162e-02 -1.020714026751424162e-02 -1.020714026751424162e-02 -1.020714026751424162e-02 -1.020714026751424162e-02 -1.020714026751424162e-02 -1.020714026751424162e-02 -1.020714026751424162e-02 -1.020714026751424162e-02 -1.020714026751424162e-02 -1.020714026751424162e-02 -1.008022945524282392e-02 -9.771679364369154769e-03 -9.347263615617660767e-03 -8.885149193033568468e-03 -8.425210606025369461e-03 -7.982971462946538907e-03 -7.563165862293055701e-03 -7.166321797292513063e-03 -6.791480076807515122e-03 -6.437248820915748154e-03 -6.102193252512150626e-03 -5.784967743716324003e-03 -5.484350226517455650e-03 -5.199241280818445166e-03 -4.928651943651636905e-03 -4.671689301029362598e-03 -4.427543050939984799e-03 -4.195473944467896163e-03 -3.974804158402299274e-03 -3.764909367589235837e-03 -3.565212222509268284e-03 -3.375176956419531811e-03 -3.194304889929203053e-03 -3.022130646790876108e-03 -2.858218935121377077e-03 -2.702161781264286137e-03 -2.553576129414486615e-03 -2.412101740035904347e-03 -2.277399335226662231e-03 -2.149148950607005903e-03 -2.027048461918025141e-03 -1.910812261024942560e-03 -1.800170060954248185e-03 -1.694865813362460109e-03 -1.594656724735802472e-03 -1.499312359876209819e-03 -1.408613823002895834e-03 -1.322353008210190410e-03 -1.240331912159492152e-03 -1.162362002811027353e-03 -1.088263638767535948e-03 -1.017865534442671501e-03 -9.510042668084453229e-04 -8.875238199384136942e-04 -8.272751639617820143e-04 -7.701158653897247595e-04 -7.159097260780824569e-04 -6.645264483572047975e-04 -6.158413240956620927e-04 -5.697349456743090604e-04 -5.260929370344208985e-04 -4.848057031312807833e-04 -4.457681962751613579e-04 -4.088796979772140166e-04 -3.740436150400814827e-04 -3.411672887436019127e-04 -3.101618160760789334e-04 -2.809418820523507478e-04 -2.534256022423025706e-04 -2.275343747083732372e-04 -2.031927406187733021e-04 -1.803282528652225475e-04 -1.588713520706188243e-04 -1.387552494237040846e-04 -1.199158158249563031e-04 -1.022914768710343194e-04 -8.582311324451411612e-05 -7.045396611171089317e-05 -5.612954716439296800e-05 -4.279755297142621404e-05 -3.040778333409571764e-05 -1.891206336424890427e-05 -8.264169027698753042e-06 1.580244083305553645e-06 1.066370896512402371e-05 1.902701260387214174e-05 2.670925874472983966e-05 3.374792819630387589e-05 4.017893682300412107e-05 4.603669136560195239e-05 5.135414321839289117e-05 5.616284028059926052e-05 6.049297698974693936e-05 6.437344263565926092e-05 6.783186804536885594e-05 7.089467072159336678e-05 7.358709851039927231e-05 7.593327186723965096e-05 7.795622478465139297e-05 7.967794443948944007e-05 8.111940961262610573e-05 8.230062792951191644e-05 8.324067196584894023e-05 8.395771425883946117e-05 8.446906126101026929e-05 8.479118627045306364e-05 8.493976136843655309e-05 8.492968839271834366e-05 8.477512897248721808e-05 8.448953364868735689e-05 8.408567010148966991e-05 8.357565050487247372e-05 8.297095802663327125e-05 8.228247249066400807e-05 8.152049521697166991e-05 8.069477305369741459e-05 7.981452161427682844e-05 7.888844773187271640e-05 7.792477114229712080e-05 7.693124540580812776e-05 7.591517807741238850e-05 7.488345013461871467e-05 7.384253467096428395e-05 7.279851486306640950e-05 7.175710121843361592e-05 7.072364811079438242e-05 6.970316960926517015e-05 6.870035460727788416e-05 6.771958125681342626e-05 6.676493071314348990e-05 6.584020019495876157e-05 6.494891536445848224e-05 6.409434203169035076e-05 6.327949718715716908e-05 6.250715936644693558e-05 6.177987835039359076e-05 6.109998420403377477e-05 6.046959565739127689e-05 5.989062783089111426e-05 5.936479930798159481e-05 5.889363855732053223e-05 5.847848970666464876e-05 5.812051767038337919e-05 5.782071263230390809e-05 5.757989388537970927e-05 5.739871302946113955e-05 5.727765652823368827e-05 5.721704762617580776e-05 5.721704762617580776e-05
-1.020714026751424162e-02 -1.020714026751424162e-02 -1.020714026751424162e-02 -1.020714026751424162e-02 -1.020714026751424162e-02 -1.020714026751424162e-02 -1.020714026751424162e-02 -1.020714026751424162e-02 -1.020714026751424162e-02 -1.020714026751424162e-02 -1.020714026751424162e-02 -1.020714026751424162e-02 -1.006531673997929782e-02 -9.726598222839886662e-03 -9.270460316249718585e-03 -8.783923134336285923e-03 -8.308051655726692020e-03 -7.856688687645441149e-03 -7.432569686416439295e-03 -7.034633827168550006e-03 -6.660799257326379189e-03 -6.308912608135111566e-03 -5.977028765841148859e-03 -5.663460493643432056e-03 -5.366756767897540130e-03 -5.085664827841477817e-03 -4.819093592824126582e-03 -4.566083054570786552e-03 -4.325779942864768114e-03 -4.097418735786302786e-03 -3.880306901212687842e-03 -3.673813388372008763e-03 -3.477359585916968768e-03 -3.290412146220574648e-03 -3.112477224520605445e-03 -2.943095796244832828e-03 -2.781839802004681776e-03 -2.628308933670945886e-03 -2.482127922109840078e-03 -2.342944221887858364e-03 -2.210426013836891846e-03 -2.084260465252509801e-03 -1.964152201478327336e-03 -1.849821953024206617e-03 -1.741005350135536563e-03 -1.637451842573698366e-03 -1.538923726792793900e-03 -1.445195266075308734e-03 -1.356051891790037477e-03 -1.271289475956899426e-03 -1.190713666890160427e-03 -1.114139280950563696e-03 -1.041389744446608295e-03 -9.722965805439622846e-04 -9.066989367131953435e-04 -8.444431488021203165e-04 -7.853823382845730389e-04 -7.293760396309549891e-04 -6.762898550815109712e-04 -6.259951343920091985e-04 -5.783686773716917263e-04 -5.332924572517036121e-04 -4.906533631139002420e-04 -4.503429597791638655e-04 -4.122572637044614997e-04 -3.762965335716005077e-04 -3.423650743702039709e-04 -3.103710538846757338e-04 -2.802263305914352593e-04 -2.518462920597354057e-04 -2.251497030280617459e-04 -2.000585623993860146e-04 -1.764979684632243166e-04 -1.543959917112237899e-04 -1.336835546665067899e-04 -1.142943181957468377e-04 -9.616457381742948146e-05 -7.923314156036590590e-05 -6.344127296365436989e-05 -4.873255884324652028e-05 -3.505284148136810196e-05 -2.235013092352519955e-05 -1.057452509393353154e-05 3.218665358514165944e-07 1.038499596836172741e-05 1.965894661480204771e-05 2.818600034738664734e-05 3.600670185702873369e-05 4.315992048837474993e-05 4.968290970983873915e-05 5.561136436312249837e-05 6.097947582460732253e-05 6.581998519989097553e-05 7.016423466253349228e-05 7.404221703870275868e-05 7.748262373080196683e-05 8.051289106526087478e-05 8.315924514242241492e-05 8.544674525980591588e-05 8.739932597393020258e-05 8.903983786029177970e-05 9.039008702597345715e-05 9.147087342467360006e-05 9.230202801965708157e-05 9.290244883621011395e-05 9.329013594159731710e-05 9.348222538725052685e-05 9.349502214493283147e-05 9.334403206590263303e-05 9.304399288962270271e-05 9.260890432630407222e-05 9.205205723552321135e-05 9.138606192128482684e-05 9.062287556221086909e-05 8.977382879399833828e-05 8.884965145989530888e-05 8.786049754368108926e-05 8.681596929849177339e-05 8.572514058379563219e-05 8.459657942188470022e-05 8.343836978439716384e-05 8.225813261861648473e-05 8.106304612259339468e-05 7.985986527750393990e-05 7.865494064508142156e-05 7.745423643743447144e-05 7.626334786608717094e-05 7.508751777663781656e-05 7.393165257503305399e-05 7.280033745108257419e-05 7.169785090449762072e-05 7.062817857841789725e-05 6.959502640509241409e-05 6.860183306810038642e-05 6.765178178523154268e-05 6.674781141589258241e-05 6.589262689666379696e-05 6.508870900839569269e-05 6.433832347800815281e-05 6.364352941793317202e-05 6.300618710592463903e-05 6.242796510774500007e-05 6.191034674502583497e-05 6.145463591039030207e-05 6.106196223171588672e-05 6.073328558720719229e-05 6.046939997274088812e-05 6.027093672273578626e-05 6.013836708559392255e-05 6.007200415454883984e-05 6.007200415454883984e-05
-1.020714026751424162e-02 -1.020714026751424162e-02 -1.020714026751424162e-02 -1.020714026751424162e-02 -1.020714026751424162e-02 -1.020714026751424162e-02 -1.020714026751424162e-02 -1.020714026751424162e-02 -1.020714026751424162e-02 -1.020714026751424162e-02 -1.020714026751424162e-02 -1.020714026751424162e-02 -1.004005695558958175e-02 -9.656645345224061303e-03 -9.160030060874848126e-03 -8.646945629685098833e-03 -8.156626949746460450e-03 -7.698902267530141792e-03 -7.273374333143269033e-03 -6.876972279080875890e-03 -6.506390889759499502e-03 -6.158735416016115904e-03 -5.831605776109094648e-03 -5.523031218892689859e-03 -5.231382106297558128e-03 -4.955292904753141360e-03 -4.693602089100618220e-03 -4.445306960489811381e-03 -4.209530015820075674e-03 -3.985493873050022576e-03 -3.772502441364262906e-03 -3.569926640368980240e-03 -3.377193445489180823e-03 -3.193777381276913761e-03 -3.019193830492503637e-03 -2.852993701815324454e-03 -2.694759123618765528e-03 -2.544099920295922988e-03 -2.400650691610413737e-03 -2.264068361780138990e-03 -2.134030098594809702e-03 -2.010231527413360725e-03 -1.892385182923122296e-03 -1.780219154871093149e-03 -1.673475893885942919e-03 -1.571911150920667077e-03 -1.475293029425777487e-03 -1.383401133593303986e-03 -1.296025799242888580e-03 -1.212967396408536113e-03 -1.134035694615389113e-03 -1.059049283348018284e-03 -9.878350414069313277e-04 -9.202276498038266563e-04 -8.560691436147599420e-04 -7.952084988360168119e-04 -7.375012508017474242e-04 -6.828091411492717830e-04 -6.309997906756508552e-04 -5.819463957315658582e-04 -5.355274460564930089e-04 -4.916264621809229808e-04 -4.501317507134660993e-04 -4.109361759981770617e-04 -3.739369467744312666e-04 -3.390354166013753679e-04 -3.061368969239990317e-04 -2.751504817603341469e-04 -2.459888830809255945e-04 -2.185682760339646593e-04 -1.928081532435282062e-04 -1.686311874752184062e-04 -1.459631020240115382e-04 -1.247325482340026672e-04 -1.048709896096068975e-04 -8.631259202318107158e-05 -6.899411956541590119e-05 -5.285483562263116816e-05 -3.783640879963833442e-05 -2.388282333842191136e-05 -1.094029371181808967e-05 1.042816902124419930e-06 1.211607453510998424e-05 2.232704898059447406e-05 3.172138521005033704e-05 4.034287186193141343e-05 4.823350699449969065e-05 5.543356127780673943e-05 6.198163878553835553e-05 6.791473553402703727e-05 7.326829590341543534e-05 7.807626706463225233e-05 8.237115152543381667e-05 8.618405789920348468e-05 8.954474999141677136e-05 9.248169429061225012e-05 9.502210594330203625e-05 9.719199328545866979e-05 9.901620099697956028e-05 1.005184519398147840e-04 1.017213877352041027e-04 1.026466081306748519e-04 1.033147092030587951e-04 1.037453204397758053e-04 1.039571407369594476e-04 1.039679733496529009e-04 1.037947598262456260e-04 1.034536129565365073e-04 1.029598487602709027e-04 1.023280175406915014e-04 1.015719340255433174e-04 1.007047066160669184e-04 9.973876576278460290e-05 9.868589148531470854e-05 9.755724005203024332e-05 9.636336983408943157e-05 9.511426634720322867e-05 9.381936649345411921e-05 9.248758201452653648e-05 9.112732216685264040e-05 8.974651562839922178e-05 8.835263164612030650e-05 8.695270043246390470e-05 8.555333281874783423e-05 8.416073917269646079e-05 8.278074758695757977e-05 8.141882134498544489e-05 8.008007567028272192e-05 7.876929376463050474e-05 7.749094214060262616e-05 7.624918525335067229e-05 7.504789943635800892e-05 7.389068614559121684e-05 7.278088451622179969e-05 7.172158323584923759e-05 7.071563173792389824e-05 6.976565071884620491e-05 6.887404198200048190e-05 6.804299761177134596e-05 6.727450848038351076e-05 6.657037209020034768e-05 6.593219975391525025e-05 6.536142311486709032e-05 6.485930000951183191e-05 6.442691967388021912e-05 6.406520729565129738e-05 6.377492791326990602e-05 6.355668966333369741e-05 6.341094637727315590e-05 6.333799952814333817e-05 6.333799952814333817e-05
-1.020714026751424162e-02 -1.020714026751424162e-02 -1.020714026751424162e-02 -1.020714026751424162e-02 -1.020714026751424162e-02 -1.020714026751424162e-02 -1.020714026751424162e-02 -1.020714026751424162e-02 -1.020714026751424162e-02 -1.020714026751424162e-02 -1.020714026751424162e-02 -1.020714026751424162e-02 -9.990915746663268926e-03 -9.540250647653524679e-03 -8.996892599001410362e-03 -8.460994621511961147e-03 -7.962646253200049776e-03 -7.504596440393845186e-03 -7.082573017996887828e-03 -6.691540500365273682e-03 -6.327192537815434260e-03 -5.986107586183552279e-03 -5.665598516207383251e-03 -5.363534291089837661e-03 -5.078195378645912125e-03 -4.808167248683555862e-03 -4.552264042742822613e-03 -4.309474008734368901e-03 -4.078920201144363086e-03 -3.859831847732297320e-03 -3.651523215207836195e-03 -3.453377800301530003e-03 -3.264836345524687981e-03 -3.085387633109141700e-03 -2.914561319247605323e-03 -2.751922282685610125e-03 -2.597066108933476260e-03 -2.449615434788027669e-03 -2.309216951266535381e-03 -2.175538915658350222e-03 -2.048269061411052156e-03 -1.927112822245964380e-03 -1.811791807193912284e-03 -1.702042478223250027e-03 -1.597614993260582312e-03 -1.498272185722412855e-03 -1.403788657931905569e-03 -1.313949970529923374e-03 -1.228551913596960489e-03 -1.147399847969741852e-03 -1.070308107374186215e-03 -9.970994536606353053e-04 -9.276045787330517746e-04 -8.616616477969634260e-04 -7.991158793753069291e-04 -7.398191582050706386e-04 -6.836296776669059314e-04 -6.304116088420755977e-04 -5.800347936570461127e-04 -5.323744598816480171e-04 -4.873109560041975936e-04 -4.447295042257855182e-04 -4.045199700033703721e-04 -3.665766467331360340e-04 -3.307980543062545749e-04 -2.970867503923313967e-04 -2.653491534142102736e-04 -2.354953762737922154e-04 -2.074390699739057020e-04 -1.810972763575562691e-04 -1.563902892543357192e-04 -1.332415233853844643e-04 -1.115773904339505839e-04 -9.132718173897410479e-05 -7.242295711486398653e-05 -5.479943934224079178e-05 -3.839391391233126674e-05 -2.314613364231180134e-05 -8.998227810532092086e-06 4.105384510496404970e-06 1.621807721893747821e-05 2.739109631755887433e-05 3.767363566569759315e-05 4.711290957770940144e-05 5.575422247751827561e-05 6.364103580157255864e-05 7.081503232659992569e-05 7.731617808391927761e-05 8.318278200860525500e-05 8.845155345942145155e-05 9.315765773404987183e-05 9.733476969367007366e-05 1.010151256013130900e-04 1.042295732695592588e-04 1.070076206050152003e-04 1.093774826295282408e-04 1.113661270512350152e-04 1.129993184522394659e-04 1.143016611539384434e-04 1.152966408157144590e-04 1.160066648178630739e-04 1.164531014751799616e-04 1.166563181235682079e-04 1.166357181183143630e-04 1.164097767792885997e-04 1.159960763152318765e-04 1.154113397564736842e-04 1.146714639228554135e-04 1.137915514513015150e-04 1.127859419053575413e-04 1.116682419870900498e-04 1.104513548699970795e-04 1.091475086699976064e-04 1.077682840701376136e-04 1.063246411133587249e-04 1.048269451765066574e-04 1.032849921377042632e-04 1.017080327482649383e-04 1.001047962194645899e-04 9.848351303372068874e-05 9.685193698903124320e-05 9.521736648490101344e-05 9.358666505741652193e-05 9.196628117062250396e-05 9.036226727089032875e-05 8.878029811055032443e-05 8.722568834668060513e-05 8.570340942059625100e-05 8.421810572326523798e-05 8.277411005158315271e-05 8.137545836016660727e-05 8.002590381307118548e-05 7.872893013960006222e-05 7.748776429814313777e-05 7.630538845177012167e-05 7.518455125909267176e-05 7.412777848370854421e-05 7.313738292534410399e-05 7.221547367561672757e-05 7.136396470114865043e-05 7.058458275657216547e-05 6.987887462977660088e-05 6.924821372155874589e-05 6.869380596164579851e-05 6.821669506287030894e-05 6.781776711508235786e-05 6.749775452019084123e-05 6.725723926953004826e-05 6.709665556455001508e-05 6.701629178163228599e-05 6.701629178163228599e-05
-1.020714026751424162e-02 -1.020714026751424162e-02 -1.020714026751424162e-02 -1.020714026751424162e-02 -1.020714026751424162e-02 -1.020714026751424162e-02 -1.020714026751424162e-02 -1.020714026751424162e-02 -1.020714026751424162e-02 -1.020714026751424162e-02 -1.020714026751424162e-02 -1.020714026751424162e-02 -9.873835940637971237e-03 -9.330684047863200062e-03 -8.751877151759767867e-03 -8.210867444907093970e-03 -7.718543822702299967e-03 -7.269996013386004034e-03 -6.858265827460157359e-03 -6.477396888158779009e-03 -6.122773303736646702e-03 -5.790880873247960907e-03 -5.479019252006087776e-03 -5.185073805248753206e-03 -4.907352184874765912e-03 -4.644470440274426661e-03 -4.395273709232310790e-03 -4.158780430730980339e-03 -3.934142543396735442e-03 -3.720616652638306186e-03 -3.517542827285446982e-03 -3.324328780964694915e-03 -3.140437907881726224e-03 -2.965380113982216993e-03 -2.798704699961791602e-03 -2.639994767151433198e-03 -2.488862765460194467e-03 -2.344946906306956663e-03 -2.207908237040662018e-03 -2.077428226090315827e-03 -1.953206746262760220e-03 -1.834960371474706961e-03 -1.722420922702841114e-03 -1.615334214114680367e-03 -1.513458961654421319e-03 -1.416565824837887934e-03 -1.324436558904690774e-03 -1.236863259324449439e-03 -1.153647684352243109e-03 -1.074600644165943017e-03 -9.995414473085969045e-04 -9.282973968609393133e-04 -8.607033301004211618e-04 -7.966011964519533091e-04 -7.358396693680662511e-04 -6.782737884421747914e-04 -6.237646285958100200e-04 -5.721789936175999914e-04 -5.233891316902540515e-04 -4.772724708385001264e-04 -4.337113724786234473e-04 -3.925929014588656007e-04 -3.538086111571075586e-04 -3.172543423539470530e-04 -2.828300347301754693e-04 -2.504395499514277461e-04 -2.199905054023408948e-04 -1.913941177202364494e-04 -1.645650553560030463e-04 -1.394212994589939304e-04 -1.158840124446030504e-04 -9.387741365874039518e-05 -7.332866160351284664e-05 -5.416774223372744035e-05 -3.632736287493733968e-05 -1.974285135113245279e-05 -4.352059944250858737e-06 9.904726161195790543e-06 2.308487626662730405e-05 3.524349767320228514e-05 4.643351558918861974e-05 5.670574967720805456e-05 6.610898746749787800e-05 7.469005484479148717e-05 8.249388379936282057e-05 8.956357761708459784e-05 9.594047366890147139e-05 1.016642039468173414e-04 1.067727534812483420e-04 1.113025167633167211e-04 1.152883522852793965e-04 1.187636353027289094e-04 1.217603089134128210e-04 1.243089335394287332e-04 1.264387348921168443e-04 1.281776504921360840e-04 1.295523748109346854e-04 1.305884030940629881e-04 1.313100739214932363e-04 1.317406105552652905e-04 1.319021611203442649e-04 1.318158376605149510e-04 1.315017541074303502e-04 1.309790631975434787e-04 1.302659923685606312e-04 1.293798786642398873e-04 1.283372026737964345e-04 1.271536215298451895e-04 1.258440009866989596e-04 1.244224465989208041e-04 1.229023340182942348e-04 1.212963384258035744e-04 1.196164631137991419e-04 1.178740672322425360e-04 1.160798927117731946e-04 1.142440903753013580e-04 1.123762452488994725e-04 1.104854010819248712e-04 1.085800840855569654e-04 1.066683258982548506e-04 1.047576857860371431e-04 1.028552720849419829e-04 1.009677628925373751e-04 9.910142601491294745e-05 9.726213817518820155e-05 9.545540348921546857e-05 9.368637121383115553e-05 9.195985277271288285e-05 9.028033806463059343e-05 8.865201105862793537e-05 8.707876468044083011e-05 8.556421499424026150e-05 8.411171468358296592e-05 8.272436583525701536e-05 8.140503202952140713e-05 8.015634974005646479e-05 7.898073904676267739e-05 7.788041366437020697e-05 7.685739028964596535e-05 7.591349726981149923e-05 7.505038259460940372e-05 7.426952121428080438e-05 7.357222168553812414e-05 7.295963214743856576e-05 7.243274562888160899e-05 7.199240468926964187e-05 7.163930539368506829e-05 7.137400062374827053e-05 7.119690272513016247e-05 7.110828549250056867e-05 7.110828549250056867e-05
-1.006727702974477903e-02 -1.006727702974477903e-02 -1.006657064073282655e-02 -1.006508990368690584e-02 -1.006268047345861005e-02 -1.005905477315491812e-02 -1.005368768120031356e-02 -1.004557624338162959e-02 -1.003263662458618241e-02 -1.001001484735170206e-02 -9.964690703967176225e-03 -9.854297925813307671e-03 -9.460687115846614162e-03 -8.935137156027906855e-03 -8.395066060801054802e-03 -7.887567476370978964e-03 -7.421770976111675272e-03 -6.994579768251271527e-03 -6.600597209107518341e-03 -6.234906465697537085e-03 -5.893562515239842738e-03 -5.573490643178694720e-03 -5.272286978362552591e-03 -4.988043954288693370e-03 -4.719219196187333064e-03 -4.464541315347307984e-03 -4.222942806187640445e-03 -3.993511986027487894e-03 -3.775458190666300656e-03 -3.568086242658871990e-03 -3.370777475065722586e-03 -3.182975447509226938e-03 -3.004175062850591906e-03 -2.833914177339887878e-03 -2.671767058857505046e-03 -2.517339228529009033e-03 -2.370263347430768674e-03 -2.230195899748638362e-03 -2.096814488061414430e-03 -1.969815603033941986e-03 -1.848912763897042058e-03 -1.733834951223005164e-03 -1.624325272160080528e-03 -1.520139812222076701e-03 -1.421046638193663308e-03 -1.326824924612514693e-03 -1.237264182283963603e-03 -1.152163571854140532e-03 -1.071331288968894405e-03 -9.945840102413450613e-04 -9.217463913366919816e-04 -8.526506101054644573e-04 -7.871359489657261000e-04 -7.250484117337062124e-04 -6.662403708935393147e-04 -6.105702419277050323e-04 -5.579021818365065581e-04 -5.081058093850049969e-04 -4.610559449503406687e-04 -4.166323681174917892e-04 -3.747195913996806665e-04 -3.352066486505006103e-04 -2.979868968958313425e-04 -2.629578304505816974e-04 -2.300209063027694012e-04 -1.990813798489962378e-04 -1.700481501538194816e-04 -1.428336139830794452e-04 -1.173535279297126271e-04 -9.352687801137093667e-05 -7.127575617344472669e-05 -5.052524317977486867e-05 -3.120329741720583933e-05 -1.324064917980605234e-05 3.429299965418349270e-06 1.887057309672466891e-05 3.314470947526508343e-05 4.631085201032957975e-05 5.842583093534250266e-05 6.954424395478213991e-05 7.971853310108788953e-05 8.899905852121175434e-05 9.743416939460676973e-05 1.050702721679911967e-04 1.119518962770661274e-04 1.181217575113879700e-04 1.236208191657098320e-04 1.284883511092252515e-04 1.327619868931901735e-04 1.364777790072990715e-04 1.396702523858818024e-04 1.423724562564088051e-04 1.446160144148926456e-04 1.464311740055012051e-04 1.478468528750076581e-04 1.488906855665500008e-04 1.495890680115237882e-04 1.499672009732426687e-04 1.500491322912453135e-04 1.498577979707677629e-04 1.494150621579115135e-04 1.487417560373890024e-04 1.478577156863989425e-04 1.467818189151440733e-04 1.455320211217381494e-04 1.441253901867304394e-04 1.425781404301913497e-04 1.409056656522259194e-04 1.391225712759073174e-04 1.372427056099205479e-04 1.352791902466764619e-04 1.332444496102722174e-04 1.311502396674321571e-04 1.290076758134448313e-04 1.268272599441102471e-04 1.246189067238152035e-04 1.223919690590484879e-04 1.201552627859542289e-04 1.179170905798789817e-04 1.156852650942986731e-04 1.134671313360014714e-04 1.112695882829494755e-04 1.090991097508369249e-04 1.069617645139998581e-04 1.048632356860081333e-04 1.028088393649790607e-04 1.008035425483877034e-04 9.885198032190957950e-05 9.695847232661288244e-05 9.512703850861388573e-05 9.336141415512209225e-05 9.166506422062383841e-05 9.004119694678357579e-05 8.849277677948145496e-05 8.702253658624701453e-05 8.563298917719373751e-05 8.432643813240686573e-05 8.310498793858228325e-05 8.197055343756098694e-05 8.092486858924734748e-05 7.996949455124105716e-05 7.910582707735204955e-05 7.833510323700268810e-05 7.765840745735407870e-05 7.707667688982230178e-05 7.659070610247545015e-05 7.620115109962395368e-05 7.590853266973628750e-05 7.571323906262754811e-05 7.561552799668181746e-05 7.561552799668181746e-05
-9.720148355041079505e-03 -9.720148355041079505e-03 -9.717779751781743802e-03 -9.712831170797088173e-03 -9.704829342879363677e-03 -9.692915479102847537e-03 -9.675588066227277725e-03 -9.650169742896263711e-03 -9.611662385899645555e-03 -9.550185523047233227e-03 -9.445088732170302606e-03 -9.251759893276704366e-03 -8.883523394881942190e-03 -8.429755705821337722e-03 -7.959271345488044824e-03 -7.505512558969746999e-03 -7.079518463163411192e-03 -6.682460752276078546e-03 -6.312196010599628766e-03 -5.965894020128495456e-03 -5.640906873797238777e-03 -5.334978028721540540e-03 -5.046235906631247985e-03 -4.773131907287390951e-03 -4.514374655713036637e-03 -4.268874438094707839e-03 -4.035699538389294315e-03 -3.814042792706841267e-03 -3.603196144280298996e-03 -3.402531257721277350e-03 -3.211484673445026868e-03 -3.029546360732336945e-03 -2.856250823372113393e-03 -2.691170132282550472e-03 -2.533908421274693595e-03 -2.384097500426763782e-03 -2.241393328277661509e-03 -2.105473147962900679e-03 -1.976033139783340588e-03 -1.852786478001746621e-03 -1.735461706117082115e-03 -1.623801364786329202e-03 -1.517560821628960444e-03 -1.416507263588540544e-03 -1.320418821244134181e-03 -1.229083801131646003e-03 -1.142300007251462624e-03 -1.059874136877785294e-03 -9.816212388279958040e-04 -9.073642247093925001e-04 -8.369334254962389284e-04 -7.701661872241001268e-04 -7.069065007136228918e-04 -6.470046611229131025e-04 -5.903169538305243474e-04 -5.367053637111417761e-04 -4.860373053150695405e-04 -4.381853718250259622e-04 -3.930271009582890951e-04 -3.504447562234604195e-04 -3.103251221402302429e-04 -2.725593121962611022e-04 -2.370425884544041534e-04 -2.036741918412338320e-04 -1.723571822484208530e-04 -1.429982876650307683e-04 -1.155077616339560077e-04 -8.979924839139273932e-05 -6.578965510614972329e-05 -4.339903068690051250e-05 -2.255045067127895063e-05 -3.169907751799266835e-06 1.481379246938452251e-05 3.146913087133132268e-05 4.686196969475108865e-05 6.105564322820864289e-05 7.411104459085822319e-05 8.608670887917752794e-05 9.703889292377287359e-05 1.070216518826425290e-04 1.160869128791514618e-04 1.242845458762489115e-04 1.316624319630259235e-04 1.382665292154581387e-04 1.441409362800123272e-04 1.493279538166272314e-04 1.538681439263377918e-04 1.578003876784209007e-04 1.611619408423437547e-04 1.639884879209316335e-04 1.663141945729892110e-04 1.681717585060603967e-04 1.695924589130481182e-04 1.706062045200050026e-04 1.712415803064990980e-04 1.715258929545254891e-04 1.714852150769483594e-04 1.711444282718726096e-04 1.705272650451456504e-04 1.696563496393428856e-04 1.685532378040736576e-04 1.672384555392299275e-04 1.657315368398712386e-04 1.640510604687718272e-04 1.622146857802302805e-04 1.602391876165411267e-04 1.581404902965350887e-04 1.559337007137910538e-04 1.536331405604964538e-04 1.512523776914680748e-04 1.488042566415270068e-04 1.463009283082422932e-04 1.437538788109991416e-04 1.411739575364041692e-04 1.385714043791984329e-04 1.359558761871017360e-04 1.333364724173466279e-04 1.307217600120723301e-04 1.281197974992292772e-04 1.255381583251837093e-04 1.229839534248078651e-04 1.204638530344805515e-04 1.179841077531091975e-04 1.155505688560015865e-04 1.131687078661697173e-04 1.108436353874246906e-04 1.085801192034237370e-04 1.063826016466509555e-04 1.042552162411488178e-04 1.022018036226667769e-04 1.002259267397501629e-04 9.833088533916034351e-05 9.651972973888440686e-05 9.479527389186932480e-05 9.316010774348771142e-05 9.161660888561847763e-05 9.016695351009870827e-05 8.881312666417333628e-05 8.755693181043762061e-05 8.639999969363059481e-05 8.534379651649676092e-05 8.438963142678868458e-05 8.353866331733181933e-05 8.279190694091814588e-05 8.215023834163441075e-05 8.161439960406651980e-05 8.118500292165125925e-05 8.086253398527395281e-05 8.064735469303284073e-05 8.053970518191040618e-05 8.053970518191040618e-05
-9.227157388251571238e-03 -9.227157388251571238e-03 -9.222649740333214302e-03 -9.213274163649911794e-03 -9.198238550281248593e-03 -9.176151901836109709e-03 -9.144703816921629855e-03 -9.100076249642595136e-03 -9.035883462417461723e-03 -8.941340567262173744e-03 -8.798524124377435709e-03 -8.580444525760521496e-03 -8.261667990594913705e-03 -7.882357739723840767e-03 -7.482151149289607839e-03 -7.085321219890296403e-03 -6.703394421187350294e-03 -6.340544406282023690e-03 -5.997438286292002159e-03 -5.673304346889306016e-03 -5.366894686552691092e-03 -5.076890716002062029e-03 -4.802055705915729035e-03 -4.541279971007785958e-03 -4.293583426386684762e-03 -4.058103058705941554e-03 -3.834076578389980505e-03 -3.620826588157440018e-03 -3.417746714169079495e-03 -3.224289979664380842e-03 -3.039959261696336106e-03 -2.864299535081176254e-03 -2.696891593057518331e-03 -2.537346964504890237e-03 -2.385303790658387796e-03 -2.240423467087757862e-03 -2.102387894596961879e-03 -1.970897214472445112e-03 -1.845667929411041238e-03 -1.726431332237820864e-03 -1.612932181031947977e-03 -1.504927572313806894e-03 -1.402185974200472049e-03 -1.304486389483345415e-03 -1.211617624887627006e-03 -1.123377647711497340e-03 -1.039573014909515262e-03 -9.600183627133748341e-04 -8.845359472572084233e-04 -8.129552285377871900e-04 -7.451124915045148536e-04 -6.808504992276895578e-04 -6.200181740044391791e-04 -5.624703029832358583e-04 -5.080672654614040110e-04 -4.566747794678166386e-04 -4.081636656101327271e-04 -3.624096264620040768e-04 -3.192930400059043584e-04 -2.786987658434512309e-04 -2.405159630465599082e-04 -2.046379186566769600e-04 -1.709618859513511188e-04 -1.393889316918829602e-04 -1.098237916462193578e-04 -8.217473375032860656e-05 -5.635342833112030859e-05 -3.227482486624897085e-05 -9.857034802181179140e-06 1.097878000724112977e-05 3.030851364300406412e-05 4.820521761233305044e-05 6.473919782807911825e-05 7.997810738788669509e-05 9.398703544035109990e-05 1.068285924028488092e-04 1.185629917750366291e-04 1.292481287729656183e-04 1.389396559911822246e-04 1.476910562839430614e-04 1.555537130416421760e-04 1.625769780246299752e-04 1.688082369036985903e-04 1.742929726445510187e-04 1.790748268624764786e-04 1.831956592631719504e-04 1.866956052761125024e-04 1.896131319780361814e-04 1.919850923959248810e-04 1.938467782712811752e-04 1.952319713604933440e-04 1.961729933395999924e-04 1.967007543757807119e-04 1.968448004223816964e-04 1.966333592891973106e-04 1.960933855350484875e-04 1.952506042253968511e-04 1.941295535937850956e-04 1.927536266422748702e-04 1.911451117127443478e-04 1.893252320578819241e-04 1.873141844379562298e-04 1.851311767669325259e-04 1.827944648292275840e-04 1.803213880863277193e-04 1.777284045906276191e-04 1.750311250221627056e-04 1.722443458623882620e-04 1.693820817177999925e-04 1.664575968049678673e-04 1.634834356074687091e-04 1.604714527142332638e-04 1.574328418479621291e-04 1.543781640915054031e-04 1.513173753194282478e-04 1.482598528413950302e-04 1.452144212634877798e-04 1.421893775731220499e-04 1.391925154528294586e-04 1.362311488278362352e-04 1.333121346520672336e-04 1.304418949369511721e-04 1.276264380271781014e-04 1.248713791273689078e-04 1.221819600834469490e-04 1.195630684223575492e-04 1.170192556536485862e-04 1.145547548363111336e-04 1.121734974141728509e-04 1.098791293230398354e-04 1.076750263726888109e-04 1.055643089067244265e-04 1.035498557432263961e-04 1.016343173990229948e-04 9.982012860033729143e-05 9.810952008245730333e-05 9.650452968098336966e-05 9.500701271710264653e-05 9.361865167923024312e-05 9.234096520324180837e-05 9.117531635339911819e-05 9.012292020594233114e-05 8.918485073718510384e-05 8.836204701780779765e-05 8.765531871489438791e-05 8.706535090310356525e-05 8.659270818620465251e-05 8.623783813004242749e-05 8.600107400782553530e-05 8.588263685845806152e-05 8.588263685845806152e-05
-8.668207452406356123e-03 -8.668207452406356123e-03 -8.661626065162497320e-03 -8.648006655225824735e-03 -8.626365091462648640e-03 -8.595032816237167111e-03 -8.551382276523753281e-03 -8.491389264193826766e-03 -8.408996797457948813e-03 -8.295357499054774666e-03 -8.138480539649830051e-03 -7.925144722429290287e-03 -7.649529542886982295e-03 -7.330099073747744533e-03 -6.989299240813764795e-03 -6.644035832647907612e-03 -6.304555630230895998e-03 -5.976194432426848446e-03 -5.661305045032177796e-03 -5.360615878455264258e-03 -5.074037321071291073e-03 -4.801100057847491540e-03 -4.541181161571416873e-03 -4.293616091562913600e-03 -4.057751562172088461e-03 -3.832968437622941756e-03 -3.618689741175849014e-03 -3.414381502318411012e-03 -3.219550370349327003e-03 -3.033739972470580765e-03 -2.856526990324445136e-03 -2.687517411162397042e-03 -2.526343144090461689e-03 -2.372659057710002194e-03 -2.226140430432338359e-03 -2.086480775908413840e-03 -1.953389995907588855e-03 -1.826592812256014765e-03 -1.705827433105340908e-03 -1.590844414198368424e-03 -1.481405681562328585e-03 -1.377283687523986723e-03 -1.278260676813224419e-03 -1.184128043713533448e-03 -1.094685764741285460e-03 -1.009741894251050577e-03 -9.291121127497210764e-04 -8.526193196386160208e-04 -7.800932636654866201e-04 -7.113702056243511110e-04 -6.462926088477544649e-04 -5.847088538414576880e-04 -5.264729740555284523e-04 -4.714444103007456983e-04 -4.194877817314540550e-04 -3.704726716466321909e-04 -3.242734266268728033e-04 -2.807689677396849157e-04 -2.398426127196940857e-04 -2.013819081723987900e-04 -1.652784709668262330e-04 -1.314278380789682171e-04 -9.972932422843276451e-05 -7.008588671855982906e-05 -4.240399694789135406e-05 -1.659351811036548823e-05 7.432411355505542282e-06 2.975748897066691448e-05 5.046235444178072730e-05 6.962469124916550187e-05 8.731932390930035063e-05 1.036183112007384605e-04 1.185910356203809024e-04 1.323042893170157106e-04 1.448223567305851928e-04 1.562070941486204357e-04 1.665180063755071580e-04 1.758123206956070227e-04 1.841450582976379908e-04 1.915691033150268303e-04 1.981352696251239306e-04 2.038923655391335814e-04 2.088872565043197859e-04 2.131649259304440876e-04 2.167685342434345073e-04 2.197394762609328363e-04 2.221174369765899778e-04 2.239404458327356117e-04 2.252449295543173765e-04 2.260657636107459088e-04 2.264363223664804048e-04 2.263885279758108050e-04 2.259528980723171090e-04 2.251585922988854629e-04 2.240334577199251957e-04 2.226040731535198884e-04 2.208957924576594755e-04 2.189327868014049770e-04 2.167380859488222890e-04 2.143336185807656125e-04 2.117402516770804371e-04 2.089778289795097947e-04 2.060652085535177034e-04 2.030202994653657446e-04 1.998600975890895879e-04 1.966007205565000816e-04 1.932574418619682213e-04 1.898447241325364253e-04 1.863762515728112270e-04 1.828649615931312146e-04 1.793230756286538698e-04 1.757621291562567231e-04 1.721930009154962584e-04 1.686259413392952964e-04 1.650706001995410179e-04 1.615360534723463625e-04 1.580308294273695630e-04 1.545629339452742686e-04 1.511398750671536168e-04 1.477686867795246605e-04 1.444559520383153280e-04 1.412078250351186384e-04 1.380300527088631037e-04 1.349279955059489605e-04 1.319066473918153613e-04 1.289706551168362471e-04 1.261243367393848037e-04 1.233716994088576745e-04 1.207164564114053068e-04 1.181620434810750210e-04 1.157116343790315957e-04 1.133681557434798695e-04 1.111343012128681348e-04 1.090125448249020098e-04 1.070051536938445804e-04 1.051141999685163247e-04 1.033415720733394771e-04 1.016889852346951036e-04 1.001579912947747917e-04 9.874998781501534504e-05 9.746622647110097853e-05 9.630782074140548685e-05 9.527575289062714670e-05 9.437088025023791359e-05 9.359394079723292034e-05 9.294555803252105590e-05 9.242624516014553363e-05 9.203640856836563364e-05 9.177635061346822764e-05 9.164627170700841055e-05 9.164627170700841055e-05
-8.086333375972989956e-03 -8.086333375972989956e-03 -8.078029467500979360e-03 -8.060935152714618704e-03 -8.034022755979150845e-03 -7.995609473926483871e-03 -7.943178824468256211e-03 -7.873143919455226347e-03 -7.780604428291272232e-03 -7.659273640426656447e-03 -7.502026633686043056e-03 -7.302943659587599057e-03 -7.061682899354115167e-03 -6.787832008865701296e-03 -6.494420265736232378e-03 -6.192929438800563388e-03 -5.891633269401624559e-03 -5.595802559322345798e-03 -5.308491969544294059e-03 -5.031301978729924539e-03 -4.764941712627263591e-03 -4.509598034043374969e-03 -4.265163034394192990e-03 -4.031369473115418295e-03 -3.807869707396048173e-03 -3.594280927111198187e-03 -3.390210595282468122e-03 -3.195270356744824708e-03 -3.009083274852632911e-03 -2.831287244136816272e-03 -2.661536245887884643e-03 -2.499500420776647018e-03 -2.344865525128258816e-03 -2.197332097140160690e-03 -2.056614517421883562e-03 -1.922440064584876596e-03 -1.794548017622707306e-03 -1.672688828516462117e-03 -1.556623372536171650e-03 -1.446122275079586485e-03 -1.340965309577107391e-03 -1.240940859175119343e-03 -1.145845434492675282e-03 -1.055483240072739538e-03 -9.696657828318611637e-04 -8.882115166279794076e-04 -8.109455178909756373e-04 -7.376991880303389922e-04 -6.683099790197068440e-04 -6.026211391502197916e-04 -5.404814764458250580e-04 -4.817451376516095692e-04 -4.262714010511361334e-04 -3.739244816511461925e-04 -3.245733475020329923e-04 -2.780915461092417626e-04 -2.343570400421570961e-04 -1.932520509698124761e-04 -1.546629114525063689e-04 -1.184799238997538907e-04 -8.459722617170006484e-05 -5.291266335619564809e-05 -2.332766529961870577e-05 4.252870491857765039e-06 2.992069093097561214e-05 5.376429473016602916e-05 7.586903538174492585e-05 9.631722001302183193e-05 1.151882043722595898e-04 1.325584841837316422e-04 1.485017830939604113e-04 1.630891374163300747e-04 1.763889778674454707e-04 1.884672084757104868e-04 1.993872828305018915e-04 2.092102778289374118e-04 2.179949650665033824e-04 2.257978800076734143e-04 2.326733890630662961e-04 2.386737546906304744e-04 2.438491986297781824e-04 2.482479633692950870e-04 2.519163719422131179e-04 2.548988861336241450e-04 2.572381631806288055e-04 2.589751110372279621e-04 2.601489422709753608e-04 2.607972266525886281e-04 2.609559424944640901e-04 2.606595267891305455e-04 2.599409241941027116e-04 2.588316349053439050e-04 2.573617614575975554e-04 2.555600544861910033e-04 2.534539574815418070e-04 2.510696505644817119e-04 2.484320933076546081e-04 2.455650666256230935e-04 2.424912137539212808e-04 2.392320803351067335e-04 2.358081536278800871e-04 2.322389008535443843e-04 2.285428066924514534e-04 2.247374099416302564e-04 2.208393393434813926e-04 2.168643485942638497e-04 2.128273505400638682e-04 2.087424505670315079e-04 2.046229791918653207e-04 2.004815238578354949e-04 1.963299599410311480e-04 1.921794809710002550e-04 1.880406280695134393e-04 1.839233186108095365e-04 1.798368741063792963e-04 1.757900473170843285e-04 1.717910485952146534e-04 1.678475714589224130e-04 1.639668174013512037e-04 1.601555199366921575e-04 1.564199678853342250e-04 1.527660279002385235e-04 1.491991662366471208e-04 1.457244697672300420e-04 1.423466662447809249e-04 1.390701438145851407e-04 1.358989697786021681e-04 1.328369086136258262e-04 1.298874392456053541e-04 1.270537715823285381e-04 1.243388623066829957e-04 1.217454299327180286e-04 1.192759691267314192e-04 1.169327642955974846e-04 1.147179024445346885e-04 1.126332853064851468e-04 1.106806407452383791e-04 1.088615334343838502e-04 1.071773748141150145e-04 1.056294323278362109e-04 1.042188379404391060e-04 1.029465959400222512e-04 1.018135900247205919e-04 1.008205896761961917e-04 9.996825582121704988e-05 9.925714578261570387e-05 9.868771752077609694e-05 9.826033316664914690e-05 9.797526184713836923e-05 9.783268180353829060e-05 9.783268180353829060e-05
-7.500420522976722522e-03 -7.500420522976722522e-03 -7.490844966310775295e-03 -7.471231641552601027e-03 -7.440622678065831816e-03 -7.397500263757433858e-03 -7.339701205518291312e-03 -7.264338173732389110e-03 -7.167795187628216158e-03 -7.045937717974085079e-03 -6.894775946587410574e-03 -6.711844981309985324e-03 -6.498180820305283004e-03 -6.259447364567532861e-03 -6.003620253858263714e-03 -5.738520363648264705e-03 -5.470527178757744920e-03 -5.204290774378088000e-03 -4.942946501023982864e-03 -4.688478231396423120e-03 -4.442060382122684468e-03 -4.204324545436072778e-03 -3.975549220277999063e-03 -3.755788260542338493e-03 -3.544955397858839431e-03 -3.342878944542571843e-03 -3.149336838666408865e-03 -2.964078934916961321e-03 -2.786841089933147272e-03 -2.617353991906446950e-03 -2.455348632546566767e-03 -2.300559638770605618e-03 -2.152727244059167520e-03 -2.011598399076977486e-03 -1.876927341480219558e-03 -1.748475829551534222e-03 -1.626013170243648109e-03 -1.509316124595750080e-03 -1.398168742875522796e-03 -1.292362162149812916e-03 -1.191694386413573751e-03 -1.095970061404486677e-03 -1.005000251178826253e-03 -9.186022203719605055e-04 -8.365992241324211095e-04 -7.588203065591596786e-04 -6.851001078007997640e-04 -6.152786796083081333e-04 -5.492013089498537937e-04 -4.867183492231202274e-04 -4.276850585885492908e-04 -3.719614449676225611e-04 -3.194121172856702003e-04 -2.699061425786350291e-04 -2.233169086220910204e-04 -1.795219917759044350e-04 -1.384030297681593420e-04 -9.984559916727134363e-05 -6.373909731199301171e-05 -2.997662848590987617e-05 1.545105863252810137e-06 3.092591304797920250e-05 5.826221138812377390e-05 8.364712895212570473e-05 1.071705989565901280e-04 1.289194519822800165e-04 1.489775051587111467e-04 1.674256484639200838e-04 1.843419282804684188e-04 1.998016283432632102e-04 2.138773482092671781e-04 2.266390793736248294e-04 2.381542791511274764e-04 2.484879424363009635e-04 2.577026714497332774e-04 2.658587435725908170e-04 2.730141773656327318e-04 2.792247968634387414e-04 2.845442942290555264e-04 2.890242908488534408e-04 2.927143969421057749e-04 2.956622697546578771e-04 2.979136704010860635e-04 2.995125194149461548e-04 3.005009510621101825e-04 3.009193664677865874e-04 3.008064856036243482e-04 3.001993981773202883e-04 2.991336134633851632e-04 2.976431091101732038e-04 2.957603789549512413e-04 2.935164798756629829e-04 2.909410777051393252e-04 2.880624922308038676e-04 2.849077413004220765e-04 2.815025840521385644e-04 2.778715632849260912e-04 2.740380469836344252e-04 2.700242690110589818e-04 2.658513689778469196e-04 2.615394312996142186e-04 2.571075234493457886e-04 2.525737334119914799e-04 2.479552063471409870e-04 2.432681804647504728e-04 2.385280221181022484e-04 2.337492601174854948e-04 2.289456192674975085e-04 2.241300531303580610e-04 2.193147760172129942e-04 2.145112942090539494e-04 2.097304364086031428e-04 2.049823834242960670e-04 2.002766970873292576e-04 1.956223484026276081e-04 1.910277449345117260e-04 1.865007574278113955e-04 1.820487456651656837e-04 1.776785835612759506e-04 1.733966834949206325e-04 1.692090198796047159e-04 1.651211519737944228e-04 1.611382459317750680e-04 1.572650960962620169e-04 1.535061455339963704e-04 1.498655058156523321e-04 1.463469760414827145e-04 1.429540611142211468e-04 1.396899892608471732e-04 1.365577288049002599e-04 1.335600041910980321e-04 1.306993112640742383e-04 1.279779318030997790e-04 1.253979473146836932e-04 1.229612520849746840e-04 1.206695654938898124e-04 1.185244435928907647e-04 1.165272899483082465e-04 1.146793657520776767e-04 1.129817992017019909e-04 1.114355941511924717e-04 1.100416380346627135e-04 1.088007090641592234e-04 1.077134827032125825e-04 1.067805374174774267e-04 1.060023597037064018e-04 1.053793483981696434e-04 1.049118182654880404e-04 1.046000028687000773e-04 1.044440567212253100e-04 1.044440567212253100e-04
-6.918281182502533135e-03 -6.918281182502533135e-03 -6.907882868323541280e-03 -6.886681844861479787e-03 -6.853854759287676505e-03 -6.808135739669131381e-03 -6.747797949434545563e-03 -6.670669110400356122e-03 -6.574233150393399630e-03 -6.455898783535069137e-03 -6.313528180728424956e-03 -6.146252542461343692e-03 -5.955350648891256579e-03 -5.744534605352735745e-03 -5.518998629392986299e-03 -5.284186465421286324e-03 -5.044944650891024229e-03 -4.805161683093623834e-03 -4.567741528679387757e-03 -4.334739207794020485e-03 -4.107543366236577481e-03 -3.887048145236480980e-03 -3.673793441151866623e-03 -3.468071136815144805e-03 -3.270002177801805115e-03 -3.079591085377905279e-03 -2.896763932217018105e-03 -2.721394569247121038e-03 -2.553322655233590272e-03 -2.392366025421430523e-03 -2.238329171667968309e-03 -2.091009057497451688e-03 -1.950199106958361772e-03 -1.815691940695703978e-03 -1.687281250843186394e-03 -1.564763082318103120e-03 -1.447936703621364877e-03 -1.336605192694950749e-03 -1.230575824145633060e-03 -1.129660317342759271e-03 -1.033674986560589783e-03 -9.424408217636158231e-04 -8.557835199947295014e-04 -7.735334813757960715e-04 -6.955257796200979776e-04 -6.216001141078203451e-04 -5.516007485939015660e-04 -4.853764402316882711e-04 -4.227803616205959769e-04 -3.636700178942544031e-04 -3.079071603702000347e-04 -2.553576979231377952e-04 -2.058916069799848671e-04 -1.593828408379923723e-04 -1.157092388577586178e-04 -7.475243596743842505e-05 -3.639777282364505548e-05 -5.342069019794605650e-07 3.294577526869295618e-05 6.414624456233554417e-05 9.316791427624056927e-05 1.201082236232108735e-04 1.450614196304596249e-04 1.681186374034605304e-04 1.893679787323198987e-04 2.088945890342833406e-04 2.267807326391926067e-04 2.431058664354556875e-04 2.579467119027116940e-04 2.713773255641459010e-04 2.834691678965843369e-04 2.942911707402930707e-04 3.039098032530187805e-04 3.123891364544036510e-04 3.197909064076500264e-04 3.261745760853275921e-04 3.315973959656349991e-04 3.361144634043555660e-04 3.397787808262752178e-04 3.426413127780486611e-04 3.447510418824753183e-04 3.461550237319433398e-04 3.468984407564800854e-04 3.470246550994494352e-04 3.465752605315034428e-04 3.455901334309658237e-04 3.441074828564239700e-04 3.421638997349550886e-04 3.397944051871360470e-04 3.370324980077974569e-04 3.339102013193967337e-04 3.304581084128979077e-04 3.267054277891955571e-04 3.226800274123664243e-04 3.184084781844211554e-04 3.139160966497333226e-04 3.092269869359501300e-04 3.043640819369451862e-04 2.993491837422419311e-04 2.942030033163268565e-04 2.889451994303680860e-04 2.835944168480655824e-04 2.781683237666636227e-04 2.726836485135650788e-04 2.671562154984797395e-04 2.616009804206234461e-04 2.560320647301402518e-04 2.504627893426573872e-04 2.449057076056780592e-04 2.393726375153829705e-04 2.338746931823222153e-04 2.284223155444511531e-04 2.230253023259687708e-04 2.176928372404701923e-04 2.124335184370056639e-04 2.072553861877509068e-04 2.021659498161307755e-04 1.971722138643922757e-04 1.922807034997967696e-04 1.874974891587837206e-04 1.828282104286517494e-04 1.782780991664955207e-04 1.738520018553410507e-04 1.695544011976137693e-04 1.653894369462695021e-04 1.613609259741057554e-04 1.574723815819474083e-04 1.537270320465706792e-04 1.501278384093846776e-04 1.466775115070334307e-04 1.433785282452085296e-04 1.402331471170757075e-04 1.372434229678145818e-04 1.344112210068501068e-04 1.317382300694147504e-04 1.292259751291250269e-04 1.268758290632822805e-04 1.246890236726142279e-04 1.226666599571657468e-04 1.208097176500206693e-04 1.191190640104924724e-04 1.175954618783643326e-04 1.162395769906828354e-04 1.150519845625232320e-04 1.140331751330407438e-04 1.131835596780089926e-04 1.125034739899223748e-04 1.119931823266025021e-04 1.116528803291071722e-04 1.114826972095880241e-04 1.114826972095880241e-04
-6.343030563556917648e-03 -6.343030563556917648e-03 -6.332206952889995154e-03 -6.310227760121646032e-03 -6.276427927433325671e-03 -6.229812689244486508e-03 -6.169078004163480906e-03 -6.092669683598919868e-03 -5.998913002986400872e-03 -5.886249983911908193e-03 -5.753607303665041889e-03 -5.600858636947690997e-03 -5.429224540029641520e-03 -5.241332910251770248e-03 -5.040771897293825493e-03 -4.831447157957861199e-03 -4.617052150983178178e-03 -4.400763940669674343e-03 -4.185138062089501648e-03 -3.972130007562026457e-03 -3.763177571119419047e-03 -3.559300760420174362e-03 -3.361196407832865891e-03 -3.169318167843618739e-03 -2.983940024544766857e-03 -2.805204830104663771e-03 -2.633160542763907444e-03 -2.467786896901762953e-03 -2.309014869635125488e-03 -2.156740830881218735e-03 -2.010836816117312405e-03 -1.871157990364749222e-03 -1.737548083781857754e-03 -1.609843363236556843e-03 -1.487875545772177933e-03 -1.371473945172416468e-03 -1.260467060447173666e-03 -1.154683756151041619e-03 -1.053954142406275099e-03 -9.581102325114759745e-04 -8.669864346037008292e-04 -7.804199185246109413e-04 -6.982508880565943847e-04 -6.203227807912023916e-04 -5.464824121829331199e-04 -4.765800761979437821e-04 -4.104696119439167124e-04 -3.480084434475771808e-04 -2.890575981051797028e-04 -2.334817081082480184e-04 -1.811489982274933758e-04 -1.319312626401539636e-04 -8.570383295117191963e-05 -4.234553914428722065e-05 -1.738664874647408488e-06 3.623110174231379863e-05 7.167472089642174578e-05 1.046998566193695356e-04 1.354109344442913469e-04 1.639092006513309511e-04 1.902927826541779847e-04 2.146567501590380500e-04 2.370931767914384103e-04 2.576912019398815883e-04 2.765370926104147105e-04 2.937143051240810447e-04 3.093035465211039559e-04 3.233828355624516278e-04 3.360275632418932568e-04 3.473105527404521300e-04 3.573021187707926686e-04 3.660701262720369043e-04 3.736800484261513134e-04 3.801950239757375749e-04 3.856759138300651498e-04 3.901813569517788142e-04 3.937678255210781990e-04 3.964896793775239963e-04 3.983992197421116241e-04 3.995467422240278166e-04 3.999805891176744319e-04 3.997472009962277383e-04 3.988911676082802955e-04 3.974552780840763370e-04 3.954805704575529144e-04 3.930063805099162709e-04 3.900703899398450187e-04 3.867086738646762292e-04 3.829557476561266612e-04 3.788446131132578972e-04 3.744068039745367723e-04 3.696724307699998918e-04 3.646702250137030810e-04 3.594275827358510010e-04 3.539706073532651208e-04 3.483241518761652435e-04 3.425118604486202195e-04 3.365562092194621297e-04 3.304785465399810674e-04 3.242991324842865687e-04 3.180371776878805406e-04 3.117108814996987377e-04 3.053374694426614819e-04 2.989332299776205847e-04 2.925135505654930944e-04 2.860929530223383982e-04 2.796851281621437696e-04 2.733029697221523563e-04 2.669586075656744484e-04 2.606634401574676107e-04 2.544281663069599677e-04 2.482628161748040270e-04 2.421767815384919160e-04 2.361788453130301321e-04 2.302772103229569175e-04 2.244795273222855586e-04 2.187929222592710022e-04 2.132240227832147444e-04 2.077789839908498624e-04 2.024635134101723430e-04 1.972828952199094730e-04 1.922420137031354893e-04 1.873453759338567740e-04 1.825971336956912368e-04 1.780011046320589092e-04 1.735607926275767581e-04 1.692794074206125092e-04 1.651598834472002781e-04 1.612048979167436408e-04 1.574168881201437370e-04 1.537980679711748247e-04 1.503504437820981417e-04 1.470758292746501264e-04 1.439758598276650030e-04 1.410520059626939522e-04 1.383055860690638828e-04 1.357377783698769126e-04 1.333496321304902864e-04 1.311420781110330216e-04 1.291159382645115357e-04 1.272719346820357978e-04 1.256106977866542078e-04 1.241327737772287025e-04 1.228386313237055853e-04 1.217286675150479672e-04 1.208032130609901580e-04 1.200625367486597228e-04 1.195068491549828378e-04 1.191363056156523250e-04 1.189510084512909976e-04 1.189510084512909976e-04
-5.775755538957998494e-03 -5.775755538957998494e-03 -5.764833331757545504e-03 -5.742730454519686355e-03 -5.708936763945550441e-03 -5.662708342524577949e-03 -5.603105466871766659e-03 -5.529064100344332870e-03 -5.439517082531140392e-03 -5.333577862391004898e-03 -5.210783138408145269e-03 -5.071354294936447800e-03 -4.916386641439334827e-03 -4.747849595420568919e-03 -4.568351780028650187e-03 -4.380787278374159363e-03 -4.188006182959206139e-03 -3.992587298114078261e-03 -3.796723256965162368e-03 -3.602192638323468456e-03 -3.410385582443567053e-03 -3.222355160003542197e-03 -3.038876137743955815e-03 -2.860500956147774432e-03 -2.687608352573086362e-03 -2.520443373284831680e-03 -2.359149205387636207e-03 -2.203791960950842854e-03 -2.054379713552330778e-03 -1.910877002169426809e-03 -1.773215835212918435e-03 -1.641304027703342121e-03 -1.515031522370338625e-03 -1.394275193007260072e-03 -1.278902506876768153e-03 -1.168774328870396438e-03 -1.063747078616063832e-03 -9.636743980196247217e-04 -8.684084466845645375e-04 -7.778009129285146182e-04 -6.917038060944119245e-04 -6.099700795477890807e-04 -5.324541216664270635e-04 -4.590121431544050669e-04 -3.895024823295849216e-04 -3.237858450385551804e-04 -2.617254921031674387e-04 -2.031873843731872955e-04 -1.480402933120096077e-04 -9.615588340197193874e-05 -4.740877139400236258e-05 -1.676566448515566948e-06 4.116010554925089764e-05 8.121759081760774679e-05 1.186092074460240383e-04 1.534452542795946596e-04 1.858330274062439352e-04 2.158768429831521866e-04 2.436780653440950915e-04 2.693351394985302899e-04 2.929436272735139375e-04 3.145962464664428439e-04 3.343829124745130877e-04 3.523907819490755913e-04 3.687042980924551514e-04 3.834052372734420163e-04 3.965727566873218342e-04 4.082834428283959216e-04 4.186113605786400738e-04 4.276281027464217148e-04 4.354028399148505502e-04 4.420023704810676865e-04 4.474911707861364829e-04 4.519314452506985411e-04 4.553831764445937045e-04 4.579041750295831923e-04 4.595501295234618645e-04 4.603746558414606688e-04 4.604293465771531449e-04 4.597638199902832163e-04 4.584257686732011970e-04 4.564610078710627078e-04 4.539135234337599478e-04 4.508255193797969500e-04 4.472374650541171377e-04 4.431881418632883820e-04 4.387146895725467836e-04 4.338526521500428229e-04 4.286360231442648051e-04 4.230972905810992672e-04 4.172674813673421198e-04 4.111762051877407894e-04 4.048516978828529240e-04 3.983208642951597146e-04 3.916093205710115331e-04 3.847414359061018720e-04 3.777403737222937243e-04 3.706281322637494484e-04 3.634255846004757866e-04 3.561525180275616439e-04 3.488276728485897372e-04 3.414687805319323722e-04 3.340926012288976941e-04 3.267149606429831598e-04 3.193507862398094069e-04 3.120141427876581600e-04 3.047182672189031384e-04 2.974756028030299385e-04 2.902978326223528620e-04 2.831959123419821017e-04 2.761801022660460565e-04 2.692599986726458192e-04 2.624445644204982100e-04 2.557421588207100475e-04 2.491605667676210145e-04 2.427070271231421305e-04 2.363882603495126198e-04 2.302104953858819534e-04 2.241794957646068263e-04 2.183005849636229713e-04 2.125786709917102432e-04 2.070182702039156681e-04 2.016235303448268964e-04 1.963982528177993009e-04 1.913459141786324439e-04 1.864696868525597792e-04 1.817724590737636705e-04 1.772568540469527179e-04 1.729252483308360805e-04 1.687797894436048388e-04 1.648224126907789995e-04 1.610548572160007039e-04 1.574786812755502822e-04 1.540952767375319051e-04 1.509058828068192708e-04 1.479115989769684211e-04 1.451133972103989494e-04 1.425121333482101530e-04 1.401085577510436818e-04 1.379033251724235581e-04 1.358970038660021671e-04 1.340900839281185090e-04 1.324829848770300649e-04 1.310760624701195077e-04 1.298696147602975315e-04 1.288638873927277161e-04 1.280590781428917358e-04 1.274553406968903556e-04 1.270527876747435747e-04 1.268514928973118691e-04 1.268514928973118691e-04
-5.216601847619118520e-03 -5.216601847619118520e-03 -5.205834689600108249e-03 -5.184108577693642694e-03 -5.151050286665323323e-03 -5.106128725433375405e-03 -5.048697107311905449e-03 -4.978060838282088139e-03 -4.893577689348851088e-03 -4.794791747170613211e-03 -4.681590492218765977e-03 -4.554354884857419149e-03 -4.414052716033786856e-03 -4.262224455077358830e-03 -4.100848789531215399e-03 -3.932137070061018230e-03 -3.758325464715087452e-03 -3.581512575517201841e-03 -3.403559003650062035e-03 -3.226043108731251052e-03 -3.050257610340388267e-03 -2.877230917740006971e-03 -2.707760403956376623e-03 -2.542449064602827005e-03 -2.381740604936042477e-03 -2.225950552847697286e-03 -2.075292588699359508e-03 -1.929900165916641989e-03 -1.789843917056761205e-03 -1.655145488370833801e-03 -1.525788448759413671e-03 -1.401726854092728240e-03 -1.282891958939865861e-03 -1.169197477480852891e-03 -1.060543714089466757e-03 -9.568208153742761716e-04 -8.579113395625213769e-04 -7.636922947069464066e-04 -6.740367624775935778e-04 -5.888151974359866333e-04 -5.078964710390691632e-04 -4.311487138095913634e-04 -3.584399970274869938e-04 -2.896388860671992617e-04 -2.246148904489823591e-04 -1.632388302659459585e-04 -1.053831344950841953e-04 -5.092208349785060621e-05 2.679944643231154347e-07 4.830856480426959625e-05 9.331875988799949201e-05 1.354152788217829399e-04 1.747123094921644170e-04 2.113214693538864499e-04 2.453517620625629450e-04 2.769095475349830525e-04 3.060985234149766533e-04 3.330197162459121803e-04 3.577714809168059990e-04 3.804495071690812435e-04 4.011468321341008945e-04 4.199538580246514738e-04 4.369583742320531559e-04 4.522455831888840027e-04 4.658981294488846259e-04 4.779961315132874112e-04 4.886172159988323195e-04 4.978365537989680369e-04 5.057268979377100432e-04 5.123586228565810662e-04 5.177997649100807981e-04 5.221160638750611512e-04 5.253710053049879571e-04 5.276258635819622246e-04 5.289397455380978087e-04 5.293696345338403135e-04 5.289704348944806967e-04 5.277950166177712435e-04 5.258942602754980433e-04 5.233171020403347634e-04 5.201105787765226453e-04 5.163198731390608370e-04 5.119883586313221267e-04 5.071576445754530675e-04 5.018676209537131696e-04 4.961565030821295415e-04 4.900608760806134979e-04 4.836157391060427095e-04 4.768545493168554290e-04 4.698092655394660810e-04 4.625103916083493335e-04 4.549870193529954019e-04 4.472668712061462701e-04 4.393763424088057389e-04 4.313405427885081507e-04 4.231833380882467333e-04 4.149273908243219003e-04 4.065942006521845687e-04 3.982041442201346253e-04 3.897765144915000656e-04 3.813295595166655508e-04 3.728805206370601239e-04 3.644456701039501100e-04 3.560403480956080154e-04 3.476789991171670658e-04 3.393752077681971738e-04 3.311417338637762998e-04 3.229905468955610059e-04 3.149328598200981221e-04 3.069791621623496592e-04 2.991392524231355860e-04 2.914222697799235553e-04 2.838367250711157624e-04 2.763905310546937110e-04 2.690910319327840020e-04 2.619450321343951612e-04 2.549588243492523871e-04 2.481382168063113632e-04 2.414885597911748836e-04 2.350147713972526304e-04 2.287213625061009913e-04 2.226124609929534077e-04 2.166918351539994533e-04 2.109629163524900399e-04 2.054288208812411949e-04 2.000923710395714848e-04 1.949561154231433009e-04 1.900223484255822274e-04 1.852931289511210785e-04 1.807702983378582618e-04 1.764554974915285538e-04 1.723501832299646633e-04 1.684556438386743495e-04 1.647730138381735027e-04 1.613032879639027879e-04 1.580473343597076183e-04 1.550059069859911374e-04 1.521796572437425651e-04 1.495691448157169309e-04 1.471748477260831486e-04 1.449971716198768463e-04 1.430364582635866415e-04 1.412929932681762603e-04 1.397670130357952405e-04 1.384587109313610575e-04 1.373682426801114834e-04 1.364957309921222071e-04 1.358412694146706292e-04 1.354049254131971291e-04 1.351867426814779515e-04 1.351867426814779515e-04
-4.665233337714140040e-03 -4.665233337714140040e-03 -4.654808441699713993e-03 -4.633823095964288187e-03 -4.602017328628180137e-03 -4.559030595414137639e-03 -4.504441100168306462e-03 -4.437823598161330825e-03 -4.358827148305180650e-03 -4.267269963576396374e-03 -4.163240900030724771e-03 -4.047187523682718550e-03 -3.919963859150855760e-03 -3.782814817800207556e-03 -3.637294030006379877e-03 -3.485138315674992694e-03 -3.328133527775106650e-03 -3.168000094951844807e-03 -3.006312370541584528e-03 -2.844453177024602267e-03 -2.683597461181229729e-03 -2.524716403358485267e-03 -2.368593818322212077e-03 -2.215848506793834626e-03 -2.066958251752223918e-03 -1.922282872619289745e-03 -1.782085001044803009e-03 -1.646548058781425539e-03 -1.515791401412256139e-03 -1.389882845873589108e-03 -1.268848909487012549e-03 -1.152683114036351375e-03 -1.041352689935458320e-03 -9.348039769913645469e-04 -8.329667735522119573e-04 -7.357578422574857302e-04 -6.430837415741633189e-04 -5.548431189871378105e-04 -4.709285741314950735e-04 -3.912281777750823363e-04 -3.156267146447420415e-04 -2.440067038771109018e-04 -1.762492396655688436e-04 -1.122346858650079591e-04 -5.184325140361320321e-05 5.044532071539641855e-06 5.854741314567784584e-05 1.087830903639685917e-04 1.558679375568303117e-04 1.999167756747596001e-04 2.410426837056077411e-04 2.793568425728971136e-04 3.149684069767902644e-04 3.479844009960742033e-04 3.785096339636512329e-04 4.066466336934090897e-04 4.324955945993290548e-04 4.561543386288199279e-04 4.777182872476333627e-04 4.972804429759336130e-04 5.149313791941613613e-04 5.307592371211113796e-04 5.448497290214737504e-04 5.572861468309809035e-04 5.681493754983361986e-04 5.775179104375659884e-04 5.854678785650066584e-04 5.920730624640300772e-04 5.974049272796122002e-04 6.015326499954788816e-04 6.045231507900669958e-04 6.064411262049637869e-04 6.073490838917140798e-04 6.073073787306613796e-04 6.063742501394423813e-04 6.046058604094331837e-04 6.020563339262923353e-04 5.987777971461714357e-04 5.948204192125024128e-04 5.902324531097987012e-04 5.850602772609024820e-04 5.793484374827651126e-04 5.731396892233620467e-04 5.664750400088733708e-04 5.593937920359553107e-04 5.519335848488975040e-04 5.441304380458087016e-04 5.360187939618143473e-04 5.276315602806160411e-04 5.190001525287829369e-04 5.101545364098064063e-04 5.011232699373784592e-04 4.919335453295158728e-04 4.826112306271557509e-04 4.731809110026634086e-04 4.636659297253948567e-04 4.540884287530292350e-04 4.444693889188774797e-04 4.348286696867803189e-04 4.251850484465541304e-04 4.155562593242312819e-04 4.059590314825862393e-04 3.964091268886443592e-04 3.869213775260447997e-04 3.775097220312689144e-04 3.681872417338625993e-04 3.589661960818810974e-04 3.498580574348470634e-04 3.408735452075685457e-04 3.320226593491879463e-04 3.233147131428451256e-04 3.147583653123124615e-04 3.063616514229320926e-04 2.981320145651157128e-04 2.900763353095819723e-04 2.822009609243939583e-04 2.745117338447161290e-04 2.670140193870399760e-04 2.597127327004299471e-04 2.526123649481048171e-04 2.457170087134102616e-04 2.390303826249372070e-04 2.325558551962110868e-04 2.262964678760067262e-04 2.202549573059417345e-04 2.144337767825608932e-04 2.088351169216452600e-04 2.034609255229659992e-04 1.983129266341502651e-04 1.933926388127357493e-04 1.887013925858635520e-04 1.842403471073948945e-04 1.800105060125355627e-04 1.760127324703134554e-04 1.722477634344847302e-04 1.687162230936333450e-04 1.654186355213923144e-04 1.623554365278369761e-04 1.595269847132014184e-04 1.569335717251318062e-04 1.545754317207296712e-04 1.524527500346492125e-04 1.505656710544984198e-04 1.489143053047575131e-04 1.474987357403678841e-04 1.463190232510693705e-04 1.453752113774649799e-04 1.446673302396838680e-04 1.441953996793874163e-04 1.439594316157283825e-04 1.439594316157283825e-04
-4.121043678755571295e-03 -4.121043678755571295e-03 -4.111092263439717308e-03 -4.091098940277771052e-03 -4.060893063650951144e-03 -4.020245218780748274e-03 -3.968900717013976870e-03 -3.906625891071050655e-03 -3.833266321560487109e-03 -3.748813067498841297e-03 -3.653468590883922514e-03 -3.547699595528090895e-03 -3.432262071296452409e-03 -3.308187630473272307e-03 -3.176730650389951970e-03 -3.039288190623233576e-03 -2.897311144887528261e-03 -2.752223437209790763e-03 -2.605359611885505605e-03 -2.457924157211377383e-03 -2.310970839511552154e-03 -2.165397759261678164e-03 -2.021953239940886982e-03 -1.881248201832764338e-03 -1.743771675963973460e-03 -1.609907153577717865e-03 -1.479948341575956566e-03 -1.354113545103658930e-03 -1.232558339815044294e-03 -1.115386471624552674e-03 -1.002659077830572861e-03 -8.944024003319772913e-04 -7.906141892743884019e-04 -6.912689947190031126e-04 -5.963225284263095867e-04 -5.057152559784060123e-04 -4.193753560943095727e-04 -3.372211617318671725e-04 -2.591631776443605647e-04 -1.851057518918169259e-04 -1.149484643790602142e-04 -4.858728357028421866e-05 1.408446720865643111e-05 7.317530036186266373e-05 1.287948843548374078e-04 1.810534717478693681e-04 2.300614170003721312e-04 2.759287694114135876e-04 3.187649292095439714e-04 3.586783569357576674e-04 3.957763279821864132e-04 4.301647255397034273e-04 4.619478663365949515e-04 4.912283544705161112e-04 5.181069593888142175e-04 5.426825146909756634e-04 5.650518349375454339e-04 5.853096480731136229e-04 6.035485414232998318e-04 6.198589195202243267e-04 6.343289722581872377e-04 6.470446520896090290e-04 6.580896591474547650e-04 6.675454333298603497e-04 6.754911525099242461e-04 6.820037361422502751e-04 6.871578536307993822e-04 6.910259369023656444e-04 6.936781966985696313e-04 6.951826421583281665e-04 6.956051033137328589e-04 6.950092561663224339e-04 6.934566500488587720e-04 6.910067370107590397e-04 6.877169029940036812e-04 6.836425005912428673e-04 6.788368831994889569e-04 6.733514404016332231e-04 6.672356344244762417e-04 6.605370375363103178e-04 6.533013702596411013e-04 6.455725402856318448e-04 6.373926819864859190e-04 6.288021964304761884e-04 6.198397918117895967e-04 6.105425242139769651e-04 6.009458386316438114e-04 5.910836101802473177e-04 5.809881854285137452e-04 5.706904237921806011e-04 5.602197389315427285e-04 5.496041400986967276e-04 5.388702733835056078e-04 5.280434628101561513e-04 5.171477512388289845e-04 5.062059410294389656e-04 4.952396344266923531e-04 4.842692736278436444e-04 4.733141804965610724e-04 4.623925958882169713e-04 4.515217185537462644e-04 4.407177435909623254e-04 4.299959004138822539e-04 4.193704902122315573e-04 4.088549228748462579e-04 3.984617533521897319e-04 3.882027174346560977e-04 3.780887669247384535e-04 3.681301041825041365e-04 3.583362160251425503e-04 3.487159069626343737e-04 3.392773317528350262e-04 3.300280272604670553e-04 3.209749436056835736e-04 3.121244745889877872e-04 3.034824873803800243e-04 2.950543514616457545e-04 2.868449668117060178e-04 2.788587913259067577e-04 2.710998674610495666e-04 2.635718480988375649e-04 2.562780216212459466e-04 2.492213361921147199e-04 2.424044232400076216e-04 2.358296201380788632e-04 2.294989920773492979e-04 2.234143531304013709e-04 2.175772865030706378e-04 2.119891639722355759e-04 2.066511645082826445e-04 2.015642920812626558e-04 1.967293926501434984e-04 1.921471703349181964e-04 1.878182027716330854e-04 1.837429556506727218e-04 1.799217964388671550e-04 1.763550072861807747e-04 1.730427971178962268e-04 1.699853129133317676e-04 1.671826501722159920e-04 1.646348625699015826e-04 1.623419708026288880e-04 1.603039706240472141e-04 1.585208400741783459e-04 1.569925459019559948e-04 1.557190491824030412e-04 1.547003101294212141e-04 1.539362921050575609e-04 1.534269648259926097e-04 1.531723067678591381e-04 1.531723067678591381e-04
-3.583266658027863417e-03 -3.583266658027863417e-03 -3.573875175488556641e-03 -3.555036409212030280e-03 -3.526647601727155457e-03 -3.488576908049763597e-03 -3.440690397654069983e-03 -3.382887736457634246e-03 -3.315144841911574648e-03 -3.237559822587856000e-03 -3.150396118647615790e-03 -3.054114801619392961e-03 -2.949387807301523303e-03 -2.837086681539964170e-03 -2.718247117779870083e-03 -2.594015885543951398e-03 -2.465590447646715411e-03 -2.334161393093204650e-03 -2.200864862744459499e-03 -2.066748332179428691e-03 -1.932749892657579030e-03 -1.799689140354510716e-03 -1.668266907393804472e-03 -1.539071013179537034e-03 -1.412585611941278088e-03 -1.289202277832258211e-03 -1.169231528448256468e-03 -1.052913957861950720e-03 -9.404305066519398236e-04 -8.319116458946894692e-04 -7.274454145802726306e-04 -6.270843477144445602e-04 -5.308513852270066967e-04 -4.387448752405819679e-04 -3.507427905643907768e-04 -2.668062722298077810e-04 -1.868826035567785343e-04 -1.109077057947228104e-04 -3.880823367853343775e-05 2.949666270855307677e-05 9.409385408743397780e-05 1.550749797894468136e-04 2.125353887899768810e-04 2.665732422054368426e-04 3.172887510287222736e-04 3.647835274520297324e-04 4.091600318858986990e-04 4.505211008660814430e-04 4.889695435641769729e-04 5.246077966847565366e-04 5.575376292251982974e-04 5.878598899641453851e-04 6.156742916872809650e-04 6.410792271012611017e-04 6.641716121656320634e-04 6.850467532187070512e-04 7.037982348111320721e-04 7.205178256099836450e-04 7.352954001126210540e-04 7.482188742260819725e-04 7.593741530349499983e-04 7.688450893068246193e-04 7.767134514766871464e-04 7.830589000151702431e-04 7.879589712256455415e-04 7.914890676349216813e-04 7.937224542453048511e-04 7.947302600044347598e-04 7.945814839258050688e-04 7.933430053590068143e-04 7.910795979660348483e-04 7.878539470096947639e-04 7.837266696033683014e-04 7.787563376089860377e-04 7.729995029028680206e-04 7.665107247577044583e-04 7.593425991139952664e-04 7.515457895361798719e-04 7.431690596679293558e-04 7.342593070179645638e-04 7.248615979226344028e-04 7.150192035446121608e-04 7.047736367786529288e-04 6.941646899456382089e-04 6.832304731652486841e-04 6.720074533057386135e-04 6.605304934165546777e-04 6.488328925560520825e-04 6.369464259324229003e-04 6.249013852812620529e-04 6.127266194079985942e-04 6.004495748278027316e-04 5.880963364396075933e-04 5.756916681745652929e-04 5.632590535626860609e-04 5.508207361645769311e-04 5.383977598181598082e-04 5.260100086530293973e-04 5.136762468277201749e-04 5.014141579476309339e-04 4.892403841236902650e-04 4.771705646340900398e-04 4.652193741535331399e-04 4.534005605164890336e-04 4.417269819829018726e-04 4.302106439766768234e-04 4.188627352690777622e-04 4.076936635809090136e-04 3.967130905790348136e-04 3.859299662444017347e-04 3.753525625902950089e-04 3.649885067110547978e-04 3.548448131429310739e-04 3.449279155201425795e-04 3.352436975105470307e-04 3.257975230166126695e-04 3.165942656286114035e-04 3.076383373181319205e-04 2.989337163611360251e-04 2.904839744808518777e-04 2.822923032018147434e-04 2.743615394073322072e-04 2.666941900935606755e-04 2.592924563142386162e-04 2.521582563109276082e-04 2.452932478243648141e-04 2.386988495832321588e-04 2.323762619672945764e-04 2.263264868424591698e-04 2.205503465658544319e-04 2.150485021595264091e-04 2.098214706517975464e-04 2.048696415857381161e-04 2.001932926945531775e-04 1.957926047440003989e-04 1.916676755422221708e-04 1.878185331175979153e-04 1.842451480654121805e-04 1.809474450642755414e-04 1.779253135633509044e-04 1.751786176415080429e-04 1.727072050395764074e-04 1.705109153668766088e-04 1.685895874831960372e-04 1.669430660573317955e-04 1.655712073032614346e-04 1.644738838949137184e-04 1.636509890604087895e-04 1.631024398565162118e-04 1.628281796239466374e-04 1.628281796239466374e-04
-3.051041074436669064e-03 -3.051041074436669064e-03 -3.042261614499462696e-03 -3.024672722749972235e-03 -2.998221631778409668e-03 -2.962847032528330513e-03 -2.918500050366889566e-03 -2.865171038417672813e-03 -2.802920368629732619e-03 -2.731910180059241976e-03 -2.652432785888527572e-03 -2.564930661195286010e-03 -2.470003281988983942e-03 -2.368398002685423789e-03 -2.260985393568666450e-03 -2.148722875477570692e-03 -2.032612650400466171e-03 -1.913660158845995789e-03 -1.792837943144242425e-03 -1.671057723874585371e-03 -1.549151503626016889e-03 -1.427861050744622367e-03 -1.307834294999446218e-03 -1.189626884990175812e-03 -1.073707234104076969e-03 -9.604636470753479980e-04 -8.502124470956854904e-04 -7.432063379891039887e-04 -6.396425006032494453e-04 -5.396701264939884760e-04 -4.433972386366576320e-04 -3.508967479561674431e-04 -2.622117570619013826e-04 -1.773601588922059206e-04 -9.633859632871474561e-05 -1.912585553102210827e-05 5.431423471218665950e-05 1.240303298166167700e-04 1.900814611205854936e-04 2.525352384046392041e-04 3.114663162977482358e-04 3.669550843539545119e-04 4.190865466099792224e-04 4.679493617213562658e-04 5.136350193329760000e-04 5.562371322222674306e-04 5.958508270316497431e-04 6.325722191589541960e-04 6.664979596757399701e-04 6.977248440631171871e-04 7.263494741542895561e-04 7.524679660056665621e-04 7.761756975293073596e-04 7.975670906466770160e-04 8.167354234989095173e-04 8.337726688982608761e-04 8.487693557509019132e-04 8.618144506404668091e-04 8.729952571495194508e-04 8.823973308244105517e-04 8.901044079676973452e-04 8.961983466796358050e-04 9.007590787728436080e-04 9.038645713576721032e-04 9.055907970446722957e-04 9.060117118386001867e-04 9.051992399088237959e-04 9.032232645164610168e-04 9.001516244612024417e-04 8.960501154825363090e-04 8.909824961124373881e-04 8.850104975309166242e-04 8.781938370232219866e-04 8.705902346789083299e-04 8.622554330092653020e-04 8.532432191913943672e-04 8.436054496751713237e-04 8.333920769138995852e-04 8.226511780011448380e-04 8.114289850153739514e-04 7.997699168909522477e-04 7.877166126490826609e-04 7.753099658356074142e-04 7.625891600245059479e-04 7.495917052565308821e-04 7.363534752919671626e-04 7.229087455650422918e-04 7.092902317352472097e-04 6.955291287378035812e-04 6.816551502418636329e-04 6.676965684308072647e-04 6.536802540243011762e-04 6.396317164666466331e-04 6.255751442104389055e-04 6.115334450287121656e-04 5.975282862926316937e-04 5.835801351553950066e-04 5.697082985864057505e-04 5.559309632029696933e-04 5.422652348497762360e-04 5.287271778792794431e-04 5.153318540888059216e-04 5.020933612727938042e-04 4.890248713510256338e-04 4.761386680360786311e-04 4.634461840054562788e-04 4.509580375460378403e-04 4.386840686405395445e-04 4.266333744676798390e-04 4.148143442896425883e-04 4.032346937022716600e-04 3.919014982251813810e-04 3.808212262106646121e-04 3.699997710518918557e-04 3.594424826724481443e-04 3.491541982807396579e-04 3.391392723742150538e-04 3.294016059797009880e-04 3.199446751174409671e-04 3.107715584776415160e-04 3.018849642995005862e-04 2.932872564437774944e-04 2.849804796510070084e-04 2.769663839784251911e-04 2.692464484095902786e-04 2.618219036315273243e-04 2.546937539750182794e-04 2.478627985143899790e-04 2.413296513238231424e-04 2.350947608878265231e-04 2.291584286640756750e-04 2.235208267973257546e-04 2.181820149835598903e-04 2.131419564839361330e-04 2.084005332884475783e-04 2.039575604295155650e-04 1.998127994459921570e-04 1.959659709982613542e-04 1.924167666353001867e-04 1.891648597146917911e-04 1.862099154766745353e-04 1.835516002733696443e-04 1.811895899543543059e-04 1.791235774097394329e-04 1.773532792718792166e-04 1.758784417767765367e-04 1.746988457861687358e-04 1.738143109711738599e-04 1.732246991582561181e-04 1.729299168381382844e-04 1.729299168381382844e-04
-2.523452421828182874e-03 -2.523452421828182874e-03 -2.515311591992763947e-03 -2.499018606802537890e-03 -2.474556425381237764e-03 -2.441913292982238280e-03 -2.401098606312344463e-03 -2.352162650299423775e-03 -2.295218579107833647e-03 -2.230464283855394629e-03 -2.158201153071506641e-03 -2.078846482174465365e-03 -1.992936731427269285e-03 -1.901120110508134611e-03 -1.804138872168253253e-03 -1.702803641897775513e-03 -1.597963412045406897e-03 -1.490475122380038831e-03 -1.381176133073572145e-03 -1.270861764277817331e-03 -1.160268859457851999e-03 -1.050065326346503623e-03 -9.408449460972178550e-04 -8.331264114389728493e-04 -7.273554822135899723e-04 -6.239092376122028823e-04 -5.231015769142716631e-04 -4.251893162179625927e-04 -3.303784124746273572e-04 -2.388300011525669355e-04 -1.506660550736018311e-04 -6.597456119386330056e-05 1.518582573199896927e-05 9.278165275594103367e-05 1.668010366535616735e-04 2.372504912852437626e-04 3.041521692172517266e-04 3.675414710110376645e-04 4.274649771720013679e-04 4.839786610024736564e-04 5.371463446523543550e-04 5.870383649476954490e-04 6.337304197664716827e-04 6.773025696342343822e-04 7.178383727395635464e-04 7.554241346901450875e-04 7.901482570512353976e-04 8.221006710556226157e-04 8.513723448841904132e-04 8.780548546283647874e-04 9.022400104990940068e-04 9.240195310780837355e-04 9.434847594485914384e-04 9.607264159241587923e-04 9.758343828392231816e-04 9.888975174970468171e-04 1.000003489905987482e-03 1.009238642390146261e-03 1.016687868547684571e-03 1.022434509360403698e-03 1.026560264540482548e-03 1.029145117442105710e-03 1.030267272073337242e-03 1.030003100922257352e-03 1.028427102465431699e-03 1.025611867359952365e-03 1.021628052435582037e-03 1.016544361703620915e-03 1.010427533686112170e-03 1.003342334444818794e-03 9.953515557555429362e-04 9.865160179312263810e-04 9.768945768479152074e-04 9.665441347721367635e-04 9.555196546273106353e-04 9.438741773712129145e-04 9.316588421868569588e-04 9.189229092159767812e-04 9.057137845880275156e-04 8.920770475186947258e-04 8.780564792706088738e-04 8.636940937856553771e-04 8.490301698131687020e-04 8.341032843716313788e-04 8.189503473934802314e-04 8.036066374133986508e-04 7.881058381702145399e-04 7.724800760013375784e-04 7.567599579166851788e-04 7.409746102463628118e-04 7.251517177630434959e-04 7.093175631861457211e-04 6.934970669805691533e-04 6.777138273679912108e-04 6.619901604735892739e-04 6.463471405356001082e-04 6.308046401093580970e-04 6.153813702014376700e-04 6.000949202732754626e-04 5.849617980571717238e-04 5.699974691309266355e-04 5.552163962005326461e-04 5.406320780433652648e-04 5.262570880671860575e-04 5.121031124430141818e-04 4.981809877725412554e-04 4.845007382532656075e-04 4.710716123069253673e-04 4.579021186390932270e-04 4.450000617000039673e-04 4.323725765187825154e-04 4.200261628852573043e-04 4.079667188554752578e-04 3.961995735588719658e-04 3.847295192868180769e-04 3.735608428439435042e-04 3.626973561452434373e-04 3.521424260434949209e-04 3.418990033729661323e-04 3.319696511967697313e-04 3.223565722465189303e-04 3.130616355441654211e-04 3.040864021970615325e-04 2.954321503583681578e-04 2.870998993459489192e-04 2.790904329138363567e-04 2.714043216712349964e-04 2.640419446448399594e-04 2.570035099809963490e-04 2.502890747849107964e-04 2.438985640947494420e-04 2.378317889890155397e-04 2.320884638261102011e-04 2.266682226154196885e-04 2.215706345196701856e-04 2.167952184886286790e-04 2.123414570245164357e-04 2.082088090797432620e-04 2.043967220877651234e-04 2.009046431280175427e-04 1.977320292259869973e-04 1.948783567895527363e-04 1.923431301827674639e-04 1.901258894382466325e-04 1.882262171093052213e-04 1.866437442629280971e-04 1.853781556145754378e-04 1.844291938057253529e-04 1.837966628249308601e-04 1.834804305730349070e-04 1.834804305730349070e-04
-1.999560901988157394e-03 -1.999560901988157394e-03 -1.992067015269946475e-03 -1.977080953518275605e-03 -1.954610405617215885e-03 -1.924677319455695259e-03 -1.887329656324221189e-03 -1.842655707297225897e-03 -1.790799631300635502e-03 -1.731976445066250219e-03 -1.666484387489735155e-03 -1.594712554898176102e-03 -1.517142099640405705e-03 -1.434340135434727112e-03 -1.346946652736287020e-03 -1.255655903594457340e-03 -1.161194522990267137e-03 -1.064298911172588749e-03 -9.656941277390649996e-04 -8.660759254109491557e-04 -7.660968106278380398e-04 -6.663563459999144846e-04 -5.673954098571279978e-04 -4.696938266881048839e-04 -3.736706544243162159e-04 -2.796864130486382801e-04 -1.880466145508633859e-04 -9.900606623154048220e-05 -1.277353941088543085e-05 7.048349323972698472e-05 1.506342544903648115e-04 2.275803217060606213e-04 3.012516206266226777e-04 3.716027859828578022e-04 4.386098938804414691e-04 5.022675533511568140e-04 5.625863340664694848e-04 6.195905018136235818e-04 6.733160313223474688e-04 7.238088661979316793e-04 7.711233972043376409e-04 8.153211323543972265e-04 8.564695348052015367e-04 8.946410071694711275e-04 9.299120033816860682e-04 9.623622516126121738e-04 9.920740738642965309e-04 1.019131789785278786e-03 1.043621193926056855e-03 1.065629097121338761e-03 1.085242923957078533e-03 1.102550359377562532e-03 1.117639038431700229e-03 1.130596273968010376e-03 1.141508817782679094e-03 1.150462651320730521e-03 1.157542802541030062e-03 1.162833185993968543e-03 1.166416463536886373e-03 1.168373923435783463e-03 1.168785375880382685e-03 1.167729063179841729e-03 1.165281583113905685e-03 1.161517824093901124e-03 1.156510910943657445e-03 1.150332160245680661e-03 1.143051044315562467e-03 1.134735162970180100e-03 1.125450222344800185e-03 1.115260020092560507e-03 1.104226436368427973e-03 1.092409430060033940e-03 1.079867039780744000e-03 1.066655389187016502e-03 1.052828696223285631e-03 1.038439285934004280e-03 1.023537606514733980e-03 1.008172248302763004e-03 9.923899654331726303e-04 9.762356999089167328e-04 9.597526078537131329e-04 9.429820877346278092e-04 9.259638103574768927e-04 9.087357504527530331e-04 8.913342196829512204e-04 8.737939009140573187e-04 8.561478836047512440e-04 8.384277001766903773e-04 8.206633632381863958e-04 8.028834035417774717e-04 7.851149085637342895e-04 7.673835616004539206e-04 7.497136812831194878e-04 7.321282614179329493e-04 7.146490110647765173e-04 6.972963947723058008e-04 6.800896728923250169e-04 6.630469419008286347e-04 6.461851746573730581e-04 6.295202605384760510e-04 6.130670453845677575e-04 5.968393712036287576e-04 5.808501155781036710e-04 5.651112307249462870e-04 5.496337821617736097e-04 5.344279869350866859e-04 5.195032513693554959e-04 5.048682082984782974e-04 4.905307537437297383e-04 4.764980830047842023e-04 4.627767261327794227e-04 4.493725827566501393e-04 4.362909562361265620e-04 4.235365871168626328e-04 4.111136858651269596e-04 3.990259648613717438e-04 3.872766696337805376e-04 3.758686093145960252e-04 3.648041863036366743e-04 3.540854251249432464e-04 3.437140004639301733e-04 3.336912643737820357e-04 3.240182726411068755e-04 3.146958103020630051e-04 3.057244163012886912e-04 2.971044072870105616e-04 2.888359005366748886e-04 2.809188360083378702e-04 2.733529975138738371e-04 2.661380330108141534e-04 2.592734740103119816e-04 2.527587540993454221e-04 2.465932265758277362e-04 2.407761811957815777e-04 2.353068600321680268e-04 2.301844724453349191e-04 2.254082091653671223e-04 2.209772554868886390e-04 2.168908035770821191e-04 2.131480638978623427e-04 2.097482757432611220e-04 2.066907168931675115e-04 2.039747123846090350e-04 2.015996424017681523e-04 1.995649492859046870e-04 1.978701436662977451e-04 1.965148097132437838e-04 1.954986095140396945e-04 1.948212865727571663e-04 1.944826684344743014e-04 1.944826684344743014e-04
-1.478420464344281163e-03 -1.478420464344281163e-03 -1.471569144309641105e-03 -1.457876993885845246e-03 -1.437368164435354504e-03 -1.410086578681487559e-03 -1.376104490133951610e-03 -1.335532725764560381e-03 -1.288531557618967155e-03 -1.235320898615378761e-03 -1.176188378907868509e-03 -1.111493916811978188e-03 -1.041669714020088773e-03 -9.672151748519152836e-04 -8.886869773154175813e-04 -8.066852370825060986e-04 -7.218372207245721045e-04 -6.347802677334700959e-04 -5.461454670837258057e-04 -4.565432890283153966e-04 -3.665519209940035087e-04 -2.767086116039578210e-04 -1.875039641986492778e-04 -9.937887269266656781e-05 -1.272365654918265553e-05 7.212109288148338437e-05 1.548624231801172188e-04 2.352521006618085362e-04 3.130831976717222227e-04 3.881864502853752839e-04 4.604265800240702226e-04 5.296987143548508763e-04 5.959249935636020063e-04 6.590514155073863263e-04 7.190449433198622823e-04 7.758908826029011375e-04 8.295905222559113185e-04 8.801590253370550863e-04 9.276235519453348470e-04 9.720215940540250432e-04 1.013399501748614342e-03 1.051811180861431452e-03 1.087316943145560195e-03 1.119982491610368785e-03 1.149878025259470958e-03 1.177077449105270665e-03 1.201657676905679801e-03 1.223698015534197903e-03 1.243279621232447124e-03 1.260485019197047371e-03 1.275397679022173287e-03 1.288101639462286337e-03 1.298681176806453473e-03 1.307220511877556831e-03 1.313803551298079776e-03 1.318513659209995508e-03 1.321433456109990167e-03 1.322644641871985457e-03 1.322227840385193981e-03 1.320262463544943530e-03 1.316826592601804975e-03 1.311996875107634963e-03 1.305848435899913682e-03 1.298454800742320425e-03 1.289887831393503716e-03 1.280217671010455477e-03 1.269512698910539670e-03 1.257839493819234164e-03 1.245262804821020610e-03 1.231845529310279710e-03 1.217648697308920669e-03 1.202731461579076462e-03 1.187151093013592059e-03 1.170962980835116470e-03 1.154220637177238778e-03 1.136975705658909049e-03 1.119277973597022566e-03 1.101175387531982443e-03 1.082714071767802233e-03 1.063938349652209913e-03 1.044890767343658374e-03 1.025612119831393904e-03 1.006141478992077882e-03 9.865162234821210456e-04 9.667720702790449190e-04 9.469431076980699752e-04 9.270618297218205127e-04 9.071591714917391506e-04 8.872645458195835624e-04 8.674058805863727210e-04 8.476096569044319282e-04 8.279009479258369036e-04 8.083034581876555845e-04 7.888395633909817085e-04 7.695303505169051464e-04 7.503956581883267042e-04 7.314541171919028634e-04 7.127231910794994043e-04 6.942192167733026928e-04 6.759574451032565861e-04 6.579520812097713889e-04 6.402163247487057752e-04 6.227624098394712914e-04 6.056016447007755033e-04 5.887444509220108712e-04 5.722004023216183252e-04 5.559782633469285149e-04 5.400860269730171958e-04 5.245309520609928080e-04 5.093196001389078010e-04 4.944578715711064236e-04 4.799510410843535837e-04 4.658037926214752752e-04 4.520202534955380090e-04 4.386040278197719214e-04 4.255582291905136072e-04 4.128855126024183453e-04 4.005881055770610442e-04 3.886678384878147004e-04 3.771261740655710193e-04 3.659642360714539244e-04 3.551828371241559667e-04 3.447825056709351581e-04 3.347635120926130176e-04 3.251258939341413389e-04 3.158694802534413250e-04 3.069939150822748541e-04 2.984986799938815836e-04 2.903831157730118518e-04 2.826464431848027710e-04 2.752877828396918698e-04 2.683061741522308331e-04 2.617005933922675245e-04 2.554699708274987173e-04 2.496132069568626007e-04 2.441291878346519054e-04 2.390167994855739518e-04 2.342749414112748631e-04 2.299025391890826869e-04 2.258985561639121362e-04 2.222620042344072659e-04 2.189919537344961410e-04 2.160875424115811516e-04 2.135479835026006697e-04 2.113725729091777620e-04 2.095606954730163275e-04 2.081118303526218393e-04 2.070255555023196577e-04 2.063015512544105973e-04 2.059396030051612741e-04 2.059396030051612741e-04
-9.590915828498895778e-04 -9.590915828498895778e-04 -9.528700128940000794e-04 -9.404429781909190997e-04 -9.218450037211190287e-04 -8.971334622568923143e-04 -8.663947091515900294e-04 -8.297513100888095471e-04 -7.873695555885120486e-04 -7.394663103821102427e-04 -6.863141907472585261e-04 -6.282441426040542409e-04 -5.656447327293441258e-04 -4.989578509843286451e-04 -4.286709906623956774e-04 -3.553067281656971214e-04 -2.794103603971070243e-04 -2.015368121301505265e-04 -1.222378861899699870e-04 -4.205073726234795887e-05 3.851182666837434288e-05 1.189689042716240958e-04 1.988768688798905741e-04 2.778326853211739883e-04 3.554754397224502453e-04 4.314864062907911263e-04 5.055879858354789475e-04 5.775418285244773159e-04 6.471464123924675332e-04 7.142343004790468151e-04 7.786692507084557943e-04 8.403433082193551094e-04 8.991739720017558491e-04 9.551014970181463410e-04 1.008086369145717084e-03 1.058106972449635854e-03 1.105157455467487134e-03 1.149245794333375679e-03 1.190392044775055594e-03 1.228626771497336092e-03 1.263989641587102974e-03 1.296528167845193607e-03 1.326296587992912201e-03 1.353354866239026661e-03 1.377767804526938570e-03 1.399604251771073213e-03 1.418936400440789667e-03 1.435839160896277156e-03 1.450389604884497153e-03 1.462666470541278737e-03 1.472749722106530363e-03 1.480720158339117682e-03 1.486659064317038875e-03 1.490647901930931309e-03 1.492768034930063619e-03 1.493100484866051198e-03 1.491725714707117225e-03 1.488723437271015143e-03 1.484172445953822013e-03 1.478150465520127561e-03 1.470734020972712950e-03 1.461998322741084886e-03 1.452017166622169512e-03 1.440862847076524378e-03 1.428606082632752653e-03 1.415315952283923264e-03 1.401059841875182269e-03 1.385903399583322555e-03 1.369910499678632246e-03 1.353143213838427228e-03 1.335661789351585537e-03 1.317524633615287013e-03 1.298788304380060809e-03 1.279507505247989320e-03 1.259735085972286473e-03 1.239522047145103639e-03 1.218917548894937232e-03 1.197968923245855194e-03 1.176721689818423016e-03 1.155219574577044011e-03 1.133504531350786309e-03 1.111616765874920290e-03 1.089594762118637882e-03 1.067475310680939763e-03 1.045293539051689660e-03 1.023082943548536206e-03 1.000875422752888714e-03 9.787013122795936836e-04 9.565894207254873119e-04 9.345670666517019243e-04 9.126601164635549795e-04 8.908930230601794405e-04 8.692888651337550695e-04 8.478693870054175227e-04 8.266550388916404837e-04 8.056650175011890883e-04 7.849173068686726099e-04 7.644287193362951129e-04 7.442149366006637658e-04 7.242905507464942466e-04 7.046691051937585418e-04 6.853631354892948365e-04 6.663842098781468798e-04 6.477429695939334415e-04 6.294491688114033567e-04 6.115117142079951745e-04 5.939387040847074386e-04 5.767374669999309313e-04 5.599145998730671332e-04 5.434760055177965997e-04 5.274269295677490570e-04 5.117719967600955263e-04 4.965152465452087266e-04 4.816601679930447339e-04 4.672097339692814081e-04 4.531664345565197469e-04 4.395323096980008793e-04 4.263089810433322085e-04 4.134976829776490742e-04 4.010992928174555885e-04 3.891143601581159247e-04 3.775431353595763988e-04 3.663855971584200396e-04 3.556414793957771094e-04 3.453102968519361385e-04 3.353913701797342928e-04 3.258838499299488594e-04 3.167867396629617921e-04 3.080989181419397315e-04 2.998191606036536912e-04 2.919461591038689276e-04 2.844785419349565555e-04 2.774148921140316519e-04 2.707537649404966745e-04 2.644937046223770779e-04 2.586332599712737584e-04 2.531709991661338808e-04 2.481055235863543237e-04 2.434354807149891259e-04 2.391595761130334372e-04 2.352765844659061758e-04 2.317853597033559454e-04 2.286848441940722261e-04 2.259740770162996302e-04 2.236522013057309205e-04 2.217184706819018002e-04 2.201722547542209250e-04 2.190130437086583004e-04 2.182404519759811889e-04 2.178542209822685539e-04 2.178542209822685539e-04
-4.406495501067812424e-04 -4.406495501067812424e-04 -4.350396222732795287e-04 -4.238391845064434001e-04 -4.070887317889237858e-04 -3.848529912113900198e-04 -3.572252485926303905e-04 -3.243323705764053749e-04 -2.863399170141507416e-04 -2.434566534949724587e-04 -1.959377586381836364e-04 -1.440860975112050863e-04 -8.825110990123118798e-05 -2.882512571413755503e-05 3.376277085101116892e-05 9.905490982519714652e-05 1.665745925148789388e-04 2.358362782355562682e-04 3.063556477150362997e-04 3.776588969925951723e-04 4.492907861809467083e-04 5.208211603844030034e-04 5.918498410103891286e-04 6.620099326426284606e-04 7.309696942162007341e-04 7.984331840236589184e-04 8.641399127555011604e-04 9.278637365981475113e-04 9.894112027158709355e-04 1.048619530202859248e-03 1.105354376840805754e-03 1.159507509823445772e-03 1.210994469448351029e-03 1.259752289814546544e-03 1.305737320131177600e-03 1.348923174136265439e-03 1.389298822858927229e-03 1.426866836929755475e-03 1.461641778237554330e-03 1.493648736379889772e-03 1.522922002569947848e-03 1.549503872037731773e-03 1.573443565175517821e-03 1.594796257473935722e-03 1.613622208484914548e-03 1.629985980489335367e-03 1.643955738137809017e-03 1.655602620999776717e-03 1.665000181648942663e-03 1.672223882598476317e-03 1.677350646056246673e-03 1.680458451085962545e-03 1.681625973327975469e-03 1.680932262951263627e-03 1.678456456976043856e-03 1.674277522526584124e-03 1.668474027949124654e-03 1.661123939063931243e-03 1.652304438117070673e-03 1.642091763260299835e-03 1.630561066619973199e-03 1.617786289221509553e-03 1.603840051217653639e-03 1.588793556029404830e-03 1.572716507150466632e-03 1.555677036491660272e-03 1.537741643252877851e-03 1.518975142408597601e-03 1.499440621980256466e-03 1.479199408346239036e-03 1.458311038909041032e-03 1.436833241500431839e-03 1.414821919959947764e-03 1.392331145370749633e-03 1.369413152480338566e-03 1.346118340872564214e-03 1.322495280492242201e-03 1.298590721155056318e-03 1.274449605703609862e-03 1.250115086495960344e-03 1.225628544935925251e-03 1.201029613775308948e-03 1.176356201937065089e-03 1.151644521625648336e-03 1.126929117506482881e-03 1.102242897750841137e-03 1.077617166755591872e-03 1.053081659359383915e-03 1.028664576387996890e-03 1.004392621371918331e-03 9.802910382887620230e-04 9.563836501920594752e-04 9.326928985962312183e-04 9.092398834953033379e-04 8.860444039001845679e-04 8.631249987861469401e-04 8.404989883485493394e-04 8.181825154709105111e-04 7.961905873151342485e-04 7.745371169491116915e-04 7.532349649320476542e-04 7.322959807827222846e-04 7.117310442605332332e-04 6.915501063935596297e-04 6.717622301920836122e-04 6.523756309899966495e-04 6.333977163603314673e-04 6.148351255547814063e-04 5.966937684205455379e-04 5.789788637511255947e-04 5.616949770308606819e-04 5.448460575359788914e-04 5.284354747578040926e-04 5.124660541164792514e-04 4.969401119361451088e-04 4.818594896549773811e-04 4.672255872458096920e-04 4.530393958252765512e-04 4.393015294314986017e-04 4.260122559522992042e-04 4.131715271878016516e-04 4.007790080329917313e-04 3.888341047674760101e-04 3.773359924411851321e-04 3.662836413462052724e-04 3.556758425662383087e-04 3.455112325964237899e-04 3.357883170273834078e-04 3.265054932883857709e-04 3.176610724454797434e-04 3.092533000513053099e-04 3.012803760440641216e-04 2.937404736938300544e-04 2.866317575949965299e-04 2.799524007041970697e-04 2.737006004235066885e-04 2.678745937291320792e-04 2.624726713461344768e-04 2.574931909700011747e-04 2.529345895360981221e-04 2.487953945381957393e-04 2.450742343973681789e-04 2.417698478826290384e-04 2.388810925846812736e-04 2.364069524441404964e-04 2.343465443355270065e-04 2.326991237082350647e-04 2.314640892855657488e-04 2.306409868227677891e-04 2.302295119248639981e-04 2.302295119248639981e-04
7.781045050770503629e-05 7.781045050770503629e-05 8.282984829039610037e-05 9.284755973689551951e-05 1.078202487565192160e-04 1.276801196626540776e-04 1.523319207851752820e-04 1.816495207711747543e-04 2.154725061651697007e-04 2.536032986798946506e-04 2.958052883303140560e-04 3.418024133981225829e-04 3.912804884901996600e-04 4.438903999301307404e-04 4.992530797192002746e-04 5.569659707841006537e-04 6.166105422458248138e-04 6.777603284652036200e-04 7.399889572693750051e-04 8.028776918215166499e-04 8.660221162560559263e-04 9.290377224985976951e-04 9.915642820490103496e-04 1.053268995687405571e-03 1.113848497298554514e-03 1.173029843090321643e-03 1.230570646823743713e-03 1.286258530242415056e-03 1.339910051488260416e-03 1.391369258400683168e-03 1.440505992757807729e-03 1.487214049120964615e-03 1.531409270271491671e-03 1.573027641643721074e-03 1.612023430322389239e-03 1.648367400265659567e-03 1.682045124310773332e-03 1.713055404923800222e-03 1.741408809200252223e-03 1.767126318929721548e-03 1.790238093249628274e-03 1.810782339217551114e-03 1.828804284264382279e-03 1.844355243736384804e-03 1.857491776421923242e-03 1.868274920955541709e-03 1.876769506197032561e-03 1.883043529021074169e-03 1.887167593368809090e-03 1.889214404867195496e-03 1.889258315787660557e-03 1.887374915574088806e-03 1.883640662609573340e-03 1.878132553304455877e-03 1.870927824971138154e-03 1.862103689302520813e-03 1.851737093590699428e-03 1.839904507111879894e-03 1.826681730364022220e-03 1.812143725077566781e-03 1.796364463128869620e-03 1.779416792673017529e-03 1.761372319979513787e-03 1.742301305603097435e-03 1.722272573654505578e-03 1.701353433054106530e-03 1.679609609756557405e-03 1.657105189028482617e-03 1.633902566944826166e-03 1.610062410344262470e-03 1.585643624550731956e-03 1.560703328227907400e-03 1.535296834786783766e-03 1.509477639814525967e-03 1.483297414035715826e-03 1.456806001355808421e-03 1.430051421571452335e-03 1.403079877363761505e-03 1.375935765219034410e-03 1.348661689947146854e-03 1.321298482491213913e-03 1.293885220743347256e-03 1.266459253100716545e-03 1.239056224513804781e-03 1.211710104794981677e-03 1.184453218970388504e-03 1.157316279471843701e-03 1.130328419978125299e-03 1.103517230726692132e-03 1.076908795127771903e-03 1.050527727522828107e-03 1.024397211938859716e-03 9.985390416987647774e-04 9.729736597562672201e-04 9.477201996316311989e-04 9.227965268316882250e-04 8.982192806445590382e-04 8.740039162059569551e-04 8.501647467400794264e-04 8.267149858839300354e-04 8.036667900094295915e-04 7.810313004629154633e-04 7.588186856466309135e-04 7.370381828715375470e-04 7.156981399153332975e-04 6.948060562238394557e-04 6.743686236980661261e-04 6.543917670131488935e-04 6.348806834191210923e-04 6.158398819770212257e-04 5.972732221872510726e-04 5.791839519703203230e-04 5.615747449632036608e-04 5.444477370974577096e-04 5.278045624280319802e-04 5.116463881843491806e-04 4.959739490177327015e-04 4.807875804216321875e-04 4.660872513033378515e-04 4.518725956879823661e-04 4.381429435376267534e-04 4.248973506700859403e-04 4.121346277639092504e-04 3.998533684375584385e-04 3.880519763923560069e-04 3.767286916101895847e-04 3.658816155982662940e-04 3.555087356744197511e-04 3.456079482875782359e-04 3.361770813690097867e-04 3.272139157108819849e-04 3.187162053694941183e-04 3.106816970912817141e-04 3.031081487603477483e-04 2.959933468668496793e-04 2.893351229960680225e-04 2.831313693384085949e-04 2.773800532209439590e-04 2.720792306613894519e-04 2.672270589456341079e-04 2.628218082301168358e-04 2.588618721704510277e-04 2.553457775777633835e-04 2.522721931042291670e-04 2.496399369592622514e-04 2.474479836577500114e-04 2.456954698016286824e-04 2.443816988959619406e-04 2.435061452005353477e-04 2.430684566177987319e-04 2.430684566177987319e-04
5.971705722775586238e-04 5.971705722775586238e-04 6.016219263475479232e-04 6.105030389746289501e-04 6.237699140431378743e-04 6.413546426963338820e-04 6.631633745182647418e-04 6.890740422970425194e-04 7.189341698898615764e-04 7.525591221606204619e-04 7.897311471401624724e-04 8.301995083919731571e-04 8.736819112820522724e-04 9.198672999200164417e-04 9.684199593507637456e-04 1.018984722273444518e-03 1.071192972711091903e-03 1.124669076092700299e-03 1.179036851907979550e-03 1.233925737203814786e-03 1.288976354987584737e-03 1.343845285907742555e-03 1.398208929658651236e-03 1.451766422808905459e-03 1.504241644902601068e-03 1.555384391662876977e-03 1.604970823184665015e-03 1.652803308526336421e-03 1.698709789520375579e-03 1.742542779533968978e-03 1.784178100584831676e-03 1.823513447300296759e-03 1.860466850652205866e-03 1.894975099518702872e-03 1.926992164698623864e-03 1.956487658414743976e-03 1.983445352688127748e-03 2.007861772166762929e-03 2.029744870865205896e-03 2.049112797588659250e-03 2.065992751335134735e-03 2.080419925465528883e-03 2.092436537699797483e-03 2.102090941863312204e-03 2.109436816625758025e-03 2.114532426128007576e-03 2.117439947287256923e-03 2.118224858634888165e-03 2.116955385719884210e-03 2.113701998361663687e-03 2.108536955329544469e-03 2.101533892339585950e-03 2.092767449577870309e-03 2.082312935271782555e-03 2.070246022130560384e-03 2.056642473759089703e-03 2.041577898412258365e-03 2.025127527700168115e-03 2.007366018077146996e-03 1.988367273150267161e-03 1.968204285027090779e-03 1.946948993088665767e-03 1.924672158723862497e-03 1.901443254696175231e-03 1.877330367935582146e-03 1.852400114657162160e-03 1.826717566806118805e-03 1.800346188916855661e-03 1.773347784552697752e-03 1.745782451563849006e-03 1.717708545464886665e-03 1.689182650290515890e-03 1.660259556339898929e-03 1.630992244266445340e-03 1.601431875011956720e-03 1.571627785121959553e-03 1.541627487013445255e-03 1.511476673797362402e-03 1.481219228286502964e-03 1.450897235845175675e-03 1.420551000760513329e-03 1.390219065836709395e-03 1.359938234933123075e-03 1.329743598185192119e-03 1.299668559663682936e-03 1.269744867243083287e-03 1.240002644464066996e-03 1.210470424188045098e-03 1.181175183853972865e-03 1.152142382158899024e-03 1.123395996994292585e-03 1.094958564480061477e-03 1.066851218947434789e-03 1.039093733730569189e-03 1.011704562634930388e-03 9.847008819582065819e-04 9.580986329468174634e-04 9.319125645779702217e-04 9.061562765637537530e-04 8.808422624799733648e-04 8.559819529283179762e-04 8.315857586460598467e-04 8.076631134828250475e-04 7.842225171690531344e-04 7.612715778056108624e-04 7.388170540086470665e-04 7.168648966481691240e-04 6.954202901230316976e-04 6.744876931190292753e-04 6.540708788005981326e-04 6.341729743902740999e-04 6.147965000935143700e-04 5.959434073297890759e-04 5.776151162339782444e-04 5.598125523950935609e-04 5.425361828021592987e-04 5.257860509697731988e-04 5.095618112183876664e-04 4.938627620867518542e-04 4.786878788562036252e-04 4.640358451686243881e-04 4.499050837218545457e-04 4.362937860282394909e-04 4.231999412237077225e-04 4.106213639164090629e-04 3.985557210654414408e-04 3.870005578815863333e-04 3.759533227432523134e-04 3.654113911219989937e-04 3.553720885130840271e-04 3.458327123674448909e-04 3.367905530224022921e-04 3.282429136291495136e-04 3.201871290757868317e-04 3.126205839052622476e-04 3.055407292281080525e-04 2.989450986303039074e-04 2.928313230769730136e-04 2.871971448129182164e-04 2.820404302612415149e-04 2.773591819214624036e-04 2.731515492686704375e-04 2.694158386553064505e-04 2.661505222171817067e-04 2.633542457853134205e-04 2.610258358050805976e-04 2.591643052640986000e-04 2.577688586300671820e-04 2.568388957996822720e-04 2.563740150595095971e-04 2.563740150595095971e-04
1.118289151637864550e-03 1.118289151637864550e-03 1.122195184662441898e-03 1.129985936022618589e-03 1.141618235652741087e-03 1.157026050496670448e-03 1.176119152221241681e-03 1.198781660087020091e-03 1.224870699386225014e-03 1.254215433412650101e-03 1.286616716592890253e-03 1.321847576022430618e-03 1.359654660269999987e-03 1.399760705023122458e-03 1.441867966568003475e-03 1.485662480385182161e-03 1.530818926927661559e-03 1.577005839908409562e-03 1.623890878417539891e-03 1.671145901089156598e-03 1.718451621681443700e-03 1.765501681526370761e-03 1.812006035738253839e-03 1.857693608710289310e-03 1.902314224592806377e-03 1.945639857101206073e-03 1.987465269401219540e-03 2.027608129878206902e-03 2.065908695206494349e-03 2.102229150579023806e-03 2.136452690493745137e-03 2.168482414094976413e-03 2.198240098308722450e-03 2.225664901043817711e-03 2.250712036328567523e-03 2.273351453875570218e-03 2.293566547438851549e-03 2.311352909503404471e-03 2.326717144275206213e-03 2.339675746504019018e-03 2.350254050225722424e-03 2.358485248901238170e-03 2.364409486506918994e-03 2.368073017761819412e-03 2.369527434743272376e-03 2.368828956544459432e-03 2.366037778284652091e-03 2.361217475628544886e-03 2.354434460953506569e-03 2.345757487381889151e-03 2.335257197038617064e-03 2.323005710078558401e-03 2.309076251236168338e-03 2.293542810868890239e-03 2.276479837686683130e-03 2.257961960576602371e-03 2.238063737139358005e-03 2.216859426751614792e-03 2.194422786152042028e-03 2.170826885720031005e-03 2.146143944773510823e-03 2.120445184356805311e-03 2.093800696121340954e-03 2.066279326022189139e-03 2.037948571662524973e-03 2.008874492217046104e-03 1.979121629955031200e-03 1.948752942464835550e-03 1.917829744755007899e-03 1.886411660473620404e-03 1.854556581547449996e-03 1.822320635597050572e-03 1.789758160532981673e-03 1.756921685783142777e-03 1.723861919641654205e-03 1.690627742266578165e-03 1.657266203887247701e-03 1.623822527812533939e-03 1.590340117859227135e-03 1.556860569845197910e-03 1.523423686815375284e-03 1.490067497689967664e-03 1.456828279044115795e-03 1.423740579746302993e-03 1.390837248199667869e-03 1.358149461945893114e-03 1.325706759405787666e-03 1.293537073544082702e-03 1.261666767258498101e-03 1.230120670304790534e-03 1.198922117580477308e-03 1.168092988600162368e-03 1.137653748005068447e-03 1.107623486958459304e-03 1.078019965287229428e-03 1.048859654238030147e-03 1.020157779724001996e-03 9.919283659454453811e-04 9.641842792746840906e-04 9.369372723019361989e-04 9.101980279452600133e-04 8.839762035335877377e-04 8.582804747775303351e-04 8.331185795480332496e-04 8.084973613881242136e-04 7.844228126878956091e-04 7.609001174575614817e-04 7.379336936378914523e-04 7.155272348915946547e-04 6.936837518232826178e-04 6.724056125795159185e-04 6.516945827841296281e-04 6.315518647675286883e-04 6.119781360519920476e-04 5.929735870581821257e-04 5.745379580010569198e-04 5.566705749462324366e-04 5.393703850005279396e-04 5.226359906129590931e-04 5.064656829648475416e-04 4.908574744299543406e-04 4.758091300876569527e-04 4.613181982741658069e-04 4.473820401586169038e-04 4.339978583325878247e-04 4.211627244031845635e-04 4.088736055812985676e-04 3.971273902580029912e-04 3.859209125632782444e-04 3.752509759023946894e-04 3.651143754662971468e-04 3.555079197132549594e-04 3.464284508198613925e-04 3.378728641001915939e-04 3.298381263925615598e-04 3.223212934138819288e-04 3.153195260820593660e-04 3.088301058072922991e-04 3.028504487534154112e-04 2.973781190706919434e-04 2.924108411016313239e-04 2.879465105615230426e-04 2.839832046954424757e-04 2.805191914134856634e-04 2.775529374059564351e-04 2.750831152401424294e-04 2.731086094401981648e-04 2.716285215514980568e-04 2.706421741906387757e-04 2.701491140820654817e-04 2.701491140820654817e-04
1.642000673154486593e-03 1.642000673154486593e-03 1.645383568580686051e-03 1.652128853850418858e-03 1.662195167550055202e-03 1.675519646724167588e-03 1.692017090821195920e-03 1.711579081782986164e-03 1.734073234711710826e-03 1.759342764079039083e-03 1.787206540745061526e-03 1.817459784373518395e-03 1.849875486236266485e-03 1.884206594087407555e-03 1.920188921612372111e-03 1.957544679164742538e-03 1.995986468915850100e-03 2.035221552745453393e-03 2.074956188312381943e-03 2.114899837106400636e-03 2.154769074089423787e-03 2.194291066051431375e-03 2.233206528758837663e-03 2.271272115711492866e-03 2.308262229563099160e-03 2.343970278351152799e-03 2.378209421523091224e-03 2.410812865456951355e-03 2.441633775700716245e-03 2.470544874874345577e-03 2.497437792599128611e-03 2.522222228361687812e-03 2.544824981098227183e-03 2.565188891453394973e-03 2.583271734823472734e-03 2.599045095901017077e-03 2.612493248774782912e-03 2.623612060838676104e-03 2.632407933858797820e-03 2.638896791503259152e-03 2.643103119380580020e-03 2.645059061064027918e-03 2.644803571600257402e-03 2.642381628512462197e-03 2.637843499220603183e-03 2.631244063034109647e-03 2.622642185357224910e-03 2.612100141426658591e-03 2.599683086728302693e-03 2.585458571176593116e-03 2.569496094156579775e-03 2.551866697601373659e-03 2.532642594388130608e-03 2.511896829470446329e-03 2.489702971313483091e-03 2.466134831352847275e-03 2.441266209353639988e-03 2.415170662698390858e-03 2.387921297779198315e-03 2.359590581808589538e-03 2.330250173494521557e-03 2.299970771147043496e-03 2.268821976897303794e-03 2.236872175814058616e-03 2.204188428798844676e-03 2.170836378229011685e-03 2.136880165398322498e-03 2.102382358878400383e-03 2.067403892991378101e-03 2.032004015645327497e-03 1.996240244839793659e-03 1.960168333199635397e-03 1.923842239941731241e-03 1.887314109721416160e-03 1.850634257844168849e-03 1.813851161363367768e-03 1.777011455617278496e-03 1.740159935788032804e-03 1.703339563092570296e-03 1.666591475240493045e-03 1.629955000816795839e-03 1.593467677268687850e-03 1.557165272195333225e-03 1.521081807657530564e-03 1.485249587241218878e-03 1.449699225624411988e-03 1.414459680411755656e-03 1.379558286014606226e-03 1.345020789367279814e-03 1.310871387282129021e-03 1.277132765257364255e-03 1.243826137562139373e-03 1.210971288433421817e-03 1.178586614228613848e-03 1.146689166386826841e-03 1.115294695060179949e-03 1.084417693284532276e-03 1.054071441566677278e-03 1.024268052772300038e-03 9.950185172058990599e-04 9.663327477804525530e-04 9.382196251808848277e-04 9.106870429313733851e-04 8.837419522822350087e-04 8.573904068375849718e-04 8.316376068501534413e-04 8.064879431146075063e-04 7.819450403954594743e-04 7.580118003301456386e-04 7.346904437521827600e-04 7.119825523833819836e-04 6.898891098480327503e-04 6.684105419656578232e-04 6.475467562824849168e-04 6.272971808051244205e-04 6.076608019031187703e-04 5.886362013500394180e-04 5.702215924756448128e-04 5.524148554042970782e-04 5.352135713573623419e-04 5.186150559996921278e-04 5.026163918125048586e-04 4.872144594770771281e-04 4.724059682555849910e-04 4.581874853572514964e-04 4.445554642796184551e-04 4.315062721163152241e-04 4.190362158241067053e-04 4.071415674433110049e-04 3.958185882668505801e-04 3.850635519542796952e-04 3.748727665880820193e-04 3.652425956703977158e-04 3.561694780590911043e-04 3.476499468427311779e-04 3.396806471546274945e-04 3.322583529265465377e-04 3.253799825831294877e-04 3.190426136783568417e-04 3.132434964756520895e-04 3.079800664733919110e-04 3.032499558777094063e-04 2.990510040245269075e-04 2.953812667527561651e-04 2.922390247305547539e-04 2.896227907364283343e-04 2.875313158968381428e-04 2.859635948817957057e-04 2.849188700597317793e-04 2.843966346126955294e-04 2.843966346126955294e-04
2.169116487604718767e-03 2.169116487604718767e-03 2.171997377516709897e-03 2.177739799365883966e-03 2.186304822490305923e-03 2.197633554403718732e-03 2.211646654231010350e-03 2.228243855349560688e-03 2.247303623186501509e-03 2.268683080447272179e-03 2.292218323740475780e-03 2.317725232501376305e-03 2.345000835091458086e-03 2.373825251730758614e-03 2.403964184871714045e-03 2.435171880897833274e-03 2.467194448459439100e-03 2.499773392773678438e-03 2.532649214094648358e-03 2.565564922197054610e-03 2.598269334934528735e-03 2.630520054169399775e-03 2.662086042512943392e-03 2.692749755458971345e-03 2.722308812472284869e-03 2.750577215240491806e-03 2.777386140468458223e-03 2.802584348022549906e-03 2.826038253298144946e-03 2.847631716173036447e-03 2.867265598791588713e-03 2.884857141691915799e-03 2.900339203345243897e-03 2.913659402781254397e-03 2.924779199216560096e-03 2.933672936914226339e-03 2.940326878166768521e-03 2.944738242483932369e-03 2.946914265861582446e-03 2.946871290427934952e-03 2.944633891784415730e-03 2.940234048931047919e-03 2.933710359727843831e-03 2.925107303326630014e-03 2.914474549845790657e-03 2.901866316691919124e-03 2.887340770302055607e-03 2.870959471640251344e-03 2.852786863491816195e-03 2.832889797424012132e-03 2.811337098195425873e-03 2.788199163375317501e-03 2.763547595961206478e-03 2.737454867843715136e-03 2.709994012051465586e-03 2.681238341807168357e-03 2.651261194532824553e-03 2.620135699052350293e-03 2.587934564350666961e-03 2.554729888356848527e-03 2.520592985323707059e-03 2.485594230476077717e-03 2.449802920694456494e-03 2.413287150089126094e-03 2.376113699402452196e-03 2.338347938253693224e-03 2.300053739311598740e-03 2.261293403545542192e-03 2.222127595766306037e-03 2.182615289723089432e-03 2.142813722074429252e-03 2.102778354597544062e-03 2.062562844043773231e-03 2.022219019087346300e-03 1.981796863851147377e-03 1.941344507526667840e-03 1.900908219636175114e-03 1.860532410513603173e-03 1.820259636606952336e-03 1.780130610229261863e-03 1.740184213407738184e-03 1.700457515501483134e-03 1.660985794277669483e-03 1.621802560154053229e-03 1.582939583332564765e-03 1.544426923564459070e-03 1.506292962302215131e-03 1.468564437007226740e-03 1.431266477395270282e-03 1.394422643413990902e-03 1.358054964758155991e-03 1.322183981739310284e-03 1.286828787336770277e-03 1.252007070266650214e-03 1.217735158914864295e-03 1.184028065988834135e-03 1.150899533751013372e-03 1.118362079705261837e-03 1.086427042614714327e-03 1.055104628736995695e-03 1.024403958169536454e-03 9.943331112043155267e-04 9.648991745976470691e-04 9.361082876666153036e-04 9.079656881294991813e-04 8.804757576129896256e-04 8.536420667542331600e-04 8.274674198307105854e-04 8.019538988557235737e-04 7.771029070817928172e-04 7.529152118585886663e-04 7.293909867961383001e-04 7.065298531879568187e-04 6.843309206524769185e-04 6.627928269546756821e-04 6.419137769731446007e-04 6.216915807810126458e-04 6.021236908121307876e-04 5.832072380867370405e-04 5.649390674734891234e-04 5.473157719672371371e-04 5.303337259642567194e-04 5.139891175188378292e-04 4.982779795671723718e-04 4.831962201063680004e-04 4.687396513181775861e-04 4.549040176286380855e-04 4.416850226963111225e-04 4.290783553231659105e-04 4.170797142833833045e-04 4.056848320664743291e-04 3.948894975321074656e-04 3.846895774749305207e-04 3.750810370984573178e-04 3.660599593977727196e-04 3.576225634513992388e-04 3.497652216231639764e-04 3.424844756753114730e-04 3.357770517944345121e-04 3.296398745320510575e-04 3.240700796618175400e-04 3.190650259554944764e-04 3.146223058798135273e-04 3.107397552163907611e-04 3.074154616067638910e-04 3.046477720245232071e-04 3.024352991763485580e-04 3.007769268335783587e-04 2.996718140957118476e-04 2.991193985869985647e-04 2.991193985869985647e-04
2.700426019013883044e-03 2.700426019013883044e-03 2.702824661054143655e-03 2.707603938499967243e-03 2.714727718558594682e-03 2.724141532617104736e-03 2.735772332426529476e-03 2.749528289277733926e-03 2.765298726682572424e-03 2.782954280839458269e-03 2.802347376350715086e-03 2.823313087413010028e-03 2.845670428462102400e-03 2.869224085734301249e-03 2.893766566113712205e-03 2.919080706122773212e-03 2.944942455910357949e-03 2.971123833629419828e-03 2.997395936343549925e-03 3.023531894696048026e-03 3.049309668774599982e-03 3.074514599682789083e-03 3.098941652581845788e-03 3.122397309697240789e-03 3.144701093684326102e-03 3.165686721106196044e-03 3.185202901554089021e-03 3.203113809709676966e-03 3.219299265475101656e-03 3.233654661585974241e-03 3.246090679474526643e-03 3.256532833235979696e-03 3.264920879026350121e-03 3.271208123666575519e-03 3.275360662127458928e-03 3.277356569294698988e-03 3.277185067232503586e-03 3.274845685257470312e-03 3.270347426608520049e-03 3.263707952404710892e-03 3.254952790931566094e-03 3.244114578071939474e-03 3.231232332865886445e-03 3.216350770703689001e-03 3.199519655480998100e-03 3.180793191130005387e-03 3.160229452242771520e-03 3.137889852983901870e-03 3.113838653115661662e-03 3.088142499700245042e-03 3.060870002876683524e-03 3.032091344013282917e-03 3.001877914493867369e-03 2.970301983393904780e-03 2.937436392329978701e-03 2.903354275814519145e-03 2.868128805510482705e-03 2.831832956852735339e-03 2.794539296580151027e-03 2.756319789802108827e-03 2.717245625302863385e-03 2.677387057865686457e-03 2.636813266474602804e-03 2.595592227324255638e-03 2.553790600637476180e-03 2.511473630355292447e-03 2.468705055825222341e-03 2.425547034670850078e-03 2.382060076078984772e-03 2.338302983790169123e-03 2.294332808124367393e-03 2.250204806416243684e-03 2.205972411274025307e-03 2.161687206112510549e-03 2.117398907444767268e-03 2.073155353448497603e-03 2.029002498352238618e-03 1.984984412213644262e-03 1.941143285687297378e-03 1.897519439402892616e-03 1.854151337596494009e-03 1.811075605657901317e-03 1.768327051276219475e-03 1.725938688883524872e-03 1.683941767113213660e-03 1.642365799005320905e-03 1.601238594705831075e-03 1.560586296420901371e-03 1.520433415400037356e-03 1.480802870734646741e-03 1.441716029770135797e-03 1.403192749940816633e-03 1.365251421847459143e-03 1.327909013407342458e-03 1.291181114916191983e-03 1.255081984870476527e-03 1.219624596407198900e-03 1.184820684226559149e-03 1.150680791870754144e-03 1.117214319239705472e-03 1.084429570231692196e-03 1.052333800403729104e-03 1.020933264553108497e-03 9.902332641277941574e-04 9.602381943793414842e-04 9.309515911777715156e-04 9.023761774132865168e-04 8.745139089149421650e-04 8.473660198213933377e-04 8.209330673435710768e-04 7.952149758637015124e-04 7.702110803193856119e-04 7.459201688255648159e-04 7.223405244911083401e-04 6.994699663904558121e-04 6.773058896542602080e-04 6.558453046462979410e-04 6.350848751970440209e-04 6.150209558672805948e-04 5.956496282178752513e-04 5.769667360644885942e-04 5.589679196984152472e-04 5.416486490570462161e-04 5.250042558295754365e-04 5.090299644855463684e-04 4.937209222156660384e-04 4.790722277760007890e-04 4.650789592282140658e-04 4.517362005699222154e-04 4.390390672505248195e-04 4.269827305690249391e-04 4.155624409513969950e-04 4.047735501059719870e-04 3.946115320561334786e-04 3.850720030503093833e-04 3.761507403498589555e-04 3.678436998959533897e-04 3.601470328569689964e-04 3.530571010582370193e-04 3.465704912962466700e-04 3.406840285395641103e-04 3.353947880188358748e-04 3.307001062082777563e-04 3.265975907010271856e-04 3.230851289806525211e-04 3.201608960909897651e-04 3.178233612062978460e-04 3.160712931035133738e-04 3.149037645381390729e-04 3.143201555250280631e-04 3.143201555250280631e-04
3.236698271780046911e-03 3.236698271780046911e-03 3.238632860019460130e-03 3.242485490563522341e-03 3.248223017803721774e-03 3.255795610259057827e-03 3.265136672354298619e-03 3.276162829659505157e-03 3.288774042309546442e-03 3.302853913503912830e-03 3.318270254527206503e-03 3.334875954852153240e-03 3.352510186703739226e-03 3.370999949926874965e-03 3.390161937688315925e-03 3.409804679304507397e-03 3.429730896006145339e-03 3.449739990833847105e-03 3.469630586334600253e-03 3.489203023522645820e-03 3.508261741981802320e-03 3.526617472620363538e-03 3.544089189657271492e-03 3.560505785059048852e-03 3.575707445186941582e-03 3.589546724535676130e-03 3.601889324262444198e-03 3.612614593255329080e-03 3.621615776674959059e-03 3.628800041395602825e-03 3.634088309922219994e-03 3.637414934608889684e-03 3.638727242813502832e-03 3.637984981429166157e-03 3.635159686414189597e-03 3.630233999809837856e-03 3.623200953527188663e-03 3.614063236073134823e-03 3.602832455485766982e-03 3.589528409129073318e-03 3.574178368688576534e-03 3.556816386719534404e-03 3.537482629416173040e-03 3.516222738871561861e-03 3.493087226954196944e-03 3.468130902007800307e-03 3.441412328853899003e-03 3.412993322012388992e-03 3.382938471626520220e-03 3.351314701261019074e-03 3.318190856514471269e-03 3.283637323231580231e-03 3.247725674002202058e-03 3.210528341579748680e-03 3.172118317831130151e-03 3.132568876835642360e-03 3.091953320774234147e-03 3.050344747288229533e-03 3.007815837033429602e-03 2.964438660208472756e-03 2.920284500892777763e-03 2.875423698087480832e-03 2.829925502410994814e-03 2.783857947458302610e-03 2.737287734888871251e-03 2.690280132361872953e-03 2.642898883488719545e-03 2.595206129021676231e-03 2.547262338543429625e-03 2.499126251965815351e-03 2.450854830186722025e-03 2.402503214292371885e-03 2.354124692727910598e-03 2.305770675892733663e-03 2.257490677648182377e-03 2.209332303254517467e-03 2.161341243281370960e-03 2.113561273061449232e-03 2.066034257281175977e-03 2.018800159324399008e-03 1.971897055006281013e-03 1.925361150354276988e-03 1.879226803111596006e-03 1.833526547656100627e-03 1.788291123043984736e-03 1.743549503903178569e-03 1.699328933916087643e-03 1.655654961645202164e-03 1.612551478468285220e-03 1.570040758402364975e-03 1.528143499607642402e-03 1.486878867373724999e-03 1.446264538401369768e-03 1.406316746203185083e-03 1.367050327456510121e-03 1.328478769151055254e-03 1.290614256382806952e-03 1.253467720654217804e-03 1.217048888548892104e-03 1.181366330656747959e-03 1.146427510633124536e-03 1.112238834282443245e-03 1.078805698563857756e-03 1.046132540422883709e-03 1.014222885359245072e-03 9.830793956471547794e-04 9.527039181299752071e-04 9.230975315166594633e-04 8.942605931125900947e-04 8.661927849224109258e-04 8.388931590671876506e-04 8.123601824627496972e-04 7.865917807103598629e-04 7.615853811549470756e-04 7.373379550699980410e-04 7.138460589318816954e-04 6.911058747498540584e-04 6.691132494212530084e-04 6.478637330845028654e-04 6.273526164454355705e-04 6.075749670551767621e-04 5.885256645203837140e-04 5.701994346290193728e-04 5.525908823770538493e-04 5.356945238835519613e-04 5.195048171835009400e-04 5.040161918894908765e-04 4.892230777149653240e-04 4.751199318532223822e-04 4.617012652076799440e-04 4.489616674701127092e-04 4.368958310446444744e-04 4.254985738162231725e-04 4.147648607631454140e-04 4.046898244139145910e-04 3.952687841493361188e-04 3.864972643512642634e-04 3.783710113998395275e-04 3.708860095213771892e-04 3.640384954893178290e-04 3.578249721808108110e-04 3.522422209915911898e-04 3.472873131118355558e-04 3.429576196656345765e-04 3.392508207166266914e-04 3.361649131421804294e-04 3.336982173783208040e-04 3.318493830373524332e-04 3.306173933998629881e-04 3.300015687824871063e-04 3.300015687824871063e-04
3.778683504529174210e-03 3.778683504529174210e-03 3.780170573844707661e-03 3.783129671642934937e-03 3.787530707030909403e-03 3.793328535905753692e-03 3.800462992898482727e-03 3.808858998071332214e-03 3.818426784372861132e-03 3.829062293041761260e-03 3.840647779816030311e-03 3.853052665172888597e-03 3.866134647737429902e-03 3.879741082855848837e-03 3.893710609939219670e-03 3.907874994520865383e-03 3.922061135896095715e-03 3.936093180209501718e-03 3.949794672827967347e-03 3.962990683031374951e-03 3.975509838082343442e-03 3.987186211719860596e-03 3.997861022872641404e-03 4.007384112620467759e-03 4.015615179937741946e-03 4.022424768532350745e-03 4.027695007418608669e-03 4.031320116299141020e-03 4.033206693203256199e-03 4.033273806176436785e-03 4.031452913324903159e-03 4.027687636468851862e-03 4.021933413365728904e-03 4.014157052248405223e-03 4.004336210574548950e-03 3.992458817653247137e-03 3.978522458406126387e-03 3.962533733088250548e-03 3.944507605450588844e-03 3.924466749645570164e-03 3.902440904204129615e-03 3.878466239667789639e-03 3.852584744946267042e-03 3.824843636181881126e-03 3.795294790820902091e-03 3.763994208698957095e-03 3.731001501220842457e-03 3.696379409132474932e-03 3.660193348923150309e-03 3.622510987540290221e-03 3.583401844828769823e-03 3.542936922907560272e-03 3.501188361554227659e-03 3.458229118571637915e-03 3.414132674051441677e-03 3.368972757417606958e-03 3.322823096123990200e-03 3.275757184887310557e-03 3.227848074356706298e-03 3.179168178149799611e-03 3.129789097220260496e-03 3.079781460561030471e-03 3.029214781289047472e-03 2.978157327200189625e-03 2.926676004926345807e-03 2.874836256869238525e-03 2.822701970127382883e-03 2.770335396673072933e-03 2.717797084075193950e-03 2.665145816100866413e-03 2.612438562564428114e-03 2.559730437825900179e-03 2.507074667372980858e-03 2.454522561950727485e-03 2.402123498731608461e-03 2.349924909045412059e-03 2.297972272213900415e-03 2.246309115058955572e-03 2.194977016675568344e-03 2.144015618082291928e-03 2.093462636381914974e-03 2.043353883084139590e-03 1.993723286260028031e-03 1.944602916215065974e-03 1.896023014383816773e-03 1.848012025164529320e-03 1.800596630426599606e-03 1.753801786437691156e-03 1.707650762970482810e-03 1.662165184361637672e-03 1.617365072307547485e-03 1.573268890192890384e-03 1.529893588758977820e-03 1.487254652929331832e-03 1.445366149619939063e-03 1.404240776371223562e-03 1.363889910647942110e-03 1.324323659661998283e-03 1.285550910581588100e-03 1.247579380998162235e-03 1.210415669530410122e-03 1.174065306451883579e-03 1.138532804235963241e-03 1.103821707918676209e-03 1.069934645186364219e-03 1.036873376101438843e-03 1.004638842385399255e-03 9.732312161839850673e-04 9.426499482447762588e-04 9.128938154427159715e-04 8.839609675940034422e-04 8.558489735034867894e-04 8.285548661951800450e-04 8.020751872797752050e-04 7.764060304170597058e-04 7.515430838349683972e-04 7.274816718706257406e-04 7.042167955021313118e-04 6.817431718430744464e-04 6.600552725747756795e-04 6.391473612940943173e-04 6.190135297572972378e-04 5.996477330029513324e-04 5.810438233391184001e-04 5.631955831822549330e-04 5.460967567372000675e-04 5.297410805094466798e-04 5.141223126425522498e-04 4.992342610750627029e-04 4.850708105126918905e-04 4.716259482127328176e-04 4.588937885787817408e-04 4.468685965648254844e-04 4.355448098886006850e-04 4.249170600548628001e-04 4.149801921898350248e-04 4.057292836886219282e-04 3.971596616777916156e-04 3.892669192956604114e-04 3.820469307930416899e-04 3.754958654573843559e-04 3.696102003632890909e-04 3.643867319524064720e-04 3.598225864456503268e-04 3.559152290905437865e-04 3.526624722463342744e-04 3.500624823092938999e-04 3.481137854803527908e-04 3.468152723769107860e-04 3.461662014903411412e-04 3.461662014903411412e-04
4.327114977949724633e-03 4.327114977949724633e-03 4.328169372490488741e-03 4.330264626541571564e-03 4.333373690045414645e-03 4.337456048853968564e-03 4.342457827274370623e-03 4.348311970375093316e-03 4.354938538519189349e-03 4.362245147146154474e-03 4.370127581389055514e-03 4.378470607883690191e-03 4.387148995726892001e-03 4.396028745977982252e-03 4.404968515646136458e-03 4.413821209149763544e-03 4.422435699077991410e-03 4.430658629782507907e-03 4.438336252552608358e-03 4.445316240104908549e-03 4.451449430648801026e-03 4.456591457312129335e-03 4.460604226437964691e-03 4.463357217300919708e-03 4.464728585270739264e-03 4.464606059618343552e-03 4.462887635435191895e-03 4.459482066136289877e-03 4.454309168543264461e-03 4.447299956560026545e-03 4.438396622044659540e-03 4.427552382814596392e-03 4.414731218009880845e-03 4.399907510508298605e-03 4.383065614955931021e-03 4.364199368444696657e-03 4.343311559102107366e-03 4.320413365992659301e-03 4.295523781867537604e-03 4.268669028513561413e-03 4.239881972792656356e-03 4.209201549958670706e-03 4.176672199502761730e-03 4.142343317614048497e-03 4.106268729342896565e-03 4.068506182709154609e-03 4.029116866292778952e-03 3.988164951264184382e-03 3.945717158340705626e-03 3.901842349778490010e-03 3.856611146211986335e-03 3.810095567923128118e-03 3.762368699947908537e-03 3.713504380299522626e-03 3.663576910495928204e-03 3.612660787518398760e-03 3.560830456290359301e-03 3.508160081747156971e-03 3.454723339563692524e-03 3.400593224614092448e-03 3.345841876253419656e-03 3.290540419533402160e-03 3.234758821490522646e-03 3.178565761674152085e-03 3.122028516113673716e-03 3.065212853955766228e-03 3.008182946035573100e-03 2.951001284678023747e-03 2.893728614057405543e-03 2.836423870474544685e-03 2.779144131941106797e-03 2.721944576489681092e-03 2.664878448656314222e-03 2.607997033608921555e-03 2.551349638420671428e-03 2.494983580011823823e-03 2.438944179306836921e-03 2.383274761175716971e-03 2.328016659749720593e-03 2.273209228721614992e-03 2.218889856259857653e-03 2.165093984184293836e-03 2.111855131068348171e-03 2.059204918949248102e-03 2.007173103343629344e-03 1.955787606280974707e-03 1.905074552081725044e-03 1.855058305620713123e-03 1.805761512829722609e-03 1.757205143205613782e-03 1.709408534102518007e-03 1.662389436598205516e-03 1.616164062735796821e-03 1.570747133952663356e-03 1.526151930518549263e-03 1.482390341814753681e-03 1.439472917295618604e-03 1.397408917982582467e-03 1.356206368349731784e-03 1.315872108468085690e-03 1.276411846283843216e-03 1.237830209913450214e-03 1.200130799845712005e-03 1.163316240948186926e-03 1.127388234181860970e-03 1.092347607934540188e-03 1.058194368889588078e-03 1.024927752352536086e-03 9.925462719637440263e-04 9.610477687306723553e-04 9.304294593184605231e-04 9.006879835424116357e-04 8.718194510106207998e-04 8.438194868694194476e-04 8.166832766084989237e-04 7.904056098865414352e-04 7.649809233419602476e-04 7.404033423568707637e-04 7.166667217457765599e-04 6.937646853435784720e-04 6.716906644704550731e-04 6.504379352539271667e-04 6.299996547909639732e-04 6.103688961353919340e-04 5.915386820980624537e-04 5.735020178492819878e-04 5.562519223148749839e-04 5.397814583589688638e-04 5.240837617481480153e-04 5.091520688930314910e-04 4.949797433645975169e-04 4.815603011837075488e-04 4.688874348832737320e-04 4.569550363433861370e-04 4.457572184004587640e-04 4.352883352320869193e-04 4.255430015198281694e-04 4.165161103925351955e-04 4.082028501531854048e-04 4.005987197923811913e-04 3.936995432918279883e-04 3.875014827211598132e-04 3.820010501314609168e-04 3.771951182487520270e-04 3.730809299705563722e-04 3.696561066684600342e-04 3.669186552993268860e-04 3.648669743275274446e-04 3.634998584602090982e-04 3.628165021972645310e-04 3.628165021972645310e-04
4.882710713335600833e-03 4.882710713335600833e-03 4.883345597842925212e-03 4.884603309876243971e-03 4.886459773810927776e-03 4.888878979798964332e-03 4.891813128884878528e-03 4.895202858632487566e-03 4.898977571964990667e-03 4.903055892072924124e-03 4.907346263512782705e-03 4.911747714161337867e-03 4.916150784967600676e-03 4.920438625179286880e-03 4.924488240818645710e-03 4.928171874620802285e-03 4.931358487350959337e-03 4.933915304141453864e-03 4.935709385736035057e-03 4.936609183495505038e-03 4.936486038607098767e-03 4.935215589797543878e-03 4.932679059446921921e-03 4.928764394717557659e-03 4.923367247522847379e-03 4.916391784301483991e-03 4.907751323176874278e-03 4.897368801844744282e-03 4.885177084251017716e-03 4.871119117723792663e-03 4.855147954730375248e-03 4.837226654935925831e-03 4.817328083881163361e-03 4.795434624531269042e-03 4.771537817338109694e-03 4.745637943455843430e-03 4.717743564490511562e-03 4.687871030760822413e-03 4.656043968590592615e-03 4.622292755712047695e-03 4.586653992482949554e-03 4.549169975342108770e-03 4.509888177766793564e-03 4.468860742960913124e-03 4.426143991595830190e-03 4.381797947142166555e-03 4.335885880663069639e-03 4.288473876377210496e-03 4.239630418832301614e-03 4.189426002145749291e-03 4.137932761457440052e-03 4.085224126490163109e-03 4.031374496916367324e-03 3.976458939077591286e-03 3.920552903487252785e-03 3.863731962462317333e-03 3.806071567169082813e-03 3.747646823328006343e-03 3.688532284798487319e-03 3.628801764253200297e-03 3.568528160150388675e-03 3.507783299219076594e-03 3.446637793684687208e-03 3.385160912479508091e-03 3.323420465702583808e-03 3.261482701616096828e-03 3.199412215489195934e-03 3.137271869625028742e-03 3.075122723932052337e-03 3.013023976425887283e-03 2.951032913073197046e-03 2.889204866413681936e-03 2.827593182420448312e-03 2.766249195082510614e-03 2.705222208215877014e-03 2.644559484031779387e-03 2.584306238011676530e-03 2.524505639659226433e-03 2.465198818718937306e-03 2.406424876470190152e-03 2.348220901723363334e-03 2.290621991162263872e-03 2.233661273693740481e-03 2.177369938481416023e-03 2.121777266355876629e-03 2.066910664308463635e-03 2.012795702790009297e-03 1.959456155549536404e-03 1.906914041761047099e-03 1.855189670199175597e-03 1.804301685236585264e-03 1.754267114447676922e-03 1.705101417614404962e-03 1.656818536940783942e-03 1.609430948293076461e-03 1.562949713292627113e-03 1.517384532097936986e-03 1.472743796721821211e-03 1.429034644738360607e-03 1.386263013242944493e-03 1.344433692936877279e-03 1.303550382215936309e-03 1.263615741149832746e-03 1.224631445246801564e-03 1.186598238904514090e-03 1.149515988455179294e-03 1.113383734719113364e-03 1.078199744987155470e-03 1.043961564358164085e-03 1.010666066363418358e-03 9.783095028150533886e-04 9.468875528207551994e-04 9.163953709117415034e-04 8.868276342356592968e-04 8.581785887703594204e-04 8.304420945186336174e-04 8.036116696478910401e-04 7.776805335424206338e-04 7.526416487393350037e-04 7.284877617225511302e-04 7.052114425521921253e-04 6.828051233096471941e-04 6.612611353411676452e-04 6.405717452853459601e-04 6.207291898720962214e-04 6.017257094828571242e-04 5.835535804636672597e-04 5.662051461845212658e-04 5.496728468400183211e-04 5.339492479877581835e-04 5.190270678222336448e-04 5.048992031831202364e-04 4.915587542978767759e-04 4.789990482594488181e-04 4.672136612406230347e-04 4.561964394472095455e-04 4.459415188127501309e-04 4.364433434378605704e-04 4.276966827776177349e-04 4.196966475806181997e-04 4.124387045834523435e-04 4.059186899643754676e-04 4.001328215599169228e-04 3.950777098480554158e-04 3.907503677014120000e-04 3.871482189136766562e-04 3.842691055021957010e-04 3.821112937893160911e-04 3.806734792647073940e-04 3.799547902304792530e-04 3.799547902304792530e-04
5.446175219810223123e-03 5.446175219810223123e-03 5.446402118582797588e-03 5.446845291841004126e-03 5.447483539979740101e-03 5.448285191447708141e-03 5.449208270750556179e-03 5.450200744884199991e-03 5.451200863881226766e-03 5.452137611050044026e-03 5.452931276298782735e-03 5.453494161786640211e-03 5.453731423371932854e-03 5.453542044449465401e-03 5.452819931435611174e-03 5.451455113063393733e-03 5.449335019452392417e-03 5.446345812166494653e-03 5.442373733540296563e-03 5.437306442608981841e-03 5.431034305976449421e-03 5.423451614679917349e-03 5.414457702200147111e-03 5.403957943792443534e-03 5.391864622823378493e-03 5.378097655371136786e-03 5.362585169628956289e-03 5.345263941373430000e-03 5.326079690747500921e-03 5.304987248774059236e-03 5.281950604347533489e-03 5.256942843992281136e-03 5.229945997512764830e-03 5.200950802898817067e-03 5.169956403607020058e-03 5.136969990731498487e-03 5.102006401710885986e-03 5.065087686185974596e-03 5.026242648502031798e-03 4.985506375202914536e-03 4.942919754737614031e-03 4.898528995527383703e-03 4.852385147545501716e-03 4.804543631655097680e-03 4.755063780139593028e-03 4.704008391145703474e-03 4.651443299137712761e-03 4.597436962928178050e-03 4.542060072397165194e-03 4.485385174631732405e-03 4.427486319901317684e-03 4.368438727625079641e-03 4.308318472276496773e-03 4.247202189001514361e-03 4.185166798593134910e-03 4.122289251361741652e-03 4.058646289361853010e-03 3.994314226378014969e-03 3.929368745031575419e-03 3.863884710342920924e-03 3.797935999067849396e-03 3.731595344119759041e-03 3.664934193389490086e-03 3.598022582280505696e-03 3.530929019287059722e-03 3.463720383956556213e-03 3.396461836593059943e-03 3.329216739076668648e-03 3.262046586192347917e-03 3.195010946881533982e-03 3.128167414850074272e-03 3.061571567986408251e-03 2.995276936064374292e-03 2.929334976225206593e-03 2.863795055753261525e-03 2.798704441679621645e-03 2.734108296766818436e-03 2.670049681446642030e-03 2.606569561301096735e-03 2.543706819694240614e-03 2.481498275179713168e-03 2.419978703325301791e-03 2.359180862611944766e-03 2.299135524080046615e-03 2.239871504410969206e-03 2.181415702146040445e-03 2.123793136759416847e-03 2.067026990314654086e-03 2.011138651447873498e-03 1.956147761433039110e-03 1.902072262097018445e-03 1.848928445363847047e-03 1.796731004218960663e-03 1.745493084895083239e-03 1.695226340092039364e-03 1.645940983052918832e-03 1.597645842328821461e-03 1.550348417073914471e-03 1.504054932721580638e-03 1.458770396901255643e-03 1.414498655463974691e-03 1.371242448492758503e-03 1.329003466181784623e-03 1.287782404475773307e-03 1.247579020368212504e-03 1.208392186763934369e-03 1.170219946818174548e-03 1.133059567670550169e-03 1.096907593498449435e-03 1.061759897820094322e-03 1.027611734983036994e-03 9.944577907791064993e-04 9.622922321318004438e-04 9.311087558068621272e-04 9.009006361012758708e-04 8.716607714701645653e-04 8.433817300551000673e-04 8.160557940811244155e-04 7.896750030933489184e-04 7.642311960073497638e-04 7.397160519507153939e-04 7.161211298760326817e-04 6.934379069283251725e-04 6.716578155524944443e-04 6.507722793286516627e-04 6.307727475253864643e-04 6.116507283630025476e-04 5.933978209805471733e-04 5.760057461021003342e-04 5.594663753992688534e-04 5.437717595481467853e-04 5.289141549801699852e-04 5.148860493273254169e-04 5.016801855630559229e-04 4.892895848409652181e-04 4.777075680340518282e-04 4.669277759777148203e-04 4.569441884201767942e-04 4.477511416842564255e-04 4.393433450446173607e-04 4.317158958247237503e-04 4.248642932177348723e-04 4.187844508355121590e-04 4.134727079897656784e-04 4.089258397091534805e-04 4.051410654958824019e-04 4.021160568250319273e-04 3.998489433894482771e-04 3.983383180926471459e-04 3.975832407917127592e-04 3.975832407917127592e-04
6.018201163396624288e-03 6.018201163396624288e-03 6.018030016097411332e-03 6.017678474605017008e-03 6.017128099339105578e-03 6.016351370216399715e-03 6.015311863877864824e-03 6.013964505435498258e-03 6.012255905394692582e-03 6.010124792146877976e-03 6.007502548659521963e-03 6.004313858809669918e-03 6.000477464460449856e-03 5.995907029242163351e-03 5.990512099534477802e-03 5.984199147852076878e-03 5.976872679187861595e-03 5.968436377264244724e-03 5.958794265363779458e-03 5.947851855592412550e-03 5.935517261063125508e-03 5.921702247434688232e-03 5.906323203259573017e-03 5.889302012383797885e-03 5.870566815873774595e-03 5.850052655308024541e-03 5.827701993490775993e-03 5.803465112503459512e-03 5.777300392356403413e-03 5.749174476248118323e-03 5.719062330551511093e-03 5.686947209140003415e-03 5.652820532590406913e-03 5.616681693224789308e-03 5.578537796963252936e-03 5.538403352639381140e-03 5.496299918863037370e-03 5.452255717775763774e-03 5.406305224197618942e-03 5.358488737764215831e-03 5.308851944741916490e-03 5.257445475319685868e-03 5.204324461331085068e-03 5.149548098574965350e-03 5.093179217187358138e-03 5.035283862874104406e-03 4.975930891244536441e-03 4.915191576988386934e-03 4.853139239207376367e-03 4.789848883844104871e-03 4.725396863838409421e-03 4.659860557379017984e-03 4.593318064400470080e-03 4.525847921296026824e-03 4.457528833671530778e-03 4.388439426848162773e-03 4.318658013729340973e-03 4.248262379575005153e-03 4.177329583171724911e-03 4.105935773846751229e-03 4.034156023745631009e-03 3.962064174774421882e-03 3.889732699596842608e-03 3.817232576072609584e-03 3.744633174524219978e-03 3.672002157224725158e-03 3.599405389507532530e-03 3.526906861910355379e-03 3.454568622778470596e-03 3.382450720766962994e-03 3.310611156697205754e-03 3.239105844239194114e-03 3.167988578908194439e-03 3.097311014881238764e-03 3.027122649156356420e-03 2.957470812594570429e-03 2.888400667401874820e-03 2.819955210625357724e-03 2.752175283254282376e-03 2.685099584533380285e-03 2.618764691111638825e-03 2.553205080665581217e-03 2.488453159651367926e-03 2.424539294854983606e-03 2.361491848424331075e-03 2.299337216081194426e-03 2.238099868224812695e-03 2.177802393652128205e-03 2.118465545632773703e-03 2.060108290089416195e-03 2.002747855646274354e-03 1.946399785320445741e-03 1.891077989642088670e-03 1.836794801000621617e-03 1.783561029024756254e-03 1.731386016814575029e-03 1.680277697853832649e-03 1.630242653440350936e-03 1.581286170481652773e-03 1.533412299512002495e-03 1.486623912795661823e-03 1.440922762389504255e-03 1.396309538046155464e-03 1.352783924846538526e-03 1.310344660458099631e-03 1.268989591922096505e-03 1.228715731880148732e-03 1.189519314156745316e-03 1.151395848620667380e-03 1.114340175254215992e-03 1.078346517364825018e-03 1.043408533879052304e-03 1.009519370664085317e-03 9.766717108267827709e-04 9.448578239449235841e-04 9.140696141897062480e-04 8.842986673026922116e-04 8.555362963943014118e-04 8.277735865346290975e-04 8.010014381108195112e-04 7.752106089284440445e-04 7.503917550373554379e-04 7.265354702652921434e-04 7.036323244451010359e-04 6.816729003238560783e-04 6.606478291443547294e-04 6.405478248915001498e-04 6.213637171979217045e-04 6.030864829048532228e-04 5.857072762757896617e-04 5.692174578617860371e-04 5.536086220184425338e-04 5.388726230756546833e-04 5.250016001621015315e-04 5.119880006871973741e-04 4.998246024838591929e-04 4.885045346159412084e-04 4.780212968545769132e-04 4.683687778279363770e-04 4.595412718490839848e-04 4.515334944266912137e-04 4.443405964633411658e-04 4.379581771460660557e-04 4.323822955335781138e-04 4.276094808444076039e-04 4.236367414498553642e-04 4.204615725752983840e-04 4.180819627129741698e-04 4.164963987489138028e-04 4.157038698061982186e-04 4.157038698061982186e-04
6.599470961870761501e-03 6.599470961870761501e-03 6.598910188575497597e-03 6.597780712576043448e-03 6.596066730775940884e-03 6.593744680405843987e-03 6.590783416133687636e-03 6.587144456654361532e-03 6.582782307832665304e-03 6.577644869119233725e-03 6.571673928516597908e-03 6.564805748912027825e-03 6.556971745295816362e-03 6.548099248519080248e-03 6.538112347148568142e-03 6.526932795005717554e-03 6.514480968478127132e-03 6.500676854954636971e-03 6.485441051971186678e-03 6.468695755973429690e-03 6.450365720011355664e-03 6.430379161093154397e-03 6.408668600177713261e-03 6.385171620664269361e-03 6.359831534508188396e-03 6.332597948520280254e-03 6.303427226782859320e-03 6.272282848265632767e-03 6.239135661519427598e-03 6.203964040682794119e-03 6.166753948915595050e-03 6.127498916771253849e-03 6.086199943960475360e-03 6.042865333488816985e-03 5.997510467326291547e-03 5.950157532651838624e-03 5.900835207372312138e-03 5.849578313104057681e-03 5.796427443178392251e-03 5.741428572536175397e-03 5.684632655648636304e-03 5.626095217871612472e-03 5.565875944930784303e-03 5.504038274562573357e-03 5.440648993709684168e-03 5.375777844098336353e-03 5.309497138508798009e-03 5.241881389592082871e-03 5.173006952682150140e-03 5.102951683701425871e-03 5.031794612954276769e-03 4.959615635343937734e-03 4.886495217328889508e-03 4.812514120750341524e-03 4.737753143509128122e-03 4.662292876944068749e-03 4.586213479660854880e-03 4.509594467477737526e-03 4.432514519088608280e-03 4.355051296992918514e-03 4.277281283203085080e-03 4.199279629211470459e-03 4.121120019679098447e-03 4.042874549295494627e-03 3.964613612252121909e-03 3.886405803769866964e-03 3.808317833122878710e-03 3.730414447606192167e-03 3.652758366902209442e-03 3.575410227310820560e-03 3.498428535319233427e-03 3.421869630000163708e-03 3.345787653740503811e-03 3.270234530816799271e-03 3.195259953348528366e-03 3.120911374175229080e-03 3.047234006218676843e-03 2.974270827906643627e-03 2.902062594250038024e-03 2.830647853180412107e-03 2.760062966769894367e-03 2.690342136970490586e-03 2.621517435524309183e-03 2.553618837710720790e-03 2.486674259610530471e-03 2.420709598581108780e-03 2.355748776649919246e-03 2.291813786547099770e-03 2.228924740110637022e-03 2.167099918810179004e-03 2.106355826147787193e-03 2.046707241705769589e-03 1.988167276623270183e-03 1.930747430294495149e-03 1.874457648092299174e-03 1.819306379931377726e-03 1.765300639495492614e-03 1.712446063963000325e-03 1.660746974074493428e-03 1.610206434395530274e-03 1.560826313636316971e-03 1.512607344898747814e-03 1.465549185729434888e-03 1.419650477865296327e-03 1.374908906565857312e-03 1.331321259433741961e-03 1.288883484631837698e-03 1.247590748412308066e-03 1.207437491879070684e-03 1.168417486911470932e-03 1.130523891182737663e-03 1.093749302212378149e-03 1.058085810396975496e-03 1.023525050968872091e-03 9.900582548370100416e-04 9.576762982687016994e-04 9.263697513753711222e-04 8.961289253693313422e-04 8.669439185624248098e-04 8.388046610809188081e-04 8.117009582743360194e-04 7.856225327990178304e-04 7.605590653600670294e-04 7.365002340979994074e-04 7.134357526088759387e-04 6.913554065889519025e-04 6.702490890969419954e-04 6.501068344288799547e-04 6.309188506022447331e-04 6.126755504475501959e-04 5.953675813069532778e-04 5.789858533406232752e-04 5.635215664426594748e-04 5.489662357692330370e-04 5.353117158823796464e-04 5.225502235134821261e-04 5.106743589509738944e-04 4.996771260571534513e-04 4.895519509192596376e-04 4.802926991400943983e-04 4.718936917735278144e-04 4.643497199101706161e-04 4.576560579183625672e-04 4.518084753454106517e-04 4.468032474837231420e-04 4.426371646061372169e-04 4.393075398743191869e-04 4.368122159236680156e-04 4.351495701276365249e-04 4.343185185438534161e-04 4.343185185438534161e-04
7.190658296897661783e-03 7.190658296897661783e-03 7.189714867101475518e-03 7.187821334743891948e-03 7.184964409000208115e-03 7.181124292115324652e-03 7.176274850143435531e-03 7.170383847484078366e-03 7.163413249752432696e-03 7.155319599118547570e-03 7.146054465061573227e-03 7.135564971563540179e-03 7.123794399244673045e-03 7.110682858015480827e-03 7.096168022731485017e-03 7.080185921344727198e-03 7.062671762402440191e-03 7.043560786662262166e-03 7.022789126233053292e-03 7.000294654098787941e-03 6.976017807154785005e-03 6.949902366926300964e-03 6.921896183838580942e-03 6.891951833114402445e-03 6.860027192918705628e-03 6.826085938076210426e-03 6.790097945395585748e-03 6.752039609204938710e-03 6.711894068031305782e-03 6.669651345367032247e-03 6.625308409116619814e-03 6.578869155594783795e-03 6.530344324860132277e-03 6.479751354745621507e-03 6.427114181225801991e-03 6.372462992787216764e-03 6.315833946289370511e-03 6.257268851466372094e-03 6.196814830766351687e-03 6.134523960695341220e-03 6.070452900257237300e-03 6.004662511487799184e-03 5.937217476490096353e-03 5.868185914806813355e-03 5.797639004422969200e-03 5.725650609188345265e-03 5.652296914986973571e-03 5.577656076563058257e-03 5.501807876539123454e-03 5.424833397831598826e-03 5.346814710379388207e-03 5.267834572849182037e-03 5.187976149764512816e-03 5.107322744320273895e-03 5.025957546987341006e-03 4.943963399880031868e-03 4.861422576749103996e-03 4.778416578372390519e-03 4.695025943041052606e-03 4.611330071779893951e-03 4.527407067892843043e-03 4.443333590388068126e-03 4.359184720809350898e-03 4.275033842980198798e-03 4.190952535153397683e-03 4.107010474050210025e-03 4.023275350269494600e-03 3.939812794546744372e-03 3.856686314345852094e-03 3.773957240271733158e-03 3.691684681799358488e-03 3.609925491823787365e-03 3.528734239546195764e-03 3.448163191222381428e-03 3.368262298312474021e-03 3.289079192583586973e-03 3.210659187730434752e-03 3.133045287092777170e-03 3.056278197062414943e-03 2.980396345786574027e-03 2.905435906788614298e-03 2.831430827141081987e-03 2.758412859840127501e-03 2.686411600044203221e-03 2.615454524853651555e-03 2.545567036321335144e-03 2.476772507397733119e-03 2.409092330527004468e-03 2.342545968623293250e-03 2.277151008169074620e-03 2.212923214189563975e-03 2.149876586869134670e-03 2.088023419587344519e-03 2.027374358163433563e-03 1.967938461109204878e-03 1.909723260700851855e-03 1.852734824690667297e-03 1.796977818489603734e-03 1.742455567661371427e-03 1.689170120578164895e-03 1.637122311097172732e-03 1.586311821125783224e-03 1.536737242951841846e-03 1.488396141223443216e-03 1.441285114470534662e-03 1.395399856068128787e-03 1.350735214548112826e-03 1.307285253173534915e-03 1.265043308695839273e-03 1.224002049221844341e-03 1.184153531123240512e-03 1.145489254927137312e-03 1.108000220131627814e-03 1.071676978895503207e-03 1.036509688556166856e-03 1.002488162934415906e-03 9.696019223891546961e-04 9.378402425892082761e-04 9.071922019732922820e-04 8.776467278728207651e-04 8.491926412756239896e-04 8.218187002118221025e-04 7.955136417460249984e-04 7.702662225627638195e-04 7.460652581345480995e-04 7.228996604642599346e-04 7.007584743956859303e-04 6.796309124878982533e-04 6.595063884509162061e-04 6.403745491416220183e-04 6.222253051202619690e-04 6.050488597690777213e-04 5.888357369756341744e-04 5.735768073843142568e-04 5.592633132201776068e-04 5.458868916899852885e-04 5.334395969656629101e-04 5.219139207558146261e-04 5.113028114711266675e-04 5.015996919896131053e-04 4.927984760276663077e-04 4.848935831227911227e-04 4.778799522337213003e-04 4.717530539633675688e-04 4.665089014097061819e-04 4.621440596493262215e-04 4.586556538578901734e-04 4.560413760712527182e-04 4.542994905904307150e-04 4.534288380330171904e-04 4.534288380330171904e-04
7.792429540192335330e-03 7.792429540192335330e-03 7.791109042158387947e-03 7.788462570672868672e-03 7.784479226913594216e-03 7.779142793792019270e-03 7.772431896260734684e-03 7.764320219425345851e-03 7.754776787219139385e-03 7.743766303976534933e-03 7.731249560252950737e-03 7.717183902723741967e-03 7.701523766049551967e-03 7.684221262363227258e-03 7.665226821690113330e-03 7.644489874348165889e-03 7.621959564370366612e-03 7.597585481407832450e-03 7.571318397526875625e-03 7.543110994876690151e-03 7.512918570393099446e-03 7.480699704484820682e-03 7.446416881945972822e-03 7.410037055045715776e-03 7.371532140737773950e-03 7.330879446079727191e-03 7.288062018130223550e-03 7.243068916693500697e-03 7.195895410216568942e-03 7.146543096851002905e-03 7.095019954127974697e-03 7.041340321843181545e-03 6.985524823607700169e-03 6.927600233106320608e-03 6.867599291441732132e-03 6.805560482063265602e-03 6.741527769717766717e-03 6.675550309653777159e-03 6.607682132992610119e-03 6.537981813782551763e-03 6.466512122803094731e-03 6.393339672707762378e-03 6.318534558606114272e-03 6.242169997702978930e-03 6.164321971146850820e-03 6.085068870798359536e-03 6.004491153218812459e-03 5.922671002801308676e-03 5.839692005624454521e-03 5.755638835301060512e-03 5.670596951820620554e-03 5.584652314143160982e-03 5.497891107091140185e-03 5.410399482903088808e-03 5.322263317655027970e-03 5.233567982621073651e-03 5.144398130530395200e-03 5.054837496581608691e-03 4.964968713995626670e-03 4.874873143821888480e-03 4.784630718658956783e-03 4.694319799907190581e-03 4.604017048136925180e-03 4.513797306129247768e-03 4.423733494126734327e-03 4.333896516817634104e-03 4.244355181567821544e-03 4.155176127409939378e-03 4.066423764297615213e-03 3.978160222134107665e-03 3.890445309088586510e-03 3.803336478719175889e-03 3.716888805429485482e-03 3.631154967794302749e-03 3.546185239300271748e-03 3.462027486058334973e-03 3.378727171056484721e-03 3.296327364533636721e-03 3.214868760068160386e-03 3.134389695987601331e-03 3.054926181719392481e-03 2.976511928715668866e-03 2.899178385598748763e-03 2.822954777187199494e-03 2.747868147075780473e-03 2.673943403455784212e-03 2.601203367875391890e-03 2.529668826652574191e-03 2.459358584665800613e-03 2.390289521260315596e-03 2.322476648019993969e-03 2.255933168166775974e-03 2.190670537361428388e-03 2.126698525690785390e-03 2.064025280637800473e-03 2.002657390841558905e-03 1.942599950464955804e-03 1.883856623997966087e-03 1.826429711334349353e-03 1.770320212969219440e-03 1.715527895174197249e-03 1.662051355015822839e-03 1.609888085091532419e-03 1.559034537865853793e-03 1.509486189497457644e-03 1.461237603055399016e-03 1.414282491030292811e-03 1.368613777053201593e-03 1.324223656741814166e-03 1.281103657599947602e-03 1.239244697902569959e-03 1.198637144504442493e-03 1.159270869516035784e-03 1.121135305795704831e-03 1.084219501212124737e-03 1.048512171635736148e-03 1.014001752622443152e-03 9.806764497570276146e-04 9.485242876276931074e-04 9.175331574068926405e-04 8.876908630170359882e-04 8.589851658629214229e-04 8.314038281157231118e-04 8.049346545361419627e-04 7.795655328268783976e-04 7.552844725069174370e-04 7.320796423022587519e-04 7.099394060496441380e-04 6.888523571115766353e-04 6.688073513024861199e-04 6.497935383272509038e-04 6.318003917345017860e-04 6.148177373881577286e-04 5.988357804615272555e-04 5.838451309590277387e-04 5.698368277711619422e-04 5.568023612688330045e-04 5.447336944433969286e-04 5.336232825990419289e-04 5.234640916041711492e-04 5.142496147084273236e-04 5.059738879318815066e-04 4.986315040326819419e-04 4.922176250591601184e-04 4.867279934920074155e-04 4.821589419816917055e-04 4.785074016857654650e-04 4.757709092101599399e-04 4.739476121579423999e-04 4.730362732883661419e-04 4.730362732883661419e-04
8.405445094022417560e-03 8.405445094022417560e-03 8.403751802049568356e-03 8.400360883910940046e-03 8.395263719467594907e-03 8.388447499814920619e-03 8.379895374639378600e-03 8.369586651304258829e-03 8.357497047189228409e-03 8.343598996387145347e-03 8.327862011033528369e-03 8.310253096338177103e-03 8.290737216876250745e-03 8.269277809981746830e-03 8.245837340298538265e-03 8.220377887820881982e-03 8.192861760231644197e-03 8.163252119139725177e-03 8.131513609018186511e-03 8.097612977305969351e-03 8.061519674275412911e-03 8.023206421865231724e-03 7.982649741681476299e-03 7.939830433702140325e-03 7.894733998792178437e-03 7.847350999848278288e-03 7.797677358151632737e-03 7.745714583226765391e-03 7.691469936114111831e-03 7.634956527408197878e-03 7.576193352655431930e-03 7.515205268724908273e-03 7.452022915556538556e-03 7.386682588259992251e-03 7.319226064900949055e-03 7.249700395490170542e-03 7.178157657711756699e-03 7.104654684816945516e-03 7.029252770896184284e-03 6.952017358450067810e-03 6.873017712832656112e-03 6.792326587758252231e-03 6.710019885662129799e-03 6.626176316300911792e-03 6.540877056579747460e-03 6.454205414209758691e-03 6.366246497436105212e-03 6.277086892738469384e-03 6.186814352093937021e-03 6.095517491108489762e-03 6.003285499067319286e-03 5.910207861725469414e-03 5.816374097457630531e-03 5.721873507207462378e-03 5.626794938521236487e-03 5.531226563815502296e-03 5.435255672912241501e-03 5.338968479775727319e-03 5.242449943301105350e-03 5.145783601933848379e-03 5.049051421840395661e-03 4.952333658301714091e-03 4.855708729962123112e-03 4.759253105534272041e-03 4.663041202536551480e-03 4.567145297620669314e-03 4.471635448033616997e-03 4.376579423749294567e-03 4.282042649799734646e-03 4.188088158333997356e-03 4.094776549933472516e-03 4.002165963715515612e-03 3.910312055762382548e-03 3.819267985419194916e-03 3.729084409012802491e-03 3.639809480552678306e-03 3.551488858985203060e-03 3.464165721583693791e-03 3.377880783068108392e-03 3.292672320060431677e-03 3.208576200494218759e-03 3.125625917609392915e-03 3.043852628176356954e-03 2.963285194606379586e-03 2.883950230618267246e-03 2.805872150144317172e-03 2.729073219171468997e-03 2.653573610226394371e-03 2.579391459225941451e-03 2.506542924426840256e-03 2.435042247220887534e-03 2.364901814533892140e-03 2.296132222598504073e-03 2.228742341882601792e-03 2.162739382966247150e-03 2.098128963171186356e-03 2.034915173757630667e-03 1.973100647513446708e-03 1.912686626571009733e-03 1.853673030296752429e-03 1.796058523107936858e-03 1.739840582080336932e-03 1.685015564219342465e-03 1.631578773275546308e-03 1.579524525994051168e-03 1.528846217694624417e-03 1.479536387087396687e-03 1.431586780236045360e-03 1.384988413587336879e-03 1.339731635992544041e-03 1.295806189652554336e-03 1.253201269924534124e-03 1.211905583933712031e-03 1.171907407939294784e-03 1.133194643408663715e-03 1.095754871758870602e-03 1.059575407729023821e-03 1.024643351351493684e-03 9.909456384938871223e-04 9.584690899475591542e-04 9.272004590419470182e-04 8.971264777673166376e-04 8.682339013915515080e-04 8.405095515594386644e-04 8.139403578654958935e-04 7.885133978937494334e-04 7.642159357200309193e-04 7.410354588743157380e-04 7.189597137623674871e-04 6.979767395475194695e-04 6.780749004947936136e-04 6.592429167807558991e-04 6.414698937735243550e-04 6.247453497882199912e-04 6.090592423238464382e-04 5.944019927881474168e-04 5.807645097174070608e-04 5.681382104984413102e-04 5.565150416001906795e-04 5.458874973223578828e-04 5.362486370684748163e-04 5.275921011506008208e-04 5.199121251325955614e-04 5.132035527185514279e-04 5.074618471925398206e-04 5.026831014153220747e-04 4.988640463831054859e-04 4.960020583528063640e-04 4.940951645376086407e-04 4.931420473758956488e-04 4.931420473758956488e-04
9.030360648752037631e-03 9.030360648752037631e-03 9.028297586786944787e-03 9.024168217965979413e-03 9.017966096337880905e-03 9.009681662942711430e-03 8.999302378773782127e-03 8.986812903457644039e-03 8.972195320336447122e-03 8.955429408230389590e-03 8.936492959459746768e-03 8.915362142738162896e-03 8.892011908363821673e-03 8.866416431809845053e-03 8.838549590443610035e-03 8.808385466788191606e-03 8.775898870577546543e-03 8.741065870937272941e-03 8.703864329413108294e-03 8.664274424311885561e-03 8.622279156930087035e-03 8.577864830710935085e-03 8.531021495156715720e-03 8.481743347373628047e-03 8.430029085375229797e-03 8.375882208644000806e-03 8.319311262876532415e-03 8.260330027248562537e-03 8.198957643874744960e-03 8.135218690357765361e-03 8.069143197390120717e-03 8.000766614268697841e-03 7.930129725898734522e-03 7.857278525401068664e-03 7.782264046803846931e-03 7.705142162511851092e-03 7.625973350321999140e-03 7.544822434713088950e-03 7.461758307002274923e-03 7.376853628750942860e-03 7.290184522537433362e-03 7.201830253910340880e-03 7.111872908009160901e-03 7.020397064000620177e-03 6.927489470139850877e-03 6.833238721933133225e-03 6.737734945559471431e-03 6.641069488406130088e-03 6.543334618291049044e-03 6.444623232684885267e-03 6.345028579007680296e-03 6.244643986860016691e-03 6.143562612855520653e-03 6.041877198549638721e-03 5.939679841807525389e-03 5.837061781820515605e-03 5.734113197864178051e-03 5.630923021790248777e-03 5.527578764157999036e-03 5.424166353836732714e-03 5.320769990848519919e-03 5.217472012167882929e-03 5.114352770151651614e-03 5.011490523236782416e-03 4.908961338515299873e-03 4.806839005773166050e-03 4.705194962562699035e-03 4.604098229865798315e-03 4.503615357896734693e-03 4.403810381588414702e-03 4.304744785304018100e-03 4.206477476316711900e-03 4.109064766602932989e-03 4.012560362499585122e-03 3.917015361781881616e-03 3.822478257726325337e-03 3.728994949732189392e-03 3.636608760084749422e-03 3.545360456454067690e-03 3.455288279734427832e-03 3.366427976841215950e-03 3.278812838094185503e-03 3.192473738828480526e-03 3.107439184887333342e-03 3.023735361663181225e-03 2.941386186366670621e-03 2.860413363215847608e-03 2.780836441250586922e-03 2.702672874489948918e-03 2.625938084162694579e-03 2.550645522753542099e-03 2.476806739619938878e-03 2.404431447946040780e-03 2.333527592812349727e-03 2.264101420170876525e-03 2.196157546526931147e-03 2.129699029139505567e-03 2.064727436562857621e-03 2.001242919362189541e-03 1.939244280846324402e-03 1.878729047669970391e-03 1.819693540167502573e-03 1.762132942289257060e-03 1.706041371020034295e-03 1.651411945167901392e-03 1.598236853419447365e-03 1.546507421565393404e-03 1.496214178807873940e-03 1.447346923067800760e-03 1.399894785217528203e-03 1.353846292170466118e-03 1.309189428765495213e-03 1.265911698389848763e-03 1.224000182289715702e-03 1.183441597523047671e-03 1.144222353514043637e-03 1.106328607173447109e-03 1.069746316553208234e-03 1.034461293008183879e-03 1.000459251841412725e-03 9.677258614131031833e-04 9.362467906968179781e-04 9.060077552694355491e-04 8.769945617243302171e-04 8.491931504998324713e-04 8.225896371174288907e-04 7.971703518263352495e-04 7.729218776530448389e-04 7.498310868562056697e-04 7.278851757887425588e-04 7.070716981705154128e-04 6.873785967759775840e-04 6.687942335423219904e-04 6.513074181044378481e-04 6.349074347636840228e-04 6.195840678980161576e-04 6.053276258213862631e-04 5.921289631005854275e-04 5.799795013378138174e-04 5.688712484272643102e-04 5.587968162938849927e-04 5.497494371222685959e-04 5.417229780832951433e-04 5.347119545657465396e-04 5.287115419196229595e-04 5.237175857173273280e-04 5.197266105382563218e-04 5.167358272816507817e-04 5.147431390118256114e-04 5.137471453391219758e-04 5.137471453391219758e-04
9.667828361663093409e-03 9.667828361663093409e-03 9.665397362280449614e-03 9.660533160811040493e-03 9.653231390902610592e-03 9.643485600856590428e-03 9.631287371487818466e-03 9.616626473848519097e-03 9.599491066942670084e-03 9.579867935173956225e-03 9.557742764679228939e-03 9.533100456916854260e-03 9.505925476944053834e-03 9.476202232786334889e-03 9.443915481244341895e-03 9.409050754473916034e-03 9.371594800787495794e-03 9.331536032424200128e-03 9.288864972573555520e-03 9.243574693746607965e-03 9.195661239681468188e-03 9.145124023341137318e-03 9.091966194184588484e-03 9.036194968728546162e-03 8.977821919416926685e-03 8.916863217923072515e-03 8.853339830170432398e-03 8.787277661517781113e-03 8.718707651668945388e-03 8.647665819896170614e-03 8.574193262082174458e-03 8.498336101869410908e-03 8.420145398846170040e-03 8.339677017195814418e-03 8.256991458592268310e-03 8.172153663351342315e-03 8.085232783956973479e-03 7.996301935089135393e-03 7.905437924202379091e-03 7.812720966557171534e-03 7.718234388405597647e-03 7.622064321793372774e-03 7.524299394173785543e-03 7.425030415747268207e-03 7.324350067152094954e-03 7.222352589844497489e-03 7.119133481226211368e-03 7.014789196308665077e-03 6.909416857448675252e-03 6.803113973453059002e-03 6.695978169129848147e-03 6.588106926162837218e-03 6.479597336003628701e-03 6.370545865310942718e-03 6.261048134319950088e-03 6.151198708393903515e-03 6.041090902895188998e-03 5.930816601412113032e-03 5.820466087289994511e-03 5.710127888339404378e-03 5.599888634529385546e-03 5.489832928418351791e-03 5.380043228028950041e-03 5.270599741834492216e-03 5.161580335492965688e-03 5.053060449939064148e-03 4.945113030424687188e-03 4.837808466083016665e-03 4.731214539580243413e-03 4.625396386411662585e-03 4.520416463394594589e-03 4.416334525909309215e-03 4.313207613440088982e-03 4.211090042971749221e-03 4.110033409801810457e-03 4.010086595335016039e-03 3.911295781434599717e-03 3.813704470913624293e-03 3.717353513759432196e-03 3.622281138694836630e-03 3.528522989690800315e-03 3.436112167057036454e-03 3.345079272748964841e-03 3.255452459541814149e-03 3.167257483735179228e-03 3.080517761063983600e-03 2.995254425504544505e-03 2.911486390677133027e-03 2.829230413559103048e-03 2.748501160235277720e-03 2.669311273424668923e-03 2.591671441534982873e-03 2.515590469008359333e-03 2.441075347733775384e-03 2.368131329313079726e-03 2.296761997979077877e-03 2.226969343975135351e-03 2.158753837216602703e-03 2.092114501064882247e-03 2.027048986055121280e-03 1.963553643428456175e-03 1.901623598329244946e-03 1.841252822536997751e-03 1.782434206611602668e-03 1.725159631339033550e-03 1.669420038372970618e-03 1.615205499975676294e-03 1.562505287769063844e-03 1.511307940414146223e-03 1.461601330143988626e-03 1.413372728081906159e-03 1.366608868282930423e-03 1.321296010442549185e-03 1.277420001222404154e-03 1.234966334147980221e-03 1.193920208038394028e-03 1.154266583933156315e-03 1.115990240485270017e-03 1.079075827794226264e-03 1.043507919656380721e-03 1.009271064213862696e-03 9.763498329865505582e-04 9.447288682747938997e-04 9.143929289234610297e-04 8.853269344405252563e-04 8.575160074658325386e-04 8.309455145878823223e-04 8.056011055084157796e-04 7.814687505563771468e-04 7.585347765543600396e-04 7.367859010420163904e-04 7.162092648620727985e-04 6.967924631155900453e-04 6.785235744939249747e-04 6.613911889954963335e-04 6.453844340359602078e-04 6.304929989607477477e-04 6.167071579691183391e-04 6.040177914589606395e-04 5.924164058015206564e-04 5.818951515550673491e-04 5.724468401262355075e-04 5.640649588874042377e-04 5.567436847580024221e-04 5.504778962570890067e-04 5.452631840339195466e-04 5.410958598825247852e-04 5.379729642455726617e-04 5.358922722119830416e-04 5.348522980119210703e-04 5.348522980119210703e-04
1.031849796223091413e-02 1.031849796223091413e-02 1.031569972042290124e-02 1.031010203429769991e-02 1.030170253295990476e-02 1.029049774542969628e-02 1.027648320318684527e-02 1.025965357693598562e-02 1.024000284736311696e-02 1.021752450929952136e-02 1.019221180820767923e-02 1.016405800726704299e-02 1.013305668259508775e-02 1.009920204333242776e-02 1.006248927250158291e-02 1.002291488377227147e-02 9.980477088586852882e-03 9.935176167566154085e-03 9.887014839767649041e-03 9.835998623229666102e-03 9.782136180318810534e-03 9.725439641698476259e-03 9.665924903236972413e-03 9.603611890845900265e-03 9.538524789045550734e-03 9.470692229953107943e-03 9.400147440338088231e-03 9.326928345346296653e-03 9.251077628421651433e-03 9.172642747822755058e-03 9.091675910913903785e-03 9.008234008090743733e-03 8.922378508768872424e-03 8.834175322315489937e-03 8.743694627141038525e-03 8.651010671395788568e-03 8.556201548844576815e-03 8.459348953532461537e-03 8.360537916817773960e-03 8.259856530249512149e-03 8.157395657615921364e-03 8.053248639302464096e-03 7.947510991880782014e-03 7.840280105615498804e-03 7.731654942330868849e-03 7.621735735831314425e-03 7.510623696824196560e-03 7.398420724054470196e-03 7.285229123132107645e-03 7.171151334316982692e-03 7.056289670323729127e-03 6.940746065022116405e-03 6.824621833736646895e-03 6.708017445693042514e-03 6.591032309018034392e-03 6.473764568572400874e-03 6.356310916784424850e-03 6.238766417551160071e-03 6.121224343187267429e-03 6.003776024324658338e-03 5.886510712599857774e-03 5.769515455909107575e-03 5.652874985962679996e-03 5.536671617829037884e-03 5.420985161125446011e-03 5.305892842483804495e-03 5.191469238898066899e-03 5.077786221542088425e-03 4.964912909633617706e-03 4.852915633910645510e-03 4.741857909280446440e-03 4.631800416198454326e-03 4.522800990333695689e-03 4.414914620079233437e-03 4.308193451469775719e-03 4.202686800073979038e-03 4.098441169435816482e-03 3.995500275647451832e-03 3.893905077645134702e-03 3.793693812829628583e-03 3.694902037623372208e-03 3.597562672587869409e-03 3.501706051736560611e-03 3.407359975690534871e-03 3.314549768336852442e-03 3.223298336661812018e-03 3.133626233444223187e-03 3.045551722506428891e-03 2.959090846233630636e-03 2.874257495084681438e-03 2.791063478830137744e-03 2.709518599265769555e-03 2.629630724161978201e-03 2.551405862221669575e-03 2.474848238830897312e-03 2.399960372398223830e-03 2.326743151089993421e-03 2.255195909779792937e-03 2.185316507041038577e-03 2.117101402022064649e-03 2.050545731053197551e-03 1.985643383845019615e-03 1.922387079146508802e-03 1.860768439740811530e-03 1.800778066665185365e-03 1.742405612550060410e-03 1.685639853980266554e-03 1.630468762789222129e-03 1.576879576204277215e-03 1.524858865768507479e-03 1.474392604970980796e-03 1.425466235523950619e-03 1.378064732231518933e-03 1.332172666400106278e-03 1.287774267746510286e-03 1.244853484764502386e-03 1.203394043515768888e-03 1.163379504815555219e-03 1.124793319787637793e-03 1.087618883767240427e-03 1.051839588534215879e-03 1.017438872862244355e-03 9.844002713729896933e-04 9.527074616870622901e-04 9.223443098663104169e-04 8.932949141444016580e-04 8.655436469448440267e-04 8.390751951875698817e-04 8.138745988869729121e-04 7.899272880458203241e-04 7.672191178508107898e-04 7.457364021767057738e-04 7.254659454069199665e-04 7.063950725792447673e-04 6.885116578660004398e-04 6.718041513983692313e-04 6.562616044449626120e-04 6.418736929548426486e-04 6.286307394752331393e-04 6.165237334540601879e-04 6.055443499372323637e-04 5.956849666702408947e-04 5.869386796132207993e-04 5.792993168780819586e-04 5.727614510957063348e-04 5.673204102205096433e-04 5.629722867789069534e-04 5.597139455673950936e-04 5.575430298050970549e-04 5.564579657446892987e-04 5.564579657446892987e-04
1.098301778955788378e-02 1.098301778955788378e-02 1.097985191106086271e-02 1.097351991500524274e-02 1.096402135243056304e-02 1.095135562277320743e-02 1.093552206120117741e-02 1.091652005476417830e-02 1.089434918691667593e-02 1.086900940965027269e-02 1.084050124204610256e-02 1.080882599353817468e-02 1.077398600958601703e-02 1.073598493682172660e-02 1.069482800409953839e-02 1.065052231527745946e-02 1.060307714904035886e-02 1.055250426066932541e-02 1.049881818040161903e-02 1.044203650292990955e-02 1.038218016266655858e-02 1.031927368964740029e-02 1.025334544135647445e-02 1.018442780629821680e-02 1.011255737579848726e-02 1.003777508124910518e-02 9.960126294789236126e-03 9.879660892207951794e-03 9.796433277626437688e-03 9.710502370249268073e-03 9.621931554141451709e-03 9.530788592576234716e-03 9.437145508997966253e-03 9.341078437049805255e-03 9.242667442427391147e-03 9.141996319540107371e-03 9.039152366097199381e-03 8.934226138795362329e-03 8.827311193276373216e-03 8.718503811458699557e-03 8.607902719235343766e-03 8.495608797381620780e-03 8.381724788340110324e-03 8.266355001354070905e-03 8.149605018212107907e-03 8.031581401652566551e-03 7.912391408260509990e-03 7.792142707478090166e-03 7.670943108143458110e-03 7.548900293776813521e-03 7.426121567646489646e-03 7.302713608474416425e-03 7.178782237479327741e-03 7.054432197308467545e-03 6.929766943273640151e-03 6.804888447185760032e-03 6.679897013972238909e-03 6.554891111163914201e-03 6.429967211251409569e-03 6.305219646834452248e-03 6.180740478421004741e-03 6.056619374675095702e-03 5.932943504862530672e-03 5.809797443201296201e-03 5.687263084787824892e-03 5.565419572740717968e-03 5.444343236179428371e-03 5.324107538636195340e-03 5.204783036484689554e-03 5.086437346957933814e-03 4.969135125320555540e-03 4.852938050756112204e-03 4.737904820528424099e-03 4.624091151976631245e-03 4.511549791906379996e-03 4.400330532944089941e-03 4.290480236427391715e-03 4.182042861412254425e-03 4.075059499385919569e-03 3.969568414284305354e-03 3.865605087422959753e-03 3.763202266961618823e-03 3.662390021534062037e-03 3.563195797686930736e-03 3.465644480783530539e-03 3.369758459041196155e-03 3.275557690383563807e-03 3.183059771801871347e-03 3.092280010932281758e-03 3.003231499569019702e-03 2.915925188845872301e-03 2.830369965831180338e-03 2.746572731293909619e-03 2.664538478410667134e-03 2.584270372195522723e-03 2.505769829446325564e-03 2.429036599012708228e-03 2.354068842202192927e-03 2.280863213151784578e-03 2.209414939003027066e-03 2.139717899728834586e-03 2.071764707470335164e-03 2.005546785251650574e-03 1.941054444949791638e-03 1.878276964405803818e-03 1.817202663571909843e-03 1.757818979597646891e-03 1.700112540765892936e-03 1.644069239197243782e-03 1.589674302248443843e-03 1.536912362537406649e-03 1.485767526533947553e-03 1.436223441661537347e-03 1.388263361861268204e-03 1.341870211574793491e-03 1.297026648108235650e-03 1.253715122343979863e-03 1.211917937771928326e-03 1.171617307816074293e-03 1.132795411436322971e-03 1.095434446989227697e-03 1.059516684334776493e-03 1.025024515179583703e-03 9.919405016497646627e-04 9.602474230894685265e-04 9.299283210834843492e-04 9.009665427045272660e-04 8.733457819877875469e-04 8.470501196370651366e-04 8.220640609683477294e-04 7.983725720980108841e-04 7.759611143839386608e-04 7.548156771288080371e-04 7.349228085555229318e-04 7.162696450653658784e-04 6.988439387898511858e-04 6.826340834475146287e-04 6.676291385169910502e-04 6.538188517376925489e-04 6.411936799492459673e-04 6.297448082805541482e-04 6.194641676989632402e-04 6.103444509294960775e-04 6.023791267535310657e-04 5.955624526956035522e-04 5.898894861062552002e-04 5.853560936480054584e-04 5.819589591906384161e-04 5.796955901210317647e-04 5.785643220717729502e-04 5.785643220717729502e-04
1.166203576791115075e-02 1.166203576791115075e-02 1.165850081199082226e-02 1.165143159302485174e-02 1.164082952102120198e-02 1.162669677155749384e-02 1.160903635820902287e-02 1.158785222863034994e-02 1.156314938373761980e-02 1.153493401915158152e-02 1.150321368770128305e-02 1.146799748136293623e-02 1.142929623053504443e-02 1.138712271805175126e-02 1.134149190484073748e-02 1.129242116367020626e-02 1.123993051703185871e-02 1.118404287490122953e-02 1.112478426792472275e-02 1.106218407152000441e-02 1.099627521645000529e-02 1.092709438163937986e-02 1.085468216533736104e-02 1.077908323117662132e-02 1.070034642621343728e-02 1.061852486863572656e-02 1.053367600346696679e-02 1.044586162524958547e-02 1.035514786733771238e-02 1.026160515804461562e-02 1.016530814445776830e-02 1.006633558524065199e-02 9.964770214175962953e-03 9.860698576564831674e-03 9.754210840879296018e-03 9.645400588272182857e-03 9.534364582683684322e-03 9.421202524353258778e-03 9.306016789556080526e-03 9.188912159342931679e-03 9.069995539979608737e-03 8.949375677664099180e-03 8.827162869955294811e-03 8.703468676182298316e-03 8.578405628925278928e-03 8.452086948472535902e-03 8.324626261968825006e-03 8.196137328781175069e-03 8.066733773423236456e-03 7.936528827200492117e-03 7.805635079568082162e-03 7.674164240032128534e-03 7.542226911275028492e-03 7.409932374045757192e-03 7.277388384228199690e-03 7.144700982383615784e-03 7.011974315957440577e-03 6.879310474245452396e-03 6.746809336129167348e-03 6.614568430514920945e-03 6.482682809344580965e-03 6.351244932987756310e-03 6.220344567775058786e-03 6.090068695388777507e-03 5.960501433790734230e-03 5.831723969336321742e-03 5.703814499698553128e-03 5.576848187205503404e-03 5.450897122178549950e-03 5.326030295846833837e-03 5.202313582404778994e-03 5.079809729774242139e-03 4.958578358630198399e-03 4.838675969248832850e-03 4.720155955738936093e-03 4.603068627221453685e-03 4.487461235527629398e-03 4.373378008993258209e-03 4.260860191934782298e-03 4.149946089402262346e-03 4.040671116814491259e-03 3.933067854092360364e-03 3.827166103918151763e-03 3.722992953760423558e-03 3.620572841316490285e-03 3.519927623037174755e-03 3.421076645411337547e-03 3.324036818700650073e-03 3.228822692828068469e-03 3.135446535136457349e-03 3.043918409746780834e-03 2.954246258258032796e-03 2.866435981543806379e-03 2.780491522412848176e-03 2.696414948913224748e-03 2.614206538071749911e-03 2.533864859872046651e-03 2.455386861286138703e-03 2.378767950185562124e-03 2.304002078968893797e-03 2.231081827753060316e-03 2.159998486986008156e-03 2.090742139348121618e-03 2.023301740819286910e-03 1.957665200797596792e-03 1.893819461164502780e-03 1.831750574199621272e-03 1.771443779256454002e-03 1.712883578118013428e-03 1.656053808958682805e-03 1.600937718845641625e-03 1.547518034719864250e-03 1.495777032802988408e-03 1.445696606382357308e-03 1.397258331932160107e-03 1.350443533533935564e-03 1.305233345564690188e-03 1.261608773625579180e-03 1.219550753688474496e-03 1.179040209441817744e-03 1.140058107820961144e-03 1.102585512711680297e-03 1.066603636818789710e-03 1.032093891694727591e-03 9.990379359256884410e-04 9.674177214753075949e-04 9.372155381881096693e-04 9.084140564568803696e-04 8.809963680598515779e-04 8.549460251751094843e-04 8.302470775809082720e-04 8.068841080516932522e-04 7.848422659605080705e-04 7.641072990991889732e-04 7.446655837282778858e-04 7.265041528689467716e-04 7.096107228494311948e-04 6.939737181185306417e-04 6.795822943386286381e-04 6.664263597704750408e-04 6.544965949616131417e-04 6.437844707498747380e-04 6.342822645927897454e-04 6.259830752330839635e-04 6.188808357096808573e-04 6.129703247227761284e-04 6.082471763606446405e-04 6.047078881948557806e-04 6.023498277495499629e-04 6.011712373493466191e-04 6.011712373493466191e-04
1.235620032636315993e-02 1.235620032636315993e-02 1.235229384310538095e-02 1.234448247503625203e-02 1.233276943850829428e-02 1.231715960659201213e-02 1.229765956700771407e-02 1.227427769878743774e-02 1.224702426707509513e-02 1.221591153522072135e-02 1.218095389302150007e-02 1.214216799961522451e-02 1.209957293915294753e-02 1.205319038698475856e-02 1.200304478370680869e-02 1.194916351406236261e-02 1.189157708738681346e-02 1.183031931605780032e-02 1.176542748827259441e-02 1.169694253143846625e-02 1.162490916253232018e-02 1.154937602196405393e-02 1.147039578775659908e-02 1.138802526722321184e-02 1.130232546376335606e-02 1.121336161689407557e-02 1.112120321416366388e-02 1.102592397413904544e-02 1.092760180019803663e-02 1.082631870537547128e-02 1.072216070899363084e-02 1.061521770624092482e-02 1.050558331224012674e-02 1.039335468246350112e-02 1.027863231160470840e-02 1.016151981320690886e-02 1.004212368247524821e-02 9.920553044774309617e-03 9.796919392332223420e-03 9.671336311649403328e-03 9.543919204047349863e-03 9.414785001698707315e-03 9.284051881359677710e-03 9.151838977886432233e-03 9.018266099463495208e-03 8.883453446309228646e-03 8.747521334455889488e-03 8.610589926032799143e-03 8.472778967313906312e-03 8.334207535628201241e-03 8.194993796074601447e-03 8.055254768833671614e-03 7.915106107728161339e-03 7.774661890552915684e-03 7.634034421573368707e-03 7.493334046480087073e-03 7.352668979985021655e-03 7.212145146152921897e-03 7.071866031478426205e-03 6.931932550645306286e-03 6.792442924838775105e-03 6.653492572424045230e-03 6.515174011754067650e-03 6.377576775825979233e-03 6.240787338468688217e-03 6.104889051712833296e-03 5.969962093968317167e-03 5.836083428613672922e-03 5.703326772584717437e-03 5.571762574537255513e-03 5.441458002149430519e-03 5.312476938123363718e-03 5.184879984442545588e-03 5.058724474440896846e-03 4.934064492241001590e-03 4.810950899122672618e-03 4.689431366388250449e-03 4.569550414297921838e-03 4.451349456656410880e-03 4.334866850641571658e-03 4.220137951475631463e-03 4.107195171550648803e-03 3.996068043631403367e-03 3.886783287770953759e-03 3.779364881586649936e-03 3.673834133557098928e-03 3.570209759013699517e-03 3.468507958513448747e-03 3.368742498292930879e-03 3.270924792516698241e-03 3.175063987046332359e-03 3.081167044469588275e-03 2.989238830141958177e-03 2.899282199005665667e-03 2.811298082963681767e-03 2.725285578598592249e-03 2.641242035038146672e-03 2.559163141781027172e-03 2.479043016307793876e-03 2.400874291313001823e-03 2.324648201405250022e-03 2.250354669132296863e-03 2.177982390198421499e-03 2.107518917750890106e-03 2.038950745621669752e-03 1.972263390419534950e-03 1.907441472376239207e-03 1.844468794858662979e-03 1.783328422466698166e-03 1.724002757644098804e-03 1.666473615736673800e-03 1.610722298438942157e-03 1.556729665576800240e-03 1.504476205179821951e-03 1.453942101802525779e-03 1.405107303059352627e-03 1.357951584343144221e-03 1.312454611701657434e-03 1.268596002851092499e-03 1.226355386309697926e-03 1.185712458638362539e-03 1.146647039778608563e-03 1.109139126481654448e-03 1.073168943825170141e-03 1.038716994817045656e-03 1.005764108087928719e-03 9.742914836764701454e-04 9.442807369131599746e-04 9.157139404103322540e-04 8.885736641674109879e-04 8.628430138017211242e-04 8.385056669162474019e-04 8.155459076165787755e-04 7.939486591899389033e-04 7.736995149596899955e-04 7.547847673289955796e-04 7.371914350274883128e-04 7.209072885747703227e-04 7.059208739744148291e-04 6.922215346518589439e-04 6.797994316491382276e-04 6.686455620888969581e-04 6.587517759194362957e-04 6.501107909518303663e-04 6.427162061992909223e-04 6.365625135280377151e-04 6.316451076279410793e-04 6.279602943101299760e-04 6.255052971376600128e-04 6.242782623941552610e-04 6.242782623941552610e-04
1.306616126846330689e-02 1.306616126846330689e-02 1.306187983069587166e-02 1.305331943782551268e-02 1.304048506997192158e-02 1.302338423417457973e-02 1.300202700828521039e-02 1.297642609889022858e-02 1.294659691268223653e-02 1.291255764048176470e-02 1.287432935285792723e-02 1.283193610601480149e-02 1.278540505630858595e-02 1.273476658145222470e-02 1.268005440616549670e-02 1.262130572975597199e-02 1.255856135288816074e-02 1.249186580062868097e-02 1.242126743875810943e-02 1.234681858032371862e-02 1.226857557947614967e-02 1.218659890978674235e-02 1.210095322447633619e-02 1.201170739629168691e-02 1.191893453513050323e-02 1.182271198192595338e-02 1.172312127774073794e-02 1.162024810747355058e-02 1.151418221803160273e-02 1.140501731125786143e-02 1.129285091230869918e-02 1.117778421454701694e-02 1.105992190234033647e-02 1.093937195342781915e-02 1.081624542274263120e-02 1.069065620974566332e-02 1.056272081144502863e-02 1.043255806334589600e-02 1.030028887060103863e-02 1.016603593161838522e-02 1.002992345633362328e-02 9.892076881278374575e-03 9.752622583472996334e-03 9.611687595053215738e-03 9.469399320405628984e-03 9.325885257443381621e-03 9.181272724503955832e-03 9.035688594198757959e-03 8.889259035392602093e-03 8.742109264342025343e-03 8.594363305876840178e-03 8.446143765370789022e-03 8.297571612115750561e-03 8.148765974590377673e-03 7.999843947999036448e-03 7.850920414350395088e-03 7.702107875247461884e-03 7.553516297471968635e-03 7.405252971365539408e-03 7.257422381938010217e-03 7.110126092568994603e-03 6.963462641112001285e-03 6.817527448160726720e-03 6.672412737193975096e-03 6.528207466278679143e-03 6.384997270979179095e-03 6.242864418094767019e-03 6.101887769826179649e-03 5.962142757954755519e-03 5.823701367604898482e-03 5.686632130151040611e-03 5.551000124824089811e-03 5.416866988568871943e-03 5.284290933703407640e-03 5.153326772932217970e-03 5.024025951269424015e-03 4.896436584432594004e-03 4.770603503275151584e-03 4.646568303833202747e-03 4.524369402571983868e-03 4.404042096427317893e-03 4.285618627248566175e-03 4.169128250261259876e-03 4.054597306179896603e-03 3.942049296614074001e-03 3.831504962424204467e-03 3.722982364696266356e-03 3.616496968018530211e-03 3.512061725756630056e-03 3.409687167036898857e-03 3.309381485161315330e-03 3.211150627190761421e-03 3.114998384446497973e-03 3.020926483692779139e-03 2.928934678776323134e-03 2.839020842510890305e-03 2.751181058607479659e-03 2.665409713462641925e-03 2.581699587629008620e-03 2.500041946803489932e-03 2.420426632179518197e-03 2.342842150020355875e-03 2.267275760320681868e-03 2.193713564433595262e-03 2.122140591549605965e-03 2.052540883923359687e-03 1.984897580752537430e-03 1.919193000621758531e-03 1.855408722432276558e-03 1.793525664745888783e-03 1.733524163478706226e-03 1.675384047887295289e-03 1.619084714796230036e-03 1.564605201022224419e-03 1.511924253955831401e-03 1.461020400267146408e-03 1.411872012707053288e-03 1.364457374980374135e-03 1.318754744671709386e-03 1.274742414208920134e-03 1.232398769853051534e-03 1.191702348707013130e-03 1.152631893738593647e-03 1.115166406816353074e-03 1.079285199759611336e-03 1.044967943406189701e-03 1.012194714703711475e-03 9.809460418322021001e-04 9.512029473673826261e-04 9.229469894955168912e-04 8.961603012918871762e-04 8.708256280759708824e-04 8.469263628572282210e-04 8.244465798859837956e-04 8.033710663243416247e-04 7.836853520523070138e-04 7.653757376243716269e-04 7.484293203917435173e-04 7.328340188051806359e-04 7.185785949130161923e-04 7.056526750684681114e-04 6.940467688597155068e-04 6.837522862754844737e-04 6.747615531180641132e-04 6.670678246747403090e-04 6.606652976576310237e-04 6.555491204208206213e-04 6.517154014625404883e-04 6.491612162189394413e-04 6.478846121547329837e-04 6.478846121547329837e-04
1.379257059772310071e-02 1.379257059772310071e-02 1.378790982773804574e-02 1.377859163814904551e-02 1.376462273997773773e-02 1.374601322529103199e-02 1.372277659751412054e-02 1.369492981127610684e-02 1.366249332125258828e-02 1.362549113928534020e-02 1.358395089885220883e-02 1.353790392573358745e-02 1.348738531348394470e-02 1.343243400207685609e-02 1.337309285786253930e-02 1.330940875277065311e-02 1.324143264052119601e-02 1.316921962748399816e-02 1.309282903576283741e-02 1.301232445607935530e-02 1.292777378809926644e-02 1.283924926597751828e-02 1.274682746709754518e-02 1.265058930223514344e-02 1.255061998568084494e-02 1.244700898419471430e-02 1.233984994403234531e-02 1.222924059565713532e-02 1.211528263613022467e-02 1.199808158953380444e-02 1.187774664612621482e-02 1.175439048123999748e-02 1.162812905521044479e-02 1.149908139585800737e-02 1.136736936524046851e-02 1.123311741253934203e-02 1.109645231505018703e-02 1.095750290931063291e-02 1.081639981442532664e-02 1.067327514963811903e-02 1.052826224816181232e-02 1.038149536921011661e-02 1.023310941008847251e-02 1.008323962009510279e-02 9.932021317865013035e-03 9.779589613661012620e-03 9.626079137981203779e-03 9.471623777714365325e-03 9.316356420935921132e-03 9.160408711300062345e-03 9.003910812849713272e-03 8.846991185937042035e-03 8.689776374824023999e-03 8.532390807416275272e-03 8.374956607474282055e-03 8.217593419544951330e-03 8.060418246762899794e-03 7.903545301585655422e-03 7.747085869449108972e-03 7.591148185259909663e-03 7.435837322578695355e-03 7.281255095292859907e-03 7.127499971528673296e-03 6.974666999510221142e-03 6.822847745036179391e-03 6.672130240214405733e-03 6.522598943068507078e-03 6.374334707609319826e-03 6.227414763947403294e-03 6.081912708009574661e-03 5.937898500413265994e-03 5.795438474046091422e-03 5.654595349894874466e-03 5.515428260667547614e-03 5.377992781752954747e-03 5.242340969067225617e-03 5.108521403340718879e-03 4.976579240406600949e-03 4.846556267060376545e-03 4.718490962069246848e-03 4.592418561920629839e-03 4.468371130910525103e-03 4.346377635184410504e-03 4.226464020355996491e-03 4.108653292342084873e-03 3.992965601065254222e-03 3.879418326689602382e-03 3.768026168068592304e-03 3.658801233097824183e-03 3.551753130679423387e-03 3.446889064018513003e-03 3.344213924985902069e-03 3.243730389294651861e-03 3.145439012251497867e-03 3.049338324857214441e-03 2.955424930042839515e-03 2.863693598841183727e-03 2.774137366305344434e-03 2.686747626997786770e-03 2.601514229885124908e-03 2.518425572484949988e-03 2.437468694121850202e-03 2.358629368160216830e-03 2.281892193091503065e-03 2.207240682363272293e-03 2.134657352846639367e-03 2.064123811847637466e-03 1.995620842576506862e-03 1.929128487997038401e-03 1.864626132985827732e-03 1.802092584738637648e-03 1.741506151368037766e-03 1.682844718643082939e-03 1.626085824828013820e-03 1.571206733582847367e-03 1.518184504894202298e-03 1.466996064009912530e-03 1.417618268355768209e-03 1.370027972417233331e-03 1.324202090573166173e-03 1.280117657872397938e-03 1.237751888747593357e-03 1.197082233664048534e-03 1.158086433704040791e-03 1.120742573090027349e-03 1.085029129652382955e-03 1.050925023249506783e-03 1.018409662150019995e-03 9.874629873884118499e-04 9.580655151068884819e-04 9.301983768973672928e-04 9.038433581585143340e-04 8.789829344834680864e-04 8.556003060944532583e-04 8.336794303408461134e-04 8.132050522774393261e-04 7.941627333396636835e-04 7.765388781323718419e-04 7.603207593484979107e-04 7.454965408334492116e-04 7.320552988105264629e-04 7.199870412819488370e-04 7.092827256192670276e-04 6.999342743560076768e-04 6.919345891943994931e-04 6.852775632369102147e-04 6.799580914521674915e-04 6.759720793835803827e-04 6.733164501076843896e-04 6.719891494478837622e-04 6.719891494478837622e-04
1.453608330451004911e-02 1.453608330451004911e-02 1.453103789577626405e-02 1.452095128459260712e-02 1.450583188938869318e-02 1.448569235236025002e-02 1.446054955663577876e-02 1.443042464865699863e-02 1.439534306530578650e-02 1.435533456515945133e-02 1.431043326308954582e-02 1.426067766724117662e-02 1.420611071724471076e-02 1.414677982232822977e-02 1.408273689782588330e-02 1.401403839842401376e-02 1.394074534636374763e-02 1.386292335273385176e-02 1.378064262994871912e-02 1.369397799351838342e-02 1.360300885128271596e-02 1.350781917840084521e-02 1.340849747655614016e-02 1.330513671605209648e-02 1.319783425972750369e-02 1.308669176790223758e-02 1.297181508386777843e-02 1.285331409974951530e-02 1.273130260288080073e-02 1.260589810313283987e-02 1.247722164193107094e-02 1.234539758395156173e-02 1.221055339272374314e-02 1.207281939156559965e-02 1.193232851144107425e-02 1.178921602745633054e-02 1.164361928580172519e-02 1.149567742300134678e-02 1.134553107935387661e-02 1.119332210844000385e-02 1.103919328453635031e-02 1.088328800971703932e-02 1.072575002234544585e-02 1.056672310856394265e-02 1.040635081828234637e-02 1.024477618704884400e-02 1.008214146506437696e-02 9.918587854474861937e-03 9.754255255947632750e-03 9.589282025411507288e-03 9.423804741715226599e-03 9.257957985838276282e-03 9.091874132172429041e-03 8.925683152282565258e-03 8.759512431451855693e-03 8.593486598220208619e-03 8.427727367035491718e-03 8.262353394055288458e-03 8.097480146062220260e-03 7.933219782388490834e-03 7.769681049684752476e-03 7.606969189314705289e-03 7.445185857109405149e-03 7.284429055174031394e-03 7.124793075404314661e-03 6.966368454339544845e-03 6.809241938953890065e-03 6.653496462967098748e-03 6.499211133239258566e-03 6.346461225801671054e-03 6.195318191066961737e-03 6.045849667755653564e-03 5.898119505073513673e-03 5.752187792673568896e-03 5.608110897938697707e-03 5.465941510124604219e-03 5.325728690908801584e-03 5.187517930898579571e-03 5.051351211659654145e-03 4.917267072837106477e-03 4.785300683951083413e-03 4.655483920461540512e-03 4.527845443708674797e-03 4.402410784348755914e-03 4.279202428918457354e-03 4.158239909174598660e-03 4.039539893870209598e-03 3.923116282641960981e-03 3.808980301698261430e-03 3.697140601011536347e-03 3.587603352732345041e-03 3.480372350557054111e-03 3.375449109794659026e-03 3.272832967891986869e-03 3.172521185189974228e-03 3.074509045696831311e-03 2.978789957676721261e-03 2.885355553865171646e-03 2.794195791134510953e-03 2.705299049444490588e-03 2.618652229924663035e-03 2.534240851946119224e-03 2.452049149050873622e-03 2.372060163617392258e-03 2.294255840150659365e-03 2.218617117094585315e-03 2.145124017073636331e-03 2.073755735479174134e-03 2.004490727324262714e-03 1.937306792298501730e-03 1.872181157961940075e-03 1.809090561024136396e-03 1.748011326661119864e-03 1.688919445829310632e-03 1.631790650541368971e-03 1.576600487074501875e-03 1.523324387086963990e-03 1.471937736623341519e-03 1.422415942993725865e-03 1.374734499516046867e-03 1.328869048114728231e-03 1.284795439772329914e-03 1.242489792834115033e-03 1.201928549168395114e-03 1.163088528188175545e-03 1.125946978741991815e-03 1.090481628883929440e-03 1.056670733534678967e-03 1.024493120047056949e-03 9.939282316907911610e-04 9.649561690724912455e-04 9.375577295076155523e-04 9.117144443619558608e-04 8.874086143806296078e-04 8.646233430228713029e-04 8.433425678210276820e-04 8.235510897820970703e-04 8.052346008499159866e-04 7.883797094457327057e-04 7.729739641043606229e-04 7.590058752224574301e-04 7.464649349346746694e-04 7.353416351325310196e-04 7.256274836398393961e-04 7.173150185574191096e-04 7.103978207886260665e-04 7.048705247559578901e-04 7.007288273176655096e-04 6.979694948918813797e-04 6.965903687943504966e-04 6.965903687943504966e-04
1.529735811974015577e-02 1.529735811974015577e-02 1.529192185379978433e-02 1.528105437682101067e-02 1.526476580019320815e-02 1.524307129487754466e-02 1.521599109581341439e-02 1.518355050737158103e-02 1.514577990947107641e-02 1.510271476385755159e-02 1.505439561991197411e-02 1.500086811922208760e-02 1.494218299800966279e-02 1.487839608636996706e-02 1.480956830315303431e-02 1.473576564520636713e-02 1.465705916961321242e-02 1.457352496750584370e-02 1.448524412801505470e-02 1.439230269093878974e-02 1.429479158677691292e-02 1.419280656288485903e-02 1.408644809464475352e-02 1.397582128073413324e-02 1.386103572178424420e-02 1.374220538195522305e-02 1.361944843320668161e-02 1.349288708230150791e-02 1.336264738083988574e-02 1.322885901887255015e-02 1.309165510288007664e-02 1.295117191912335125e-02 1.280754868356379604e-02 1.266092727971817808e-02 1.251145198594869751e-02 1.235926919379413437e-02 1.220452711902174879e-02 1.204737550712354360e-02 1.188796533499577104e-02 1.172644851052974564e-02 1.156297757180728587e-02 1.139770538753893947e-02 1.123078486031019521e-02 1.106236863411321630e-02 1.089260880754262459e-02 1.072165665392598756e-02 1.054966234954556915e-02 1.037677471099061367e-02 1.020314094255998609e-02 1.002890639451643924e-02 9.854214332876896215e-03 9.679205721309584731e-03 9.504019015599716666e-03 9.328789971041449164e-03 9.153651463015798073e-03 8.978733320922350353e-03 8.804162175547566860e-03 8.630061319874005391e-03 8.456550583263292009e-03 8.283746218880842088e-03 8.111760804172075262e-03 7.940703154148170267e-03 7.770678247193608945e-03 7.601787163068044785e-03 7.434127032740696014e-03 7.267790999666405745e-03 7.102868192088219491e-03 6.939443705931621319e-03 6.777598597839959958e-03 6.617409887888791448e-03 6.458950571508553784e-03 6.302289640139840422e-03 6.147492110143240943e-03 5.994619059485925376e-03 5.843727671729768113e-03 5.694871286850337541e-03 5.548099458422436209e-03 5.403458016715864676e-03 5.260989137254345679e-03 5.120731414401013398e-03 4.982719939545342605e-03 4.846986383478696023e-03 4.713559082558635253e-03 4.582463128275674098e-03 4.453720459850108934e-03 4.327349959500854937e-03 4.203367550042726164e-03 4.081786294483161388e-03 3.962616497304190417e-03 3.845865807130013393e-03 3.731539320495193615e-03 3.619639686442893429e-03 3.510167211696870338e-03 3.403119966164950150e-03 3.298493888545511472e-03 3.196282891821960407e-03 3.096478968443326565e-03 2.999072295001947979e-03 2.904051336231629286e-03 2.811402948161738097e-03 2.721112480274357533e-03 2.633163876522917179e-03 2.547539775081532083e-03 2.464221606704781846e-03 2.383189691587638687e-03 2.304423334624900160e-03 2.227900918978643289e-03 2.153599997871004108e-03 2.081497384527942768e-03 2.011569240207580767e-03 1.943791160254263687e-03 1.878138258126616769e-03 1.814585247354609954e-03 1.753106521387003819e-03 1.693676231296522812e-03 1.636268361315681768e-03 1.580856802181451965e-03 1.527415422271801793e-03 1.475918136521692497e-03 1.426338973110275387e-03 1.378652137914912956e-03 1.332832076731163030e-03 1.288853535261090836e-03 1.246691616875194447e-03 1.206321838155845726e-03 1.167720182232491379e-03 1.130863149920924814e-03 1.095727808680738592e-03 1.062291839406608821e-03 1.030533581070369699e-03 1.000432073231890271e-03 9.719670964376136589e-04 9.451192105262335059e-04 9.198697908614034092e-04 8.962010625115867345e-04 8.740961323971981186e-04 8.535390194250337941e-04 8.345146826296781116e-04 8.170090473411117677e-04 8.010090293971220939e-04 7.865025574183669025e-04 7.734785931630647508e-04 7.619271499772748736e-04 7.518393093556359659e-04 7.432072356262163070e-04 7.360241887718372992e-04 7.302845353988608691e-04 7.259837578629861577e-04 7.231184615601020122e-04 7.216863803886909524e-04 7.216863803886909524e-04
1.607705824055225691e-02 1.607705824055225691e-02 1.607122399928663514e-02 1.605956141737482912e-02 1.604208229346816908e-02 1.601880431900909105e-02 1.598975107020257289e-02 1.595495199699161273e-02 1.591444240874788363e-02 1.586826345630087606e-02 1.581646210983429432e-02 1.575909113207979786e-02 1.569620904613801271e-02 1.562788009716051946e-02 1.555417420703832446e-02 1.547516692116829469e-02 1.539093934631478172e-02 1.530157807855349848e-02 1.520717512028322074e-02 1.510782778532071026e-02 1.500363859115689397e-02 1.489471513754744673e-02 1.478116997073718533e-02 1.466312043277147315e-02 1.454068849552541537e-02 1.441400057927711038e-02 1.428318735585875493e-02 1.414838353663340313e-02 1.400972764575779753e-02 1.386736177939897757e-02 1.372143135176681107e-02 1.357208482900330512e-02 1.341947345212734892e-02 1.326375095036822112e-02 1.310507324633069549e-02 1.294359815451793204e-02 1.277948507479514419e-02 1.261289468240816072e-02 1.244398861617789648e-02 1.227292916647537528e-02 1.209987896454556983e-02 1.192500067469329759e-02 1.174845669077418178e-02 1.157040883835011406e-02 1.139101808377492725e-02 1.121044425137430328e-02 1.102884574977644992e-02 1.084637930833957757e-02 1.066319972450975595e-02 1.047945962283073143e-02 1.029530922621701289e-02 1.011089613999389611e-02 9.926365149104710711e-03 9.741858028786836571e-03 9.557513368924654834e-03 9.373466412200119960e-03 9.189848906080502755e-03 9.006788968607792878e-03 8.824410967885861282e-03 8.642835415099517013e-03 8.462178870843644479e-03 8.282553864491242271e-03 8.104068826285278776e-03 7.926828031801407340e-03 7.750931558395761888e-03 7.576475253224537743e-03 7.403550712399047801e-03 7.232245270821477216e-03 7.062642002232169362e-03 6.894819728988386097e-03 6.728853041087412036e-03 6.564812323942503629e-03 6.402763794418894067e-03 6.242769544638189158e-03 6.084887593062920583e-03 5.929171942378375429e-03 5.775672643696077267e-03 5.624435866611938138e-03 5.475503974662202129e-03 5.328915605731512732e-03 5.184705756979566225e-03 5.042905873865852380e-03 4.903543942865593551e-03 4.766644587484188469e-03 4.632229167192046526e-03 4.500315878916549307e-03 4.370919860743014210e-03 4.244053297491623584e-03 4.119725527852578784e-03 3.997943152776840987e-03 3.878710144834921457e-03 3.762027958271046534e-03 3.647895639494742707e-03 3.536309937766300877e-03 3.427265415846737773e-03 3.320754560396716425e-03 3.216767891922333450e-03 3.115294074078830532e-03 3.016320022156039442e-03 2.919831010581611878e-03 2.825810779290114424e-03 2.734241638817489460e-03 2.645104573991461250e-03 2.558379346099136711e-03 2.474044593423195895e-03 2.392077930047883591e-03 2.312456042845304621e-03 2.235154786561431052e-03 2.160149276929719704e-03 2.087413981748234126e-03 2.016922809863837870e-03 1.948649198014196400e-03 1.882566195485153686e-03 1.818646546547421188e-03 1.756862770642571986e-03 1.697187240293910595e-03 1.639592256723078605e-03 1.584050123158120462e-03 1.530533215823273903e-03 1.479014052604923956e-03 1.429465359391998789e-03 1.381860134092610225e-03 1.336171708331926247e-03 1.292373806839142896e-03 1.250440604534030272e-03 1.210346781325791340e-03 1.172067574639013400e-03 1.135578829683227438e-03 1.100857047484080043e-03 1.067879430695350138e-03 1.036623927212056671e-03 1.007069271605655477e-03 9.791950244028729301e-04 9.529816092300753393e-04 9.284103478451860960e-04 9.054634930791393820e-04 8.841242597086072883e-04 8.643768532813389570e-04 8.462064969149043613e-04 8.295994560889037150e-04 8.145430614498724636e-04 8.010257296471167288e-04 7.890369822166277058e-04 7.785674625290033533e-04 7.696089508160058662e-04 7.621543772889756907e-04 7.561978333608557028e-04 7.517345809820150972e-04 7.487610600984719034e-04 7.472748942394406629e-04 7.472748942394406629e-04
1.687585203295065978e-02 1.687585203295065978e-02 1.686961180638582927e-02 1.685713810095093232e-02 1.683844440535684633e-02 1.681355093593074612e-02 1.678248461640826500e-02 1.674527905078264725e-02 1.670197448902304566e-02 1.665261778541663254e-02 1.659726234922681218e-02 1.653596808729524553e-02 1.646880133815031150e-02 1.639583479712304961e-02 1.631714743191664194e-02 1.623282438803211672e-02 1.614295688342449325e-02 1.604764209175401496e-02 1.594698301360973278e-02 1.584108833511880046e-02 1.573007227341661346e-02 1.561405440853877447e-02 1.549315950140590578e-02 1.536751729770296192e-02 1.523726231760304424e-02 1.510253363144770621e-02 1.496347462166624544e-02 1.482023273139081686e-02 1.467295920039742019e-02 1.452180878917006500e-02 1.436693949204185909e-02 1.420851224050978870e-02 1.404669059794466483e-02 1.388164044702361322e-02 1.371352967129608677e-02 1.354252783235654171e-02 1.336880584413604502e-02 1.319253564584229287e-02 1.301388987507404692e-02 1.283304154261255721e-02 1.265016371035138261e-02 1.246542917376934796e-02 1.227901015028068886e-02 1.209107797471477459e-02 1.190180280308666787e-02 1.171135332572197617e-02 1.151989649069651636e-02 1.132759723844554284e-02 1.113461824829013562e-02 1.094111969752152753e-02 1.074725903357899581e-02 1.055319075975446469e-02 1.035906623475823206e-02 1.016503348638622857e-02 9.971237039439945216e-03 9.777817757966822398e-03 9.584912701811285421e-03 9.392654997395003674e-03 9.201173722579772049e-03 9.010593805407054319e-03 8.821035936455190810e-03 8.632616494508107280e-03 8.445447485187768458e-03 8.259636492166783778e-03 8.075286640546640998e-03 7.892496571961277532e-03 7.711360430944402128e-03 7.531967862082013070e-03 7.354404017458580738e-03 7.178749573896063378e-03 7.005080759478871620e-03 6.833469388855067071e-03 6.663982906803795833e-03 6.496684439561371642e-03 6.331632853402833008e-03 6.168882819982336035e-03 6.008484887943897797e-03 5.850485560323753428e-03 5.694927377276538805e-03 5.541849003669640714e-03 5.391285321103119789e-03 5.243267523926369543e-03 5.097823218837187545e-03 4.954976527663827388e-03 4.814748192945889939e-03 4.677155685945524888e-03 4.542213316736093756e-03 4.409932346031292250e-03 4.280321098433468099e-03 4.153385076795638314e-03 4.029127077407271100e-03 3.907547305729274292e-03 3.788643492418801006e-03 3.672411009399333733e-03 3.558842985746055523e-03 3.447930423170755907e-03 3.339662310904285142e-03 3.234025739788064756e-03 3.131006015399168899e-03 3.030586770046081197e-03 2.932750073484409557e-03 2.837476542213570284e-03 2.744745447226701242e-03 2.654534820096918820e-03 2.566821557293373288e-03 2.481581522630473685e-03 2.398789647763147504e-03 2.318420030649958555e-03 2.240446031914530584e-03 2.164840369043818848e-03 2.091575208369482290e-03 2.020622254785884361e-03 1.951952839165091869e-03 1.885538003435688337e-03 1.821348583298266653e-03 1.759355288556090904e-03 1.699528781044698598e-03 1.641839750149093422e-03 1.586258985901700018e-03 1.532757449658409508e-03 1.481306342353888019e-03 1.431877170340772323e-03 1.384441808820567740e-03 1.338972562876878910e-03 1.295442226124164480e-03 1.253824136987425914e-03 1.214092232630234035e-03 1.176221100550136223e-03 1.140186027861951959e-03 1.105963048290591316e-03 1.073528986895985532e-03 1.042861502553382551e-03 1.013939128212749171e-03 9.867413089612499938e-04 9.612484379128474190e-04 9.374418899489087411e-04 9.153040533333904692e-04 8.948183592256692001e-04 8.759693091134327552e-04 8.587425001872363685e-04 8.431246486773690896e-04 8.291036111726094631e-04 8.166684039392213676e-04 8.058092202572484167e-04 7.965174457897341784e-04 7.887856719989904883e-04 7.826077076224539561e-04 7.779785882190001171e-04 7.748945837948750023e-04 7.733532045166292791e-04 7.733532045166292791e-04
1.769441371622285791e-02 1.769441371622285791e-02 1.768775860602391295e-02 1.767445598590959913e-02 1.765452104573489098e-02 1.762797654348457338e-02 1.759485277306611223e-02 1.755518752127960963e-02 1.750902601388257956e-02 1.745642085063909762e-02 1.739743192921109488e-02 1.733212635771642918e-02 1.726057835574485583e-02 1.718286914359203749e-02 1.709908681944609377e-02 1.700932622424380231e-02 1.691368879390757127e-02 1.681228239868219967e-02 1.670522116931479409e-02 1.659262530986296835e-02 1.647462089697706786e-02 1.635133966558057622e-02 1.622291878096897982e-02 1.608950059745810346e-02 1.595123240383689370e-02 1.580826615601224963e-02 1.566075819737241734e-02 1.550886896753539412e-02 1.535276270028712933e-02 1.519260711164618916e-02 1.502857307911422378e-02 1.486083431328157588e-02 1.468956702305222045e-02 1.451494957583033055e-02 1.433716215407018768e-02 1.415638640963185445e-02 1.397280511740625793e-02 1.378660182967596064e-02 1.359796053266228502e-02 1.340706530667740495e-02 1.321409999125229724e-02 1.301924785655051396e-02 1.282269128230490059e-02 1.262461144543201678e-02 1.242518801738856128e-02 1.222459887223804192e-02 1.202301980629562339e-02 1.182062427011637031e-02 1.161758311348872787e-02 1.141406434399193891e-02 1.121023289957509203e-02 1.100625043551704298e-02 1.080227512603175802e-02 1.059846148069348154e-02 1.039496017577081453e-02 1.019191790047892579e-02 9.989477218085112548e-03 9.787776441734563626e-03 9.586949524801043759e-03 9.387125965510912176e-03 9.188430725538508648e-03 8.990984162226392518e-03 8.794901974044826501e-03 8.600295158871278101e-03 8.407269984642072938e-03 8.215927971904514807e-03 8.026365887778538766e-03 7.838675750821805580e-03 7.652944846281013215e-03 7.469255751204445168e-03 7.287686368886494952e-03 7.108309972113507902e-03 6.931195254681524372e-03 6.756406390660295302e-03 6.584003100883688286e-03 6.414040726154500438e-03 6.246570306660988170e-03 6.081638667113377014e-03 5.919288507120726468e-03 5.759558496341665376e-03 5.602483373956608850e-03 5.448094052023860594e-03 5.296417722297315153e-03 5.147477966099328270e-03 5.001294866858419126e-03 4.857885124937854487e-03 4.717262174397555269e-03 4.579436301348339608e-03 4.444414763573881905e-03 4.312201911112140476e-03 4.182799307504155885e-03 4.056205851433986910e-03 3.932417898499270328e-03 3.811429382867125449e-03 3.693231938585180008e-03 3.577815020332039252e-03 3.465166023405708787e-03 3.355270402762275395e-03 3.248111790930463191e-03 3.143672114640558464e-03 3.041931710018605864e-03 2.942869436208760386e-03 2.846462787298107474e-03 2.752688002429309021e-03 2.661520173996931131e-03 2.572933353833408224e-03 2.486900657300122105e-03 2.403394365208275183e-03 2.322386023502827357e-03 2.243846540651020776e-03 2.167746282684773068e-03 2.094055165853511962e-03 2.022742746850962701e-03 1.953778310585833726e-03 1.887130955472417215e-03 1.822769676222775167e-03 1.760663444127448778e-03 1.700781284816481331e-03 1.643092353497077390e-03 1.587566007668349136e-03 1.534171877317379307e-03 1.482879932604290983e-03 1.433660549047118113e-03 1.386484570220067455e-03 1.341323367981243301e-03 1.298148900248084249e-03 1.256933766340663245e-03 1.217651259914606914e-03 1.180275419506742439e-03 1.144781076717658148e-03 1.111143902056219851e-03 1.079340448471672372e-03 1.049348192599351042e-03 1.021145573746166458e-03 9.947120306420102233e-04 9.700280359829679651e-04 9.470751287918130652e-04 9.258359446206566130e-04 9.062942436198678569e-04 8.884349364964579760e-04 8.722441083840717837e-04 8.577090406455341494e-04 8.448182306275815951e-04 8.335614093859880242e-04 8.239295573977638417e-04 8.159149182754808771e-04 8.095110104970783130e-04 8.047126371627272724e-04 8.015158937884954036e-04 7.999181741446716046e-04 7.999181741446716046e-04
1.853342403378238981e-02 1.853342403378238981e-02 1.852634425256177719e-02 1.851219315258416029e-02 1.849098764406300818e-02 1.846275305554316570e-02 1.842752308979503026e-02 1.838533976504439296e-02 1.833625334156447836e-02 1.828032223365701203e-02 1.821761290704686578e-02 1.814819976171090990e-02 1.807216500015733363e-02 1.798959848116835070e-02 1.790059755901979299e-02 1.780526690819658753e-02 1.770371833363688918e-02 1.759607056656084176e-02 1.748244904597412788e-02 1.736298568598373601e-02 1.723781862912247831e-02 1.710709198595142602e-02 1.697095556129293858e-02 1.682956456754131080e-02 1.668307932560025506e-02 1.653166495410407846e-02 1.637549104769021879e-02 1.621473134520068707e-02 1.604956338879721944e-02 1.588016817507521133e-02 1.570672979935306204e-02 1.552943509439388969e-02 1.534847326488302140e-02 1.516403551903670356e-02 1.497631469875345886e-02 1.478550490973887764e-02 1.459180115303795877e-02 1.439539895939595006e-02 1.419649402784020284e-02 1.399528186983314652e-02 1.379195746029051803e-02 1.358671489669216817e-02 1.337974706743574362e-02 1.317124533049840104e-02 1.296139920338038043e-02 1.275039606520786059e-02 1.253842087177327660e-02 1.232565588419010441e-02 1.211228041173796968e-02 1.189847056937346458e-02 1.168439905028398167e-02 1.147023491376665191e-02 1.125614338862298246e-02 1.104228569217311287e-02 1.082881886491157339e-02 1.061589562074998633e-02 1.040366421272131449e-02 1.019226831395522379e-02 9.981846913674969832e-03 9.772534227912953522e-03 9.564459624594668502e-03 9.357747562598831698e-03 9.152517544365213267e-03 8.948884081590552722e-03 8.746956673526727621e-03 8.546839797373953843e-03 8.348632910244749294e-03 8.152430462161403338e-03 7.958321919540628508e-03 7.766391798613315328e-03 7.576719708224918803e-03 7.389380401462386852e-03 7.204443835556609624e-03 7.021975239514702954e-03 6.842035188943869015e-03 6.664679687537922170e-03 6.489960254708300805e-03 6.317924018853801268e-03 6.148613815776513003e-03 5.982068291765992550e-03 5.818322010888834009e-03 5.657405566036752959e-03 5.499345693302676655e-03 5.344165389271098542e-03 5.191884030826050822e-03 5.042517497097230399e-03 4.896078293182073125e-03 4.752575675298867375e-03 4.612015777043083214e-03 4.474401736436137145e-03 4.339733823472530748e-03 4.208009567887798820e-03 4.079223886885872778e-03 3.953369212580256330e-03 3.830435618918829905e-03 3.710410947877129141e-03 3.593280934719450190e-03 3.479029332141284764e-03 3.367638033120213224e-03 3.259087192315531911e-03 3.153355345869554831e-03 3.050419529475717571e-03 2.950255394590273368e-03 2.852837322675551204e-03 2.758138537373454584e-03 2.666131214518035249e-03 2.576786589905704326e-03 2.490075064750877851e-03 2.405966308763547983e-03 2.324429360793615288e-03 2.245432726994573379e-03 2.168944476466546679e-03 2.094932334345563692e-03 2.023363772312465527e-03 1.954206096500900151e-03 1.887426532789499792e-03 1.822992309468594255e-03 1.760870737276662564e-03 1.701029286806210678e-03 1.643435663282848298e-03 1.588057878725103239e-03 1.534864321495886703e-03 1.483823823259612174e-03 1.434905723361653987e-03 1.388079930649306929e-03 1.343316982755468365e-03 1.300588102868111473e-03 1.259865254010148622e-03 1.221121190855538113e-03 1.184329509108495619e-03 1.149464692473426038e-03 1.116502157243693663e-03 1.085418294537640908e-03 1.056190510210320860e-03 1.028797262469272143e-03 1.003218097222317168e-03 9.794336811848459827e-04 9.574258327733251549e-04 9.371775508109282020e-04 9.186730410701298864e-04 9.018977406759577696e-04 8.868383403922775517e-04 8.734828048120635334e-04 8.618203904710632643e-04 8.518416619026152829e-04 8.435385056496473837e-04 8.369041422480478359e-04 8.319331361937227273e-04 8.286214039036863014e-04 8.269662196795241884e-04 8.269662196795241884e-04
1.939357091495505850e-02 1.939357091495505850e-02 1.938605578149336234e-02 1.937103485283154722e-02 1.934852678678224483e-02 1.931855952332461879e-02 1.928117022861820795e-02 1.923640522052117580e-02 1.918431987575051900e-02 1.912497851885047728e-02 1.905845429316151834e-02 1.898482901400612086e-02 1.890419300433054603e-02 1.881664491306409004e-02 1.872229151648142215e-02 1.862124750288038713e-02 1.851363524091862930e-02 1.839958453198942134e-02 1.827923234706050476e-02 1.815272254845106889e-02 1.802020559708092731e-02 1.788183824579263684e-02 1.773778321942069344e-02 1.758820888236135166e-02 1.743328889447993968e-02 1.727320185627810936e-02 1.710813094432914530e-02 1.693826353807280014e-02 1.676379083913962648e-02 1.658490748444706869e-02 1.640181115437206946e-02 1.621470217735752548e-02 1.602378313234991206e-02 1.582925845049245814e-02 1.563133401751087143e-02 1.543021677822765773e-02 1.522611434462533761e-02 1.501923460884982582e-02 1.480978536250268998e-02 1.459797392351702347e-02 1.438400677184606229e-02 1.416808919511930442e-02 1.395042494533795321e-02 1.373121590759228232e-02 1.351066178168903141e-02 1.328895977747926622e-02 1.306630432457695293e-02 1.284288679705782206e-02 1.261889525362774878e-02 1.239451419365106451e-02 1.216992432933313752e-02 1.194530237425858385e-02 1.172082084839790733e-02 1.149664789961114299e-02 1.127294714159842240e-02 1.104987750817363473e-02 1.082759312366993187e-02 1.060624318922365542e-02 1.038597188462740857e-02 1.016691828539263015e-02 9.949216294617754114e-03 9.732994589218970510e-03 9.518376580047260491e-03 9.305480385387015357e-03 9.094418817308094413e-03 8.885299380324391053e-03 8.678224281797460374e-03 8.473290453513304676e-03 8.270589583853592275e-03 8.070208159979205820e-03 7.872227519443794272e-03 7.676723910657379246e-03 7.483768561625289695e-03 7.293427756394739274e-03 7.105762918650899117e-03 6.920830701915016772e-03 6.738683085809916117e-03 6.559367477871834093e-03 6.382926820402527734e-03 6.209399701871366577e-03 6.038820472393697375e-03 5.871219362828829051e-03 5.706622607058644409e-03 5.545052567025620001e-03 5.386527860127209369e-03 5.231063488581607669e-03 5.078670970398154599e-03 4.929358471603644161e-03 4.783130939393776329e-03 4.639990235896632176e-03 4.499935272252483624e-03 4.362962142731350787e-03 4.229064258626396601e-03 4.098232481677596510e-03 3.970455256795979784e-03 3.845718743874150351e-03 3.724006948483780857e-03 3.605301851275165368e-03 3.489583535907904953e-03 3.376830315355228845e-03 3.267018856437327312e-03 3.160124302451542376e-03 3.056120393779046540e-03 2.954979586359054566e-03 2.856673167932405073e-03 2.761171371966695490e-03 2.668443489184949002e-03 2.578457976629086774e-03 2.491182564198332356e-03 2.406584358610980995e-03 2.324629944745817533e-03 2.245285484326886398e-03 2.168516811922219234e-03 2.094289528233644806e-03 2.022569090660846555e-03 1.953320901128473633e-03 1.886510391170331032e-03 1.822103104269504970e-03 1.760064775457699992e-03 1.700361408181137388e-03 1.642959348444033435e-03 1.587825356244040300e-03 1.534926674316994212e-03 1.484231094211005669e-03 1.435707019712239478e-03 1.389323527646791311e-03 1.345050426084782452e-03 1.302858309974249014e-03 1.262718614233571471e-03 1.224603664332105492e-03 1.188486724389316643e-03 1.154342042823142209e-03 1.122144895578482300e-03 1.091871626966676176e-03 1.063499688146576265e-03 1.037007673277372385e-03 1.012375353372692473e-03 9.895837078846736641e-04 9.686149540457239526e-04 9.494525739945539706e-04 9.320813397117554393e-04 9.164873357888034559e-04 9.026579800527863903e-04 8.905820420675216722e-04 8.802496595299381986e-04 8.716523525787457085e-04 8.647830360304682587e-04 8.596360295559018821e-04 8.562070658079676874e-04 8.544932965098109593e-04 8.544932965098109593e-04
2.027555013212328089e-02 2.027555013212328089e-02 2.026758806257343906e-02 2.025167415515440397e-02 2.022782885049722798e-02 2.019608275278772513e-02 2.015647656183437719e-02 2.010906098279100288e-02 2.005389661378480584e-02 1.999105381175780849e-02 1.992061253688303182e-02 1.984266217596808088e-02 1.975730134530714888e-02 1.966463767348951286e-02 1.956478756471841107e-02 1.945787594324037070e-02 1.934403597953244028e-02 1.922340879894404372e-02 1.909614317354202048e-02 1.896239519796307296e-02 1.882232795013600787e-02 1.867611113779830273e-02 1.852392073179561643e-02 1.836593858721911540e-02 1.820235205350194049e-02 1.803335357466185132e-02 1.785914028094007233e-02 1.767991357314529360e-02 1.749587870106459817e-02 1.730724433734848883e-02 1.711422214831333916e-02 1.691702636313064181e-02 1.671587334288723165e-02 1.651098115100309641e-02 1.630256912648396159e-02 1.609085746146353066e-02 1.587606678445585909e-02 1.565841775069232514e-02 1.543813064086044760e-02 1.521542496949462343e-02 1.499051910419292241e-02 1.476362989675016404e-02 1.453497232720762401e-02 1.430475916172444656e-02 1.407320062507743177e-02 1.384050408849472197e-02 1.360687377342705527e-02 1.337251047175855995e-02 1.313761128285854431e-02 1.290236936777756742e-02 1.266697372079609099e-02 1.243160895844282014e-02 1.219645512601313583e-02 1.196168752153657991e-02 1.172747653706565987e-02 1.149398751708822705e-02 1.126138063380029315e-02 1.102981077891780279e-02 1.079942747165257844e-02 1.057037478243096768e-02 1.034279127189206143e-02 1.011680994466692546e-02 9.892558217409702301e-03 9.670157900526291095e-03 9.449725193025837466e-03 9.231370689904344617e-03 9.015199401458154696e-03 8.801310783917137490e-03 8.589798780783539436e-03 8.380751874261396436e-03 8.174253146163750622e-03 7.970380347689700815e-03 7.769205977470673360e-03 7.570797367294663203e-03 7.375216774928564437e-03 7.182521483471636728e-03 6.992763906687526204e-03 6.805991699777791219e-03 6.622247875076471731e-03 6.441570922162546606e-03 6.263994931905166909e-03 6.089549723975030623e-03 5.918260977374138927e-03 5.750150363555176294e-03 5.585235681721031215e-03 5.423530995914091837e-03 5.265046773524118678e-03 5.109790024862436233e-03 4.957764443468915157e-03 4.808970546836651566e-03 4.663405817257388307e-03 4.521064842508398969e-03 4.381939456118875802e-03 4.246018876970676474e-03 4.113289848004660423e-03 3.983736773819697430e-03 3.857341856966734796e-03 3.734085232755135313e-03 3.613945102402751127e-03 3.496897864374904664e-03 3.382918243770574422e-03 3.271979419626764272e-03 3.164053150024000172e-03 3.059109894887485689e-03 2.957118936389352675e-03 2.858048496867933701e-03 2.761865854189822674e-03 2.668537454489946018e-03 2.578029022233670111e-03 2.490305667553398793e-03 2.405331990819969176e-03 2.323072184416567765e-03 2.243490131689828207e-03 2.166549503059251192e-03 2.092213849272123432e-03 2.020446691796717962e-03 1.951211610351750482e-03 1.884472327574828474e-03 1.820192790837026064e-03 1.758337251214705079e-03 1.698870339633325481e-03 1.641757140201265943e-03 1.586963260754576180e-03 1.534454900636167190e-03 1.484198915735210258e-03 1.436162880814448664e-03 1.390315149154767137e-03 1.346624909547714747e-03 1.305062240667760089e-03 1.265598162856847089e-03 1.228204687354380112e-03 1.192854863006063450e-03 1.159522820485102673e-03 1.128183814059097092e-03 1.098814260935627530e-03 1.071391778218933185e-03 1.045895217509353005e-03 1.022304697176240704e-03 1.000601632333987523e-03 9.807687625494930853e-04 9.627901773080400384e-04 9.466513392629691314e-04 9.323391052928727473e-04 9.198417453882538506e-04 9.091489593876807664e-04 9.002518915814984330e-04 8.931431431990709789e-04 8.878167827933915613e-04 8.842683545346833067e-04 8.824948844223525716e-04 8.824948844223525716e-04
2.118006595756801239e-02 2.118006595756801239e-02 2.117164445268505946e-02 2.115481258964809971e-02 2.112959263511353727e-02 2.109601792215622801e-02 2.105413277024023588e-02 2.100399237894743851e-02 2.094566269583067464e-02 2.087922025884316607e-02 2.080475201387717646e-02 2.072235510802241526e-02 2.063213665922817089e-02 2.053421350312361129e-02 2.042871191781732779e-02 2.031576732756189968e-02 2.019552398623180103e-02 2.006813464162381447e-02 1.993376018164922520e-02 1.979256926354624330e-02 1.964473792729937163e-02 1.949044919451024815e-02 1.932989265402024204e-02 1.916326403563944555e-02 1.899076477338789565e-02 1.881260155970205725e-02 1.862898589210209774e-02 1.844013361385139077e-02 1.824626445016864010e-02 1.804760154157316471e-02 1.784437097595498178e-02 1.763680132096187916e-02 1.742512315828598918e-02 1.720956862141108726e-02 1.699037093834980527e-02 1.676776398085684863e-02 1.654198182155036320e-02 1.631325830031020788e-02 1.608182660124872140e-02 1.584791884146876523e-02 1.561176567273558913e-02 1.537359589709504093e-02 1.513363609737198093e-02 1.489211028338054479e-02 1.464923955457379107e-02 1.440524177975477903e-02 1.416033129436640968e-02 1.391471861577323575e-02 1.366861017684720993e-02 1.342220807807061392e-02 1.317570985827506806e-02 1.292930828404523745e-02 1.268319115773080402e-02 1.243754114393067281e-02 1.219253561423947092e-02 1.194834650997833245e-02 1.170514022257020115e-02 1.146307749116399349e-02 1.122231331706228380e-02 1.098299689446339579e-02 1.074527155699077190e-02 1.050927473945011126e-02 1.027513795422784273e-02 1.004298678172239195e-02 9.812940874182629961e-03 9.585113972315241482e-03 9.359613934014162154e-03 9.136542774560585042e-03 8.915996717640893576e-03 8.698066256531855611e-03 8.482836224807473527e-03 8.270385875929186711e-03 8.060788971091166835e-03 7.854113874704114068e-03 7.650423656914671910e-03 7.449776202572596685e-03 7.252224326074351371e-03 7.057815891529182345e-03 6.866593937712139537e-03 6.678596807287592863e-03 6.493858279806359428e-03 6.312407707999601568e-03 6.134270156912816768e-03 5.959466545443714569e-03 5.788013789868044073e-03 5.619924948957852502e-03 5.455209370316716454e-03 5.293872837576447249e-03 5.135917718119320345e-03 4.981343111009180202e-03 4.830144994833538222e-03 4.682316375177196337e-03 4.537847431465800822e-03 4.396725662935138841e-03 4.258936033498773692e-03 4.124461115302987049e-03 3.993281230773648022e-03 3.865374592974806824e-03 3.740717444113376023e-03 3.619284192038231627e-03 3.501047544595469168e-03 3.385978641714346149e-03 3.274047185110700621e-03 3.165221565506257453e-03 3.059468987273340854e-03 2.956755590425073996e-03 2.857046569881050574e-03 2.760306291948012771e-03 2.666498407963881646e-03 2.575585965061975673e-03 2.487531514020088503e-03 2.402297214166522477e-03 2.319844935322111588e-03 2.240136356763701691e-03 2.163133063200563515e-03 2.088796637760802037e-03 2.017088751989914129e-03 1.947971252868404982e-03 1.881406246859663751e-03 1.817356181003230205e-03 1.755783921072136874e-03 1.696652826816182459e-03 1.639926824315826636e-03 1.585570475473881309e-03 1.533549044674340552e-03 1.483828562639519146e-03 1.436375887518226814e-03 1.391158763238935355e-03 1.348145875162864516e-03 1.307306903072611966e-03 1.268612571532386213e-03 1.232034697656078648e-03 1.197546236319387307e-03 1.165121322851909351e-03 1.134735313244650485e-03 1.106364821907704745e-03 1.079987757011981880e-03 1.055583353447791129e-03 1.033132203431875269e-03 1.012616284793083467e-03 9.940189869653414268e-04 9.773251347149052720e-04 9.625210096270707697e-04 9.495943693756085527e-04 9.385344647961449144e-04 9.293320547826197913e-04 9.219794190237241014e-04 9.164703685939455799e-04 9.128002544115214334e-04 9.109659735731886641e-04 9.109659735731886641e-04
2.210783182430244020e-02 2.210783182430244020e-02 2.209893745271172480e-02 2.208116079697878750e-02 2.205452600104707700e-02 2.201906920357204686e-02 2.197483844555578672e-02 2.192189354776714547e-02 2.186030595843244800e-02 2.179015857179594090e-02 2.171154551825750512e-02 2.162457192689921232e-02 2.152935366131052825e-02 2.142601702971483682e-02 2.131469847048765229e-02 2.119554421423865825e-02 2.106870992370735510e-02 2.093436031279389750e-02 2.079266874611481603e-02 2.064381682053595748e-02 2.048799393019356055e-02 2.032539681656819058e-02 2.015622910522451086e-02 1.998070083087318330e-02 1.979902795244803046e-02 1.961143185992171231e-02 1.941813887460614244e-02 1.921937974469825963e-02 1.901538913783765161e-02 1.880640513243894696e-02 1.859266870954815951e-02 1.837442324694851803e-02 1.815191401720703951e-02 1.792538769130856344e-02 1.769509184946915434e-02 1.746127450065643183e-02 1.722418361227068956e-02 1.698406665135854601e-02 1.674117013864167072e-02 1.649573921654690425e-02 1.624801723232280684e-02 1.599824533722233461e-02 1.574666210262251620e-02 1.549350315384176099e-02 1.523900082230440073e-02 1.498338381659123503e-02 1.472687691280587588e-02 1.446970066457972486e-02 1.421207113293504291e-02 1.395419963612609671e-02 1.369629251948347587e-02 1.343855094519728378e-02 1.318117070189078407e-02 1.292434203375829836e-02 1.266824948896923091e-02 1.241307178697489792e-02 1.215898170429548578e-02 1.190614597831198863e-02 1.165472522854148034e-02 1.140487389483368051e-02 1.115674019189226776e-02 1.091046607949578556e-02 1.066618724776939933e-02 1.042403311684041503e-02 1.018412685019704812e-02 9.946585381060571093e-03 9.711519451076082790e-03 9.479033660625657901e-03 9.249226530069923000e-03 9.022190571229136286e-03 8.798012368422911123e-03 8.576772668398143992e-03 8.358546478487252976e-03 8.143403172353404565e-03 7.931406602695437180e-03 7.722615220302788547e-03 7.517082198869322503e-03 7.314855564994593093e-03 7.115978332821453790e-03 6.920488642779802288e-03 6.728419903927667332e-03 6.539800939402367654e-03 6.354656134516323621e-03 6.173005587053724715e-03 5.994865259346106486e-03 5.820247131726176588e-03 5.649159356980674139e-03 5.481606415443774846e-03 5.317589270393180238e-03 5.157105523431037598e-03 5.000149569551458686e-03 4.846712751615424829e-03 4.696783513972415357e-03 4.550347554986008264e-03 4.407387978238024896e-03 4.267885442202566139e-03 4.131818308197358035e-03 3.999162786435332337e-03 3.869893080014235372e-03 3.743981526696307620e-03 3.621398738343676194e-03 3.502113737888111564e-03 3.386094093726213939e-03 3.273306051442855316e-03 3.163714662776909940e-03 3.057283911753943227e-03 2.953976837920539028e-03 2.853755656624473898e-03 2.756581876293850986e-03 2.662416412676744688e-03 2.571219700010791542e-03 2.482951799099535409e-03 2.397572502279246565e-03 2.315041435266353663e-03 2.235318155881556388e-03 2.158362249652219945e-03 2.084133422299696680e-03 2.012591589122879592e-03 1.943696961293509820e-03 1.877410129082624727e-03 1.813692142040955382e-03 1.752504586159201036e-03 1.693809658036816990e-03 1.637570236090339203e-03 1.583749948834328129e-03 1.532313240269744413e-03 1.483225432415990726e-03 1.436452785023994549e-03 1.391962552508539197e-03 1.349723038138638887e-03 1.309703645525059574e-03 1.271874927444157375e-03 1.236208632037038083e-03 1.202677746422632773e-03 1.171256537762685370e-03 1.141920591815825991e-03 1.114646849016894935e-03 1.089413638116491301e-03 1.066200707414359950e-03 1.044989253618715730e-03 1.025761948361916809e-03 1.008502962401108122e-03 9.931979875305075884e-04 9.798342562299623346e-04 9.684005590722300372e-04 9.588872599092026225e-04 9.512863088549340044e-04 9.455912530809270581e-04 9.417972454366520902e-04 9.399010509057439608e-04 9.399010509057439608e-04
2.305957099517607842e-02 2.305957099517607842e-02 2.305018937266307619e-02 2.303143918558186315e-02 2.300334651460564719e-02 2.296595039285847725e-02 2.291930270088547369e-02 2.286346802733098954e-02 2.279852349593248367e-02 2.272455855958013804e-02 2.264167476232934947e-02 2.254998547038313331e-02 2.244961557318488760e-02 2.234070115587721492e-02 2.222338914449028743e-02 2.209783692532301183e-02 2.196421194007155617e-02 2.182269125834329290e-02 2.167346112926938143e-02 2.151671651399610086e-02 2.135266060089359430e-02 2.118150430537098922e-02 2.100346575622798889e-02 2.081876977050612851e-02 2.062764731882563152e-02 2.043033498320814476e-02 2.022707440938924239e-02 2.001811175561873588e-02 1.980369713992998978e-02 1.958408408783265248e-02 1.935952898234537603e-02 1.913029051823696494e-02 1.889662916228620343e-02 1.865880662130205148e-02 1.841708531956840270e-02 1.817172788729131544e-02 1.792299666153233939e-02 1.767115320101039430e-02 1.741645781604769447e-02 1.715916911482316676e-02 1.689954356698123925e-02 1.663783508552571164e-02 1.637429462780888231e-02 1.610916981630623399e-02 1.584270457974827628e-02 1.557513881506366812e-02 1.530670807047400384e-02 1.503764324996945644e-02 1.476817033928886323e-02 1.449851015342631944e-02 1.422887810559105536e-02 1.395948399745779341e-02 1.369053183046187172e-02 1.342221963781674125e-02 1.315473933686184434e-02 1.288827660128591922e-02 1.262301075271455610e-02 1.235911467110131085e-02 1.209675472331871865e-02 1.183609070930877367e-02 1.157727582512177444e-02 1.132045664214748407e-02 1.106577310182301280e-02 1.081335852508744956e-02 1.056333963584357716e-02 1.031583659768162825e-02 1.007096306311886652e-02 9.828826234611048179e-03 9.589526936597595613e-03 9.353159697850908783e-03 9.119812843411590278e-03 8.889568595404937629e-03 8.662503182049757430e-03 8.438686954187910039e-03 8.218184508681867367e-03 8.001054818047735953e-03 7.787351365712198020e-03 7.577122286303829973e-03 7.370410510411738898e-03 7.167253913267365543e-03 6.967685466828567493e-03 6.771733394768417007e-03 6.579421329894525119e-03 6.390768473547887331e-03 6.205789756553365712e-03 6.024496001316634146e-03 5.846894084684767061e-03 5.672987101209643959e-03 5.502774526474800594e-03 5.336252380167258447e-03 5.173413388596255838e-03 5.014247146380559905e-03 4.858740277045180481e-03 4.706876592286753092e-03 4.558637249684800545e-03 4.414000908653117547e-03 4.272943884442154464e-03 4.135440300018988595e-03 4.001462235666742098e-03 3.870979876159695229e-03 3.743961655384230036e-03 3.620374398288938710e-03 3.500183460059694360e-03 3.383352862427477584e-03 3.269845427027965462e-03 3.159622905742627552e-03 3.052646107961123553e-03 2.948875024714353067e-03 2.848268949636400486e-03 2.750786596722088698e-03 2.656386214854661136e-03 2.565025699085507656e-03 2.476662698654674612e-03 2.391254721747257221e-03 2.308759236986681652e-03 2.229133771671284060e-03 2.152336006765597984e-03 2.078323868662308727e-03 2.007055617734975362e-03 1.938489933705365466e-03 1.872585997852585244e-03 1.809303572094174070e-03 1.748603074971967052e-03 1.690445654577757721e-03 1.634793258455767258e-03 1.581608700520517217e-03 1.530855725030016079e-03 1.482499067655172016e-03 1.436504513687058724e-03 1.392838953424121312e-03 1.351470434781588351e-03 1.312368213165281388e-03 1.275502798651731743e-03 1.240846000515964534e-03 1.208370969147576921e-03 1.178052235394779152e-03 1.149865747374925968e-03 1.123788904788744058e-03 1.099800590773954666e-03 1.077881201332339623e-03 1.058012672362485017e-03 1.040178504328498343e-03 1.024363784592906843e-03 1.010555207439767407e-03 9.987410918117086648e-04 9.889113967822347594e-04 9.810577347821390192e-04 9.751733825963270928e-04 9.712532901447233982e-04 9.692940870582623936e-04 9.692940870582623936e-04
2.403601724454246941e-02 2.403601724454246941e-02 2.402613300931714935e-02 2.400637860128357684e-02 2.397678210565496598e-02 2.393738555138607768e-02 2.388824479305846557e-02 2.382942935426170597e-02 2.376102223320475035e-02 2.368311967146462943e-02 2.359583088694431480e-02 2.349927777226929262e-02 2.339359456000033449e-02 2.327892745617847828e-02 2.315543424384598412e-02 2.302328385830453017e-02 2.288265593597757497e-02 2.273374033883816120e-02 2.257673665644656727e-02 2.241185368771256986e-02 2.223930890455633538e-02 2.205932789968861538e-02 2.187214382076560146e-02 2.167799679319626013e-02 2.147713333388991466e-02 2.126980575822988093e-02 2.105627158254431627e-02 2.083679292431894065e-02 2.061163590235759110e-02 2.038107003904616674e-02 2.014536766681381333e-02 1.990480334081257477e-02 1.965965325975378361e-02 1.941019469674708578e-02 1.915670544188683572e-02 1.889946325822158130e-02 1.863874535262693630e-02 1.837482786298063817e-02 1.810798536291308505e-02 1.783849038527761735e-02 1.756661296535366040e-02 1.729262020466412753e-02 1.701677585615676488e-02 1.673933993136883167e-02 1.646056833006693393e-02 1.618071249272914208e-02 1.590001907611661436e-02 1.561872965206659303e-02 1.533708042952936466e-02 1.505530199976829082e-02 1.477361910454555276e-02 1.449225042702652864e-02 1.421140840505320975e-02 1.393129906636210447e-02 1.365212188525413185e-02 1.337406966016372115e-02 1.309732841152107079e-02 1.282207729925531961e-02 1.254848855924706533e-02 1.227672745800578204e-02 1.200695226482105006e-02 1.173931424061574504e-02 1.147395764271403641e-02 1.121101974472687307e-02 1.095063087075219370e-02 1.069291444308607085e-02 1.043798704264366217e-02 1.018595848129544464e-02 9.936931885333722542e-03 9.691003789296792972e-03 9.448264239393214942e-03 9.208796905785611442e-03 8.972679203012513816e-03 8.739982417847187712e-03 8.510771843914348433e-03 8.285106922408544058e-03 8.063041388281714031e-03 7.844623421291883544e-03 7.629895801329712041e-03 7.418896067464782369e-03 7.211656680178646361e-03 7.008205186276918360e-03 6.808564385997742906e-03 6.612752501858717297e-03 6.420783348808946356e-03 6.232666505276854632e-03 6.048407484728047200e-03 5.868007907370468429e-03 5.691465671666646499e-03 5.518775125334538824e-03 5.349927235539742205e-03 5.184909758002226657e-03 5.023707404760571933e-03 4.866302010355740004e-03 4.712672696214741455e-03 4.562796033032132624e-03 4.416646200964208582e-03 4.274195147466876982e-03 4.135412742623655047e-03 4.000266931824919894e-03 3.868723885673627447e-03 3.740748147005992785e-03 3.616302774928348111e-03 3.495349485783338494e-03 3.377848790970023121e-03 3.263760131553156054e-03 3.153042009607021773e-03 3.045652116248758704e-03 2.941547456325003043e-03 2.840684469724070408e-03 2.743019149293724271e-03 2.648507155351875926e-03 2.557103926784343520e-03 2.468764788730052218e-03 2.383445056859925717e-03 2.301100138260978121e-03 2.221685628942062646e-03 2.145157407982141960e-03 2.071471728346016387e-03 2.000585304396025783e-03 1.932455396131513249e-03 1.867039890190670985e-03 1.804297377651897880e-03 1.744187228673922370e-03 1.686669664015770119e-03 1.631705823479120184e-03 1.579257831316781832e-03 1.529288858651865063e-03 1.481763182952852394e-03 1.436646244610027736e-03 1.393904700658825943e-03 1.353506475695416631e-03 1.315420810029428820e-03 1.279618305118023457e-03 1.246070966324663897e-03 1.214752243044817277e-03 1.185637066239549888e-03 1.158701883416510996e-03 1.133924691096153308e-03 1.111285064799244580e-03 1.090764186589762664e-03 1.072344870205203284e-03 1.056011583804074673e-03 1.041750470358050610e-03 1.029549365713792628e-03 1.019397814346923890e-03 1.011287082828004258e-03 1.005210171017671033e-03 1.001161821005333574e-03 9.991385238030075881e-04 9.991385238030075881e-04
2.503791555682945147e-02 2.503791555682945147e-02 2.502751234068729264e-02 2.500672101359240410e-02 2.497557174172419098e-02 2.493410966407423254e-02 2.488239476073077910e-02 2.482050167828180054e-02 2.474851951320309815e-02 2.466655155430161339e-02 2.457471498547886268e-02 2.447314055026431762e-02 2.436197217974254633e-02 2.424136658565994445e-02 2.411149282064514732e-02 2.397253180761257582e-02 2.382467584053898219e-02 2.366812805890831581e-02 2.350310189821091730e-02 2.332982051895782921e-02 2.314851621673030130e-02 2.295942981582819314e-02 2.276281004910884684e-02 2.255891292662034336e-02 2.234800109562991646e-02 2.213034319463036068e-02 2.190621320387380402e-02 2.167588979493570434e-02 2.143965568175025885e-02 2.119779697548494421e-02 2.095060254553545234e-02 2.069836338882437982e-02 2.044137200947949984e-02 2.017992181084959924e-02 1.991430650169045968e-02 1.964481951822138334e-02 1.937175346361399292e-02 1.909539956633325361e-02 1.881604715860457286e-02 1.853398317613419444e-02 1.824949168006225614e-02 1.796285340198108468e-02 1.767434531270678510e-02 1.738424021535042718e-02 1.709280636309739101e-02 1.680030710197121316e-02 1.650700053873117162e-02 1.621313923393282244e-02 1.591896992006702760e-02 1.562473324458760887e-02 1.533066353753927830e-02 1.503698860340768780e-02 1.474392953673141042e-02 1.445170056094187416e-02 1.416050888983154399e-02 1.387055461099286589e-02 1.358203059052044345e-02 1.329512239822626916e-02 1.301000825258244800e-02 1.272685898457719643e-02 1.244583801964752046e-02 1.216710137683592839e-02 1.189079768430765897e-02 1.161706821035955566e-02 1.134604690905070823e-02 1.107786047958871090e-02 1.081262843861241843e-02 1.055046320452319303e-02 1.029147019303028494e-02 1.003574792309263122e-02 9.783388132458218506e-03 9.534475902023080082e-03 9.289089788254488098e-03 9.047301962946929441e-03 8.809178359604498063e-03 8.574778825769249768e-03 8.344157280641752508e-03 8.117361877367003722e-03 7.894435169386216852e-03 7.675414280282441548e-03 7.460331076575144396e-03 7.249212342946243122e-03 7.042079959406767273e-03 6.838951079939871794e-03 6.639838312181883112e-03 6.444749897728522213e-03 6.253689892678214110e-03 6.066658348048599436e-03 5.883651489725803471e-03 5.704661897628762746e-03 5.529678683792831062e-03 5.358687669098169230e-03 5.191671558388706934e-03 5.028610113747201960e-03 4.869480325710676127e-03 4.714256582228531882e-03 4.562910835182927907e-03 4.415412764307432084e-03 4.271729938355683237e-03 4.131827973386702213e-03 3.995670688047749629e-03 3.863220255749017125e-03 3.734437353637301473e-03 3.609281308287823429e-03 3.487710238044771163e-03 3.369681191951920743e-03 3.255150285224773545e-03 3.144072831225154605e-03 3.036403469908148002e-03 2.932096292719520419e-03 2.831104963929583808e-03 2.733382838396644556e-03 2.638883075759899076e-03 2.547558751067816995e-03 2.459362961853740846e-03 2.374248931675690399e-03 2.292170110142080844e-03 2.213080269449448512e-03 2.136933597462141541e-03 2.063684787367439134e-03 1.993289123942687795e-03 1.925702566473719768e-03 1.860881828366217194e-03 1.798784453493664816e-03 1.739368889327204144e-03 1.682594556894042529e-03 1.628421917612093636e-03 1.576812537049263486e-03 1.527729145656220398e-03 1.481135696521670379e-03 1.436997420199041765e-03 1.395280876653150941e-03 1.355954004374824431e-03 1.318986166710636905e-03 1.284348195453887927e-03 1.252012431741717944e-03 1.221952764301805980e-03 1.194144665090504220e-03 1.168565222362456238e-03 1.145193171209815935e-03 1.124008921607065311e-03 1.104994583995222391e-03 1.088133992436832826e-03 1.073412725370684459e-03 1.060818123992575803e-03 1.050339308285798542e-03 1.041967190722209273e-03 1.035694487651939210e-03 1.031515728396863434e-03 1.029427262059998995e-03 1.029427262059998995e-03
2.606602284642677014e-02 2.606602284642677014e-02 2.605508324169725914e-02 2.603322022298092120e-02 2.600046612277788841e-02 2.595686931763189695e-02 2.590249408219899227e-02 2.583742039586036862e-02 2.576174370288459789e-02 2.567557462738062624e-02 2.557903864450829928e-02 2.547227570962747392e-02 2.535543984726709027e-02 2.522869870198183109e-02 2.509223305333402321e-02 2.494623629739175022e-02 2.479091389726984299e-02 2.462648280535731718e-02 2.445317085997350537e-02 2.427121615927394296e-02 2.408086641528710270e-02 2.388237829100301607e-02 2.367601672345628905e-02 2.346205423574786175e-02 2.324077024093329849e-02 2.301245034067120679e-02 2.277738562147302998e-02 2.253587195132757473e-02 2.228820927938960153e-02 2.203470094132322851e-02 2.177565297277978679e-02 2.151137343336555208e-02 2.124217174332114141e-02 2.096835803499047524e-02 2.069024252100645431e-02 2.040813488096310940e-02 2.012234366818227774e-02 1.983317573801787054e-02 1.954093569897436683e-02 1.924592538774966971e-02 1.894844336914701041e-02 1.864878446163807657e-02 1.834723928920047389e-02 1.804409385989864945e-02 1.773962917152924201e-02 1.743412084451034794e-02 1.712783878206010010e-02 1.682104685758404466e-02 1.651400262907315106e-02 1.620695708020560705e-02 1.590015438774588716e-02 1.559383171474389325e-02 1.528821902895561788e-02 1.498353894583446567e-02 1.468000659537853358e-02 1.437782951206458167e-02 1.407720754705253999e-02 1.377833280180579094e-02 1.348138958224130539e-02 1.318655437249961933e-02 1.289399582740708740e-02 1.260387478269175965e-02 1.231634428200830030e-02 1.203154961982715737e-02 1.174962839924729822e-02 1.147071060380026875e-02 1.119491868232568368e-02 1.092236764601374303e-02 1.065316517672887028e-02 1.038741174574960707e-02 1.012520074208309376e-02 9.866618609537271961e-03 9.611744991760571427e-03 9.360652884486354505e-03 9.113408794247926034e-03 8.870072902859097927e-03 8.630699236984984077e-03 8.395335842157469058e-03 8.164024960619764917e-03 7.936803212414255543e-03 7.713701779157457195e-03 7.494746589975008130e-03 7.279958509098479955e-03 7.069353524653877209e-03 6.862942938199272092e-03 6.660733554595916345e-03 6.462727871823135094e-03 6.268924270372803510e-03 6.079317201883505453e-03 5.893897376698288386e-03 5.712651950052552267e-03 5.535564706620658450e-03 5.362616243170773185e-03 5.193784149097693294e-03 5.029043184622682995e-03 4.868365456467736371e-03 4.711720590829337682e-03 4.559075903493493669e-03 4.410396566949741082e-03 4.265645774377009765e-03 4.124784900388508806e-03 3.987773658436428656e-03 3.854570254790089939e-03 3.725131539013282807e-03 3.599413150877963860e-03 3.477369663662258515e-03 3.358954723790739082e-03 3.244121186784474590e-03 3.132821249497151281e-03 3.025006578621815181e-03 2.920628435460468231e-03 2.819637796955864421e-03 2.721985472991447774e-03 2.627622219971452976e-03 2.536498850698725317e-03 2.448566340572986590e-03 2.363775930136824584e-03 2.282079224000947357e-03 2.203428286183964878e-03 2.127775731905319490e-03 2.055074815872954316e-03 1.985279517109866596e-03 1.918344620365891031e-03 1.854225794162938897e-03 1.792879665523396419e-03 1.734263891432592884e-03 1.678337227087112584e-03 1.625059590981309124e-03 1.574392126884645998e-03 1.526297262762523572e-03 1.480738766692977007e-03 1.437681799831145874e-03 1.397092966472656631e-03 1.358940361266107628e-03 1.323193613623636564e-03 1.289823929377193965e-03 1.258804129726514556e-03 1.230108687523062076e-03 1.203713760932245084e-03 1.179597224514122031e-03 1.157738697760557619e-03 1.138119571124412890e-03 1.120723029573818990e-03 1.105534073701977061e-03 1.092539538420158511e-03 1.081728109258766864e-03 1.073090336298395016e-03 1.066618645749805054e-03 1.062307349198724372e-03 1.060152650528211130e-03 1.060152650528211130e-03
2.712110870341434207e-02 2.712110870341434207e-02 2.710961422555501626e-02 2.708664259358425572e-02 2.705222840098446893e-02 2.700642340324004367e-02 2.694929635697144651e-02 2.688093280680851557e-02 2.680143482115525042e-02 2.671092067826768418e-02 2.660952450432538252e-02 2.649739586542057546e-02 2.637469931561843561e-02 2.624161390345251463e-02 2.609833263941286827e-02 2.594506192715594073e-02 2.578202096131685522e-02 2.560944109493424117e-02 2.542756517960374774e-02 2.523664688156025682e-02 2.503694997694872956e-02 2.482874762958085443e-02 2.461232165448834844e-02 2.438796177057534278e-02 2.415596484564180857e-02 2.391663413699837357e-02 2.367027853082150426e-02 2.341721178330737410e-02 2.315775176657540110e-02 2.289221972214797521e-02 2.262093952469540134e-02 2.234423695858369155e-02 2.206243900960126736e-02 2.177587317406988118e-02 2.148486678736685057e-02 2.118974637370220349e-02 2.089083701880764185e-02 2.058846176700500352e-02 2.028294104393345981e-02 1.997459210602712740e-02 1.966372851765059437e-02 1.935065965662017759e-02 1.903569024866427761e-02 1.871911993120926529e-02 1.840124284671737498e-02 1.808234726565228698e-02 1.776271523900609453e-02 1.744262228018920308e-02 1.712233707596282073e-02 1.680212122598154223e-02 1.648222901041249133e-02 1.616290718500618118e-02 1.584439480291348692e-02 1.552692306247241937e-02 1.521071518012709345e-02 1.489598628758972629e-02 1.458294335231358381e-02 1.427178512031035754e-02 1.396270208031908169e-02 1.365587644831463277e-02 1.335148217133160647e-02 1.304968494957359747e-02 1.275064227577760514e-02 1.245450349080857826e-02 1.216140985446866746e-02 1.187149463051977681e-02 1.158488318493549295e-02 1.130169309641932199e-02 1.102203427824954493e-02 1.074600911053692591e-02 1.047371258200927198e-02 1.020523244046603675e-02 9.940649351077014001e-03 9.680037061730473874e-03 9.423462574668368952e-03 9.170986323678942051e-03 8.922662356149824517e-03 8.678538519317553768e-03 8.438656650082202587e-03 8.203052767788017799e-03 7.971757269403068752e-03 7.744795126562069483e-03 7.522186083967367064e-03 7.303944858672982259e-03 7.090081339805705957e-03 6.880600788305665273e-03 6.675504036296050006e-03 6.474787685718250488e-03 6.278444305894125346e-03 6.086462629701725607e-03 5.898827748074366925e-03 5.715521302555532160e-03 5.536521675663827816e-03 5.361804178842774320e-03 5.191341237790108275e-03 5.025102574979962988e-03 4.863055389209267922e-03 4.705164532016690646e-03 4.551392680838594294e-03 4.401700508781767295e-03 4.256046850907154074e-03 4.114388866932459921e-03 3.976682200274435537e-03 3.842881133363736535e-03 3.712938739176718361e-03 3.586807028939189169e-03 3.464437095967230155e-03 3.345779255619518722e-03 3.230783181344414404e-03 3.119398036813136096e-03 3.011572604137996694e-03 2.907255408181591474e-03 2.806394836969347377e-03 2.708939258223744522e-03 2.614837132043956128e-03 2.524037119759612625e-03 2.436488188991868271e-03 2.352139714958984863e-03 2.270941578067254499e-03 2.192844257831263501e-03 2.117798923170311626e-03 2.045757519130177258e-03 1.976672850081490507e-03 1.910498659447637613e-03 1.847189706016494348e-03 1.786701836891264536e-03 1.728992057136464122e-03 1.674018596175446891e-03 1.621740970996030963e-03 1.572120046220598514e-03 1.525118091096665371e-03 1.480698833463206130e-03 1.438827510747163691e-03 1.399470918043408318e-03 1.362597453330077150e-03 1.328177159869683511e-03 1.296181765844624028e-03 1.266584721273809194e-03 1.239361232255025346e-03 1.214488292575397182e-03 1.191944712729905596e-03 1.171711146385381874e-03 1.153770114324713901e-03 1.138106025903230572e-03 1.124705198046322980e-03 1.113555871814376564e-03 1.104648226558022301e-03 1.097974391683548484e-03 1.093528456045125786e-03 1.091306474977210778e-03 1.091306474977210778e-03
2.820395616979430933e-02 2.820395616979430933e-02 2.819188721545522192e-02 2.816776781587809753e-02 2.813163492994427001e-02 2.808354384800780534e-02 2.802356801526648816e-02 2.795179879780197718e-02 2.786834519259708334e-02 2.777333348314405675e-02 2.766690684255051699e-02 2.754922488632561423e-02 2.742046317728809302e-02 2.728081268527538308e-02 2.713047920454917175e-02 2.696968273198587299e-02 2.679865680930727107e-02 2.661764783274938803e-02 2.642691433368198062e-02 2.622672623377943560e-02 2.601736407840447157e-02 2.579911825189905653e-02 2.557228817848384086e-02 2.533718151244714056e-02 2.509411332125937796e-02 2.484340526517953354e-02 2.458538477682753812e-02 2.432038424408302507e-02 2.404874019953759379e-02 2.377079251957692901e-02 2.348688363600273665e-02 2.319735776292461416e-02 2.290256014146083152e-02 2.260283630458711709e-02 2.229853136426560023e-02 2.198998932277440241e-02 2.167755240994500773e-02 2.136156044779968441e-02 2.104235024386887781e-02 2.072025501425868790e-02 2.039560383733430432e-02 2.006872113868693464e-02 1.973992620786151064e-02 1.940953274714081120e-02 1.907784845250995454e-02 1.874517462676401902e-02 1.841180582457116466e-02 1.807802952916545344e-02 1.774412586021645311e-02 1.741036731230784229e-02 1.707701852335420656e-02 1.674433607219379463e-02 1.641256830451501281e-02 1.608195518620559109e-02 1.575272818315500908e-02 1.542511016649265355e-02 1.509931534220573628e-02 1.477554920405125052e-02 1.445400850865516222e-02 1.413488127167850973e-02 1.381834678392377877e-02 1.350457564625496057e-02 1.319372982221059601e-02 1.288596270720037025e-02 1.258141921319139676e-02 1.228023586781034834e-02 1.198254092681086055e-02 1.168845449888190891e-02 1.139808868180201828e-02 1.111154770897488514e-02 1.082892810541498559e-02 1.055031885228556281e-02 1.027580155912656903e-02 1.000545064294581024e-02 9.739333513382587501e-03 9.477510763189554710e-03 9.220036363314608463e-03 8.966957861900682128e-03 8.718316586556881451e-03 8.474147849289377990e-03 8.234481153514907475e-03 7.999340402613156972e-03 7.768744109507205557e-03 7.542705606792782062e-03 7.321233256968058718e-03 7.104330662345371972e-03 6.891996874255008725e-03 6.684226601178880692e-03 6.481010415478371048e-03 6.282334958406253327e-03 6.088183143116800145e-03 5.898534355411674465e-03 5.713364651981283487e-03 5.532646955922581981e-03 5.356351249334458109e-03 5.184444762810939272e-03 5.016892161670725644e-03 4.853655728778753613e-03 4.694695543831800370e-03 4.539969658995560847e-03 4.389434270795184237e-03 4.243043888174966895e-03 4.100751496655785644e-03 3.962508718531004663e-03 3.828265969052923375e-03 3.697972608572532970e-03 3.571577090605233644e-03 3.449027105804506992e-03 3.330269721834137452e-03 3.215251519137602831e-03 3.103918722610691117e-03 2.996217329190222194e-03 2.892093231378085622e-03 2.791492336725549805e-03 2.694360683308079200e-03 2.600644551225680164e-03 2.510290570168073436e-03 2.423245823087892634e-03 2.339457946028499109e-03 2.258875224156035779e-03 2.181446684047942935e-03 2.107122182292401995e-03 2.035852490455018066e-03 1.967589376470573088e-03 1.902285682518844046e-03 1.839895399444328988e-03 1.780373737780258569e-03 1.723677195437496763e-03 1.669763622118893833e-03 1.618592280519319873e-03 1.570123904371038869e-03 1.524320753393226292e-03 1.481146665203382203e-03 1.440567104247084725e-03 1.402549207801013055e-03 1.367061829102472585e-03 1.334075577656725292e-03 1.303562856771358584e-03 1.275497898364663695e-03 1.249856795092572220e-03 1.226617529836146470e-03 1.205760002588906685e-03 1.187266054780456402e-03 1.171119491069916047e-03 1.157306098639632359e-03 1.145813664016474267e-03 1.136631987444809222e-03 1.129752894831935906e-03 1.125170247283392320e-03 1.122879948242138694e-03 1.122879948242138694e-03
2.931536255106399411e-02 2.931536255106399411e-02 2.930269835141226936e-02 2.927738970406866884e-02 2.923947604800617925e-02 2.918901637969404175e-02 2.912608905976086723e-02 2.905079155695456869e-02 2.896324013087346952e-02 2.886356945528767773e-02 2.875193218419875435e-02 2.862849846309656332e-02 2.849345538816226014e-02 2.834700641643280589e-02 2.818937073018333919e-02 2.802078255899844578e-02 2.784149046318756815e-02 2.765175658235576386e-02 2.745185585306480353e-02 2.724207519961203625e-02 2.702271270201607109e-02 2.679407674532711947e-02 2.655648515437804280e-02 2.631026431806073734e-02 2.605574830715055509e-02 2.579327798961318641e-02 2.552320014721339361e-02 2.524586659710640127e-02 2.496163332193227641e-02 2.467085961175376554e-02 2.437390722098145210e-02 2.407113954321906876e-02 2.376292080673944943e-02 2.344961529307001968e-02 2.313158658092899153e-02 2.280919681751204450e-02 2.248280601888646632e-02 2.215277140100809297e-02 2.181944674263791920e-02 2.148318178120217983e-02 2.114432164241306436e-02 2.080320630425026851e-02 2.046017009569517375e-02 2.011554123041324124e-02 1.976964137539546223e-02 1.942278525439777859e-02 1.907528028585845845e-02 1.872742625482845188e-02 1.837951501831795037e-02 1.803183024334450990e-02 1.768464717686325793e-02 1.733823244666876998e-02 1.699284389227887632e-02 1.664873042474460108e-02 1.630613191427517789e-02 1.596527910452342700e-02 1.562639355234274330e-02 1.528968759180324502e-02 1.495536432123884332e-02 1.462361761209020686e-02 1.429463213830834030e-02 1.396858342509040701e-02 1.364563791573181542e-02 1.332595305539662281e-02 1.300967739063036907e-02 1.269695068346595075e-02 1.238790403900267949e-02 1.208266004537113074e-02 1.178133292503116304e-02 1.148402869638704901e-02 1.119084534474174171e-02 1.090187300165131740e-02 1.061719413178042505e-02 1.033688372639972666e-02 1.006100950270656137e-02 9.789632108190206294e-03 9.522805329302901425e-03 9.260576303737107912e-03 9.002985735647964227e-03 8.750068113197839725e-03 8.501851927836649031e-03 8.258359894767431861e-03 8.019609174081584677e-03 7.785611592081663652e-03 7.556373862342220978e-03 7.331897806090362409e-03 7.112180571517746387e-03 6.897214851664612567e-03 6.686989100543906488e-03 6.481487747200066762e-03 6.280691407422074948e-03 6.084577092854382037e-03 5.893118417272156205e-03 5.706285799808918924e-03 5.524046664945216414e-03 5.346365639086435306e-03 5.173204743576311458e-03 5.004523584010128756e-03 4.840279535727989163e-03 4.680427925384084489e-03 4.524922208502472898e-03 4.373714142943601300e-03 4.226753958218631806e-03 4.083990520600777781e-03 3.945371493994079617e-03 3.810843496530645549e-03 3.680352252877164103e-03 3.553842742240690983e-03 3.431259342072168639e-03 3.312545967473997689e-03 3.197646206325257829e-03 3.086503450144811606e-03 2.979061020718676202e-03 2.875262292523622469e-03 2.775050810984016313e-03 2.678370406603543599e-03 2.585165305017530276e-03 2.495380233015263936e-03 2.408960520584942262e-03 2.325852199036683183e-03 2.246002095261461894e-03 2.169357922185869997e-03 2.095868365484255137e-03 2.025483166611126602e-03 1.958153202217679904e-03 1.893830560016961616e-03 1.832468611162544041e-03 1.774022079205604197e-03 1.718447105695112718e-03 1.665701312485280174e-03 1.615743860813705036e-03 1.568535507212594649e-03 1.524038656314228137e-03 1.482217410610345504e-03 1.443037617223460588e-03 1.406466911746214431e-03 1.372474759202811992e-03 1.341032492184322193e-03 1.312113346207222347e-03 1.285692492341946247e-03 1.261747067155509364e-03 1.240256200009391121e-03 1.221201037750876527e-03 1.204564766832951503e-03 1.190332632894631560e-03 1.178491957830300578e-03 1.169032154373254168e-03 1.161944738215164169e-03 1.157223337679673045e-03 1.154863700964739925e-03 1.154863700964739925e-03
3.045614026817484998e-02 3.045614026817484998e-02 3.044285883723236649e-02 3.041631703312986171e-02 3.037655690049915341e-02 3.032364132937757223e-02 3.025765384409442177e-02 3.017869832374023634e-02 3.008689865587154191e-02 2.998239832549057585e-02 2.986535994170707795e-02 2.973596470483745244e-02 2.959441181702012272e-02 2.944091783972280565e-02 2.927571600178574887e-02 2.909905546188192374e-02 2.891120052947847296e-02 2.871242984855354452e-02 2.850303554845630069e-02 2.828332236639512220e-02 2.805360674610058586e-02 2.781421591723444095e-02 2.756548696010504423e-02 2.730776586020454075e-02 2.704140655700431467e-02 2.676676999133579052e-02 2.648422315554408227e-02 2.619413815043660984e-02 2.589689125285836793e-02 2.559286199751453425e-02 2.528243227643147545e-02 2.496598545920277606e-02 2.464390553691004834e-02 2.431657629234329834e-02 2.398438049887409440e-02 2.364769915006124587e-02 2.330691072179461032e-02 2.296239046851168697e-02 2.261450975475554764e-02 2.226363542308403692e-02 2.191012919909076512e-02 2.155434713405988967e-02 2.119663908555064272e-02 2.083734823599501379e-02 2.047681064919363442e-02 2.011535486441217921e-02 1.975330152761243380e-02 1.939096305920072483e-02 1.902864335753966241e-02 1.866663753734855435e-02 1.830523170201198840e-02 1.794470274872517895e-02 1.758531820532757695e-02 1.722733609761268811e-02 1.687100484585123822e-02 1.651656318922557765e-02 1.616424013684533353e-02 1.581425494399620393e-02 1.546681711226518055e-02 1.512212641218531502e-02 1.478037292705016229e-02 1.444173711656236009e-02 1.410638989900039192e-02 1.377449275061291140e-02 1.344619782097944416e-02 1.312164806310944787e-02 1.280097737708848875e-02 1.248431076611894626e-02 1.217176450384387792e-02 1.186344631188536100e-02 1.155945554657203389e-02 1.125988339387538201e-02 1.096481307161871477e-02 1.067432003806785892e-02 1.038847220605719664e-02 1.010733016184877688e-02 9.830947387965784101e-03 9.559370489284386638e-03 9.292639421709705458e-03 9.030787722802214104e-03 8.773842743760437365e-03 8.521825882203978506e-03 8.274752815237738229e-03 8.032633732313838870e-03 7.795473567441736640e-03 7.563272230329961925e-03 7.336024836074108400e-03 7.113721933035740616e-03 6.896349728585432839e-03 6.683890312410419206e-03 6.476321877113180858e-03 6.273618935851893279e-03 6.075752536797003785e-03 5.882690474200276583e-03 5.694397495893559202e-03 5.510835507054218443e-03 5.331963770092919448e-03 5.157739100536874559e-03 4.988116058798277783e-03 4.823047137733206362e-03 4.662482945910755017e-03 4.506372386525972495e-03 4.354662831902877777e-03 4.207300293545870526e-03 4.064229587708958688e-03 3.925394496462698661e-03 3.790737924248361191e-03 3.660202049917843283e-03 3.533728474266140986e-03 3.411258363070862349e-03 3.292732585660332768e-03 3.178091849038270755e-03 3.067276827598981390e-03 2.960228288472325966e-03 2.856887212542641268e-03 2.757194911190100073e-03 2.661093138806948366e-03 2.568524201144475622e-03 2.479431059549587306e-03 2.393757431152476831e-03 2.311447885069073914e-03 2.232447934683781578e-03 2.156704126079483398e-03 2.084164122682892820e-03 2.014776786194129570e-03 1.948492253869822752e-03 1.885262012229220203e-03 1.825038967252630602e-03 1.767777511141101557e-03 1.713433585705531701e-03 1.661964742452485926e-03 1.613330199432764850e-03 1.567490894917368018e-03 1.524409537963834511e-03 1.484050655934082653e-03 1.446380639022805739e-03 1.411367781853249855e-03 1.378982322194749780e-03 1.349196476853828331e-03 1.321984474787893469e-03 1.297322587487688981e-03 1.275189156671621997e-03 1.255564619331917594e-03 1.238431530169306584e-03 1.223774581449564233e-03 1.211580620311745841e-03 1.201838663554433183e-03 1.194539909922666615e-03 1.189677749914554595e-03 1.187247773122832029e-03 1.187247773122832029e-03
3.162711775516755669e-02 3.162711775516755669e-02 3.161319583287602181e-02 3.158537442066180340e-02 3.154369830593783258e-02 3.148823447698329697e-02 3.141907189285188945e-02 3.133632117876444106e-02 3.124011424883147911e-02 3.113060385838200758e-02 3.100796308858543709e-02 3.087238476644107998e-02 3.072408082356972367e-02 3.056328159757159407e-02 3.039023508001249124e-02 3.020520611536086850e-02 3.000847555542283940e-02 2.980033937400637656e-02 2.958110774669011137e-02 2.935110410067482550e-02 2.911066413975641615e-02 2.886013484947959687e-02 2.859987348751007533e-02 2.833024656420356918e-02 2.805162881825193008e-02 2.776440219215386279e-02 2.746895481209215076e-02 2.716567997660310554e-02 2.685497515820214551e-02 2.653724102188325870e-02 2.621288046414510173e-02 2.588229767591492328e-02 2.554589723244792693e-02 2.520408321297726295e-02 2.485725835258267499e-02 2.450582322843646715e-02 2.415017548227811964e-02 2.379070908066614060e-02 2.342781361425959677e-02 2.306187363709627167e-02 2.269326804655976901e-02 2.232236950446756310e-02 2.194954389946617360e-02 2.157514985069052330e-02 2.119953825243203402e-02 2.082305185936550798e-02 2.044602491170818132e-02 2.006878279952549471e-02 1.969164176525751292e-02 1.931490864341646810e-02 1.893888063629951130e-02 1.856384512447091517e-02 1.819007951069322171e-02 1.781785109592721669e-02 1.744741698597435803e-02 1.707902402730205813e-02 1.671290877057056076e-02 1.634929746036932127e-02 1.598840604966959150e-02 1.563044023750745706e-02 1.527559552842689718e-02 1.492405731223449446e-02 1.457600096264544641e-02 1.423159195343353528e-02 1.389098599073531129e-02 1.355432916019936457e-02 1.322175808771564390e-02 1.289340011250580433e-02 1.256937347140328967e-02 1.224978749320097295e-02 1.193474280199385319e-02 1.162433152849453102e-02 1.131863752834907921e-02 1.101773660653098015e-02 1.072169674693980619e-02 1.043057834637983218e-02 1.014443445214111353e-02 9.863311002451895931e-03 9.587247069116115739e-03 9.316275101693329702e-03 9.050421172620577021e-03 8.789705222716192798e-03 8.534141306544642397e-03 8.283737837158845069e-03 8.038497829772285955e-03 7.798419143947456396e-03 7.563494723919778756e-03 7.333712836707238260e-03 7.109057307685541331e-03 6.889507753336583662e-03 6.675039810904684345e-03 6.465625364720103962e-03 6.261232768973214353e-03 6.061827066745144668e-03 5.867370205121924878e-03 5.677821246239028730e-03 5.493136574122081499e-03 5.313270097207114899e-03 5.138173446440268653e-03 4.967796168872432548e-03 4.802085916678794711e-03 4.640988631546908057e-03 4.484448724389520843e-03 4.332409250350281911e-03 4.184812079081440608e-03 4.041598060282820815e-03 3.902707184500945822e-03 3.768078739195814160e-03 3.637651460091030804e-03 3.511363677830369075e-03 3.389153459970698033e-03 3.270958748347403602e-03 3.156717491854150147e-03 3.046367774683928897e-03 2.939847940082961335e-03 2.837096709673176016e-03 2.738053298402601081e-03 2.642657525186280394e-03 2.550849919303035170e-03 2.462571822615818983e-03 2.377765487685366916e-03 2.296374171848439456e-03 2.218342227333215937e-03 2.143615187485254509e-03 2.072139849178044908e-03 2.003864351482380693e-03 1.938738250668746574e-03 1.876712591616560861e-03 1.817739975703484227e-03 1.761774625247120593e-03 1.708772444570283260e-03 1.658691077759620906e-03 1.611489963185776383e-03 1.567130384851416706e-03 1.525575520631435467e-03 1.486790487467367456e-03 1.450742383575658956e-03 1.417400327726813869e-03 1.386735495649668278e-03 1.358721153612137134e-03 1.333332689226701543e-03 1.310547639525704976e-03 1.290345716348209951e-03 1.272708829076723289e-03 1.257621104758569006e-03 1.245068905643047967e-03 1.235040844161812467e-03 1.227527795376104130e-03 1.222522906910652888e-03 1.220021606390131637e-03 1.220021606390131637e-03
3.282914040805570005e-02 3.282914040805570005e-02 3.281455339774205782e-02 3.278540325901983798e-02 3.274173767152922798e-02 3.268362794483055389e-02 3.261116876798948044e-02 3.252447787811865720e-02 3.242369564992952230e-02 3.230898460882707796e-02 3.218052887053701738e-02 3.203853351068522426e-02 3.188322386814881199e-02 3.171484478636384802e-02 3.153365979710343742e-02 3.133995025152758879e-02 3.113401440355212033e-02 3.091616645078479331e-02 3.068673553843152130e-02 3.044606473168377098e-02 3.019450996215867350e-02 2.993243895397779825e-02 2.966023013503804248e-02 2.937827153895177998e-02 2.908695970301478084e-02 2.878669856740135105e-02 2.847789838059125098e-02 2.816097461580399641e-02 2.783634690295810898e-02 2.750443798038936655e-02 2.716567267025727164e-02 2.682047688124700180e-02 2.646927664184022672e-02 2.611249716708484436e-02 2.575056196144714926e-02 2.538389195998237355e-02 2.501290470971554575e-02 2.463801359278736114e-02 2.425962709259167280e-02 2.387814810381656480e-02 2.349397328699935616e-02 2.310749246792247538e-02 2.271908808191049067e-02 2.232913466284194154e-02 2.193799837646255232e-02 2.154603659738005966e-02 2.115359752893520434e-02 2.076101986497815716e-02 2.036863249243481624e-02 1.997675423342218023e-02 1.958569362556560403e-02 1.919574873908259233e-02 1.880720702912666575e-02 1.842034522182970160e-02 1.803542923244074933e-02 1.765271411393301570e-02 1.727244403443630241e-02 1.689485228184967741e-02 1.652016129399628760e-02 1.614858271269870374e-02 1.578031746017732537e-02 1.541555583620542874e-02 1.505447763449148726e-02 1.469725227680115064e-02 1.434403896337722514e-02 1.399498683826531052e-02 1.365023516820447307e-02 1.330991353379613190e-02 1.297414203171932956e-02 1.264303148681649239e-02 1.231668367292983873e-02 1.199519154142497136e-02 1.167863945639359413e-02 1.136710343558255953e-02 1.106065139615024923e-02 1.075934340440428370e-02 1.046323192872573860e-02 1.017236209493531385e-02 9.886771943404735336e-03 9.606492687263726293e-03 9.331548971097244558e-03 9.061959129570938687e-03 8.797735445463833459e-03 8.538884406626513768e-03 8.285406961420630975e-03 8.037298772231183525e-03 7.794550466676893226e-03 7.557147886176195963e-03 7.325072331556758791e-03 7.098300805425289059e-03 6.876806251041575613e-03 6.660557787466405560e-03 6.449520940777146542e-03 6.243657871167595207e-03 6.042927595770085196e-03 5.847286207057942123e-03 5.656687086705249404e-03 5.471081114798504938e-03 5.290416874311369873e-03 5.114640850769057792e-03 4.943697627043422763e-03 4.777530073233217552e-03 4.616079531596484209e-03 4.459285996513732975e-03 4.307088289471315556e-03 4.159424229064392561e-03 4.016230796028162631e-03 3.877444293314505352e-03 3.743000501239042259e-03 3.612834827730769440e-03 3.486882453723007692e-03 3.365078473730344528e-03 3.247358031661666880e-03 3.133656451924244843e-03 3.023909365878164543e-03 2.918052833704290472e-03 2.816023461752329912e-03 2.717758515438531506e-03 2.623196027765040215e-03 2.532274903535120577e-03 2.444935019340126366e-03 2.361117319395484703e-03 2.280763907303962317e-03 2.203818133825141256e-03 2.130224680730359674e-03 2.059929640822414504e-03 1.992880594199020541e-03 1.929026680838480997e-03 1.868318669585178641e-03 1.810709023611395798e-03 1.756151962430636771e-03 1.704603520536025155e-03 1.656021602735559088e-03 1.610366036253951891e-03 1.567598619668585450e-03 1.527683168744649713e-03 1.490585559231953280e-03 1.456273766683090394e-03 1.424717903349726009e-03 1.395890252210637899e-03 1.369765298181938127e-03 1.346319756556508315e-03 1.325532598716208914e-03 1.307385075156790397e-03 1.291860735861762076e-03 1.278945448057653344e-03 1.268627411379231497e-03 1.260897170469294035e-03 1.255747625033642014e-03 1.253174037367778704e-03 1.253174037367778704e-03
3.406307159085415065e-02 3.406307159085415065e-02 3.404779349072525885e-02 3.401726270347838615e-02 3.397152996361448712e-02 3.391067114466529697e-02 3.383478698695618903e-02 3.374400273731836819e-02 3.363846770303017403e-02 3.351835472279857814e-02 3.338385955809845818e-02 3.323520020866484181e-02 3.307261615637500235e-02 3.289636754216280351e-02 3.270673428096955437e-02 3.250401512005316601e-02 3.228852664624637381e-02 3.206060224797381564e-02 3.182059103800367883e-02 3.156885674302405825e-02 3.130577656619362020e-02 3.103174002882369206e-02 3.074714779730388162e-02 3.045241050128852378e-02 3.014794754901863744e-02 2.983418594546646471e-02 2.951155911876190974e-02 2.918050576009423996e-02 2.884146868198510238e-02 2.849489369950295239e-02 2.814122853864062593e-02 2.778092177571139798e-02 2.741442181123966357e-02 2.704217588143515913e-02 2.666462910994930186e-02 2.628222360222287959e-02 2.589539758435069686e-02 2.550458458801379766e-02 2.511021268266764098e-02 2.471270375582796178e-02 2.431247284196659877e-02 2.390992750022061242e-02 2.350546724083019123e-02 2.309948299995554302e-02 2.269235666228113998e-02 2.228446063059720539e-02 2.187615744135397791e-02 2.146779942501276031e-02 2.105972840986952352e-02 2.065227546790035507e-02 2.024576070107267020e-02 1.984049306648082503e-02 1.943677023859804315e-02 1.903487850688729416e-02 1.863509270698046269e-02 1.823767618361670992e-02 1.784288078352534029e-02 1.745094687644504344e-02 1.706210340248846824e-02 1.667656794408717280e-02 1.629454682078622374e-02 1.591623520519881013e-02 1.554181725847798325e-02 1.517146628371412488e-02 1.480534489572197729e-02 1.444360520573947579e-02 1.408638901962090510e-02 1.373382804816888035e-02 1.338604412831254781e-02 1.304314945390237096e-02 1.270524681495511371e-02 1.237242984424497157e-02 1.204478327019842254e-02 1.172238317511086099e-02 1.140529725776197843e-02 1.109358509956433030e-02 1.078729843343491888e-02 1.048648141463357809e-02 1.019117089286327403e-02 9.901396684977328139e-03 9.617181847685868368e-03 9.338542949699307066e-03 9.065490342789845821e-03 8.798028431293203680e-03 8.536155939611817303e-03 8.279866177317843010e-03 8.029147301489403254e-03 7.783982575946556993e-03 7.544350627084939545e-03 7.310225696034317912e-03 7.081577886897279066e-03 6.858373410849173332e-03 6.640574825905101036e-03 6.428141272182668828e-03 6.221028702510796038e-03 6.019190108255074827e-03 5.822575740248967131e-03 5.631133324737825144e-03 5.444808274259118654e-03 5.263543893397570200e-03 5.087281579368142792e-03 4.915961017393109464e-03 4.749520370851655938e-03 4.587896466191938513e-03 4.431024972605950192e-03 4.278840576477382224e-03 4.131277150621486677e-03 3.988267918344292305e-03 3.849745612355979629e-03 3.715642628580091960e-03 3.585891174906580877e-03 3.460423414942279986e-03 3.339171606817510889e-03 3.222068237112133554e-03 3.109046149968372214e-03 3.000038671461320149e-03 2.894979729301180860e-03 2.793803967943926485e-03 2.696446859189326802e-03 2.602844808347183885e-03 2.512935256054009154e-03 2.426656775823546157e-03 2.343949167415253221e-03 2.264753546105297260e-03 2.189012427944692866e-03 2.116669811089014371e-03 2.047671253283602031e-03 1.981963945587404165e-03 1.919496782417530424e-03 1.860220427995288184e-03 1.804087379272918418e-03 1.751052025418459125e-03 1.701070703934142369e-03 1.654101753481523754e-03 1.610105563484105209e-03 1.569044620575596894e-03 1.530883551959180211e-03 1.495589165740152581e-03 1.463130488291223413e-03 1.433478798706441879e-03 1.406607660396330542e-03 1.382492949873258097e-03 1.361112882772401661e-03 1.342448037149897300e-03 1.326481374095887528e-03 1.313198255696222021e-03 1.302586460372504983e-03 1.294636195626095885e-03 1.289340108207475679e-03 1.286693291728170912e-03 1.286693291728170912e-03
3.532979370501435762e-02 3.532979370501435762e-02 3.531379703326267827e-02 3.528183072255059588e-02 3.523394873902642443e-02 3.517023178397250122e-02 3.509078699807851448e-02 3.499574757012496873e-02 3.488527225260164982e-02 3.475954478737527942e-02 3.461877324508103038e-02 3.446318928244111041e-02 3.429304732220284091e-02 3.410862366083595304e-02 3.391021550952871139e-02 3.369813997437146741e-02 3.347273298191112689e-02 3.323434815649817242e-02 3.298335565602712738e-02 3.272014097279100225e-02 3.244510370622886303e-02 3.215865631434564748e-02 3.186122285052336162e-02 3.155323769232720038e-02 3.123514426874081026e-02 3.090739379204522977e-02 3.057044400029064121e-02 3.022475791600391995e-02 2.987080262643271658e-02 2.950904809025403294e-02 2.913996597527841736e-02 2.876402853126499778e-02 2.838170750153342844e-02 2.799347307662292464e-02 2.759979289281018836e-02 2.720113107786290702e-02 2.679794734597821387e-02 2.639069614344018849e-02 2.597982584613065318e-02 2.556577800964674255e-02 2.514898667241955918e-02 2.472987771189214673e-02 2.430886825350503030e-02 2.388636613195282282e-02 2.346276940391861174e-02 2.303846591126239990e-02 2.261383289343690470e-02 2.218923664772710913e-02 2.176503223575886395e-02 2.134156323459568405e-02 2.091916153063884398e-02 2.049814715446560132e-02 2.007882815467870383e-02 1.966150050879876543e-02 1.924644806920613321e-02 1.883394254212960445e-02 1.842424349768419234e-02 1.801759840897701470e-02 1.761424271832860364e-02 1.721439992869400540e-02 1.681828171841356911e-02 1.642608807747529889e-02 1.603800746352833026e-02 1.565421697594904932e-02 1.527488254632696635e-02 1.490015914380536481e-02 1.453019099378153461e-02 1.416511180854212321e-02 1.380504502848020967e-02 1.345010407261159995e-02 1.310039259717820509e-02 1.275600476119535982e-02 1.241702549786781636e-02 1.208353079086525207e-02 1.175558795451219461e-02 1.143325591700940572e-02 1.111658550586353683e-02 1.080561973475943453e-02 1.050039409116444895e-02 1.020093682400687908e-02 9.907269230820739056e-03 9.619405943796973876e-03 9.337355214226383468e-03 9.061119194862637602e-03 8.790694219774341026e-03 8.526071081293454257e-03 8.267235303703672836e-03 8.014167413346325042e-03 7.766843204853497717e-03 7.525234003248101010e-03 7.289306921678943840e-03 7.059025114585212868e-03 6.834348026109585486e-03 6.615231633602340795e-03 6.401628686080435872e-03 6.193488937525690359e-03 5.990759374925039814e-03 5.793384440973226197e-03 5.601306251374713052e-03 5.414464806696540206e-03 5.232798198737985580e-03 5.056242811395816709e-03 4.884733516015903228e-03 4.718203861233075114e-03 4.556586257311310770e-03 4.399812155005716936e-03 4.247812218976390955e-03 4.100516495792121997e-03 3.957854576569090448e-03 3.819755754296260634e-03 3.686149175905040209e-03 3.556963989146174916e-03 3.432129484341521226e-03 3.311575231082667086e-03 3.195231209952046833e-03 3.083027939345486280e-03 2.974896597477890391e-03 2.870769139656197209e-03 2.770578410905627335e-03 2.674258254036860228e-03 2.581743613242955173e-03 2.492970633315622769e-03 2.407876754570994864e-03 2.326400803575158840e-03 2.248483079759570381e-03 2.174065438016013416e-03 2.103091367360036129e-03 2.035506065750740216e-03 1.971256511153561541e-03 1.910291528931122368e-03 1.852561855645465686e-03 1.798020199352990713e-03 1.746621296471184909e-03 1.698321965293824072e-03 1.653081156228684975e-03 1.610859998829014582e-03 1.571621845687006577e-03 1.535332313254386119e-03 1.501959319651898026e-03 1.471473119526033654e-03 1.443846336007730902e-03 1.419053989824085957e-03 1.397073525610246277e-03 1.377884835464729526e-03 1.361470279787361940e-03 1.347814705434900728e-03 1.336905461225186944e-03 1.328732410816401083e-03 1.323287942983667094e-03 1.320566979310826674e-03 1.320566979310826674e-03
3.663020932894203718e-02 3.663020932894203718e-02 3.661346504199296942e-02 3.658000521698650392e-02 3.652988724373468221e-02 3.646319693774107557e-02 3.638004821913563142e-02 3.628058268788957041e-02 3.616496909810260757e-02 3.603340273480681866e-02 3.588610469735093594e-02 3.572332109401404887e-02 3.554532215303742027e-02 3.535240125575823955e-02 3.514487389796934480e-02 3.492307658601294384e-02 3.468736567444041102e-02 3.443811615232843931e-02 3.417572038553610969e-02 3.390058682231241599e-02 3.361313866972149428e-02 3.331381254834325095e-02 3.300305713263068652e-02 3.268133178416570556e-02 3.234910518485584890e-02 3.200685397685767292e-02 3.165506141570610665e-02 3.129421604277644875e-02 3.092481038281332667e-02 3.054733967183624263e-02 3.016230062027961192e-02 2.977019021575422891e-02 2.937150456933305953e-02 2.896673780877361687e-02 2.855638102159817684e-02 2.814092125046761469e-02 2.772084054280984575e-02 2.729661505620378098e-02 2.686871422058033365e-02 2.643759995788374367e-02 2.600372595944573997e-02 2.556753702096076566e-02 2.512946843461660515e-02 2.468994543763093977e-02 2.424938271617154209e-02 2.380818396339635934e-02 2.336674149013823892e-02 2.292543588657806539e-02 2.248463573309706157e-02 2.204469735837392974e-02 2.160596464269240805e-02 2.116876886434976984e-02 2.073342858700290628e-02 2.030024958575553720e-02 1.986952480977574251e-02 1.944153437923426542e-02 1.901654561437077229e-02 1.859481309452442818e-02 1.817657874500541032e-02 1.776207194973389303e-02 1.735150968763075896e-02 1.694509669080872249e-02 1.654302562268184298e-02 1.614547727418530823e-02 1.575262077637366517e-02 1.536461382774436529e-02 1.498160293471326523e-02 1.460372366374872166e-02 1.423110090375100112e-02 1.386384913734265215e-02 1.350207271981360320e-02 1.314586616454057298e-02 1.279531443377499023e-02 1.245049323376513049e-02 1.211146931324804353e-02 1.177830076441349974e-02 1.145103732550630492e-02 1.112972068429492374e-02 1.081438478169260628e-02 1.050505611487304036e-02 1.020175403927546347e-02 9.904491068944115684e-03 9.613273174694399875e-03 9.328100079642728804e-03 9.048965551679170188e-03 8.775857692501623508e-03 8.508759222867468691e-03 8.247647763753510400e-03 7.992496113147775846e-03 7.743272518227302045e-03 7.499940942704660073e-03 7.262461329152633538e-03 7.030789856141418138e-03 6.804879190045846904e-03 6.584678731401753457e-03 6.370134855710684989e-03 6.161191148610732117e-03 5.957788635348610848e-03 5.759866004504063559e-03 5.567359825932568888e-03 5.380204762905899454e-03 5.198333778442866017e-03 5.021678335834103488e-03 4.850168593375544200e-03 4.683733593335001610e-03 4.522301445185341988e-03 4.365799503145899145e-03 4.214154538081317687e-03 4.067292903813794769e-03 3.925140697910842538e-03 3.787623917016209006e-03 3.654668606796601920e-03 3.526201006581171447e-03 3.402147688774693427e-03 3.282435693128667089e-03 3.166992655957557787e-03 3.055746934389807958e-03 2.948627725745338497e-03 2.845565182132860863e-03 2.746490520361617380e-03 2.651336127263018930e-03 2.560035660518213910e-03 2.472524145087818311e-03 2.388738065339920599e-03 2.308615452972056972e-03 2.232095970822136136e-03 2.159120992662295294e-03 2.089633679068429988e-03 2.023579049456588740e-03 1.960904050375698263e-03 1.901557620144069026e-03 1.845490749914911180e-03 1.792656541253687813e-03 1.743010260307468638e-03 1.696509388643642350e-03 1.653113670832335753e-03 1.612785158843704943e-03 1.575488253327934039e-03 1.541189741842257646e-03 1.509858834085717584e-03 1.481467194198559561e-03 1.455988970179301987e-03 1.433400820468479870e-03 1.413681937743962959e-03 1.396814069968513967e-03 1.382781538725974015e-03 1.371571254878063782e-03 1.363172731569357778e-03 1.357578094603478606e-03 1.354782090209004234e-03 1.354782090209004234e-03
3.796524243473478610e-02 3.796524243473478610e-02 3.794771983811118243e-02 3.791270521442275526e-02 3.786025958558802973e-02 3.779047419227573451e-02 3.770347014545376296e-02 3.759939796543413509e-02 3.747843701149791013e-02 3.734079480590413863e-02 3.718670625677250596e-02 3.701643278497433742e-02 3.683026136076512913e-02 3.662850345643640926e-02 3.641149392175153932e-02 3.617958978935279651e-02 3.593316901768133648e-02 3.567262917923502696e-02 3.539838610219707415e-02 3.511087247360088204e-02 3.481053641225227008e-02 3.449784001960943397e-02 3.417325791672605473e-02 3.383727577519655277e-02 3.349038884980767850e-02 3.313310052030397218e-02 3.276592084931983367e-02 3.238936516312672376e-02 3.200395266139552386e-02 3.161020506168971123e-02 3.120864528389306891e-02 3.079979617924241339e-02 3.038417930809030748e-02 2.996231376997193080e-02 2.953471508900054263e-02 2.910189415707535934e-02 2.866435623685809064e-02 2.822260002596692005e-02 2.777711678335252621e-02 2.732838951836422461e-02 2.687689224258841755e-02 2.642308928414831976e-02 2.596743466379496795e-02 2.551037153179594452e-02 2.505233166434033334e-02 2.459373501792523273e-02 2.413498933997118567e-02 2.367648983372909813e-02 2.321861887538800850e-02 2.276174578117093339e-02 2.230622662211126372e-02 2.185240408413424706e-02 2.140060737102404687e-02 2.095115214783433571e-02 2.050434052229794385e-02 2.006046106180542354e-02 1.961978884355259495e-02 1.918258553549993806e-02 1.874909950584139479e-02 1.831956595874373317e-02 1.789420709418938771e-02 1.747323228983345758e-02 1.705683830286825256e-02 1.664520948997492977e-02 1.623851804353027353e-02 1.583692424232681362e-02 1.544057671515472810e-02 1.504961271568433859e-02 1.466415840717719479e-02 1.428432915564145297e-02 1.391022983013331417e-02 1.354195510898945250e-02 1.317958979085655236e-02 1.282320910946183404e-02 1.247287905114345154e-02 1.212865667423149163e-02 1.179059042943873294e-02 1.145872048048557010e-02 1.113307902424556448e-02 1.081369060975656028e-02 1.050057245549808858e-02 1.019373476438777647e-02 9.893181035999041445e-03 9.598908375548522581e-03 9.310907799245178931e-03 9.029164535633776162e-03 8.753658322603542069e-03 8.484363699768357817e-03 8.221250295958193108e-03 7.964283111592336886e-03 7.713422795733903409e-03 7.468625917651891544e-03 7.229845232742008326e-03 6.997029942680581260e-03 6.770125949707324169e-03 6.549076104952623011e-03 6.333820450743304215e-03 6.124296456837922085e-03 5.920439250558178802e-03 5.722181840797614487e-03 5.529455335901943373e-03 5.342189155427680934e-03 5.160311235796891452e-03 4.983748229876193252e-03 4.812425700517510702e-03 4.646268308106661117e-03 4.485199992173613710e-03 4.329144147125338002e-03 4.178023792168521211e-03 4.031761735495134440e-03 3.890280732808963984e-03 3.753503640275763879e-03 3.621353561983664798e-03 3.493753992003976409e-03 3.370628951145534374e-03 3.251903118498252442e-03 3.137501957863695051e-03 3.027351839172151213e-03 2.921380154987007066e-03 2.819515432198146931e-03 2.721687439006677343e-03 2.627827287303513559e-03 2.537867530544275253e-03 2.451742257222526509e-03 2.369387180042718290e-03 2.290739720893194501e-03 2.215739091718379843e-03 2.144326371387747596e-03 2.076444578657428170e-03 2.012038741318293491e-03 1.951055961622155752e-03 1.893445478075257227e-03 1.839158723685611462e-03 1.788149380747880868e-03 1.740373432246469657e-03 1.695789209954297501e-03 1.654357439301344830e-03 1.616041281083530285e-03 1.580806370078784162e-03 1.548620850633387197e-03 1.519455409277657189e-03 1.493283304426017144e-03 1.470080393212269080e-03 1.449825155506626962e-03 1.432498715156657783e-03 1.418084858489821343e-03 1.406570050110748232e-03 1.397943446021793516e-03 1.392196904090712509e-03 1.389324991884619952e-03 1.389324991884619952e-03
3.933583968979399714e-02 3.933583968979399714e-02 3.931750634101371239e-02 3.928087214715905023e-02 3.922600198845195563e-02 3.915299286811989299e-02 3.906197353429573943e-02 3.895310397990617984e-02 3.882657482395096560e-02 3.868260657837033906e-02 3.852144880545512601e-02 3.834337917146667107e-02 3.814870240279484570e-02 3.793774915158395350e-02 3.771087477829396933e-02 3.746845805912937116e-02 3.721089982665808787e-02 3.693862155225179078e-02 3.665206387920361825e-02 3.635168511551983145e-02 3.603795969543394789e-02 3.571137661865964735e-02 3.537243787628174818e-02 3.502165687198668942e-02 3.465955684706046452e-02 3.428666931723802630e-02 3.390353252907950948e-02 3.351068994308546017e-02 3.310868875025123337e-02 3.269807842820940391e-02 3.227940934252856997e-02 3.185323139813456966e-02 3.142009274520524836e-02 3.098053854327226242e-02 3.053510978664905964e-02 3.008434219370152707e-02 2.962876516189361792e-02 2.916890078997992283e-02 2.870526296818555825e-02 2.823835653671500842e-02 2.776867651246942015e-02 2.729670738342737657e-02 2.682292246975979608e-02 2.634778335040631816e-02 2.587173935353672891e-02 2.539522710905845262e-02 2.491867016110657640e-02 2.444247863826617614e-02 2.396704897912578167e-02 2.349276371064243710e-02 2.301999127671231632e-02 2.254908591428229567e-02 2.208038757430532545e-02 2.161422188483326859e-02 2.115090015355234471e-02 2.069071940709594354e-02 2.023396246451506647e-02 1.978089804234557311e-02 1.933178088878158632e-02 1.888685194454407107e-02 1.844633852812043590e-02 1.801045454314394861e-02 1.757940070577865971e-02 1.715336479007541215e-02 1.673252188936633772e-02 1.631703469186706820e-02 1.590705376875825236e-02 1.550271787311857316e-02 1.510415424818069285e-02 1.471147894347845687e-02 1.432479713754788476e-02 1.394420346593547300e-02 1.356978235335508896e-02 1.320160834891904826e-02 1.283974646344931622e-02 1.248425250795151195e-02 1.213517343240746310e-02 1.179254766411091948e-02 1.145640544483649687e-02 1.112676916619359004e-02 1.080365370257484886e-02 1.048706674116334746e-02 1.017700910851376296e-02 9.873475093270505515e-03 9.576452764630601078e-03 9.285924286200739411e-03 9.001866224936807756e-03 8.724249854890371927e-03 8.453041455520242733e-03 8.188202604358381376e-03 7.929690463848480114e-03 7.677458062202270096e-03 7.431454568143409586e-03 7.191625559431934905e-03 6.957913285083101688e-03 6.730256921214355231e-03 6.508592820471897564e-03 6.292854755005026883e-03 6.082974152971606409e-03 5.878880328572038023e-03 5.680500705621869748e-03 5.487761034684976967e-03 5.300585603799900722e-03 5.118897442841732759e-03 4.942618521570815368e-03 4.771669941427564461e-03 4.605972121140032745e-03 4.445444976217359338e-03 4.290008092408178868e-03 4.139580893208259435e-03 3.994082801506336489e-03 3.853433395461170179e-03 3.717552558706423843e-03 3.586360624983044726e-03 3.459778517301369868e-03 3.337727881737397474e-03 3.220131215969323363e-03 3.106911992661821192e-03 2.997994777806468458e-03 2.893305344127297500e-03 2.792770779660716171e-03 2.696319591618940442e-03 2.603881805645693551e-03 2.515389060572201588e-03 2.430774698780588643e-03 2.349973852280437623e-03 2.272923524602846451e-03 2.199562668614467569e-03 2.129832260352074440e-03 2.063675368975908912e-03 2.001037222937639051e-03 1.941865272456080134e-03 1.886109248390964877e-03 1.833721217601996497e-03 1.784655634877175580e-03 1.738869391510998843e-03 1.696321860609522865e-03 1.656974939195603961e-03 1.620793087183703112e-03 1.587743363289685844e-03 1.557795457936877494e-03 1.530921723215383171e-03 1.507097199947344916e-03 1.486299641906304756e-03 1.468509537234319751e-03 1.453710127095811724e-03 1.441887421602438060e-03 1.433030213038490345e-03 1.427130086411476911e-03 1.424181427347702639e-03 1.424181427347702639e-03
4.074297185153996637e-02 4.074297185153996637e-02 4.072379345439716691e-02 4.068547122109637815e-02 4.062807413558381514e-02 4.055170532967766056e-02 4.045650167281999998e-02 4.034263322951076036e-02 4.021030258817349934e-02 4.005974406607995530e-02 3.989122279579629393e-02 3.970503369940143329e-02 3.950150035745781524e-02 3.928097378038088866e-02 3.904383109044581163e-02 3.879047412318457205e-02 3.852132795735445370e-02 3.823683938299759361e-02 3.793747531735498085e-02 3.762372117854625997e-02 3.729607922697585759e-02 3.695506688437949494e-02 3.660121504028249206e-02 3.623506635540880982e-02 3.585717357126050331e-02 3.546809783468984206e-02 3.506840704581687396e-02 3.465867423711432860e-02 3.423947599089736948e-02 3.381139090182942730e-02 3.337499809039676940e-02 3.293087577262407417e-02 3.247959989061188768e-02 3.202174280778304072e-02 3.155787207203944456e-02 3.108854924936009859e-02 3.061432882972379629e-02 3.013575720662248561e-02 2.965337173084827208e-02 2.916769983869308205e-02 2.867925825419921290e-02 2.818855226464209510e-02 2.769607506801650965e-02 2.720230719093337524e-02 2.670771597501699762e-02 2.621275512962004464e-02 2.571786434844538366e-02 2.522346898747674163e-02 2.472997980147330702e-02 2.423779273617207228e-02 2.374728877326528348e-02 2.325883382517398776e-02 2.277277867662056213e-02 2.228945897000927587e-02 2.180919523165252005e-02 2.133229293592702955e-02 2.085904260450816006e-02 2.038971993790679102e-02 1.992458597662183362e-02 1.946388728931810683e-02 1.900785618554369505e-02 1.855671095060991774e-02 1.811065610036980203e-02 1.766988265374587821e-02 1.723456842097362621e-02 1.680487830564233315e-02 1.638096461872939544e-02 1.596296740293613389e-02 1.555101476574289633e-02 1.514522321970762989e-02 1.474569802863481827e-02 1.435253355834077531e-02 1.396581363083593610e-02 1.358561188083542634e-02 1.321199211359512689e-02 1.284500866315236613e-02 1.248470675012740977e-02 1.213112283831497239e-02 1.178428498936346693e-02 1.144421321490430438e-02 1.111091982555372296e-02 1.078440977626629257e-02 1.046468100757186499e-02 1.015172478227693506e-02 9.845526017257121357e-03 9.546063610010029066e-03 9.253310759677073685e-03 8.967235282279608158e-03 8.687799919948394761e-03 8.414962643956797397e-03 8.148676951397024193e-03 7.888892155365310674e-03 7.635553668546598942e-03 7.388603280111831831e-03 7.147979425861763873e-03 6.913617451570304093e-03 6.685449869497958435e-03 6.463406608061893037e-03 6.247415254663950604e-03 6.037401291691270495e-03 5.833288325716447578e-03 5.634998309935332177e-03 5.442451759890641790e-03 5.255567962538828207e-03 5.074265178725852372e-03 4.898460839145105279e-03 4.728071733857351112e-03 4.563014195458652521e-03 4.403204275987534014e-03 4.248557917667404767e-03 4.098991117584389020e-03 3.954420086404321355e-03 3.814761401235748466e-03 3.679932152748389800e-03 3.549850086658668316e-03 3.424433739695617856e-03 3.303602570161838850e-03 3.187277083205068348e-03 3.075378950916512338e-03 2.967831127372320792e-03 2.864557958734473535e-03 2.765485288526899239e-03 2.670540558201992768e-03 2.579652903111601548e-03 2.492753243995354199e-03 2.409774374097602232e-03 2.330651042022477502e-03 2.255320030434529791e-03 2.183720230710149875e-03 2.115792713642476296e-03 2.051480796299821711e-03 1.990730105134737738e-03 1.933488635437742922e-03 1.879706807226479755e-03 1.829337517657623471e-03 1.782336190045220696e-03 1.738660819565409623e-03 1.698272015723502597e-03 1.661133041655397848e-03 1.627209850331057207e-03 1.596471117723486256e-03 1.568888273002217240e-03 1.544435525805756826e-03 1.523089890642818000e-03 1.504831208467438067e-03 1.489642165468265181e-03 1.477508309107432782e-03 1.468418061439486508e-03 1.462362729735834513e-03 1.459336514435161233e-03 1.459336514435161233e-03
4.218763526409718967e-02 4.218763526409718967e-02 4.216757555360780424e-02 4.212749288449231522e-02 4.206746061069119302e-02 4.198758838970372692e-02 4.188802173743615825e-02 4.176894143954358596e-02 4.163056282339433478e-02 4.147313489575309847e-02 4.129693935220198758e-02 4.110228946518840881e-02 4.088952885839643864e-02 4.065903017587403634e-02 4.041119365500431965e-02 4.014644561297737307e-02 3.986523685689091767e-02 3.956804102798006095e-02 3.925535289074103679e-02 3.892768657787085140e-02 3.858557380199028469e-02 3.822956204505430222e-02 3.786021273618293825e-02 3.747809942837210251e-02 3.708380598417324731e-02 3.667792477997141448e-02 3.626105493795236945e-02 3.583380059424108588e-02 3.539676921102778012e-02 3.495056993978509774e-02 3.449581204193399170e-02 3.403310337254714796e-02 3.356304893190067973e-02 3.308624948890698247e-02 3.260330027969565031e-02 3.211478978386379801e-02 3.162129858020066436e-02 3.112339828301107642e-02 3.062165055952371234e-02 3.011660622827820599e-02 2.960880443784319124e-02 2.909877192472695717e-02 2.858702234890584531e-02 2.807405570501191397e-02 2.756035780689042314e-02 2.704639984295795219e-02 2.653263799956115040e-02 2.601951314935211507e-02 2.550745060155508795e-02 2.499685991089896711e-02 2.448813474192604311e-02 2.398165278535662609e-02 2.347777572318823780e-02 2.297684923923329348e-02 2.247920307184662903e-02 2.198515110566213668e-02 2.149499149924076133e-02 2.100900684563016679e-02 2.052746436294387508e-02 2.005061611218468542e-02 1.957869923966001208e-02 1.911193624146403924e-02 1.865053524763142859e-02 1.819469032369839395e-02 1.774458178753753751e-02 1.730037653946257803e-02 1.686222840372599355e-02 1.643027847965695259e-02 1.600465550080732574e-02 1.558547620058990321e-02 1.517284568300478545e-02 1.476685779715685744e-02 1.436759551436926283e-02 1.397513130679464873e-02 1.358952752651775182e-02 1.321083678422944538e-02 1.283910232663394539e-02 1.247435841182746238e-02 1.211663068195832464e-02 1.176593653254573782e-02 1.142228547789686695e-02 1.108567951212027607e-02 1.075611346528796211e-02 1.043357535434851976e-02 1.011804672844046106e-02 9.809503008298074700e-03 9.507913819481825929e-03 9.213243319202171072e-03 8.925450516539586848e-03 8.644489585894692130e-03 8.370310173531157055e-03 8.102857697100280046e-03 7.842073638060418489e-03 7.587895826926479431e-03 7.340258721305013660e-03 7.099093676688905327e-03 6.864329210002598387e-03 6.635891255904204609e-03 6.413703415864885696e-03 6.197687200058575076e-03 5.987762262106790905e-03 5.783846626733668908e-03 5.585856910395867354e-03 5.393708534960506978e-03 5.207315934511938874e-03 5.026592755375026284e-03 4.851452049448717711e-03 4.681806460949088089e-03 4.517568406665790903e-03 4.358650249840038786e-03 4.204964467775816617e-03 4.056423813299101649e-03 3.912941470182482000e-03 3.774431202654584053e-03 3.640807499115548615e-03 3.511985710180936648e-03 3.387882181177394748e-03 3.268414379213925754e-03 3.153501014952771620e-03 3.043062159203752635e-03 2.937019354465453432e-03 2.835295721535861270e-03 2.737816061314009980e-03 2.644506951912862797e-03 2.555296841202062304e-03 2.470116134897355938e-03 2.388897280311414774e-03 2.311574845878456522e-03 2.238085596562573980e-03 2.168368565256909367e-03 2.102365120277894118e-03 2.040019029055644296e-03 1.981276518118261533e-03 1.926086329464338437e-03 1.874399773414267209e-03 1.826170778027150525e-03 1.781355935166147519e-03 1.739914543290946259e-03 1.701808647051836773e-03 1.667003073755446213e-03 1.635465466767720187e-03 1.607166315915110628e-03 1.582078984940233756e-03 1.560179736063421882e-03 1.541447751696734198e-03 1.525865153351995763e-03 1.513417017779378855e-03 1.504091390367978329e-03 1.497879295834625380e-03 1.494774746222021821e-03 1.494774746222021821e-03
4.367085346652385680e-02 4.367085346652385680e-02 4.364987408373839639e-02 4.360795440587743321e-02 4.354517244578918339e-02 4.346164481747493563e-02 4.335752625299788693e-02 4.323300896372470059e-02 4.308832185044170898e-02 4.292372956795412892e-02 4.273953145079582155e-02 4.253606030763817936e-02 4.231368109288023011e-02 4.207278946471756237e-02 4.181381023971369321e-02 4.153719575452689133e-02 4.124342414596748191e-02 4.093299756096982489e-02 4.060644030835244833e-02 4.026429696440646244e-02 3.990713044439408996e-02 3.953552005195643676e-02 3.915005951822545655e-02 3.875135504211502102e-02 3.834002334283528185e-02 3.791668973514541324e-02 3.748198623724011830e-02 3.703654972046889482e-02 3.658102010932713644e-02 3.611603863934767511e-02 3.564224617967539505e-02 3.516028162623937442e-02 3.467078037056099682e-02 3.417437284836431083e-02 3.367168317129952404e-02 3.316332784426176405e-02 3.264991456999487979e-02 3.213204114192078076e-02 3.161029442543709239e-02 3.108524942728166027e-02 3.055746845197802528e-02 3.002750034385090819e-02 2.949587981263746342e-02 2.896312684031805001e-02 2.842974616644699734e-02 2.789622684897909155e-02 2.736304189735709602e-02 2.683064797444684527e-02 2.629948516377549755e-02 2.576997679844145878e-02 2.524252934801729520e-02 2.471753235975502477e-02 2.419535845042310174e-02 2.367636334515153471e-02 2.316088595973232397e-02 2.264924852291280363e-02 2.214175673532687086e-02 2.163869996182894717e-02 2.114035145412649502e-02 2.064696860074493115e-02 2.015879320150294751e-02 1.967605176382282092e-02 1.919895581834909701e-02 1.872770225149737039e-02 1.826247365270179668e-02 1.780343867427456456e-02 1.735075240193130822e-02 1.690455673417328580e-02 1.646498076884900588e-02 1.603214119534454238e-02 1.560614269097291250e-02 1.518707832024790774e-02 1.477502993583720489e-02 1.437006858009273226e-02 1.397225488615367987e-02 1.358163947770885463e-02 1.319826336659103184e-02 1.282215834745578480e-02 1.245334738887211856e-02 1.209184502022192693e-02 1.173765771386960609e-02 1.139078426212326856e-02 1.105121614856433704e-02 1.071893791337351180e-02 1.039392751232833499e-02 1.007615666919108900e-02 9.765591221245841641e-03 9.462191457780055187e-03 9.165912451340057360e-03 8.876704381620465281e-03 8.594512851875946852e-03 8.319279197769499298e-03 8.050940788595096695e-03 7.789431320833870194e-03 7.534681104022770970e-03 7.286617338932262038e-03 7.045164388065876769e-03 6.810244038509024114e-03 6.581775757167777907e-03 6.359676938450243601e-03 6.143863144453997650e-03 5.934248337732748492e-03 5.730745106724059040e-03 5.533264883927827178e-03 5.341718156932071145e-03 5.156014672388777031e-03 4.976063633047954522e-03 4.801773887962821827e-03 4.633054115983119108e-03 4.469813002657169188e-03 4.311959410666229078e-03 4.159402543917244989e-03 4.012052105422123614e-03 3.869818449093250564e-03 3.732612725586126941e-03 3.600347022320863309e-03 3.472934497814611152e-03 3.350289510457172409e-03 3.232327741861734920e-03 3.118966314922135170e-03 3.010123906707221422e-03 2.905720856321723257e-03 2.805679267861660529e-03 2.709923108590639451e-03 2.618378302461503090e-03 2.530972819105644679e-03 2.447636758409934676e-03 2.368302430798615611e-03 2.292904433334742344e-03 2.221379721752739927e-03 2.153667678530470260e-03 2.089710177105836772e-03 2.029451642339399377e-03 1.972839107320771730e-03 1.919822266612693576e-03 1.870353526022640973e-03 1.824388048987671913e-03 1.781883799653889494e-03 1.742801582727459804e-03 1.707105080169568460e-03 1.674760884803001663e-03 1.645738530893273025e-03 1.620010521762302487e-03 1.597552354487704945e-03 1.578342541735652587e-03 1.562362630770161879e-03 1.549597219676431773e-03 1.540033970830604823e-03 1.533663621643004864e-03 1.530479992596531832e-03 1.530479992596531832e-03
4.519367892294152284e-02 4.519367892294152284e-02 4.517173927874482131e-02 4.512790157123824225e-02 4.506224878571281345e-02 4.497490496017039763e-02 4.486603466095277770e-02 4.473584228947077857e-02 4.458457122502450937e-02 4.441250280988169596e-02 4.421995518390559737e-02 4.400728197708759365e-02 4.377487086932873445e-02 4.352314202771893209e-02 4.325254643236924740e-02 4.296356410255060265e-02 4.265670223547215339e-02 4.233249327048417554e-02 4.199149289180822975e-02 4.163427798307522965e-02 4.126144454698929542e-02 4.087360560333061499e-02 4.047138907826835358e-02 4.005543569758019534e-02 3.962639689587661718e-02 3.918493275331687287e-02 3.873170997059175585e-02 3.826739989215132559e-02 3.779267658678693576e-02 3.730821499375570893e-02 3.681468914167553702e-02 3.631277044643752699e-02 3.580312609339628832e-02 3.528641750812051142e-02 3.476329891903098129e-02 3.423441601433213632e-02 3.370040469476717759e-02 3.316188992290312193e-02 3.261948466888951043e-02 3.207378895193584850e-02 3.152538897612326696e-02 3.097485635860556044e-02 3.042274744776589032e-02 2.986960272847513295e-02 2.931594631124563241e-02 2.876228550178659346e-02 2.820911044724084063e-02 2.765689385521292662e-02 2.710609078158193047e-02 2.655713848302247368e-02 2.601045633013140956e-02 2.546644577706877813e-02 2.492549038366629471e-02 2.438795588602982178e-02 2.385419031175958424e-02 2.332452413602907962e-02 2.279927047489715281e-02 2.227872531237402864e-02 2.176316775791767300e-02 2.125286033119929210e-02 2.074804927114344555e-02 2.024896486641683882e-02 1.975582180470842122e-02 1.926881953831077396e-02 1.878814266367694052e-02 1.831396131278720599e-02 1.784643155431579406e-02 1.738569580273720619e-02 1.693188323365569722e-02 1.648511020377853992e-02 1.604548067408411924e-02 1.561308663485946359e-02 1.518800853139823208e-02 1.477031568925999197e-02 1.436006673809415296e-02 1.395731003312839641e-02 1.356208407351070649e-02 1.317441791677784885e-02 1.279433158880048139e-02 1.242183648862675224e-02 1.205693578771273311e-02 1.169962482308908001e-02 1.134989148406979204e-02 1.100771659216078294e-02 1.067307427387349794e-02 1.034593232619255426e-02 1.002625257448617677e-02 9.713991222684821916e-03 9.409099195586629119e-03 9.111522473178677167e-03 8.821202416890768644e-03 8.538076087723396601e-03 8.262076556214545051e-03 7.993133204230524341e-03 7.731172018584791389e-03 7.476115876505571439e-03 7.227884822988446013e-03 6.986396340083710944e-03 6.751565608180718631e-03 6.523305759362477488e-03 6.301528122913712879e-03 6.086142463074408794e-03 5.877057209138741682e-03 5.674179678006216823e-03 5.477416289298082594e-03 5.286672773157276989e-03 5.101854370855032732e-03 4.922866028331161770e-03 4.749612582798529332e-03 4.581998942545096980e-03 4.419930260069288887e-03 4.263312098686340354e-03 4.112050592744703054e-03 3.966052601592694356e-03 3.825225857436143594e-03 3.689479107228160228e-03 3.558722248732042182e-03 3.432866460897987873e-03 3.311824328693611496e-03 3.195509962527257573e-03 3.083839112401886521e-03 2.976729276935805024e-03 2.874099807384721764e-03 2.775872006797643152e-03 2.681969224436873359e-03 2.592316945589925696e-03 2.506842876898527760e-03 2.425477027326977154e-03 2.348151784889085728e-03 2.274801989249686848e-03 2.205365000313229407e-03 2.139780762908404400e-03 2.077991867673951304e-03 2.019943608246865373e-03 1.965584034850144726e-03 1.914864004372972967e-03 1.867737227031875027e-03 1.824160309696851948e-03 1.784092795961901784e-03 1.747497203034563537e-03 1.714339055514270752e-03 1.684586916124335317e-03 1.658212413457322036e-03 1.635190266788434134e-03 1.615498308006294232e-03 1.599117500705199901e-03 1.586031956477590606e-03 1.576228948439991956e-03 1.569698922020288691e-03 1.566435503028613691e-03 1.566435503028613691e-03
4.675719488578385791e-02 4.675719488578385791e-02 4.673425201271046853e-02 4.668841051141289777e-02 4.661975867996026590e-02 4.652842848777712786e-02 4.641459500632177937e-02 4.627847565645140659e-02 4.612032927795267634e-02 4.594045502801226422e-02 4.573919111664333237e-02 4.551691338826090172e-02 4.527403375969671351e-02 4.501099852594842021e-02 4.472828654585643549e-02 4.442640732067893589e-02 4.410589897918074792e-02 4.376732618335423680e-02 4.341127796923996418e-02 4.303836553750778338e-02 4.264922000849009909e-02 4.224449015623023274e-02 4.182484013582228599e-02 4.139094721788217496e-02 4.094349954341198333e-02 4.048319391161451369e-02 4.001073361239681353e-02 3.952682631438728805e-02 3.903218201829904144e-02 3.852751108442275391e-02 3.801352234194196184e-02 3.749092128665478668e-02 3.696040837257405509e-02 3.642267740178097707e-02 3.587841401584035417e-02 3.532829429106235791e-02 3.477298343892712418e-02 3.421313461208425055e-02 3.364938781550684543e-02 3.308236892162318143e-02 3.251268878757282432e-02 3.194094247213877941e-02 3.136770854939252562e-02 3.079354851565367993e-02 3.021900628600692265e-02 2.964460777633248778e-02 2.907086056658803735e-02 2.849825364092373886e-02 2.792725720011462326e-02 2.735832254174697803e-02 2.679188200359519656e-02 2.622834896566461627e-02 2.566811790645003380e-02 2.511156450906314522e-02 2.455904581301022668e-02 2.401090040754883664e-02 2.346744866271629343e-02 2.292899299429752499e-02 2.239581815918380986e-02 2.186819157776261069e-02 2.134636368017068034e-02 2.083056827343442163e-02 2.032102292671191315e-02 1.981792937203854382e-02 1.932147391816052898e-02 1.883182787521798032e-02 1.834914798820961798e-02 1.787357687733464456e-02 1.740524348346336042e-02 1.694426351713579360e-02 1.649073990962789463e-02 1.604476326475623091e-02 1.560641231021635093e-02 1.517575434736542772e-02 1.475284569846803742e-02 1.433773215052457084e-02 1.393044939489503434e-02 1.353102346201737194e-02 1.313947115059960723e-02 1.275580045073834365e-02 1.238001096048429658e-02 1.201209429543733179e-02 1.165203449101090590e-02 1.129980839705766772e-02 1.095538606459573946e-02 1.061873112441873157e-02 1.028980115741194232e-02 9.968548056433258059e-03 9.654918379649931465e-03 9.348853695251955684e-03 9.050290917489479253e-03 8.759162634006051676e-03 8.475397424461123333e-03 8.198920170455018322e-03 7.929652356787206258e-03 7.667512364094561383e-03 7.412415752930533348e-03 7.164275539358815753e-03 6.923002462146415903e-03 6.688505241651146113e-03 6.460690830507377115e-03 6.239464656221866030e-03 6.024730855798346094e-03 5.816392502515555299e-03 5.614351824988800428e-03 5.418510418649487119e-03 5.228769449781039969e-03 5.045029852252839835e-03 4.867192517096483040e-03 4.695158475070888501e-03 4.528829072364391230e-03 4.368106139583283372e-03 4.212892154177066278e-03 4.063090396451128107e-03 3.918605099317683770e-03 3.779341591935545582e-03 3.645206437388771262e-03 3.516107564553345999e-03 3.391954394299962015e-03 3.272657960179552617e-03 3.158131023736527720e-03 3.048288184592877568e-03 2.943045985444054519e-03 2.842323012105297132e-03 2.746039988744429245e-03 2.654119868434438000e-03 2.566487919156155810e-03 2.483071805378223636e-03 2.403801665338156212e-03 2.328610184144845694e-03 2.257432662819128764e-03 2.190207083385220608e-03 2.126874170121776861e-03 2.067377447077237227e-03 2.011663291949769387e-03 1.959680986427686164e-03 1.911382763081676288e-03 1.866723848895453100e-03 1.825662505516619915e-03 1.788160066304630633e-03 1.754180970247675104e-03 1.723692792815185006e-03 1.696666273807439064e-03 1.673075342258416700e-03 1.652897138442670916e-03 1.636112033031527930e-03 1.622703643438390105e-03 1.612658847387344859e-03 1.605967793733662592e-03 1.602623910559079811e-03 1.602623910559079811e-03
4.836251740433641227e-02 4.836251740433641227e-02 4.833852579533128024e-02 4.829058967157566495e-02 4.821880301344748376e-02 4.812330627271046990e-02 4.800428575421247096e-02 4.786197279855815279e-02 4.769664277176256795e-02 4.750861386931833769e-02 4.729824574348121674e-02 4.706593796388208739e-02 4.681212832279268987e-02 4.653729099749138315e-02 4.624193458317706062e-02 4.592660001074912873e-02 4.559185836449242829e-02 4.523830861526686314e-02 4.486657528519004401e-02 4.447730606001085163e-02 4.407116936539785118e-02 4.364885192320888674e-02 4.321105630347163440e-02 4.275849848729515457e-02 4.229190545526401862e-02 4.181201281505227130e-02 4.131956248105252832e-02 4.081530041776701423e-02 4.029997445757290547e-02 3.977433220227706567e-02 3.923911901663713897e-02 3.869507612077018738e-02 3.814293878711664393e-02 3.758343464639589404e-02 3.701728210579827150e-02 3.644518888152157438e-02 3.586785064668980560e-02 3.528594979470040666e-02 3.470015431713852766e-02 3.411111679457982937e-02 3.351947349787934294e-02 3.292584359691312634e-02 3.233082847320233738e-02 3.173501113240057708e-02 3.113895571226471190e-02 3.054320708144796920e-02 2.994829052424929222e-02 2.935471150631630693e-02 2.876295551622569044e-02 2.817348797784616221e-02 2.758675422842016278e-02 2.700317955737304917e-02 2.642316930096746258e-02 2.584710898805964510e-02 2.527536453237716821e-02 2.470828246692092361e-02 2.414619021629088591e-02 2.358939640294299006e-02 2.303819118359929155e-02 2.249284661225151374e-02 2.195361702641712362e-02 2.142073945352436851e-02 2.089443403451675049e-02 2.037490446197591856e-02 1.986233843026406418e-02 1.935690809538187854e-02 1.885877054242396378e-02 1.836806825869172904e-02 1.788492961069155021e-02 1.740946932340520226e-02 1.694178896036897461e-02 1.648197740323784424e-02 1.603011132964204249e-02 1.558625568826501120e-02 1.515046417018496745e-02 1.472277967562699193e-02 1.430323477536919220e-02 1.389185216613573332e-02 1.348864511939135841e-02 1.309361792302716695e-02 1.270676631549624153e-02 1.232807791202053353e-02 1.195753262254761751e-02 1.159510306118817329e-02 1.124075494691240650e-02 1.089444749532640644e-02 1.055613380138852204e-02 1.022576121296085716e-02 9.903271695122667709e-03 9.588602185201083525e-03 9.281684938500064236e-03 8.982447864731749054e-03 8.690814855174753759e-03 8.406706100602602538e-03 8.130038400041748881e-03 7.860725460433450745e-03 7.598678187286588351e-03 7.343804966420126867e-03 7.096011936904044956e-03 6.855203255316397182e-03 6.621281351442145045e-03 6.394147175545979861e-03 6.173700437357453052e-03 5.959839836911575393e-03 5.752463287392548322e-03 5.551468130131732154e-03 5.356751341914022142e-03 5.168209734749202450e-03 4.985740148266723341e-03 4.809239634893778051e-03 4.638605637977514205e-03 4.473736163012753328e-03 4.314529942136848678e-03 4.160886592053054077e-03 4.012706765543386928e-03 3.869892296731097369e-03 3.732346340251839825e-03 3.599973504491238516e-03 3.472679979045003706e-03 3.350373656555847256e-03 3.232964249079430322e-03 3.120363399129227628e-03 3.012484785547750281e-03 2.909244224348803923e-03 2.810559764672603683e-03 2.716351779992448329e-03 2.626543054708406922e-03 2.541058866260015228e-03 2.459827062886365753e-03 2.382778137158210463e-03 2.309845295402734866e-03 2.240964523137605954e-03 2.176074646626631210e-03 2.115117390665020424e-03 2.058037432697684948e-03 2.004782453369422391e-03 1.955303183601012247e-03 1.909553448280389837e-03 1.867490206653063013e-03 1.829073589490805849e-03 1.794266933112480169e-03 1.763036810325509327e-03 1.735353058351146640e-03 1.711188803791203290e-03 1.690520484688342239e-03 1.673327869726447606e-03 1.659594074611874751e-03 1.649305575670669769e-03 1.642452220691079752e-03 1.639027237034829847e-03 1.639027237034829847e-03
5.001079749178668349e-02 5.001079749178668349e-02 4.998570892473386262e-02 4.993558193570836468e-02 4.986051658875291503e-02 4.976066241630360681e-02 4.963621774749232135e-02 4.948742882028356327e-02 4.931458868401934759e-02 4.911803590051658924e-02 4.889815305337684437e-02 4.865536507661420013e-02 4.839013741506321270e-02 4.810297403027842533e-02 4.779441526675941299e-02 4.746503559431098501e-02 4.711544124315870941e-02 4.674626774906999460e-02 4.635817742616529791e-02 4.595185678533519891e-02 4.552801391619930999e-02 4.508737585035358514e-02 4.463068592325723782e-02 4.415870115151735581e-02 4.367218964155437921e-02 4.317192804468983347e-02 4.265869907261345129e-02 4.213328908598167055e-02 4.159648576759982647e-02 4.104907589027383119e-02 4.049184318800854582e-02 3.992556633780702802e-02 3.935101705791039378e-02 3.876895832693551258e-02 3.818014272703636885e-02 3.758531091295190529e-02 3.698519020762241344e-02 3.638049332396871283e-02 3.577191721144202391e-02 3.516014202507140168e-02 3.454583021396320092e-02 3.392962572554287376e-02 3.331215332127104856e-02 3.269401799910937045e-02 3.207580451765287832e-02 3.145807701657606092e-02 3.084137872785444601e-02 3.022623177211317125e-02 2.961313703441156853e-02 2.900257411378941511e-02 2.839500134096940506e-02 2.779085585872310277e-02 2.719055375955717682e-02 2.659449027555637474e-02 2.600304001542358065e-02 2.541655724397934649e-02 2.483537619961805054e-02 2.425981144546223225e-02 2.369015825020510252e-02 2.312669299488135169e-02 2.256967360205506395e-02 2.201933998415813235e-02 2.147591450795164475e-02 2.093960247231360997e-02 2.041059259677960314e-02 1.988905751847533376e-02 1.937515429528311253e-02 1.886902491327602932e-02 1.837079679663441989e-02 1.788058331842929186e-02 1.739848431081606958e-02 1.692458657333020811e-02 1.645896437811389737e-02 1.600167997103050382e-02 1.555278406774104547e-02 1.511231634392562299e-02 1.468030591893232893e-02 1.425677183222742034e-02 1.384172351210409373e-02 1.343516123618348178e-02 1.303707658331072598e-02 1.264745287651212156e-02 1.226626561673637740e-02 1.189348290715477006e-02 1.152906586784164383e-02 1.117296904069873392e-02 1.082514078452473209e-02 1.048552366016540158e-02 1.015405480570990594e-02 9.830666301726454642e-03 9.515285526554381756e-03 9.207835501691566046e-03 8.908235227335161571e-03 8.616400008150743722e-03 8.332241769359814351e-03 8.055669363249024287e-03 7.786588866215899893e-03 7.524903866476156770e-03 7.270515742566407633e-03 7.023323932783766613e-03 6.783226195710426870e-03 6.550118861976878502e-03 6.323897077422214671e-03 6.104455037813894328e-03 5.891686215292636294e-03 5.685483576710671262e-03 5.485739794033714541e-03 5.292347446978411078e-03 5.105199218058180388e-03 4.924188080210859138e-03 4.749207477181867018e-03 4.580151496836350027e-03 4.416915037573364983e-03 4.259393968014268776e-03 4.107485280136432410e-03 3.961087236022039874e-03 3.820099508390064399e-03 3.684423315077708320e-03 3.553961547635465634e-03 3.428618894197709398e-03 3.308301956788159155e-03 3.192919363216921609e-03 3.082381873722894738e-03 2.976602482512237264e-03 2.875496514340420470e-03 2.778981716281886481e-03 2.686978344827823870e-03 2.599409248448818818e-03 2.516199945755215675e-03 2.437278699384035248e-03 2.362576585737069437e-03 2.292027560690459206e-03 2.225568521391603320e-03 2.163139364254640026e-03 2.104683039261033648e-03 2.050145600666924799e-03 1.999476254213982361e-03 1.952627400935374275e-03 1.909554677643327024e-03 1.870216994179432855e-03 1.834576567503496975e-03 1.802598952691245428e-03 1.774253070905643711e-03 1.749511234400966987e-03 1.728349168613036845e-03 1.710746031383280274e-03 1.696684429358429622e-03 1.686150431601823266e-03 1.679133580446314031e-03 1.675626899612858104e-03 1.675626899612858104e-03
5.170322346515730805e-02 5.170322346515730805e-02 5.167698681188394316e-02 5.162456692008522002e-02 5.154607037353239191e-02 5.144165643538465421e-02 5.131153631826618211e-02 5.115597221946895784e-02 5.097527612846198403e-02 5.076980841561574975e-02 5.053997621272600382e-02 5.028623159752596689e-02 5.000906959588898720e-02 4.970902601682274102e-02 4.938667513661799263e-02 4.904262724961546555e-02 4.867752610397002577e-02 4.829204624150416209e-02 4.788689026123268966e-02 4.746278602639807803e-02 4.702048383487145156e-02 4.656075357254867847e-02 4.608438186890736338e-02 4.559216927320099838e-02 4.508492746886635233e-02 4.456347654263154157e-02 4.402864232356024782e-02 4.348125380588074157e-02 4.292214066795804750e-02 4.235213089820390187e-02 4.177204853711573296e-02 4.118271154302056286e-02 4.058492978750301988e-02 3.997950318494279676e-02 3.936721995909928801e-02 3.874885504827821348e-02 3.812516864931275035e-02 3.749690489940047528e-02 3.686479069376737833e-02 3.622953463618294040e-02 3.559182611853008854e-02 3.495233452493826110e-02 3.431170855541226805e-02 3.367057566343124170e-02 3.302954160164118386e-02 3.238919006951444801e-02 3.175008245669136420e-02 3.111275767564298037e-02 3.047773207729067430e-02 2.984549944327817908e-02 2.921653104870635537e-02 2.859127578930031541e-02 2.797016036717587736e-02 2.735358952959924400e-02 2.674194635538334683e-02 2.613559258383088210e-02 2.553486898141164863e-02 2.494009574164565701e-02 2.435157291394986906e-02 2.376958085749104194e-02 2.319438071636831245e-02 2.262621491272243796e-02 2.206530765463465132e-02 2.151186545593284857e-02 2.096607766526704247e-02 2.042811700204788875e-02 1.989814009706137796e-02 1.937628803577927730e-02 1.886268690257844952e-02 1.835744832426292744e-02 1.786067001145057176e-02 1.737243629654220203e-02 1.689281866713490329e-02 1.642187629387407283e-02 1.595965655186059803e-02 1.550619553484120644e-02 1.506151856151217647e-02 1.462564067335958042e-02 1.419856712354383710e-02 1.378029385641307315e-02 1.337080797729918794e-02 1.297008821231347003e-02 1.257810535791472478e-02 1.219482272007407948e-02 1.182019654290593531e-02 1.145417642667540849e-02 1.109670573512903415e-02 1.074772199212791282e-02 1.040715726759137288e-02 1.007493855278468985e-02 9.750988125007050214e-03 9.435223901755928136e-03 9.127559784461402453e-03 8.827905991899412039e-03 8.536169383406237016e-03 8.252253772028171619e-03 7.976060227750311760e-03 7.707487370957159800e-03 7.446431656284926461e-03 7.192787647031851674e-03 6.946448280297898639e-03 6.707305123029656119e-03 6.475248619149687537e-03 6.250168327952401737e-03 6.031953153950653061e-03 5.820491568358793742e-03 5.615671822399010034e-03 5.417382152618248001e-03 5.225510978403239554e-03 5.039947091880832286e-03 4.860579840390293234e-03 4.687299301713264421e-03 4.519996452245904871e-03 4.358563328296218529e-03 4.202893180687885741e-03 4.052880622849908826e-03 3.908421772569239082e-03 3.769414387581130829e-03 3.635757995169426778e-03 3.507354015946183030e-03 3.384105881977101694e-03 3.265919149416159940e-03 3.152701605809490187e-03 3.044363372225186454e-03 2.940817000362089349e-03 2.841977564786875559e-03 2.747762750444869388e-03 2.658092935586015264e-03 2.572891270243216587e-03 2.492083750395996181e-03 2.415599287947968465e-03 2.343369776642065857e-03 2.275330154032750851e-03 2.211418459629656968e-03 2.151575889322154302e-03 2.095746846189297345e-03 2.043878987794455447e-03 1.995923270058675651e-03 1.951833987801451136e-03 1.911568812032122958e-03 1.875088824069598599e-03 1.842358546562424980e-03 1.813345971475546553e-03 1.788022585104303338e-03 1.766363390170338056e-03 1.748346925048207103e-03 1.733955280165472767e-03 1.723174111613066072e-03 1.715992651996629381e-03 1.712403718553444105e-03 1.712403718553444105e-03
5.344102347375963985e-02 5.344102347375963985e-02 5.341358449209830661e-02 5.335876345103628821e-02 5.327667392799632917e-02 5.316748562333634825e-02 5.303142356693056614e-02 5.286876706944792365e-02 5.267984842615138635e-02 5.246505138294294684e-02 5.222480937623109887e-02 5.195960355998278934e-02 5.166996063501249487e-02 5.135645049713408183e-02 5.101968372222603215e-02 5.066030890750704285e-02 5.027900988936240267e-02 4.987650285887125501e-02 4.945353339674472826e-02 4.901087344967439835e-02 4.854931827010393330e-02 4.806968334116908104e-02 4.757280130800962958e-02 4.705951893585388207e-02 4.653069411423027546e-02 4.598719292539898279e-02 4.542988679364938498e-02 4.485964973050984156e-02 4.427735568920340703e-02 4.368387603989245388e-02 4.308007717542526593e-02 4.246681825546354955e-02 4.184494909506387972e-02 4.121530820204022394e-02 4.057872096577053861e-02 3.993599799855399729e-02 3.928793362918915621e-02 3.863530454714192430e-02 3.797886859451303498e-02 3.731936370200097941e-02 3.665750696418937360e-02 3.599399384876371399e-02 3.532949753367709000e-02 3.466466836582947353e-02 3.400013343449149322e-02 3.333649625248164688e-02 3.267433653798446080e-02 3.201421008986429784e-02 3.135664874937519470e-02 3.070216044127931782e-02 3.005122928755553022e-02 2.940431578709427202e-02 2.876185705502741149e-02 2.812426711562248174e-02 2.749193724297260832e-02 2.686523634402990246e-02 2.624451137885481025e-02 2.563008781328219438e-02 2.502227009953183340e-02 2.442134218061401893e-02 2.382756801469580049e-02 2.324119211589855197e-02 2.266244010829090647e-02 2.209151929012164242e-02 2.152861920560270384e-02 2.097391222180417306e-02 2.042755410845939826e-02 1.988968461869915910e-02 1.936042806894016852e-02 1.883989391634421223e-02 1.832817733244134287e-02 1.782535977167348448e-02 1.733150953376494385e-02 1.684668231896333662e-02 1.637092177532025253e-02 1.590426003729494137e-02 1.544671825506845411e-02 1.499830711404947191e-02 1.455902734413838141e-02 1.412887021839262167e-02 1.370781804080534530e-02 1.329584462297143076e-02 1.289291574946994229e-02 1.249898963184184822e-02 1.211401735108560106e-02 1.173794328863233920e-02 1.137070554579690945e-02 1.101223635173164198e-02 1.066246245993653259e-02 1.032130553340306588e-02 9.988682518489638840e-03 9.664506007644362365e-03 9.348684591106633593e-03 9.041123197732304356e-03 8.741723425098803235e-03 8.450383859056265906e-03 8.167000382899244210e-03 7.891466476340274275e-03 7.623673504472575774e-03 7.363510996913615221e-03 7.110866917325255228e-03 6.865627923508905647e-03 6.627679618276453508e-03 6.396906791299120792e-03 6.173193652137492875e-03 5.956424054656170308e-03 5.746481713026707454e-03 5.543250409521824004e-03 5.346614194303215412e-03 5.156457577404052230e-03 4.972665713105881881e-03 4.795124576907866532e-03 4.623721135284408583e-03 4.458343508424969688e-03 4.298881126147563805e-03 4.145224877174773226e-03 3.997267251958412995e-03 3.854902479236050478e-03 3.718026656499443059e-03 3.586537874551808461e-03 3.460336336327333225e-03 3.339324470142940055e-03 3.223407037548497479e-03 3.112491235938011098e-03 3.006486796080272070e-03 2.905306074723449077e-03 2.808864142423873802e-03 2.717078866744971743e-03 2.629870990967828927e-03 2.547164208450344424e-03 2.468885232767207075e-03 2.394963863758166073e-03 2.325333049607115898e-03 2.259928945069533505e-03 2.198690965960635370e-03 2.141561840011396971e-03 2.088487654194248668e-03 2.039417898614804495e-03 1.994305507060451822e-03 1.953106894291016700e-03 1.915781990150994480e-03 1.882294270577064511e-03 1.852610785568720077e-03 1.826702184183931054e-03 1.804542736615733162e-03 1.786110353399610615e-03 1.771386601795380900e-03 1.760356719381177487e-03 1.753009624890893839e-03 1.749337926320229837e-03 1.749337926320229837e-03
5.522546823319120224e-02 5.522546823319120224e-02 5.519676934055166989e-02 5.513943224361500528e-02 5.505357802867549138e-02 5.493938760132911769e-02 5.479710082382410752e-02 5.462701537479681957e-02 5.442948533989019205e-02 5.420491954384201033e-02 5.395377963667932764e-02 5.367657794864283405e-02 5.337387513036143116e-02 5.304627759657227354e-02 5.269443479329634361e-02 5.231903630980425796e-02 5.192080885789848027e-02 5.150051314197014868e-02 5.105894064393180776e-02 5.059691034745953525e-02 5.011526542599021444e-02 4.961486991860551005e-02 4.909660541730145877e-02 4.856136778820643179e-02 4.801006394809326228e-02 4.744360871606605190e-02 4.686292175862542125e-02 4.626892464446817621e-02 4.566253802340450307e-02 4.504467894172125425e-02 4.441625830422830240e-02 4.377817849113879028e-02 4.313133113589122380e-02 4.247659506805563645e-02 4.181483442360747066e-02 4.114689692312378799e-02 4.047361231687613553e-02 3.979579099437403900e-02 3.911422275466167747e-02 3.842967573258987413e-02 3.774289547537407891e-02 3.705460416300360160e-02 3.636549996547799174e-02 3.567625652940520364e-02 3.498752258618977734e-02 3.429992167385630814e-02 3.361405196447982829e-02 3.293048618921715770e-02 3.224977165303862664e-02 3.157243033143470462e-02 3.089895904160532003e-02 3.022982968091885575e-02 2.956548952574373362e-02 2.890636158409782414e-02 2.825284499592166723e-02 2.760531547515403250e-02 2.696412578816501440e-02 2.632960626347851524e-02 2.570206532808819860e-02 2.508179006603359143e-02 2.446904679525535586e-02 2.386408165908681170e-02 2.326712122906107044e-02 2.267837311602009798e-02 2.209802658679997298e-02 2.152625318403838389e-02 2.096320734690307330e-02 2.040902703077577748e-02 1.986383432414442693e-02 1.932773606115741408e-02 1.880082442847934299e-02 1.828317756525717555e-02 1.777486015516080084e-02 1.727592400960337518e-02 1.678640864137505295e-02 1.630634182803976026e-02 1.583574016454970465e-02 1.537460960462663784e-02 1.492294599054370778e-02 1.448073557101773115e-02 1.404795550698942005e-02 1.362457436512952424e-02 1.321055259896249980e-02 1.280584301754669405e-02 1.241039124169201341e-02 1.202413614773273180e-02 1.164701029890557495e-02 1.127894036441128706e-02 1.091984752626244323e-02 1.056964787404150730e-02 1.022825278771148996e-02 9.895569308637141778e-03 9.571500498987993433e-03 9.255945789705909837e-03 8.948801317229065216e-03 8.649960249172269564e-03 8.359313099169785391e-03 8.076748031091962252e-03 7.802151152850970821e-03 7.535406800013970570e-03 7.276397809444157087e-03 7.025005783191583600e-03 6.781111342856339062e-03 6.544594374646891567e-03 6.315334265356034593e-03 6.093210129476075640e-03 5.878101027673796573e-03 5.669886176844094773e-03 5.468445151959524554e-03 5.273658079930777787e-03 5.085405825690871018e-03 4.903570170713248549e-03 4.728033984171307359e-03 4.558681386943934551e-03 4.395397908668584493e-03 4.238070638040232659e-03 4.086588366551171733e-03 3.940841725863159124e-03 3.800723318999800308e-03 3.666127845543365286e-03 3.536952221016332731e-03 3.413095690624061516e-03 3.294459937530907524e-03 3.180949185837893007e-03 3.072470298425798718e-03 2.968932869823122898e-03 2.870249314253865616e-03 2.776334949015465698e-03 2.687108073332531138e-03 2.602490042827162228e-03 2.522405339741747021e-03 2.446781639045075406e-03 2.375549870547495439e-03 2.308644277145587616e-03 2.246002469311524086e-03 2.187565475936818424e-03 2.133277791634692090e-03 2.083087420599631472e-03 2.036945917117036035e-03 1.994808422810059358e-03 1.956633700704888800e-03 1.922384166189764496e-03 1.892025914937020548e-03 1.865528747851372604e-03 1.842866193101504266e-03 1.824015525285851069e-03 1.808957781777184581e-03 1.797677776284349865e-03 1.790164109663166256e-03 1.786409178002118557e-03 1.786409178002118557e-03
5.705787398341496952e-02 5.705787398341496952e-02 5.702785401017630013e-02 5.696787879928741360e-02 5.687807750616832164e-02 5.675864307684946874e-02 5.660983130987495837e-02 5.643195961622030077e-02 5.622540548641741243e-02 5.599060467637410193e-02 5.572804912564391366e-02 5.543828462412007940e-02 5.512190824526023991e-02 5.477956556596063481e-02 5.441194769504086037e-02 5.401978813393525786e-02 5.360385949456112492e-02 5.316497010041449506e-02 5.270396049769038999e-02 5.222169990361251457e-02 5.171908261917138039e-02 5.119702443310319984e-02 5.065645904320287968e-02 5.009833451997192100e-02 4.952360983618257079e-02 4.893325148423458004e-02 4.832823020123230146e-02 4.770951781957067511e-02 4.707808425854090317e-02 4.643489467010372684e-02 4.578090674958463363e-02 4.511706821966814801e-02 4.444431449375460530e-02 4.376356652252971075e-02 4.307572882551974347e-02 4.238168770748674402e-02 4.168230965778085134e-02 4.097843992922051842e-02 4.027090129172618965e-02 3.956049295478523270e-02 3.884798965187762770e-02 3.813414087923076151e-02 3.741967028069000806e-02 3.670527517007502599e-02 3.599162618212575077e-02 3.527936704301150306e-02 3.456911445136425648e-02 3.386145806088797228e-02 3.315696055577414814e-02 3.245615781040357001e-02 3.175955912512340440e-02 3.106764753024272505e-02 3.038088015077823958e-02 2.969968862489425973e-02 2.902447956940779061e-02 2.835563508616432624e-02 2.769351330352389992e-02 2.703844894762695919e-02 2.639075393852934048e-02 2.575071800670261993e-02 2.511860932578657488e-02 2.449467515785363689e-02 2.387914250779818448e-02 2.327221878379640008e-02 2.267409246109428761e-02 2.208493374667229794e-02 2.150489524260484897e-02 2.093411260618286557e-02 2.037270520509682978e-02 1.982077676618918330e-02 1.927841601647711095e-02 1.874569731532265207e-02 1.822268127678621299e-02 1.770941538134402499e-02 1.720593457628027956e-02 1.671226186418158302e-02 1.622840887906672538e-02 1.575437644977848925e-02 1.529015515034799419e-02 1.483572583711656456e-02 1.439106017246596751e-02 1.395612113506605745e-02 1.353086351660015910e-02 1.311523440497340369e-02 1.270917365404837171e-02 1.231261433998660955e-02 1.192548320430403958e-02 1.154770108377373150e-02 1.117918332733128413e-02 1.081984020015658646e-02 1.046957727512132057e-02 1.012829581180480464e-02 9.795893123291413498e-03 9.472262930971855552e-03 9.157295707577544491e-03 8.850879008683030721e-03 8.552897792915601510e-03 8.263234731114276269e-03 7.981770504682562245e-03 7.708384093380422734e-03 7.442953052801465873e-03 7.185353781781029896e-03 6.935461779980139040e-03 6.693151895889030110e-03 6.458298565492176860e-03 6.230776041834768658e-03 6.010458615728244205e-03 5.797220827829749693e-03 5.590937672327662110e-03 5.391484792462175081e-03 5.198738668106728418e-03 5.012576795632707645e-03 4.832877860276278345e-03 4.659521901222611097e-03 4.492390469618982342e-03 4.331366779724395849e-03 4.176335853399398661e-03 4.027184658135761659e-03 3.883802238821544139e-03 3.746079843432853756e-03 3.613911042839324135e-03 3.487191844905933140e-03 3.365820803069382965e-03 3.249699119562621079e-03 3.138730743456530879e-03 3.032822463683081636e-03 2.931883997199370966e-03 2.835828072447186578e-03 2.744570508257649071e-03 2.658030288345473394e-03 2.576129631532205790e-03 2.498794057832534263e-03 2.425952450532441532e-03 2.357537114382510235e-03 2.293483830024197184e-03 2.233731904761256451e-03 2.178224219782810313e-03 2.126907273938784346e-03 2.079731224162551829e-03 2.036649922629715434e-03 1.997620950735917809e-03 1.962605649970499810e-03 1.931569149756670991e-03 1.904480392322641666e-03 1.881312154661897657e-03 1.862041067634461660e-03 1.846647632254621576e-03 1.835116233204189167e-03 1.827435149603896412e-03 1.823596563069046494e-03 1.823596563069046494e-03
5.893960569110856529e-02 5.893960569110856529e-02 5.890819961199703775e-02 5.884545654239127510e-02 5.875151431617138542e-02 5.862657882822096961e-02 5.847092301417469717e-02 5.828488550156526310e-02 5.806886894226408885e-02 5.782333803862726995e-02 5.754881727827036025e-02 5.724588839487589065e-02 5.691518757484752278e-02 5.655740243191395566e-02 5.617326877390371037e-02 5.576356718779860305e-02 5.532911947077404774e-02 5.487078493619578640e-02 5.438945662441926898e-02 5.388605744869835734e-02 5.336153630652926833e-02 5.281686418633063651e-02 5.225303029849725361e-02 5.167103825858628680e-02 5.107190234873617424e-02 5.045664388142739876e-02 4.982628768742539127e-02 4.918185874726087314e-02 4.852437898296754065e-02 4.785486422407361079e-02 4.717432135909869345e-02 4.648374568109516630e-02 4.578411843314986879e-02 4.507640455726896755e-02 4.436155064774632839e-02 4.364048310799006902e-02 4.291410650787400721e-02 4.218330213700365039e-02 4.144892674784410314e-02 4.071181148144890211e-02 3.997276096754885655e-02 3.923255258999563261e-02 3.849193590799270676e-02 3.775163222317027417e-02 3.701233428234986661e-02 3.627470610578280297e-02 3.553938293071193938e-02 3.480697126028085148e-02 3.407804900808039661e-02 3.335316572896170062e-02 3.263284292714151852e-02 3.191757443306710018e-02 3.120782684097861415e-02 3.050403999959853604e-02 2.980662754887873286e-02 2.911597749623806228e-02 2.843245282622159156e-02 2.775639213799901972e-02 2.708811030559175881e-02 2.642789915617116403e-02 2.577602816220200127e-02 2.513274514361439269e-02 2.449827697657180545e-02 2.387283030576256918e-02 2.325659225747742434e-02 2.264973115104603266e-02 2.205239720649147458e-02 2.146472324652470148e-02 2.088682539124167917e-02 2.031880374410505868e-02 1.976074306799146738e-02 1.921271345026585170e-02 1.867477095600690931e-02 1.814695826865391284e-02 1.762930531747626539e-02 1.712182989138423192e-02 1.662453823870349914e-02 1.613742565262862860e-02 1.566047704215243336e-02 1.519366748834006207e-02 1.473696278588011201e-02 1.429031996990015423e-02 1.385368782808227978e-02 1.342700739815595040e-02 1.301021245088145734e-02 1.260322995866789211e-02 1.220598054999604172e-02 1.181837894983864615e-02 1.144033440628902491e-02 1.107175110362464306e-02 1.071252856204464414e-02 1.036256202433076708e-02 1.002174282968886117e-02 9.689958775034682517e-03 9.367094463991958858e-03 9.053031643874000570e-03 8.747649530922083777e-03 8.450825124074641537e-03 8.162433507541418803e-03 7.882348142455902068e-03 7.610441147877985806e-03 7.346583571416893249e-03 7.090645649741903964e-03 6.842497059245759676e-03 6.602007157122365480e-03 6.369045213117133578e-03 6.143480632204647782e-03 5.925183168444586070e-03 5.714023130262789636e-03 5.509871577400468970e-03 5.312600509770189390e-03 5.122083048453155915e-03 4.938193609067876438e-03 4.760808067735975736e-03 4.589803919866378319e-03 4.425060431974694487e-03 4.266458786749932446e-03 4.113882221576208899e-03 3.967216160712371334e-03 3.826348341327789632e-03 3.691168933587811538e-03 3.561570654977589106e-03 3.437448879048109977e-03 3.318701738763357636e-03 3.205230224622556984e-03 3.096938277726419587e-03 2.993732877951185527e-03 2.895524127389114463e-03 2.802225329208793674e-03 2.713753062083342545e-03 2.630027250329192764e-03 2.550971229892622701e-03 2.476511810315722324e-03 2.406579332807791145e-03 2.341107724542484426e-03 2.280034549295244500e-03 2.223301054529666382e-03 2.170852215035530639e-03 2.122636773215213438e-03 2.078607276109086226e-03 2.038720109244387783e-03 2.002935527385805124e-03 1.971217682259723911e-03 1.943534647317775570e-03 1.919858439598889606e-03 1.900165038742630949e-03 1.884434403200091956e-03 1.872650483682088531e-03 1.864801233877826959e-03 1.860878618470623727e-03 1.860878618470623727e-03
6.087208051826346888e-02 6.087208051826346888e-02 6.083921915973174860e-02 6.077357021689243355e-02 6.067528086485773214e-02 6.054457093555080938e-02 6.038173180810183643e-02 6.018712494158868359e-02 5.996118006070364631e-02 5.970439300768188434e-02 5.941732327661280316e-02 5.910059124903679906e-02 5.875487515246249209e-02 5.838090776606235516e-02 5.797947290025196043e-02 5.755140167905538340e-02 5.709756865603610870e-02 5.661888779606033539e-02 5.611630835620146085e-02 5.559081069964581095e-02 5.504340207649426053e-02 5.447511240486056089e-02 5.388699008465792917e-02 5.328009787496538335e-02 5.265550886392070251e-02 5.201430255775506967e-02 5.135756111293326986e-02 5.068636573246963761e-02 5.000179324443121409e-02 4.930491287749426410e-02 4.859678324526533338e-02 4.787844954797920022e-02 4.715094099720797127e-02 4.641526846640670750e-02 4.567242236752549339e-02 4.492337075156412063e-02 4.416905762885620784e-02 4.341040150305591067e-02 4.264829411126288411e-02 4.188359936145977930e-02 4.111715245743463587e-02 4.034975920060904220e-02 3.958219545766712699e-02 3.881520678256242946e-02 3.804950818134539975e-02 3.728578400827926159e-02 3.652468798187496341e-02 3.576684330975268833e-02 3.501284291160763895e-02 3.426324973000190871e-02 3.351859711920375517e-02 3.277938930283585267e-02 3.204610189165922607e-02 3.131918245339939538e-02 3.059905112710444366e-02 2.988610127510276174e-02 2.918070016619434687e-02 2.848318968425841979e-02 2.779388705698653331e-02 2.711308559995279435e-02 2.644105547170657808e-02 2.577804443601963355e-02 2.512427862783582835e-02 2.447996331985858101e-02 2.384528368706918464e-02 2.322040556679811837e-02 2.260547621227351062e-02 2.200062503784589590e-02 2.140596435433885988e-02 2.082159009320159668e-02 2.024758251834405526e-02 1.968400692471874297e-02 1.913091432287831670e-02 1.858834210888469715e-02 1.805631471907628849e-02 1.753484426931564699e-02 1.702393117844238149e-02 1.652356477574562846e-02 1.603372389234980488e-02 1.555437743647543163e-02 1.508548495259708251e-02 1.462699716457154832e-02 1.417885650285390792e-02 1.374099761595684761e-02 1.331334786634058402e-02 1.289582781094774332e-02 1.248835166661993283e-02 1.209082776065118457e-02 1.170315896674837576e-02 1.132524312668079479e-02 1.095697345791007103e-02 1.059823894749879238e-02 1.024892473260105748e-02 9.908912467841438088e-03 9.578080679890563220e-03 9.256305109546119833e-03 8.943459041627431494e-03 8.639413622990432112e-03 8.344038168967456148e-03 8.057200458533662901e-03 7.778767018498388384e-03 7.508603397015993844e-03 7.246574426706692100e-03 6.992544477673392003e-03 6.746377700696072795e-03 6.507938260880277888e-03 6.277090562031618221e-03 6.053699462023006718e-03 5.837630479416357210e-03 5.628749991595393201e-03 5.426925424661028542e-03 5.232025435335651599e-03 5.043920085117454231e-03 4.862481006920812976e-03 4.687581564433533458e-03 4.519097004416602198e-03 4.356904602166930020e-03 4.200883800358382741e-03 4.050916341471227054e-03 3.906886394014937036e-03 3.768680672744084345e-03 3.636188553061824036e-03 3.509302179800256015e-03 3.387916570561630859e-03 3.271929713799087789e-03 3.161242661810264015e-03 3.055759618811662408e-03 2.955388024256315471e-03 2.860038631551684290e-03 2.769625582329223856e-03 2.684066476411444292e-03 2.603282437616559041e-03 2.527198175535106880e-03 2.455742043407119820e-03 2.388846092222482280e-03 2.326446121161234067e-03 2.268481724484484700e-03 2.214896334980581954e-03 2.165637264064945028e-03 2.120655738625817129e-03 2.079906934701848762e-03 2.043350008071116459e-03 2.010948121824727205e-03 1.982668470991739030e-03 1.958482304275585735e-03 1.938364942955619983e-03 1.922295797000828695e-03 1.910258378436067821e-03 1.902240311994544920e-03 1.898233343083522351e-03 1.898233343083522351e-03
6.285677158095166750e-02 6.285677158095166750e-02 6.282238130242515095e-02 6.275367956690092175e-02 6.265082361159500512e-02 6.251404828044496154e-02 6.234366481749427369e-02 6.214005927092740994e-02 6.190369051897355590e-02 6.163508793190798640e-02 6.133484868746943985e-02 6.100363476014021569e-02 6.064216960785082794e-02 6.025123458269298488e-02 5.983166509507466257e-02 5.938434656333076156e-02 5.891021018302214363e-02 5.841022855192782443e-02 5.788541118798509744e-02 5.733679997810342543e-02 5.676546459583453608e-02 5.617249792531175262e-02 5.555901152768659423e-02 5.492613118452695925e-02 5.427499255035146686e-02 5.360673694373514764e-02 5.292250730331218150e-02 5.222344433162159905e-02 5.151068284618092602e-02 5.078534835353231552e-02 5.004855385837040510e-02 4.930139691631751225e-02 4.854495693552562940e-02 4.778029272912093228e-02 4.700844031760629399e-02 4.623041097773537139e-02 4.544718953209118256e-02 4.465973287164684558e-02 4.386896870196225345e-02 4.307579450236207613e-02 4.228107668643699829e-02 4.148564995148750628e-02 4.069031680406279272e-02 3.989584724851127223e-02 3.910297862542287672e-02 3.831241558698064015e-02 3.752483019652033680e-02 3.674086213999769313e-02 3.596111903755719319e-02 3.518617684396274647e-02 3.441658032726917227e-02 3.365284361576599548e-02 3.289545080389712911e-02 3.214485660853806659e-02 3.140148706768609160e-02 3.066574027427921081e-02 2.993798713850017237e-02 2.921857217253616412e-02 2.850781429235002898e-02 2.780600763157170183e-02 2.711342236313685553e-02 2.643030552478377315e-02 2.575688184496777167e-02 2.509335456616638288e-02 2.443990626292827720e-02 2.379669965236618986e-02 2.316387839511006852e-02 2.254156788502266820e-02 2.192987602623865800e-02 2.132889399632031599e-02 2.073869699453098625e-02 2.015934497441356985e-02 1.959088336002576605e-02 1.903334374533055540e-02 1.848674457636888951e-02 1.795109181595497261e-02 1.742637959073372461e-02 1.691259082052577398e-02 1.640969782996054907e-02 1.591766294246198601e-02 1.543643905670677788e-02 1.496597020572174551e-02 1.450619209882672046e-02 1.405703264666227637e-02 1.361841246956924101e-02 1.319024538960914157e-02 1.277243890653303321e-02 1.236489465802006159e-02 1.196750886451826076e-02 1.158017275902783853e-02 1.120277300217296067e-02 1.083519208291118009e-02 1.047730870523139526e-02 1.012899816119127577e-02 9.790132690643623889e-03 9.460581827999060833e-03 9.140212736369005692e-03 8.828890529428994396e-03 8.526478581337853385e-03 8.232838825043138978e-03 7.947832039297874143e-03 7.671318124707902746e-03 7.403156369123282433e-03 7.143205702681031978e-03 6.891324942800484271e-03 6.647373029426141902e-03 6.411209250806833813e-03 6.182693460093613771e-03 5.961686283032768992e-03 5.748049317023937350e-03 5.541645321807436159e-03 5.342338402038638787e-03 5.149994182001360783e-03 4.964479972706184636e-03 4.785664931613821046e-03 4.613420215217722137e-03 4.447619124714425297e-03 4.288137244984301100e-03 4.134852577099751292e-03 3.987645664572172198e-03 3.846399713543364497e-03 3.711000707121462402e-03 3.581337514055768848e-03 3.457301991939310502e-03 3.338789085122247351e-03 3.225696917513632030e-03 3.117926880443325915e-03 3.015383715750176961e-03 2.917975594256820137e-03 2.825614189785646130e-03 2.738214748864702987e-03 2.655696156266362188e-03 2.577980996515674781e-03 2.504995611499343227e-03 2.436670154300177825e-03 2.372938639375793846e-03 2.313738989194154185e-03 2.259013077432303878e-03 2.208706768838351875e-03 2.162769955850421533e-03 2.121156592059844203e-03 2.083824722599439665e-03 2.050736511531149955e-03 2.021858266300780547e-03 1.997160459320909427e-03 1.976617746736414414e-03 1.960208984420313671e-03 1.947917241240903954e-03 1.939729809634360485e-03 1.935638213510209888e-03 1.935638213510209888e-03
6.489521202425840851e-02 6.489521202425840851e-02 6.485921437096967002e-02 6.478730332650371737e-02 6.467964697409624153e-02 6.453649633893278337e-02 6.435818407645103878e-02 6.414512273675612719e-02 6.389780261690825025e-02 6.361678921612443083e-02 6.330272031236537644e-02 6.295630268231171278e-02 6.257830849030172893e-02 6.216957137531209376e-02 6.173098226840599556e-02 6.126348497612758848e-02 6.076807156797125326e-02 6.024577760818269900e-02 5.969767727366522003e-02 5.912487840058937988e-02 5.852851750239704276e-02 5.790975480123149166e-02 5.726976931343248645e-02 5.660975402765024839e-02 5.593091121142781952e-02 5.523444787886723495e-02 5.452157144833735813e-02 5.379348561521631739e-02 5.305138646050756857e-02 5.229645881193982493e-02 5.152987286996814353e-02 5.075278110703041606e-02 4.996631544456529850e-02 4.917158470872964871e-02 4.836967236251813601e-02 4.756163450911755214e-02 4.674849815884506848e-02 4.593125974992816329e-02 4.511088391167740463e-02 4.428830245727027187e-02 4.346441359237553786e-02 4.264008132518210675e-02 4.181613506301488925e-02 4.099336938059441882e-02 4.017254394508778387e-02 3.935438358337475795e-02 3.853957847737995990e-02 3.772878447387050665e-02 3.692262349575925473e-02 3.612168404266313804e-02 3.532652176922030512e-02 3.453766013045062033e-02 3.375559108423529381e-02 3.298077584177879634e-02 3.221364565768917998e-02 3.145460265206270062e-02 3.070402065767813618e-02 2.996224608609088583e-02 2.922959880706263794e-02 2.850637303636819470e-02 2.779283822758392072e-02 2.708923996398452869e-02 2.639580084715440270e-02 2.571272137935958282e-02 2.504018083712728979e-02 2.437833813384319981e-02 2.372733266950539585e-02 2.308728516606913320e-02 2.245829848708159188e-02 2.184045844054169350e-02 2.123383456413020093e-02 2.063848089214094170e-02 2.005443670360797237e-02 1.948172725126690388e-02 1.892036447111444808e-02 1.837034767243907879e-02 1.783166420829038201e-02 1.730429012643558070e-02 1.678819080092126825e-02 1.628332154441711546e-02 1.578962820156801228e-02 1.530704772362215076e-02 1.483550872463694839e-02 1.437493201959204325e-02 1.392523114476099458e-02 1.348631286071034531e-02 1.305807763830798586e-02 1.264042012813195587e-02 1.223322961367736585e-02 1.183639044876258137e-02 1.144978247953729912e-02 1.107328145149460638e-02 1.070675940188695573e-02 1.035008503794263707e-02 1.000312410127472511e-02 9.665739718869090571e-03 9.337792741031993721e-03 9.019142066671106961e-03 8.709644956276720029e-03 8.409157332962564207e-03 8.117534071918059216e-03 7.834629278616092943e-03 7.560296556112659598e-03 7.294389261766890363e-03 7.036760753702239052e-03 6.787264627321877054e-03 6.545754942183741598e-03 6.312086439533172617e-03 6.086114750783706145e-03 5.867696597229274218e-03 5.656689981264014823e-03 5.452954369378868078e-03 5.256350867197228868e-03 5.066742386805298676e-03 4.883993806626080701e-03 4.707972124079497049e-03 4.538546601264698693e-03 4.375588903894359234e-03 4.218973233704488048e-03 4.068576454557170513e-03 3.924278212447560206e-03 3.785961049620365122e-03 3.653510512995128585e-03 3.526815257093574279e-03 3.405767141656352096e-03 3.290261324130573130e-03 3.180196347203552952e-03 3.075474221552244349e-03 2.976000503971827291e-03 2.881684371040959050e-03 2.792438688475109773e-03 2.708180076313380664e-03 2.628828970078041921e-03 2.554309678039915713e-03 2.484550434716480561e-03 2.419483450723346717e-03 2.359044959093419512e-03 2.303175258171709025e-03 2.251818751187336775e-03 2.204923982597784514e-03 2.162443671293931471e-03 2.124334740747836625e-03 2.090558346178569924e-03 2.061079898804755398e-03 2.035869087245726749e-03 2.014899896126449205e-03 1.998150621934550487e-03 1.985603886170963714e-03 1.977246645828813383e-03 1.973070201228282246e-03 1.973070201228282246e-03
6.698899944160134623e-02 6.698899944160134623e-02 6.695131076660229552e-02 6.687602354672871063e-02 6.676331756337888779e-02 6.661346129434610186e-02 6.642681048865048399e-02 6.620380627990436750e-02 6.594497285034907341e-02 6.565091466126794784e-02 6.532231326929244242e-02 6.495992375212335246e-02 6.456457077130370314e-02 6.413714430378432418e-02 6.367859507797769825e-02 6.318992975364530473e-02 6.267220588815355931e-02 6.212652673421635574e-02 6.155403591609595604e-02 6.095591203226025795e-02 6.033336323263817358e-02 5.968762181785097765e-02 5.901993890615233468e-02 5.833157921133437507e-02 5.762381597164681346e-02 5.689792606594171187e-02 5.615518534893559205e-02 5.539686423281463962e-02 5.462422353754393251e-02 5.383851062732055576e-02 5.304095584576035138e-02 5.223276925774694018e-02 5.141513770149129525e-02 5.058922215033165998e-02 4.975615538019603074e-02 4.891703993549307433e-02 4.807294638350673860e-02 4.722491184514581580e-02 4.637393878812956505e-02 4.552099406735219539e-02 4.466700819622756308e-02 4.381287483223620521e-02 4.295945045963717873e-02 4.210755425232496491e-02 4.125796810006490678e-02 4.041143678178828191e-02 3.956866827023129696e-02 3.873033415292671811e-02 3.789707015536932649e-02 3.706947675305007767e-02 3.624811985996338748e-02 3.543353158211715037e-02 3.462621102549896107e-02 3.382662514885948629e-02 3.303520965255496433e-02 3.225236989553667555e-02 3.147848183337854239e-02 3.071389297099234861e-02 2.995892332438868100e-02 2.921386638650085368e-02 2.847899009269751550e-02 2.775453778216847162e-02 2.704072915187885270e-02 2.633776120025036610e-02 2.564580915814854839e-02 2.496502740513246305e-02 2.429555036926193956e-02 2.363749340906039220e-02 2.299095367649944821e-02 2.235601096010971650e-02 2.173272850753145066e-02 2.112115382700269564e-02 2.052131946744283411e-02 1.993324377692871213e-02 1.935693163948110432e-02 1.879237519018224153e-02 1.823955450873365747e-02 1.769843829163798496e-02 1.716898450325133468e-02 1.665114100600465288e-02 1.614484617013578482e-02 1.565002946330810302e-02 1.516661202051973814e-02 1.469450719472833143e-02 1.423362108863265689e-02 1.378385306806362461e-02 1.334509625744485090e-02 1.291723801778703849e-02 1.250016040768158788e-02 1.209374062775793457e-02 1.169785144906574509e-02 1.131236162583864127e-02 1.093713629308967067e-02 1.057203734948193759e-02 1.021692382590951367e-02 9.871652240215229510e-03 9.536076938462791086e-03 9.210050423171085854e-03 8.893423668909041999e-03 8.586046425639370927e-03 8.287767510189851874e-03 7.998435086220907070e-03 7.717896933048543941e-03 7.446000703672134811e-03 7.182594172347076325e-03 6.927525472033191530e-03 6.680643322040622466e-03 6.441797246186251914e-03 6.210837781765054903e-03 5.987616679632461712e-03 5.771987095685637489e-03 5.563803774023694075e-03 5.362923222059169139e-03 5.169203877845516583e-03 4.982506269878092357e-03 4.802693169618925915e-03 4.629629736988584432e-03 4.463183659061564779e-03 4.303225282194921876e-03 4.149627737813239674e-03 4.002267062066505038e-03 3.861022309571035017e-03 3.725775661437233724e-03 3.596412527781631986e-03 3.472821644914436592e-03 3.354895167387534922e-03 3.242528755081730812e-03 3.135621655505763713e-03 3.034076781473462898e-03 2.937800784319182911e-03 2.846704122805444881e-03 2.760701127870451594e-03 2.679710063356859767e-03 2.603653182856905876e-03 2.532456782802602023e-03 2.466051251923331075e-03 2.404371117186742714e-03 2.347355086332359418e-03 2.294946087100750189e-03 2.247091303254571733e-03 2.203742207481123282e-03 2.164854591259390750e-03 2.130388591767820930e-03 2.100308715902295294e-03 2.074583861466961204e-03 2.053187335593717466e-03 2.036096870439263462e-03 2.023294636201689988e-03 2.014767251491655833e-03 2.010505791086190149e-03 2.010505791086190149e-03
6.913980066900261845e-02 6.913980066900261845e-02 6.910033172183667471e-02 6.902149028986834245e-02 6.890346877837762174e-02 6.874655449942020102e-02 6.855112812463386163e-02 6.831766163577261686e-02 6.804671578522770992e-02 6.773893708265736613e-02 6.739505432808967633e-02 6.701587471642565796e-02 6.660227954304762110e-02 6.615521954507788682e-02 6.567570991755250498e-02 6.516482504817484867e-02 6.462369301818884915e-02 6.405348992007292575e-02 6.345543404504278007e-02 6.283077999463652918e-02 6.218081277087017522e-02 6.150684189856459039e-02 6.081019563148814394e-02 6.009221529100657738e-02 5.935424978209787733e-02 5.859765032702471399e-02 5.782376545182744965e-02 5.703393625528929700e-02 5.622949198431066026e-02 5.541174593388449587e-02 5.458199168424627407e-02 5.374149968241512948e-02 5.289151417035827668e-02 5.203325045748374844e-02 5.116789253115541780e-02 5.029659099546349155e-02 4.942046132558591126e-02 4.854058242273277812e-02 4.765799545285624716e-02 4.677370295099691350e-02 4.588866817228107881e-02 4.500381467013189751e-02 4.412002608216165911e-02 4.323814610441652218e-02 4.235897863510152545e-02 4.148328806957052306e-02 4.061179972918132347e-02 3.974520040754749017e-02 3.888413901873108425e-02 3.802922733298267494e-02 3.718104078672069407e-02 3.634011935452848702e-02 3.550696847201820910e-02 3.468205999944896922e-02 3.386583321698475452e-02 3.305869584342479434e-02 3.226102507113159934e-02 3.147316861071556421e-02 3.069544573980818175e-02 2.992814835096879733e-02 2.917154199442235224e-02 2.842586691192067888e-02 2.769133905855842084e-02 2.696815110986082800e-02 2.625647345189678628e-02 2.555645515255972750e-02 2.486822491250560360e-02 2.419189199454336442e-02 2.352754713054372449e-02 2.287526340516825643e-02 2.223509711592792579e-02 2.160708860925903210e-02 2.099126309245948063e-02 2.038763142146092500e-02 1.979619086452576865e-02 1.921692584205308973e-02 1.864980864275850997e-02 1.809480011655908299e-02 1.755185034454913307e-02 1.702089928649712369e-02 1.650187740632851063e-02 1.599470627608657117e-02 1.549929915888344570e-02 1.501556157136784558e-02 1.454339182624505948e-02 1.408268155538989347e-02 1.363331621409437193e-02 1.319517556699038863e-02 1.276813415618325079e-02 1.235206175212563706e-02 1.194682378775355908e-02 1.155228177639668584e-02 1.116829371396481363e-02 1.079471446590131618e-02 1.043139613938262079e-02 1.007818844123054870e-02 9.734939021992206412e-03 9.401493806629499655e-03 9.077697312247993977e-03 8.763392953282485992e-03 8.458423334544379682e-03 8.162630532524134744e-03 7.875856365330186765e-03 7.597942651634386098e-03 7.328731458982939984e-03 7.068065341820938853e-03 6.815787569568168905e-03 6.571742345073829095e-03 6.335775013767902704e-03 6.107732263817543597e-03 5.887462317587658853e-03 5.674815114696035376e-03 5.469642486944805912e-03 5.271798325401756170e-03 5.081138739896931718e-03 4.897522211192178836e-03 4.720809736073728301e-03 4.550864965610441383e-03 4.387554336813169475e-03 4.230747197923590691e-03 4.080315927553967818e-03 3.936136047892426805e-03 3.798086332181681030e-03 3.666048906672477424e-03 3.539909347246500589e-03 3.419556770896954156e-03 3.304883922248601918e-03 3.195787255292610249e-03 3.092167010505134355e-03 2.993927287512186761e-03 2.900976113456916593e-03 2.813225507219044470e-03 2.730591539629711670e-03 2.652994389818632334e-03 2.580358397823850295e-03 2.512612113587993617e-03 2.449688342458276359e-03 2.391524187300947228e-03 2.338061087334238151e-03 2.289244853777177603e-03 2.245025702404909729e-03 2.205358283094390089e-03 2.170201706437515764e-03 2.139519567491891903e-03 2.113279966732532593e-03 2.091455528260878060e-03 2.074023415320530063e-03 2.060965343162105175e-03 2.052267589292601675e-03 2.047921001137605491e-03 2.047921001137605491e-03
7.134935698732793041e-02 7.134935698732793041e-02 7.130801246677734295e-02 7.122542672395391905e-02 7.110180579271409285e-02 7.093745731964354317e-02 7.073278888634858264e-02 7.048830578528421376e-02 7.020460826111384056e-02 6.988238823375671205e-02 6.952242552400982045e-02 6.912558360785775458e-02 6.869280493117595199e-02 6.822510582228959175e-02 6.772357104553626550e-02 6.718934804433226993e-02 6.662364092699210594e-02 6.602770425245256536e-02 6.540283667589424921e-02 6.475037451587511983e-02 6.407168530489885938e-02 6.336816138430308165e-02 6.264121360201152511e-02 6.189226516814599205e-02 6.112274571889177166e-02 6.033408563354400456e-02 5.952771064354637348e-02 5.870503676579667124e-02 5.786746558575683874e-02 5.701637990918259624e-02 5.615313979476482809e-02 5.527907897381303948e-02 5.439550165743825549e-02 5.350367972659950122e-02 5.260485029592928963e-02 5.170021363847744633e-02 5.079093145541463405e-02 4.987812547229771021e-02 4.896287634168482866e-02 4.804622283064721028e-02 4.712916127100142544e-02 4.621264524981554683e-02 4.529758551786191439e-02 4.438485009413184468e-02 4.347526454523481521e-02 4.256961241941675106e-02 4.166863581599917349e-02 4.077303607221587078e-02 3.988347455066718755e-02 3.900057351188919441e-02 3.812491705781852203e-02 3.725705213319930459e-02 3.639748957320974865e-02 3.554670518676660007e-02 3.470514086608759291e-02 3.387320571414726561e-02 3.305127718264514597e-02 3.223970221401706998e-02 3.143879838185742459e-02 3.064885502488634214e-02 2.987013437029055474e-02 2.910287264289507236e-02 2.834728115718735536e-02 2.760354738972028640e-02 2.687183602986942255e-02 2.615229000731770712e-02 2.544503149499100988e-02 2.475016288647533327e-02 2.406776774721443996e-02 2.339791173901892285e-02 2.274064351761890049e-02 2.209599560316382119e-02 2.146398522372001266e-02 2.084461513193992810e-02 2.023787439518090828e-02 1.964373915943745663e-02 1.906217338752113147e-02 1.849312957197933247e-02 1.793654942328908736e-02 1.739236453389665996e-02 1.686049701869987705e-02 1.634086013258803302e-02 1.583335886566618333e-02 1.533789051679685343e-02 1.485434524609371455e-02 1.438260660699958345e-02 1.392255205857548944e-02 1.347405345861956046e-02 1.303697753822412320e-02 1.261118635836752135e-02 1.219653774912395766e-02 1.179288573206037707e-02 1.140008092637457941e-02 1.101797093931337727e-02 1.064640074139388236e-02 1.028521302693547954e-02 9.934248560394083258e-03 9.593346508975003628e-03 9.262344761985312133e-03 8.941080237371579545e-03 8.629389175874401310e-03 8.327107423216803875e-03 8.034070700729884634e-03 7.750114864805799676e-03 7.475076155555329671e-03 7.208791435034903050e-03 6.951098415396047593e-03 6.701835877298905134e-03 6.460843878920268131e-03 6.227963955876257042e-03 6.003039312369404593e-03 5.785915003860315695e-03 5.576438111554568935e-03 5.374457908986517152e-03 5.179826020972911130e-03 4.992396575200813702e-03 4.812026346706113102e-03 4.638574895491032364e-03 4.471904697521289496e-03 4.311881269336086467e-03 4.158373286496802775e-03 4.011252696093018169e-03 3.870394823517526398e-03 3.735678473715035603e-03 3.606986027102456957e-03 3.484203530351875650e-03 3.367220782220690326e-03 3.255931414606716250e-03 3.150232968999471580e-03 3.050026968492293693e-03 2.955218985513361363e-03 2.865718705427134846e-03 2.781439986151186886e-03 2.702300913926774465e-03 2.628223855374928718e-03 2.559135505963231090e-03 2.494966935001724853e-03 2.435653627279793943e-03 2.381135521449057480e-03 2.331357045250576771e-03 2.286267147677883190e-03 2.245819328160452832e-03 2.209971662845390799e-03 2.178686828048159111e-03 2.151932120936195150e-03 2.129679477502301362e-03 2.111905487877632683e-03 2.098591409027043483e-03 2.089723174862490301e-03 2.085291403803060835e-03 2.085291403803060835e-03
7.361948976801487021e-02 7.361948976801487021e-02 7.357616783633355584e-02 7.348963465285771046e-02 7.336011096896599692e-02 7.318792639289019297e-02 7.297351757340851675e-02 7.271742578938879265e-02 7.242029395634479172e-02 7.208286306562712575e-02 7.170596807715316767e-02 7.129053329261028638e-02 7.083756724266389304e-02 7.034815712861566817e-02 6.982346286586978146e-02 6.926471078313389818e-02 6.867318703715420691e-02 6.805023080763573928e-02 6.739722734055381137e-02 6.671560091011694005e-02 6.600680777007053579e-02 6.527232916380637517e-02 6.451366445991589538e-02 6.373232447553282831e-02 6.292982504424970980e-02 6.210768087881119587e-02 6.126739977145975735e-02 6.041047716702242082e-02 5.953839113586012477e-02 5.865259776591241758e-02 5.775452698548499963e-02 5.684557882133509099e-02 5.592712009015338853e-02 5.500048151582457440e-02 5.406695525992970958e-02 5.312779284885985054e-02 5.218420347763082223e-02 5.123735266798993410e-02 5.028836125663631307e-02 4.933830468826356369e-02 4.838821258760860750e-02 4.743906858466408194e-02 4.649181036761194236e-02 4.554732993877774749e-02 4.460647404992009596e-02 4.367004479438892778e-02 4.273880033505098042e-02 4.181345574833901513e-02 4.089468396628951480e-02 3.998311679995417839e-02 3.907934602907431332e-02 3.818392454437086192e-02 3.729736753020730655e-02 3.642015367671663090e-02 3.555272641173551351e-02 3.469549514405640550e-02 3.384883651058557402e-02 3.301309562098411060e-02 3.218858729426993942e-02 3.137559728267485387e-02 3.057438347878534482e-02 2.978517710265394386e-02 2.900818386615402339e-02 2.824358511237010441e-02 2.749153892827389117e-02 2.675218122933764944e-02 2.602562681508671996e-02 2.531197039489733666e-02 2.461128758360741145e-02 2.392363586673353776e-02 2.324905553527774338e-02 2.258757059027012917e-02 2.193918961732801640e-02 2.130390663162517670e-02 2.068170189375588899e-02 2.007254269705331315e-02 1.947638412697989471e-02 1.889316979325311383e-02 1.832283253540355900e-02 1.776529510248621435e-02 1.722047080768138172e-02 1.668826415852989187e-02 1.616857146354972949e-02 1.566128141597836546e-02 1.516627565537843544e-02 1.468342930783404256e-02 1.421261150545231888e-02 1.375368588586942803e-02 1.330651107244388252e-02 1.287094113580190304e-02 1.244682603738066044e-02 1.203401205559612684e-02 1.163234219524218217e-02 1.124165658070817343e-02 1.086179283358214634e-02 1.049258643518760810e-02 1.013387107458242273e-02 9.785478982529773051e-03 9.447241251932853370e-03 9.118988145207257423e-03 8.800549389048013815e-03 8.491754457031701342e-03 8.192432840478222969e-03 7.902414307981707811e-03 7.621529154005341616e-03 7.349608436921094452e-03 7.086484206861825078e-03 6.831989723740703770e-03 6.585959665780468687e-03 6.348230328883597284e-03 6.118639817163158690e-03 5.897028224943555441e-03 5.683237810530140238e-03 5.477113162036807183e-03 5.278501355551396164e-03 5.087252105909523779e-03 4.903217910338901128e-03 4.726254185227628420e-03 4.556219396261888994e-03 4.392975182170498656e-03 4.236386472306084838e-03 4.086321598285156190e-03 3.942652399901970528e-03 3.805254325523889630e-03 3.674006527168896703e-03 3.548791950458870387e-03 3.429497419635419396e-03 3.316013717818198144e-03 3.208235662678866028e-03 3.106062177697147073e-03 3.009396359158685117e-03 2.918145539047777362e-03 2.832221343981298958e-03 2.751539750323516755e-03 2.676021135614716287e-03 2.605590326439913371e-03 2.540176642857125064e-03 2.479713939497923177e-03 2.424140643446186932e-03 2.373399788994124803e-03 2.327439049367765675e-03 2.286210765507202657e-03 2.249671971979922292e-03 2.217784420098567466e-03 2.190514598307458875e-03 2.167833749895145198e-03 2.149717888083167976e-03 2.136147808534105252e-03 2.127109099314840497e-03 2.122592148343803355e-03 2.122592148343803355e-03
7.595210660031669059e-02 7.595210660031669059e-02 7.590669835644768548e-02 7.581600052027163972e-02 7.568024973878412220e-02 7.549979934363615364e-02 7.527511738904978100e-02 7.500678404436057767e-02 7.469548835070624615e-02 7.434202435611649007e-02 7.394728664917918359e-02 7.351226531846222212e-02 7.303804037272901284e-02 7.252577566536652642e-02 7.197671237493104279e-02 7.139216210185100886e-02 7.077349964864622367e-02 7.012215555709883086e-02 6.943960848028642163e-02 6.872737746999174613e-02 6.798701426059068631e-02 6.722009562905004176e-02 6.642821590722285119e-02 6.561297971739331325e-02 6.477599499525728277e-02 6.391886635655363857e-02 6.304318885473729484e-02 6.215054216777076562e-02 6.124248524265685917e-02 6.032055141705358614e-02 5.938624402848050737e-02 5.844103251345672545e-02 5.748634899157253897e-02 5.652358532309453842e-02 5.555409062329409037e-02 5.457916921228548462e-02 5.360007897573299679e-02 5.261803010928280816e-02 5.163418421791736435e-02 5.064965374052481789e-02 4.966550166972556052e-02 4.868274153730094145e-02 4.770233763632450441e-02 4.672520545221248850e-02 4.575221227629880372e-02 4.478417797712537507e-02 4.382187590635269053e-02 4.286603391798101542e-02 4.191733548138164983e-02 4.097642087043151110e-02 4.004388841279209188e-02 3.912029578505232807e-02 3.820616134104691530e-02 3.730196546215643755e-02 3.640815191978419990e-02 3.552512924148619466e-02 3.465327207340206800e-02 3.379292253270031049e-02 3.294439154471182074e-02 3.210796016028906463e-02 3.128388084969736804e-02 3.047237877002791084e-02 2.967365300372427558e-02 2.888787776634320001e-02 2.811520358213134840e-02 2.735575842640057889e-02 2.660964883402896705e-02 2.587696097371152901e-02 2.515776168783585842e-02 2.445209949807123501e-02 2.376000557693759216e-02 2.308149468576883162e-02 2.241656607960575490e-02 2.176520437965167101e-02 2.112738041400125805e-02 2.050305202741313157e-02 1.989216486094128739e-02 1.929465310227267832e-02 1.871044020763893215e-02 1.813943959618177434e-02 1.758155531765572682e-02 1.703668269434854138e-02 1.650470893809209000e-02 1.598551374322362134e-02 1.547896985634152935e-02 1.498494362368087314e-02 1.450329551691301698e-02 1.403388063815125091e-02 1.357654920492062066e-02 1.313114701582594572e-02 1.269751589762712490e-02 1.227549413440613864e-02 1.186491687948522562e-02 1.146561655073150693e-02 1.107742320985914339e-02 1.070016492631676620e-02 1.033366812632521316e-02 9.977757927608472965e-03 9.632258460339614831e-03 9.296993174802908183e-03 8.971785136253903475e-03 8.656457307440312138e-03 8.350832819228774101e-03 8.054735229765311311e-03 7.767988772581144001e-03 7.490418594039868067e-03 7.221850980507353406e-03 6.962113575611551287e-03 6.711035587946153312e-03 6.468447989559159006e-03 6.234183705555487211e-03 6.008077795131048365e-03 5.789967624344806787e-03 5.579693030924781118e-03 5.377096481393904386e-03 5.182023220791981064e-03 4.994321415260824341e-03 4.813842287750598123e-03 4.640440247096957495e-03 4.473973010710168875e-03 4.314301721109376625e-03 4.161291056527363641e-03 4.014809335803511126e-03 3.874728617775204716e-03 3.740924795370643551e-03 3.613277684598798899e-03 3.491671108625217339e-03 3.375992977115355176e-03 3.266135361020215330e-03 3.161994562972194472e-03 3.063471183452219897e-03 2.970470182882411700e-03 2.882900939791808049e-03 2.800677305195798435e-03 2.723717653323202894e-03 2.651944928818099519e-03 2.585286690536682964e-03 2.523675152052625662e-03 2.467047218977497583e-03 2.415344523195942124e-03 2.368513454108369439e-03 2.326505186966931499e-03 2.289275708383581298e-03 2.256785839081974776e-03 2.229001253957883354e-03 2.205892499505724205e-03 2.187435008661657923e-03 2.173609113106558799e-03 2.164400053064984616e-03 2.159797984629074647e-03 2.159797984629074647e-03
7.834920794049743398e-02 7.834920794049743398e-02 7.830159684999776770e-02 7.820650192861253180e-02 7.806417699035048119e-02 7.787500099359787042e-02 7.763947592768537243e-02 7.735822399939412675e-02 7.703198412612079216e-02 7.666160774740490846e-02 7.624805397317664657e-02 7.579238409528804565e-02 7.529575549834495451e-02 7.475941501611844953e-02 7.418469179033017336e-02 7.357298969876810424e-02 7.292577942888278653e-02 7.224459028067450883e-02 7.153100178833853018e-02 7.078663525344572327e-02 7.001314528321116171e-02 6.921221142561076456e-02 6.838552998886208989e-02 6.753480612634400748e-02 6.666174625973843304e-02 6.576805090346356242e-02 6.485540794278582544e-02 6.392548640681057492e-02 6.297993076629339326e-02 6.202035577527214433e-02 6.104834186522108824e-02 6.006543109102327471e-02 5.907312361972949510e-02 5.807287474592942589e-02 5.706609241164897761e-02 5.605413520400094607e-02 5.503831080029915335e-02 5.401987482791467676e-02 5.300003010469922504e-02 5.197992622520101330e-02 5.096065945802646935e-02 4.994327292042956973e-02 4.892875699741844331e-02 4.791804997424286422e-02 4.691203885296741510e-02 4.591156032585334140e-02 4.491740188039275439e-02 4.393030301299958446e-02 4.295095653051043960e-02 4.198000992074522875e-02 4.101806677539304724e-02 4.006568825039859283e-02 3.912339455081556561e-02 3.819166642875570367e-02 3.727094668459061261e-02 3.636164166295974970e-02 3.546412273640071888e-02 3.457872777055673308e-02 3.370576256593160042e-02 3.284550227206707584e-02 3.199819277081522584e-02 3.116405202607936548e-02 3.034327139800960249e-02 2.953601692017015709e-02 2.874243053865415190e-02 2.796263131251471371e-02 2.719671657521561745e-02 2.644476305708764671e-02 2.570682796901327741e-02 2.498295004775896722e-02 2.427315056353506612e-02 2.357743429049365472e-02 2.289579044097778820e-02 2.222819356441575050e-02 2.157460441181440272e-02 2.093497076684855060e-02 2.030922824457240608e-02 1.969730105879546195e-02 1.909910275917148931e-02 1.851453693904717146e-02 1.794349791510737105e-02 1.738587137983942099e-02 1.684153502781892894e-02 1.631035915679644038e-02 1.579220724453856903e-02 1.528693650234884405e-02 1.479439840616435416e-02 1.431443920609356060e-02 1.384690041522989960e-02 1.339161927854467561e-02 1.294842922263175419e-02 1.251716028704599054e-02 1.209763953794742129e-02 1.168969146473392874e-02 1.129313836031677933e-02 1.090780068566586485e-02 1.053349741922520420e-02 1.017004639177371099e-02 9.817264607282103969e-03 9.474968550293432629e-03 9.142974480332698856e-03 8.821098713829952920e-03 8.509157894021101773e-03 8.206969249271922270e-03 7.914350840252406399e-03 7.631121796371780411e-03 7.357102541868199529e-03 7.092115011931769339e-03 6.835982859225156298e-03 6.588531651152108697e-03 6.349589058211292658e-03 6.118985033760375100e-03 5.896551985503559710e-03 5.682124939004551401e-03 5.475541693516258746e-03 5.276642970408335076e-03 5.085272554463969585e-03 4.901277428307876903e-03 4.724507900218555267e-03 4.554817725569170785e-03 4.392064222133037869e-03 4.236108379481596901e-03 4.086814962694871115e-03 3.944052610596726800e-03 3.807693928719712260e-03 3.677615577196950789e-03 3.553698353771234195e-03 3.435827272104410857e-03 3.323891635563065976e-03 3.217785106649519427e-03 3.117405772240238512e-03 3.022656204786854008e-03 2.933443519628095748e-03 2.849679428554141320e-03 2.771280289757954273e-03 2.698167154301375509e-03 2.630265809216835154e-03 2.567506817358668376e-03 2.509825554111097534e-03 2.457162241053003661e-03 2.409461976672639359e-03 2.366674764218426423e-03 2.328755536764951124e-03 2.295664179566211938e-03 2.267365549761032190e-03 2.243829493488494996e-03 2.225030860464017116e-03 2.210949516059556013e-03 2.201570350924206710e-03 2.196883288174215562e-03 2.196883288174215562e-03
8.081289432558866337e-02 8.081289432558866337e-02 8.076295560540351637e-02 8.066321471663920328e-02 8.051394400790459760e-02 8.031555011443493319e-02 8.006857169034442556e-02 7.977367638289353802e-02 7.943165705107377295e-02 7.904342723598334342e-02 7.861001589798471967e-02 7.813256144533409220e-02 7.761230509046672388e-02 7.705058358281298425e-02 7.644882138017321249e-02 7.580852233348116254e-02 7.513126097141670234e-02 7.441867348104229396e-02 7.367244848781819011e-02 7.289431774255512864e-02 7.208604682386089701e-02 7.124942596240189940e-02 7.038626108801059045e-02 6.949836519266827661e-02 6.858755009215622422e-02 6.765561865725397417e-02 6.670435757236495289e-02 6.573553066595567984e-02 6.475087284374726748e-02 6.375208464267227704e-02 6.274082741159317522e-02 6.171871911395738347e-02 6.068733073813892959e-02 5.964818329328788749e-02 5.860274536210507285e-02 5.755243117704268718e-02 5.649859918291035704e-02 5.544255104661614808e-02 5.438553107364451494e-02 5.332872599070742625e-02 5.227326505463762013e-02 5.122022044886950093e-02 5.017060793062333435e-02 4.912538769404334316e-02 4.808546541691999937e-02 4.705169346115378737e-02 4.602487219970826521e-02 4.500575144538544042e-02 4.399503195928575194e-02 4.299336701924532517e-02 4.200136403084726855e-02 4.101958616576090871e-02 4.004855401416133887e-02 3.908874723981591720e-02 3.814060622809311435e-02 3.720453371865668074e-02 3.628089641595905190e-02 3.537002657185154414e-02 3.447222353569348585e-02 3.358775526827926378e-02 3.271685981671995647e-02 3.185974674812795671e-02 3.101659854056587617e-02 3.018757193024768429e-02 2.937279921442779995e-02 2.857238950979276715e-02 2.778642996648713476e-02 2.701498693816866206e-02 2.625810710870397219e-02 2.551581857629050404e-02 2.478813189592978666e-02 2.407504108128559125e-02 2.337652456704217285e-02 2.269254613293713793e-02 2.202305579068373001e-02 2.136799063502122648e-02 2.072727566014242323e-02 2.010082454274650723e-02 1.948854039295547930e-02 1.889031647431461958e-02 1.830603689407380233e-02 1.773557726491830147e-02 1.717880533928534820e-02 1.663558161736822597e-02 1.610575992987292940e-02 1.558918799655444054e-02 1.508570796152115812e-02 1.459515690625723047e-02 1.411736734127376665e-02 1.365216767726191299e-02 1.319938267658323471e-02 1.275883388589635868e-02 1.233034005068358446e-02 1.191371751240671503e-02 1.150878058898874116e-02 1.111534193928624854e-02 1.073321291218735582e-02 1.036220388094115548e-02 1.000212456329730749e-02 9.652784328008302134e-03 9.313992488222325519e-03 8.985558582271261849e-03 8.667292642336267561e-03 8.359005451452457963e-03 8.060508789294505705e-03 7.771615667166400197e-03 7.492140552600922918e-03 7.221899583958002120e-03 6.960710775395275059e-03 6.708394212569536962e-03 6.464772239413740275e-03 6.229669636321067197e-03 6.002913790055036496e-03 5.784334855692772198e-03 5.573765910897359767e-03 5.371043102804434061e-03 5.176005787797965767e-03 4.988496664440464703e-03 4.808361899813452627e-03 4.635451249515052351e-03 4.469618171552924499e-03 4.310719934362381919e-03 4.158617719171432345e-03 4.013176716926587784e-03 3.874266219985607763e-03 3.741759708775847359e-03 3.615534933609437264e-03 3.495473991839370426e-03 3.381463400533306959e-03 3.273394164834912429e-03 3.171161842175492570e-03 3.074666602491732924e-03 2.983813284598381410e-03 2.898511448857884771e-03 2.818675426281966410e-03 2.744224364193325206e-03 2.675082268568673878e-03 2.611178043177412623e-03 2.552445525623305705e-03 2.498823520389534258e-03 2.450255828980517619e-03 2.406691277246863787e-03 2.368083739972739327e-03 2.334392162797890424e-03 2.305580581539385440e-03 2.281618138971049960e-03 2.262479099111338026e-03 2.248142859063222317e-03 2.238593958442445294e-03 2.233822086423218299e-03 2.233822086423218299e-03
8.334537419606720399e-02 8.334537419606720399e-02 8.329297415298818341e-02 8.318832064211012511e-02 8.303170601131570905e-02 8.282356677222936503e-02 8.256448117918603613e-02 8.225516598951305991e-02 8.189647240075251244e-02 8.148938116572437829e-02 8.103499689486395874e-02 8.053454156685557752e-02 7.998934728270643002e-02 7.940084831426132139e-02 7.877057251476150823e-02 7.810013217530613339e-02 7.739121442589065591e-02 7.664557129207895392e-02 7.586500952750752091e-02 7.505138034775224454e-02 7.420656919233099835e-02 7.333248563876201831e-02 7.243105358591553355e-02 7.150420181386414609e-02 7.055385501469675635e-02 6.958192537405627487e-02 6.859030476726003800e-02 6.758085761751980725e-02 6.655541444766950587e-02 6.551576614151539968e-02 6.446365891689863348e-02 6.340079000013199018e-02 6.232880398084485879e-02 6.124928981753115925e-02 6.016377845723919204e-02 5.907374102778534253e-02 5.798058755747481641e-02 5.688566617539342340e-02 5.579026274469357782e-02 5.469560088172775031e-02 5.360284231517864484e-02 5.251308754130445955e-02 5.142737673388544234e-02 5.034669087026646950e-02 4.927195303791167408e-02 4.820402988900353292e-02 4.714373321374699249e-02 4.609182160610228451e-02 4.504900219861908417e-02 4.401593244583797832e-02 4.299322193833726713e-02 4.198143423191923185e-02 4.098108867864123234e-02 3.999266224840362927e-02 3.901659133161228254e-02 3.805327351504620564e-02 3.710306932449129041e-02 3.616630392896109242e-02 3.524326880242820842e-02 3.433422333994842063e-02 3.343939642588775185e-02 3.255898795267316015e-02 3.169317028909254125e-02 3.084208969768131858e-02 3.000586770116201243e-02 2.918460239825893671e-02 2.837836972950303141e-02 2.758722469387871190e-02 2.681120251735394713e-02 2.605031977448249783e-02 2.530457546437956881e-02 2.457395204245452561e-02 2.385841640934058261e-02 2.315792085849677912e-02 2.247240398397401528e-02 2.180179154983946307e-02 2.114599732274302299e-02 2.050492386908948222e-02 1.987846331825169136e-02 1.926649809322567020e-02 1.866890161008913362e-02 1.808553894758200414e-02 1.751626748808213230e-02 1.696093753120217831e-02 1.641939288118561546e-02 1.589147140923143076e-02 1.537700559182890621e-02 1.487582302613627699e-02 1.438774692339028771e-02 1.391259658128836917e-02 1.345018783624078902e-02 1.300033349634770706e-02 1.256284375591510197e-02 1.213752659228418095e-02 1.172418814571158513e-02 1.132263308300173604e-02 1.093266494555903551e-02 1.055408648249514872e-02 1.018669996939630153e-02 9.830307513326627666e-03 9.484711344616451531e-03 9.149714095958718166e-03 8.825119069312617470e-03 8.510730491090837471e-03 8.206353756085294632e-03 7.911795660566284943e-03 7.626864624971010399e-03 7.351370906579608559e-03 7.085126802560237635e-03 6.827946843748932369e-03 6.579647979515150513e-03 6.340049754050021587e-03 6.108974474401105727e-03 5.886247370564998659e-03 5.671696747937362594e-03 5.465154132408785170e-03 5.266454408384208669e-03 5.075435949993582600e-03 4.891940745751684368e-03 4.715814516915795354e-03 4.546906829781028475e-03 4.385071202144483378e-03 4.230165204161155136e-03 4.082050553806410714e-03 3.940593207152095871e-03 3.805663443655619115e-03 3.677135946653907386e-03 3.554889879246815425e-03 3.438808955747253270e-03 3.328781508868232982e-03 3.224700552809932862e-03 3.126463842402823611e-03 3.033973928456002757e-03 2.947138209452858024e-03 2.865868979729297838e-03 2.790083474262814844e-03 2.719703910193760170e-03 2.654657525193211340e-03 2.594876612784905584e-03 2.540298554721690319e-03 2.490865850509933841e-03 2.446526144168340109e-03 2.407232248300506926e-03 2.372942165553477457e-03 2.343619107527439120e-03 2.319231511194530439e-03 2.299753052877564607e-03 2.285162659832250340e-03 2.275444519469289797e-03 2.270588086245446148e-03 2.270588086245446148e-03
8.594897237285838154e-02 8.594897237285838154e-02 8.589396769557887390e-02 8.578411571797012192e-02 8.561973034683492689e-02 8.540128031776422768e-02 8.512938662778200827e-02 8.480481908660549017e-02 8.442849197234633674e-02 8.400145878271739197e-02 8.352490608256291083e-02 8.300014646253048300e-02 8.242861064124526460e-02 8.181183876335856864e-02 8.115147096698485663e-02 8.044923731483874518e-02 7.970694720237569975e-02 7.892647837209863793e-02 7.810976567485866662e-02 7.725878972572372549e-02 7.637556560347551204e-02 7.546213173906413108e-02 7.452053912979456074e-02 7.355284100331381525e-02 7.256108303948692606e-02 7.154729423998228144e-02 7.051347851583728010e-02 6.946160704340664793e-02 6.839361141975151825e-02 6.731137763041269984e-02 6.621674082615386370e-02 6.511148089102393455e-02 6.399731877216982556e-02 6.287591353228928759e-02 6.174886007838936708e-02 6.061768751546227352e-02 5.948385807059163033e-02 5.834876653161658738e-02 5.721374014453384921e-02 5.608003891504948629e-02 5.494885626184296129e-02 5.382131997194466999e-02 5.269849341194558778e-02 5.158137695237645370e-02 5.047090956636348519e-02 4.936797056746602269e-02 4.827338145533591196e-02 4.718790784143409023e-02 4.611226143044570153e-02 4.504710203621797165e-02 4.399303961398007279e-02 4.295063629328653432e-02 4.192040839855032397e-02 4.090282844620595631e-02 3.989832710947785466e-02 3.890729514343665985e-02 3.793008526452348872e-02 3.696701398002556066e-02 3.601836336411306377e-02 3.508438277801530225e-02 3.416529053273773681e-02 3.326127549341970080e-02 3.237249862501689890e-02 3.149909447947962099e-02 3.064117262499613248e-02 2.979881901819630280e-02 2.897209732046918118e-02 2.816105015975205184e-02 2.736570033930403947e-02 2.658605199509214007e-02 2.582209170349799784e-02 2.507378954110504529e-02 2.434110009835278865e-02 2.362396344885223792e-02 2.292230607614713367e-02 2.223604175968307145e-02 2.156507242171334590e-02 2.090928893682854686e-02 2.026857190574921780e-02 1.964279239496767235e-02 1.903181264376891876e-02 1.843548674010216451e-02 1.785366126671456694e-02 1.728617591889852409e-02 1.673286409514388590e-02 1.619355346192698913e-02 1.566806649381017116e-02 1.515622098996882369e-02 1.465783056820786287e-02 1.417270513747654996e-02 1.370065134983958037e-02 1.324147303281350725e-02 1.279497160293099726e-02 1.236094646135102275e-02 1.193919537229109519e-02 1.152951482501760917e-02 1.113170038009274852e-02 1.074554700054079076e-02 1.037084936856310681e-02 1.000740218839958791e-02 9.655000475904554000e-03 9.313439835377334761e-03 8.982516724161598159e-03 8.662028705502972450e-03 8.351774690131498133e-03 8.051555167014005227e-03 7.761172423701212346e-03 7.480430756675579551e-03 7.209136672088092314e-03 6.947099077255645440e-03 6.694129463275019960e-03 6.450042079094803205e-03 6.214654097372833766e-03 5.987785772433712288e-03 5.769260590628700475e-03 5.558905413388702012e-03 5.356550613250007919e-03 5.162030203122072725e-03 4.975181959056615769e-03 4.795847536767840896e-03 4.623872582144422302e-03 4.459106835985184730e-03 4.301404233181919945e-03 4.150622996564623003e-03 4.006625725616493744e-03 3.869279480258263487e-03 3.738455859893954122e-03 3.614031077902641557e-03 3.495886031753607688e-03 3.383906368915008678e-03 3.277982548719151745e-03 3.178009900340342947e-03 3.083888677034377686e-03 2.995524106781680129e-03 2.912826439469229974e-03 2.835710990739434903e-03 2.764098182627201545e-03 2.697913581099476397e-03 2.637087930604615268e-03 2.581557185731923280e-03 2.531262540074718723e-03 2.486150452383246653e-03 2.446172670086703936e-03 2.411286250256556695e-03 2.381453578076201012e-03 2.356642382874887115e-03 2.336825751776648152e-03 2.321982141007767741e-03 2.312095384899122245e-03 2.307154702612460029e-03 2.307154702612460029e-03
8.862613923402584692e-02 8.862613923402584692e-02 8.856837624032092016e-02 8.845301925206283666e-02 8.828040538306054785e-02 8.805103808114707331e-02 8.776558443006200749e-02 8.742487150649255745e-02 8.702988176397739861e-02 8.658174742039030647e-02 8.608174383695806064e-02 8.553128189388058134e-02 8.493189938965582664e-02 8.428525151671457938e-02 8.359310049311714785e-02 8.285730445687113088e-02 8.207980575391220224e-02 8.126261877118970411e-02 8.040781748120912065e-02 7.951752287288409160e-02 7.859389044523637513e-02 7.763909793548347260e-02 7.665533344195116228e-02 7.564478408599668857e-02 7.460962533692427900e-02 7.355201110103827544e-02 7.247406465182550106e-02 7.137787045401908226e-02 7.026546691101887010e-02 6.913884004367747138e-02 6.799991808941431570e-02 6.685056699437635919e-02 6.569258675810153714e-02 6.452770857985688779e-02 6.335759274838197175e-02 6.218382721192646650e-02 6.100792676292655925e-02 5.983133277107380299e-02 5.865541339954833538e-02 5.748146424147251160e-02 5.631070931688256925e-02 5.514430237442963234e-02 5.398332844636909156e-02 5.282880560997255115e-02 5.168168691313777818e-02 5.054286242654588979e-02 4.941316138912806022e-02 4.829335441778255522e-02 4.718415575618187946e-02 4.608622554110060332e-02 4.500017206796394498e-02 4.392655404026466620e-02 4.286588279012830405e-02 4.181862445963870079e-02 4.078520213458425303e-02 3.976599792407290584e-02 3.876135498101026394e-02 3.777157945976431647e-02 3.679694240847469072e-02 3.583768159442311807e-02 3.489400326168742850e-02 3.396608382097072304e-02 3.305407147204852264e-02 3.215808775972470168e-02 3.127822906454594959e-02 3.041456802980712151e-02 2.956715492659723124e-02 2.873601895879725893e-02 2.792116951005621170e-02 2.712259733484700258e-02 2.634027569574700495e-02 2.557416144910337058e-02 2.482419608123724586e-02 2.409030669731633545e-02 2.337240696498683185e-02 2.267039801480561292e-02 2.198416929945525358e-02 2.131359941365914418e-02 2.065855687664465076e-02 2.001890087892945619e-02 1.939448199513186394e-02 1.878514286443079204e-02 1.819071884022616450e-02 1.761103861047636637e-02 1.704592479011682662e-02 1.649519448689279119e-02 1.595865984187111453e-02 1.543612854582923459e-02 1.492740433265643714e-02 1.443228745084140265e-02 1.395057511406222993e-02 1.348206193183986747e-02 1.302654032116378098e-02 1.258380089994901897e-02 1.215363286313719988e-02 1.173582434220996062e-02 1.133016274884183529e-02 1.093643510338070460e-02 1.055442834880735738e-02 1.018392965079144979e-02 9.824726684429154616e-03 9.476607908217651866e-03 9.139362825793652043e-03 8.812782235936938297e-03 8.496658471315313849e-03 8.190785626424572710e-03 7.894959775155712192e-03 7.608979178401560975e-03 7.332644482096525168e-03 7.065758906065488371e-03 6.808128424041747125e-03 6.559561935198491775e-03 6.319871427523986174e-03 6.088872133357162500e-03 5.866382677387641485e-03 5.652225217412182312e-03 5.446225578128319374e-03 5.248213378235201676e-03 5.058022151101430539e-03 4.875489459250044455e-03 4.700457002901470629e-03 4.532770722806404341e-03 4.372280897591957448e-03 4.218842235836231178e-03 4.072313963078360265e-03 3.932559903963350756e-03 3.799448559713386724e-03 3.672853181109905947e-03 3.552651837163312617e-03 3.438727479640144372e-03 3.330968003610283203e-03 3.229266304169820141e-03 3.133520329488160162e-03 3.043633130321032627e-03 2.959512906124109419e-03 2.881073047895028275e-03 2.808232177864704218e-03 2.740914186151868336e-03 2.679048264487866350e-03 2.622568937111759320e-03 2.571416088928800935e-03 2.525534991018365746e-03 2.484876323570351514e-03 2.449396196322029332e-03 2.419056166560203287e-03 2.393823254746428597e-03 2.373669957815893131e-03 2.358574260193360347e-03 2.348519642562415036e-03 2.343495088416999543e-03 2.343495088416999543e-03
9.137946063484295167e-02 9.137946063484295167e-02 9.131877447775690881e-02 9.119758364084966373e-02 9.101625016856430828e-02 9.077531483399013668e-02 9.047549433783017014e-02 9.011767750017821155e-02 8.970292039674410134e-02 8.923244039567174157e-02 8.870760906416809422e-02 8.812994393533718496e-02 8.750109915359297053e-02 8.682285504982920066e-02 8.609710673267000069e-02 8.532585181690668930e-02 8.451117744196624815e-02 8.365524675959251644e-02 8.276028508900290515e-02 8.182856594843072873e-02 8.086239717373031044e-02 7.986410732786627942e-02 7.883603259051052969e-02 7.778050429597731241e-02 7.669983726198466301e-02 7.559631902300838202e-02 7.447220005201830861e-02 7.332968502472253514e-02 7.217092515239754980e-02 7.099801158395702139e-02 6.981296985579450720e-02 6.861775534951268518e-02 6.741424970304427111e-02 6.620425810978620984e-02 6.498950743294794330e-02 6.377164505799590155e-02 6.255223840442183936e-02 6.133277501862026415e-02 6.011466317197802084e-02 5.889923289193277345e-02 5.768773735836614514e-02 5.648135460293036286e-02 5.528118945448593641e-02 5.408827567952522591e-02 5.290357827209709457e-02 5.172799585319502041e-02 5.056236314473194077e-02 4.940745348803286807e-02 4.826398138119612768e-02 4.713260501368543576e-02 4.601392878011880544e-02 4.490850575842615655e-02 4.381684014037284802e-02 4.273938960491769495e-02 4.167656762701566625e-02 4.062874571631978904e-02 3.959625558181058269e-02 3.857939121971368235e-02 3.757841092318635334e-02 3.659353921318447833e-02 3.562496869068893651e-02 3.467286181109469068e-02 3.373735258206747578e-02 3.281854818656892991e-02 3.191653053305652105e-02 3.103135773509475837e-02 3.016306552277853506e-02 2.931166858848150911e-02 2.847716186950846606e-02 2.765952177026064981e-02 2.685870732652213475e-02 2.607466131445113078e-02 2.530731130681522847e-02 2.455657067895055529e-02 2.382233956685338855e-02 2.310450577973318514e-02 2.240294566926967837e-02 2.171752495772643135e-02 2.104809952698076525e-02 2.039451617043601048e-02 1.975661330968873225e-02 1.913422167773056598e-02 1.852716497037404722e-02 1.793526046750282613e-02 1.735831962566135311e-02 1.679614864341628239e-02 1.624854900084269846e-02 1.571531797441241135e-02 1.519624912848949357e-02 1.469113278456939467e-02 1.419975646933321553e-02 1.372190534252711210e-02 1.325736260561890048e-02 1.280590989212936591e-02 1.236732764048447536e-02 1.194139545018656733e-02 1.152789242205753788e-02 1.112659748326476350e-02 1.073728969780116463e-02 1.035974856305383121e-02 9.993754293061382979e-03 9.639088089028096176e-03 9.295532397632977339e-03 8.962871157644191830e-03 8.640890035323195786e-03 8.329376649079000064e-03 8.028120783810311495e-03 7.736914595352509597e-03 7.455552805426862197e-03 7.183832887471207004e-03 6.921555243714299852e-03 6.668523373840314593e-03 6.424544035574976039e-03 6.189427397511036190e-03 5.962987184477744167e-03 5.745040815746584734e-03 5.535409536354208258e-03 5.333918541812287736e-03 5.140397096463904247e-03 4.954678645736066735e-03 4.776600922528637452e-03 4.606006047970937281e-03 4.442740626768653181e-03 4.286655837355393683e-03 4.137607517055117215e-03 3.995456242453904704e-03 3.860067405171929440e-03 3.731311283218992705e-03 3.609063108109736902e-03 3.493203127907449235e-03 3.383616666358277899e-03 3.280194178270663587e-03 3.182831301287835507e-03 3.091428904194308200e-03 3.005893131890393505e-03 2.926135447161874650e-03 2.852072669365123860e-03 2.783627010141030266e-03 2.720726106264215877e-03 2.663303049727114465e-03 2.611296415151509887e-03 2.564650284613212688e-03 2.523314269958492652e-03 2.487243532683914866e-03 2.456398801444139180e-03 2.430746387245148830e-03 2.410258196373277206e-03 2.394911741103261226e-03 2.384690148221351065e-03 2.379582165392370250e-03 2.379582165392370250e-03
9.421166861090819744e-02 9.421166861090819744e-02 9.414788245121230581e-02 9.402050496655087186e-02 9.382992490922936746e-02 9.357672308708639419e-02 9.326166950474328032e-02 9.288571943916552887e-02 9.245000837294109486e-02 9.195584571228450355e-02 9.140470723215395055e-02 9.079822621739454258e-02 9.013818330472780915e-02 8.942649507298532086e-02 8.866520147483381020e-02 8.785645224866016345e-02 8.700249249064707924e-02 8.610564760118213923e-02 8.516830784417270261e-02 8.419291277108305327e-02 8.318193576309364234e-02 8.213786893519553489e-02 8.106320862659309456e-02 7.996044167440989614e-02 7.883203263465021760e-02 7.768041207803633164e-02 7.650796605098458825e-02 7.531702675559188986e-02 7.410986446868639277e-02 7.288868068992936100e-02 7.165560248338498361e-02 7.041267795625300030e-02 6.916187280260502335e-02 6.790506782873786951e-02 6.664405736972926764e-02 6.538054850341290525e-02 6.411616096768645023e-02 6.285242768921983636e-02 6.159079583567349248e-02 6.033262830893922762e-02 5.907920560322445919e-02 5.783172795863005672e-02 5.659131774790732844e-02 5.535902204107578245e-02 5.413581529935558578e-02 5.292260215628468573e-02 5.172022024986173278e-02 5.052944307503141885e-02 4.935098283078501874e-02 4.818549324058234856e-02 4.703357232872910215e-02 4.589576513878744490e-02 4.477256638309319581e-02 4.366442301503412060e-02 4.257173671795073250e-02 4.149486630639210444e-02 4.043413003703073133e-02 3.938980782784978069e-02 3.836214338529509577e-02 3.735134623996335529e-02 3.635759369210557479e-02 3.538103266878467323e-02 3.442178149496024492e-02 3.347993158110207368e-02 3.255554903017245094e-02 3.164867616698201908e-02 3.075933299302628307e-02 2.988751856996178791e-02 2.903321233489116956e-02 2.819637535060343786e-02 2.737695149386626739e-02 2.657486858479653560e-02 2.579003946024956487e-02 2.502236299406870867e-02 2.427172506693084028e-02 2.353799948841091283e-02 2.282104887377252311e-02 2.212072547787509447e-02 2.143687198847021164e-02 2.076932228104436812e-02 2.011790213725123469e-02 1.948242992886596928e-02 1.886271726908671925e-02 1.825856963290528254e-02 1.766978694816962250e-02 1.709616415886653154e-02 1.653749176206242844e-02 1.599355631985489509e-02 1.546414094760660551e-02 1.494902577965678478e-02 1.444798841363351648e-02 1.396080433442223323e-02 1.348724731878240754e-02 1.302708982154480305e-02 1.258010334426579863e-02 1.214605878716341382e-02 1.172472678511084047e-02 1.131587802841806968e-02 1.091928356908991420e-02 1.053471511320944187e-02 1.016194530005927119e-02 9.800747968559214013e-03 9.450898411567111232e-03 9.112173618560558130e-03 8.784352507189778503e-03 8.467216144166801392e-03 8.160547955932566377e-03 7.864133929521769165e-03 7.577762804025056642e-03 7.301226253029282492e-03 7.034319058399092668e-03 6.776839275746709967e-03 6.528588391921568215e-03 6.289371474837268661e-03 6.058997315939934798e-03 5.837278565609583039e-03 5.624031861774381712e-03 5.419077952006533944e-03 5.222241809358122051e-03 5.033352742185257314e-03 4.852244498199423904e-03 4.678755362975901659e-03 4.512728253140465759e-03 4.354010804447266784e-03 4.202455454952696949e-03 4.057919523482312295e-03 3.920265283580272146e-03 3.789360033123309948e-03 3.665076159774081736e-03 3.547291202441488645e-03 3.435887908908633569e-03 3.330754289782038215e-03 3.231783668908886839e-03 3.138874730402163495e-03 3.051931562406740451e-03 2.970863697732642299e-03 2.895586151474870314e-03 2.826019455732381447e-03 2.762089691531931235e-03 2.703728518055661164e-03 2.650873199264410732e-03 2.603466628001820278e-03 2.561457347657337871e-03 2.524799571459304670e-03 2.493453199462227193e-03 2.467383833285363530e-03 2.446562788652644708e-03 2.430967105776890309e-03 2.420579557624122618e-03 2.415388656086685064e-03 2.415388656086685064e-03
9.712565289654666312e-02 9.712565289654666312e-02 9.705857705351672582e-02 9.692463444378626725e-02 9.672424232368774522e-02 9.645802429616283369e-02 9.612680746378954311e-02 9.573161846542882492e-02 9.527367828045517351e-02 9.475439568668141133e-02 9.417535927639737736e-02 9.353832796857379506e-02 9.284522000183102752e-02 9.209810044850473554e-02 9.129916735039339537e-02 9.045073663645679385e-02 8.955522603689479444e-02 8.861513825236319586e-02 8.763304366835091008e-02 8.661156292106002297e-02 8.555334962203942073e-02 8.446107353519013983e-02 8.333740447356358105e-02 8.218499714734599226e-02 8.100647715170705698e-02 7.980442823698999377e-02 7.858138095699847281e-02 7.733980274641447106e-02 7.608208943762227727e-02 7.481055819176311850e-02 7.352744178947449860e-02 7.223488420373271046e-02 7.093493736035839936e-02 6.962955898060264881e-02 6.832061139413671269e-02 6.700986120894902864e-02 6.569897972630101002e-02 6.438954399322131816e-02 6.308303839130434409e-02 6.178085666818924904e-02 6.048430432648677080e-02 5.919460129365911732e-02 5.791288480509548114e-02 5.664021244110421099e-02 5.537756526657867939e-02 5.412585102956517930e-02 5.288590738179400896e-02 5.165850509040106203e-02 5.044435121556008900e-02 4.924409223358789528e-02 4.805831708930901475e-02 4.688756016511767127e-02 4.573230415730057674e-02 4.459298285283935792e-02 4.346998380214224522e-02 4.236365088501569537e-02 4.127428676872070545e-02 4.020215525821022040e-02 3.914748353965231964e-02 3.811046431914361793e-02 3.709125785914021284e-02 3.608999391560632763e-02 3.510677357922893649e-02 3.414167102429033207e-02 3.319473516894705378e-02 3.226599125075085145e-02 3.135544232127564918e-02 3.046307066369760910e-02 2.958883913712151773e-02 2.873269245136374564e-02 2.789455837579835409e-02 2.707434888575146331e-02 2.627196124979711001e-02 2.548727906116750666e-02 2.472017321634544657e-02 2.397050284375987217e-02 2.323811618535808962e-02 2.252285143368263493e-02 2.182453752693776575e-02 2.114299490439133095e-02 2.047803622432325943e-02 1.982946704660223936e-02 1.919708648184802538e-02 1.858068780901831266e-02 1.798005906314648419e-02 1.739498359484974860e-02 1.682524060312617226e-02 1.627060564286385638e-02 1.573085110839592821e-02 1.520574669435086589e-02 1.469505983496864968e-02 1.419855612297950265e-02 1.371599970907293013e-02 1.324715368292023014e-02 1.279178043665381466e-02 1.234964201165063627e-02 1.192050042941495726e-02 1.150411800730765863e-02 1.110025765982407091e-02 1.070868318608103956e-02 1.032915954413512333e-02 9.961453112718116412e-03 9.605331940943132377e-03 9.260565986503589003e-03 8.926927342859171041e-03 8.604190455876580684e-03 8.292132330368495383e-03 7.990532726951604658e-03 7.699174349623751426e-03 7.417843024440810840e-03 7.146327869655922857e-03 6.884421457667091668e-03 6.631919969103470223e-03 6.388623339366314956e-03 6.154335397926986861e-03 5.928864000671702980e-03 5.712021155570951372e-03 5.503623141940247772e-03 5.303490623548383180e-03 5.111448755819407268e-03 4.927327287365038458e-03 4.750960656075245599e-03 4.582188079986061237e-03 4.420853643135428356e-03 4.266806376609872352e-03 4.119900334977065308e-03 3.979994668291815703e-03 3.846953689855684040e-03 3.720646939903254381e-03 3.600949245381010640e-03 3.487740775977827591e-03 3.380907096559187565e-03 3.280339216150434962e-03 3.185933633607581500e-03 3.097592380107409230e-03 3.015223058581921467e-03 2.938738880215384288e-03 2.868058698115513033e-03 2.803107038263545972e-03 2.743814127841200101e-03 2.690115921025654482e-03 2.641954122336900770e-03 2.599276207614876003e-03 2.562035442696963990e-03 2.530190899859415150e-03 2.503707472079335673e-03 2.482555885166866459e-03 2.466712707810137569e-03 2.456160359568526630e-03 2.450887116842684951e-03 2.450887116842684951e-03
1.001244732785242231e-01 1.001244732785242231e-01 1.000539043778070208e-01 9.991299075518457473e-02 9.970217993368767073e-02 9.942214105265952118e-02 9.907376213587594516e-02 9.865814620602103568e-02 9.817660607468642331e-02 9.763065763696041066e-02 9.702201152175060628e-02 9.635256299212364983e-02 9.562438005085868720e-02 9.483968977995392569e-02 9.400086302255786230e-02 9.311039759469287580e-02 9.217090028539566549e-02 9.118506796166064854e-02 9.015566813456350748e-02 8.908551936279131278e-02 8.797747186916617113e-02 8.683438872610634018e-02 8.565912793027835592e-02 8.445452563887959063e-02 8.322338078441113285e-02 8.196844122577259806e-02 8.069239153490725958e-02 7.939784246322618977e-02 7.808732208299407063e-02 7.676326855726345322e-02 7.542802445852152260e-02 7.408383253102389376e-02 7.273283277439468453e-02 7.137706071568054866e-02 7.001844673266105490e-02 6.865881629175664413e-02 6.729989096825957084e-02 6.594329012383617905e-02 6.459053312541751524e-02 6.324304199994697229e-02 6.190214443036828190e-02 6.056907700922520288e-02 5.924498867694157761e-02 5.793094428199448837e-02 5.662792820961388279e-02 5.533684803423887660e-02 5.405853815868789936e-02 5.279376340985612176e-02 5.154322256676509284e-02 5.030755180200320587e-02 4.908732802207373125e-02 4.788307209597365832e-02 4.669525196453417487e-02 4.552428562572725934e-02 4.437054399335138566e-02 4.323435362831171830e-02 4.211599934316374860e-02 4.101572668174460062e-02 3.993374427661829790e-02 3.887022608774964166e-02 3.782531352633256017e-02 3.679911746806021483e-02 3.579172016036526183e-02 3.480317702829880538e-02 3.383351838377627457e-02 3.288275104291446538e-02 3.195085985612682727e-02 3.103780915554935765e-02 3.014354412424262789e-02 2.926799209146689618e-02 2.841106375816248100e-02 2.757265435659158812e-02 2.675264474791569022e-02 2.595090246129690831e-02 2.516728267792637391e-02 2.440162916319826153e-02 2.365377515006813341e-02 2.292354417645870238e-02 2.221075087940614645e-02 2.151520174847746519e-02 2.083669584083281887e-02 2.017502546015832038e-02 1.952997680155326224e-02 1.890133056432208303e-02 1.828886253449497901e-02 1.769234413878231424e-02 1.711154297155581885e-02 1.654622329634513472e-02 1.599614652323974595e-02 1.546107166349485265e-02 1.494075576255393147e-02 1.443495431262102786e-02 1.394342164584155656e-02 1.346591130908125419e-02 1.300217642122887714e-02 1.255197001388875210e-02 1.211504535627404462e-02 1.169115626506063259e-02 1.128005739991414652e-02 1.088150454535903588e-02 1.049525487961812213e-02 1.012106723101369003e-02 9.758702322486738009e-03 9.407923004759207244e-03 9.068494478634418418e-03 8.740184506904048051e-03 8.422763616304673739e-03 8.116005289943920356e-03 7.819686150594770332e-03 7.533586135236774138e-03 7.257488661204672918e-03 6.991180784287865171e-03 6.734453349108448367e-03 6.487101132090905380e-03 6.248922977322861165e-03 6.019721925593638640e-03 5.799305336885354073e-03 5.587485006580190060e-03 5.384077275636946561e-03 5.188903134979988910e-03 5.001788324334353712e-03 4.822563425731811113e-03 4.651063951904070744e-03 4.487130429771195826e-03 4.330608479225326636e-03 4.181348887402219078e-03 4.039207678625659527e-03 3.904046180202620179e-03 3.775731084239898529e-03 3.654134505646093860e-03 3.539134036475886317e-03 3.430612796766822209e-03 3.328459482012110105e-03 3.232568407406247093e-03 3.142839548993641048e-03 3.059178581843778524e-03 2.981496915369820887e-03 2.909711725900876889e-03 2.843745986611519866e-03 2.783528494905456417e-03 2.728993897343472402e-03 2.680082712199102941e-03 2.636741349718614482e-03 2.598922130155108517e-03 2.566583299639687080e-03 2.539689043945712009e-03 2.518209500195279279e-03 2.502120766550072588e-03 2.491404909921766855e-03 2.486049971730157869e-03 2.486049971730157869e-03
1.032113727861623809e-01 1.032113727861623809e-01 1.031370929328659231e-01 1.029887733041723319e-01 1.027668933418902503e-01 1.024721703402889234e-01 1.021055569794717954e-01 1.016682376892042994e-01 1.011616235965401844e-01 1.005873458071157578e-01 9.994724679694223790e-02 9.924336974745667783e-02 9.847794573700174858e-02 9.765337879968666313e-02 9.677222896880260938e-02 9.583719352687129767e-02 9.485108677859004078e-02 9.381681873841279939e-02 9.273737317557506632e-02 9.161578548310202186e-02 9.045512083366298584e-02 8.925845305652978234e-02 8.802884462079815786e-02 8.676932804607477567e-02 8.548288898908730504e-02 8.417245117895125195e-02 8.284086330017421951e-02 8.149088785486081898e-02 8.012519197675622984e-02 7.874634012131291605e-02 7.735678851843132142e-02 7.595888124762754934e-02 7.455484777824121501e-02 7.314680180865448800e-02 7.173674123690133853e-02 7.032654909902043283e-02 6.891799531963192782e-02 6.751273913022942663e-02 6.611233202348849869e-02 6.471822112560707274e-02 6.333175288261676250e-02 6.195417697020749737e-02 6.058665034952390865e-02 5.923024140337090904e-02 5.788593409817155422e-02 5.655463212678491641e-02 5.523716299591499568e-02 5.393428202936033367e-02 5.264667626483469226e-02 5.137496822761511428e-02 5.011971956893629399e-02 4.888143456094441730e-02 4.766056344324102328e-02 4.645750561867665468e-02 4.527261269817648565e-02 4.410619139606816730e-02 4.295850627870469174e-02 4.182978237018771667e-02 4.072020761975287534e-02 3.962993523592139161e-02 3.855908589289001182e-02 3.750774981485663351e-02 3.647598874408949227e-02 3.546383779856642632e-02 3.447130722495699712e-02 3.349838405261111596e-02 3.254503365406505311e-02 3.161120121739233180e-02 3.069681313552045238e-02 2.980177831741301006e-02 2.892598942578630122e-02 2.806932404579400020e-02 2.723164578887830867e-02 2.641280533575212849e-02 2.561264142224818283e-02 2.483098177154878516e-02 2.406764397609457637e-02 2.332243633226502993e-02 2.259515863072568409e-02 2.188560290514997980e-02 2.119355414184549702e-02 2.051879095264623129e-02 1.986108621327419693e-02 1.922020766922436993e-02 1.859591851108739757e-02 1.798797792109334270e-02 1.739614159253749168e-02 1.682016222363483943e-02 1.625978998724363078e-02 1.571477297779912477e-02 1.518485763670680312e-02 1.466978915735862865e-02 1.416931187085702405e-02 1.368316961345744306e-02 1.321110607667279682e-02 1.275286514092004164e-02 1.230819119353111953e-02 1.187682943189704264e-02 1.145852615246427224e-02 1.105302902625702674e-02 1.066008736155712837e-02 1.027945235433424913e-02 9.910877326983688618e-03 9.554117955896132205e-03 9.208932488353364226e-03 8.875081949216262825e-03 8.552330337845652844e-03 8.240444815672961013e-03 7.939195884815895485e-03 7.648357558114222098e-03 7.367707520942238381e-03 7.097027285137289324e-03 6.836102335367937564e-03 6.584722268250624289e-03 6.342680924509950212e-03 6.109776514465090243e-03 5.885811737112928328e-03 5.670593893067332573e-03 5.463934991603658711e-03 5.265651852047645645e-03 5.075566199738623316e-03 4.893504756788069621e-03 4.719299327846193486e-03 4.552786881081058445e-03 4.393809624567122235e-03 4.242215078272489753e-03 4.097856141826923884e-03 3.960591158245615681e-03 3.830283973776720582e-03 3.706803994033954809e-03 3.590026236568743395e-03 3.479831380029857046e-03 3.376105810051866635e-03 3.278741662007219823e-03 3.187636860750197448e-03 3.102695157474552861e-03 3.023826163800051071e-03 2.950945383196650583e-03 2.883974239848498787e-03 2.822840105053318980e-03 2.767476321246174244e-03 2.717822223729938601e-03 2.673823160188118931e-03 2.635430508048941262e-03 2.602601689762862238e-03 2.575300186048859030e-03 2.553495547158023127e-03 2.537163402196103076e-03 2.526285466539767832e-03 2.520849547374411342e-03 2.520849547374411342e-03
1.063897916906362123e-01 1.063897916906362123e-01 1.063115677087656391e-01 1.061553763953581725e-01 1.059217305412903654e-01 1.056113979409797343e-01 1.052253994058179043e-01 1.047650056246493822e-01 1.042317325200448064e-01 1.036273347406487383e-01 1.029537969631841299e-01 1.022133227509033626e-01 1.014083208222673615e-01 1.005413887145797797e-01 9.961529396974473649e-02 9.863295310962212625e-02 9.759740879353578924e-02 9.651180564937018869e-02 9.537936533475603607e-02 9.420336141252734496e-02 9.298709461544088506e-02 9.173386903315128293e-02 9.044696968629867273e-02 8.912964186641393616e-02 8.778507252463121913e-02 8.641637389474571274e-02 8.502656944349822055e-02 8.361858215798552429e-02 8.219522510992183228e-02 8.075919418062643684e-02 7.931306278925460973e-02 7.785927843906804979e-02 7.640016088091761137e-02 7.493790168766742421e-02 7.347456503597610267e-02 7.201208950067193582e-02 7.055229068009631621e-02 6.909686448667470837e-02 6.764739095431283877e-02 6.620533843199254143e-02 6.477206805039467663e-02 6.334883836496704723e-02 6.193681009423045170e-02 6.053705088607266860e-02 5.915054005723020814e-02 5.777817326209273852e-02 5.642076705644539364e-02 5.507906332987780318e-02 5.375373358745487440e-02 5.244538306698919017e-02 5.115455468300807856e-02 4.988173279239620228e-02 4.862734677983456683e-02 4.739177446365951812e-02 4.617534532472647446e-02 4.497834356237247200e-02 4.380101098270196280e-02 4.264354972524125875e-02 4.150612483457141039e-02 4.038886668390824497e-02 3.929187325779114753e-02 3.821521230110228734e-02 3.715892334159583837e-02 3.612301959299376447e-02 3.510748974552155982e-02 3.411229965052989255e-02 3.313739390558802927e-02 3.218269734615449018e-02 3.124811644963639001e-02 3.033354065734892094e-02 2.943884361958521226e-02 2.856388436870871753e-02 2.770850842488796484e-02 2.687254883881021877e-02 2.605582717543663759e-02 2.525815444259956952e-02 2.447933196799224193e-02 2.371915222786354083e-02 2.297739963050569184e-02 2.225385125741023706e-02 2.154827756476826450e-02 2.086044304780319478e-02 2.019010687024913250e-02 1.953702346112357047e-02 1.890094308079022165e-02 1.828161235816510438e-02 1.767877480078642455e-02 1.709217127934550134e-02 1.652154048816166509e-02 1.596661938297805339e-02 1.542714359735718362e-02 1.490284783886437758e-02 1.439346626614340825e-02 1.389873284791097452e-02 1.341838170482576725e-02 1.295214743512151066e-02 1.249976542483309701e-02 1.206097214338890632e-02 1.163550542529118680e-02 1.122310473855908999e-02 1.082351144056547566e-02 1.043646902185891082e-02 1.006172333852542282e-02 9.699022833611145242e-03 9.348118748095933170e-03 9.008765321879736582e-03 8.680719985217476981e-03 8.363743541014177774e-03 8.057600338370139031e-03 7.762058437745688287e-03 7.476889768096381221e-03 7.201870276312402619e-03 6.936780069279985424e-03 6.681403548868048055e-03 6.435529540129653406e-03 6.198951412995281490e-03 5.971467197723133273e-03 5.752879694360737116e-03 5.542996576461841490e-03 5.341630489292913467e-03 5.148599142754407484e-03 4.963725399233373352e-03 4.786837356595696064e-03 4.617768426518372230e-03 4.456357408354709622e-03 4.302448558718002802e-03 4.155891656962147976e-03 4.016542066730774234e-03 3.884260793739769280e-03 3.758914539951347441e-03 3.640375754291413565e-03 3.528522680055401831e-03 3.423239399141433242e-03 3.324415873243225395e-03 3.231947982128835495e-03 3.145737559124968125e-03 3.065692423920178111e-03 2.991726412793946702e-03 2.923759406372173492e-03 2.861717355003180231e-03 2.805532301841836152e-03 2.755142403722897048e-03 2.710491949898078366e-03 2.671531378704755915e-03 2.638217292227578933e-03 2.610512469007534794e-03 2.588385874846317689e-03 2.571812671747070438e-03 2.560774225025768021e-03 2.555258108620707402e-03 2.555258108620707402e-03
1.096633822449513823e-01 1.096633822449513823e-01 1.095809650422406717e-01 1.094164043259996943e-01 1.091702472865085649e-01 1.088433140751456779e-01 1.084366966016198086e-01 1.079517562428978783e-01 1.073901199686549263e-01 1.067536743722216075e-01 1.060445571375169260e-01 1.052651455690438165e-01 1.044180419554080336e-01 1.035060557133745535e-01 1.025321824517322067e-01 1.014995802830179483e-01 1.004115438780832092e-01 9.927147688836282513e-02 9.808286344333200235e-02 9.684923946175062748e-02 9.557416449652474111e-02 9.426119477096507604e-02 9.291385796893511517e-02 9.153563022459774989e-02 9.012991563097445813e-02 8.870002846083221981e-02 8.724917817689084587e-02 8.578045720687796361e-02 8.429683137592688946e-02 8.280113282541008701e-02 8.129605520297958354e-02 7.978415088158390123e-02 7.826782995304511215e-02 7.674936074158478228e-02 7.523087159164758286e-02 7.371435369985558650e-02 7.220166478064292404e-02 7.069453337716781471e-02 6.919456365198151104e-02 6.770324051453104064e-02 6.622193496409066460e-02 6.475190954664564180e-02 6.329432384228730890e-02 6.185023991570007956e-02 6.042062767631669468e-02 5.900637010677056704e-02 5.760826832851360241e-02 5.622704648206083844e-02 5.486335640644641326e-02 5.351778210830848703e-02 5.219084401573863968e-02 5.088300301579243290e-02 4.959466427751245410e-02 4.832618086459156137e-02 4.707785714351866296e-02 4.584995199430112051e-02 4.464268183173287358e-02 4.345622344574710805e-02 4.229071666971898763e-02 4.114626688571727114e-02 4.002294737568753979e-02 3.892080152741666382e-02 3.783984490390936845e-02 3.678006718452392354e-02 3.574143398588552206e-02 3.472388857023717135e-02 3.372735344851008482e-02 3.275173188501007138e-02 3.179690931022788325e-02 3.086275464789805731e-02 2.994912156205447457e-02 2.905584962946733407e-02 2.818276544249445278e-02 2.732968364704520259e-02 2.649640792003503040e-02 2.568273189040633925e-02 2.488844000750508115e-02 2.411330836033329442e-02 2.335710545094535351e-02 2.261959292501840302e-02 2.190052626240681158e-02 2.119965543028397292e-02 2.051672550128235545e-02 1.985147723886471205e-02 1.920364765199289794e-02 1.857297052100754034e-02 1.795917689648895629e-02 1.736199557273830976e-02 1.678115353739616927e-02 1.621637639860313423e-02 1.566738879100369394e-02 1.513391476179871444e-02 1.461567813796417134e-02 1.411240287567251152e-02 1.362381339287880612e-02 1.314963488596510716e-02 1.268959363127389849e-02 1.224341727230345012e-02 1.181083509328532954e-02 1.139157827981546016e-02 1.098538016716578934e-02 1.059197647686280913e-02 1.021110554208186014e-02 9.842508522371862592e-03 9.485929608193876053e-03 9.141116215728177855e-03 8.807819172378193034e-03 8.485792893375719570e-03 8.174795549869563402e-03 7.874589228859703305e-03 7.584940085320285644e-03 7.305618486837862392e-03 7.036399151075409600e-03 6.777061276358183756e-03 6.527388665664107456e-03 6.287169844288936077e-03 6.056198171444887417e-03 5.834271946040718235e-03 5.621194506881180622e-03 5.416774327514303072e-03 5.220825105946147807e-03 5.033165849434226118e-03 4.853620954562793723e-03 4.682020282795599717e-03 4.518199231694320500e-03 4.361998801983915652e-03 4.213265660639185610e-03 4.071852200160239015e-03 3.937616594198007323e-03 3.810422849684524070e-03 3.690140855616419469e-03 3.576646428633765799e-03 3.469821355530231227e-03 3.369553432824304133e-03 3.275736503515156231e-03 3.188270491140547929e-03 3.107061431247963058e-03 3.032021500383947580e-03 2.963069042700335488e-03 2.900128594269792311e-03 2.843130905196747122e-03 2.792012959603357679e-03 2.746717993563807265e-03 2.707195511053656772e-03 2.673401297974529328e-03 2.645297434307778989e-03 2.622852304444215233e-03 2.606040605730304029e-03 2.594843355264564184e-03 2.589247894971191156e-03 2.589247894971191156e-03
1.130360240368977615e-01 1.130360240368977615e-01 1.129491481787511103e-01 1.127756873324162745e-01 1.125162235353121126e-01 1.121716303602520171e-01 1.117430729222165242e-01 1.112320069312931481e-01 1.106401760989884075e-01 1.099696071783055618e-01 1.092226019699865380e-01 1.084017257555542901e-01 1.075097918111613954e-01 1.065498418958545496e-01 1.055251228690783916e-01 1.044390598478421445e-01 1.032952265379254025e-01 1.020973135445561314e-01 1.008490955724241495e-01 9.955439845780221508e-02 9.821706694060711174e-02 9.684093399209443842e-02 9.542979237971707662e-02 9.398736899150166024e-02 9.251730227453322519e-02 9.102312297983035372e-02 8.950823825965073532e-02 8.797591903994790574e-02 8.642929049363652638e-02 8.487132536991986997e-02 8.330483988942047335e-02 8.173249189107843760e-02 8.015678091086023138e-02 7.858004988021102810e-02 7.700448815004422298e-02 7.543213557050240659e-02 7.386488738491403527e-02 7.230449972607426445e-02 7.075259553252322142e-02 6.921067073069797626e-02 6.768010055493428601e-02 6.616214590084931735e-02 6.465795962846276890e-02 6.316859274949956915e-02 6.169500044878243467e-02 6.023804790265332998e-02 5.879851586819970222e-02 5.737710602595211262e-02 5.597444606591994720e-02 5.459109451257984635e-02 5.322754528895030229e-02 5.188423202337559548e-02 5.056153210527712660e-02 4.925977049806801872e-02 4.797922331879260482e-02 4.672012119496242455e-02 4.548265240960671502e-02 4.426696584581361893e-02 4.307317374207485922e-02 4.190135426961357629e-02 4.075155394261410768e-02 3.962378987191809976e-02 3.851805187233266203e-02 3.743430443323324253e-02 3.637248856165455763e-02 3.533252350656162361e-02 3.431430837248780619e-02 3.331772363022870997e-02 3.234263253179229386e-02 3.138888243633451702e-02 3.045630605335548219e-02 2.954472260899912786e-02 2.865393894088787835e-02 2.778375052653560273e-02 2.693394245001592621e-02 2.610429031121972929e-02 2.529456108171357007e-02 2.450451391091047412e-02 2.373390088598444081e-02 2.298246774869912648e-02 2.224995457207939314e-02 2.153609639962952155e-02 2.084062384959424474e-02 2.016326368656581533e-02 1.950373936256304119e-02 1.886177152954358546e-02 1.823707852515957933e-02 1.762937683342702747e-02 1.703838152185095656e-02 1.646380665643008834e-02 1.590536569585617593e-02 1.536277186612308721e-02 1.483573851666940453e-02 1.432397945909400991e-02 1.382720928940699839e-02 1.334514369470780198e-02 1.287749974511752035e-02 1.242399617173339105e-02 1.198435363131910084e-02 1.155829495839505276e-02 1.114554540534748103e-02 1.074583287113399163e-02 1.035888811912509186e-02 9.984444984587052818e-03 9.622240572279621915e-03 9.272015444613521118e-03 8.933513800786248640e-03 8.606483647290719130e-03 8.290676960169300266e-03 7.985849839365684322e-03 7.691762655508652992e-03 7.408180189444934019e-03 7.134871764822879603e-03 6.871611374014343493e-03 6.618177797649236853e-03 6.374354718024859666e-03 6.139930826641109771e-03 5.914699926102070723e-03 5.698461026614832017e-03 5.491018437307270544e-03 5.292181852577921425e-03 5.101766433683002470e-03 4.919592885757952637e-03 4.745487530463519087e-03 4.579282374439379300e-03 4.420815173741513178e-03 4.269929494432965489e-03 4.126474769491237857e-03 3.990306352189294109e-03 3.861285566100962439e-03 3.739279751875516141e-03 3.624162310920117126e-03 3.515812746122854143e-03 3.414116699743132387e-03 3.318965988590180313e-03 3.230258636604476773e-03 3.147898904950858275e-03 3.071797319726081790e-03 3.001870697377438148e-03 2.938042167922998507e-03 2.880241196057792795e-03 2.828403600224065062e-03 2.782471569717424181e-03 2.742393679894399115e-03 2.708124905540499044e-03 2.679626632451477097e-03 2.656866667273992920e-03 2.639819245645352429e-03 2.628465038665466196e-03 2.622791157727560364e-03 2.622791157727560364e-03
1.165118397434439235e-01 1.165118397434439235e-01 1.164202233535172049e-01 1.162372982780113806e-01 1.159636809357186410e-01 1.156002981672620278e-01 1.151483890440612862e-01 1.146095059582167425e-01 1.139855140297070524e-01 1.132785878240201161e-01 1.124912044384057674e-01 1.116261321859124273e-01 1.106864143685791085e-01 1.096753479584017393e-01 1.085964573620327861e-01 1.074534637935872783e-01 1.062502510821150964e-01 1.049908289662301736e-01 1.036792950595074037e-01 1.023197967012797888e-01 1.009164938457193378e-01 9.947352400469673672e-02 9.799497006989035808e-02 9.648483162164392390e-02 9.494700010903020515e-02 9.338523807607236604e-02 9.180316242628094869e-02 9.020423156917943552e-02 8.859173618100765757e-02 8.696879323616196755e-02 8.533834292239854402e-02 8.370314803614906096e-02 8.206579545869083225e-02 8.042869933372552571e-02 7.879410559707182571e-02 7.716409754539714505e-02 7.554060216981062226e-02 7.392539701916954475e-02 7.232011739533301953e-02 7.072626371716826676e-02 6.914520892122714979e-02 6.757820579438023056e-02 6.602639415731281769e-02 6.449080783782498716e-02 6.297238138961248899e-02 6.147195652598246018e-02 5.999028824913445190e-02 5.852805066457460875e-02 5.708584247726561367e-02 5.566419217155416793e-02 5.426356288103883346e-02 5.288435695758003652e-02 5.152692025081889726e-02 5.019154611103567726e-02 4.887847912908672293e-02 4.758791862763293162e-02 4.632002191801203733e-02 4.507490733698978069e-02 4.385265707732052126e-02 4.265331982560351815e-02 4.147691322038227213e-02 4.032342614283130483e-02 3.919282085173365904e-02 3.808503497379302910e-02 3.699998335966149521e-02 3.593755981540868588e-02 3.489763871851882943e-02 3.388007652688478089e-02 3.288471318867661891e-02 3.191137346039942674e-02 3.095986813992163134e-02 3.002999522075315217e-02 2.912154097338075925e-02 2.823428095902636922e-02 2.736798098078212921e-02 2.652239797669203245e-02 2.569728085899317116e-02 2.489237130339877827e-02 2.410740449199844440e-02 2.334210981306766158e-02 2.259621152081628392e-02 2.186942935786419587e-02 2.116147914300922639e-02 2.047207332664727555e-02 1.980092151601531292e-02 1.914773097225463613e-02 1.851220708113172908e-02 1.789405379910774183e-02 1.729297407631301756e-02 1.670867025785983603e-02 1.614084446481359875e-02 1.558919895603908500e-02 1.505343647204382754e-02 1.453326056185402608e-02 1.402837589387918686e-02 1.353848855164931780e-02 1.306330631524254236e-02 1.260253892916060950e-02 1.215589835735473266e-02 1.172309902605415781e-02 1.130385805500397356e-02 1.089789547767713342e-02 1.050493445098761407e-02 1.012470145499707458e-02 9.756926483075991502e-03 9.401343222951382556e-03 9.057689229047307874e-03 8.725706086500428088e-03 8.405139567211226612e-03 8.095739778271830028e-03 7.797261303093121557e-03 7.509463335537507576e-03 7.232109807348520956e-03 6.964969509154621784e-03 6.707816205311820622e-03 6.460428742838034838e-03 6.222591154681282946e-03 5.994092757553776997e-03 5.774728244554608141e-03 5.564297772795046872e-03 5.362607046232269019e-03 5.169467393909575603e-03 4.984695843793871504e-03 4.808115192394221173e-03 4.639554070338509049e-03 4.478847004078892816e-03 4.325834473890427523e-03 4.180362968321133313e-03 4.042285035245864015e-03 3.911459329670415042e-03 3.787750658426513716e-03 3.671030021892619701e-03 3.561174652869645348e-03 3.458068052735044969e-03 3.361600024992955366e-03 3.271666706332279455e-03 3.188170595298870248e-03 3.111020578682048825e-03 3.040131955709892472e-03 2.975426460141701417e-03 2.916832280340121188e-03 2.864284077399303474e-03 2.817723001399385658e-03 2.777096705851391824e-03 2.742359360390429941e-03 2.713471661768786323e-03 2.690400843194153731e-03 2.673120682051908191e-03 2.661611506043866891e-03 2.655860197769561483e-03 2.655860197769561483e-03
1.200952109574385113e-01 1.200952109574385113e-01 1.199985561086049368e-01 1.198055698880863690e-01 1.195169012854919999e-01 1.191335284451165155e-01 1.186567630974078441e-01 1.180882546491578838e-01 1.174299925985071019e-01 1.166843058724338772e-01 1.158538577649727425e-01 1.149416353827463766e-01 1.139509328615991579e-01 1.128853280679032872e-01 1.117486529905218490e-01 1.105449585078954328e-01 1.092784746251005412e-01 1.079535675750657314e-01 1.065746953411915721e-01 1.051463631804396837e-01 1.036730806202636468e-01 1.021593211971529996e-01 1.006094859340041642e-01 9.902787125394417467e-02 9.741864173132747107e-02 9.578580781079400197e-02 9.413320839835696840e-02 9.246449805217360485e-02 9.078313837590860913e-02 8.909239314051584091e-02 8.739532662395382845e-02 8.569480465456405516e-02 8.399349786419731123e-02 8.229388669398150780e-02 8.059826774233325164e-02 7.890876109620145740e-02 7.722731833866805506e-02 7.555573097617042377e-02 7.389563907497408157e-02 7.224853993811805597e-02 7.061579669045318919e-02 6.899864667058314138e-02 6.739820955475479825e-02 6.581549515944740136e-02 6.425141088707399251e-02 6.270676879336666010e-02 6.118229226617489386e-02 5.967862231405135498e-02 5.819632346955835173e-02 5.673588931708536259e-02 5.529774765844897716e-02 5.388226533193160583e-02 5.248975270193315112e-02 5.112046783725650995e-02 4.977462039637602087e-02 4.845237523797787937e-02 4.715385577471252476e-02 4.587914708754195492e-02 4.462829881736624787e-02 4.340132784981746983e-02 4.219822080825987032e-02 4.101893636915731473e-02 3.986340741308692925e-02 3.873154302380697050e-02 3.762323034693888096e-02 3.653833631900690188e-02 3.547670927679885677e-02 3.443818045627127650e-02 3.342256538952453199e-02 3.242966520771808220e-02 3.145926785718225482e-02 3.051114923541154919e-02 2.958507425309224795e-02 2.868079782782318940e-02 2.779806581473165741e-02 2.693661587876312533e-02 2.609617831303340935e-02 2.527647680727156815e-02 2.447722917005037968e-02 2.369814800819583164e-02 2.293894136648684870e-02 2.219931333049841166e-02 2.147896459520487814e-02 2.077759300174328305e-02 2.009489404453744521e-02 1.943056135080169569e-02 1.878428713427600025e-02 1.815576262489182122e-02 1.754467847592842619e-02 1.695072515009181727e-02 1.637359328583195064e-02 1.581297404510751889e-02 1.526855944371051550e-02 1.474004266517435144e-02 1.422711835920845852e-02 1.372948292552892725e-02 1.324683478388770548e-02 1.277887463104207880e-02 1.232530568535050199e-02 1.188583391963068600e-02 1.146016828286991300e-02 1.104802091133585788e-02 1.064910732959854257e-02 1.026314664193958906e-02 9.889861714593748548e-03 9.528979349239524374e-03 9.180230448129739207e-03 8.843350171229830484e-03 8.518078085710249769e-03 8.204158308120164389e-03 7.901339639552017527e-03 7.609375694090645889e-03 7.328025020825940095e-03 7.057051219694824781e-03 6.796223051406020607e-03 6.545314541689944629e-03 6.304105080105703272e-03 6.072379513627641431e-03 5.849928235225004304e-03 5.636547267640103220e-03 5.432038342562495875e-03 5.236208975389582479e-03 5.048872535756948610e-03 4.869848314015374005e-03 4.698961583824996791e-03 4.536043661031133496e-03 4.380931958980338950e-03 4.233470040429563805e-03 4.093507666195589714e-03 3.960900840686450847e-03 3.835511854450965492e-03 3.717209323877126905e-03 3.605868228164543169e-03 3.501369943690753848e-03 3.403602275885699198e-03 3.312459488723119069e-03 3.227842331932101027e-03 3.149658066026380168e-03 3.077820485243307549e-03 3.012249938478679580e-03 2.952873348297811121e-03 2.899624228097389452e-03 2.852442697486670155e-03 2.811275495950616744e-03 2.776075994851512612e-03 2.746804207819441169e-03 2.723426799575883080e-03 2.705917093228424070e-03 2.694255076068334358e-03 2.688427403896446848e-03 2.688427403896446848e-03
1.237907935937526405e-01 1.237907935937526405e-01 1.236887874161183704e-01 1.234851122216728131e-01 1.231804458206110231e-01 1.227758130665548980e-01 1.222725940402050182e-01 1.216725324729466956e-01 1.209777425714637644e-01 1.201907122968328134e-01 1.193143012488680071e-01 1.183517316110497819e-01 1.173065710997982930e-01 1.161827074840317692e-01 1.149843149249155927e-01 1.137158130483470059e-01 1.123818202241595732e-01 1.109871029239669626e-01 1.095365232295009289e-01 1.080349865621773042e-01 1.064873915274233279e-01 1.048985834585430543e-01 1.032733128579608195e-01 1.016161995207888191e-01 9.993170273057369601e-02 9.822409757111777440e-02 9.649745711956478345e-02 9.475564008086558021e-02 9.300228328965751134e-02 9.124079843395457856e-02 8.947437233421197400e-02 8.770597012881188592e-02 8.593834076102629949e-02 8.417402422285685804e-02 8.241536007964007926e-02 8.066449686976961964e-02 7.892340204201134246e-02 7.719387215589727791e-02 7.547754312702761870e-02 7.377590034813856501e-02 7.209028855848728656e-02 7.042192136885418174e-02 6.877189037789793735e-02 6.714117383846275600e-02 6.553064485050537347e-02 6.394107907132878799e-02 6.237316194447081047e-02 6.082749545651150447e-02 5.930460443676704302e-02 5.780494241878339490e-02 5.632889708510646631e-02 5.487679531830245983e-02 5.344890788188268876e-02 5.204545375485813280e-02 5.066660414327187056e-02 4.931248619136006928e-02 4.798318641407570140e-02 4.667875387164802797e-02 4.539920310570832312e-02 4.414451685532743558e-02 4.291464857012026318e-02 4.170952473639947394e-02 4.052904703122017782e-02 3.937309431806407245e-02 3.824152449686982896e-02 3.713417622013367309e-02 3.605087048587965470e-02 3.499141211743498486e-02 3.395559113914109473e-02 3.294318405638322483e-02 3.195395504762869182e-02 3.098765707552430734e-02 3.004403292351235516e-02 2.912281616388094282e-02 2.822373206266392404e-02 2.734649842634578540e-02 2.649082639490493024e-02 2.565642118534154290e-02 2.484298278948151445e-02 2.405020662952306321e-02 2.327778417449544862e-02 2.252540352052695427e-02 2.179274993757104872e-02 2.107950638501226298e-02 2.038535399836599246e-02 1.970997254909699625e-02 1.905304087940870583e-02 1.841423731369784891e-02 1.779324004822528324e-02 1.718972752042310925e-02 1.660337875913902791e-02 1.603387371701033362e-02 1.548089358606138770e-02 1.494412109752856453e-02 1.442324080683523961e-02 1.391793936456514787e-02 1.342790577421528950e-02 1.295283163744842710e-02 1.249241138750985421e-02 1.204634251142289864e-02 1.161432576153212728e-02 1.119606535692191894e-02 1.079126917520079748e-02 1.039964893510808737e-02 1.002092037036888227e-02 9.654803395195508259e-03 9.301022261808776850e-03 8.959305710329492148e-03 8.629387111370191363e-03 8.311004601638527500e-03 8.003901212846692426e-03 7.707824994206130022e-03 7.422529128772768249e-03 7.147772043895342375e-03 6.883317516007777213e-03 6.628934769996099388e-03 6.384398573360526921e-03 6.149489325384485151e-03 5.923993141513962668e-03 5.707701933142987280e-03 5.500413482993678910e-03 5.301931516272669759e-03 5.112065767779193359e-03 4.930632045134076061e-03 4.757452288293018486e-03 4.592354625501862860e-03 4.435173425846150597e-03 4.285749348541824898e-03 4.143929389108749750e-03 4.009566922563503888e-03 3.882521743762707561e-03 3.762660105023082381e-03 3.649854751139210412e-03 3.543984951914850353e-03 3.444936532318441935e-03 3.352601900368179511e-03 3.266880072846723663e-03 3.187676698940274111e-03 3.114904081891235483e-03 3.048481198748264828e-03 2.988333718291824159e-03 2.934394017207767654e-03 2.886601194575709635e-03 2.844901084733123670e-03 2.809246268570275012e-03 2.779596083305055625e-03 2.755916630780935479e-03 2.738180784325030485e-03 2.726368194197290908e-03 2.720465291655628070e-03 2.720465291655628070e-03
1.276035321554610802e-01 1.276035321554610802e-01 1.274958489733905298e-01 1.272808299095486706e-01 1.269591750887189285e-01 1.265319477207759724e-01 1.260005875846313961e-01 1.253669256225926065e-01 1.246331971197545824e-01 1.238020507731645015e-01 1.228765510671208094e-01 1.218601717750987662e-01 1.207567790784763589e-01 1.195706036586626220e-01 1.183062020777405771e-01 1.169684086892814889e-01 1.155622800957031432e-01 1.140930346994866590e-01 1.125659901354190695e-01 1.109865013219833996e-01 1.093599015768218080e-01 1.076914487759762507e-01 1.059862779811256289e-01 1.042493613891668086e-01 1.024854759339357685e-01 1.006991784297195380e-01 9.889478780938765201e-02 9.707637377880068419e-02 9.524775107430889787e-02 9.341247845561184704e-02 9.157386157338189003e-02 8.973495890159463584e-02 8.789859000234989672e-02 8.606734548303475452e-02 8.424359810209529342e-02 8.242951457353712985e-02 8.062706770714392346e-02 7.883804859882859173e-02 7.706407865249485789e-02 7.530662127126193373e-02 7.356699310249645296e-02 7.184637475877128643e-02 7.014582096675445189e-02 6.846627011928087259e-02 6.680855322357934223e-02 6.517340225181884883e-02 6.356145790968538434e-02 6.197327684535425263e-02 6.040933832561811573e-02 5.887005040858422911e-02 5.735575564369033152e-02 5.586673633014158091e-02 5.440321936451138901e-02 5.296538070738114612e-02 5.155334949768329567e-02 5.016721184197823341e-02 4.880701430433366517e-02 4.747276712085193168e-02 4.616444716125970432e-02 4.488200065836791403e-02 4.362534572465559535e-02 4.239437467374494728e-02 4.118895616312591434e-02 4.000893717316509474e-02 3.885414483619429454e-02 3.772438812832265564e-02 3.661945943554738292e-02 3.553913600475094164e-02 3.448318128926228937e-02 3.345134619782246660e-02 3.244337025502536803e-02 3.145898268059980213e-02 3.049790339425236668e-02 2.955984395219978314e-02 2.864450842097868155e-02 2.775159419362679264e-02 2.688079275287902012e-02 2.603179038560978972e-02 2.520426885237809014e-02 2.439790601558932889e-02 2.361237642947607712e-02 2.284735189481584827e-02 2.210250198104515146e-02 2.137749451819355440e-02 2.067199606084700950e-02 1.998567232615500178e-02 1.931818860771825769e-02 1.866921016703287917e-02 1.803840260402023166e-02 1.742543220803872625e-02 1.682996629065290281e-02 1.625167350132558294e-02 1.569022412709936490e-02 1.514529037724349735e-02 1.461654665376064047e-02 1.410366980857363957e-02 1.360633938814575367e-02 1.312423786622687882e-02 1.265705086536359804e-02 1.220446736776119485e-02 1.176617991604103804e-02 1.134188480439622670e-02 1.093128226061186245e-02 1.053407661938343155e-02 1.014997648733689459e-02 9.778694900127461384e-03 9.419949471969623483e-03 9.073462537929465749e-03 8.738961289290338164e-03 8.416177902285429044e-03 8.104849660474670522e-03 7.804719071028858035e-03 7.515533975170825623e-03 7.237047653011659427e-03 6.969018923008911057e-03 6.711212236264163002e-03 6.463397765868132867e-03 6.225351491493226821e-03 5.996855279425862377e-03 5.777696958223770864e-03 5.567670390176843349e-03 5.366575538743955862e-03 5.174218532132257922e-03 4.990411723179890256e-03 4.814973745697720756e-03 4.647729567420511368e-03 4.488510539712928238e-03 4.337154444170870406e-03 4.193505536253747286e-03 4.057414586078542107e-03 3.928738916501700248e-03 3.807342438610104417e-03 3.693095684737596890e-03 3.585875839118614523e-03 3.485566766285683616e-03 3.392059037312477980e-03 3.305249953999180989e-03 3.225043571091720709e-03 3.151350716621323725e-03 3.084089010445502464e-03 3.023182881066266946e-03 2.968563580795904877e-03 2.920169199335134139e-03 2.877944675822822519e-03 2.841841809410829492e-03 2.811819268411701843e-03 2.787842598061199099e-03 2.769884226931703698e-03 2.757923472026658444e-03 2.751946542580215906e-03 2.751946542580215906e-03
1.315386718290103285e-01 1.315386718290103285e-01 1.314249767540735248e-01 1.311979384630910517e-01 1.308582690204098120e-01 1.304070563341740430e-01 1.298457850509723843e-01 1.291763598435681504e-01 1.284011276377687860e-01 1.275228950534254280e-01 1.265449374494679591e-01 1.254709964934730970e-01 1.243052640958794419e-01 1.230523517641551740e-01 1.217172457891425585e-01 1.203052499859617319e-01 1.188219187916419312e-01 1.172729842328329858e-01 1.156642805544757652e-01 1.140016701586242659e-01 1.122909740213375723e-01 1.105379090522093516e-01 1.087480340612868440e-01 1.069267052116772282e-01 1.050790411431293397e-01 1.032098973987038149e-01 1.013238493894355746e-01 9.942518288397747539e-02 9.751789089065475424e-02 9.560567578054499083e-02 9.369195555355784577e-02 9.177987324917961931e-02 8.987230862828672617e-02 8.797189138607720837e-02 8.608101528741417263e-02 8.420185273751965016e-02 8.233636940901833956e-02 8.048633863918043529e-02 7.865335538880884048e-02 7.683884961752358855e-02 7.504409898071519314e-02 7.327024079290721248e-02 7.151828323243944463e-02 6.978911578491250878e-02 6.808351893919817321e-02 6.640217316130248015e-02 6.474566717904466084e-02 6.311450561527660874e-02 6.150911600993167611e-02 5.992985527213226526e-02 5.837701560335571693e-02 5.685082993160064935e-02 5.535147689488757045e-02 5.387908541045995092e-02 5.243373886388528332e-02 5.101547894999221983e-02 4.962430919530436135e-02 4.826019818939589201e-02 4.692308255043891457e-02 4.561286964815931128e-02 4.432944010548353631e-02 4.307265009834901348e-02 4.184233347146805448e-02 4.063830368627814604e-02 3.946035561587639406e-02 3.830826720041649591e-02 3.718180097523727384e-02 3.608070548288520168e-02 3.500471657918220736e-02 3.395355864256735523e-02 3.292694569510021957e-02 3.192458244274794937e-02 3.094616524188030168e-02 2.999138299826362847e-02 2.905991800426750357e-02 2.815144671947358151e-02 2.726564049940049389e-02 2.640216627662554313e-02 2.556068719819088592e-02 2.474086322282578396e-02 2.394235168119181190e-02 2.316480780206467069e-02 2.240788520709901394e-02 2.167123637658095042e-02 2.095451308835346443e-02 2.025736683190075549e-02 1.957944919939735851e-02 1.892041225536417529e-02 1.827990888642573239e-02 1.765759313252853943e-02 1.705312050085925138e-02 1.646614826359140207e-02 1.589633574049008694e-02 1.534334456731403784e-02 1.480683895087367419e-02 1.428648591153000927e-02 1.378195551385340278e-02 1.329292108610135442e-02 1.281905942912067373e-02 1.236005101523098351e-02 1.191558017760266375e-02 1.148533529060330460e-02 1.106900894155102288e-02 1.066629809428153337e-02 1.027690424490714655e-02 9.900533570120158972e-03 9.536897068370159269e-03 9.185710694224019993e-03 8.846695486198678446e-03 8.519577688340267130e-03 8.204088865808012096e-03 7.899966014707795331e-03 7.606951666408210549e-03 7.324793986560862967e-03 7.053246869036713246e-03 6.792070024981343261e-03 6.541029067183669506e-03 6.299895589945233958e-03 6.068447244630239927e-03 5.846467811070097526e-03 5.633747264990360097e-03 5.430081841622302896e-03 5.235274095656195469e-03 5.049132957688252932e-03 4.871473787308516420e-03 4.702118422972204059e-03 4.540895228792592164e-03 4.387639138389032474e-03 4.242191695919264247e-03 4.104401094420880546e-03 3.974122211582368017e-03 3.851216643059750169e-03 3.735552733450421981e-03 3.627005605031267694e-03 3.525457184363570053e-03 3.430796226862562436e-03 3.342918339424779794e-03 3.261726001201479836e-03 3.187128582601549912e-03 3.119042362602232350e-03 3.057390544440946861e-03 3.002103269756241106e-03 2.953117631240614795e-03 2.910377683862565550e-03 2.873834454709738636e-03 2.843445951499500284e-03 2.819177169797622978e-03 2.801000098980115875e-03 2.788893726967436523e-03 2.782844043754562069e-03 2.782844043754562069e-03
1.356017669509534118e-01 1.356017669509534118e-01 1.354817215114524076e-01 1.352419786468166130e-01 1.348832466079695203e-01 1.344066169310439984e-01 1.338135956020567174e-01 1.331061384875595610e-01 1.322866863297240680e-01 1.313581941657823160e-01 1.303241501202603847e-01 1.291885792020439072e-01 1.279560290011574064e-01 1.266315358977223304e-01 1.252205723391121572e-01 1.237289776184862383e-01 1.221628761107460825e-01 1.205285878783395603e-01 1.188325368600357396e-01 1.170811615418794471e-01 1.152808322227717591e-01 1.134377779201538594e-01 1.115580248074543174e-01 1.096473469919719279e-01 1.077112295341290660e-01 1.057548429267877732e-01 1.037830278024520769e-01 1.018002883925013952e-01 9.981079318595345584e-02 9.781838128072500860e-02 9.582657304578995339e-02 9.383858388272973972e-02 9.185734006293085063e-02 8.988549580319184218e-02 8.792545091575318383e-02 8.597936852215963544e-02 8.404919245123679272e-02 8.213666404975435154e-02 8.024333822161139329e-02 7.837059858000187951e-02 7.651967164972499347e-02 7.469164009630341328e-02 7.288745498737637940e-02 7.110794711215845387e-02 6.935383739848266504e-02 6.762574647563755759e-02 6.592420343612548361e-02 6.424965385161722498e-02 6.260246709853800606e-02 6.098294304749903028e-02 5.939131816864044733e-02 5.782777110222047517e-02 5.629242774072366895e-02 5.478536586554573484e-02 5.330661937807853329e-02 5.185618216184760543e-02 5.043401160931040156e-02 4.904003184403767784e-02 4.767413666629747443e-02 4.633619224754779997e-02 4.502603959702148467e-02 4.374349682145289159e-02 4.248836119704017811e-02 4.126041107095166499e-02 4.005940760805856010e-02 3.888509639709639837e-02 3.773720892911468228e-02 3.661546395985515456e-02 3.551956876659457391e-02 3.444922030898708160e-02 3.340410630253499991e-02 3.238390621249702395e-02 3.138829217529985616e-02 3.041692985384827561e-02 2.946947923252078369e-02 2.854559535708797030e-02 2.764492902429396826e-02 2.676712742539099146e-02 2.591183474751062102e-02 2.507869273638678800e-02 2.426734122361323340e-02 2.347741862131663346e-02 2.270856238685460549e-02 2.196040945990166554e-02 2.123259667406344336e-02 2.052476114495865173e-02 1.983654063652629668e-02 1.916757390715135775e-02 1.851750103705416747e-02 1.788596373825428881e-02 1.727260564829938977e-02 1.667707260884007670e-02 1.609901293003365361e-02 1.553807764167105220e-02 1.499392073184115451e-02 1.446619937387526138e-02 1.395457414224935723e-02 1.345870921806399841e-02 1.297827258466919056e-02 1.251293621395485958e-02 1.206237624378531624e-02 1.162627314701841254e-02 1.120431189251625513e-02 1.079618209852405489e-02 1.040157817876661249e-02 1.002019948158761921e-02 9.651750422435389359e-03 9.295940609979199895e-03 8.952484966123103530e-03 8.621103840168663560e-03 8.301523117364194640e-03 7.993474322065688767e-03 7.696694715723621447e-03 7.410927389899756891e-03 7.135921354509244807e-03 6.871431621475124728e-03 6.617219283975132177e-03 6.373051591453973708e-03 6.138702020568209683e-03 5.913950342225248423e-03 5.698582684872738162e-03 5.492391594189808580e-03 5.295176089327027075e-03 5.106741715837495761e-03 4.926900595437436886e-03 4.755471472730378978e-03 4.592279759025235351e-03 4.437157573374463093e-03 4.289943780954728891e-03 4.150484028908459251e-03 4.018630779760798931e-03 3.894243342522441757e-03 3.777187901584796396e-03 3.667337543509762484e-03 3.564572281812210079e-03 3.468779079828935522e-03 3.379851871763415051e-03 3.297691581991193249e-03 3.222206142706092197e-03 3.153310509982654077e-03 3.090926678325436536e-03 3.034983693770753298e-03 2.985417665601445680e-03 2.942171776730062582e-03 2.905196292800595916e-03 2.874448570053577193e-03 2.849893061993912652e-03 2.831501324895336052e-03 2.819252022169835802e-03 2.813130927624770457e-03 2.813130927624770457e-03
1.397986838090317374e-01 1.397986838090317374e-01 1.396719544002247293e-01 1.394188274756222590e-01 1.390399843125420809e-01 1.385364887377400767e-01 1.379098324063469105e-01 1.371619870703091604e-01 1.362954574750592784e-01 1.353133278031607156e-01 1.342192945777279101e-01 1.330176797907807740e-01 1.317134197520313521e-01 1.303120276020292567e-01 1.288195302557698374e-01 1.272423832746082950e-01 1.255873693421424575e-01 1.238614873103521391e-01 1.220718390650286644e-01 1.202255208316960478e-01 1.183295242584949253e-01 1.163906509887524393e-01 1.144154427706795818e-01 1.124101276678851485e-01 1.103805817618430385e-01 1.083323049203695904e-01 1.062704087258908997e-01 1.041996144580316641e-01 1.021242590362418240e-01 1.000483069800684882e-01 9.797536667746430117e-02 9.590870951898056163e-02 9.385129072536316230e-02 9.180577094741401711e-02 8.977453793879928978e-02 8.775972779028892723e-02 8.576324536762275352e-02 8.378678371736714148e-02 8.183184229964915457e-02 7.989974397786567262e-02 7.799165074763751704e-02 7.610857822429162312e-02 7.425140893337130177e-02 7.242090446490755118e-02 7.061771656171343670e-02 6.884239721660061206e-02 6.709540785457206169e-02 6.537712767479453291e-02 6.368786122430865337e-02 6.202784527159185823e-02 6.039725504368486514e-02 5.879620988593375203e-02 5.722477839870450389e-02 5.568298310083621278e-02 5.417080466520916154e-02 5.268818576766830936e-02 5.123503458669315114e-02 4.981122798764925363e-02 4.841661442219748201e-02 4.705101657046169283e-02 4.571423375085069407e-02 4.440604411997874090e-02 4.312620668291120007e-02 4.187446313195888198e-02 4.065053953043928220e-02 3.945414785619419384e-02 3.828498741818765067e-02 3.714274615818820985e-02 3.602710184835107576e-02 3.493772319444667790e-02 3.387427085351912143e-02 3.283639837389198957e-02 3.182375306465862891e-02 3.083597680109157954e-02 2.987270677177341488e-02 2.893357617268151397e-02 2.801821485294571021e-02 2.712624991653564063e-02 2.625730628371757136e-02 2.541100721574500801e-02 2.458697480590879558e-02 2.378483043976751046e-02 2.300419522710349385e-02 2.224469040790257729e-02 2.150593773443166407e-02 2.078755983128747695e-02 2.008918053510804977e-02 1.941042521547565666e-02 1.875092107839245945e-02 1.811029745357791224e-02 1.748818606671784237e-02 1.688422129768808733e-02 1.629804042567908548e-02 1.572928386206149526e-02 1.517759537175509751e-02 1.464262228379358162e-02 1.412401569171537093e-02 1.362143064435454749e-02 1.313452632755590654e-02 1.266296623729320538e-02 1.220641834462976409e-02 1.176455525292466678e-02 1.133705434765590672e-02 1.092359793920346864e-02 1.052387339890985263e-02 1.013757328871316837e-02 9.764395484627779245e-03 9.404043294329700320e-03 9.056225569088168295e-03 8.720656810270717083e-03 8.397057270636701723e-03 8.085153050622980939e-03 7.784676189815829643e-03 7.495364753794209363e-03 7.216962916521752966e-03 6.949221038457842163e-03 6.691895740551753388e-03 6.444749974278246238e-03 6.207553087867748870e-03 5.980080888879491310e-03 5.762115703261623360e-03 5.553446431038213012e-03 5.353868598759132895e-03 5.163184408845233192e-03 4.981202785957520966e-03 4.807739420515752538e-03 4.642616809488286748e-03 4.485664294571770939e-03 4.336718097875761138e-03 4.195621355223989185e-03 4.062224147180487979e-03 3.936383527905213363e-03 3.817963551940195110e-03 3.706835299023478192e-03 3.602876897024270917e-03 3.505973543088776543e-03 3.416017523082039414e-03 3.332908229407004555e-03 3.256552177277598648e-03 3.186863019518198538e-03 3.123761559957274631e-03 3.067175765478310188e-03 3.017040776786250253e-03 2.973298917942835979e-03 2.935899704719155921e-03 2.904799851808607600e-03 2.879963278938278866e-03 2.861361115911457715e-03 2.848971706608650553e-03 2.842780611969063145e-03 2.842780611969063145e-03
1.441355949574362749e-01 1.441355949574362749e-01 1.440018651618572287e-01 1.437347038008883193e-01 1.433347319095404082e-01 1.428029401631513984e-01 1.421407533864449402e-01 1.413501060111855556e-01 1.404335199455596095e-01 1.393941751201073775e-01 1.382359627303842986e-01 1.369635121978293735e-01 1.355821852277501738e-01 1.340980338664670701e-01 1.325177236241289191e-01 1.308484267789619959e-01 1.290976941443695847e-01 1.272733153256082050e-01 1.253831776602318537e-01 1.234351328412063714e-01 1.214368781212768478e-01 1.193958565194733062e-01 1.173191780511372712e-01 1.152135619889319701e-01 1.130852986808514454e-01 1.109402285181336489e-01 1.087837351921345369e-01 1.066207502950218822e-01 1.044557664878736775e-01 1.022928567778617764e-01 1.001356978325012026e-01 9.798759565618668510e-02 9.585151232630359508e-02 9.373009281353551769e-02 9.162569118584040773e-02 8.954039571781827189e-02 8.747605260116417258e-02 8.543428808404783525e-02 8.341652896467736944e-02 8.142402143383409285e-02 7.945784830891125528e-02 7.751894473314921430e-02 7.560811243257692382e-02 7.372603263302798804e-02 7.187327774311670636e-02 7.005032190823461125e-02 6.825755053694106123e-02 6.649526889566582943e-02 6.476370986118967776e-02 6.306304091347375573e-02 6.139337044443625435e-02 5.975475345147758521e-02 5.814719667808087439e-02 5.657066325775706589e-02 5.502507691200322210e-02 5.351032574781260792e-02 5.202626569561011327e-02 5.057272362426277340e-02 4.914950016601044025e-02 4.775637228073765367e-02 4.639309558594013200e-02 4.505940647598805082e-02 4.375502405182885024e-02 4.247965188007021137e-02 4.123297959841708271e-02 4.001468438267674621e-02 3.882443228897329568e-02 3.766187948340616459e-02 3.652667337012883986e-02 3.541845362769785455e-02 3.433685316253412556e-02 3.328149898743560514e-02 3.225201303227111238e-02 3.124801289326020748e-02 3.026911252659316223e-02 2.931492289156235193e-02 2.838505254785180995e-02 2.747910821116259644e-02 2.659669527092899804e-02 2.573741827350174011e-02 2.490088137383387676e-02 2.408668875839906770e-02 2.329444504179732645e-02 2.252375563925614749e-02 2.177422711701326730e-02 2.104546752236811577e-02 2.033708669500983862e-02 1.964869656106936480e-02 1.897991141119850789e-02 1.833034816384980850e-02 1.769962661481469524e-02 1.708736967397350009e-02 1.649320359011756040e-02 1.591675816462029616e-02 1.535766695465930719e-02 1.481556746662479954e-02 1.429010134029020697e-02 1.378091452426720258e-02 1.328765744322040268e-02 1.280998515727427289e-02 1.234755751400759376e-02 1.190003929339714453e-02 1.146710034604273530e-02 1.104841572497953714e-02 1.064366581136018224e-02 1.025253643426882015e-02 9.874718984910905648e-03 9.509910525406711085e-03 9.157813892402255282e-03 8.818137795699045045e-03 8.490596912093044749e-03 8.174911974603635625e-03 7.870809857264911280e-03 7.578023655644153256e-03 7.296292763245703847e-03 7.025362943952640285e-03 6.764986400653459804e-03 6.514921840196256225e-03 6.274934534808736600e-03 6.044796380118577957e-03 5.824285949905083637e-03 5.613188547709839146e-03 5.411296255431012614e-03 5.218407979022929993e-03 5.034329491419750092e-03 4.858873472799229987e-03 4.691859548299768048e-03 4.533114323301138011e-03 4.382471416376443503e-03 4.239771490019931567e-03 4.104862279252311300e-03 3.977598618202097744e-03 3.857842464758346173e-03 3.745462923386766972e-03 3.640336266197786129e-03 3.542345952351486863e-03 3.451382645880669928e-03 3.367344232009363957e-03 3.290135832040111310e-03 3.219669816879196754e-03 3.155865819264690262e-03 3.098650744757737354e-03 3.047958781552998885e-03 3.003731409159448879e-03 2.965917405997965921e-03 2.934472855957255630e-03 2.909361153944672179e-03 2.890553010463440143e-03 2.878026455242636231e-03 2.871766839941081520e-03 2.871766839941081520e-03
1.486189611779037134e-01 1.486189611779037134e-01 1.484779493437339837e-01 1.481961656260326610e-01 1.477741238932893941e-01 1.472126770163882659e-01 1.465131073207264767e-01 1.456772337557236674e-01 1.447075244571594532e-01 1.436072013613659271e-01 1.423803227547598971e-01 1.410318306821284062e-01 1.395675533116015055e-01 1.379941574757946876e-01 1.363190528710796767e-01 1.345502555312906579e-01 1.326962228817871181e-01 1.307656750369755594e-01 1.287674168414871256e-01 1.267101729350065820e-01 1.246024446776238526e-01 1.224523939858288141e-01 1.202677556886194987e-01 1.180557773225626716e-01 1.158231834786922765e-01 1.135761608342101270e-01 1.113203596841963461e-01 1.090609079361165024e-01 1.068024339596797684e-01 1.045490952500081755e-01 1.023046104590777799e-01 1.000722929134632705e-01 9.785508423036992642e-02 9.565558705496393643e-02 9.347609626995943832e-02 9.131862828076646454e-02 8.918494816725652807e-02 8.707659462820707685e-02 8.499490273795211326e-02 8.294102459648688974e-02 8.091594799240209301e-02 7.892051321907488093e-02 7.695542819358160147e-02 7.502128202865633588e-02 7.311855720353375998e-02 7.124764047173952342e-02 6.940883263427977123e-02 6.760235729623963186e-02 6.582836871419994740e-02 6.408695883156012574e-02 6.237816358907227049e-02 6.070196858880069768e-02 5.905831418138286770e-02 5.744710003889743483e-02 5.586818926882351766e-02 5.432141211845930434e-02 5.280656931370732859e-02 5.132343507127133664e-02 4.987175981898871180e-02 4.845127265518675563e-02 4.706168357454917905e-02 4.570268548496315975e-02 4.437395603714268388e-02 4.307515928645183623e-02 4.180594720424731653e-02 4.056596105419150999e-02 3.935483264732694830e-02 3.817218548822887136e-02 3.701763582323923385e-02 3.589079360061766394e-02 3.479126335140382553e-02 3.371864499885778022e-02 3.267253460351686456e-02 3.165252505016864781e-02 3.065820668237929925e-02 2.968916788962685724e-02 2.874499565156099154e-02 2.782527604343913372e-02 2.692959470636653585e-02 2.605753728558962701e-02 2.520868983975372429e-02 2.438263922373283196e-02 2.357897344736800335e-02 2.279728201220748707e-02 2.203715622812421615e-02 2.129818951149109810e-02 2.057997766642019610e-02 1.988211915041537478e-02 1.920421532564855691e-02 1.854587069694437623e-02 1.790669313744644789e-02 1.728629410283855777e-02 1.668428883490505679e-02 1.610029655513517399e-02 1.553394064900504024e-02 1.498484884150834244e-02 1.445265336445027311e-02 1.393699111596957176e-02 1.343750381270942575e-02 1.295383813501865648e-02 1.248564586552999497e-02 1.203258402143175289e-02 1.159431498072207786e-02 1.117050660271130813e-02 1.076083234301700858e-02 1.036497136327809744e-02 9.982608635798240898e-03 9.613435043314952355e-03 9.257147474078417440e-03 8.913448912413577882e-03 8.582048524929691835e-03 8.262661742533627604e-03 7.955010338396155053e-03 7.658822502014415307e-03 7.373832909508604150e-03 7.099782790286189582e-03 6.836419990203054797e-03 6.583499031347409512e-03 6.340781168569138877e-03 6.108034442874453289e-03 5.885033731803136769e-03 5.671560796903259496e-03 5.467404328416007424e-03 5.272359987281097921e-03 5.086230444571107970e-03 4.908825418460981485e-03 4.739961708836766194e-03 4.579463229645511571e-03 4.427161039085952994e-03 4.282893367737236785e-03 4.146505644720493988e-03 4.017850521985426998e-03 3.896787896811358329e-03 3.783184932609261718e-03 3.676916078108270411e-03 3.577863085006947799e-03 3.485915024166218960e-03 3.400968300417341484e-03 3.322926666054620230e-03 3.251701233078684028e-03 3.187210484252185443e-03 3.129380283025640433e-03 3.078143882386779728e-03 3.033441932682473790e-03 2.995222488457669353e-03 2.963441014351162871e-03 2.938060390083298279e-03 2.919050914565817032e-03 2.906390309159174404e-03 2.900063720097666858e-03 2.900063720097666858e-03
1.532554958304548354e-01 1.532554958304548354e-01 1.531069797144021805e-01 1.528100951571858546e-01 1.523651837120464370e-01 1.517728698819303945e-01 1.510341861480280212e-01 1.501507231554828348e-01 1.491247902880236398e-01 1.479595684463226313e-01 1.466592349640940540e-01 1.452290413552937143e-01 1.436753287644001453e-01 1.420054735168183035e-01 1.402277647947122452e-01 1.383512259983514237e-01 1.363853984533945629e-01 1.343401092808279573e-01 1.322252442902874248e-01 1.300505426785411034e-01 1.278254246503602864e-01 1.255588572942462622e-01 1.232592591603902527e-01 1.209344404867175038e-01 1.185915739473570596e-01 1.162371899351402477e-01 1.138771904049224321e-01 1.115168758669689841e-01 1.091609809569015072e-01 1.068137149253547691e-01 1.044788042635988456e-01 1.021595354453806587e-01 9.985879639478725811e-02 9.757911578475568504e-02 9.532269964435180487e-02 9.309146502434992310e-02 9.088707066029305670e-02 8.871094469885988654e-02 8.656430963306283033e-02 8.444820463756302908e-02 8.236350551737109393e-02 8.031094248908346445e-02 7.829111600922873671e-02 7.630451085332384809e-02 7.435150863469790206e-02 7.243239893596510603e-02 7.054738920948756820e-02 6.869661358707093712e-02 6.688014072395269405e-02 6.509798078813264222e-02 6.335009169335706347e-02 6.163638466261938537e-02 5.995672919882372859e-02 5.831095753019969324e-02 5.669886859005404678e-02 5.512023158339549034e-02 5.357478918677072849e-02 5.206226042220592903e-02 5.058234324136713644e-02 4.913471685185762799e-02 4.771904381388420574e-02 4.633497193228535566e-02 4.498213596606641385e-02 4.366015917507868466e-02 4.236865472126981336e-02 4.110722693998353910e-02 3.987547249506465802e-02 3.867298143000340305e-02 3.749933812600556721e-02 3.635412217668088780e-02 3.523690918798355609e-02 3.414727151109821224e-02 3.308477891512977276e-02 3.204899920571217115e-02 3.103949879499036738e-02 3.005584322784064788e-02 2.909759766866990699e-02 2.816432735266676674e-02 2.725559800495981275e-02 2.637097623076642763e-02 2.551002987928290000e-02 2.467232838377039772e-02 2.385744308002612710e-02 2.306494750519285861e-02 2.229441767864900892e-02 2.154543236653277613e-02 2.081757333128626819e-02 2.011042556745499740e-02 1.942357752484505720e-02 1.875662132002063609e-02 1.810915293701889639e-02 1.748077241806437337e-02 1.687108404498158590e-02 1.627969651192958528e-02 1.570622309001630176e-02 1.515028178429182575e-02 1.461149548356787710e-02 1.408949210346498865e-02 1.358390472304842056e-02 1.309437171537831263e-02 1.262053687226830263e-02 1.216204952351935056e-02 1.171856465087180513e-02 1.128974299689744498e-02 1.087525116903544781e-02 1.047476173896011963e-02 1.008795333745488888e-02 9.714510744955053359e-03 9.354124977911815880e-03 9.006493371121493743e-03 8.671319656156353459e-03 8.348314036027310384e-03 8.037193256203375991e-03 7.737680672108280741e-03 7.449506313210833841e-03 7.172406943822450844e-03 6.906126120712437720e-03 6.650414247649412587e-03 6.405028626975134247e-03 6.169733508315283256e-03 5.944300134530193860e-03 5.728506785007008578e-03 5.522138816393410560e-03 5.324988700871766123e-03 5.136856062071086526e-03 4.957547708712918728e-03 4.786877666085795173e-03 4.624667205441296627e-03 4.470744871403173164e-03 4.324946507479156439e-03 4.187115279763133600e-03 4.057101698913294016e-03 3.934763640489562404e-03 3.819966363731187690e-03 3.712582528852753985e-03 3.612492212934052035e-03 3.519582924476264470e-03 3.433749616693755353e-03 3.354894699607406921e-03 3.282928051001894609e-03 3.217767026305658456e-03 3.159336467448427190e-03 3.107568710747159700e-03 3.062403593867154671e-03 3.023788461900763641e-03 2.991678172601757758e-03 2.966035100808893897e-03 2.946829142087615747e-03 2.934037715614135674e-03 2.927645766321360955e-03 2.927645766321360955e-03
1.580521045259372925e-01 1.580521045259372925e-01 1.578959552991131832e-01 1.575836660321730531e-01 1.571153168654365329e-01 1.564911788454239339e-01 1.557118843066669645e-01 1.547786348135456180e-01 1.536934279014477434e-01 1.524592780549763604e-01 1.510804032715098999e-01 1.495623482581100727e-01 1.479120205646432540e-01 1.461376271262708748e-01 1.442485138771324171e-01 1.422549263711376522e-01 1.401677203650115444e-01 1.379980554418417382e-01 1.357571020153501840e-01 1.334557845809540011e-01 1.311045747295059571e-01 1.287133386380798217e-01 1.262912369396476664e-01 1.238466705152349578e-01 1.213872636366312846e-01 1.189198754731263796e-01 1.164506316544902248e-01 1.139849688320358767e-01 1.115276866195779731e-01 1.090830026867733171e-01 1.066546079919243883e-01 1.042457201314826443e-01 1.018591335487822325e-01 9.949726590969014406e-02 9.716220035259662269e-02 9.485572359029034728e-02 9.257936001400829396e-02 9.033440205217800612e-02 8.812193708927300306e-02 8.594287126984737069e-02 8.379795051097409242e-02 8.168777903137550145e-02 7.961283568329637073e-02 7.757348834752783584e-02 7.557000662546523029e-02 7.360257303623586600e-02 7.167129290266334440e-02 6.977620308760648649e-02 6.791727972219568921e-02 6.609444504968653433e-02 6.430757349295104786e-02 6.255649703986788934e-02 6.084101002886565385e-02 5.916087340642293274e-02 5.751581851925265110e-02 5.590555049601751703e-02 5.432975126658617926e-02 5.278808226090386801e-02 5.128018682439404452e-02 4.980569238232394197e-02 4.836421238166155323e-02 4.695534803554785030e-02 4.557868989253489184e-02 4.423381925014059635e-02 4.292030942999437021e-02 4.163772692984846202e-02 4.038563246597634548e-02 3.916358191793362087e-02 3.797112718629659656e-02 3.680781697279279091e-02 3.567319749117704719e-02 3.456681311626873948e-02 3.348820697773506605e-02 3.243692150446971650e-02 3.141249892476302708e-02 3.041448172688087509e-02 2.944241308415465608e-02 2.849583724822753877e-02 2.757429991369557756e-02 2.667734855702071431e-02 2.580453275227099011e-02 2.495540446595699915e-02 2.412951833297889356e-02 2.332643191547167927e-02 2.254570594613484677e-02 2.178690455745295115e-02 2.104959549805436939e-02 2.033335033731363539e-02 1.963774465917702411e-02 1.896235824607903422e-02 1.830677525371863026e-02 1.767058437737610219e-02 1.705337901037384460e-02 1.645475739521560718e-02 1.587432276787824684e-02 1.531168349567658613e-02 1.476645320907511716e-02 1.423825092777901251e-02 1.372670118140087783e-02 1.323143412496825128e-02 1.275208564950930379e-02 1.228829748793053116e-02 1.183971731637954369e-02 1.140599885126839311e-02 1.098680194211760879e-02 1.058179266036815558e-02 1.019064338429753400e-02 9.813032880166848437e-03 9.448646379718001614e-03 9.097175654133518932e-03 8.758319084566342297e-03 8.431781729342367054e-03 8.117275387935071404e-03 7.814518661808747893e-03 7.523237012224513395e-03 7.243162815101587826e-03 6.974035413024975288e-03 6.715601164489590214e-03 6.467613490470034907e-03 6.229832918404742265e-03 6.002027123682454959e-03 5.783970968718754775e-03 5.575446539709778999e-03 5.376243181149853965e-03 5.186157528199245026e-03 5.004993536987562171e-03 4.832562512937709984e-03 4.668683137194306991e-03 4.513181491239573115e-03 4.365891079778388105e-03 4.226652851972942729e-03 4.095315221105747840e-03 3.971734082748045597e-03 3.855772831508672612e-03 3.747302376436239483e-03 3.646201155145116328e-03 3.552355146733076740e-03 3.465657883555698249e-03 3.386010461919620670e-03 3.313321551753504145e-03 3.247507405312270896e-03 3.188491864966567016e-03 3.136206370125712520e-03 3.090589963338528662e-03 3.051589295612432487e-03 3.019158630987014893e-03 2.993259850394086163e-03 2.973862454831772365e-03 2.960943567875830729e-03 2.954487937546765048e-03 2.954487937546765048e-03
1.630157907299046027e-01 1.630157907299046027e-01 1.628520191758492108e-01 1.625242850197275435e-01 1.620322870660467485e-01 1.613757725404569299e-01 1.605547656627204500e-01 1.595698520662603981e-01 1.584224962242181123e-01 1.571153592349206762e-01 1.556525759458880775e-01 1.540399472700263450e-01 1.522850095178061025e-01 1.503969592794305588e-01 1.483864370694389090e-01 1.462651982963242003e-01 1.440457176968593100e-01 1.417407784293015505e-01 1.393630903754854711e-01 1.369249684740604656e-01 1.344380864485574534e-01 1.319133080370072097e-01 1.293605886258784310e-01 1.267889351883264848e-01 1.242064108094100561e-01 1.216201707219616290e-01 1.190365186414028137e-01 1.164609745048195144e-01 1.138983470016646377e-01 1.113528062746636654e-01 1.088279537737237151e-01 1.063268874622052967e-01 1.038522614511172143e-01 1.014063397374613540e-01 9.899104411308552731e-02 9.660799654694605942e-02 9.425855647265193871e-02 9.194385346976420570e-02 8.966481583736739258e-02 8.742219554017899297e-02 8.521658997342099195e-02 8.304846095112641824e-02 8.091815127876531011e-02 7.882589922824853601e-02 7.677185119330458274e-02 7.475607276680848456e-02 7.277855844919015049e-02 7.083924016851661509e-02 6.893799476800291370e-02 6.707465059522089990e-02 6.524899330877967363e-02 6.346077100237489110e-02 6.170969873249834703e-02 5.999546252444760974e-02 5.831772292129784596e-02 5.667611813194570886e-02 5.507026682699883019e-02 5.349977062498034036e-02 5.196421630589114632e-02 5.046317778449489061e-02 4.899621787164552822e-02 4.756288984847780593e-02 4.616273887524227626e-02 4.479530325392512558e-02 4.346011556149202704e-02 4.215670366858580154e-02 4.088459165675100565e-02 3.964330064571893603e-02 3.843234954093591865e-02 3.725125571033034017e-02 3.609953559826884623e-02 3.497670528373162530e-02 3.388228098892367979e-02 3.281577954382187967e-02 3.177671881152284439e-02 3.076461807869577264e-02 2.977899841494717481e-02 2.881938300446448484e-02 2.788529745291532316e-02 2.697627007223330972e-02 2.609183214561489744e-02 2.523151817477943190e-02 2.439486611130371393e-02 2.358141757362835350e-02 2.279071805114369492e-02 2.202231709659520018e-02 2.127576850789926130e-02 2.055063050032881686e-02 1.984646586991189315e-02 1.916284214878293327e-02 1.849933175313644984e-02 1.785551212435224425e-02 1.723096586379119569e-02 1.662528086169871161e-02 1.603805042059885944e-02 1.546887337351464387e-02 1.491735419730874992e-02 1.438310312140287164e-02 1.386573623210279015e-02 1.336487557272933099e-02 1.288014923973215299e-02 1.241119147494357082e-02 1.195764275411278534e-02 1.151914987184649887e-02 1.109536602307007250e-02 1.068595088111338673e-02 1.029057067251735666e-02 9.908898248650443302e-03 9.540613154219114780e-03 9.185401692752158745e-03 8.842956989135394158e-03 8.512979049271137896e-03 8.195174816934975778e-03 7.889258227901449136e-03 7.594950261409607987e-03 7.311978989039115591e-03 7.040079621067833748e-03 6.778994550381921454e-03 6.528473394010097901e-03 6.288273032354167562e-03 6.058157646188526077e-03 5.837898751501952033e-03 5.627275232255470223e-03 5.426073371130588942e-03 5.234086878342426342e-03 5.051116918592588739e-03 4.876972136236476345e-03 4.711468678739697165e-03 4.554430218497835213e-03 4.405687973093202515e-03 4.265080724061490539e-03 4.132454834240126447e-03 4.007664263768937439e-03 3.890570584812195944e-03 3.781042995069409766e-03 3.678958330140235863e-03 3.584201074806735859e-03 3.496663373293727641e-03 3.416245038565403520e-03 3.342853560713497998e-03 3.276404114489248932e-03 3.216819566028194036e-03 3.164030478813355252e-03 3.117975118918848987e-03 3.078599459572157245e-03 3.045857185069466601e-03 3.019709694074413156e-03 3.000126102326491125e-03 2.987083244781136952e-03 2.980565677199213063e-03 2.980565677199213063e-03
1.681535149915640015e-01 1.681535149915640015e-01 1.679823332047057083e-01 1.676394975097870166e-01 1.671241669169039046e-01 1.664353363878358916e-01 1.655721377165388364e-01 1.645342232132681326e-01 1.633222064008642560e-01 1.619381175636288583e-01 1.603858155186576595e-01 1.586712871833244609e-01 1.568027715532918087e-01 1.547906697235716944e-01 1.526472440431611566e-01 1.503861533578600140e-01 1.480219001772496434e-01 1.455692707640175165e-01 1.430428339808601235e-01 1.404565393990942490e-01 1.378234296766266687e-01 1.351554626514970547e-01 1.324634268552312144e-01 1.297569293194845985e-01 1.270444345575515166e-01 1.243333363335312053e-01 1.216300476531230051e-01 1.189400982813499236e-01 1.162682324720654831e-01 1.136185022815963536e-01 1.109943538331408797e-01 1.083987052939736628e-01 1.058340162496716474e-01 1.033023487306485022e-01 1.008054204698228123e-01 9.834465112716235524e-02 9.592120226682862572e-02 9.353601185781011684e-02 9.118982401785699632e-02 8.888321465188753212e-02 8.661661356152267066e-02 8.439032352897546385e-02 8.220453680999378898e-02 8.005934940875310268e-02 7.795477345311344064e-02 7.589074794136825564e-02 7.386714809101740942e-02 7.188379348550190395e-02 6.994045518550699725e-02 6.803686194664633480e-02 6.617270566441950386e-02 6.434764614969172569e-02 6.256131532305897469e-02 6.081332090389268002e-02 5.910324965922555268e-02 5.743067026863037799e-02 5.579513585359077016e-02 5.419618621334593156e-02 5.263334980362843057e-02 5.110614548995125878e-02 4.961408410301280242e-02 4.815666982027010795e-02 4.673340139469486093e-02 4.534377324910038309e-02 4.398727645214985105e-02 4.266339959017738381e-02 4.137162954722862357e-02 4.011145220422288049e-02 3.888235306682329140e-02 3.768381783044897487e-02 3.651533288985215481e-02 3.537638579979549697e-02 3.426646569258404856e-02 3.318506365751839465e-02 3.213167308673002542e-02 3.110578999132556852e-02 3.010691329129477206e-02 2.913454508222104722e-02 2.818819088146522558e-02 2.726735985616862354e-02 2.637156503513397865e-02 2.550032350638938017e-02 2.465315660201591874e-02 2.382959007162198384e-02 2.302915424567217664e-02 2.225138418972477661e-02 2.149581985049552404e-02 2.076200619454609403e-02 2.004949334028987423e-02 1.935783668391553164e-02 1.868659701974758128e-02 1.803534065549186952e-02 1.740363952275229137e-02 1.679107128315061870e-02 1.619721943033446826e-02 1.562167338811770202e-02 1.506402860496256282e-02 1.452388664498252720e-02 1.400085527561913123e-02 1.349454855212423379e-02 1.300458689896056598e-02 1.253059718821797341e-02 1.207221281513012369e-02 1.162907377076563206e-02 1.120082671195954394e-02 1.078712502854398472e-02 1.038762890793205364e-02 1.000200539710494399e-02 9.629928462049720805e-03 9.271079044693500415e-03 8.925145117378775750e-03 8.591821734924549522e-03 8.270811084318194228e-03 7.961822532083795770e-03 7.664572669373831242e-03 7.378785354832561455e-03 7.104191755280951648e-03 6.840530384274780447e-03 6.587547138589353556e-03 6.344995332685910913e-03 6.112635731216784114e-03 5.890236579627706158e-03 5.677573632917499655e-03 5.474430182616571786e-03 5.280597082046915858e-03 5.095872769927345391e-03 4.920063292388405715e-03 4.752982323462051628e-03 4.594451184111422552e-03 4.444298859866147207e-03 4.302362017128364378e-03 4.168485018214227421e-03 4.042519935194882098e-03 3.924326562599932469e-03 3.813772429045116704e-03 3.710732807844434582e-03 3.615090726665133938e-03 3.526736976281972732e-03 3.445570118484893134e-03 3.371496493191742955e-03 3.304430224814984031e-03 3.244293227928358135e-03 3.191015212276421438e-03 3.144533687166514799e-03 3.104793965279276438e-03 3.071749165930202658e-03 3.045360217810994495e-03 3.025595861235533691e-03 3.012432649911382307e-03 3.005854952253611545e-03 3.005854952253611545e-03
1.734719918965299534e-01 1.734719918965299534e-01 1.732938940282785778e-01 1.729368419647158428e-01 1.723992503236202178e-01 1.716790612126724291e-01 1.707741306208921117e-01 1.696827370878633834e-01 1.684041877435077661e-01 1.669394701552207871e-01 1.652918670803092960e-01 1.634674265976513441e-01 1.614751790648605856e-01 1.593270292047837267e-01 1.570373238816028805e-01 1.546221758785822908e-01 1.520986729082456912e-01 1.494841029664731591e-01 1.467952933092455947e-01 1.440481133983020912e-01 1.412571505308875819e-01 1.384355391212786501e-01 1.355949112318519945e-01 1.327454333658728836e-01 1.298958982833659237e-01 1.270538470554095634e-01 1.242257033889621332e-01 1.214169082211141448e-01 1.186320472583305419e-01 1.158749675207224744e-01 1.131488812409466443e-01 1.104564569158301979e-01 1.077998981546435531e-01 1.051810114057751405e-01 1.026012638195686055e-01 1.000618325226722283e-01 9.756364650813421913e-02 9.510742223063853307e-02 9.269369386542797296e-02 9.032283905874363694e-02 8.799510087569176187e-02 8.571060654233143838e-02 8.346938348370315508e-02 8.127137307815568423e-02 7.911644247955956777e-02 7.700439480135408410e-02 7.493497790832998051e-02 7.290789202213911191e-02 7.092279631342721102e-02 6.897931462605540187e-02 6.707704045612833399e-02 6.521554128965671715e-02 6.339436238696438686e-02 6.161303008883969173e-02 5.987105470846365574e-02 5.816793306394506258e-02 5.650315069854446037e-02 5.487618382912490961e-02 5.328650105781859714e-02 5.173356487718101110e-02 5.021683299507596898e-02 4.873575950208843682e-02 4.728979590130084898e-02 4.587839201771835157e-02 4.450099680242602940e-02 4.315705904465434034e-02 4.184602800327311134e-02 4.056735396779536512e-02 3.932048875771669560e-02 3.810488616792132022e-02 3.692000236692667692e-02 3.576529625390063166e-02 3.464022977964898581e-02 3.354426823612575992e-02 3.247688051845126767e-02 3.143753936292462831e-02 3.042572156407864076e-02 2.944090817343888652e-02 2.848258468230926294e-02 2.755024119060734550e-02 2.664337256350912328e-02 2.576147857743166930e-02 2.490406405667807896e-02 2.407063900188982641e-02 2.326071871129474153e-02 2.247382389560001817e-02 2.170948078725907018e-02 2.096722124473491058e-02 2.024658285228985929e-02 1.954710901575109488e-02 1.886834905463071962e-02 1.820985829091847918e-02 1.757119813481216458e-02 1.695193616760555869e-02 1.635164622191453976e-02 1.576990845938889066e-02 1.520630944602873076e-02 1.466044222520121454e-02 1.413190638843264853e-02 1.362030814403527960e-02 1.312526038361416097e-02 1.264638274648901932e-02 1.218330168205747875e-02 1.173565051011957357e-02 1.130306947917879452e-02 1.088520582273177530e-02 1.048171381355672213e-02 1.009225481601004615e-02 9.716497336340633451e-03 9.354117071032180472e-03 9.004796953185538119e-03 8.668227196955024041e-03 8.344105340055132589e-03 8.032136284356845846e-03 7.732032334595589744e-03 7.443513235216238540e-03 7.166306205383437579e-03 6.900145972188951628e-03 6.644774802090766194e-03 6.399942530621799582e-03 6.165406590408936162e-03 5.940932037545963197e-03 5.726291576366462042e-03 5.521265582665155734e-03 5.325642125418265406e-03 5.139216987055304081e-03 4.961793682336335803e-03 4.793183475889999622e-03 4.633205398468619694e-03 4.481686261977434887e-03 4.338460673335360271e-03 4.203371047224842977e-03 4.076267617788119878e-03 3.957008449326730043e-03 3.845459446060326986e-03 3.741494360999751950e-03 3.644994803987972910e-03 3.555850248960872040e-03 3.473958040477940091e-03 3.399223399570844122e-03 3.331559428955404613e-03 3.270887117649938936e-03 3.217135345040117445e-03 3.170240884427447895e-03 3.130148406095342381e-03 3.096810479923348212e-03 3.070187577576622643e-03 3.050248074294148719e-03 3.036968250295369633e-03 3.030332291821168523e-03 3.030332291821168523e-03
1.789774043745974430e-01 1.789774043745974430e-01 1.787932696216339434e-01 1.784236325091752839e-01 1.778659070947133936e-01 1.771165967556708465e-01 1.761717735956862263e-01 1.750277369144566386e-01 1.736818360344795087e-01 1.721334012056334462e-01 1.703846687143993066e-01 1.684415300060059795e-01 1.663139132540169540e-01 1.640156569858897961e-01 1.615638662919318957e-01 1.589778960703059907e-01 1.562781909277836390e-01 1.534851986552153713e-01 1.506184990949474001e-01 1.476962032866494523e-01 1.447346114315452847e-01 1.417480817894844758e-01 1.387490512206012439e-01 1.357481521934014723e-01 1.327543822011198471e-01 1.297752940459490911e-01 1.268171864745938904e-01 1.238852831498307855e-01 1.209838939177052264e-01 1.181165562135313429e-01 1.152861567804524257e-01 1.124950351372655116e-01 1.097450708069026420e-01 1.070377564753348942e-01 1.043742591757315236e-01 1.017554714012738615e-01 9.918205381285774558e-02 9.665447096539549199e-02 9.417302124969460786e-02 9.173786204546705014e-02 8.934903090771044443e-02 8.700646346269044762e-02 8.471000856847021865e-02 8.245944119515248583e-02 8.025447339841523808e-02 7.809476369346957103e-02 7.597992508254276800e-02 7.390953194508759205e-02 7.188312596421658762e-02 6.990022123377705177e-02 6.796030866673775928e-02 6.606285980610832054e-02 6.420733012363055714e-02 6.239316187829487687e-02 6.061978659581355316e-02 5.888662722109749142e-02 5.719309998819460672e-02 5.553861604578123889e-02 5.392258287093409930e-02 5.234440549937387221e-02 5.080348759651812790e-02 4.929923239039757377e-02 4.783104348468013994e-02 4.639832556763727467e-02 4.500048503081136020e-02 4.363693050935234935e-02 4.230707335444230943e-02 4.101032804688192757e-02 3.974611255974547924e-02 3.851384867699362419e-02 3.731296227404677646e-02 3.614288356554765103e-02 3.500304732486458903e-02 3.389289307929532757e-02 3.281186528441198957e-02 3.175941348053412661e-02 3.073499243391805344e-02 2.973806226490163448e-02 2.876808856493794433e-02 2.782454250418223141e-02 2.690690093106228725e-02 2.601464646505580527e-02 2.514726758371856746e-02 2.430425870484936857e-02 2.348512026454064802e-02 2.268935879174327833e-02 2.191648697987010064e-02 2.116602375587196480e-02 2.043749434714184701e-02 1.973043034653455124e-02 1.904436977573164408e-02 1.837885714713101068e-02 1.773344352439806468e-02 1.710768658177968735e-02 1.650115066225140911e-02 1.591340683454335256e-02 1.534403294906939129e-02 1.479261369276711584e-02 1.425874064284263221e-02 1.374201231940365246e-02 1.324203423695622175e-02 1.275841895473484033e-02 1.229078612583173018e-02 1.183876254508914143e-02 1.140198219571745587e-02 1.098008629460286469e-02 1.057272333626942812e-02 1.017954913546305698e-02 9.800226868327856222e-03 9.434427112148906919e-03 9.081827883639672500e-03 8.742114675756595260e-03 8.414980493028077421e-03 8.100125885389834052e-03 7.797258980523409481e-03 7.506095514699635297e-03 7.226358862133454471e-03 6.957780062861379511e-03 6.700097849157377571e-03 6.453058670507329578e-03 6.216416717166394629e-03 5.989933942327539153e-03 5.773380082933119405e-03 5.566532679164735639e-03 5.369177092649652858e-03 5.181106523424821274e-03 5.002122025701852444e-03 4.832032522478465000e-03 4.670654819043513345e-03 4.517813615424193241e-03 4.373341517824968008e-03 4.237079049108467659e-03 4.108874658368967189e-03 3.988584729649054597e-03 3.876073589849788649e-03 3.771213515884013281e-03 3.673884741121575658e-03 3.583975461173943746e-03 3.501381839064217870e-03 3.426008009826743070e-03 3.357766084578493824e-03 3.296576154102105489e-03 3.242366291977931414e-03 3.195072557299793743e-03 3.154638997006175942e-03 3.121017647855526839e-03 3.094168538071104171e-03 3.074059688677442410e-03 3.060667114546967819e-03 3.053974825171761314e-03 3.053974825171761314e-03
1.846750088773590481e-01 1.846750088773590481e-01 1.844862283663374625e-01 1.841066394913758453e-01 1.835323486820681915e-01 1.827579420106434094e-01 1.817770502284522249e-01 1.805831716312468749e-01 1.791707677881342609e-01 1.775365871550035890e-01 1.756810704671618040e-01 1.736095701661740098e-01 1.713330368425821093e-01 1.688678839661556241e-01 1.662349883693612640e-01 1.634581036532989640e-01 1.605621142859044170e-01 1.575714955252026372e-01 1.545091773878851937e-01 1.513958515243259417e-01 1.482496594467068163e-01 1.450861603482596629e-01 1.419184768295700949e-01 1.387575361596592172e-01 1.356123488032641156e-01 1.324902874178590095e-01 1.293973457818382300e-01 1.263383681529430536e-01 1.233172463931172941e-01 1.203370860393000730e-01 1.174003443855250184e-01 1.145089443394859824e-01 1.116643678482697605e-01 1.088677323838637134e-01 1.061198535364175910e-01 1.034212962920695866e-01 1.007724171286232540e-01 9.817339867105574769e-02 9.562427831675343604e-02 9.312497196547581124e-02 9.067529376519009587e-02 8.827497260460320794e-02 8.592366593898133342e-02 8.362097142096527880e-02 8.136643671677072642e-02 7.915956781561360456e-02 7.699983608250764167e-02 7.488668425861719213e-02 7.281953157662318654e-02 7.079777812911641766e-02 6.882080860432654434e-02 6.688799548432589059e-02 6.499870178526809261e-02 6.315228340649621519e-02 6.134809114490779453e-02 5.958547242233894897e-02 5.786377276657466567e-02 5.618233708062317366e-02 5.454051072989132137e-02 5.293764047268458006e-02 5.137307525589265150e-02 4.984616689469532208e-02 4.835627065254243656e-02 4.690274573545383935e-02 4.548495571278985544e-02 4.410226887501056403e-02 4.275405853753402180e-02 4.143970329858480406e-02 4.015858725786825706e-02 3.891010020198823471e-02 3.769363776172915403e-02 3.650860154562833582e-02 3.535439925365967823e-02 3.423044477432201499e-02 3.313615826796484365e-02 3.207096623878232661e-02 3.103430159755552961e-02 3.002560371691652061e-02 2.904431848064110283e-02 2.808989832824348998e-02 2.716180229594381684e-02 2.625949605490212127e-02 2.538245194745956251e-02 2.453014902199392167e-02 2.370207306688142113e-02 2.289771664395729919e-02 2.211657912178161337e-02 2.135816670894362737e-02 2.062199248757473277e-02 1.990757644718694347e-02 1.921444551890853433e-02 1.854213361015062331e-02 1.789018163970710132e-02 1.725813757326438019e-02 1.664555645927641436e-02 1.605200046514401041e-02 1.547703891362419912e-02 1.492024831938614134e-02 1.438121242562284685e-02 1.385952224062399034e-02 1.335477607421250816e-02 1.286657957394736831e-02 1.239454576099598485e-02 1.193829506558205175e-02 1.149745536191804085e-02 1.107166200253605591e-02 1.066055785193575391e-02 1.026379331947366476e-02 9.881026391424593477e-03 9.511922662151939961e-03 9.156155364330779978e-03 8.813405398174104649e-03 8.483361359619759345e-03 8.165719567442291174e-03 7.860184089260851409e-03 7.566466766420948398e-03 7.284287237734283181e-03 7.013372962067193628e-03 6.753459239774367746e-03 6.504289232979975494e-03 6.265613984714051357e-03 6.037192436916843236e-03 5.818791447328707303e-03 5.610185805287402905e-03 5.411158246458692977e-03 5.221499466529731619e-03 5.041008133897969569e-03 4.869490901391088263e-03 4.706762417055919932e-03 4.552645334056406798e-03 4.406970319722189333e-03 4.269576063790833480e-03 4.140309285887456940e-03 4.019024742286156533e-03 3.905585231997750050e-03 3.799861602228188188e-03 3.701732753251496880e-03 3.611085642740262478e-03 3.527815289595559456e-03 3.451824777316773486e-03 3.383025256950103997e-03 3.321335949652537943e-03 3.266684148905904268e-03 3.219005222413210722e-03 3.178242613706817963e-03 3.144347843495192557e-03 3.117280510772021951e-03 3.097008293708342856e-03 3.083506950345085360e-03 3.076760319100064946e-03 3.076760319100064946e-03
1.905685940399884648e-01 1.905685940399884648e-01 1.903772196155819607e-01 1.899916209794092203e-01 1.894062524563618621e-01 1.886132190674315867e-01 1.876028889838727565e-01 1.863648656359102318e-01 1.848894011079027233e-01 1.831692582031378136e-01 1.812018633354907649e-01 1.789913426847205002e-01 1.765498018942038283e-01 1.738972247461009202e-01 1.710598416662191534e-01 1.680675462464308323e-01 1.649511986613014791e-01 1.617404338114678819e-01 1.584622214904582438e-01 1.551401425415225299e-01 1.517942091351775213e-01 1.484410332111963660e-01 1.450941797566572544e-01 1.417645905627990532e-01 1.384610086211570112e-01 1.351903663288461233e-01 1.319581221683538141e-01 1.287685430790239671e-01 1.256249362279458492e-01 1.225298366536030636e-01 1.194851579267953712e-01 1.164923125839543022e-01 1.135523082457266936e-01 1.106658243701279520e-01 1.078332736693462385e-01 1.050548514122967847e-01 1.023305751606712610e-01 9.966031693920704426e-02 9.704382940557654269e-02 9.448076724311685326e-02 9.197070473276891533e-02 8.951315025345440990e-02 8.710755829969187014e-02 8.475333948106693327e-02 8.244986887193862801e-02 8.019649300503178813e-02 7.799253574434898695e-02 7.583730322729966000e-02 7.373008803016524448e-02 7.167017268275462094e-02 6.965683263564970140e-02 6.768933876549551587e-02 6.576695948935304403e-02 6.388896254744758085e-02 6.205461650412621294e-02 6.026319200902858358e-02 5.851396285403578229e-02 5.680620685621305677e-02 5.513920659249947620e-02 5.351225000815022781e-02 5.192463091777708983e-02 5.037564941515541850e-02 4.886461220568756592e-02 4.739083287346652906e-02 4.595363209321798315e-02 4.455233779596538823e-02 4.318628529602974719e-02 4.185481738591009110e-02 4.055728440467004647e-02 3.929304428465714427e-02 3.806146258069068727e-02 3.686191248525260561e-02 3.569377483269457751e-02 3.455643809502156882e-02 3.344929837141812773e-02 3.237175937334155207e-02 3.132323240670949888e-02 3.030313635245131948e-02 2.931089764646947413e-02 2.834595025986334782e-02 2.740773568010127295e-02 2.649570289368182938e-02 2.560930837070168539e-02 2.474801605164074145e-02 2.391129733658439033e-02 2.309863107702526952e-02 2.230950357032151707e-02 2.154340855683315598e-02 2.079984721971244246e-02 2.007832818728602989e-02 1.937836753793555078e-02 1.869948880735841298e-02 1.804122299807096527e-02 1.740310859100104371e-02 1.678469155900608190e-02 1.618552538214527298e-02 1.560517106452978704e-02 1.504319715257320528e-02 1.449917975446442936e-02 1.397270256068761096e-02 1.346335686541728915e-02 1.297074158862209121e-02 1.249446329871638228e-02 1.203413623560654379e-02 1.158938233398614653e-02 1.115983124674275843e-02 1.074512036834798789e-02 1.034489485811131669e-02 9.958807663187661113e-03 9.586519541238004011e-03 9.227699082651752427e-03 8.882022732248921054e-03 8.549174810389387202e-03 8.228847533425504360e-03 7.920741033443170348e-03 7.624563377244986118e-03 7.340030584537274479e-03 7.066866645290721671e-03 6.804803536251724343e-03 6.553581236588838094e-03 6.312947742665234174e-03 6.082659081934449485e-03 5.862479325962525502e-03 5.652180602585017179e-03 5.451543107212313347e-03 5.260355113301203034e-03 5.078412982014665795e-03 4.905521171095504444e-03 4.741492242982509910e-03 4.586146872200658198e-03 4.439313852059070288e-03 4.300830100692333222e-03 4.170540666482262966e-03 4.048298732898181033e-03 3.933965622794511480e-03 3.827410802204697909e-03 3.728511883670442700e-03 3.637154629144816187e-03 3.553232952507007648e-03 3.476648921725469972e-03 3.407312760704824667e-03 3.345142850850265411e-03 3.290065732381312284e-03 3.242016105424630305e-03 3.200936830913297081e-03 3.166778931317356435e-03 3.139501591227761464e-03 3.119072157812980209e-03 3.105466141164481015e-03 3.098667214544250682e-03 3.098667214544250682e-03
1.966597281849451484e-01 1.966597281849451484e-01 1.964686340994490632e-01 1.960826209673487974e-01 1.954941457587200115e-01 1.946922220164762074e-01 1.936629859515187069e-01 1.923907361057902998e-01 1.908596567921613529e-01 1.890563758303972497e-01 1.869732712770635075e-01 1.846119623050400116e-01 1.819858054775728706e-01 1.791199775551442774e-01 1.760486373668672389e-01 1.728105085899578897e-01 1.694446144833606505e-01 1.659871860288281431e-01 1.624699536635306751e-01 1.589195643562837101e-01 1.553577299063260420e-01 1.518017594133418413e-01 1.482652345142125294e-01 1.447586854805043011e-01 1.412901982868356443e-01 1.378659273170317612e-01 1.344905125332885587e-01 1.311674111115707919e-01 1.278991573500246337e-01 1.246875647124538605e-01 1.215338822904152571e-01 1.184389158828497574e-01 1.154031218446207041e-01 1.124266800677144740e-01 1.095095509913318610e-01 1.066515203750722507e-01 1.038522346696394427e-01 1.011112291325248630e-01 9.842795031617193602e-02 9.580177416455176731e-02 9.323202065989309728e-02 9.071796574037480076e-02 8.825885104347690191e-02 8.585389190449407848e-02 8.350228394503816931e-02 8.120320851444140509e-02 7.895583719206658579e-02 7.675933551636295038e-02 7.461286607391222347e-02 7.251559105633630098e-02 7.046667437304106330e-02 6.846528339204367708e-02 6.651059036860502982e-02 6.460177361132767027e-02 6.273801842723994437e-02 6.091851788074520435e-02 5.914247339585989444e-02 5.740909522664947029e-02 5.571760281701189366e-02 5.406722506780856086e-02 5.245720052668965960e-02 5.088677751371531444e-02 4.935521419396483173e-02 4.786177860669806744e-02 4.640574865923838971e-02 4.498641209255083151e-02 4.360306642445939407e-02 4.225501887556046970e-02 4.094158628212449247e-02 3.966209499961612789e-02 3.841588079989211729e-02 3.720228876464153761e-02 3.602067317720576006e-02 3.487039741454606157e-02 3.375083384080754950e-02 3.266136370365244068e-02 3.160137703429866801e-02 3.057027255199502511e-02 2.956745757348916773e-02 2.859234792789407467e-02 2.764436787723096450e-02 2.672295004281736649e-02 2.582753533757692690e-02 2.495757290427028097e-02 2.411252005958113703e-02 2.329184224393865410e-02 2.249501297691289953e-02 2.172151381798503519e-02 2.097083433246573272e-02 2.024247206231370722e-02 1.953593250159019190e-02 1.885072907627378946e-02 1.818638312815301986e-02 1.754242390251035261e-02 1.691838853931076220e-02 1.631382206761014184e-02 1.572827740290286616e-02 1.516131534713421880e-02 1.461250459111082534e-02 1.408142171905119033e-02 1.356765121502857309e-02 1.307078547106908795e-02 1.259042479667941972e-02 1.212617742959050393e-02 1.167765954751577746e-02 1.124449528073517487e-02 1.082631672532851676e-02 1.042276395689466575e-02 1.003348504460530206e-02 9.658136065454575245e-03 9.296381118578037409e-03 8.947892339526204719e-03 8.612349914389597072e-03 8.289442093683407550e-03 7.978865205910736294e-03 7.680323670733697934e-03 7.393530011691755791e-03 7.118204868415966245e-03 6.854077008296964764e-03 6.600883337572925440e-03 6.358368911811713466e-03 6.126286945768984714e-03 5.904398822610855239e-03 5.692474102496264399e-03 5.490290530520029050e-03 5.297634044022974352e-03 5.114298779280459367e-03 4.940087077584940332e-03 4.774809490742125406e-03 4.618284786003662608e-03 4.470339950462223072e-03 4.330810194937299851e-03 4.199538957382033082e-03 4.076377905842944009e-03 3.961186941005610460e-03 3.853834198360067947e-03 3.754196050020012880e-03 3.662157106229957208e-03 3.577610216594025866e-03 3.500456471059433528e-03 3.430605200686644585e-03 3.367973978236905776e-03 3.312488618606264021e-03 3.264083179133332822e-03 3.222699959806025766e-03 3.188289503390189308e-03 3.160810595500615407e-03 3.140230264632269588e-03 3.126523782166872045e-03 3.119674662367003491e-03 3.119674662367003491e-03
2.029466474984527591e-01 2.029466474984527591e-01 2.027596842040969294e-01 2.023808516295552140e-01 2.018003369118403223e-01 2.010034994736338287e-01 1.999712088929392340e-01 1.986807421620702674e-01 1.971076666177659920e-01 1.952291776203747553e-01 1.930291207982575974e-01 1.905041105445575977e-01 1.876686561356169236e-01 1.845559393349129329e-01 1.812124436005087547e-01 1.776899783635413343e-01 1.740388201128579837e-01 1.703035051398787691e-01 1.665211081329992793e-01 1.627211935226847983e-01 1.589266391040586590e-01 1.551547743966572024e-01 1.514185200855197866e-01 1.477273865245733175e-01 1.440882888683723551e-01 1.405061854489987605e-01 1.369845654007249003e-01 1.335258157161645920e-01 1.301314953968391586e-01 1.268025395854814885e-01 1.235394116089360977e-01 1.203422165364086138e-01 1.172107863819254192e-01 1.141447444081561680e-01 1.111435539886833773e-01 1.082065560121722170e-01 1.053329977363024472e-01 1.025220552183031819e-01 9.977285088307424887e-02 9.708446737997654397e-02 9.445595858202790462e-02 9.188635836497652254e-02 8.937468764585271286e-02 8.691996004482888116e-02 8.452118644885646404e-02 8.217737869221680702e-02 7.988755252180526623e-02 7.765072997933868126e-02 7.546594130562227221e-02 7.333222645128076311e-02 7.124863626232179337e-02 6.921423339636974259e-02 6.722809301552028216e-02 6.528930329388375753e-02 6.339696577154037282e-02 6.155019558147400982e-02 5.974812157182501221e-02 5.798988634230671513e-02 5.627464621072232609e-02 5.460157112307853500e-02 5.296984451873597982e-02 5.137866316029448405e-02 4.982723693642734236e-02 4.831478864461392908e-02 4.684055375963475099e-02 4.540378019276355287e-02 4.400372804579130021e-02 4.263966936332885121e-02 4.131088788624322217e-02 4.001667880857202875e-02 3.875634853982217604e-02 3.752921447418118561e-02 3.633460476784526605e-02 3.517185812538992096e-02 3.404032359587113449e-02 3.293936037914143439e-02 3.186833764269259711e-02 3.082663434918976944e-02 2.981363909473861915e-02 2.882874995782266567e-02 2.787137435876245461e-02 2.694092892947629395e-02 2.603683939326453117e-02 2.515854045429240585e-02 2.430547569640966951e-02 2.347709749091685116e-02 2.267286691286693467e-02 2.189225366547674356e-02 2.113473601221313794e-02 2.039980071611459736e-02 1.968694298590848227e-02 1.899566642848707007e-02 1.832548300731152643e-02 1.767591300632096948e-02 1.704648499893443581e-02 1.643673582174526304e-02 1.584621055252092431e-02 1.527446249213566115e-02 1.472105315007870771e-02 1.418555223319659803e-02 1.366753763734472778e-02 1.316659544163985111e-02 1.268231990502211026e-02 1.221431346485220629e-02 1.176218673728601782e-02 1.132555851918590380e-02 1.090405579134417699e-02 1.049731372281063370e-02 1.010497567613168578e-02 9.726693213324227871e-03 9.362126102422181975e-03 9.010942324448316387e-03 8.672818080677765357e-03 8.347437800073236047e-03 8.034494146784657009e-03 7.733688027618385724e-03 7.444728599392773545e-03 7.167333276107999002e-03 6.901227735868526933e-03 6.646145927506567214e-03 6.401830076864012398e-03 6.168030692699174623e-03 5.944506572192607106e-03 5.731024806033782615e-03 5.527360783077308118e-03 5.333298194563592005e-03 5.148629037904687254e-03 4.973153620041085438e-03 4.806680560379915888e-03 4.649026793329032355e-03 4.500017570445077712e-03 4.359486462216571531e-03 4.227275359505694267e-03 4.103234474674487958e-03 3.987222342422828275e-03 3.879105820366705003e-03 3.778760089386148588e-03 3.686068653772488213e-03 3.600923341204656340e-03 3.523224302583892117e-03 3.452880011755516450e-03 3.389807265145479247e-03 3.333931181338041418e-03 3.285185200619499240e-03 3.243511084510962168e-03 3.208858915311286596e-03 3.181187095669007255e-03 3.160462348199736139e-03 3.146659715163006941e-03 3.139762558209883200e-03 3.139762558209883200e-03
2.094223652125728752e-01 2.094223652125728752e-01 2.092444666498310679e-01 2.088826853072097423e-01 2.083248634014153167e-01 2.075523752217026119e-01 2.065399371376149262e-01 2.052559376586465811e-01 2.036640121362037759e-01 2.017269295979934596e-01 1.994139104527549444e-01 1.967114396446943136e-01 1.936343506402645187e-01 1.902291037832018750e-01 1.865624185324817053e-01 1.827060368402602109e-01 1.787257118900870689e-01 1.746760276386764565e-01 1.705994670337110664e-01 1.665276968539778912e-01 1.624836261917012581e-01 1.584834665386894159e-01 1.545384789250713320e-01 1.506563380588465395e-01 1.468421492657828176e-01 1.430991866671772472e-01 1.394294211053491439e-01 1.358338949471036283e-01 1.323129875678260570e-01 1.288666036228606482e-01 1.254943070493635404e-01 1.221954169613449492e-01 1.189690767394098320e-01 1.158143041932804262e-01 1.127300282878908322e-01 1.097151162671561875e-01 1.067683938617368239e-01 1.038886604715682782e-01 1.010747006614625548e-01 9.832529292331686210e-02 9.563921638948015558e-02 9.301525599294818702e-02 9.045220643674675709e-02 8.794887524021273439e-02 8.550408506223002025e-02 8.311667545275248925e-02 8.078550414854328288e-02 7.850944800308995442e-02 7.628740362139152520e-02 7.411828775585733997e-02 7.200103750856877427e-02 6.993461037668727287e-02 6.791798417118126430e-02 6.595015683380744953e-02 6.403014617308309953e-02 6.215698953657440573e-02 6.032974343402305872e-02 5.854748312350865902e-02 5.680930217089847495e-02 5.511431199119553453e-02 5.346164137900445701e-02 5.185043603414980773e-02 5.027985808746723156e-02 4.874908563092004293e-02 4.725731225544676367e-02 4.580374659930533388e-02 4.438761190912842575e-02 4.300814561543137710e-02 4.166459892390899505e-02 4.035623642350975870e-02 3.908233571197952672e-02 3.784218703931446770e-02 3.663509296934842896e-02 3.546036805951938847e-02 3.431733855870768707e-02 3.320534212291244291e-02 3.212372754842757194e-02 3.107185452209377044e-02 3.004909338813347222e-02 2.905482493102134675e-02 2.808844017380043509e-02 2.714934019122245204e-02 2.623693593706854024e-02 2.535064808499179825e-02 2.448990688221565695e-02 2.365415201541976042e-02 2.284283248814809181e-02 2.205540650908097838e-02 2.129134139052331690e-02 2.055011345647448154e-02 1.983120795966139549e-02 1.913411900693381962e-02 1.845834949244034087e-02 1.780341103802402306e-02 1.716882394029823136e-02 1.655411712388524942e-02 1.595882810032316079e-02 1.538250293216921437e-02 1.482469620185121635e-02 1.428497098484138826e-02 1.376289882675023682e-02 1.325805972396059719e-02 1.277004210744443410e-02 1.229844282942698860e-02 1.184286715258434618e-02 1.140292874148147659e-02 1.097824965597825678e-02 1.056846034635077446e-02 1.017319964989430239e-02 9.792114788792985122e-03 9.424861369058958396e-03 9.071103380360719115e-03 8.730513196577050286e-03 8.402771576928374717e-03 8.087567667552347100e-03 7.784599003404718033e-03 7.493571510379990960e-03 7.214199507559014048e-03 6.946205709502760797e-03 6.689321228522818533e-03 6.443285576869592877e-03 6.207846668789257852e-03 5.982760822409502639e-03 5.767792761422731174e-03 5.562715616543175215e-03 5.367310926721539054e-03 5.181368640107401544e-03 5.004687114755437642e-03 4.837073119076969532e-03 4.678341832042942280e-03 4.528316843148754052e-03 4.386830152154859441e-03 4.253722168620270236e-03 4.128841711248553391e-03 4.012046007068162043e-03 3.903200690470455883e-03 3.802179802130040056e-03 3.708865787832775138e-03 3.623149497237231845e-03 3.544930182595332040e-03 3.474115497457574541e-03 3.410621495387576411e-03 3.354372628709670692e-03 3.305301747312036111e-03 3.263350097526318116e-03 3.228467321102967188e-03 3.200611454299562286e-03 3.179748927097219777e-03 3.165854562557987670e-03 3.158911576333610968e-03 3.158911576333610968e-03
2.160707023271083438e-01 2.160707023271083438e-01 2.159078831528513098e-01 2.155753757931318515e-01 2.150589809335216041e-01 2.143362936822957865e-01 2.133755737767809579e-01 2.121347900986690349e-01 2.105618280706364198e-01 2.085978118117384761e-01 2.061866341319134877e-01 2.032936088659877960e-01 1.999304415597554230e-01 1.961678203644956486e-01 1.921077119429184243e-01 1.878528114895188506e-01 1.834896338207494815e-01 1.790838433074054548e-01 1.746821136165273569e-01 1.703161924428505947e-01 1.660069779812527457e-01 1.617678242921292697e-01 1.576069715830600848e-01 1.535292429411436732e-01 1.495371959038858944e-01 1.456318924507452872e-01 1.418134102929254903e-01 1.380811816809018600e-01 1.344342181254496171e-01 1.308712598597570609e-01 1.273908756296229516e-01 1.239915296170005510e-01 1.206716265340129074e-01 1.174295421500895498e-01 1.142636440456957642e-01 1.111723057681068688e-01 1.081539165015006632e-01 1.052068876627722388e-01 1.023296573708804280e-01 9.952069342984061484e-02 9.677849526056596374e-02 9.410159507982859828e-02 9.148855853277315653e-02 8.893798492356215502e-02 8.644850714686799775e-02 8.401879139440621147e-02 8.164753669112204126e-02 7.933347430204594486e-02 7.707536704127082583e-02 7.487200850765862725e-02 7.272222226688758451e-02 7.062486099571722853e-02 6.857880560148811588e-02 6.658296432762635109e-02 6.463627185411470466e-02 6.273768840040469530e-02 6.088619883699907670e-02 5.908081181087534300e-02 5.732055888901305130e-02 5.560449372350158986e-02 5.393169124102284440e-02 5.230124685890846087e-02 5.071227572945533058e-02 4.916391201373209591e-02 4.765530818572056432e-02 4.618563436729885424e-02 4.475407769428389748e-02 4.335984171350299593e-02 4.200214581065451341e-02 4.068022466854026575e-02 3.939332775510502593e-02 3.814071884059607592e-02 3.692167554305710725e-02 3.573548890129125966e-02 3.458146297436679589e-02 3.345891446669194830e-02 3.236717237765240895e-02 3.130557767478298059e-02 3.027348298943267207e-02 2.927025233387891764e-02 2.829526083884974230e-02 2.734789451042253169e-02 2.642755000528232423e-02 2.553363442334141697e-02 2.466556511674437846e-02 2.382276951430783649e-02 2.300468496047170311e-02 2.221075856786784361e-02 2.144044708264294594e-02 2.069321676170393642e-02 1.996854326108676164e-02 1.926591153468220838e-02 1.858481574258542823e-02 1.792475916836896999e-02 1.728525414461204099e-02 1.666582198605116513e-02 1.606599292974982690e-02 1.548530608171603921e-02 1.492330936942808280e-02 1.437955949975874143e-02 1.385362192181812703e-02 1.334507079426386356e-02 1.285348895665537269e-02 1.237846790445617552e-02 1.191960776731418314e-02 1.147651729027529717e-02 1.104881381761003804e-02 1.063612327895632932e-02 1.023808017750399771e-02 9.854327579968279530e-03 9.484517108120073259e-03 9.128308931660540290e-03 8.785371762246326974e-03 8.455382848489661346e-03 8.138027971774456845e-03 7.833001442745717718e-03 7.540006098344687567e-03 7.258753299276580681e-03 6.988962927811186859e-03 6.730363385829342925e-03 6.482691593040099294e-03 6.245692985304466226e-03 6.019121513011939026e-03 5.802739639465450544e-03 5.596318339239257644e-03 5.399637096482281899e-03 5.212483903146825082e-03 5.034655257129216216e-03 4.865956160315049704e-03 4.706200116526995311e-03 4.555209129378013679e-03 4.412813700036979578e-03 4.278852824917322474e-03 4.153173993302454632e-03 4.035633184924243728e-03 3.926094867512931914e-03 3.824431994338473636e-03 3.730526001764431984e-03 3.644266806836329257e-03 3.565552804926672235e-03 3.494290867458849266e-03 3.430396339731738454e-03 3.373793038866170196e-03 3.324413251893392450e-03 3.282197734004446785e-03 3.247095706977881809e-03 3.219064857801500184e-03 3.198071337501956317e-03 3.184089760193973499e-03 3.177103202358734068e-03 3.177103202358734068e-03
2.228561635661541196e-01 2.228561635661541196e-01 2.227153050553678515e-01 2.224263046431033952e-01 2.219738176452474010e-01 2.213328288409386058e-01 2.204661669231333665e-01 2.193212990832823506e-01 2.178272600546667381e-01 2.158943668327435728e-01 2.134230402260189063e-01 2.103328292193138715e-01 2.066191822280028789e-01 2.024026986911855452e-01 1.978503165612580383e-01 1.931128278533497666e-01 1.883026889941660786e-01 1.834951903901137493e-01 1.787373729649730236e-01 1.740571121106930796e-01 1.694700468675513771e-01 1.649842683120574249e-01 1.606033093276139634e-01 1.563279939604579616e-01 1.521575637003786396e-01 1.480903579070314557e-01 1.441242228271810422e-01 1.402567562261051171e-01 1.364854525936305685e-01 1.328077882350778005e-01 1.292212700525869618e-01 1.257234624629252062e-01 1.223120012347490432e-01 1.189845995883422602e-01 1.157390498030207021e-01 1.125732222941346755e-01 1.094850633355074765e-01 1.064725921220290028e-01 1.035338975737885719e-01 1.006671351056521446e-01 9.787052348016245240e-02 9.514234179955342874e-02 9.248092665741144969e-02 8.988466945146082743e-02 8.735201384950989911e-02 8.488145339669714295e-02 8.247152925134844381e-02 8.012082803749899507e-02 7.782797980357568368e-02 7.559165607837510514e-02 7.341056801705166113e-02 7.128346463121633392e-02 6.920913109839972599e-02 6.718638714704774917e-02 6.521408551391927322e-02 6.329111047127067291e-02 6.141637642157786459e-02 5.958882655779330212e-02 5.780743158729000769e-02 5.607118851773455759e-02 5.437911950317048798e-02 5.273027074860275193e-02 5.112371147136254845e-02 4.955853291750851597e-02 4.803384743149381048e-02 4.654878757730150640e-02 4.510250530922818579e-02 4.369417119047739467e-02 4.232297365771518077e-02 4.098811832973606878e-02 3.968882735839292242e-02 3.842433881995583472e-02 3.719390614508390897e-02 3.599679758561874499e-02 3.483229571643927519e-02 3.369969697065260811e-02 3.259831120643576219e-02 3.152746130388581897e-02 3.048648279028256733e-02 2.947472349221574861e-02 2.849154321307944757e-02 2.753631343448747007e-02 2.660841704021589885e-02 2.570724806133191376e-02 2.483221144122088261e-02 2.398272281927652655e-02 2.315820833207166141e-02 2.235810443087872176e-02 2.158185771446049020e-02 2.082892477610188628e-02 2.009877206390273813e-02 1.939087575339973682e-02 1.870472163163262869e-02 1.803980499181561184e-02 1.739563053781903110e-02 1.677171229770984054e-02 1.616757354564076626e-02 1.558274673141866497e-02 1.501677341712143871e-02 1.446920422017054439e-02 1.393959876230222404e-02 1.342752562391564056e-02 1.293256230330946596e-02 1.245429518035076621e-02 1.199231948415078672e-02 1.154623926435189088e-02 1.111566736565821473e-02 1.070022540526952004e-02 1.029954375290379268e-02 9.913261513118436230e-03 9.541026509663720276e-03 9.182495271624055433e-03 8.837333021124178095e-03 8.505213662397188498e-03 8.185819772030426128e-03 7.878842590223214537e-03 7.583982012907292819e-03 7.300946584596813664e-03 7.029453491849693529e-03 6.769228557236161258e-03 6.520006233723431299e-03 6.281529599397716462e-03 6.053550352456064758e-03 5.835828806411134419e-03 5.628133885461620266e-03 5.430243119990092043e-03 5.241942642158060536e-03 5.063027181575586490e-03 4.893300061029471140e-03 4.732573192260062372e-03 4.580667071782154078e-03 4.437410776750192083e-03 4.302641960872130404e-03 4.176206850379922744e-03 4.057960240067580611e-03 3.947765489410327150e-03 3.845494518780281836e-03 3.751027805775757843e-03 3.664254381682244439e-03 3.585071828083920449e-03 3.513386273644750375e-03 3.449112391078210885e-03 3.392173394324249532e-03 3.342501035951385858e-03 3.300035604800838525e-03 3.264725923888389409e-03 3.236529348578133947e-03 3.215411765040688836e-03 3.201347589006537774e-03 3.194319764823255227e-03 3.194319764823255227e-03
2.296952972453277231e-01 2.296952972453277231e-01 2.295835371323562413e-01 2.293531125905292067e-01 2.289891812414503736e-01 2.284666830457209585e-01 2.277463831284481099e-01 2.267686479918766262e-01 2.254446203783526670e-01 2.236463198602667013e-01 2.212039998717404699e-01 2.179374242696748565e-01 2.137756638138848531e-01 2.089570825773687524e-01 2.037731945413587820e-01 1.984469236019580640e-01 1.931178112508097344e-01 1.878633806427928432e-01 1.827227550364382003e-01 1.777133790562061277e-01 1.728411035041493571e-01 1.681058318935169382e-01 1.635045664292490153e-01 1.590330162357556365e-01 1.546864306917656862e-01 1.504600195732243850e-01 1.463491541879455293e-01 1.423494533982042343e-01 1.384568101991557054e-01 1.346673887098718270e-01 1.309776075324459443e-01 1.273841178976103106e-01 1.238837809123850553e-01 1.204736459945233429e-01 1.171509313773778788e-01 1.139130069369392873e-01 1.107573792757260978e-01 1.076816788539311925e-01 1.046836489070454984e-01 1.017611358862914039e-01 9.891208117856717386e-02 9.613451389244399847e-02 9.342654452869947335e-02 9.078635938419692131e-02 8.821221556495521809e-02 8.570243650745854036e-02 8.325540792666488721e-02 8.086957412512932319e-02 7.854343461059372367e-02 7.627554097978433978e-02 7.406449403443360335e-02 7.190894110209532231e-02 6.980757353948695287e-02 6.775912440014705829e-02 6.576236625137374392e-02 6.381610912789448253e-02 6.191919861166270828e-02 6.007051402869843792e-02 5.826896675508563134e-02 5.651349862518253303e-02 5.480308043584928429e-02 5.313671054109562336e-02 5.151341353203772733e-02 4.993223899744893279e-02 4.839226036052110547e-02 4.689257378773309393e-02 4.543229716596357270e-02 4.401056914419717442e-02 4.262654823636174289e-02 4.127941198200447970e-02 3.996835616167324079e-02 3.869259406401370088e-02 3.745135580173133971e-02 3.624388767369641356e-02 3.506945157059362939e-02 3.392732442163666484e-02 3.281679767998038622e-02 3.173717684457316723e-02 3.068778101629599311e-02 2.966794248633645992e-02 2.867700635484278157e-02 2.771433017799717138e-02 2.677928364173784784e-02 2.587124826044664636e-02 2.498961709900265199e-02 2.413379451668309569e-02 2.330319593147074653e-02 2.249724760340132343e-02 2.171538643565645507e-02 2.095705979217651199e-02 2.022172533063400224e-02 1.950885084967150795e-02 1.881791414936915402e-02 1.814840290396484493e-02 1.749981454590667992e-02 1.687165616037008750e-02 1.626344438942398454e-02 1.567470534507878904e-02 1.510497453049653750e-02 1.455379676868773405e-02 1.402072613806270608e-02 1.350532591424601428e-02 1.300716851760145773e-02 1.252583546595265399e-02 1.206091733201939374e-02 1.161201370512399828e-02 1.117873315675400360e-02 1.076069320959812878e-02 1.035752030970157889e-02 9.968849801414386355e-03 9.594325904832659221e-03 9.233601695457538047e-03 8.886339085820050762e-03 8.552208808842394483e-03 8.230890402727118402e-03 7.922072197185436870e-03 7.625451300834596921e-03 7.340733589611684456e-03 7.067633696067611784e-03 6.805874999420569692e-03 6.555189616262315812e-03 6.315318391824312899e-03 6.086010891722915331e-03 5.867025394114450815e-03 5.658128882201611358e-03 5.459097037042327967e-03 5.269714230621269473e-03 5.089773519152276417e-03 4.919076636587383158e-03 4.757433988314828562e-03 4.604664645034378841e-03 4.460596336803582251e-03 4.325065447253289425e-03 4.197917007974770812e-03 4.079004693084259045e-03 3.968190813973678302e-03 3.865346314258688923e-03 3.770350764937103680e-03 3.683092359772153265e-03 3.603467910916106822e-03 3.531382844790314102e-03 3.466751198237986043e-03 3.409495614965888342e-03 3.359547342290645968e-03 3.316846228204686949e-03 3.281340718775740094e-03 3.252987855892675462e-03 3.231753275368962411e-03 3.217611205413434521e-03 3.210544465476275217e-03 3.210544465476275217e-03
2.363760870467006558e-01 2.363760870467006558e-01 2.362993768488113322e-01 2.361404589138975385e-01 2.358872737906130834e-01 2.355187191729487539e-01 2.349999042499974766e-01 2.342734794332811399e-01 2.332441321108158494e-01 2.317522305518440184e-01 2.295362029207799470e-01 2.262143227363229148e-01 2.214591738384264208e-01 2.158158274450847347e-01 2.098146754928505442e-01 2.037775286128619689e-01 1.978596845202834076e-01 1.921227378139835074e-01 1.865836723313575307e-01 1.812404582930051689e-01 1.760839209379171377e-01 1.711028856202804482e-01 1.662862738174938904e-01 1.616238684202992437e-01 1.571065153184032226e-01 1.527260974598046162e-01 1.484754272379662510e-01 1.443481193341103752e-01 1.403384692157387814e-01 1.364413462297102142e-01 1.326521031886054303e-01 1.289665014628526840e-01 1.253806495744048399e-01 1.218909530961907600e-01 1.184940738130062371e-01 1.151868963718920558e-01 1.119665009433843811e-01 1.088301406870465782e-01 1.057752230503246071e-01 1.027992941264366661e-01 9.990002545750682750e-02 9.707520279825612719e-02 9.432271645839923613e-02 9.164055292325057334e-02 8.902678751608839036e-02 8.647957791606919464e-02 8.399715838479912544e-02 8.157783458538149512e-02 7.921997890172484402e-02 7.692202618458839070e-02 7.468246986542304011e-02 7.249985839044573166e-02 7.037279193628021012e-02 6.829991937545921987e-02 6.627993546554884763e-02 6.431157823995822809e-02 6.239362658190145128e-02 6.052489796568021746e-02 5.870424635161728549e-02 5.693056022270936989e-02 5.520276075247837477e-02 5.351980009465422128e-02 5.188065978627642155e-02 5.028434925659846372e-02 4.872990443485104850e-02 4.721638645049550109e-02 4.574288042009405642e-02 4.430849431535766741e-02 4.291235790731363908e-02 4.155362178187674282e-02 4.023145642241402614e-02 3.894505135517108835e-02 3.769361435368177859e-02 3.647637069851664832e-02 3.529256248894054038e-02 3.414144800325050882e-02 3.302230110475092018e-02 3.193441069049730158e-02 3.087708018010370398e-02 2.984962704206158349e-02 2.885138235516272742e-02 2.788169040275476074e-02 2.693990829768594733e-02 2.602540563591780945e-02 2.513756417689796963e-02 2.427577754889500422e-02 2.343945097759910640e-02 2.262800103639014612e-02 2.184085541676672806e-02 2.107745271751746211e-02 2.033724225129843188e-02 1.961968386735982520e-02 1.892424778923903345e-02 1.825041446630874808e-02 1.759767443813567422e-02 1.696552821066946506e-02 1.635348614334223086e-02 1.576106834621632258e-02 1.518780458637328766e-02 1.463323420278834011e-02 1.409690602898439407e-02 1.357837832280640693e-02 1.307721870270123037e-02 1.259300408993043602e-02 1.212532065618363367e-02 1.167376377609759090e-02 1.123793798422274837e-02 1.081745693601259689e-02 1.041194337244381700e-02 1.002102908790559674e-02 9.644354901025473797e-03 9.281570628126427011e-03 8.932335059035616254e-03 8.596315934989693514e-03 8.273189928404292917e-03 7.962642624297128560e-03 7.664368503174191945e-03 7.378070925207706916e-03 7.103462115552218459e-03 6.840263150661934390e-03 6.588203945487877168e-03 6.347023241448005067e-03 6.116468595076782026e-03 5.896296367273195886e-03 5.686271713077716353e-03 5.486168571919244202e-03 5.295769658282813326e-03 5.114866452757686408e-03 4.943259193433496845e-03 4.780756867619405728e-03 4.627177203867781710e-03 4.482346664289655301e-03 4.346100437154505614e-03 4.218282429771276140e-03 4.098745261651565858e-03 3.987350257959146847e-03 3.883967443252806309e-03 3.788475535531726952e-03 3.700761940594410413e-03 3.620722746723446794e-03 3.548262719709332005e-03 3.483295298227032013e-03 3.425742589579127990e-03 3.375535365819163410e-03 3.332613060268327983e-03 3.296923764437836597e-03 3.268424225368337516e-03 3.247079843396462415e-03 3.232864670357224815e-03 3.225761408229408343e-03 3.225761408229408343e-03
2.423666842613666217e-01 2.423666842613666217e-01 2.423265256461191453e-01 2.422429841034570430e-01 2.421088556246183132e-01 2.419111083093568038e-01 2.416270365107372753e-01 2.412162826347356015e-01 2.406036735158219864e-01 2.396407254213771265e-01 2.380172005127975388e-01 2.350683333057639879e-01 2.295794850370339868e-01 2.228396288464228325e-01 2.158193669597449071e-01 2.089650553725374560e-01 2.024158342628154250e-01 1.961867434879276673e-01 1.902543752102194563e-01 1.845880802003033172e-01 1.791594841594149612e-01 1.739445779641672629e-01 1.689235555712201020e-01 1.640801141097641691e-01 1.594007376127879461e-01 1.548740963013694183e-01 1.504905739771786599e-01 1.462419045186994504e-01 1.421208940857568159e-01 1.381212086889558877e-01 1.342372111049769112e-01 1.304638349748421244e-01 1.267964869711352971e-01 1.232309702276160879e-01 1.197634239430024061e-01 1.163902753445397315e-01 1.131082011419059369e-01 1.099140963049339281e-01 1.068050485234417479e-01 1.037783171007451433e-01 1.008313153282075075e-01 9.796159561135654725e-02 9.516683678699879023e-02 9.244483319894297724e-02 8.979348519746760404e-02 8.721079080205933198e-02 8.469483832382790345e-02 8.224379978760563981e-02 7.985592502725177844e-02 7.752953635351060580e-02 7.526302371374181399e-02 7.305484027833399063e-02 7.090349840067627918e-02 6.880756590699940722e-02 6.676566267981226543e-02 6.477645750451918594e-02 6.283866515346100967e-02 6.095104368534860761e-02 5.911239194106281125e-02 5.732154721923406193e-02 5.557738311701576617e-02 5.387880752311825783e-02 5.222476075154983827e-02 5.061421380567374118e-02 4.904616676317859192e-02 4.751964727340821093e-02 4.603370915923256368e-02 4.458743111628436090e-02 4.317991550295270653e-02 4.181028721502833695e-02 4.047769263934536399e-02 3.918129868117006115e-02 3.792029186045348110e-02 3.669387747239959141e-02 3.550127880810490660e-02 3.434173643130650211e-02 3.321450750753271453e-02 3.211886518218933645e-02 3.105409800433478126e-02 3.001950939310238028e-02 2.901441714391880464e-02 2.803815297184468827e-02 2.709006208952975323e-02 2.616950281742926390e-02 2.527584622407379536e-02 2.440847579432005657e-02 2.356678712363774464e-02 2.275018763660738991e-02 2.195809632791603447e-02 2.118994352424362348e-02 2.044517066553221823e-02 1.972323010422387043e-02 1.902358492114120461e-02 1.834570875676791099e-02 1.768908565676476780e-02 1.705320993063101295e-02 1.643758602249055512e-02 1.584172839304870406e-02 1.526516141182737013e-02 1.470741925884562311e-02 1.416804583496815428e-02 1.364659468019690895e-02 1.314262889923078007e-02 1.265572109366544691e-02 1.218545330024967469e-02 1.173141693465671806e-02 1.129321274026878243e-02 1.087045074151042970e-02 1.046275020130179624e-02 1.006973958223633149e-02 9.691056511118914529e-03 9.326347746530282493e-03 8.975269149111451614e-03 8.637485654288316536e-03 8.312671247181392317e-03 8.000508939468931394e-03 7.700690747993487947e-03 7.412917674922571594e-03 7.136899689293117743e-03 6.872355709787410401e-03 6.619013588604851471e-03 6.376610096309439160e-03 6.144890907547300406e-03 5.923610587541894637e-03 5.712532579287005717e-03 5.511429191368799260e-03 5.320081586358837294e-03 5.138279769729348773e-03 4.965822579250794844e-03 4.802517674839588795e-03 4.648181528830943807e-03 4.502639416658110044e-03 4.365725407924918658e-03 4.237282357863479502e-03 4.117161899173194493e-03 4.005224434240954763e-03 3.901339127745488862e-03 3.805383899651483808e-03 3.717245418601113505e-03 3.636819095712269610e-03 3.564009078793946121e-03 3.498728246989988785e-03 3.440898205862800725e-03 3.390449282928662076e-03 3.347320523656007428e-03 3.311459687937482691e-03 3.282823247045796398e-03 3.261376381082324409e-03 3.247092976926267346e-03 3.239955626690741494e-03 3.239955626690741494e-03
2.466133498624550890e-01 2.466133498624550890e-01 2.466015530374287557e-01 2.465769385601707941e-01 2.465371927655182760e-01 2.464780170610638699e-01 2.463915842045543425e-01 2.462629731355788221e-01 2.460611931060176782e-01 2.457139402918675219e-01 2.450263634890788578e-01 2.433573690869993145e-01 2.374789348783160059e-01 2.295819296597219616e-01 2.214653789459428146e-01 2.137865599966260466e-01 2.066354724415294664e-01 1.999527148182952685e-01 1.936631362596521466e-01 1.877044497601053352e-01 1.820290829727173043e-01 1.766010276591597483e-01 1.713926692577680821e-01 1.663824084946797510e-01 1.615529939014201666e-01 1.568903654845562601e-01 1.523828464461459697e-01 1.480205701473758240e-01 1.437950675315753102e-01 1.396989656128837798e-01 1.357257640531450427e-01 1.318696674590695284e-01 1.281254579727133247e-01 1.244883973468007415e-01 1.209541508248520303e-01 1.175187273014970113e-01 1.141784317463293147e-01 1.109298269439337875e-01 1.077697023697574835e-01 1.046950485772006056e-01 1.017030358773330645e-01 9.879099639148657130e-02 9.595640877832761761e-02 9.319688510190966835e-02 9.051015943066521852e-02 8.789407785018112096e-02 8.534658964279991100e-02 8.286573944038112816e-02 8.044966019719736183e-02 7.809656686107413481e-02 7.580475064485431291e-02 7.357257381881630864e-02 7.139846495910781576e-02 6.928091459855562073e-02 6.721847123510998889e-02 6.520973766024147633e-02 6.325336757524747944e-02 6.134806246796727786e-02 5.949256872609164082e-02 5.768567496627145103e-02 5.592620956072544280e-02 5.421303834512439940e-02 5.254506249327964978e-02 5.092121654564579075e-02 4.934046657991947998e-02 4.780180851311104095e-02 4.630426652542024568e-02 4.484689159708397238e-02 4.342876015010093543e-02 4.204897278739434807e-02 4.070665312255924984e-02 3.940094669386719206e-02 3.813101995667534522e-02 3.689605934881755311e-02 3.569527042394612937e-02 3.452787704814985065e-02 3.339312065550138070e-02 3.229025955848655038e-02 3.121856830954467671e-02 3.017733711020392090e-02 2.916587126453021317e-02 2.818349067382711765e-02 2.722952936972515559e-02 2.630333508298728432e-02 2.540426884553101047e-02 2.453170462333062116e-02 2.368502897801369120e-02 2.286364075510785576e-02 2.206695079702515952e-02 2.129438167899525350e-02 2.054536746627357371e-02 1.981935349105908711e-02 1.911579614765758842e-02 1.843416270452128206e-02 1.777393113188500962e-02 1.713458994380312461e-02 1.651563805346991168e-02 1.591658464078050256e-02 1.533694903115906567e-02 1.477626058474657347e-02 1.423405859510240741e-02 1.370989219663213549e-02 1.320332028000872904e-02 1.271391141490618368e-02 1.224124377941317350e-02 1.178490509554029966e-02 1.134449257027771336e-02 1.091961284170075118e-02 1.050988192965951126e-02 1.011492519062452168e-02 9.734377276294718662e-03 9.367882095605904388e-03 9.015092779808097159e-03 8.675671650308428018e-03 8.349290189002805257e-03 8.035629010844610662e-03 7.734377838421953137e-03 7.445235478336979101e-03 7.167909799201119432e-03 6.902117711079337053e-03 6.647585146234125629e-03 6.404047041036678781e-03 6.171247318927882732e-03 5.948938874326163521e-03 5.736883557392223436e-03 5.534852159572905932e-03 5.342624399857489811e-03 5.159988911689933518e-03 4.986743230489813945e-03 4.822693781743127989e-03 4.667655869631741339e-03 4.521453666177033606e-03 4.383920200879387261e-03 4.254897350840516901e-03 4.134235831360329530e-03 4.021795187004080507e-03 3.917443783139049757e-03 3.821058797942874109e-03 3.732526214888062105e-03 3.651740815709105838e-03 3.578606173860031641e-03 3.513034648471272288e-03 3.454947378815331847e-03 3.404274279291011861e-03 3.360954034935895087e-03 3.324934097476436520e-03 3.296170681924411212e-03 3.274628763727630530e-03 3.260282076481821074e-03 3.253113110209380869e-03 3.253113110209380869e-03
2.483128575968411300e-01 2.483128575968411300e-01 2.483128575968411300e-01 2.483128575968411300e-01 2.483128575968411300e-01 2.483128575968411300e-01 2.483128575968411300e-01 2.483128575968411300e-01 2.483128575968411300e-01 2.483128575968411300e-01 2.483128575968411300e-01 2.483128575968411300e-01 2.433583046893703361e-01 2.350720950928396336e-01 2.262223594728448028e-01 2.179505790523775244e-01 2.103517045665609930e-01 2.033187199899783859e-01 1.967432639756913071e-01 1.905431063296489091e-01 1.846585775206230351e-01 1.790460203141939211e-01 1.736727517790976338e-01 1.685136583767458951e-01 1.635489477077024523e-01 1.587626517992618003e-01 1.541416122182184545e-01 1.496747774784592810e-01 1.453527067922709137e-01 1.411672130554471882e-01 1.371111016840655672e-01 1.331779766393779429e-01 1.293620943034352322e-01 1.256582519128406072e-01 1.220617012621584424e-01 1.185680810938982976e-01 1.151733634520264865e-01 1.118738105742048961e-01 1.086659398158786594e-01 1.055464947555681543e-01 1.025124211043693390e-01 9.956084638737688897e-02 9.668906261747055308e-02 9.389451136842676127e-02 9.117477079282959584e-02 8.852754423371309023e-02 8.595065015658671925e-02 8.344201318720770311e-02 8.099965608507342374e-02 7.862169251670242387e-02 7.630632051899301216e-02 7.405181656324405504e-02 7.185653014624036883e-02 6.971887884722381690e-02 6.763734379939473351e-02 6.561046553242194657e-02 6.363684014874138040e-02 6.171511580153227206e-02 5.984398944644484658e-02 5.802220384260495245e-02 5.624854478130216634e-02 5.452183852318472773e-02 5.284094942683787571e-02 5.120477775337584775e-02 4.961225763318884152e-02 4.806235518229948905e-02 4.655406675693000984e-02 4.508641733589101308e-02 4.365845902129653761e-02 4.226926964890428962e-02 4.091795150009128190e-02 3.960363010811310258e-02 3.832545315187022711e-02 3.708258943092582888e-02 3.587422791599136768e-02 3.469957686952695325e-02 3.355786303149541766e-02 3.244833086566835390e-02 3.137024186221145511e-02 3.032287389257874374e-02 2.930552061302335934e-02 2.831749091328940662e-02 2.735810840728549950e-02 2.642671096276000622e-02 2.552265026720028709e-02 2.464529142736620812e-02 2.379401260004246690e-02 2.296820465175619316e-02 2.216727084535708575e-02 2.139062655149748943e-02 2.063769898318079318e-02 1.990792695166822626e-02 1.920076064214847403e-02 1.851566140768070787e-02 1.785210158002129704e-02 1.720956429603789917e-02 1.658754333850169863e-02 1.598554299013064603e-02 1.540307789983323510e-02 1.483967296017445030e-02 1.429486319515320576e-02 1.376819365744409197e-02 1.325921933431594389e-02 1.276750506149604281e-02 1.229262544430120493e-02 1.183416478540699930e-02 1.139171701867264935e-02 1.096488564848326769e-02 1.055328369411213940e-02 1.015653363864474357e-02 9.774267382042376578e-03 9.406126197957710017e-03 9.051760693946560646e-03 8.710830774750486991e-03 8.383005608352932930e-03 8.067963594538291039e-03 7.765392335708001630e-03 7.474988609731007989e-03 7.196458344627588814e-03 6.929516594905798382e-03 6.673887519388594508e-03 6.429304360387174365e-03 6.195509424092420121e-03 5.972254062071257613e-03 5.759298653768740034e-03 5.556412589929428381e-03 5.363374256863411363e-03 5.179971021493117410e-03 5.005999217126825759e-03 4.841264129913809382e-03 4.685579985944024820e-03 4.538769938962576751e-03 4.400666058675649535e-03 4.271109319630361605e-03 4.149949590656018018e-03 4.037045624858725049e-03 3.932265050165015263e-03 3.835484360413426216e-03 3.746588906995584889e-03 3.665472891050548365e-03 3.592039356217783565e-03 3.526200181955499880e-03 3.467876077431794862e-03 3.416996575996652987e-03 3.373500030242904298e-03 3.337333607664142148e-03 3.308453286917163467e-03 3.286823854695856105e-03 3.272418903222581825e-03 3.265220828362130727e-03 3.265220828362130727e-03
2.483128575968411300e-01 2.483128575968411300e-01 2.483128575968411300e-01 2.483128575968411300e-01 2.483128575968411300e-01 2.483128575968411300e-01 2.483128575968411300e-01 2.483128575968411300e-01 2.483128575968411300e-01 2.483128575968411300e-01 2.483128575968411300e-01 2.483128575968411300e-01 2.450275988835579621e-01 2.380217194759055577e-01 2.295455205590340997e-01 2.212188944556886805e-01 2.134440163243010169e-01 2.062141265431242654e-01 1.994483376774520700e-01 1.930708981114848954e-01 1.870228146375779721e-01 1.812595912849547519e-01 1.757474055326028184e-01 1.704600386055112049e-01 1.653767057343631663e-01 1.604805640111414966e-01 1.557576832850911530e-01 1.511963270971409257e-01 1.467864421695012078e-01 1.425192900502150750e-01 1.383871771622228464e-01 1.343832540154909494e-01 1.305013637216286271e-01 1.267359261107880164e-01 1.230818478656949960e-01 1.195344518818768909e-01 1.160894209888670842e-01 1.127427525118007423e-01 1.094907211024695043e-01 1.063298479463029717e-01 1.032568749391952756e-01 1.002687427816198323e-01 9.736257219571474442e-02 9.453564766093193461e-02 9.178540320440373157e-02 8.910940988687945929e-02 8.650536470356756658e-02 8.397108067843371548e-02 8.150447797548511508e-02 7.910357588497635151e-02 7.676648556898735265e-02 7.449140347141298968e-02 7.227660531352624040e-02 7.012044060900611553e-02 6.802132764246317242e-02 6.597774886364710101e-02 6.398824665613686569e-02 6.205141944473016591e-02 6.016591811022770769e-02 5.833044268404364435e-02 5.654373929821650269e-02 5.480459736906497653e-02 5.311184699501515089e-02 5.146435655109554697e-02 4.986103046430485214e-02 4.830080715555210014e-02 4.678265713518140606e-02 4.530558124025489686e-02 4.386860900279811876e-02 4.247079713913216176e-02 4.111122815124068630e-02 3.978900903186041726e-02 3.850327006565201077e-02 3.725316371941186921e-02 3.603786361483368728e-02 3.485656357782622450e-02 3.370847675884807576e-02 3.259283481913381741e-02 3.150888717806533956e-02 3.045590031728913002e-02 2.943315713749876383e-02 2.843995636409499955e-02 2.747561199820512667e-02 2.653945280979184279e-02 2.563082186981128704e-02 2.474907611859170076e-02 2.389358596780017871e-02 2.306373493354690191e-02 2.225891929834426103e-02 2.147854779979497392e-02 2.072204134402852102e-02 1.998883274204003857e-02 1.927836646721243705e-02 1.859009843241880150e-02 1.792349578521237538e-02 1.727803671971308089e-02 1.665321030389503923e-02 1.604851632106882656e-02 1.546346512443558426e-02 1.489757750366822557e-02 1.435038456254822750e-02 1.382142760675495428e-02 1.331025804096879622e-02 1.281643727450985752e-02 1.233953663479023244e-02 1.187913728791122232e-02 1.143483016578660666e-02 1.100621589921982856e-02 1.059290475640686097e-02 1.019451658637786362e-02 9.810680766929152571e-03 9.441036156633558427e-03 9.085231050551085055e-03 8.742923139293742874e-03 8.413779471128311413e-03 8.097476416828723600e-03 7.793699637015938549e-03 7.502144051747637078e-03 7.222513812142812920e-03 6.954522273847733860e-03 6.697891972169393686e-03 6.452354598721127786e-03 6.217650979442049079e-03 5.993531053867778152e-03 5.779753855544625049e-03 5.576087493492731459e-03 5.382309134636163381e-03 5.198204987129212244e-03 5.023570284518498810e-03 4.858209270689994343e-03 4.701935185558439242e-03 4.554570251464438654e-03 4.415945660251338958e-03 4.285901561000082273e-03 4.164287048405696141e-03 4.050960151783743711e-03 3.945787824699144124e-03 3.848645935213309936e-03 3.759419256748415452e-03 3.678001459570036293e-03 3.604295102891333889e-03 3.538211627603395776e-03 3.479671349637423333e-03 3.428603453965113016e-03 3.384945989243938382e-03 3.348645863114038928e-03 3.319658838153193622e-03 3.297949528495883013e-03 3.283491397121708708e-03 3.276266753817667042e-03 3.276266753817667042e-03
2.483128575968411300e-01 2.483128575968411300e-01 2.483128575968411300e-01 2.483128575968411300e-01 2.483128575968411300e-01 2.483128575968411300e-01 2.483128575968411300e-01 2.483128575968411300e-01 2.483128575968411300e-01 2.483128575968411300e-01 2.483128575968411300e-01 2.483128575968411300e-01 2.457153439912844461e-01 2.396457584891824033e-01 2.317624955440133194e-01 2.236625755471613741e-01 2.159170507155467877e-01 2.086272914394433353e-01 2.017635688751227285e-01 1.952733496491443621e-01 1.891084641010236655e-01 1.832296560138154395e-01 1.776056971720440525e-01 1.722116353505677988e-01 1.670272497168613091e-01 1.620358734339324425e-01 1.572235322057944085e-01 1.525783191425625074e-01 1.480899392268295867e-01 1.437493743119880596e-01 1.395486339633718875e-01 1.354805678552794546e-01 1.315387226904890516e-01 1.277172316230098803e-01 1.240107276383340951e-01 1.204142747668268260e-01 1.169233127065814615e-01 1.135336116357159725e-01 1.102412348521967511e-01 1.070425074952585237e-01 1.039339900475533957e-01 1.009124556407561685e-01 9.797487042408468960e-02 9.511837642945518423e-02 9.234027649608667065e-02 8.963802091362943480e-02 8.700919551517427575e-02 8.445151100617016848e-02 8.196279335695175194e-02 7.954097511860828973e-02 7.718408754675488981e-02 7.489025343719489525e-02 7.265768059280354463e-02 7.048465585320026761e-02 6.836953962863180634e-02 6.631076088750682829e-02 6.430681255360982951e-02 6.235624727448697835e-02 6.045767352707163977e-02 5.860975203048352650e-02 5.681119243922741480e-02 5.506075029284485112e-02 5.335722420051638992e-02 5.169945324124017999e-02 5.008631456207480320e-02 4.851672115857548484e-02 4.698961982300266932e-02 4.550398924717180549e-02 4.405883826796283542e-02 4.265320424453675208e-02 4.128615155723151103e-02 3.995677021894115249e-02 3.866417459053402006e-02 3.740750219254529441e-02 3.618591260599636483e-02 3.499858645575353033e-02 3.384472447034886367e-02 3.272354661265126918e-02 3.163429127620062675e-02 3.057621454240691539e-02 2.954858949417192224e-02 2.855070558181828366e-02 2.758186803751043817e-02 2.664139733462820778e-02 2.572862868880800014e-02 2.484291159760087034e-02 2.398360941591320961e-02 2.315009896459570629e-02 2.234177016973110802e-02 2.155802573034296121e-02 2.079828081240604407e-02 2.006196276718668486e-02 1.934851087207832207e-02 1.865737609222471033e-02 1.798802086134193221e-02 1.733991888026061717e-02 1.671255493181275642e-02 1.610542471078344612e-02 1.551803466773773489e-02 1.494990186561624343e-02 1.440055384807174994e-02 1.386952851859199823e-02 1.335637402952277210e-02 1.286064868016916982e-02 1.238192082321344992e-02 1.191976877874381148e-02 1.147378075524159956e-02 1.104355477692361628e-02 1.062869861688279377e-02 1.022882973551380789e-02 9.843575223751142855e-03 9.472571750685044450e-03 9.115465515156824863e-03 8.771912200968281711e-03 8.441576935371428864e-03 8.124134250534063850e-03 7.819268047704020300e-03 7.526671563820628609e-03 7.246047340345747496e-03 6.977107194108918796e-03 6.719572189981998928e-03 6.473172615217751870e-03 6.237647955304793414e-03 6.012746871207752877e-03 5.798227177876807449e-03 5.593855823924793851e-03 5.399408872383020495e-03 5.214671482458798323e-03 5.039437892228494122e-03 4.873511402209785084e-03 4.716704359765713263e-03 4.568838144301247579e-03 4.429743153220197689e-03 4.299258788616889919e-03 4.177233444682616065e-03 4.063524495811951173e-03 3.957998285398353286e-03 3.860530115312228554e-03 3.771004236057763290e-03 3.689313837607519856e-03 3.615361040915850664e-03 3.549056890113911483e-03 3.490321345390269125e-03 3.439083276561953357e-03 3.395280457341339365e-03 3.358859560304406668e-03 3.329776152565853183e-03 3.307994692166203558e-03 3.293488525175510950e-03 3.286239883517551481e-03 3.286239883517551481e-03
2.483128575968411300e-01 2.483128575968411300e-01 2.483128575968411300e-01 2.483128575968411300e-01 2.483128575968411300e-01 2.483128575968411300e-01 2.483128575968411300e-01 2.483128575968411300e-01 2.483128575968411300e-01 2.483128575968411300e-01 2.483128575968411300e-01 2.483128575968411300e-01 2.460627139932274055e-01 2.406090890064820076e-01 2.332551274279596465e-01 2.254619572518549719e-01 2.178513350384970737e-01 2.105929584849072500e-01 2.037025165199020382e-01 1.971538805760510715e-01 1.909139336338903925e-01 1.849521099695897175e-01 1.792422919599357400e-01 1.737625718434450406e-01 1.684945438855756650e-01 1.634226035770597329e-01 1.585333669754731001e-01 1.538152165744798849e-01 1.492579530907881258e-01 1.448525295786162737e-01 1.405908477242743537e-01 1.364656006069842054e-01 1.324701501089884104e-01 1.285984302264016887e-01 1.248448698435452170e-01 1.212043302399629513e-01 1.176720538476942607e-01 1.142436216861989901e-01 1.109149175649223884e-01 1.076820976265766977e-01 1.045415641572956938e-01 1.014899428487810867e-01 9.852406288832656067e-02 9.564093939387509347e-02 9.283775781651631975e-02 9.011186001178776717e-02 8.746073174082968915e-02 8.488199140794663866e-02 8.237337987613563284e-02 7.993275122933753141e-02 7.755806437151796517e-02 7.524737536961927098e-02 7.299883046100948125e-02 7.081065965706659360e-02 6.868117088356284761e-02 6.660874460598699420e-02 6.459182889419347318e-02 6.262893488604451275e-02 6.071863261420364088e-02 5.885954716409709520e-02 5.705035513439175865e-02 5.528978137424158529e-02 5.357659597409199226e-02 5.190961148906706596e-02 5.028768037593760870e-02 4.870969262642166342e-02 4.717457358112851079e-02 4.568128190985298182e-02 4.422880774517579106e-02 4.281617095744906509e-02 4.144241956025699475e-02 4.010662823635469804e-02 3.880789697491323492e-02 3.754534981164646401e-02 3.631813366407362492e-02 3.512541725478852961e-02 3.396639011616659626e-02 3.284026167045321631e-02 3.174626037964307229e-02 3.068363295998717544e-02 2.965164365635436158e-02 2.864957357203192639e-02 2.767672004987789536e-02 2.673239610103902292e-02 2.581592987772535208e-02 2.492666418678725002e-02 2.406395604107595260e-02 2.322717624578525195e-02 2.241570901717209949e-02 2.162895163123930431e-02 2.086631410013427973e-02 2.012721887417705247e-02 1.941110056757729824e-02 1.871740570603717610e-02 1.804559249456339290e-02 1.739513060392993901e-02 1.676550097434281045e-02 1.615619563496017985e-02 1.556671753801691475e-02 1.499658040639122170e-02 1.444530859353415110e-02 1.391243695476030579e-02 1.339751072897043052e-02 1.290008542994445020e-02 1.241972674640668198e-02 1.195601045012445809e-02 1.150852231135660216e-02 1.107685802102046160e-02 1.066062311899455134e-02 1.025943292801959755e-02 9.872912492703295878e-03 9.500696523174053873e-03 9.142429342966313863e-03 8.797764840755074520e-03 8.466366425589769498e-03 8.147906985308409414e-03 7.842068847841204143e-03 7.548543745139685637e-03 7.267032779492120682e-03 6.997246392009081814e-03 6.738904333084588111e-03 6.491735634658287943e-03 6.255478584122517796e-03 6.029880699735378630e-03 5.814698707416745063e-03 5.609698518818769832e-03 5.414655210575851883e-03 5.229353004651373857e-03 5.053585249709792969e-03 4.887154403452886875e-03 4.729872015868322697e-03 4.581558713347064909e-03 4.442044183633731512e-03 4.311167161580748211e-03 4.188775415683146375e-03 4.074725735376090278e-03 3.968883919081883822e-03 3.871124762997123908e-03 3.781332050614066419e-03 3.699398542973102253e-03 3.625225969645588363e-03 3.558725020448056005e-03 3.499815337890338843e-03 3.448425510361078240e-03 3.404493066054809381e-03 3.367964467645134623e-03 3.338795107708545512e-03 3.316949304903263687e-03 3.302400300907089217e-03 3.295130258117640390e-03 3.295130258117640390e-03
2.483128575968411300e-01 2.483128575968411300e-01 2.483128575968411300e-01 2.483128575968411300e-01 2.483128575968411300e-01 2.483128575968411300e-01 2.483128575968411300e-01 2.483128575968411300e-01 2.483128575968411300e-01 2.483128575968411300e-01 2.483128575968411300e-01 2.483128575968411300e-01 2.462645822918027583e-01 2.412219939770550714e-01 2.342850496119941450e-01 2.267868502827962152e-01 2.193465058417910507e-01 2.121672827613757806e-01 2.052959991715659072e-01 1.987286767911898289e-01 1.924468707751012808e-01 1.864295476704365406e-01 1.806567664269678464e-01 1.751106261642056128e-01 1.697753175369396406e-01 1.646369058151133102e-01 1.596830614251434355e-01 1.549028088332518038e-01 1.502863128389388681e-01 1.458247031184335407e-01 1.415099320831938179e-01 1.373346599691471215e-01 1.332921615497160983e-01 1.293762498054189802e-01 1.255812128440327580e-01 1.219017611985825228e-01 1.183329833030738326e-01 1.148703074691885817e-01 1.115094690859729787e-01 1.082464820650111403e-01 1.050776137786578190e-01 1.019993629072333818e-01 9.900843973714143487e-02 9.610174854663276756e-02 9.327637178759945469e-02 9.052955582639045373e-02 8.785869804863298549e-02 8.526133516567846460e-02 8.273513258593659381e-02 8.027787473476197255e-02 7.788745622297854609e-02 7.556187377751390211e-02 7.329921885865145481e-02 7.109767089761485914e-02 6.895549109595595916e-02 6.687101673481685160e-02 6.484265594780108666e-02 6.286888291608519475e-02 6.094823344866581033e-02 5.907930091436949804e-02 5.726073249553822325e-02 5.549122573620685062e-02 5.376952536016604139e-02 5.209442033659808513e-02 5.046474117302094525e-02 4.887935741710972698e-02 4.733717535060909254e-02 4.583713586002888946e-02 4.437821247014685916e-02 4.295940952754287445e-02 4.157976052247476517e-02 4.023832653838680523e-02 3.893419481923152820e-02 3.766647744559199068e-02 3.643431011132403086e-02 3.523685099310418928e-02 3.407327970587520349e-02 3.294279633773348342e-02 3.184462055830703658e-02 3.077799079513286046e-02 2.974216347296352453e-02 2.873641231131853629e-02 2.776002767594853635e-02 2.681231598020495516e-02 2.589259913260495358e-02 2.500021402715478167e-02 2.413451207324689152e-02 2.329485876217766288e-02 2.248063326754635993e-02 2.169122807699381400e-02 2.092604865292137933e-02 2.018451311999959821e-02 1.946605197743245599e-02 1.877010783408777223e-02 1.809613516473875319e-02 1.744360008578655155e-02 1.681198014894959639e-02 1.620076415151334298e-02 1.560945196183465694e-02 1.503755435888833383e-02 1.448459288473074279e-02 1.395009970883671728e-02 1.343361750334196893e-02 1.293469932829399358e-02 1.245290852608087022e-02 1.198781862426921349e-02 1.153901324614040914e-02 1.110608602826851712e-02 1.068864054453374547e-02 1.028629023601293144e-02 9.898658346232642666e-03 9.525377861312103039e-03 9.166091454561837298e-03 8.820451435140234595e-03 8.488119700404020071e-03 8.168767691620434923e-03 7.862076352738290794e-03 7.567736091942701970e-03 7.285446745744031741e-03 7.014917545375388801e-03 6.755867085295317286e-03 6.508023293612962869e-03 6.271123404272147851e-03 6.044913930848481477e-03 5.829150641830054339e-03 5.623598537267338743e-03 5.428031826691801648e-03 5.242233908215482643e-03 5.065997348735457213e-03 4.899123865177680386e-03 4.741424306724384766e-03 4.592718637977918732e-03 4.452835923021721161e-03 4.321614310346205863e-03 4.198901018613509714e-03 4.084552323240606131e-03 3.978433543785082037e-03 3.880419032122075802e-03 3.790392161404428518e-03 3.708245315801104221e-03 3.633879881011474293e-03 3.567206235554996798e-03 3.508143742837467344e-03 3.456620743996135624e-03 3.412574551526791934e-03 3.375951443696414110e-03 3.346706659745153547e-03 3.324804395881317959e-03 3.310217802072812094e-03 3.302928979637944663e-03 3.302928979637944663e-03
2.483128575968411300e-01 2.483128575968411300e-01 2.483128575968411300e-01 2.483128575968411300e-01 2.483128575968411300e-01 2.483128575968411300e-01 2.483128575968411300e-01 2.483128575968411300e-01 2.483128575968411300e-01 2.483128575968411300e-01 2.483128575968411300e-01 2.483128575968411300e-01 2.463932616467068570e-01 2.416329795988856610e-01 2.350119290800090632e-01 2.277652768422919749e-01 2.204922877159988248e-01 2.134091778563571296e-01 2.065812804028156202e-01 2.000205704788080296e-01 1.937206707520987004e-01 1.876692255485184757e-01 1.818523881935589503e-01 1.762564815455737177e-01 1.708685944621714525e-01 1.656767594810504562e-01 1.606699626414104798e-01 1.558380884357099538e-01 1.511718435888713130e-01 1.466626781916631761e-01 1.423027116148132543e-01 1.380846656785579829e-01 1.340018053943748400e-01 1.300478867280543127e-01 1.262171105557910178e-01 1.225040819655561636e-01 1.189037741376831325e-01 1.154114961491715524e-01 1.120228641546045789e-01 1.087337754912526544e-01 1.055403853343001991e-01 1.024390855912912235e-01 9.942648577522972264e-02 9.649939563581358404e-02 9.365480936028465486e-02 9.088989118117969668e-02 8.820196224930818008e-02 8.558848864766416265e-02 8.304707043652109766e-02 8.057543163228102212e-02 7.817141103320701667e-02 7.583295381430524285e-02 7.355810382159887195e-02 7.134499650304568230e-02 6.919185241954819987e-02 6.709697128500832775e-02 6.505872648928301416e-02 6.307556006228226542e-02 6.114597804137848758e-02 5.926854620782173733e-02 5.744188616102433032e-02 5.566467170243039053e-02 5.393562550325516763e-02 5.225351603269517975e-02 5.061715472530145532e-02 4.902539336809529080e-02 4.747712168971276320e-02 4.597126513540644027e-02 4.450678281312968332e-02 4.308266559719294009e-02 4.169793437712757123e-02 4.035163844043200554e-02 3.904285397881829961e-02 3.777068270843392250e-02 3.653425059531248409e-02 3.533270667801585718e-02 3.416522198007514166e-02 3.303098850542649650e-02 3.192921831057383975e-02 3.085914264770083307e-02 2.982001117340165458e-02 2.881109121811018664e-02 2.783166711168205340e-02 2.688103956092757069e-02 2.595852507520952923e-02 2.506345543650899399e-02 2.419517721062887372e-02 2.335305129645029801e-02 2.253645251038237027e-02 2.174476920335438601e-02 2.097740290789175052e-02 2.023376801299458377e-02 1.951329146470215728e-02 1.881541249037870650e-02 1.813958234489682422e-02 1.748526407702574378e-02 1.685193231445297063e-02 1.623907306598063038e-02 1.564618353954282462e-02 1.507277197478782901e-02 1.451835748905986809e-02 1.398246993570005474e-02 1.346464977366485828e-02 1.296444794753435180e-02 1.248142577705123497e-02 1.201515485539580985e-02 1.156521695546218302e-02 1.113120394345705304e-02 1.071271769919477854e-02 1.030937004251151340e-02 9.920782665266957359e-03 9.546587068445105961e-03 9.186424503905336186e-03 8.839945920372675736e-03 8.506811913290895574e-03 8.186692678194731898e-03 7.879267967288014138e-03 7.584227048942734223e-03 7.301268669860607602e-03 7.030101019663238457e-03 6.770441697699865202e-03 6.522017681882897981e-03 6.284565299381189747e-03 6.057830199019105175e-03 5.841567325246382544e-03 5.635540893559290443e-03 5.439524367267779825e-03 5.253300435516551452e-03 5.076660992479862383e-03 4.909407117660852596e-03 4.751349057236109279e-03 4.602306206395149688e-03 4.462107092632638418e-03 4.330589359958348858e-03 4.207599753996394201e-03 4.092994107950920744e-03 3.986637329420495562e-03 3.888403388047755732e-03 3.798175303994632407e-03 3.715845137236635422e-03 3.641313977672328266e-03 3.574491936046253916e-03 3.515298135685285957e-03 3.463660705049701697e-03 3.419516771101118770e-03 3.382812453490115917e-03 3.353502859566589306e-03 3.331552080215937836e-03 3.316933186524041646e-03 3.309628227273548728e-03 3.309628227273548728e-03
2.483128575968411300e-01 2.483128575968411300e-01 2.483128575968411300e-01 2.483128575968411300e-01 2.483128575968411300e-01 2.483128575968411300e-01 2.483128575968411300e-01 2.483128575968411300e-01 2.483128575968411300e-01 2.483128575968411300e-01 2.483128575968411300e-01 2.483128575968411300e-01 2.464797473557761298e-01 2.419172319394816972e-01 2.355311002551954969e-01 2.284861220664980430e-01 2.213596757886425737e-01 2.143707871739602699e-01 2.075947510707439880e-01 2.010540173211265436e-01 1.947511690781213722e-01 1.886809084174490558e-01 1.828347100225996003e-01 1.772028008038468716e-01 1.717750778210473117e-01 1.665415597936974468e-01 1.614926136005669088e-01 1.566190642173637404e-01 1.519122414259632403e-01 1.473639913751578212e-01 1.429666684861540249e-01 1.387131165248909337e-01 1.345966439752562249e-01 1.306109967471318634e-01 1.267503300293469914e-01 1.230091803698168534e-01 1.193824386239532576e-01 1.158653241400517675e-01 1.124533603794261039e-01 1.091423520604112712e-01 1.059283638458288629e-01 1.028077005491000312e-01 9.977688880626731094e-02 9.683266014425037649e-02 9.397193536616008092e-02 9.119181017004597545e-02 8.848954191643927658e-02 8.586253746135276421e-02 8.330834197421754794e-02 8.082462866402220780e-02 7.840918934126547835e-02 7.605992574796455186e-02 7.377484159267531927e-02 7.155203523214184735e-02 6.938969294570777879e-02 6.728608275293224139e-02 6.523954872891954415e-02 6.324850577567936449e-02 6.131143481137117657e-02 5.942687834255856033e-02 5.759343638761231510e-02 5.580976272216502110e-02 5.407456142005202110e-02 5.238658366548514661e-02 5.074462481431529087e-02 4.914752168415990885e-02 4.759415005492147188e-02 4.608342236281202930e-02 4.461428557244576099e-02 4.318571921287563814e-02 4.179673356464495837e-02 4.044636798601058958e-02 3.913368936748275878e-02 3.785779070472385099e-02 3.661778978066655005e-02 3.541282794845574539e-02 3.424206900749654503e-02 3.310469816550883071e-02 3.199992108005247915e-02 3.092696297350235740e-02 2.988506781592191811e-02 2.887349757071514672e-02 2.789153149832917372e-02 2.693846551364159972e-02 2.601361159299605402e-02 2.511629722715415583e-02 2.424586491670974522e-02 2.340167170676872924e-02 2.258308875793290510e-02 2.178950095084442734e-02 2.102030652174774472e-02 2.027491672671098699e-02 1.955275553232038721e-02 1.885325933081904645e-02 1.817587667780840716e-02 1.752006805076639778e-02 1.688530562676231889e-02 1.627107307786556170e-02 1.567686538285369482e-02 1.510218865392697757e-02 1.454655997722984102e-02 1.400950726606795330e-02 1.349056912579063572e-02 1.298929472938490509e-02 1.250524370289791444e-02 1.203798601987117814e-02 1.158710190403148751e-02 1.115218173954131246e-02 1.073282598816533220e-02 1.032864511276009555e-02 9.939259506540941772e-03 9.564299427624153166e-03 9.203404938383537640e-03 8.856225849198786498e-03 8.522421666208994731e-03 8.201661542717921666e-03 7.893624233928890274e-03 7.597998054716257471e-03 7.314480840167337551e-03 7.042779908653980063e-03 6.782612027216293818e-03 6.533703379062827214e-03 6.295789533011550247e-03 6.068615414714730733e-03 5.851935279527924194e-03 5.645512686899278008e-03 5.449120476169842277e-03 5.262540743689114210e-03 5.085564821162188477e-03 4.917993255156192893e-03 4.759635787703788389e-03 4.610311337950735722e-03 4.469847984802884089e-03 4.338082950535318907e-03 4.214862585333082994e-03 4.100042352738789489e-03 3.993486815987543244e-03 3.895069625214178308e-03 3.804673505521630368e-03 3.722190245902597117e-03 3.647520689009416811e-03 3.580574721769308813e-03 3.521271266844006823e-03 3.469538274934155179e-03 3.425312717929880710e-03 3.388540582909656523e-03 3.359176866989920136e-03 3.337185573028081040e-03 3.322539706181413047e-03 3.315221271324076194e-03 3.315221271324076194e-03
2.483128575968411300e-01 2.483128575968411300e-01 2.483128575968411300e-01 2.483128575968411300e-01 2.483128575968411300e-01 2.483128575968411300e-01 2.483128575968411300e-01 2.483128575968411300e-01 2.483128575968411300e-01 2.483128575968411300e-01 2.483128575968411300e-01 2.483128575968411300e-01 2.465389631209775612e-01 2.421151166088817142e-01 2.358999268898476220e-01 2.290090384131879264e-01 2.220012242033178873e-01 2.150941633985176960e-01 2.083680430636727088e-01 2.018517588291916243e-01 1.955540835583952919e-01 1.894750070526013130e-01 1.836102458406142224e-01 1.779532950973625183e-01 1.724964980004302095e-01 1.672316620592686209e-01 1.621504351750433226e-01 1.572445401824760225e-01 1.525059204841784366e-01 1.479268278331083153e-01 1.434998718167937171e-01 1.392180438306414580e-01 1.350747240936369664e-01 1.310636775087853922e-01 1.271790423395755265e-01 1.234153144340097152e-01 1.197673288773912215e-01 1.162302403658252298e-01 1.127995031809105181e-01 1.094708513571923253e-01 1.062402794304993514e-01 1.031040240119677626e-01 1.000585463318482971e-01 9.710051582685280680e-02 9.422679479616791198e-02 9.143442411818501758e-02 8.872060999805245207e-02 8.608271170216086343e-02 8.351823022733134705e-02 8.102479784811653096e-02 7.860016848404360879e-02 7.624220882894734708e-02 7.394889018613151621e-02 7.171828095549939719e-02 6.954853972168857645e-02 6.743790889539547084e-02 6.538470886332345411e-02 6.338733260542361858e-02 6.144424074124139185e-02 5.955395697019309070e-02 5.771506387344015054e-02 5.592619904769201983e-02 5.418605154374715738e-02 5.249335858487232803e-02 5.084690254223263317e-02 4.924550814652270403e-02 4.768803991672654341e-02 4.617339978855636989e-02 4.470052492660391008e-02 4.326838570558984298e-02 4.187598384732893475e-02 4.052235070115120519e-02 3.920654565654238533e-02 3.792765467769702858e-02 3.668478895052675742e-02 3.547708363343818339e-02 3.430369670389944031e-02 3.316380789345633323e-02 3.205661770444488690e-02 3.098134650218191052e-02 2.993723367690373505e-02 2.892353687016987335e-02 2.793953126085699928e-02 2.698450890624305362e-02 2.605777813402411491e-02 2.515866298142122731e-02 2.428650267782369448e-02 2.344065116768047352e-02 2.262047667059588485e-02 2.182536127581071253e-02 2.105470056845708954e-02 2.030790328516714552e-02 1.958439099679167364e-02 1.888359781614890390e-02 1.820497012887411364e-02 1.754796634558130827e-02 1.691205667367744192e-02 1.629672290729043335e-02 1.570145823388376105e-02 1.512576705623433666e-02 1.456916482854708067e-02 1.403117790556923129e-02 1.351134340365142163e-02 1.300920907278028775e-02 1.252433317868022547e-02 1.205628439414969076e-02 1.160464169886062796e-02 1.116899428690879513e-02 1.074894148145773450e-02 1.034409265587072843e-02 9.954067160773082817e-03 9.578494256532021217e-03 9.217013050683370290e-03 8.869272439873288061e-03 8.534931055919948301e-03 8.213657215633999448e-03 7.905128874068547556e-03 7.609033580898901319e-03 7.325068439659933144e-03 7.052940069594544267e-03 6.792364569890598641e-03 6.543067486105713475e-03 6.304783778599928890e-03 6.077257792815158981e-03 5.860243231257889797e-03 5.653503127057799872e-03 5.456809818989808228e-03 5.269944927860713973e-03 5.092699334174127616e-03 4.924873156998762699e-03 4.766275733975547380e-03 4.616725602408403885e-03 4.476050481392030919e-03 4.344087254937615238e-03 4.220681956064199596e-03 4.105689751829441625e-03 3.998974929278828125e-03 3.900410882296979822e-03 3.809880099348744373e-03 3.727274152101110391e-03 3.652493684919909563e-03 3.585448405237579364e-03 3.526057074790211326e-03 3.474247501723540937e-03 3.429956533568701872e-03 3.393130051089263740e-03 3.363722963001588174e-03 3.341699201570715906e-03 3.327031719083940655e-03 3.319702485204093813e-03 3.319702485204093813e-03
2.483128575968411300e-01 2.483128575968411300e-01 2.483128575968411300e-01 2.483128575968411300e-01 2.483128575968411300e-01 2.483128575968411300e-01 2.483128575968411300e-01 2.483128575968411300e-01 2.483128575968411300e-01 2.483128575968411300e-01 2.483128575968411300e-01 2.483128575968411300e-01 2.465787378199628122e-01 2.422493444102246651e-01 2.361533091650500071e-01 2.293732736803486272e-01 2.224541193047811227e-01 2.156110625053046792e-01 2.089264553253659118e-01 2.024329396758518529e-01 1.961432908387100715e-01 1.900611646418946254e-01 1.841853747945200737e-01 1.785119008720952027e-01 1.730350063578184605e-01 1.677479407804225719e-01 1.626434085383212658e-01 1.577138886192344935e-01 1.529518522510147915e-01 1.483499086547177825e-01 1.439008997269952683e-01 1.395979584867110546e-01 1.354345419692422892e-01 1.314044462803172220e-01 1.275018093694334498e-01 1.237211055199133880e-01 1.200571344172915444e-01 1.165050068337720318e-01 1.130601283693224990e-01 1.097181822578641719e-01 1.064751119349938158e-01 1.033271038389790702e-01 1.002705707555567455e-01 9.730213590198807938e-02 9.441861786424328440e-02 9.161701644390767008e-02 8.889449943171350010e-02 8.624839029761921516e-02 8.367615676952092074e-02 8.117540026138914122e-02 7.874384610498834369e-02 7.637933453597760269e-02 7.407981238410993319e-02 7.184332541771845659e-02 6.966801129417916905e-02 6.755209307019216514e-02 6.549387322826402680e-02 6.349172817850946837e-02 6.154410319769061666e-02 5.964950777018800804e-02 5.780651129828832946e-02 5.601373915174056445e-02 5.426986902895595405e-02 5.257362760449194039e-02 5.092378743956590958e-02 4.931916413429148632e-02 4.775861370212212964e-02 4.624103014863329558e-02 4.476534323828202516e-02 4.333051643416203913e-02 4.193554499703189969e-02 4.057945423104284549e-02 3.926129786464177540e-02 3.798015655607948210e-02 3.673513651382592088e-02 3.552536822298809488e-02 3.435000526954987837e-02 3.320822325491343957e-02 3.209921879382444942e-02 3.102220858931291000e-02 2.997642857878404787e-02 2.896113314585289922e-02 2.797559439293597836e-02 2.701910146999851950e-02 2.609095995520760089e-02 2.519049128356496206e-02 2.431703221988975802e-02 2.346993437279409900e-02 2.264856374654466292e-02 2.185230032793446589e-02 2.108053770550132738e-02 2.033268271862546939e-02 1.960815513421986650e-02 1.890638734889375089e-02 1.822682411462453467e-02 1.756892228611653742e-02 1.693215058815732144e-02 1.631598940140547085e-02 1.571993056515785456e-02 1.514347719575030032e-02 1.458614351934405494e-02 1.404745471794227075e-02 1.352694678756582829e-02 1.302416640759735192e-02 1.253867082037626174e-02 1.207002772019681244e-02 1.161781515092526890e-02 1.118162141151258712e-02 1.076104496873490565e-02 1.035569437654659114e-02 9.965188201479209876e-03 9.589154953565685521e-03 9.227233022311183766e-03 8.879070617272178875e-03 8.544325712842122320e-03 8.222665996876725794e-03 7.913768822824166285e-03 7.617321165055397983e-03 7.333019577117903462e-03 7.060570152661990208e-03 6.799688488813166072e-03 6.550099651786271855e-03 6.311538144558081001e-03 6.083747876434123653e-03 5.866482134363392061e-03 5.659503555870920230e-03 5.462584103493284618e-03 5.275505040615979975e-03 5.098056908624257547e-03 4.930039505290575649e-03 4.771261864332345878e-03 4.621542236083211325e-03 4.480708069229656643e-03 4.348595993572519636e-03 4.225051803779820113e-03 4.109930444103527744e-03 4.003095994038198893e-03 3.904421654904195477e-03 3.813789737342237769e-03 3.731091649709555869e-03 3.656227887370833238e-03 3.589108022879579449e-03 3.529650697047522195e-03 3.477783610901191095e-03 3.433443518525988638e-03 3.396576220798898805e-03 3.367136560011494383e-03 3.345088415385138146e-03 3.330404699480331646e-03 3.323067355501966701e-03 3.323067355501966701e-03
2.483128575968411300e-01 2.483128575968411300e-01 2.483128575968411300e-01 2.483128575968411300e-01 2.483128575968411300e-01 2.483128575968411300e-01 2.483128575968411300e-01 2.483128575968411300e-01 2.483128575968411300e-01 2.483128575968411300e-01 2.483128575968411300e-01 2.483128575968411300e-01 2.466033710691955816e-01 2.423329505432429143e-01 2.363123554916593261e-01 2.296038964943440674e-01 2.227433865353204423e-01 2.159439003174572769e-01 2.092886244546777741e-01 2.028122107674665831e-01 1.965297868467870412e-01 1.904472846427791299e-01 1.845655182771056835e-01 1.788821212496194690e-01 1.733926664024083575e-01 1.680914058290347846e-01 1.629717906158128504e-01 1.580268420444754796e-01 1.532494152846557434e-01 1.486323836027585998e-01 1.441687638116723735e-01 1.398517986273297153e-01 1.356750077629464424e-01 1.316322166242115677e-01 1.277175691843364380e-01 1.239255298793671134e-01 1.202508780558704526e-01 1.166886975278521449e-01 1.132343630783225752e-01 1.098835252105724719e-01 1.066320940664195749e-01 1.034762231465025939e-01 1.004122932633787213e-01 9.743689701102674350e-02 9.454682392904908972e-02 9.173904646510094851e-02 8.901070678653753843e-02 8.635910445587198503e-02 8.378168495990279130e-02 8.127602906604201871e-02 7.883984296906268452e-02 7.647094918544759812e-02 7.416727814949580777e-02 7.192686046440394110e-02 6.974781976202312772e-02 6.762836612641585921e-02 6.556679003835619302e-02 6.356145680028468803e-02 6.161080140377536013e-02 5.971332380417105484e-02 5.786758456961924729e-02 5.607220087423272353e-02 5.432584280747857625e-02 5.262722997414197995e-02 5.097512836130801278e-02 4.936834745075443370e-02 4.780573755694898092e-02 4.628618737250523446e-02 4.480862170447363207e-02 4.337199938624130419e-02 4.197531135109136557e-02 4.061757885463872925e-02 3.929785183442527363e-02 3.801520739592816750e-02 3.676874841512203090e-02 3.555760224854324220e-02 3.438091954254215293e-02 3.323787313408094884e-02 3.212765703604876510e-02 3.104948550062537962e-02 3.000259215473673885e-02 2.898622920211300219e-02 2.799966668688768159e-02 2.704219181406761208e-02 2.611310832256277803e-02 2.521173590679301121e-02 2.433740968319113296e-02 2.348947969819876677e-02 2.266731047460605192e-02 2.187028059332095722e-02 2.109778230786975642e-02 2.034922118912951827e-02 1.962401579797705409e-02 1.892159738370863264e-02 1.824140960624138705e-02 1.758290828025316915e-02 1.694556113955130242e-02 1.632884762008609061e-02 1.573225866014017413e-02 1.515529651633244594e-02 1.459747459417495147e-02 1.405831729201411327e-02 1.353735985727389998e-02 1.303414825399901514e-02 1.254823904077113569e-02 1.207919925814093624e-02 1.162660632478396475e-02 1.119004794164884034e-02 1.076912200342327805e-02 1.036343651669602989e-02 9.972609524242351253e-03 9.596269034906627221e-03 9.234052958598757202e-03 8.885609045961065725e-03 8.550594832299905981e-03 8.228677585411006343e-03 7.919534256960231514e-03 7.622851437111618535e-03 7.338325312122845508e-03 7.065661624654499991e-03 6.804575636563898154e-03 6.554792093976848262e-03 6.316045194451665873e-03 6.088078556069258587e-03 5.870645188300911178e-03 5.663507464522044010e-03 5.466437096055352246e-03 5.279215107640750776e-03 5.101631814242328644e-03 4.933486799114163678e-03 4.774588893057515708e-03 4.624756154811516737e-03 4.483815852528155212e-03 4.351604446290196875e-03 4.227967571637631337e-03 4.112760024074426507e-03 4.005845744532853837e-03 3.907097805777421350e-03 3.816398399734570023e-03 3.733638825737845349e-03 3.658719479681262540e-03 3.591549844076029861e-03 3.532048479007849750e-03 3.480143013993584715e-03 3.435770140737291062e-03 3.398875606786476086e-03 3.369414210090012057e-03 3.347349794459397471e-03 3.332655245935147153e-03 3.325312490059948323e-03 3.325312490059948323e-03
2.483128575968411300e-01 2.483128575968411300e-01 2.483128575968411300e-01 2.483128575968411300e-01 2.483128575968411300e-01 2.483128575968411300e-01 2.483128575968411300e-01 2.483128575968411300e-01 2.483128575968411300e-01 2.483128575968411300e-01 2.483128575968411300e-01 2.483128575968411300e-01 2.466151771390452108e-01 2.423731409904437140e-01 2.363891290135702039e-01 2.297157544929423756e-01 2.228843769321809110e-01 2.161068830492154091e-01 2.094667152094999707e-01 2.029993916720420344e-01 1.967211208311061277e-01 1.906389183505184937e-01 1.847545748449633818e-01 1.790665465390954281e-01 1.735710673070948729e-01 1.682629014674449086e-01 1.631358854193147578e-01 1.581833227385874285e-01 1.533982701127181159e-01 1.487737405992527462e-01 1.443028445788802627e-01 1.399788843073454525e-01 1.357954143758423327e-01 1.317462774736313513e-01 1.278256225237416055e-01 1.240279104506405716e-01 1.203479114505509318e-01 1.167806965865825913e-01 1.133216257475935101e-01 1.099663334296226425e-01 1.067107133721440365e-01 1.035509027695439566e-01 1.004832665515253132e-01 9.750438206227933502e-02 9.461102435055354642e-02 9.180015219882352306e-02 8.906889496050270083e-02 8.641454023277958529e-02 8.383452236431702953e-02 8.132641177807173327e-02 7.888790507724580126e-02 7.651681589493714020e-02 7.421106644400544960e-02 7.196867972198868479e-02 6.978777232585205159e-02 6.766654783239009485e-02 6.560329070184579836e-02 6.359636066448495773e-02 6.164418755227261959e-02 5.974526654030561101e-02 5.789815376516724288e-02 5.610146228982311467e-02 5.435385838703136324e-02 5.265405811547021336e-02 5.100082416487837500e-02 4.939296294845229446e-02 4.782932192255014842e-02 4.630878711541797088e-02 4.483028084818425907e-02 4.339275963277450243e-02 4.199521223268270348e-02 4.063665787371209537e-02 3.931614459287154084e-02 3.803274771459274478e-02 3.678556844432844669e-02 3.557373257040571946e-02 3.439638926575342565e-02 3.325270998180000076e-02 3.214188742745788252e-02 3.106313462667538786e-02 3.001568404855336700e-02 2.899878680449586091e-02 2.801171190729547650e-02 2.705374558744903443e-02 2.612419066236121995e-02 2.522236595442537213e-02 2.434760575427482102e-02 2.349925932577813514e-02 2.267669044960807234e-02 2.187927700245076434e-02 2.110641056913906133e-02 2.035749608519507592e-02 1.963195150745174547e-02 1.892920751059440701e-02 1.824870720762145765e-02 1.758990589236952146e-02 1.695227080238384879e-02 1.633528090054034779e-02 1.573842667394209985e-02 1.516120994872130479e-02 1.460314371947812190e-02 1.406375199218123581e-02 1.354256963944197763e-02 1.303914226715454337e-02 1.255302609157049262e-02 1.208378782594566984e-02 1.163100457596340058e-02 1.119426374319869820e-02 1.077316293594536047e-02 1.036730988678083269e-02 9.976322376293516453e-03 9.599828162443306556e-03 9.237464915069550433e-03 8.888880155100748262e-03 8.553731198058110025e-03 8.231685101479990080e-03 7.922418615927044258e-03 7.625618139258309551e-03 7.340979673896804759e-03 7.068208786829577490e-03 6.807020572111609387e-03 6.557139615665788339e-03 6.318299962192110153e-03 6.090245084018838101e-03 5.872727851746402036e-03 5.665510506551281293e-03 5.468364634032570233e-03 5.281071139497825646e-03 5.103420224597736247e-03 4.935211365230794504e-03 4.776253290649921067e-03 4.626363963712580747e-03 4.485370562224701499e-03 4.353109461336567877e-03 4.229426216955859200e-03 4.114175550149193859e-03 4.007221332509130519e-03 3.908436572468278018e-03 3.817703402546415888e-03 3.734913067520037166e-03 3.659965913506797817e-03 3.592771377959808662e-03 3.533247980568783066e-03 3.481323315066654767e-03 3.436934041941518397e-03 3.400025882054592656e-03 3.370553611165523662e-03 3.348481055366635262e-03 3.333781087427802915e-03 3.326435624053524550e-03 3.326435624053524550e-03
2.483128575968411300e-01 2.483128575968411300e-01 2.483128575968411300e-01 2.483128575968411300e-01 2.483128575968411300e-01 2.483128575968411300e-01 2.483128575968411300e-01 2.483128575968411300e-01 2.483128575968411300e-01 2.483128575968411300e-01 2.483128575968411300e-01 2.483128575968411300e-01 2.466151771390452108e-01 2.423731409904437140e-01 2.363891290135702039e-01 2.297157544929423756e-01 2.228843769321809110e-01 2.161068830492154091e-01 2.094667152094999707e-01 2.029993916720420344e-01 1.967211208311061277e-01 1.906389183505184937e-01 1.847545748449633818e-01 1.790665465390954281e-01 1.735710673070948729e-01 1.682629014674449086e-01 1.631358854193147578e-01 1.581833227385874285e-01 1.533982701127181159e-01 1.487737405992527462e-01 1.443028445788802627e-01 1.399788843073454525e-01 1.357954143758423327e-01 1.317462774736313513e-01 1.278256225237416055e-01 1.240279104506405716e-01 1.203479114505509318e-01 1.167806965865825913e-01 1.133216257475935101e-01 1.099663334296226425e-01 1.067107133721440365e-01 1.035509027695439566e-01 1.004832665515253132e-01 9.750438206227933502e-02 9.461102435055354642e-02 9.180015219882352306e-02 8.906889496050270083e-02 8.641454023277958529e-02 8.383452236431702953e-02 8.132641177807173327e-02 7.888790507724580126e-02 7.651681589493714020e-02 7.421106644400544960e-02 7.196867972198868479e-02 6.978777232585205159e-02 6.766654783239009485e-02 6.560329070184579836e-02 6.359636066448495773e-02 6.164418755227261959e-02 5.974526654030561101e-02 5.789815376516724288e-02 5.610146228982311467e-02 5.435385838703136324e-02 5.265405811547021336e-02 5.100082416487837500e-02 4.939296294845229446e-02 4.782932192255014842e-02 4.630878711541797088e-02 4.483028084818425907e-02 4.339275963277450243e-02 4.199521223268270348e-02 4.063665787371209537e-02 3.931614459287154084e-02 3.803274771459274478e-02 3.678556844432844669e-02 3.557373257040571946e-02 3.439638926575342565e-02 3.325270998180000076e-02 3.214188742745788252e-02 3.106313462667538786e-02 3.001568404855336700e-02 2.899878680449586091e-02 2.801171190729547650e-02 2.705374558744903443e-02 2.612419066236121995e-02 2.522236595442537213e-02 2.434760575427482102e-02 2.349925932577813514e-02 2.267669044960807234e-02 2.187927700245076434e-02 2.110641056913906133e-02 2.035749608519507592e-02 1.963195150745174547e-02 1.892920751059440701e-02 1.824870720762145765e-02 1.758990589236952146e-02 1.695227080238384879e-02 1.633528090054034779e-02 1.573842667394209985e-02 1.516120994872130479e-02 1.460314371947812190e-02 1.406375199218123581e-02 1.354256963944197763e-02 1.303914226715454337e-02 1.255302609157049262e-02 1.208378782594566984e-02 1.163100457596340058e-02 1.119426374319869820e-02 1.077316293594536047e-02 1.036730988678083269e-02 9.976322376293516453e-03 9.599828162443306556e-03 9.237464915069550433e-03 8.888880155100748262e-03 8.553731198058110025e-03 8.231685101479990080e-03 7.922418615927044258e-03 7.625618139258309551e-03 7.340979673896804759e-03 7.068208786829577490e-03 6.807020572111609387e-03 6.557139615665788339e-03 6.318299962192110153e-03 6.090245084018838101e-03 5.872727851746402036e-03 5.665510506551281293e-03 5.468364634032570233e-03 5.281071139497825646e-03 5.103420224597736247e-03 4.935211365230794504e-03 4.776253290649921067e-03 4.626363963712580747e-03 4.485370562224701499e-03 4.353109461336567877e-03 4.229426216955859200e-03 4.114175550149193859e-03 4.007221332509130519e-03 3.908436572468278018e-03 3.817703402546415888e-03 3.734913067520037166e-03 3.659965913506797817e-03 3.592771377959808662e-03 3.533247980568783066e-03 3.481323315066654767e-03 3.436934041941518397e-03 3.400025882054592656e-03 3.370553611165523662e-03 3.348481055366635262e-03 3.333781087427802915e-03 3.326435624053524550e-03 3.326435624053524550e-03
