0.000000000000000000e+00 0.000000000000000000e+00 0.000000000000000000e+00 0.000000000000000000e+00 0.000000000000000000e+00 0.000000000000000000e+00 0.000000000000000000e+00 9.349662109453469447e-30 1.365936498614963610e+06 1.185494832350826124e+06 1.096759361478883540e+06 1.026334208764050272e+06 9.610260600335734198e+05 8.983458586997376988e+05 8.382380411274868529e+05 7.811140523069911869e+05 7.273272661427843850e+05 6.770603666421771049e+05 6.303373526326128049e+05 5.870663033067454817e+05 5.470816913863414666e+05 5.101775115331227425e+05 4.761305307009282988e+05 4.447154481348902336e+05 4.157141365614702809e+05 3.889208234429784934e+05 3.641446114561664872e+05 3.412103232392927748e+05 3.199583356604462024e+05 3.002438395930211409e+05 2.819358037175341742e+05 2.649158156866595382e+05 2.490769051421840268e+05 2.343224087639451027e+05 2.205649094853494607e+05 2.077252645957001369e+05 1.957317269067679881e+05 1.845191570124037389e+05 1.740283212973479822e+05 1.642052687065771897e+05 1.550007786941349623e+05 1.463698727993927023e+05 1.382713826759680232e+05 1.306675679536795506e+05 1.235237779420472652e+05 1.168081518226375920e+05 1.104913525912417244e+05 1.045463305805386190e+05 9.894811291116195207e+04 9.367361568166733196e+04 8.870147611732447695e+04 8.401190225728822406e+04 7.958653807399516518e+04 7.540834219219171791e+04 7.146147861258898047e+04 6.773121805102031794e+04 6.420384868225273385e+04 6.086659523186509614e+04 5.770754549304718239e+04 5.471558346062390046e+04 5.188032837454087712e+04 4.919207905157919595e+04 4.664176295906076848e+04 4.422088954934745561e+04 4.192150743042649992e+04 3.973616499695427046e+04 3.765787418885663647e+04 3.568007708181960334e+04 3.379661504648512346e+04 3.200170024155246574e+04 3.028988923084304770e+04 2.865605853615184606e+04 2.709538195683918821e+04 2.560330950392588056e+04 2.417554781127973911e+04 2.280804189954036701e+04 2.149695817999618521e+04 2.023866859585142447e+04 1.902973580740371835e+04 1.786689933570942594e+04 1.674706258648991570e+04 1.566728068243116832e+04 1.462474903771990284e+04 1.361679261376883005e+04 1.264085579963299824e+04 1.169449286469939398e+04 1.077535893487927024e+04 9.881201446802928331e+03 9.009852037444308735e+03 8.159218829213595200e+03 7.327279072890918542e+03 6.512072112859005756e+03 5.711692640935977579e+03 1.996923460666154247e-28 1.690161920497593722e-28 1.383170108643046070e-28 1.075991290544243862e-28 7.686679019900274600e-29 4.612417234758617692e-29 1.537540619567797071e-29 0.000000000000000000e+00
0.000000000000000000e+00 0.000000000000000000e+00 0.000000000000000000e+00 0.000000000000000000e+00 0.000000000000000000e+00 0.000000000000000000e+00 0.000000000000000000e+00 9.349662109453469447e-30 1.365936498614963610e+06 1.185494832350826124e+06 1.096759361478883540e+06 1.026334208764050272e+06 9.610260600335734198e+05 8.983458586997376988e+05 8.382380411274868529e+05 7.811140523069911869e+05 7.273272661427843850e+05 6.770603666421771049e+05 6.303373526326128049e+05 5.870663033067454817e+05 5.470816913863414666e+05 5.101775115331227425e+05 4.761305307009282988e+05 4.447154481348902336e+05 4.157141365614702809e+05 3.889208234429784934e+05 3.641446114561664872e+05 3.412103232392927748e+05 3.199583356604462024e+05 3.002438395930211409e+05 2.819358037175341742e+05 2.649158156866595382e+05 2.490769051421840268e+05 2.343224087639451027e+05 2.205649094853494607e+05 2.077252645957001369e+05 1.957317269067679881e+05 1.845191570124037389e+05 1.740283212973479822e+05 1.642052687065771897e+05 1.550007786941349623e+05 1.463698727993927023e+05 1.382713826759680232e+05 1.306675679536795506e+05 1.235237779420472652e+05 1.168081518226375920e+05 1.104913525912417244e+05 1.045463305805386190e+05 9.894811291116195207e+04 9.367361568166733196e+04 8.870147611732447695e+04 8.401190225728822406e+04 7.958653807399516518e+04 7.540834219219171791e+04 7.146147861258898047e+04 6.773121805102031794e+04 6.420384868225273385e+04 6.086659523186509614e+04 5.770754549304718239e+04 5.471558346062390046e+04 5.188032837454087712e+04 4.919207905157919595e+04 4.664176295906076848e+04 4.422088954934745561e+04 4.192150743042649992e+04 3.973616499695427046e+04 3.765787418885663647e+04 3.568007708181960334e+04 3.379661504648512346e+04 3.200170024155246574e+04 3.028988923084304770e+04 2.865605853615184606e+04 2.709538195683918821e+04 2.560330950392588056e+04 2.417554781127973911e+04 2.280804189954036701e+04 2.149695817999618521e+04 2.023866859585142447e+04 1.902973580740371835e+04 1.786689933570942594e+04 1.674706258648991570e+04 1.566728068243116832e+04 1.462474903771990284e+04 1.361679261376883005e+04 1.264085579963299824e+04 1.169449286469939398e+04 1.077535893487927024e+04 9.881201446802928331e+03 9.009852037444308735e+03 8.159218829213595200e+03 7.327279072890918542e+03 6.512072112859005756e+03 5.711692640935977579e+03 1.996923460666154247e-28 1.690161920497593722e-28 1.383170108643046070e-28 1.075991290544243862e-28 7.686679019900274600e-29 4.612417234758617692e-29 1.537540619567797071e-29 0.000000000000000000e+00
0.000000000000000000e+00 0.000000000000000000e+00 0.000000000000000000e+00 0.000000000000000000e+00 0.000000000000000000e+00 0.000000000000000000e+00 0.000000000000000000e+00 9.729876408810041087e-30 1.416077490241921274e+06 1.222040887847795617e+06 1.123604815160166705e+06 1.045408847193163005e+06 9.740644846945310710e+05 9.069066864892932354e+05 8.436106991362727713e+05 7.842917300676042214e+05 7.290352789520461811e+05 6.778083630012712674e+05 6.304736163141736761e+05 5.868240361328715226e+05 5.466145963817461161e+05 5.095855325811159564e+05 4.754777778467563912e+05 4.440423840403928189e+05 4.150457364302999340e+05 3.882719873039757367e+05 3.635237330309387180e+05 3.406216344241005136e+05 3.194034423253232380e+05 2.997227247498278157e+05 2.814474802706869668e+05 2.644587487198106246e+05 2.486492826648167393e+05 2.339223128843676532e+05 2.201904222734260256e+05 2.073745312601853802e+05 1.954029912451028940e+05 1.842107790271613630e+05 1.737387835206230811e+05 1.639331755478463310e+05 1.547448516467968002e+05 1.461289433553092240e+05 1.380443841406366264e+05 1.304535269176075381e+05 1.233218058739353728e+05 1.166174370585433062e+05 1.103111528685625526e+05 1.043759661846911913e+05 9.878696045152728038e+04 9.352110248189928825e+04 8.855707518674731546e+04 8.387512780037440825e+04 7.945694149074477900e+04 7.528550852161318471e+04 7.134502337299946521e+04 6.762078443366254214e+04 6.409910505813745840e+04 6.076723293542984175e+04 5.761327684990101989e+04 5.462614003018656513e+04 5.179545938170521549e+04 4.911154998457303736e+04 4.656535431344171229e+04 4.414839570053790521e+04 4.185273561940711807e+04 3.967093441567857371e+04 3.759601515367379761e+04 3.562143028469236015e+04 3.374103087511358899e+04 3.194903816066680520e+04 3.024001721792327953e+04 2.860885256570952333e+04 2.705072552815382733e+04 2.556109320778469555e+04 2.413566893183546927e+04 2.277040404790319008e+04 2.146147095659534898e+04 2.020524727897889170e+04 1.899830106567600160e+04 1.783737696245340339e+04 1.671938325431105841e+04 1.564137971642545017e+04 1.460056620597885740e+04 1.359427193398603049e+04 1.261994536075609540e+04 1.167514466270059347e+04 1.075752872181750899e+04 9.864848592452561206e+03 8.994939402844593133e+03 8.145712651566556815e+03 7.315148861308905907e+03 6.501290554514490395e+03 5.702235517225660260e+03 1.994302149766445088e-28 1.687940501572237178e-28 1.381350269348342185e-28 1.074574416798489083e-28 7.676550749555614448e-29 4.606337171590653067e-29 1.535513414663864198e-29 0.000000000000000000e+00
0.000000000000000000e+00 0.000000000000000000e+00 0.000000000000000000e+00 0.000000000000000000e+00 0.000000000000000000e+00 0.000000000000000000e+00 0.000000000000000000e+00 1.058310790614454075e-29 1.525433166361162206e+06 1.298794496297203004e+06 1.177937371333277551e+06 1.082760832503190264e+06 9.988669363043953199e+05 9.227676891240646364e+05 8.533039898858073866e+05 7.898426940186831634e+05 7.318667024690265534e+05 6.788922313533503329e+05 6.304607704147705808e+05 5.861438245642902330e+05 5.455468336986614158e+05 5.083104946037824266e+05 4.741101081057307310e+05 4.426537451297314255e+05 4.136798035826639971e+05 3.869543185383487144e+05 3.622682451142898644e+05 3.394348423531204462e+05 3.182872289313809015e+05 2.986761450845510699e+05 2.804679321469538263e+05 2.635427269108983455e+05 2.477928596497659746e+05 2.331214401574951189e+05 2.194411141906525881e+05 2.066729723373345914e+05 1.947455939493329497e+05 1.835942099359960412e+05 1.731599696501098224e+05 1.633892986187632487e+05 1.542333353754304990e+05 1.456474370695909020e+05 1.375907448339629045e+05 1.300258010632017540e+05 1.229182118001268100e+05 1.162363483418891410e+05 1.099510829782404471e+05 1.040355544684604247e+05 9.846495946410912438e+04 9.321636660288122948e+04 8.826855044487633859e+04 8.360184280626075633e+04 7.919799937495139602e+04 7.504007977622144972e+04 7.111233949948093505e+04 6.740013230667504831e+04 6.388982192260048760e+04 6.056870196222227969e+04 5.742492318337636971e+04 5.444742726814182970e+04 5.162588643532464630e+04 4.895064827214978141e+04 4.641268524734767561e+04 4.400354843197204173e+04 4.171532500993172289e+04 3.954059920852092182e+04 3.747241632124011812e+04 3.550424953179966542e+04 3.362996928009470867e+04 3.184381493882988070e+04 3.014036859386193100e+04 2.851453074271413061e+04 2.696149774449115648e+04 2.547674087093829803e+04 2.405598682293868842e+04 2.269519958958558709e+04 2.139056353832269087e+04 2.013846763471610757e+04 1.893549069932944985e+04 1.777838761712942505e+04 1.666407642189459148e+04 1.558962618441161794e+04 1.455224563885974203e+04 1.354927248680233424e+04 1.257816332271793726e+04 1.163648412901291340e+04 1.072190129206911115e+04 9.832173094112002218e+03 8.965141638575392790e+03 8.118725169223331250e+03 7.290910745607373428e+03 6.479747239492240624e+03 5.683338618713483811e+03 1.989059436913308973e-28 1.683497605515107066e-28 1.377710556049576362e-28 1.071740650382159692e-28 7.656294117077300914e-29 4.594177007581351581e-29 1.531458995203779240e-29 0.000000000000000000e+00
0.000000000000000000e+00 0.000000000000000000e+00 0.000000000000000000e+00 0.000000000000000000e+00 0.000000000000000000e+00 0.000000000000000000e+00 0.000000000000000000e+00 1.215830111902793758e-29 1.714931848537712591e+06 1.422076454493752448e+06 1.259393033125787275e+06 1.135550533023309195e+06 1.032171183562276768e+06 9.430784635703593958e+05 8.651023900944747729e+05 7.961488664039522409e+05 7.346810298424857901e+05 6.795241829671240412e+05 6.297605193575224839e+05 5.846596343346467474e+05 5.436297763435585657e+05 5.061833195140243042e+05 4.719122661691351677e+05 4.404707473551986041e+05 4.115623496826995979e+05 3.849307605533191818e+05 3.603527094674336258e+05 3.376325208268978167e+05 3.165978205337427789e+05 2.970960880834218115e+05 2.789918433932939079e+05 2.621643213443223503e+05 2.465055290181825403e+05 2.319186087089496723e+05 2.183164489607381984e+05 2.056204992754891864e+05 1.937597537299370742e+05 1.826698757916301547e+05 1.722924419317934953e+05 1.625742857163393055e+05 1.534669272577895026e+05 1.449260754607810813e+05 1.369111925513166643e+05 1.293851120576718531e+05 1.223137027905281429e+05 1.156655725122323784e+05 1.094118059361067135e+05 1.035257324921251129e+05 9.798271996301073523e+04 9.275999065718194470e+04 8.783645726000136347e+04 8.319257590693737438e+04 7.881021436356475169e+04 7.467253348756075138e+04 7.076388039515324635e+04 6.706969196555686358e+04 6.357640749743626657e+04 6.027138948604127654e+04 5.714285162231203867e+04 5.417979322922923893e+04 5.137193944881072821e+04 4.870968657773873565e+04 4.618405202263062529e+04 4.378662840913283435e+04 4.150954143373817351e+04 3.934541109468529612e+04 3.728731597956131736e+04 3.532876032313889300e+04 3.346364358028645074e+04 3.168623228615491098e+04 2.999113399975886932e+04 2.837327314806154027e+04 2.682786860608908319e+04 2.535041286481115094e+04 2.393665265279597588e+04 2.258257089027509210e+04 2.128436986540488215e+04 2.003845553238837965e+04 1.884142283991911972e+04 1.769004200619486073e+04 1.658124566370856701e+04 1.551211680323702785e+04 1.447987745196220931e+04 1.348187802564170670e+04 1.251558729916489756e+04 1.157858294380753432e+04 1.066854258306099837e+04 9.783235322103990256e+03 8.920513708840217078e+03 8.078306086991457960e+03 7.254609304020660602e+03 6.447481738693813895e+03 5.655036614911963625e+03 1.981195145868131676e-28 1.676833120828250160e-28 1.372250903314294794e-28 1.067489956523455998e-28 7.625908960755304004e-29 4.575936680455843600e-29 1.525377346228107118e-29 0.000000000000000000e+00
0.000000000000000000e+00 0.000000000000000000e+00 0.000000000000000000e+00 0.000000000000000000e+00 0.000000000000000000e+00 0.000000000000000000e+00 0.000000000000000000e+00 1.507095438330771449e-29 2.020893862479669275e+06 1.595362632187462877e+06 1.361695218795555411e+06 1.196020953904516995e+06 1.067378068152574589e+06 9.629053651838580845e+05 8.755320181494372664e+05 8.008353187158280052e+05 7.358767688227471663e+05 6.786297011089697480e+05 6.276520399034215370e+05 5.818866979385594605e+05 5.405361451937874081e+05 5.029820808147695498e+05 4.687331132313771523e+05 4.373900705198640353e+05 4.086225448647564626e+05 3.821526893582597841e+05 3.577437658643831383e+05 3.351918574769601692e+05 3.143197282707945560e+05 2.949721697580742766e+05 2.770123988737409236e+05 2.603192161216672685e+05 2.447847252822259325e+05 2.303124766914119245e+05 2.168159362730332650e+05 2.042172095577323926e+05 1.924459684568310040e+05 1.814385414913358982e+05 1.711371373716042726e+05 1.614891784862377972e+05 1.524467257776163169e+05 1.439659801778023830e+05 1.360068486027936451e+05 1.285325646941503073e+05 1.215093562202976900e+05 1.149061524218465929e+05 1.086943256893761427e+05 1.028474628589924250e+05 9.734116214546129049e+04 9.215285233839665307e+04 8.726163138963906385e+04 8.264812193921241851e+04 7.829434167869573866e+04 7.418358674657573283e+04 7.030032659997836163e+04 6.663010901889139495e+04 6.315947407893135824e+04 5.987587608210679900e+04 5.676761256607469841e+04 5.382375962462808093e+04 5.103411286850246688e+04 4.838913343846715725e+04 4.587989855407794676e+04 4.349805614316959691e+04 4.123578315052897960e+04 3.908574717045944271e+04 3.704107108812998194e+04 3.509530044956581696e+04 3.324237331062349404e+04 3.147659234190779534e+04 2.979259898988379064e+04 2.818534951487044600e+04 2.665009274452505997e+04 2.518234939722851414e+04 2.377789284370157111e+04 2.243273118746935143e+04 2.114309055569405245e+04 1.990539950154368489e+04 1.871627442782782964e+04 1.757250594928669307e+04 1.647104611770518750e+04 1.540899644010532211e+04 1.438359662569849206e+04 1.339221400213817651e+04 1.243233354597300058e+04 1.150154847610019715e+04 1.059755136251711156e+04 9.718125705819227733e+03 8.861137945704644153e+03 8.024529859265438063e+03 7.206311312103983255e+03 6.404553327329736021e+03 5.617381439274816330e+03 1.970709026923526270e-28 1.667946892533852078e-28 1.364971222944309822e-28 1.061822290749721319e-28 7.585395092626006911e-29 4.551616129443892503e-29 1.517268456162084122e-29 0.000000000000000000e+00
0.000000000000000000e+00 0.000000000000000000e+00 0.000000000000000000e+00 0.000000000000000000e+00 0.000000000000000000e+00 0.000000000000000000e+00 0.000000000000000000e+00 2.102111622224199560e-29 2.478582262695760932e+06 1.797329456254569581e+06 1.461423496226797579e+06 1.246992475128965219e+06 1.093178884975501802e+06 9.750744812556104735e+05 8.800728442888852442e+05 8.010341645565967774e+05 7.336117064309918787e+05 6.750094899501875043e+05 6.233447687992571155e+05 5.772981597497966141e+05 5.359115700194183737e+05 4.984666077418442583e+05 4.644088976836734801e+05 4.332995796683929511e+05 4.047834046413559117e+05 3.785672299994460191e+05 3.544051794503277633e+05 3.320881633591614664e+05 3.114363091806798475e+05 2.922933723023607163e+05 2.745225212279720581e+05 2.580030954236456309e+05 2.426280651782685309e+05 2.283020080291046761e+05 2.149394724855127861e+05 2.024636373617106874e+05 1.908052005336797447e+05 1.799014485075469711e+05 1.696954704828108370e+05 1.601354893348037731e+05 1.511742882544562744e+05 1.427687164166125876e+05 1.348792605013225402e+05 1.274696715050811763e+05 1.205066382836813864e+05 1.139595008273787680e+05 1.077999974962685083e+05 1.020020414207532012e+05 9.654152205767494161e+04 9.139612853017644375e+04 8.654519190094349324e+04 8.196954395821932121e+04 7.765139045032429567e+04 7.357419700163607195e+04 6.972258619202846603e+04 6.608224449151288718e+04 6.263983791907401610e+04 5.938293544510125503e+04 5.629993928482720366e+04 5.338002133947528637e+04 5.061306513540227752e+04 4.798961269182958495e+04 4.550081581687724247e+04 4.313839139123621135e+04 4.089458025032237492e+04 3.876210932041541673e+04 3.673415670302903163e+04 3.480431943546994444e+04 3.296658368494649039e+04 3.121529715923546246e+04 2.954514353941053560e+04 2.795111875982792480e+04 2.642850897788852308e+04 2.497287009135459448e+04 2.358000867445615950e+04 2.224596421591680701e+04 2.096699255258144331e+04 1.973955040168663254e+04 1.856028090312324639e+04 1.742600009047449930e+04 1.633368421621507332e+04 1.528045786237168977e+04 1.426358277324361188e+04 1.328044735151650457e+04 1.232855676336186298e+04 1.140552360192741980e+04 1.050905906205412066e+04 9.636964582132182841e+03 8.787123911769611368e+03 7.957495566425370271e+03 7.146105632377960319e+03 6.351040887373769692e+03 5.570442204062266683e+03 1.957600774425909466e-28 1.656838736849370868e-28 1.355871415879076143e-28 1.054737608080485895e-28 7.534752363780042685e-29 4.521215334324739591e-29 1.507132329803984044e-29 0.000000000000000000e+00
0.000000000000000000e+00 0.000000000000000000e+00 0.000000000000000000e+00 0.000000000000000000e+00 0.000000000000000000e+00 0.000000000000000000e+00 0.000000000000000000e+00 3.598240266669364864e-29 2.947906322652601171e+06 1.917936347088500857e+06 1.500528783042574069e+06 1.258911017266598064e+06 1.094322129830964608e+06 9.713930641924021766e+05 8.740943012915567961e+05 7.939956757165382151e+05 7.261834937034177128e+05 6.675748145310924156e+05 6.161252838898377959e+05 5.704181413756463444e+05 5.294345170352632413e+05 4.924176698979951325e+05 4.587892357090903097e+05 4.280957684156934265e+05 3.999736353509389446e+05 3.741253850576393306e+05 3.503034729913235642e+05 3.282988111736797728e+05 3.079325435779875843e+05 2.890500186851723120e+05 2.715162854576234240e+05 2.552126642012345546e+05 2.400340891036815592e+05 2.258870143758844351e+05 2.126877390609642025e+05 2.003610480249366374e+05 1.888390955539911520e+05 1.780604779291896848e+05 1.679694552924078889e+05 1.585152929952634149e+05 1.496516997164250351e+05 1.413363447973216826e+05 1.335304410583357385e+05 1.261983822098155506e+05 1.193074261348408763e+05 1.128274169814903580e+05 1.067305402935528691e+05 1.009911064239455154e+05 9.558535828221289557e+04 9.049130011529194599e+04 8.568854454551181698e+04 8.115817551832237223e+04 7.688262516478920588e+04 7.284556287588330451e+04 6.903179512884086580e+04 6.542717480960294051e+04 6.201851894684491708e+04 5.879353391805016872e+04 5.574074731109860295e+04 5.284944572960383812e+04 5.010961791975877713e+04 4.751190267317676626e+04 4.504754102614767180e+04 4.270833233258831751e+04 4.048659383704514039e+04 3.837512341663573898e+04 3.636716519775171764e+04 3.445637778545405308e+04 3.263680487149793407e+04 3.090284801142548167e+04 2.924924138259426036e+04 2.767102835383710408e+04 2.616353971400309820e+04 2.472237342123404960e+04 2.334337574772190419e+04 2.202262370610081052e+04 2.075640865376764123e+04 1.954122098041568097e+04 1.837373579207868897e+04 1.725079951214438552e+04 1.616941732617296475e+04 1.512674140308022652e+04 1.412005983038100203e+04 1.314678620576678986e+04 1.220444983144483194e+04 1.129068646136815369e+04 1.040322955482226462e+04 9.539901992847619113e+03 8.698608216661859842e+03 7.877326749676709369e+03 7.074103066870169641e+03 6.287042777212757755e+03 5.514305086577785005e+03 1.941870050044270893e-28 1.643508460676330372e-28 1.344951388002948908e-28 1.046235875234213240e-28 7.473980751093462086e-29 4.484734367279754732e-29 1.494969005578366182e-29 0.000000000000000000e+00
0.000000000000000000e+00 1.168640786630168986e+04 3.805854270887259918e+04 7.542480383345685550e+04 1.401205857082572184e+05 2.743166707384286565e+05 6.092788637164544780e+05 1.770922065775859402e+06 1.895902877401587786e+06 1.629455823190457886e+06 1.387248532221237663e+06 1.201584955867648590e+06 1.059043653842154192e+06 9.464145484292089241e+05 8.546835056049241684e+05 7.779943173919467954e+05 7.125001983685340965e+05 6.556056823049416998e+05 6.055066296196280746e+05 5.609121363273395691e+05 5.208730819155368372e+05 4.846737248805285781e+05 4.517614453934375779e+05 4.217001718197203591e+05 3.941388706142449519e+05 3.687898234617618727e+05 3.454133836931799306e+05 3.238070942636707914e+05 3.037977871140761417e+05 2.852357503568287357e+05 2.679903501756113837e+05 2.519466906877898728e+05 2.370030250232701073e+05 2.230687179502003710e+05 2.100626193334678537e+05 1.979117480430269206e+05 1.865502138031017676e+05 1.759183239377125283e+05 1.659618357042197604e+05 1.566313247062515293e+05 1.478816469473016332e+05 1.396714772457566578e+05 1.319629105416100938e+05 1.247211154714830918e+05 1.179140317403978261e+05 1.115121044647663512e+05 1.054880499345157295e+05 9.981664823836626601e+04 9.447455898370115028e+04 8.944015697099427052e+04 8.469338518918852787e+04 8.021562290990694601e+04 7.598956699535179359e+04 7.199912481269071577e+04 6.822931737844755116e+04 6.466619154910314683e+04 6.129674023583503731e+04 5.810882975776879175e+04 5.509113356370570546e+04 5.223307165062020067e+04 4.952475509114877786e+04 4.695693515421349002e+04 4.452095656469734240e+04 4.220871450134113547e+04 4.001261497804555256e+04 3.792553829364087869e+04 3.594080526980709692e+04 3.405214602700471005e+04 3.225367107460405532e+04 3.053984451442120917e+04 2.890545917709165224e+04 2.734561352846073714e+04 2.585569019880976703e+04 2.443133600156554166e+04 2.306844332035660409e+04 2.176313275410352799e+04 2.051173691949860586e+04 1.931078531877630303e+04 1.815699018833712398e+04 1.704723325064274104e+04 1.597855329790114411e+04 1.494813454157154410e+04 1.395329566664144295e+04 1.299147953406308261e+04 1.206024347873426996e+04 1.115725015398706091e+04 1.028025887679342486e+04 9.427117430814125328e+03 8.595754287026269594e+03 7.784171204033840695e+03 6.990436172279175480e+03 6.212676668262246494e+03 5.449073186569879908e+03 4.697853019011152355e+03 3.957284251481041792e+03 3.225669950329887797e+03 2.501342511014486718e+03 1.782658142660716521e+03 1.067991462878152788e+03 3.557301777369275442e+02 0.000000000000000000e+00
0.000000000000000000e+00 1.790777409705462924e+04 5.767132929789184709e+04 1.111310278448414319e+05 1.947242279685310205e+05 3.401037814804037916e+05 6.072791419044473441e+05 1.068483327845887979e+06 1.317372195905595319e+06 1.310263550872367341e+06 1.212699204502847977e+06 1.099635016604264500e+06 9.944652637819228694e+05 9.022097040678032208e+05 8.223413945121624274e+05 7.530278716452941298e+05 6.924108382816376397e+05 6.389258607128304429e+05 5.913294034995180555e+05 5.486492530507786432e+05 5.101251260304144816e+05 4.751576707900114125e+05 4.432688099436792545e+05 4.140720554113603430e+05 3.872506057077375590e+05 3.625412373948422028e+05 3.397224251122408314e+05 3.186055243022980867e+05 2.990281698720174609e+05 2.808492826666616602e+05 2.639452487979867146e+05 2.482069607212256815e+05 2.335374969456532854e+05 2.198502796365742688e+05 2.070675936033453909e+05 1.951193816188805795e+05 1.839422534640229132e+05 1.734786621941780613e+05 1.636762127494209562e+05 1.544870764784904895e+05 1.458674913368027774e+05 1.377773320918785175e+05 1.301797382792786084e+05 1.230407902187429572e+05 1.163292253512243624e+05 1.100161886555550154e+05 1.040750120653075137e+05 9.848101871645716892e+04 9.321134857622209529e+04 8.824480257803131826e+04 8.356170285033667460e+04 7.914376700279529905e+04 7.497399474091749289e+04 7.103656533384525392e+04 6.731674467029122752e+04 6.380080081330984831e+04 6.047592711200477061e+04 5.733017205264392396e+04 5.435237513707461039e+04 5.153210816602750128e+04 4.885962138155508728e+04 4.632579398855407635e+04 4.392208863185173686e+04 4.164050945411712019e+04 3.947356340205417655e+04 3.741422448498602171e+04 3.545590072179854906e+04 3.359240354001904052e+04 3.181791941513938582e+04 3.012698355959253604e+04 2.851445548954193873e+04 2.697549631416039847e+04 2.550554760662517219e+04 2.410031172898095247e+04 2.275573349445241547e+04 2.146798306096142187e+04 2.023343995867228296e+04 1.904867816247553856e+04 1.791045212755326429e+04 1.681568371265991300e+04 1.576144992157070919e+04 1.474497139837888972e+04 1.376360161704315033e+04 1.281481670981744173e+04 1.189620588303508521e+04 1.100546237217359339e+04 1.014037489123332125e+04 9.298819534293739707e+03 8.478752089635458105e+03 7.678200729105714345e+03 6.895259037461783009e+03 6.128079348266011039e+03 5.374866354550196775e+03 4.633870963928416131e+03 3.903384369135519137e+03 3.181732306088319092e+03 2.467269472553234209e+03 1.758374081333319964e+03 1.053442522586321047e+03 3.508841104460987026e+02 0.000000000000000000e+00
0.000000000000000000e+00 2.305786936729396621e+04 7.326014691201246751e+04 1.369042776379470597e+05 2.269774772535887314e+05 3.619657780912414892e+05 5.620075855623413809e+05 8.186567619538910221e+05 1.003909439333384042e+06 1.063039842634978937e+06 1.041561398143075989e+06 9.838424458800810389e+05 9.146508567890349077e+05 8.452765453007695032e+05 7.801467848453157349e+05 7.205913419855652610e+05 6.666538837228027405e+05 6.179025402715414530e+05 5.737752048448943533e+05 5.337176765123832738e+05 4.972321523734432412e+05 4.638882810073521105e+05 4.333196386169869220e+05 4.052154475309968111e+05 3.793115909356106422e+05 3.553824496586731402e+05 3.332340023018775973e+05 3.126981886551274220e+05 2.936283785846202518e+05 2.758957521597796585e+05 2.593864085904151725e+05 2.439990492202137830e+05 2.296431096410882019e+05 2.162372426991454849e+05 2.037080762507804902e+05 1.919891870542539400e+05 1.810202457704504777e+05 1.707462984443232999e+05 1.611171577407012519e+05 1.520868831980205432e+05 1.436133343054716534e+05 1.356577836621522438e+05 1.281845801131390035e+05 1.211608537817559263e+05 1.145562564816448430e+05 1.083427322102677426e+05 1.024943133810212894e+05 9.698693920699639420e+04 9.179829325209851959e+04 8.690765764973594924e+04 8.229578188185361796e+04 7.794476433153383550e+04 7.383794508588832105e+04 6.995980868410199764e+04 6.629589568715632777e+04 6.283272209801097779e+04 5.955770578921309061e+04 5.645909920346203580e+04 5.352592768490722665e+04 5.074793287774749479e+04 4.811552069623119314e+04 4.561971342819464917e+04 4.325210558441645844e+04 4.100482314941598452e+04 3.887048592698755965e+04 3.684217270653985179e+04 3.491338900492132234e+04 3.307803716345806606e+04 3.133038860191154163e+04 2.966505805037590835e+04 2.807697959720036306e+04 2.656138440607749362e+04 2.511377996878790145e+04 2.372993077195293881e+04 2.240584026669218656e+04 2.113773403950627835e+04 1.992204409111307905e+04 1.875539413750479434e+04 1.763458585426797436e+04 1.655658599128089918e+04 1.551851429038320020e+04 1.451763214356692697e+04 1.355133193367980130e+04 1.261712700367817524e+04 1.171264220411304814e+04 1.083560497182867766e+04 9.983836895847025517e+03 9.155245729108659361e+03 8.347817807186582286e+03 7.559610837293448640e+03 6.788747022887168896e+03 6.033406490969255174e+03 5.291820990755643834e+03 4.562267833831477219e+03 3.843064047153226966e+03 3.132560711360820733e+03 2.429137457819348583e+03 1.731197098627879768e+03 1.037160364503703249e+03 3.454607260062107912e+02 0.000000000000000000e+00
0.000000000000000000e+00 2.688878781805357721e+04 8.429067357130073651e+04 1.530565865328265063e+05 2.420618867236024817e+05 3.603927575232940726e+05 5.118310098140484188e+05 6.802617020437172614e+05 8.145976754757302115e+05 8.833209343724504579e+05 8.957104989769280655e+05 8.726699103999369545e+05 8.313425591377607780e+05 7.824890214203598443e+05 7.320304306602717843e+05 6.829330099771831883e+05 6.365287990971079562e+05 5.932980677871520165e+05 5.532990266888850601e+05 5.163942234353928943e+05 4.823663204927086481e+05 4.509754569498033961e+05 4.219863331650153268e+05 3.951798684907702263e+05 3.703571797326655360e+05 3.473398862871482270e+05 3.259687890643905848e+05 3.061019486594503978e+05 2.876126581045551575e+05 2.703875331709081656e+05 2.543248058961092611e+05 2.393328402150004113e+05 2.253288582021376933e+05 2.122378535271444125e+05 1.999916658454973076e+05 1.885281910955977801e+05 1.777907055535065010e+05 1.677272847856928129e+05 1.582903017770986480e+05 1.494359912748914212e+05 1.411240697218629066e+05 1.333174020783347078e+05 1.259817083980168682e+05 1.190853042896946426e+05 1.125988704175499297e+05 1.064952470163006074e+05 1.007492500628911512e+05 9.533750628643519303e+04 9.023830463832200621e+04 8.543146220504086523e+04 8.089820284351181181e+04 7.662104706496563449e+04 7.258371189864171902e+04 6.877101963848320884e+04 6.516881452079612791e+04 6.176388650335442799e+04 5.854390142055181786e+04 5.549733687811825803e+04 5.261342332709876791e+04 4.988208982230079710e+04 4.729391402700153412e+04 4.484007607463546447e+04 4.251231594073230372e+04 4.030289401538716629e+04 3.820455459888670157e+04 3.621049207143564126e+04 3.431431951277607732e+04 3.251003956936191389e+04 3.079201738605734135e+04 2.915495543637837181e+04 2.759387010042638212e+04 2.610406985310871823e+04 2.468113493719404505e+04 2.332089840644419382e+04 2.201942843361337873e+04 2.077301178667315980e+04 1.957813838431698969e+04 1.843148684871695878e+04 1.732991097975564844e+04 1.627042708059071447e+04 1.525020206950886313e+04 1.426654231765148688e+04 1.331688315636945845e+04 1.239877900177372612e+04 1.150989404749614187e+04 1.064799347980406310e+04 9.810935172057503223e+03 8.996661818077833232e+03 8.203193466336055280e+03 7.428620418986897675e+03 6.671096461682540394e+03 5.928832391824101251e+03 5.200089814452043356e+03 4.483175176345353975e+03 3.776434010128756654e+03 3.078245361249277266e+03 2.387016371615284243e+03 1.701176994482015516e+03 1.019174815831288470e+03 3.394699580303817470e+02 0.000000000000000000e+00
0.000000000000000000e+00 2.922585131413188719e+04 9.053497371320675302e+04 1.604428698247584107e+05 2.444291450424920477e+05 3.462457794356666273e+05 4.642717076777721522e+05 5.860105462915503886e+05 6.873723095559799112e+05 7.510423599943933077e+05 7.767637741554008098e+05 7.735087885459825629e+05 7.515511229327269830e+05 7.190483884052324574e+05 6.815157726010207552e+05 6.423522723487351323e+05 6.035169516316035297e+05 5.660666143373632804e+05 5.305198115413154010e+05 4.970850971437356202e+05 4.657982705130412360e+05 4.366027965120667359e+05 4.093960534973489121e+05 3.840554611540263286e+05 3.604529165194762754e+05 3.384625029378077015e+05 3.179643671387533541e+05 2.988464422607946908e+05 2.810049842237959383e+05 2.643444759722997551e+05 2.487772147431191988e+05 2.342227590762937907e+05 2.206073325146998977e+05 2.078632352403468103e+05 1.959282889725973073e+05 1.847453259790658485e+05 1.742617251736483013e+05 1.644289941736855835e+05 1.552023942181412131e+05 1.465406040598320251e+05 1.384054187900850375e+05 1.307614797218221065e+05 1.235760317721644969e+05 1.168187051525786374e+05 1.104613185430343292e+05 1.044777012720567436e+05 9.884353233659666148e+04 9.353619437155520427e+04 8.853464091980327794e+04 8.381927556252293289e+04 7.937184165032079909e+04 7.517532153139037837e+04 7.121384430748935847e+04 6.747260126464243513e+04 6.393776822591751261e+04 6.059643416069054365e+04 5.743653546036861371e+04 5.444679535629315069e+04 5.161666801286772534e+04 4.893628687904310209e+04 4.639641692511768633e+04 4.398841043030547007e+04 4.170416602031311777e+04 3.953609068397872034e+04 3.747706452430328500e+04 3.552040802247068495e+04 3.365985161406946281e+04 3.188950739502197030e+04 3.020384279104005691e+04 2.859765603893842854e+04 2.706605334113330900e+04 2.560442756628300776e+04 2.420843837945441919e+04 2.287399369459569789e+04 2.159723235053879034e+04 2.037450791938793554e+04 1.920237356306066067e+04 1.807756785998747000e+04 1.699700152965113739e+04 1.595774498779758505e+04 1.495701666984207986e+04 1.399217206425810582e+04 1.306069340161659056e+04 1.216017994850300238e+04 1.128833885876727982e+04 1.044297653750614154e+04 9.621990475869703005e+03 8.823361517234030543e+03 8.045146517503659197e+03 7.285471364331923724e+03 6.542524321879776835e+03 5.814549669380365231e+03 5.099841603269202096e+03 4.396738373961894467e+03 3.703616629541144448e+03 3.018885939651145691e+03 2.340983473794531164e+03 1.668368809005817639e+03 9.995188425071394249e+02 3.329227854836497613e+02 0.000000000000000000e+00
0.000000000000000000e+00 3.017909969083932810e+04 9.258564080208860105e+04 1.609433311669990362e+05 2.383611430742097727e+05 3.259475322180127841e+05 4.208741425466598594e+05 5.146334458042837796e+05 5.944367592168851988e+05 6.503944171608132310e+05 6.802927756366636604e+05 6.877184820345999906e+05 6.784693419070042437e+05 6.581492901223399676e+05 6.312000729727208382e+05 6.007830378967743600e+05 5.689992017716560513e+05 5.371753406104840105e+05 5.061105570745635778e+05 4.762592153857893427e+05 4.478568633800953394e+05 4.210033156217616634e+05 3.957160857616114081e+05 3.719641866992658470e+05 3.496892592073503183e+05 3.288186442408519215e+05 3.092733798830219894e+05 2.909730196810650523e+05 2.738384690813050838e+05 2.577935915168873325e+05 2.427660549969276763e+05 2.286877137989301118e+05 2.154947094036367780e+05 2.031274056011765206e+05 1.915302293132807827e+05 1.806514614601884969e+05 1.704430051162204181e+05 1.608601474716557132e+05 1.518613253896983224e+05 1.434079001361561241e+05 1.354639442365794675e+05 1.279960417957343743e+05 1.209731026282011444e+05 1.143661899628674000e+05 1.081483611500718253e+05 1.022945206240277621e+05 9.678128429505138774e+04 9.158685452802780492e+04 8.669090488114183245e+04 8.207447381689006579e+04 7.771986664605674741e+04 7.361056501859916898e+04 6.973114332951112010e+04 6.606719146052103315e+04 6.260524332860962750e+04 5.933271075915209076e+04 5.623782224472623056e+04 5.330956619021808001e+04 5.053763828092245967e+04 4.791239264306036057e+04 4.542479649571009941e+04 4.306638801990244247e+04 4.082923719471418008e+04 3.870590937193790160e+04 3.668943138049658592e+04 3.477325996941942140e+04 3.295125241413648473e+04 3.121763912522322426e+04 2.956699811171675901e+04 2.799423116288166420e+04 2.649454162294602429e+04 2.506341364297817927e+04 2.369659280283880435e+04 2.239006800412003213e+04 2.114005454222980188e+04 1.994297827240552579e+04 1.879546079048122556e+04 1.769430555474746143e+04 1.663648488030436056e+04 1.561912774193265068e+04 1.463950832574331980e+04 1.369503527376343482e+04 1.278324156917940672e+04 1.190177501322989519e+04 1.104838924774836050e+04 1.022093528010115551e+04 9.417353469794850753e+03 8.635665938330950667e+03 7.873969365988534264e+03 7.130428141144673646e+03 6.403267829481081208e+03 5.690768932006249088e+03 4.991260902247615377e+03 4.303116394244701041e+03 3.624745714104462422e+03 2.954591448891454093e+03 2.291123247477779387e+03 1.632832728741404480e+03 9.782284931182149421e+02 3.258312140135575987e+02 0.000000000000000000e+00
0.000000000000000000e+00 3.002863159911311595e+04 9.143427347527764505e+04 1.566338788454227906e+05 2.272234644255310704e+05 3.031272475315056508e+05 3.816731910913940519e+05 4.572007044205188868e+05 5.223151991775826900e+05 5.710661813478252152e+05 6.012593578765543643e+05 6.141695451760314172e+05 6.129903849125937559e+05 6.014025806527448585e+05 5.827363381734294817e+05 5.596497860934574855e+05 5.341073789546785410e+05 5.074863126553967595e+05 4.807135471276583849e+05 4.543902972051103716e+05 4.288906264950486948e+05 4.044341329350301530e+05 3.811373397286530817e+05 3.590491060722297989e+05 3.381746298308930709e+05 3.184915423700974789e+05 2.999606185526744230e+05 2.825328590633982094e+05 2.661541441087743733e+05 2.507682668523182219e+05 2.363188878375093045e+05 2.227507715709378826e+05 2.100105460036587028e+05 1.980471454365914396e+05 1.868120440328328696e+05 1.762593516336655011e+05 1.663458199298918771e+05 1.570307912452875462e+05 1.482761116051554854e+05 1.400460226465408923e+05 1.323070421245243633e+05 1.250278395174246398e+05 1.181791110253267543e+05 1.117334567528796906e+05 1.056652618423735839e+05 9.995058262453401403e+04 9.456703837938349170e+04 8.949370897810436145e+04 8.471103846142909606e+04 8.020074446790947695e+04 7.594573333402651770e+04 7.193002063170184556e+04 6.813865687665500445e+04 6.455765812545349763e+04 6.117394117479613487e+04 5.797526307978997647e+04 5.495016471608062420e+04 5.208791812186255993e+04 4.937847736874814291e+04 4.681243272428469936e+04 4.438096788301665219e+04 4.207582005695543194e+04 3.988924272988075245e+04 3.781397089287520066e+04 3.584318859082205017e+04 3.397049862118312740e+04 3.218989423724300286e+04 3.049573271812788516e+04 2.888271067734594908e+04 2.734584099034987958e+04 2.588043122974684593e+04 2.448206350429744634e+04 2.314657560482300323e+04 2.187004336659683395e+04 2.064876416375717235e+04 1.947924145682937524e+04 1.835817031955306084e+04 1.728242387595788023e+04 1.624904058303231977e+04 1.525521229838512227e+04 1.429827307607597504e+04 1.337568863727609642e+04 1.248504646564792711e+04 1.162404648031205397e+04 1.079049224203511403e+04 9.982282650810308041e+03 9.197404095352538206e+03 8.433923017183726188e+03 7.689978853967462783e+03 6.963777328568482517e+03 6.253584051958071541e+03 5.557718409598256585e+03 4.874547702297923934e+03 4.202481513746562996e+03 3.539966278030488411e+03 2.885480021398850113e+03 2.237527253373221811e+03 1.594633983030442778e+03 9.553428368887691704e+02 3.182082553062227817e+02 0.000000000000000000e+00
0.000000000000000000e+00 2.909527072325232803e+04 8.809548826267386903e+04 1.492963871746514633e+05 2.133769801997820323e+05 2.797872152791815461e+05 3.463355928820958361e+05 4.092198992665679543e+05 4.638828859049716848e+05 5.065678200243476313e+05 5.355086348442237359e+05 5.510233952862122096e+05 5.548586383415655000e+05 5.493908452631295659e+05 5.370296878400376299e+05 5.198919157346061547e+05 4.996830266823616694e+05 4.776999910954684019e+05 4.548885551353750052e+05 4.319155602813276346e+05 4.092369667137624347e+05 3.871543552715824335e+05 3.658588007690663217e+05 3.454635855900536990e+05 3.260279745903657749e+05 3.075742089355442440e+05 2.900995209691963391e+05 2.735845667705405504e+05 2.579993136636261770e+05 2.433071333773553488e+05 2.294676355665015581e+05 2.164386188993130054e+05 2.041774043620105949e+05 1.926417359894237306e+05 1.817903785713229736e+05 1.715835030357768992e+05 1.619829231332702038e+05 1.529522281641321315e+05 1.444568433028034924e+05 1.364640398348830058e+05 1.289429111309131986e+05 1.218643256008464377e+05 1.152008646288632590e+05 1.089267511804412643e+05 1.030177731252980448e+05 9.745120413814837229e+04 9.220572418911723071e+04 8.726134102244407404e+04 8.259931357889645733e+04 7.820207799666505889e+04 7.405317659362264385e+04 7.013719006643493776e+04 6.643967302169692994e+04 6.294709286834902741e+04 5.964677203994283627e+04 5.652683347313253034e+04 5.357614924016430450e+04 5.078429221447279997e+04 4.814149063709953771e+04 4.563858544556703418e+04 4.326699022455174418e+04 4.101865363816881290e+04 3.888602420608333341e+04 3.686201728935693245e+04 3.493998415656336874e+04 3.311368300586020632e+04 3.137725182420302372e+04 2.972518297049415924e+04 2.815229937513505865e+04 2.665373225402559547e+04 2.522490024049165731e+04 2.386148984391134945e+04 2.255943714887669557e+04 2.131491067357318752e+04 2.012429531068843426e+04 1.898417727854146506e+04 1.789133001428046191e+04 1.684270094492451608e+04 1.583539907571799631e+04 1.486668333874840755e+04 1.393395164805207605e+04 1.303473061049364333e+04 1.216666584457599674e+04 1.132751286201934454e+04 1.051512846945078854e+04 9.727462649872004476e+03 8.962550885730766822e+03 8.218506887434808959e+03 7.493515692985261012e+03 6.785827106110756176e+03 6.093749441852087330e+03 5.415643549960396740e+03 4.749917087770414582e+03 4.095019015378494259e+03 3.449434286991583122e+03 2.811678713239719855e+03 2.180293970051250199e+03 1.553842730383726121e+03 9.309038956892852639e+02 3.100679044553983204e+02 0.000000000000000000e+00
0.000000000000000000e+00 2.766403456181105503e+04 8.341864889511806541e+04 1.402741189492261037e+05 1.983730207714138087e+05 2.570125986901118886e+05 3.144715909053668147e+05 3.681395508292524610e+05 4.150632627299266751e+05 4.527709210188603611e+05 4.799233373043040046e+05 4.964645642375720199e+05 5.033502056214472977e+05 5.021129807655126788e+05 4.944704608977832249e+05 4.820598615550250397e+05 4.662998053334045107e+05 4.483441972991151270e+05 4.290902385221535224e+05 4.092119344706151751e+05 3.892013613851936534e+05 3.694083664904134930e+05 3.500747279698911007e+05 3.313617618467305438e+05 3.133717839557133848e+05 2.961643797421751078e+05 2.797685331522780471e+05 2.641915672634970397e+05 2.494256844962160685e+05 2.354527254271504644e+05 2.222476176314782642e+05 2.097808665613497142e+05 1.980203480296452472e+05 1.869325922349539178e+05 1.764836977060871432e+05 1.666399757823735126e+05 1.573683987688128254e+05 1.486369049822558591e+05 1.404145994783677743e+05 1.326718788000971545e+05 1.253805005088412581e+05 1.185136127486039331e+05 1.120457550746133347e+05 1.059528388371264155e+05 1.002121132513930497e+05 9.480212169259366055e+04 8.970265157638509118e+04 8.489468031074259488e+04 8.036031915275826759e+04 7.608275631674664328e+04 7.204620031481519982e+04 6.823582423682123772e+04 6.463771147043045494e+04 6.123880320683654281e+04 5.802684796099211235e+04 5.499035324755868351e+04 5.211853948813673924e+04 4.940129617643656820e+04 4.682914029184341780e+04 4.439317692535772949e+04 4.208506206277097226e+04 3.989696745650178491e+04 3.782154750834475999e+04 3.585190807951686293e+04 3.398157714098317228e+04 3.220447717552183894e+04 3.051489924289680130e+04 2.890747862043284476e+04 2.737717193301327279e+04 2.591923568879705272e+04 2.452920613960715491e+04 2.320288038787641199e+04 2.193629866513609159e+04 2.072572771019312131e+04 1.956764517836703453e+04 1.845872501635779554e+04 1.739582374043966047e+04 1.637596755876914176e+04 1.539634028156409477e+04 1.445427196577802897e+04 1.354722824365463566e+04 1.267280028717311325e+04 1.182869536288729978e+04 1.101272793404656477e+04 1.022281126910519561e+04 9.456949517841287161e+03 8.713230218276519736e+03 7.989817199423776401e+03 7.284943846614390168e+03 6.596906697734967565e+03 5.924059340165948015e+03 5.264806579569800306e+03 4.617598852885334054e+03 3.980926859000168406e+03 3.353316381571854890e+03 2.733323279336820178e+03 2.119528620039265206e+03 1.510533934759860131e+03 9.049565699980370255e+02 3.014251153139202302e+02 0.000000000000000000e+00
0.000000000000000000e+00 2.595598288670467446e+04 7.803782429800552200e+04 1.305005857206092041e+05 1.831840597136932774e+05 2.353697991713331430e+05 2.857143505413153907e+05 3.323759239924418507e+05 3.733586828750898712e+05 4.069770486780431238e+05 4.322313606453090324e+05 4.489378914258522564e+05 4.576208551899939775e+05 4.592773636075035902e+05 4.551286223849848611e+05 4.464234661977129290e+05 4.343132862733913935e+05 4.197896650452000904e+05 4.036662221029156353e+05 3.865867223225961206e+05 3.690459855671981932e+05 3.514149877537027351e+05 3.339653562420610688e+05 3.168910088438852690e+05 3.003261952552977018e+05 2.843599962787149707e+05 2.690476946491794661e+05 2.544195447606103262e+05 2.404874585896856734e+05 2.272500619247677387e+05 2.146964961665690062e+05 2.028092646547984332e+05 1.915663561614135397e+05 1.809428238365812285e+05 1.709119548877976486e+05 1.614461330041337933e+05 1.525174701762267214e+05 1.440982654110504955e+05 1.361613334627051663e+05 1.286802359418283886e+05 1.216294391267806641e+05 1.149844167921236804e+05 1.087217118757277494e+05 1.028189674375759641e+05 9.725493483293007012e+04 9.200946511610136076e+04 8.706348825056650094e+04 8.239898360911777127e+04 7.799894441734046268e+04 7.384733816024201224e+04 6.992906448721636843e+04 6.622991177871318359e+04 6.273651325205219473e+04 5.943630326343481283e+04 5.631747429310852021e+04 5.336893496915548894e+04 5.058026938371414872e+04 4.794169787684416224e+04 4.544403940253147448e+04 4.307867554456616199e+04 4.083751621408208302e+04 3.871296703311985766e+04 3.669789838776471152e+04 3.478561611880858254e+04 3.296983380637114169e+04 3.124464659658902747e+04 2.960450651266102795e+04 2.804419918871605114e+04 2.655882196263223523e+04 2.514376326283080925e+04 2.379468322388184970e+04 2.250749546626845404e+04 2.127834997672630561e+04 2.010361702702916591e+04 1.897987207086044145e+04 1.790388156038831585e+04 1.687258962624742344e+04 1.588310556685465599e+04 1.493269209521041739e+04 1.401875429358129622e+04 1.313882922868897003e+04 1.229057618220746554e+04 1.147176745348939221e+04 1.068027969350040803e+04 9.914085730894423250e+03 9.171246853041162467e+03 8.449905506601942761e+03 7.748278383915055201e+03 7.064649863038594958e+03 6.397365770767903996e+03 5.744827439301285267e+03 5.105486028494001403e+03 4.477837086797415395e+03 3.860415325024846425e+03 3.251789578029609856e+03 2.650557930223977564e+03 2.055342981614570817e+03 1.464787231655129972e+03 8.775485587675154875e+02 2.922957738193615000e+02 0.000000000000000000e+00
0.000000000000000000e+00 2.412796867340967583e+04 7.239064830883807736e+04 1.205858029888808087e+05 1.683913722934875987e+05 2.151272516107233241e+05 2.597341758658692415e+05 3.008736301383494865e+05 3.371458027509295498e+05 3.673638184586747084e+05 3.907799610868420568e+05 4.071835654140027473e+05 4.168622575915728812e+05 4.204742134127768222e+05 4.188923857086680946e+05 4.130653512935078470e+05 4.039155337885353947e+05 3.922772261915786657e+05 3.788672509832009091e+05 3.642782893323574681e+05 3.489858170610680827e+05 3.333618553198116715e+05 3.176910726935748244e+05 3.021866333950915723e+05 2.870044755636479822e+05 2.722555105469648843e+05 2.580156918314285576e+05 2.443341321416078426e+05 2.312395400611422083e+05 2.187452645560732053e+05 2.068532151522490312e+05 1.955568894378932309e+05 1.848437000542275200e+05 1.746967563036230858e+05 1.650962233747575083e+05 1.560203555390296970e+05 1.474462781975979742e+05 1.393505766726331494e+05 1.317097363684219017e+05 1.245004686495343485e+05 1.176999488624858204e+05 1.112859868421904393e+05 1.052371455764224374e+05 9.953282012121702428e+04 9.415328611246540095e+04 8.907972510727550252e+04 8.429423236289997294e+04 7.977981140652557951e+04 7.552035877892666031e+04 7.150064158255136863e+04 6.770626987968062167e+04 6.412366553035337711e+04 6.074002870354001789e+04 5.754330301609301387e+04 5.452214003506996960e+04 5.166586370696266385e+04 4.896443514186932589e+04 4.640841807387732115e+04 4.398894523473890149e+04 4.169768581153621926e+04 3.952681410673577193e+04 3.746897947788669990e+04 3.551727760193436552e+04 3.366522308390734543e+04 3.190672341014040649e+04 3.023605423106782837e+04 2.864783594712187187e+04 2.713701156260792050e+04 2.569882576606352814e+04 2.432880519108053340e+04 2.302273980849268992e+04 2.177666539892525543e+04 2.058684705369750009e+04 1.944976365180725043e+04 1.836209326102001432e+04 1.732069941181013564e+04 1.632261819396585815e+04 1.536504612698396522e+04 1.444532875686830266e+04 1.356094993355063161e+04 1.270952172484512812e+04 1.188877492457733388e+04 1.109655011426522833e+04 1.033078923944862254e+04 9.589527663468164974e+03 8.870886663119397781e+03 8.173066332214055365e+03 7.494338860570343058e+03 6.833042157404872341e+03 6.187573789448519165e+03 5.556385205369844698e+03 4.937976219273736206e+03 4.330889727116162248e+03 3.733706630877690259e+03 3.145040946227210952e+03 2.563535070209234618e+03 1.987855186193375857e+03 1.416686783939947418e+03 8.487302731476719373e+02 2.826966692709857512e+02 0.000000000000000000e+00
0.000000000000000000e+00 2.228386517539469787e+04 6.676036758458589611e+04 1.109057033593418746e+05 1.543201703585679061e+05 1.963802555357274832e+05 2.362364069037913287e+05 2.728861569653698243e+05 3.053137465221149614e+05 3.326581846395367174e+05 3.543542052344880067e+05 3.702025534463802469e+05 3.803598031873967848e+05 3.852682037089787773e+05 3.855581319769123802e+05 3.819515381529238657e+05 3.751833952192613506e+05 3.659471385085294023e+05 3.548627441842883709e+05 3.424626374289094238e+05 3.291898864270146587e+05 3.154038391162317712e+05 3.013895654139783583e+05 2.873686599529740051e+05 2.735099227183014154e+05 2.599391237561392190e+05 2.467475083355641109e+05 2.339989694151594304e+05 2.217359614815073437e+05 2.099842985531835002e+05 1.987570012745003623e+05 1.880573546598432295e+05 1.778813223305076826e+05 1.682194427215762262e+05 1.590583119476391876e+05 1.503817388920988888e+05 1.421716414759366598e+05 1.344087391415359452e+05 1.270730851893772488e+05 1.201444734191108728e+05 1.136027462018537772e+05 1.074280253126468306e+05 1.016008822844550741e+05 9.610246145720533968e+04 9.091456608144904021e+04 8.601971563025291834e+04 8.140118074312053795e+04 7.704300086803866725e+04 7.292998860068595968e+04 6.904772387986084505e+04 6.538254053568106610e+04 6.192150716359771468e+04 5.865240388275229634e+04 5.556369620832386136e+04 5.264450700608318584e+04 4.988458728922354931e+04 4.727428645151115779e+04 4.480452239822979027e+04 4.246675193041644525e+04 4.025294165312788391e+04 3.815553961067792989e+04 3.616744779755693889e+04 3.428199565045040799e+04 3.249291459222861886e+04 3.079431367133964523e+04 2.918065631827754260e+04 2.764673822368164474e+04 2.618766632924357327e+04 2.479883891221282829e+04 2.347592673639240820e+04 2.221485523657898375e+04 2.101178769906925663e+04 1.986310939781108391e+04 1.876541264377885454e+04 1.771548270398519526e+04 1.671028454602840429e+04 1.574695036409365639e+04 1.482276784274689271e+04 1.393516911560813060e+04 1.308172037695965992e+04 1.226011210550208125e+04 1.146814986074350782e+04 1.070374561387112954e+04 9.964909576342231958e+03 9.249742490864096908e+03 8.556428350836778918e+03 7.883227515722183853e+03 7.228470191155954126e+03 6.590550243907324329e+03 5.967919323037423055e+03 5.359081259768447126e+03 4.762586719668489422e+03 4.177028081772495170e+03 3.601034520192523814e+03 3.033267264615825752e+03 2.472415016848981395e+03 1.917189501237247441e+03 1.366321127377641915e+03 8.185547440309546801e+02 2.726454635501286816e+02 0.000000000000000000e+00
0.000000000000000000e+00 2.048810381843963478e+04 6.131863577323147911e+04 1.016757580233542103e+05 1.411319541793586977e+05 1.791237321521146514e+05 2.149567960149303835e+05 2.478581914206996444e+05 2.770671331636024988e+05 3.019411059932806529e+05 3.220461086309475359e+05 3.372062092770712916e+05 3.475044225016609416e+05 3.532435998242130154e+05 3.548848047279588645e+05 3.529807416314951843e+05 3.481167492582084378e+05 3.408656127222901559e+05 3.317574227147166966e+05 3.212626808711085469e+05 3.097855756810116000e+05 2.976642362232805463e+05 2.851752449980401434e+05 2.725403609905938501e+05 2.599340490006056498e+05 2.474909366287580924e+05 2.353127058692110586e+05 2.234741874036268273e+05 2.120285899939050723e+05 2.010118925474967691e+05 1.904464754762202501e+05 1.803440880593684851e+05 1.707082515968913503e+05 1.615361920499518747e+05 1.528203855175672506e+05 1.445497881892262376e+05 1.367108109449975309e+05 1.292880883405033383e+05 1.222650826299558394e+05 1.156245557935566467e+05 1.093489361553194321e+05 1.034206009519932559e+05 9.782209197382270941e+04 9.253627797969664971e+04 8.754647484553110553e+04 8.283653220844775205e+04 7.839089361409466073e+04 7.419463577269011876e+04 7.023349140984703263e+04 6.649385930375081080e+04 6.296280438487154606e+04 5.962805020163930021e+04 5.647796559629680996e+04 5.350154706648163847e+04 5.068839799167466117e+04 4.802870566496402898e+04 4.551321687819177896e+04 4.313321265321417013e+04 4.088048258654067467e+04 3.874729917316971842e+04 3.672639239337714389e+04 3.481092477986354061e+04 3.299446712901513820e+04 3.127097497669898803e+04 2.963476592410183730e+04 2.808049787101533366e+04 2.660314819145896035e+04 2.519799386857233185e+04 2.386059259145799297e+04 2.258676480544737569e+04 2.137257669854345295e+04 2.021432410008999796e+04 1.910851726267424965e+04 1.805186649456330633e+04 1.704126860737871903e+04 1.607379414197318329e+04 1.514667533446897505e+04 1.425729478396376726e+04 1.340317478341432980e+04 1.258196727555956386e+04 1.179144439637497089e+04 1.102948956937338517e+04 1.029408911505065953e+04 9.583324340858333017e+03 8.895364078231519670e+03 8.228457634392967520e+03 7.580928127840239540e+03 6.951166177623033946e+03 6.337623917666669513e+03 5.738809308525459528e+03 5.153280720020121407e+03 4.579641759218186962e+03 4.016536319170314982e+03 3.462643824683410912e+03 2.916674652213867830e+03 2.377365701678650566e+03 1.843476098629541866e+03 1.313783005785408477e+03 7.870775233934837161e+02 2.621606582763645292e+02 0.000000000000000000e+00
0.000000000000000000e+00 1.877759405717271875e+04 5.616076886053007183e+04 9.300568833676466602e+04 1.288859914847056934e+05 1.632958324760952382e+05 1.956576167515441193e+05 2.253590954262442247e+05 2.518135021084914042e+05 2.745282423257458140e+05 2.931639657602568041e+05 3.075692848803363158e+05 3.177852507271773648e+05 3.240231095136180520e+05 3.266247851975944359e+05 3.260168562361726654e+05 3.226667675218210788e+05 3.170466183225716231e+05 3.096066341069591581e+05 3.007581135465511470e+05 2.908643584300585208e+05 2.802376302656630287e+05 2.691402308296859264e+05 2.577881135692776879e+05 2.463558204545413610e+05 2.349819046383930254e+05 2.237742994810844539e+05 2.128153193967545521e+05 2.021661348630908760e+05 1.918706664520223276e+05 1.819589051457697933e+05 1.724497007854687399e+05 1.633530768063292780e+05 1.546721343682381557e+05 1.464046073558487697e+05 1.385441246252092242e+05 1.310812292767276231e+05 1.240041978045112774e+05 1.172996953575542429e+05 1.109532973687735648e+05 1.049499025852349441e+05 9.927405807550517784e+04 9.391021304655433050e+04 8.884291519426097511e+04 8.405696075146373187e+04 7.953750730109088181e+04 7.527015671198691416e+04 7.124101416415056156e+04 6.743672810049697000e+04 6.384451502575934137e+04 6.045217232969180623e+04 5.724808170864150452e+04 5.422120527004775067e+04 5.136107600685488433e+04 4.865778400569702353e+04 4.610195948978844535e+04 4.368475358339688682e+04 4.139781751032877946e+04 3.923328079659754439e+04 3.718372893136045604e+04 3.524218084550095955e+04 3.340206648991451220e+04 3.165720473246746769e+04 3.000178174118131574e+04 2.843032997933297520e+04 2.693770790410370682e+04 2.551908043284211453e+04 2.416990021869290285e+04 2.288588975940776436e+04 2.166302434881043519e+04 2.049751586897262314e+04 1.938579741219961943e+04 1.832450871493220257e+04 1.731048238033445887e+04 1.634073086234517905e+04 1.541243418105485580e+04 1.452292833725781384e+04 1.366969439273780517e+04 1.285034818213009748e+04 1.206263062194550548e+04 1.130439858246490985e+04 1.057361628860172823e+04 9.868347216443624347e+03 9.186746452963627235e+03 8.527053487276803935e+03 7.887585402785006409e+03 7.266730440558480041e+03 6.662941905345761370e+03 6.074732386617215525e+03 5.500668268065302073e+03 4.939364499957893713e+03 4.389479609676603104e+03 3.849710926647672750e+03 3.318789998690598622e+03 2.795478177564672023e+03 2.278562352172871670e+03 1.766850808492883516e+03 1.259169195826455052e+03 7.543565794217671510e+02 2.512615598887290673e+02 0.000000000000000000e+00
0.000000000000000000e+00 1.717092022067753351e+04 5.133200504152162466e+04 8.493787112090017763e+04 1.175795922847626498e+05 1.488045635500655917e+05 1.781248030364916194e+05 2.050436299048018118e+05 2.290962721863631450e+05 2.498953493557687907e+05 2.671702812041849829e+05 2.807915927063017152e+05 2.907759355656632106e+05 2.972730970323156216e+05 3.005401539140882669e+05 3.009093705106853158e+05 2.987557966202590032e+05 2.944687461917803157e+05 2.884293402258586138e+05 2.809946498969406821e+05 2.724878902422373067e+05 2.631935629028043477e+05 2.533562908279928088e+05 2.431821739369271672e+05 2.328416964772833453e+05 2.224734496417712362e+05 2.121881492423274030e+05 2.020726068000107771e+05 1.921934484830730944e+05 1.826004736089795188e+05 1.733296100303889252e+05 1.644054653049927147e+05 1.558434969162318157e+05 1.476518374403424095e+05 1.398328155591098475e+05 1.323842141363392293e+05 1.253003042219016352e+05 1.185726901436638873e+05 1.121909966285062255e+05 1.061434246575716243e+05 1.004171987844654941e+05 9.499892506340873661e+04 8.987487559498145129e+04 8.503121299724921118e+04 8.045416581937574665e+04 7.613016399024562270e+04 7.204594178912146890e+04 6.818861449302147957e+04 6.454573375379825302e+04 6.110532584943064285e+04 5.785591620605736534e+04 5.478654297221038723e+04 5.188676192118048493e+04 4.914664454203551577e+04 4.655677083850268536e+04 4.410821807439339318e+04 4.179254647360782110e+04 3.960178269311857730e+04 3.752840173132015479e+04 3.556530780577535188e+04 3.370581462879817991e+04 3.194362542244853103e+04 3.027281294308912766e+04 2.868779972697842823e+04 2.718333872021084244e+04 2.575449441684903650e+04 2.439662459684057103e+04 2.310536272898528114e+04 2.187660108284501985e+04 2.070647457618512635e+04 1.959134537061925948e+04 1.852778821701345805e+04 1.751257654339504006e+04 1.654266927120309629e+04 1.561519834041243666e+04 1.472745692002489886e+04 1.387688827744661467e+04 1.306107527818401650e+04 1.227773048588002348e+04 1.152468683188046271e+04 1.079988882315407864e+04 1.010138425736745558e+04 9.427316414170541975e+03 8.775916692244149090e+03 8.145497662288334141e+03 7.534446506889185912e+03 6.941218819037374487e+03 6.364332731947066350e+03 5.802363353731226198e+03 5.253937481388713422e+03 4.717728569444780078e+03 4.192451929448813644e+03 3.676860137339903304e+03 3.169738626460573869e+03 2.669901444710105807e+03 2.176187154963910416e+03 1.687454858469169039e+03 1.202580321430044933e+03 7.204521854263070963e+02 2.399682426637762092e+02 0.000000000000000000e+00
0.000000000000000000e+00 1.567494010431734387e+04 4.684595193429949722e+04 7.747333618043846218e+04 1.071741553375072544e+05 1.355441461676934850e+05 1.621657819629243168e+05 1.866278254876482533e+05 2.085533485381364590e+05 2.276304982763614098e+05 2.436392446844699734e+05 2.564684345317286497e+05 2.661202324033435434e+05 2.727022637107699993e+05 2.764103077679138514e+05 2.775056083507034928e+05 2.762908169125317945e+05 2.730876996477751527e+05 2.682185415499932715e+05 2.619920591920903244e+05 2.546937918953000044e+05 2.465804247750049981e+05 2.378772607685351686e+05 2.287780204599393473e+05 2.194462274060865457e+05 2.100175694187852787e+05 2.006027708176975430e+05 1.912906432801984774e+05 1.821510929586553248e+05 1.732379465992412588e+05 1.645915214784064447e+05 1.562409069577017508e+05 1.482059536223556788e+05 1.404989832225590944e+05 1.331262422111302440e+05 1.260891260715392855e+05 1.193852027044083952e+05 1.130090621993797831e+05 1.069530182586368755e+05 1.012076839492060826e+05 9.576244171670157812e+04 9.060582491708510497e+04 8.572582563883867988e+04 8.111014135447978333e+04 7.674637097601912683e+04 7.262216918820957653e+04 6.872536647783455555e+04 6.504406104190125188e+04 6.156668771585516515e+04 5.828206818849493720e+04 5.517944603892534360e+04 5.224850952070423955e+04 4.947940451023414789e+04 4.686273961389058240e+04 4.438958507726705284e+04 4.205146684837528301e+04 3.984035690465268272e+04 3.774866075284974795e+04 3.576920284430570609e+04 3.389521050999924046e+04 3.212029690527110870e+04 3.043844335924960978e+04 2.884398144544701063e+04 2.733157502503766227e+04 2.589620246061955186e+04 2.453313915399086181e+04 2.323794052501147962e+04 2.200642551864743291e+04 2.083466070281338398e+04 1.971894499960738176e+04 1.865579507629484942e+04 1.764193140930476147e+04 1.667426502398935554e+04 1.574988490454620842e+04 1.486604606195063207e+04 1.402015824266618620e+04 1.320977525703799984e+04 1.243258490341750439e+04 1.168639946202153624e+04 1.096914673116132872e+04 1.027886157763462506e+04 9.613677972668348957e+03 8.971821484739628431e+03 8.351602200795661702e+03 7.751408047809576601e+03 7.169698487154859322e+03 6.604998554955627696e+03 6.055893222310608508e+03 5.521022050060435504e+03 4.999074113587395914e+03 4.488783173927781718e+03 3.988923072262865844e+03 3.498303325616997881e+03 3.015764902297710705e+03 2.540176156285254820e+03 2.070428900385230008e+03 1.605434598501960181e+03 1.144120657878843758e+03 6.854268025593535185e+02 2.283015096628270442e+02 0.000000000000000000e+00
0.000000000000000000e+00 1.428930716011401637e+04 4.269705685303646897e+04 7.058890902447892586e+04 9.761178884855135402e+04 1.234049862428627239e+05 1.476076706668520928e+05 1.698735581986811012e+05 1.898907005207462062e+05 2.074027413560307468e+05 2.222273731525277253e+05 2.342683569658044144e+05 2.435190800565058889e+05 2.500575895125763491e+05 2.540346940426945221e+05 2.556576664665623975e+05 2.551722483516792418e+05 2.528452489329086093e+05 2.489493287169510731e+05 2.437508164493031218e+05 2.375007870836539660e+05 2.304291947203581803e+05 2.227416072105736530e+05 2.146179914970332757e+05 2.062130032298558799e+05 1.976572972942584602e+05 1.890594645725447335e+05 1.805082927719681757e+05 1.720751331673240347e+05 1.638162251059686823e+05 1.557748848777505918e+05 1.479835062144112308e+05 1.404653484679202666e+05 1.332361079065084632e+05 1.263052798773434479e+05 1.196773267790702375e+05 1.133526704266744491e+05 1.073285286600655381e+05 1.015996158120737819e+05 9.615872552269644802e+04 9.099721278271901247e+04 8.610539028737724584e+04 8.147285235428843589e+04 7.708873791397477908e+04 7.294194247305233148e+04 6.902128750546008814e+04 6.531565445249084587e+04 6.181408940251656895e+04 5.850588356431365537e+04 5.538063382886000909e+04 5.242828701755164366e+04 4.963917082426737034e+04 4.700401396005983406e+04 4.451395758932197350e+04 4.216055979325529188e+04 3.993579450025282131e+04 3.783204607453897916e+04 3.584210054651537939e+04 3.395913429440400796e+04 3.217670084145061628e+04 3.048871631159430763e+04 2.888944398528209422e+04 2.737347831272766780e+04 2.593572867168402445e+04 2.457140309841438284e+04 2.327599217210154166e+04 2.204525319281833072e+04 2.087519476003654563e+04 1.976206183134419189e+04 1.870232131862948881e+04 1.769264826067666218e+04 1.672991259620128767e+04 1.581116654932301935e+04 1.493363262980122272e+04 1.409469224266332458e+04 1.329187489583512979e+04 1.252284798968452742e+04 1.178540716885011352e+04 1.107746721408702615e+04 1.039705344998981127e+04 9.742293643191758747e+03 9.111410364880352063e+03 8.502713791093614418e+03 7.914594914214356322e+03 7.345519139267652463e+03 6.794020238995223735e+03 6.258694642209154154e+03 5.738196030518240150e+03 5.231230219207482151e+03 4.736550298760798796e+03 4.252952014232992951e+03 3.779269360406481610e+03 3.314370371366218023e+03 2.857153083789822631e+03 2.406541653882564333e+03 1.961482608461814607e+03 1.520941211215041221e+03 1.083897925615135591e+03 6.493449563729919873e+02 2.162828516325321573e+02 0.000000000000000000e+00
0.000000000000000000e+00 1.300947094065001693e+04 3.886880083573682350e+04 6.424826908301844378e+04 8.882574150705219654e+04 1.122796053832999896e+05 1.342956364534069435e+05 1.545782748931390233e+05 1.728649473682065436e+05 1.889410717899169831e+05 2.026530067405621230e+05 2.139165774117399415e+05 2.227197769908729533e+05 2.291194600025410182e+05 2.332329309019263892e+05 2.352260262284358614e+05 2.352995151354002301e+05 2.336754784198626294e+05 2.305849245326444507e+05 2.262574199636114645e+05 2.209130675792712718e+05 2.147568232305247511e+05 2.079749161108756089e+05 2.007330204700909089e+05 1.931757901893122471e+05 1.854273856872397009e+05 1.775926706700056675e+05 1.697588165158597403e+05 1.619971129279083398e+05 1.543648382905119506e+05 1.469070889686394366e+05 1.396585029742512270e+05 1.326448406905168376e+05 1.258844050104693015e+05 1.193892968017201201e+05 1.131665104692085442e+05 1.072188797778695443e+05 1.015458870124607492e+05 9.614434976639194065e+04 9.100899974578825640e+04 8.613296737056365237e+04 8.150818494854042365e+04 7.712571999486513960e+04 7.297604900147650915e+04 6.904928071521800302e+04 6.533533680857725267e+04 6.182409675110352691e+04 5.850551272349149804e+04 5.536969956177503627e+04 5.240700397148961929e+04 4.960805660322775657e+04 4.696381002228832949e+04 4.446556512621299044e+04 4.210498815519578056e+04 3.987412009254425357e+04 3.776537995727836096e+04 3.577156324110554851e+04 3.388583653092779423e+04 3.210172917996341857e+04 3.041312274055523085e+04 2.881423874562154015e+04 2.729962531972318902e+04 2.586414301187319143e+04 2.450295016781932281e+04 2.321148809732419613e+04 2.198546624008581784e+04 2.082084749073989951e+04 1.971383380752659286e+04 1.866085219949204838e+04 1.765854116259387592e+04 1.670373761493629354e+04 1.579346436487866777e+04 1.492491813235057634e+04 1.409545813287896817e+04 1.330259522513144475e+04 1.254398161588664516e+04 1.181740111093936139e+04 1.112075989625792317e+04 1.045207783055875552e+04 9.809480228139342216e+03 9.191190109170558571e+03 8.595520893561641060e+03 8.020869513870059563e+03 7.465709922453615945e+03 6.928586968044868627e+03 6.408110617148929123e+03 5.902950496041644328e+03 5.411830729625248750e+03 4.933525053991514142e+03 4.466852180162743025e+03 4.010671387126370064e+03 3.563878322957196360e+03 3.125400993459395522e+03 2.694195918388972132e+03 2.269244435914710266e+03 1.849549136515038299e+03 1.434130408008534232e+03 1.022023073858670614e+03 6.122731072641498713e+02 2.039344038641256134e+02 0.000000000000000000e+00
0.000000000000000000e+00 1.182861667353308439e+04 3.533895406192185328e+04 5.840892874553074216e+04 8.074679995997216611e+04 1.020659975766315329e+05 1.220913281919615401e+05 1.405678526618788310e+05 1.572715125157868606e+05 1.720199566259440035e+05 1.846817844963000971e+05 1.951826440943929192e+05 2.035072163120686018e+05 2.096968879294625076e+05 2.138436355597639049e+05 2.160811462712854263e+05 2.165744178286340903e+05 2.155090375057796191e+05 2.130811145387442084e+05 2.094885335772106773e+05 2.049238856773854641e+05 1.995691713904805656e+05 1.935921804421108682e+05 1.871443357684081711e+05 1.803597349606431380e+05 1.733551130872502981e+05 1.662304710788625525e+05 1.590701497923335992e+05 1.519441715754240868e+05 1.449097121755395492e+05 1.380126025279736205e+05 1.312887907009216433e+05 1.247657187592901319e+05 1.184635879860399727e+05 1.123964995818626630e+05 1.065734675764478161e+05 1.009993071183098655e+05 9.567540534860592743e+04 9.060038435705762822e+04 8.577066678035478981e+04 8.118095483043191780e+04 7.682463322571461322e+04 7.269410585576684389e+04 6.878107518853680813e+04 6.507677253217502584e+04 6.157214635760037345e+04 5.825801501618640032e+04 5.512518937389415805e+04 5.216457014161894767e+04 4.936722401614468981e+04 4.672444215642193012e+04 4.422778400224353391e+04 4.186910899143317511e+04 3.964059834110338852e+04 3.753476872197237390e+04 3.554447936587450386e+04 3.366293389945883246e+04 3.188367798629900790e+04 3.020059368029865436e+04 2.860789124102316782e+04 2.710009903263157685e+04 2.567205201902935369e+04 2.431887927587054583e+04 2.303599086255176371e+04 2.181906433223414206e+04 2.066403110334470693e+04 1.956706287033308399e+04 1.852455819338016954e+04 1.753312937506661183e+04 1.658958970574959312e+04 1.569094113772051242e+04 1.483436243038710927e+04 1.401719779415242192e+04 1.323694604882618296e+04 1.249125030283971500e+04 1.177788815190215428e+04 1.109476238968700818e+04 1.043989221841857216e+04 9.811404943612660645e+03 9.207528134502597823e+03 8.626582229717418159e+03 8.066973566413898880e+03 7.527187810175765662e+03 7.005783762524890335e+03 6.501387522704836556e+03 6.012686980467577087e+03 5.538426616852205370e+03 5.077402590331981628e+03 4.628458086198501405e+03 4.190478907603853258e+03 3.762389287276648247e+03 3.343147899538635102e+03 2.931744052849779109e+03 2.527194043704605519e+03 2.128537653261718333e+03 1.734834768609352977e+03 1.345162111041818662e+03 9.586100541481825985e+02 5.742795148775019243e+02 1.912789010411378285e+02 0.000000000000000000e+00
0.000000000000000000e+00 1.073888844629170126e+04 3.208286475909226647e+04 5.302652558297649375e+04 7.330707916348820436e+04 9.266935101724599372e+04 1.108713529903098533e+05 1.276914241761369922e+05 1.429363098162470560e+05 1.564491487734660623e+05 1.681161912607833510e+05 1.778712049414449721e+05 1.856969010342447436e+05 1.916232079365731624e+05 1.957227027054269565e+05 1.981038717907723621e+05 1.989030575594703550e+05 1.982759586655610474e+05 1.963894318685168982e+05 1.934141481386678934e+05 1.895184409944384242e+05 1.848634895961712173e+05 1.795998252596948296e+05 1.738650447440981225e+05 1.677825535842800164e+05 1.614611390850962198e+05 1.549951748914770724e+05 1.484652775259463815e+05 1.419392620517876639e+05 1.354732733854973631e+05 1.291129980714389530e+05 1.228948864811923559e+05 1.168473365076527843e+05 1.109918067463272309e+05 1.053438401948530955e+05 9.991398917715085554e+04 9.470863910325609322e+04 8.973073338589993364e+04 8.498040486422124377e+04 8.045552086633561703e+04 7.615214992571537732e+04 7.206495842451849603e+04 6.818754527787180268e+04 6.451272235028439900e+04 6.103274771970920119e+04 5.773951825435918727e+04 5.462472729519984568e+04 5.167999257802790089e+04 4.889695890472310566e+04 4.626737949595086684e+04 4.378317943314361764e+04 4.143650412749759562e+04 3.921975533677092608e+04 3.712561688394918747e+04 3.514707191141624935e+04 3.327741322590747586e+04 3.151024804878926079e+04 2.983949827888682921e+04 2.825939719709898782e+04 2.676448338977498133e+04 2.534959253789601280e+04 2.400984760853305124e+04 2.274064789117755936e+04 2.153765724209113250e+04 2.039679183267608823e+04 1.931420764131972101e+04 1.828628788065941262e+04 1.730963051242256188e+04 1.638103596875299081e+04 1.549749517128576372e+04 1.465617791632415538e+04 1.385442167554528351e+04 1.308972084614464620e+04 1.235971647166078219e+04 1.166218644443773155e+04 1.099503619244427682e+04 1.035628984657068577e+04 9.744081879375968128e+03 9.156649202242428146e+03 8.592323704847060071e+03 8.049525218625379239e+03 7.526754884287337518e+03 7.022588902377413433e+03 6.535672645217332501e+03 6.064715108249441982e+03 5.608483678756452719e+03 5.165799200079455659e+03 4.735531309760345721e+03 4.316594030461528746e+03 3.907941592999225122e+03 3.508564471372103981e+03 3.117485610234448359e+03 2.733756825828083947e+03 2.356455361948444988e+03 1.984680583052768498e+03 1.617550787118495691e+03 1.254200121315203432e+03 8.937755839559343940e+02 5.354340965549394014e+02 1.783396301028344340e+02 0.000000000000000000e+00
0.000000000000000000e+00 9.732139218212250853e+03 2.907545712873739103e+04 4.805737008285200136e+04 6.644214424506030628e+04 8.400274411401580437e+04 1.005258040870492259e+05 1.158174787153590296e+05 1.297097274736503168e+05 1.420663389111043361e+05 1.527879051015911682e+05 1.618150444909725629e+05 1.691294116439802747e+05 1.747523577880840458e+05 1.787414333221150446e+05 1.811851818863165099e+05 1.821968247597571171e+05 1.819074680487014411e+05 1.804594037717708270e+05 1.779999537091233360e+05 1.746761574430693872e+05 1.706304623262264940e+05 1.659974518820794183e+05 1.609015590349108097e+05 1.554556524595630181e+05 1.497603542247848527e+05 1.439039384789089672e+05 1.379626675037005625e+05 1.320014370953566395e+05 1.260746232319033588e+05 1.202270430128469889e+05 1.144949627684122097e+05 1.089071038401037658e+05 1.034856113239603874e+05 9.824696298594160180e+04 9.320280481576225429e+04 8.836070662604321842e+04 8.372483611871935136e+04 7.929655331273777119e+04 7.507492950137621665e+04 7.105719627850201505e+04 6.723913088249778957e+04 6.361538434624965157e+04 6.017975886012614501e+04 5.692544046410479496e+04 5.384519276779052598e+04 5.093151691228005075e+04 4.817678247727752023e+04 4.557333352860483137e+04 4.311357351348964585e+04 4.079003225481387926e+04 3.859541787673142971e+04 3.652265611519267259e+04 3.456491912793076335e+04 3.271564561795952977e+04 3.096855382014237330e+04 2.931764866909895500e+04 2.775722426548071235e+04 2.628186258335784805e+04 2.488642921113186458e+04 2.356606678919064871e+04 2.231618669685369969e+04 2.113245944665255229e+04 2.001080416355737543e+04 1.894737745847024053e+04 1.793856194753567615e+04 1.698095462008361937e+04 1.607135521702253936e+04 1.520675474716593999e+04 1.438432424029437607e+04 1.360140381191203414e+04 1.285549209491600413e+04 1.214423607714419995e+04 1.146542137044804622e+04 1.081696292611230274e+04 1.019689620270253727e+04 9.603368785428527190e+03 9.034632450587369021e+03 8.489035664341552547e+03 7.965016501785326909e+03 7.461095969786873866e+03 6.975871715297795163e+03 6.508012099603492970e+03 6.056250618187239525e+03 5.619380645459074913e+03 5.196250483462191369e+03 4.785758693725608282e+03 4.386849691683170931e+03 3.998509583434507022e+03 3.619762225067318468e+03 3.249665485256603915e+03 2.887307692398132076e+03 2.531804248055434982e+03 2.182294389048016910e+03 1.837938081012662451e+03 1.497913026748537277e+03 1.161411773104671283e+03 8.276389005515125064e+02 4.958082799311496274e+02 1.651403811553968524e+02 0.000000000000000000e+00
0.000000000000000000e+00 8.800373620143667722e+03 2.629239494430710329e+04 4.345987598675724439e+04 6.009207846075796260e+04 7.598721260248526232e+04 9.095685681521584047e+04 1.048308225705608784e+05 1.174621461088523065e+05 1.287317294018357497e+05 1.385520946809576126e+05 1.468697751870887878e+05 1.536660234223849839e+05 1.589557357495375036e+05 1.627847168040330289e+05 1.652255925059520232e+05 1.663727971345440019e+05 1.663370994734070264e+05 1.652401047192302358e+05 1.632090926962574304e+05 1.603724521465541038e+05 1.568558660896158544e+05 1.527793093427593703e+05 1.482548446727011178e+05 1.433851515156673267e+05 1.382626895798760233e+05 1.329693854610991839e+05 1.275767292970086273e+05 1.221461761653228605e+05 1.167297597140875150e+05 1.113708405538683146e+05 1.061049272364183271e+05 1.009605219193490339e+05 9.595995537177423830e+04 9.112018652600688802e+04 8.645355031356867403e+04 8.196844419211553759e+04 7.766994880930639920e+04 7.356038192542509933e+04 6.963978728927642806e+04 6.590636186849430669e+04 6.235682588060006674e+04 5.898674062485843024e+04 5.579077931416974025e+04 5.276295605837846233e+04 4.989681793797596765e+04 4.718560479193749779e+04 4.462238097077746352e+04 4.220014290817251458e+04 3.991190596412539162e+04 3.775077360470741405e+04 3.570999161733110668e+04 3.378298972179241537e+04 3.196341262858395930e+04 3.024514231792116698e+04 2.862231306485911773e+04 2.708932051633150331e+04 2.564082593297377389e+04 2.427175653991949002e+04 2.297730278405779973e+04 2.175291316828826166e+04 2.059428722381958141e+04 1.949736708755867221e+04 1.845832807116561526e+04 1.747356853975582635e+04 1.653969935993128092e+04 1.565353312744371397e+04 1.481207334314182481e+04 1.401250367082044068e+04 1.325217738126726545e+04 1.252860706234915779e+04 1.183945465467280883e+04 1.118252185559868667e+04 1.055574092063093667e+04 9.957165879973370465e+03 9.384964178964366511e+03 8.837408743813670299e+03 8.312870468287495896e+03 7.809811112452091947e+03 7.326776601107043462e+03 6.862390706912329733e+03 6.415349101282664378e+03 5.984413754788301048e+03 5.568407667914734702e+03 5.166209912522661398e+03 4.776750964138013842e+03 4.399008305215757900e+03 4.032002279703302520e+03 3.674792179564079561e+03 3.326472544310032390e+03 2.986169655064488779e+03 2.653038205201156416e+03 2.326258130091681323e+03 2.005031579024403754e+03 1.688580012855933319e+03 1.376141411405036251e+03 1.066967575045606964e+03 7.603215053315576597e+02 4.554748498104289069e+02 1.517053964774030703e+02 0.000000000000000000e+00
0.000000000000000000e+00 7.935994335863646484e+03 2.371071394716557188e+04 3.919528555946722918e+04 5.420189752505374781e+04 6.855144597159723344e+04 8.207744947864263668e+04 9.463014183763564506e+04 1.060805089070433460e+05 1.163239353918638226e+05 1.252830927165476023e+05 1.329097403295123077e+05 1.391852202434341307e+05 1.441195729164764343e+05 1.477493588231794129e+05 1.501344036032935255e+05 1.513537745112442644e+05 1.515013338269648957e+05 1.506812045164772135e+05 1.490034363402543531e+05 1.465800917893658625e+05 1.435218951314609731e+05 1.399355158675320854e+05 1.359214973810037773e+05 1.315727959523836034e+05 1.269738649922975310e+05 1.222002026667488244e+05 1.173182753589920903e+05 1.123857316493913531e+05 1.074518289175402606e+05 1.025580049642326194e+05 9.773853845418764104e+04 9.302125326828751713e+04 8.842823225651275425e+04 8.397651498522248585e+04 7.967876171604137926e+04 7.554387204964627745e+04 7.157755152992428339e+04 6.778282319861698488e+04 6.416048380264323350e+04 6.070950626765032212e+04 5.742739132841902756e+04 5.431047199439830001e+04 5.135417494854471443e+04 4.855324312897900381e+04 4.590192370450228191e+04 4.339412548804337712e+04 4.102354958327794884e+04 3.878379676361985184e+04 3.666845476474623138e+04 3.467116834969336924e+04 3.278569469143283641e+04 3.100594631969340480e+04 2.932602360143156329e+04 2.774023847017910157e+04 2.624313088952000908e+04 2.482947932987669265e+04 2.349430635467281900e+04 2.223288025042937807e+04 2.104071349372349141e+04 1.991355872446142530e+04 1.884740278777380445e+04 1.783845931431229474e+04 1.688316022913308552e+04 1.597814651119161317e+04 1.512025846730453850e+04 1.430652573501774532e+04 1.353415718696276235e+04 1.280053087401774246e+04 1.210318411497398301e+04 1.143980381564087293e+04 1.080821707975169920e+04 1.020638215698639942e+04 9.632379759413601278e+03 9.084404766214001938e+03 8.560758327260062288e+03 8.059840368659341948e+03 7.580142497446188827e+03 7.120241297940652657e+03 6.678792008698897916e+03 6.254522566266169633e+03 5.846227999923768948e+03 5.452765160223457315e+03 5.073047763162510819e+03 4.706041731288121809e+03 4.350760812766331583e+03 4.006262459432069591e+03 3.671643944998886127e+03 3.346038704888603206e+03 3.028612879531091039e+03 2.718562043441181686e+03 2.415108102855831021e+03 2.117496345220898547e+03 1.824992624318183289e+03 1.536880665299452630e+03 1.252459474363246727e+03 9.710408382173072823e+02 6.919468988486761418e+02 4.145077894563084442e+02 1.380593176619547080e+02 0.000000000000000000e+00
0.000000000000000000e+00 7.131924926428903746e+03 2.130912167037764812e+04 3.522795834323812596e+04 4.872156936830798804e+04 6.163127989458517550e+04 7.381006138250145887e+04 8.512600451043897192e+04 9.546563321571021515e+04 1.047368214347743924e+05 1.128710548551814572e+05 1.198248106231745187e+05 1.255799027985205612e+05 1.301427444678087923e+05 1.335425876606257807e+05 1.358288991158409626e+05 1.370680985894560581e+05 1.373399197874636739e+05 1.367336529544157675e+05 1.353444992677161645e+05 1.332702201159960241e+05 1.306082091057850339e+05 1.274530597747348802e+05 1.238946535545737715e+05 1.200167539426975418e+05 1.158960652444666193e+05 1.116016971082196542e+05 1.071949678488324134e+05 1.027294782499185094e+05 9.825139111561593018e+04 9.379985849120908824e+04 8.940754670853343850e+04 8.510121813047573960e+04 8.090233690782407939e+04 7.682767375043121865e+04 7.288989140663464786e+04 6.909809815495474322e+04 6.545836116288357880e+04 6.197417514625178592e+04 5.864688449006431620e+04 5.547605900009498873e+04 5.245982487388072332e+04 4.959515342934514047e+04 4.687811071359753987e+04 4.430407142210373422e+04 4.186790066208125063e+04 3.956410705222452816e+04 3.738697050961267087e+04 3.533064786926699162e+04 3.338925923892741412e+04 3.155695773089198701e+04 2.982798494819999178e+04 2.819671434386511828e+04 2.665768432571290032e+04 2.520562274968186102e+04 2.383546423337882879e+04 2.254236153012507202e+04 2.132169203168732565e+04 2.016906031463730687e+04 1.908029750986739964e+04 1.805145815583418153e+04 1.707881509226815979e+04 1.615885286089540205e+04 1.528826000178659888e+04 1.446392056692247388e+04 1.368290511513542515e+04 1.294246140365652536e+04 1.224000494994324799e+04 1.157310960233214246e+04 1.093949822851997124e+04 1.033703360613301265e+04 9.763709579029829911e+03 9.217642525897743326e+03 8.697063173637014188e+03 8.200308776531244803e+03 7.725815672853871547e+03 7.272112223046315194e+03 6.837812127635387697e+03 6.421608118355893566e+03 6.022266012306747143e+03 5.638619116227785526e+03 5.269562965956597509e+03 4.914050384684601340e+03 4.571086842683889699e+03 4.239726100599038546e+03 3.919066118127510435e+03 3.608245209882140443e+03 3.306438430384443109e+03 3.012854170405417790e+03 2.726730947252076021e+03 2.447334372054457162e+03 2.173954277564112544e+03 1.905901990481730991e+03 1.642507732824709365e+03 1.383118137318610479e+03 1.127093862247758125e+03 8.738072916135712376e+02 6.226403068275933492e+02 3.729821164739727806e+02 1.242271309549702920e+02 0.000000000000000000e+00
0.000000000000000000e+00 6.381656473282722800e+03 1.906809351855186105e+04 3.152539679536946278e+04 4.360580562165672018e+04 5.516909080017108499e+04 6.608559454547363566e+04 7.623919492130572326e+04 8.553005904127980466e+04 9.387701149295948562e+04 1.012193351917516702e+05 1.075178457683657471e+05 1.127551342059674644e+05 1.169349456179567496e+05 1.200807409895409801e+05 1.222335596302545600e+05 1.234493524123475509e+05 1.237959839738599258e+05 1.233501054974283761e+05 1.221940821428653726e+05 1.204131268969658704e+05 1.180927524343554396e+05 1.153166108545888274e+05 1.121647527102818131e+05 1.087123046487530228e+05 1.050285406819281779e+05 1.011763056868938438e+05 9.721174043943450670e+04 9.318425402034938452e+04 8.913669036499147478e+04 8.510563966091252223e+04 8.112185103427352442e+04 7.721070954568506568e+04 7.339274723468413868e+04 6.968416433152828540e+04 6.609734250537375920e+04 6.264133699388288369e+04 5.932233861911374697e+04 5.614410006542232441e+04 5.310832344584184466e+04 5.021500820394716720e+04 4.746275988566767046e+04 4.484906136467603210e+04 4.237050880311604851e+04 4.002301505324429309e+04 3.780198342042972217e+04 3.570245476802584017e+04 3.371923089375207201e+04 3.184697698009692249e+04 3.008030574486496698e+04 2.841384571285664424e+04 2.684229581096304537e+04 2.536046826776017042e+04 2.396332158270543005e+04 2.264598512444319567e+04 2.140377672576726036e+04 2.023221446625876342e+04 1.912702367330799825e+04 1.808414002808082660e+04 1.709970953457052747e+04 1.617008599630055141e+04 1.529182654548316350e+04 1.446168568235636849e+04 1.367660820682434496e+04 1.293372135923077985e+04 1.223032643100378664e+04 1.156389005794968762e+04 1.093203536813420760e+04 1.033253312172772166e+04 9.763292951047254974e+03 9.222354784583028959e+03 8.707880518430054508e+03 8.218145981640907848e+03 7.751533228073541068e+03 7.306523175938761597e+03 6.881688606985614570e+03 6.475687529826575883e+03 6.087256905992818247e+03 5.715206732657916291e+03 5.358414472382740314e+03 5.015819817522371523e+03 4.686419774940835850e+03 4.369264055268627999e+03 4.063450750014414098e+03 3.768122279274738958e+03 3.482461592541370919e+03 3.205688605085417294e+03 2.937056852551404063e+03 2.675850346688641821e+03 2.421380615519567527e+03 2.172983911705345690e+03 1.930018573338678834e+03 1.691862521882773308e+03 1.457910882485975890e+03 1.227573712363979212e+03 1.000273823389063637e+03 7.754446854449773809e+02 5.525283974745213982e+02 3.309737134609633245e+02 1.102341108515176131e+02 0.000000000000000000e+00
0.000000000000000000e+00 5.679248543569504363e+03 1.696984787237014825e+04 2.805811972866812357e+04 3.881373041250410461e+04 4.911315872140473948e+04 5.884236044267373654e+04 6.789930772514868295e+04 7.619629659606050700e+04 8.366189381631191645e+04 9.024239137142086111e+04 9.590265625001116132e+04 1.006263026240484469e+05 1.044151665353592107e+05 1.072881205754942930e+05 1.092793184610398603e+05 1.104359993388222938e+05 1.108160047217824176e+05 1.104851662286987848e+05 1.095147118015350716e+05 1.079788157704297919e+05 1.059523888056285505e+05 1.035091720475535112e+05 1.007201693190435471e+05 9.765242492817642051e+04 9.436813362135844363e+04 9.092405419089888164e+04 8.737118877844385861e+04 8.375468527503820951e+04 8.011391940418812737e+04 7.648271505035687005e+04 7.288966520874311391e+04 6.935852078094912576e+04 6.590861969880593824e+04 6.255533407123094366e+04 5.931051791448403674e+04 5.618294236642982287e+04 5.317870901670264720e+04 5.030163509094672918e+04 4.755360673713442520e+04 4.493489863065622194e+04 4.244445961122941662e+04 4.008016516143258195e+04 3.783903830455497518e+04 3.571744100331648951e+04 3.371123843813412532e+04 3.181593868291304898e+04 3.002681031850143336e+04 2.833898046216960574e+04 2.674751557210632745e+04 2.524748722964527769e+04 2.383402492445777170e+04 2.250235768107555123e+04 2.124784617741715192e+04 2.006600682348599366e+04 1.895252909514407656e+04 1.790328725637718162e+04 1.691434745517473129e+04 1.598197104357702301e+04 1.510261485157964853e+04 1.427292903700736315e+04 1.348975303842389258e+04 1.275011007475949009e+04 1.205120056266439860e+04 1.139039475960162417e+04 1.076522488640249503e+04 1.017337693648733148e+04 9.612682339248716744e+03 9.081109611439338551e+03 8.576756102004612330e+03 8.097839911937982833e+03 7.642692050849184852e+03 7.209748875436091112e+03 6.797544841445099337e+03 6.404705589590960699e+03 6.029941376890404172e+03 5.672040857615066670e+03 5.329865212319954480e+03 5.002342618907494398e+03 4.688463056207801856e+03 4.387273427948593053e+03 4.097872993087134091e+03 3.819409087139963049e+03 3.551073118271950989e+03 3.292096821402445130e+03 3.041748753392693288e+03 2.799331012375465889e+03 2.564176164480996249e+03 2.335644361536029919e+03 2.113120633699138125e+03 1.896012341463467465e+03 1.683746771949653066e+03 1.475768864911444552e+03 1.271539054374005218e+03 1.070531212309420198e+03 8.722306812012629962e+02 6.761323827593485021e+02 4.817389904290907907e+02 2.885591536393131946e+02 9.610576201500727223e+01 0.000000000000000000e+00
0.000000000000000000e+00 5.019303920726974866e+03 1.499825284800288318e+04 2.479945369853706870e+04 3.430849246385793958e+04 4.341703827627300780e+04 5.202516909599366045e+04 6.004354985197823407e+04 6.739537769034982193e+04 7.401799693881551502e+04 7.986408740403235424e+04 8.490234570986525796e+04 8.911760917035402963e+04 9.251041082580990042e+04 9.509599662060321134e+04 9.690287483834731393e+04 9.797099848450151330e+04 9.834969996765536780e+04 9.809550314890249865e+04 9.726993166262911109e+04 9.593741691191327118e+04 9.416338760706468020e+04 9.201259850815673417e+04 8.954773206519200176e+04 8.682828509775426937e+04 8.390973487132508308e+04 8.084296550366604060e+04 7.767392656159872422e+04 7.444349055919218517e+04 7.118747417754233174e+04 6.793678863801386615e+04 6.471768703543541778e+04 6.155207991891327401e+04 5.845789445649072877e+04 5.544945672306358028e+04 5.253788071497133933e+04 4.973145142867497634e+04 4.703599263671728841e+04 4.445521280636496522e+04 4.199102493386241986e+04 3.964383793821997824e+04 3.741281871833442710e+04 3.529612507953455497e+04 3.329111053620200983e+04 3.139450254945292545e+04 2.960255611207672337e+04 2.791118479032019241e+04 2.631607141066877739e+04 2.481276057037170540e+04 2.339673507838479782e+04 2.206347831870565642e+04 2.080852438659387190e+04 1.962749769199250659e+04 1.851614356257024338e+04 1.747035121786030140e+04 1.648617033051733233e+04 1.555982224388388022e+04 1.468770677870517829e+04 1.386640543703711046e+04 1.309268169842063980e+04 1.236347900223734541e+04 1.167591692030263221e+04 1.102728594455774692e+04 1.041504124546838284e+04 9.836795696501090788e+03 9.290312408007474005e+03 8.773496969165344126e+03 8.284389558445092916e+03 7.821157050644703304e+03 7.382085221174721482e+03 6.965571125275101622e+03 6.570115710678922369e+03 6.194316706338581753e+03 5.836861816749297759e+03 5.496522240710088226e+03 5.172146524728482291e+03 4.862654754336081169e+03 4.567033081101398238e+03 4.284328578860847301e+03 4.013644419400516654e+03 3.754135355399936088e+03 3.505003496659315260e+03 3.265494364438017783e+03 3.034893207956191873e+03 2.812521566691032604e+03 2.597734061969928462e+03 2.389915401426710559e+03 2.188477580132380353e+03 1.992857262561044081e+03 1.802513329982562254e+03 1.616924578362585180e+03 1.435587552357121012e+03 1.258014501513143387e+03 1.083731445288397254e+03 9.122763340002974246e+02 7.431972932681430848e+02 5.760509399235500041e+02 4.104007577461204619e+02 2.458155216989574967e+02 8.186775960260719387e+01 0.000000000000000000e+00
0.000000000000000000e+00 4.396929344532672985e+03 1.313869774592267095e+04 2.172528600764469593e+04 3.005686080113430944e+04 3.803896051278763480e+04 4.558451502123493992e+04 5.261571241401156294e+04 5.906564351419593004e+04 6.487964934519194503e+04 7.001629992774542188e+04 7.444794639519092743e+04 7.816081138966607978e+04 8.115461213515546115e+04 8.344174229416466551e+04 8.504606824148500164e+04 8.600141890626968234e+04 8.634986330928742245e+04 8.613987539313628804e+04 8.542448222702869680e+04 8.425948080902236688e+04 8.270179277399704733e+04 8.080800779526824772e+04 7.863314757009150344e+04 7.622966476634806895e+04 7.364667637061676942e+04 7.092941914607689250e+04 6.811890653551465948e+04 6.525176112898531574e+04 6.236019432949315524e+04 5.947210455319020548e+04 5.661126662849319109e+04 5.379758748425684462e+04 5.104740628738050145e+04 4.837382054093039187e+04 4.578702301225755946e+04 4.329463753661848023e+04 4.090204461609674763e+04 3.861269024256117700e+04 3.642837349526300386e+04 3.434951020621989301e+04 3.237537137648926364e+04 3.050429610150751614e+04 2.873387956648469481e+04 2.706113724676525817e+04 2.548264683441279340e+04 2.399466964856673076e+04 2.259325340646554469e+04 2.127431826266415737e+04 2.003372798942232839e+04 1.886734809077276805e+04 1.777109253174860351e+04 1.674096063469396540e+04 1.577306555566839961e+04 1.486365561260990762e+04 1.400912959805232276e+04 1.320604707627600146e+04 1.245113454007460314e+04 1.174128818719913579e+04 1.107357397162507186e+04 1.044522549029878792e+04 9.853640181672364633e+03 9.296374237745083519e+03 8.771136565868415346e+03 8.275782079484279166e+03 7.808304547596767407e+03 7.366829190262515112e+03 6.949605171072266785e+03 6.554998106739922150e+03 6.181482687834719400e+03 5.827635482835856237e+03 5.492127979451532156e+03 5.173719902058219304e+03 4.871252831709509337e+03 4.583644145080215822e+03 4.309881280553954639e+03 4.049016333165253855e+03 3.800160975007301204e+03 3.562481693737864589e+03 3.335195338823706606e+03 3.117564962955104875e+03 2.908895944472345491e+03 2.708532375619415689e+03 2.515853700803392712e+03 2.330271588729065115e+03 2.151227022250868231e+03 1.978187589937007260e+03 1.810644963636498915e+03 1.648112546758374720e+03 1.490123278441769571e+03 1.336227579317538812e+03 1.185991425106936731e+03 1.038994534837019046e+03 8.948286609811348171e+02 7.530959693366570491e+02 6.134074969173684622e+02 4.753816765603547765e+02 3.386429173276160327e+02 2.028202301055042653e+02 6.754588807333527711e+01 0.000000000000000000e+00
0.000000000000000000e+00 3.807689846215730540e+03 1.137794955313997525e+04 1.881380590470206880e+04 2.602882780674889364e+04 3.294127733832356898e+04 3.947585280344837520e+04 4.556528350607977336e+04 5.115171976322914270e+04 5.618785979241061432e+04 6.063775953463291080e+04 6.447728303997085459e+04 6.769416907922647079e+04 7.028771213765504945e+04 7.226808000559704669e+04 7.365531267588154878e+04 7.447806543973526277e+04 7.477217103755606513e+04 7.457910063666435599e+04 7.394440149618135183e+04 7.291618150435169809e+04 7.154369892948052438e+04 6.987610150030050136e+04 6.796134402252298605e+04 6.584529955390548275e+04 6.357106671594655199e+04 6.117846562031703797e+04 5.870370736631582986e+04 5.617921706379577518e+04 5.363358759254536562e+04 5.109164044546728837e+04 4.857457059486043727e+04 4.610015395161889319e+04 4.368299828196722956e+04 4.133482109198115359e+04 3.906474074103042949e+04 3.687956972150730144e+04 3.478410152221920725e+04 3.278138470352487639e+04 3.087297971878045064e+04 2.905919561197376242e+04 2.733930501816944525e+04 2.571173691639233948e+04 2.417424736549535373e+04 2.272406902677777543e+04 2.135804067677981584e+04 2.007271817194731557e+04 1.886446847280770817e+04 1.772954839432419976e+04 1.666416974282182127e+04 1.566455244633338589e+04 1.472696719903295343e+04 1.384776903329396373e+04 1.302342311387894915e+04 1.225052392484746633e+04 1.152580889595902408e+04 1.084616739544230222e+04 1.020864590238813253e+04 9.610450066319090183e+03 9.048944264625090000e+03 8.521649180834741856e+03 8.026237848104363366e+03 7.560530532565296198e+03 7.122488769854523525e+03 6.710208814551298019e+03 6.321914715832390357e+03 5.955951192686923605e+03 5.610776447863264366e+03 5.284955030701661599e+03 4.977150834499558187e+03 4.686120293548585323e+03 4.410705827899080759e+03 4.149829569815693503e+03 3.902487394328837127e+03 3.667743266937202407e+03 3.444723913993951555e+03 3.232613815347236596e+03 3.030650514161087813e+03 2.838120235274969218e+03 2.654353800801086436e+03 2.478722829731324964e+03 2.310636206993925043e+03 2.149536806571882607e+03 1.994898452835180024e+03 1.846223104082135933e+03 1.703038242374225092e+03 1.564894454006599290e+03 1.431363185341615690e+03 1.302034659208404719e+03 1.176515937609817456e+03 1.054429117036126172e+03 9.354096432738751901e+02 8.191047331525301161e+02 7.051718912271946920e+02 5.932775099194501536e+02 4.830955421062682831e+02 3.743062355922903635e+02 2.665949192759380253e+02 1.596508311536901488e+02 5.316597858118343822e+01 0.000000000000000000e+00
0.000000000000000000e+00 3.247561266940498626e+03 9.704006717737127474e+03 1.604524958595411226e+04 2.219723277698202219e+04 2.808995329550872702e+04 3.365895417212318716e+04 3.884667897265601641e+04 4.360364253455914877e+04 4.788937196127751668e+04 5.167307676455326146e+04 5.493401689142644318e+04 5.766155170866604749e+04 5.985487042717917939e+04 6.152242290565136500e+04 6.268108705633081991e+04 6.335512319830963679e+04 6.357497523763248319e+04 6.337598281080662855e+04 6.279706757297685544e+04 6.187945133772773988e+04 6.066545489958265534e+04 5.919741540153880487e+04 5.751674833907015272e+04 5.566316883420453087e+04 5.367407651572819304e+04 5.158409975181936898e+04 4.942478836298533133e+04 4.722443932327755465e+04 4.500803718830311846e+04 4.279728980988301191e+04 4.061073999445857044e+04 3.846393480973049736e+04 3.636963593667282839e+04 3.433805653703491407e+04 3.237711234412630438e+04 3.049267692229369277e+04 2.868883316086777268e+04 2.696811499524342798e+04 2.533173503880753560e+04 2.377979524798800776e+04 2.231147893094792380e+04 2.092522336339317189e+04 1.961887301520594701e+04 1.838981394605959213e+04 1.723509032450135783e+04 1.615150429051122774e+04 1.513570054148396594e+04 1.418423709837857496e+04 1.329364372213541719e+04 1.246046941687011167e+04 1.168132038953832125e+04 1.095288974685369431e+04 1.027198010793167305e+04 9.635520202286576023e+03 9.040576412476513724e+03 8.484360112624330213e+03 7.964231550831154891e+03 7.477700926872205855e+03 7.022427227542882974e+03 6.596215301107266896e+03 6.197011579597337004e+03 5.822898793042654688e+03 5.472089962760563139e+03 5.142921911016642298e+03 4.833848481198327136e+03 4.543433625491669773e+03 4.270344485306500246e+03 4.013344562755798052e+03 3.771287058817850266e+03 3.543108434852479604e+03 3.327822238411152739e+03 3.124513221352215623e+03 2.932331767729093826e+03 2.750488640432776720e+03 2.578250048787481319e+03 2.414933033993445406e+03 2.259901165210317231e+03 2.112560535982209331e+03 1.972356048446524255e+03 1.838767971192413825e+03 1.711308755594807508e+03 1.589520094862918086e+03 1.472970209797364760e+03 1.361251345266823364e+03 1.253977461655600791e+03 1.150782105896666053e+03 1.051316447210052047e+03 9.552474632158796339e+02 8.622562626870651457e+02 7.720365318405172275e+02 6.842930916722739312e+02 5.987405544494474725e+02 5.151020680494430053e+02 4.331081373724802575e+02 3.524955125481006348e+02 2.730061341053698243e+02 1.943861256678848406e+02 1.163848250677034599e+02 3.875384504831901467e+01 0.000000000000000000e+00
0.000000000000000000e+00 2.712883631725222131e+03 8.105957214681163350e+03 1.340165762976830047e+04 1.853741245296152920e+04 2.345410516521638783e+04 2.809733815727154797e+04 3.241857258685592024e+04 3.637610705799773859e+04 3.993585869832409662e+04 4.307191503051835025e+04 4.576683337267814932e+04 4.801167597498284886e+04 4.980578269428260683e+04 5.115629728198135854e+04 5.207747672401802265e+04 5.258982407781941583e+04 5.271909283069558296e+04 5.249521440241647360e+04 5.195120001705871255e+04 5.112206423022419040e+04 5.004381070601605461e+04 4.875251235512491985e+04 4.728350865130955208e+04 4.567073371595109347e+04 4.394618029482723068e+04 4.213949752606471884e+04 4.027771467605207727e+04 3.838507887463593943e+04 3.648299223932976747e+04 3.459003246643816965e+04 3.272204075397437191e+04 3.089226155500915775e+04 2.911151989518945629e+04 2.738842360401115366e+04 2.572957962029017290e+04 2.413981539130796227e+04 2.262239818339643898e+04 2.117924678475141991e+04 1.981113156339541820e+04 1.851786012210257104e+04 1.729844686291296966e+04 1.615126564417905684e+04 1.507418539857250835e+04 1.406468910164193403e+04 1.311997685988678859e+04 1.223705414751484568e+04 1.141280638390543572e+04 1.064406112895877413e+04 9.927639198518689227e+03 9.260395981958232369e+03 8.639254191385027298e+03 8.061229197111885696e+03 7.523448015335106902e+03 7.023162917870306956e+03 6.557760535178359532e+03 6.124767226554037734e+03 5.721851397729615201e+03 5.346823358101275517e+03 4.997633228399979998e+03 4.672367335424278281e+03 4.369243463698267078e+03 4.086605274465455295e+03 3.822916150031049710e+03 3.576752675663920854e+03 3.346797931596602666e+03 3.131834733562687688e+03 2.930738931234756365e+03 2.742472849307843262e+03 2.566078935322054804e+03 2.400673661125513718e+03 2.245441710663957110e+03 2.099630475198820477e+03 1.962544867649022308e+03 1.833542460259545805e+03 1.712028943889212542e+03 1.597453902624509510e+03 1.489306893980007999e+03 1.387113822380444162e+03 1.290433591838368102e+03 1.198855022558932205e+03 1.111994015493959978e+03 1.029490948569022976e+03 9.510082883018000075e+02 8.762284007524452818e+02 8.048515461403284235e+02 7.365940419797133245e+02 6.711865801962185287e+02 6.083726843331108967e+02 5.479072936316966889e+02 4.895554614527981698e+02 4.330911561774599932e+02 3.782961533620014620e+02 3.249590085315489318e+02 2.728741005549209149e+02 2.218407360589758923e+02 1.716623058009839156e+02 1.221454843128399261e+02 7.309946448611853498e+01 2.433521902994966624e+01 0.000000000000000000e+00
0.000000000000000000e+00 2.200316836374091508e+03 6.573844633310204699e+03 1.086664910623357173e+04 1.502688085307458823e+04 1.900558734465941961e+04 2.275776603005680226e+04 2.624331032342711478e+04 2.942781745170236900e+04 3.228322928539249187e+04 3.478828175266853214e+04 3.692874541933024739e+04 3.869744900278098794e+04 4.009408824093359726e+04 4.112483361965452787e+04 4.180176082581555966e+04 4.214213637810426007e+04 4.216759689321808401e+04 4.190326343081954838e+04 4.137683227629637258e+04 4.061768066536956030e+04 3.965602088900391391e+04 3.852212964871116128e+04 3.724567220543088479e+04 3.585513346630556771e+04 3.437736124636000022e+04 3.283722093365661567e+04 3.125735592091378567e+04 2.965804453895446932e+04 2.805714181245027794e+04 2.647009304260702629e+04 2.491000583699123308e+04 2.338776756022636255e+04 2.191219607527275002e+04 2.049021290199989380e+04 1.912702938039435685e+04 1.782633796214218819e+04 1.659050226817887960e+04 1.542074097133680334e+04 1.431730184696401193e+04 1.327962345536481735e+04 1.230648286890262170e+04 1.139612863601885874e+04 1.054639879477342402e+04 9.754824225214853868e+03 9.018717981068650261e+03 8.335251485654005592e+03 7.701518633201796547e+03 7.114588921914606544e+03 6.571550774721099515e+03 6.069546191123885365e+03 5.605797830262078605e+03 5.177629560799226056e+03 4.782481435124139352e+03 4.417919959724144974e+03 4.081644445026121048e+03 3.771490130103642514e+03 3.485428692828924795e+03 3.221566676051559170e+03 2.978142286322990003e+03 2.753520954107873877e+03 2.546189983601761014e+03 2.354752566140501131e+03 2.177921383495278405e+03 2.014511985755020078e+03 1.863436092527601431e+03 1.723694935369197083e+03 1.594372733154371872e+03 1.474630370010194383e+03 1.363699327012923504e+03 1.260875903585888636e+03 1.165515752016890019e+03 1.077028738409371499e+03 9.948741352563407645e+02 9.185561444229472272e+02 8.476197444004330919e+02 7.816468519244106119e+02 7.202527853053512672e+02 6.630830148815133498e+02 6.098101847214330746e+02 5.601313889852971215e+02 5.137656860110732850e+02 4.704518332047193212e+02 4.299462260868588146e+02 3.920210252837232474e+02 3.564624558352797408e+02 3.230692638688972238e+02 2.916513164138799539e+02 2.620283308882367237e+02 2.340287215492974440e+02 2.074885509480932342e+02 1.822505751531558644e+02 1.581633721861632011e+02 1.350805437567577769e+02 1.128599809710051716e+02 9.136318521416168892e+01 7.045463588783961484e+01 5.000119709139860902e+01 2.987155569081992113e+01 9.935683496506081624e+00 0.000000000000000000e+00
0.000000000000000000e+00 1.706799343842242934e+03 5.098543963631846964e+03 8.425213889679040221e+03 1.164503823066726181e+04 1.471861954579359917e+04 1.760979311424995467e+04 2.028639588628896672e+04 2.272092013290104296e+04 2.489102904556428257e+04 2.677991548090240030e+04 2.837649078574445593e+04 2.967539793883455786e+04 3.067685156723226464e+04 3.138631598567367109e+04 3.181404042996327553e+04 3.197447733213059109e+04 3.188561421467111722e+04 3.156825221801664520e+04 3.104526435636997849e+04 3.034086451930669864e+04 2.947991439914450166e+04 2.848729044870617872e+04 2.738732722441346777e+04 2.620334757921185519e+04 2.495728459014274995e+04 2.366939517555828206e+04 2.235806129326107839e+04 2.103967151388933053e+04 1.972857363637009985e+04 1.843708778255823563e+04 1.717556895541063204e+04 1.595250822197394155e+04 1.477466233466129961e+04 1.364720258433333402e+04 1.257387485534384723e+04 1.155716411663668259e+04 1.059845784792331324e+04 9.698204102850597337e+03 8.856061009002127321e+03 8.071035472178436976e+03 7.341609678388281282e+03 6.665854670527652161e+03 6.041530824444092104e+03 5.466175472756840463e+03 4.937178238829535076e+03 4.451844863216511840e+03 4.007450446546001785e+03 3.601283110790402134e+03 3.230679108810921662e+03 2.893050401800349846e+03 2.585905685969732531e+03 2.306865792064714697e+03 2.053674310989674268e+03 1.824204221494975172e+03 1.616461215775964774e+03 1.428584339231779722e+03 1.258844483764058623e+03 1.105641201569677605e+03 9.674982393072382365e+02 8.430581314064652361e+02 7.310761364205320660e+02 6.304137515148734110e+02 5.400319973821511894e+02 4.589846286171631959e+02 3.864113925176571911e+02 3.215314319177641096e+02 2.636369045267499018e+02 2.120868719070102770e+02 1.663014951618524435e+02 1.257565612587405610e+02 8.997835324541202340e+01 5.853886910712209612e+01 3.105138728352472910e+01 7.166371698447949079e+00 -1.343229474122744271e+01 -3.103076207649423779e+01 -4.588836651809851475e+01 -5.824050209799062117e+01 -6.830122858844205780e+01 -7.626563378703183105e+01 -8.231196817215953843e+01 -8.660356958359035673e+01 -8.929059502737999310e+01 -9.051157601369575900e+01 -9.039481305563371905e+01 -8.905962411556184577e+01 -8.661746092035002675e+01 -8.317290619588801803e+01 -7.882456403056377781e+01 -7.366585474438151948e+01 -6.778572486508986117e+01 -6.126928209399017788e+01 -5.419836445044195727e+01 -4.665205218835044576e+01 -3.870713051910955471e+01 -3.043851067730348348e+01 -2.191961646439354894e+01 -1.322274302701064563e+01 -4.419394341914906654e+00 0.000000000000000000e+00
0.000000000000000000e+00 1.229510117606170979e+03 3.671647500761523133e+03 6.063523064223237270e+03 8.372907529112795601e+03 1.056945267343016167e+04 1.262537008349994176e+04 1.451603660251586371e+04 1.622050680758602539e+04 1.772191488235235374e+04 1.900775154069393466e+04 2.007000624310336207e+04 2.090517064773930906e+04 2.151410565858212067e+04 2.190178102638408745e+04 2.207690261450691469e+04 2.205144758789386105e+04 2.184013146827924356e+04 2.145983295267693393e+04 2.092900255044566802e+04 2.026707958525082358e+04 1.949393921569520171e+04 1.862938723549907809e+04 1.769271594520632061e+04 1.670232975361633726e+04 1.567544472522194155e+04 1.462786231628636051e+04 1.357381422171137274e+04 1.252587268335697445e+04 1.149491880551034046e+04 1.049016034119788128e+04 9.519189967571523084e+03 8.588075148301051740e+03 7.701471165007201307e+03 6.862749669791912311e+03 6.074136059373740864e+03 5.336850006513131120e+03 4.651244532577773498e+03 4.016940011075284019e+03 3.432950417034634938e+03 2.897799957548838393e+03 2.409628922675339709e+03 1.966288180684562349e+03 1.565422211667392958e+03 1.204540937578645071e+03 8.810808765386857431e+02 5.924563376191694033e+02 3.361014925346651125e+02 1.095042253815029909e+02 -8.976731758790981530e+01 -2.640445687438617597e+02 -4.155438981444608544e+02 -5.463566728014583305e+02 -6.584432630192567331e+02 -7.536303137006923407e+02 -8.336106715984655011e+02 -8.999454319052426854e+02 -9.540676371954597244e+02 -9.972872271577296033e+02 -1.030796897903863282e+03 -1.055678584392005632e+03 -1.072910328531290133e+03 -1.083373338874693673e+03 -1.087859085681749320e+03 -1.087076307874165650e+03 -1.081657836415140309e+03 -1.072167162371687937e+03 -1.059104697801798011e+03 -1.042913694065813388e+03 -1.023985795652486331e+03 -1.002666218528305990e+03 -9.792585506989113355e+02 -9.540291794588209768e+02 -9.272113550214577344e+02 -8.990089040816576471e+02 -8.695996096444271188e+02 -8.391382753009809221e+02 -8.077594932861152301e+02 -7.755801362003261374e+02 -7.427015923573489999e+02 -7.092117644762406599e+02 -6.751868508937691331e+02 -6.406929277506607150e+02 -6.057873497440665460e+02 -5.705199860936450023e+02 -5.349343073614193145e+02 -4.990683377600236099e+02 -4.629554865666248702e+02 -4.266252712773895723e+02 -3.901039441949366733e+02 -3.534150332349564678e+02 -3.165798069148765421e+02 -2.796176726986708445e+02 -2.425465171662945352e+02 -2.053829958364263462e+02 -1.681427798984588549e+02 -1.308407666053504386e+02 -9.349125964316301918e+01 -5.610812543361696925e+01 -1.870493102209714209e+01 0.000000000000000000e+00
0.000000000000000000e+00 7.658337375102163378e+02 2.285360537228303201e+03 3.768756361106469285e+03 5.192895920682468386e+03 6.536068499794465424e+03 7.778486953578036264e+03 8.902740363012670059e+03 9.894175453776169888e+03 1.074119353353983024e+04 1.143545225982688862e+04 1.197196504721655037e+04 1.234909522448592543e+04 1.256844687499703650e+04 1.263465924240719869e+04 1.255511621602090963e+04 1.233958630413091487e+04 1.199981132176173924e+04 1.154906355191541115e+04 1.100169132455611361e+04 1.037267187641374585e+04 9.677188206064105543e+03 8.930243701088587841e+03 8.146324902893791659e+03 7.339119202248929469e+03 6.521290801591913805e+03 5.704315158556790266e+03 4.898369491745414962e+03 4.112274869214737009e+03 3.353483936134249689e+03 2.628107445097095479e+03 1.940972369070959530e+03 1.295704419482847015e+03 6.948281669214599106e+02 1.398785757558437979e+02 -3.684814698076297077e+02 -8.303422274097611080e+02 -1.246430465759550543e+03 -1.617998032526427096e+03 -1.946717747386380097e+03 -2.234588066896356395e+03 -2.483847384131282070e+03 -2.696898341208843249e+03 -2.876242144103277042e+03 -3.024422569618377565e+03 -3.143979134439279733e+03 -3.237408745176314824e+03 -3.307135055048340746e+03 -3.355484706572629875e+03 -3.384669630407229761e+03 -3.396774589411858869e+03 -3.393749196301942902e+03 -3.377403686557171113e+03 -3.349407790164334529e+03 -3.311292112076961985e+03 -3.264451498724300563e+03 -3.210149934032996043e+03 -3.149526571493792744e+03 -3.083602567639771223e+03 -3.013288436183901467e+03 -2.939391690605401436e+03 -2.862624586156342502e+03 -2.783611810098639125e+03 -2.702898001802096132e+03 -2.620955012451500806e+03 -2.538188837906460776e+03 -2.454946178185798090e+03 -2.371520593518017449e+03 -2.288158240329938508e+03 -2.205063181349313709e+03 -2.122402272502885808e+03 -2.040309635906276753e+03 -1.958890733187021624e+03 -1.878226056989693006e+03 -1.798374461002194266e+03 -1.719376150394909018e+03 -1.641255355404852025e+03 -1.564022711041333878e+03 -1.487677365684601909e+03 -1.412208840778868762e+03 -1.337598663028371675e+03 -1.263821789507231870e+03 -1.190847844966271396e+03 -1.118642189449357375e+03 -1.047166833106615741e+03 -9.763812138664466147e+02 -9.062428524356859043e+02 -8.367078979304561699e+02 -7.677315763434035034e+02 -6.992685530004196153e+02 -6.312732191903118064e+02 -5.636999122586757949e+02 -4.965030776260273342e+02 -4.296373804420764486e+02 -3.630577739333864997e+02 -2.967195308956403323e+02 -2.305782442694348617e+02 -1.645898022976476227e+02 -9.871034338165206634e+01 -3.289619546671472250e+01 0.000000000000000000e+00
0.000000000000000000e+00 3.133284801000489779e+02 9.324060853849879322e+02 1.528945047207134394e+03 2.088578643396734151e+03 2.597908773097050926e+03 3.044853583713274929e+03 3.418955568773239975e+03 3.711639629922763106e+03 3.916411722207743878e+03 4.028990478444102791e+03 4.047366662375598935e+03 3.971788344695411979e+03 3.804673134493853468e+03 3.550452353636941098e+03 3.215355396092796582e+03 2.807145360943910418e+03 2.334819135760043082e+03 1.808286272815228813e+03 1.238041186640820115e+03 6.348424543712030754e+02 9.411454813698693300e+00 -6.278395644377292228e+02 -1.267042421808490417e+03 -1.899066028485201059e+03 -2.515665189550782543e+03 -3.109585216862241396e+03 -3.674624387432175354e+03 -4.205657848887064574e+03 -4.698627688453695555e+03 -5.150504558956375149e+03 -5.559226537899826326e+03 -5.923620845756808194e+03 -6.243313738506757545e+03 -6.518633389580060793e+03 -6.750509955680167877e+03 -6.940376339178669696e+03 -7.090072465817644115e+03 -7.201755228318304944e+03 -7.277815631075593956e+03 -7.320804125842775647e+03 -7.333364662243554449e+03 -7.318177592596540308e+03 -7.277911265627281864e+03 -7.215181912291095614e+03 -7.132521261241767206e+03 -7.032351212457393558e+03 -6.916964835725404555e+03 -6.788512937114239321e+03 -6.648995442764232394e+03 -6.500256877845508825e+03 -6.343985262844349563e+03 -6.181713804046412406e+03 -6.014824815720710831e+03 -5.844555374613273671e+03 -5.672004270213697055e+03 -5.498139874890675856e+03 -5.323808615063700017e+03 -5.149743777168567249e+03 -4.976574429782957850e+03 -4.804834285698997519e+03 -4.634970365039538592e+03 -4.467351352805099850e+03 -4.302275571908309757e+03 -4.139978516088050128e+03 -3.980639906544253790e+03 -3.824390252139125096e+03 -3.671316905896056142e+03 -3.521469620803718499e+03 -3.374865615911401164e+03 -3.231494169700398743e+03 -3.091320762138838290e+03 -2.954290789849211706e+03 -2.820332880739445500e+03 -2.689361835476806391e+03 -2.561281223488730120e+03 -2.435985660923922751e+03 -2.313362797305453114e+03 -2.193295036630674986e+03 -2.075661017427060415e+03 -1.960336874876333241e+03 -1.847197306682277258e+03 -1.736116462803415288e+03 -1.626968677669298813e+03 -1.519629061996509108e+03 -1.413973969865450727e+03 -1.309881355342483175e+03 -1.207231031607419482e+03 -1.105904844330662854e+03 -1.005786769891069866e+03 -9.067629479893254256e+02 -8.087216572419401928e+02 -7.115532414764528539e+02 -6.151499936698465945e+02 -5.194060037734451498e+02 -4.242169760604871840e+02 -3.294800211030649848e+02 -2.350934270253878253e+02 -1.409564143080532688e+02 -4.696887811725276407e+01 0.000000000000000000e+00
0.000000000000000000e+00 -1.303029436556806218e+02 -3.940623548115370909e+02 -6.671715683825060523e+02 -9.554977728031168454e+02 -1.264370435944743804e+03 -1.598388918764713935e+03 -1.961252907631687094e+03 -2.355622064019204572e+03 -2.783010776714416352e+03 -3.243722945158882339e+03 -3.736830282697053462e+03 -4.260195746829559539e+03 -4.810541501612504362e+03 -5.383558480243565100e+03 -5.974052362946737958e+03 -6.576118835117213166e+03 -7.183339529039837544e+03 -7.788989205775352275e+03 -8.386244556898403971e+03 -8.968385478574175067e+03 -9.528980708664064878e+03 -1.006205118937283078e+04 -1.056220626492485462e+04 -1.102474968230258310e+04 -1.144575418237285521e+04 -1.182210512449121052e+04 -1.215151498906874258e+04 -1.243251169540314731e+04 -1.266440443607752059e+04 -1.284723117306435415e+04 -1.298169209519890865e+04 -1.306907324697528202e+04 -1.311116425757112484e+04 -1.311017368103363879e+04 -1.306864495482084567e+04 -1.298937543981585441e+04 -1.287534045783536931e+04 -1.272962372123952264e+04 -1.255535507402249277e+04 -1.235565604770128812e+04 -1.213359338467255839e+04 -1.189214039805347238e+04 -1.163414581764615832e+04 -1.136230961136996848e+04 -1.107916516360651258e+04 -1.078706712845589936e+04 -1.048818424925904583e+04 -1.018449643824280793e+04 -9.877795434856196152e+03 -9.569688402137146113e+03 -9.261603872016730747e+03 -8.954799508424201122e+03 -8.650371217892143250e+03 -8.349263198382463088e+03 -8.052278576146216437e+03 -7.760090336181354360e+03 -7.473252303303597728e+03 -7.192209977438435999e+03 -6.917311068181784321e+03 -6.648815610033805569e+03 -6.386905571060006878e+03 -6.131693894423954589e+03 -5.883232934612533427e+03 -5.641522268609553066e+03 -5.406515877249123150e+03 -5.178128703870003847e+03 -4.956242606618359787e+03 -4.740711727722818068e+03 -4.531367308084422802e+03 -4.328021978943489557e+03 -4.130473564518655621e+03 -3.938508430505366960e+03 -3.751904413533368370e+03 -3.570433366175143419e+03 -3.393863351084746228e+03 -3.221960516491109956e+03 -3.054490683599478416e+03 -2.891220674648849581e+03 -2.731919408434177512e+03 -2.576358788141170862e+03 -2.424314404377748815e+03 -2.275566074337685677e+03 -2.129898236197693677e+03 -1.987100216045067100e+03 -1.846966382959546081e+03 -1.709296206303622967e+03 -1.573894227801804391e+03 -1.440569959651953468e+03 -1.309137718658627591e+03 -1.179416405274332647e+03 -1.051229235401363439e+03 -9.244034319023553508e+02 -7.987698819514598654e+02 -6.741627656417557546e+02 -5.504191606422906489e+02 -4.273786271433112915e+02 -3.048827768811137275e+02 -1.827748296454714421e+02 -6.089916036590261683e+01 0.000000000000000000e+00
0.000000000000000000e+00 -5.672403442721848705e+02 -1.700541072168217624e+03 -2.830277935897943280e+03 -3.953995779399016101e+03 -5.069123109064927121e+03 -6.172930962926545362e+03 -7.262497869494542101e+03 -8.334683365890479763e+03 -9.386112716856039697e+03 -1.041317537641619856e+04 -1.141203929809071087e+04 -1.237868242225353788e+04 -1.330894160669308440e+04 -1.419857802718329003e+04 -1.504335679911154693e+04 -1.583913740866929220e+04 -1.658197062666921920e+04 -1.726819700906785511e+04 -1.789454191890390211e+04 -1.845820223718190755e+04 -1.895692052297858754e+04 -1.938904325786627669e+04 -1.975356086774175856e+04 -2.005012835071490554e+04 -2.027906645286360799e+04 -2.044134434083557790e+04 -2.053854555950119902e+04 -2.057281969654621571e+04 -2.054682258995609300e+04 -2.046364811467808977e+04 -2.032675459285703982e+04 -2.013988871991879932e+04 -1.990700962369219269e+04 -1.963221531419251187e+04 -1.931967337401247642e+04 -1.897355731523303621e+04 -1.859798961451509240e+04 -1.819699205313965649e+04 -1.777444364687647976e+04 -1.733404615967933569e+04 -1.687929695851368524e+04 -1.641346878374375228e+04 -1.593959587716307033e+04 -1.546046582293920983e+04 -1.497861640916710894e+04 -1.449633680293104408e+04 -1.401567234307247963e+04 -1.353843228610087863e+04 -1.306619988629502768e+04 -1.260034424609747111e+04 -1.214203343342229527e+04 -1.169224842506965615e+04 -1.125179749758564867e+04 -1.082133074659967860e+04 -1.040135447158907118e+04 -9.992245214290856893e+03 -9.594263285024966535e+03 -9.207565651891576636e+03 -8.832218103138446168e+03 -8.468206623164673147e+03 -8.115447948003344209e+03 -7.773799287061997347e+03 -7.443067214831540696e+03 -7.123015749707784380e+03 -6.813373647388189966e+03 -6.513840943982502722e+03 -6.224094789405944539e+03 -5.943794615173345846e+03 -5.672586682691442547e+03 -5.410108058894660644e+03 -5.155990065815678463e+03 -4.909861249627820143e+03 -4.671349913089859001e+03 -4.440086253265330924e+03 -4.215704144041812469e+03 -3.997842600441934792e+03 -3.786146959092096949e+03 -3.580269806552503269e+03 -3.379871684574169649e+03 -3.184621598796751641e+03 -2.994197354927812739e+03 -2.808285744096725921e+03 -2.626582596883471979e+03 -2.448792723456960175e+03 -2.274629755334593483e+03 -2.103815902533121516e+03 -1.936081638261475973e+03 -1.771165321829112600e+03 -1.608812769134413202e+03 -1.448776778886669945e+03 -1.290816621648272076e+03 -1.134697497835831882e+03 -9.801899699682967366e+02 -8.270693737246101591e+02 -6.751152117153970948e+02 -5.241105333410282583e+02 -3.738413036279418975e+02 -2.240957635578530471e+02 -7.466378409974532815e+01 0.000000000000000000e+00
0.000000000000000000e+00 -9.995710711758169964e+02 -2.993250588017838709e+03 -4.970604303480136878e+03 -6.920953377060484854e+03 -8.833920078362125423e+03 -1.069953600608533088e+04 -1.250833946411656507e+04 -1.425146062859068661e+04 -1.592069406332814651e+04 -1.750855893986856972e+04 -1.900834789450442622e+04 -2.041416575524065411e+04 -2.172095939167081087e+04 -2.292453972185447128e+04 -2.402159652778392046e+04 -2.500970627755005262e+04 -2.588733272197798215e+04 -2.665381970501350952e+04 -2.730937545467108794e+04 -2.785504762862881034e+04 -2.829268856992183646e+04 -2.862491055326409332e+04 -2.885503122437611091e+04 -2.898700989873091385e+04 -2.902537583823380919e+04 -2.897515001803234554e+04 -2.884176219632916036e+04 -2.863096528690365813e+04 -2.834874910027749866e+04 -2.800125547049898887e+04 -2.759469663480575036e+04 -2.713527850407032383e+04 -2.662913017681465135e+04 -2.608224073288239379e+04 -2.550040401703922180e+04 -2.488917180703951817e+04 -2.425381546993745360e+04 -2.359929595535665794e+04 -2.293024176152857763e+04 -2.225093434184939179e+04 -2.156530029629435012e+04 -2.087690961050815531e+04 -2.018897916145001363e+04 -1.950438069701177665e+04 -1.882565251212574731e+04 -1.815501407981397278e+04 -1.749438294712076822e+04 -1.684539326780166084e+04 -1.620941541179824708e+04 -1.558757616237072762e+04 -1.498077908233055859e+04 -1.438972469895303402e+04 -1.381493022121851209e+04 -1.325674856186165380e+04 -1.271538648979992831e+04 -1.219092178537929431e+04 -1.168331931159782653e+04 -1.119244594926758691e+04 -1.071808437314464209e+04 -1.025994566999295057e+04 -9.817680818764403739e+03 -9.390891068081506091e+03 -8.979137257605538252e+03 -8.581948138076393661e+03 -8.198827750382395607e+03 -7.829261927338960049e+03 -7.472723983346512796e+03 -7.128679657150242747e+03 -6.796591371771520244e+03 -6.475921873661222889e+03 -6.166137310456527302e+03 -5.866709803541592919e+03 -5.577119568167008765e+03 -5.296856630244351436e+03 -5.025422185204072775e+03 -4.762329640617870609e+03 -4.507105380652170425e+03 -4.259289286916329729e+03 -4.018435046935672744e+03 -3.784110278313512026e+03 -3.555896493682162600e+03 -3.333388928796999608e+03 -3.116196253584770602e+03 -2.903940183613884528e+03 -2.696255007321592075e+03 -2.492787042403571377e+03 -2.293194033006759582e+03 -2.097144497784825035e+03 -1.904317037476742598e+03 -1.714399609391393824e+03 -1.527088775070092652e+03 -1.342088926410126533e+03 -1.159111494661236065e+03 -9.778741459601501447e+02 -7.980999664106243472e+02 -6.195166391617270847e+02 -4.418556154725437750e+02 -2.648512813621785540e+02 -8.824012113817751413e+01 0.000000000000000000e+00
0.000000000000000000e+00 -1.429313461878098451e+03 -4.278205385957660837e+03 -7.098040879046149712e+03 -9.869939648691703042e+03 -1.257574169881565467e+04 -1.519826504244099669e+04 -1.772153520193011718e+04 -2.013098130975977983e+04 -2.241359536604879031e+04 -2.455805295865183871e+04 -2.655479536869482035e+04 -2.839607436403931206e+04 -3.007596206248270755e+04 -3.159032900551269631e+04 -3.293679404076559877e+04 -3.411464981271518627e+04 -3.512476766814716393e+04 -3.596948566024574393e+04 -3.665248314078804106e+04 -3.717864520902166259e+04 -3.755392006684050284e+04 -3.778517212644302344e+04 -3.788003352919431927e+04 -3.784675655480670684e+04 -3.769406921671163582e+04 -3.743103614045447466e+04 -3.706692659857358376e+04 -3.661109132355919428e+04 -3.607284944109892967e+04 -3.546138656484193780e+04 -3.478566478040779475e+04 -3.405434493166619359e+04 -3.327572131830093713e+04 -3.245766863116550667e+04 -3.160760070039545462e+04 -3.073244041741705951e+04 -2.983860002008095398e+04 -2.893197080174696021e+04 -2.801792121946381667e+04 -2.710130233076128206e+04 -2.618645947871819953e+04 -2.527724916592230511e+04 -2.437706010398690341e+04 -2.348883749080793859e+04 -2.261510964724717269e+04 -2.175801623339166326e+04 -2.091933735762015567e+04 -2.010052298564381272e+04 -1.930272214851574245e+04 -1.852681153600709149e+04 -1.777342314300641374e+04 -1.704297071070043239e+04 -1.633567477052601862e+04 -1.565158615700891278e+04 -1.499060790577381522e+04 -1.435251549546642855e+04 -1.373697542757785413e+04 -1.314356216681916885e+04 -1.257177348738116234e+04 -1.202104428785661548e+04 -1.149075895044874960e+04 -1.098026232900714604e+04 -1.048886945605375513e+04 -1.001587406182851737e+04 -9.560555999009700827e+03 -9.122187665629417097e+03 -8.700039516174507298e+03 -8.293384747265599799e+03 -7.901503240003003157e+03 -7.523684836212338269e+03 -7.159232020661323077e+03 -6.807462076018879998e+03 -6.467708772003768900e+03 -6.139323644916536978e+03 -5.821676918654433393e+03 -5.514158113447760115e+03 -5.216176383926521339e+03 -4.927160623772038889e+03 -4.646559370189886977e+03 -4.373840537667632816e+03 -4.108491007040828663e+03 -3.850016092747827315e+03 -3.597938908264355632e+03 -3.351799647124463718e+03 -3.111154794570298691e+03 -2.875576282776314656e+03 -2.644650600706387650e+03 -2.417977867970762418e+03 -2.195170880566635333e+03 -1.975854135060226099e+03 -1.759662836616020286e+03 -1.546241895248515902e+03 -1.335244913795895400e+03 -1.126333170348731755e+03 -9.191745972054068261e+02 -7.134427578694416070e+02 -5.088158231364344601e+02 -3.049755469429999835e+02 -1.016062423325317212e+02 0.000000000000000000e+00
0.000000000000000000e+00 -1.858439088277599467e+03 -5.561280024322453755e+03 -9.222245941959448828e+03 -1.281420180221200826e+04 -1.631115962465854318e+04 -1.968868789675974404e+04 -2.292427468803904776e+04 -2.599763540096295037e+04 -2.889095873083805418e+04 -3.158908717501289721e+04 -3.407963113992869330e+04 -3.635301818202857976e+04 -3.840248106305587862e+04 -4.022399002377002762e+04 -4.181613594920828473e+04 -4.317997191870198731e+04 -4.431882104041740240e+04 -4.523805851889583573e+04 -4.594487566067498847e+04 -4.644803305549095239e+04 -4.675760954193515499e+04 -4.688475283256683906e+04 -4.684143688018815010e+04 -4.664023025086523558e+04 -4.629407895849551278e+04 -4.581610643154836725e+04 -4.521943254112017894e+04 -4.451701293253541371e+04 -4.372149927949412813e+04 -4.284512052655385196e+04 -4.189958470700572070e+04 -4.089600052101004258e+04 -3.984481753346954065e+04 -3.875578360083625739e+04 -3.763791795704320248e+04 -3.649949827594831004e+04 -3.534805997440776991e+04 -3.419040601880880422e+04 -3.303262554045076831e+04 -3.188011964326360248e+04 -3.073763289282690675e+04 -2.960928910072512372e+04 -2.849863015599175924e+04 -2.740865679952191567e+04 -2.634187038257274617e+04 -2.530031479262841458e+04 -2.428561786547130760e+04 -2.329903172891232316e+04 -2.234147163954396092e+04 -2.141355297804807924e+04 -2.051562616066500777e+04 -1.964780930435012124e+04 -1.881001855137370512e+04 -1.800199601629735480e+04 -1.722333536518662004e+04 -1.647350507463227041e+04 -1.575186944758814570e+04 -1.505770748521404494e+04 -1.439022972989968366e+04 -1.374859320528968055e+04 -1.313191458534402955e+04 -1.253928172706113764e+04 -1.196976370112875702e+04 -1.142241945210807353e+04 -1.089630521532253442e+04 -1.039048081186859781e+04 -9.904014936520788979e+03 -9.435989546033006263e+03 -8.985503447749619227e+03 -8.551675180740541691e+03 -8.133645274006842556e+03 -7.730577958835796380e+03 -7.341662405184760246e+03 -6.966113545101376076e+03 -6.603172539740875436e+03 -6.252106940502081670e+03 -5.912210589181302566e+03 -5.582803296885083910e+03 -5.263230336710668780e+03 -4.952861780872192867e+03 -4.651091709042416369e+03 -4.357337311138183395e+03 -4.071037904579858150e+03 -3.791653883228732411e+03 -3.518665612638169478e+03 -3.251572283991471977e+03 -2.989890737104129130e+03 -2.733154261077103456e+03 -2.480911379640047471e+03 -2.232724626851012999e+03 -1.988169317623020788e+03 -1.746832316508242911e+03 -1.508310807274181343e+03 -1.272211065039623691e+03 -1.038147232068595940e+03 -8.057400977735238712e+02 -5.746158830170377314e+02 -3.444050284191474702e+02 -1.147409860828583135e+02 0.000000000000000000e+00
0.000000000000000000e+00 -2.288894158864860401e+03 -6.848272702821159328e+03 -1.135274967270332309e+04 -1.576680615633772140e+04 -2.005651073418044325e+04 -2.419008489781064054e+04 -2.813840305877598075e+04 -3.187541406395774538e+04 -3.537847476364290924e+04 -3.862859005263329163e+04 -4.161055767902367370e+04 -4.431301976622911025e+04 -4.672842623730428750e+04 -4.885291803067332512e+04 -5.068614007015462266e+04 -5.223099536922821426e+04 -5.349335242401280266e+04 -5.448171823324410798e+04 -5.520688895450223208e+04 -5.568158945768749254e+04 -5.592011196912133892e+04 -5.593796271186055674e+04 -5.575152403071647859e+04 -5.537773802506561333e+04 -5.483381626597342984e+04 -5.413697879983676830e+04 -5.330422437891409936e+04 -5.235213273684182059e+04 -5.129669876112596830e+04 -5.015319761135444423e+04 -4.893607919063408917e+04 -4.765888989151195710e+04 -4.633421919484550745e+04 -4.497366848595740157e+04 -4.358783935037306946e+04 -4.218633860399644618e+04 -4.077779738213161181e+04 -3.936990174169567035e+04 -3.796943240542440617e+04 -3.658231148211568507e+04 -3.521365422057495744e+04 -3.386782408654822939e+04 -3.254848968325939859e+04 -3.125868226029600919e+04 -3.000085276764785522e+04 -2.877692760810398249e+04 -2.758836241959707331e+04 -2.643619337835887927e+04 -2.532108565351020661e+04 -2.424337876430720644e+04 -2.320312869356979354e+04 -2.220014669603603033e+04 -2.123403481000523971e+04 -2.030421813615428982e+04 -1.940997399056905488e+04 -1.855045807136439544e+04 -1.772472780133663400e+04 -1.693176302436471451e+04 -1.617048424205408628e+04 -1.543976858062423526e+04 -1.473846367728633231e+04 -1.406539967133486971e+04 -1.341939947861790279e+04 -1.279928751966772325e+04 -1.220389706212094643e+04 -1.163207632760395791e+04 -1.108269350236944956e+04 -1.055464077997932691e+04 -1.004683755343756457e+04 -9.558232863567844106e+03 -9.087807200282706617e+03 -8.634573743726430621e+03 -8.197579123213150524e+03 -7.775903763425293619e+03 -7.368661879526027406e+03 -6.975001175649261313e+03 -6.594102294659311156e+03 -6.225178061105757479e+03 -5.867472553898238402e+03 -5.520260040348352959e+03 -5.182843798869308557e+03 -4.854554853714803357e+03 -4.534750641662403723e+03 -4.222813627470266510e+03 -3.918149882192438781e+03 -3.620187636046291573e+03 -3.328375815405363937e+03 -3.042182571636986268e+03 -2.761093807893567828e+03 -2.484611708558792543e+03 -2.212253274819635863e+03 -1.943548868801298340e+03 -1.678040767791827648e+03 -1.415281729302925669e+03 -1.154833567076113923e+03 -8.962657375832224034e+02 -6.391539361265489561e+02 -3.830787012648552832e+02 -1.276240260065618770e+02 0.000000000000000000e+00
0.000000000000000000e+00 -2.722620430012902943e+03 -8.144967334552485227e+03 -1.349905542341846922e+04 -1.874077541756307983e+04 -2.382806610772514614e+04 -2.872164229909915593e+04 -3.338563683528436377e+04 -3.778813939059689437e+04 -4.190161945261481014e+04 -4.570322601017678244e+04 -4.917496160420192609e+04 -5.230373329757297324e+04 -5.508128752374797477e+04 -5.750403948595699330e+04 -5.957281066890637885e+04 -6.129249002779640432e+04 -6.267163553387849970e+04 -6.372203303412764944e+04 -6.445822891958721448e+04 -6.489705201745143859e+04 -6.505713856604220200e+04 -6.495847224473133974e+04 -6.462194915123961255e+04 -6.406897547244717134e+04 -6.332110348843652901e+04 -6.239970956855198165e+04 -6.132571602618952602e+04 -6.011935713739645144e+04 -5.879998832018822577e+04 -5.738593642271512363e+04 -5.589438827195959311e+04 -5.434131407345853222e+04 -5.274142190235981252e+04 -5.110813935865260282e+04 -4.945361844452784135e+04 -4.778875982929125166e+04 -4.612325286843901267e+04 -4.446562801211272745e+04 -4.282331855110985634e+04 -4.120272898617087048e+04 -3.960930765209966194e+04 -3.804762156960769062e+04 -3.652143182470136526e+04 -3.503376808092082501e+04 -3.358700110921347368e+04 -3.218291247089725584e+04 -3.082276071004608457e+04 -2.950734360288303651e+04 -2.823705617446330143e+04 -2.701194432895873979e+04 -2.583175405130498621e+04 -2.469597622738941936e+04 -2.360388719988227604e+04 -2.255458522971600905e+04 -2.154702307164425292e+04 -2.058003689843010579e+04 -1.965237182420592944e+04 -1.876270428522409566e+04 -1.790966153726775883e+04 -1.709183852487464173e+04 -1.630781236943584008e+04 -1.555615471226733462e+04 -1.483544213574662899e+04 -1.414426487132293369e+04 -1.348123398818125133e+04 -1.284498724106164082e+04 -1.223419374057884670e+04 -1.164755759458596731e+04 -1.108382065490769128e+04 -1.054176449028570823e+04 -1.002021169371011456e+04 -9.518026620487682521e+03 -9.034115642504608331e+03 -8.567426994115845446e+03 -8.116950275954566678e+03 -7.681715674656693409e+03 -7.260792948992817401e+03 -6.853290226173524388e+03 -6.458352646046763766e+03 -6.075160885520679585e+03 -5.702929590767200352e+03 -5.340905740514691388e+03 -4.988366960004971588e+03 -4.644619801885837660e+03 -4.308998007428670462e+03 -3.980860758937595619e+03 -3.659590932002884074e+03 -3.344593354347401601e+03 -3.035293076353448669e+03 -2.731133656924012485e+03 -2.431575467100761671e+03 -2.136094012809713604e+03 -1.844178277199971944e+03 -1.555329082287029905e+03 -1.269057468959340667e+03 -9.848830938790920300e+02 -7.023326413713822376e+02 -4.209382480255242172e+02 -1.402359374658963986e+02 0.000000000000000000e+00
0.000000000000000000e+00 -3.161575977496805535e+03 -9.457195165240376809e+03 -1.567074012748210407e+04 -2.174922454487130381e+04 -2.764219787176661339e+04 -3.330264467179310304e+04 -3.868777570620964252e+04 -4.375968894450952939e+04 -4.848588464206662320e+04 -5.283962508461193647e+04 -5.680013614362099179e+04 -6.035265404843198485e+04 -6.348832643356620247e+04 -6.620398150327599433e+04 -6.850178288875994622e+04 -7.038879036041263316e+04 -7.187644798370798526e+04 -7.298002163175892201e+04 -7.371800710884928412e+04 -7.411152865853664116e+04 -7.418374551477473869e+04 -7.395928160037826456e+04 -7.346369067475129850e+04 -7.272296635503515427e+04 -7.176310362944631197e+04 -7.060971586650330573e+04 -6.928770898460320313e+04 -6.782101243872728082e+04 -6.623236503198860737e+04 -6.454315227307866007e+04 -6.277329106138239149e+04 -6.094115686054591060e+04 -5.906354818044168496e+04 -5.715568308364273980e+04 -5.523122252104841755e+04 -5.330231553869898926e+04 -5.137966174364941253e+04 -4.947258683539139020e+04 -4.758912746971379238e+04 -4.573612219880627526e+04 -4.391930570481781615e+04 -4.214340399855080614e+04 -4.041222867976137059e+04 -3.872876874342808878e+04 -3.709527876327711419e+04 -3.551336258829592407e+04 -3.398405195022080443e+04 -3.250787960179395668e+04 -3.108494678966749416e+04 -2.971498501554744507e+04 -2.839741215813570307e+04 -2.713138312038972435e+04 -2.591583523533480547e+04 -2.474952871260078609e+04 -2.363108244025809108e+04 -2.255900547540587286e+04 -2.153172456490283002e+04 -2.054760803695260256e+04 -1.960498639690870914e+04 -1.870216994837674065e+04 -1.783746374484288026e+04 -1.700918015880653547e+04 -1.621564933569497043e+04 -1.545522777943240180e+04 -1.472630529601509261e+04 -1.402731050125700676e+04 -1.335671507935844784e+04 -1.271303696034071800e+04 -1.209484256684846332e+04 -1.150074826444790597e+04 -1.092942113440448884e+04 -1.037957917399140933e+04 -9.849991016675796345e+03 -9.339475252986521809e+03 -8.846899422452655926e+03 -8.371178737635356811e+03 -7.911274592906112957e+03 -7.466192903149069934e+03 -7.034982310947234510e+03 -6.616732294945329159e+03 -6.210571206908875865e+03 -5.815664260474986804e+03 -5.431211490593180315e+03 -5.056445699192688153e+03 -4.690630399588942055e+03 -4.333057769512357481e+03 -3.983046620376857391e+03 -3.639940388444107157e+03 -3.303105151859706439e+03 -2.971927676084105769e+03 -2.645813489022619251e+03 -2.324184986102874518e+03 -2.006479564658021218e+03 -1.692147786240479491e+03 -1.380651564853367518e+03 -1.071462378578240759e+03 -7.640595016536386765e+02 -4.579282537163017537e+02 -1.525582626583240256e+02 0.000000000000000000e+00
0.000000000000000000e+00 -3.607756181926097270e+03 -1.079089698695087100e+04 -1.787755554704710084e+04 -2.480549748403479316e+04 -3.151554668067274906e+04 -3.795266741539228678e+04 -4.406691362538900285e+04 -4.981421856608150847e+04 -5.515700552625759883e+04 -6.006460825368396036e+04 -6.451349786308914918e+04 -6.848732077317939547e+04 -7.197675924084000872e+04 -7.497923199806595221e+04 -7.749845711693224439e+04 -7.954390240274665121e+04 -8.113015032264776528e+04 -8.227620478823737358e+04 -8.300476617631572299e+04 -8.334149899831683433e+04 -8.331431385882510222e+04 -8.295268203034976614e+04 -8.228699736326366838e+04 -8.134799657076035510e+04 -8.016624537007848267e+04 -7.877169467365955643e+04 -7.719330811519277631e+04 -7.545875973280136532e+04 -7.359419864458718803e+04 -7.162407603929322795e+04 -6.957102874087843520e+04 -6.745581294721033191e+04 -6.529728143564984930e+04 -6.311239751205353241e+04 -6.091627919435602962e+04 -5.872226750956680917e+04 -5.654201329134849220e+04 -5.438557744843416731e+04 -5.226154029360925051e+04 -5.017711614812773041e+04 -4.813827004341378051e+04 -4.614983391350724560e+04 -4.421562019646984118e+04 -4.233853123376933945e+04 -4.052066327063251811e+04 -3.876340421717904246e+04 -3.706752463186332898e+04 -3.543326163897493825e+04 -3.386039569499267964e+04 -3.234832027964826921e+04 -3.089610471166776915e+04 -2.950255038157842864e+04 -2.816624075946841913e+04 -2.688558557877047497e+04 -2.565885962205916439e+04 -2.448423654509232438e+04 -2.335981817416199556e+04 -2.228365970179975193e+04 -2.125379118942353307e+04 -2.026823576446737934e+04 -1.932502487541131995e+04 -1.842221094227122376e+04 -1.755787771343030545e+04 -1.673014861299265613e+04 -1.593719333669157277e+04 -1.517723292923140980e+04 -1.444854355202808620e+04 -1.374945912790138573e+04 -1.307837302842341160e+04 -1.243373895041095602e+04 -1.181407111047474791e+04 -1.121794387054794242e+04 -1.064399089286514936e+04 -1.009090390986893908e+04 -9.557431182892452853e+03 -9.042375713093777449e+03 -8.544593258919358050e+03 -8.062990206246739945e+03 -7.596521330177445634e+03 -7.144187481169798048e+03 -6.705033222688834940e+03 -6.278144442743980107e+03 -5.862645957522638128e+03 -5.457699121687581282e+03 -5.062499456787331837e+03 -4.676274306538632118e+03 -4.298280525403900356e+03 -3.927802204920663371e+03 -3.564148440550562555e+03 -3.206651140353098072e+03 -2.854662875593234276e+03 -2.507554772362065250e+03 -2.164714442404198053e+03 -1.825543950649799399e+03 -1.489457816337567920e+03 -1.155881044123725133e+03 -8.242471811769099759e+02 -4.939963959322103051e+02 -1.645735739418373100e+02 0.000000000000000000e+00
0.000000000000000000e+00 -4.063215290227090463e+03 -1.215218701588753902e+04 -2.012953208701295080e+04 -2.792330708001685707e+04 -3.546519261810847092e+04 -4.269177251332766173e+04 -4.954565255321462610e+04 -5.597638681830150017e+04 -6.194118843722267775e+04 -6.740541144489710859e+04 -7.234280031316158420e+04 -7.673551320130402746e+04 -8.057393351758120116e+04 -8.385629158172463940e+04 -8.658812374210788403e+04 -8.878160007173668419e+04 -9.045475371782918228e+04 -9.163064520304706821e+04 -9.233649366373967496e+04 -9.260280442580486124e+04 -9.246251876944412652e+04 -9.195020754192300956e+04 -9.110132575547770830e+04 -8.995154073703549511e+04 -8.853614201483348734e+04 -8.688953711895758170e+04 -8.504483396713173715e+04 -8.303350758041429799e+04 -8.088514655467712146e+04 -7.862727299306460191e+04 -7.628522844185221766e+04 -7.388211770640287432e+04 -7.143880218199353840e+04 -6.897393443738092901e+04 -6.650402615911874454e+04 -6.404354212888852635e+04 -6.160501359900581156e+04 -5.919916519688225526e+04 -5.683505028173687606e+04 -5.452019046030964819e+04 -5.226071571574820700e+04 -5.006150229662091442e+04 -4.792630613940128387e+04 -4.585789015154193476e+04 -4.385814416183866706e+04 -4.192819675177614408e+04 -4.006851851995195466e+04 -3.827901660710840952e+04 -3.655912052820915414e+04 -3.490785952718521003e+04 -3.332393179637864523e+04 -3.180576599278409049e+04 -3.035157554310046180e+04 -2.895940626492822048e+04 -2.762717784699104595e+04 -2.635271973140736009e+04 -2.513380192939579501e+04 -2.396816128148653297e+04 -2.285352364687016961e+04 -2.178762247602886055e+04 -2.076821418797957813e+04 -1.979309073956973589e+04 -1.886008974037372172e+04 -1.796710243357555373e+04 -1.711207983134732785e+04 -1.629303726304797783e+04 -1.550805756627868868e+04 -1.475529312461534028e+04 -1.403296693174587381e+04 -1.333937283974120510e+04 -1.267287512924990733e+04 -1.203190752144811267e+04 -1.141497173545726946e+04 -1.082063568057529483e+04 -1.024753135989116345e+04 -9.694352550570598396e+03 -9.159852316143040298e+03 -8.642840397371377549e+03 -8.142180520659644571e+03 -7.656787656266577869e+03 -7.185625252813098996e+03 -6.727702469541799474e+03 -6.282071423455018703e+03 -5.847824464727643317e+03 -5.424091490573329793e+03 -5.010037305023293811e+03 -4.604859029722661944e+03 -4.207783568869973351e+03 -3.818065129749680636e+03 -3.434982798874701075e+03 -3.057838172577199657e+03 -2.685953039887121577e+03 -2.318667114695890632e+03 -1.955335813528960898e+03 -1.595328074679377778e+03 -1.238024213994297270e+03 -8.828138122344910244e+02 -5.290936286317858048e+02 -1.762655350466721131e+02 0.000000000000000000e+00
0.000000000000000000e+00 -4.530088929818040924e+03 -1.354741954558759971e+04 -2.243708696503542160e+04 -3.111688054455081510e+04 -3.950883236304315506e+04 -4.754071070333316311e+04 -5.514732217824320833e+04 -6.227158441319820849e+04 -6.886534210978288320e+04 -7.488991111145826289e+04 -8.031634704943577526e+04 -8.512544656498380937e+04 -8.930749936246112338e+04 -9.286181794252600230e+04 -9.579607844483823283e+04 -9.812551040492656466e+04 -9.987197537535475567e+04 -1.010629744005233515e+05 -1.017306225126818899e+05 -1.019106250691441965e+05 -1.016412862642619293e+05 -1.009625749271753884e+05 -9.991526714501829701e+04 -9.854017967712045356e+04 -9.687750283619848778e+04 -9.496623672666097991e+04 -9.284373059694601397e+04 -9.054532166487000359e+04 -8.810406713602007949e+04 -8.555056123210610531e+04 -8.291282781975583930e+04 -8.021627859765417816e+04 -7.748372666518003098e+04 -7.473544555828771263e+04 -7.198926440106739756e+04 -6.926069059415684023e+04 -6.656305236541142222e+04 -6.390765447769661114e+04 -6.130394137014604348e+04 -5.875966296220607182e+04 -5.628103924484606250e+04 -5.387292060100240633e+04 -5.153894152635772480e+04 -4.928166605741015519e+04 -4.710272375654782081e+04 -4.500293555764573830e+04 -4.298242914691006445e+04 -4.104074385025482479e+04 -3.917692522913029825e+04 -3.738960976014412154e+04 -3.567710009884704778e+04 -3.403743151258368016e+04 -3.246843011870227929e+04 -3.096776358941819126e+04 -2.953298498872116033e+04 -2.816157039497326332e+04 -2.685095093938723585e+04 -2.559853985876854858e+04 -2.440175512360689754e+04 -2.325803816205006660e+04 -2.216486915821120056e+04 -2.111977936104261971e+04 -2.012036079864432031e+04 -1.916427375310907155e+04 -1.824925231334003911e+04 -1.737310828803788172e+04 -1.653373372842834942e+04 -1.572910228034282954e+04 -1.495726955799685129e+04 -1.421637270712724421e+04 -1.350462930295517435e+04 -1.282033570860849977e+04 -1.216186500194710425e+04 -1.152766456310330796e+04 -1.091625340123544083e+04 -1.032621928685512466e+04 -9.756215745477904420e+03 -9.204958959059986228e+03 -8.671224613650245374e+03 -8.153844724690696239e+03 -7.651704465381715636e+03 -7.163739018333831154e+03 -6.688930466279571192e+03 -6.226304733818072236e+03 -5.774928588913384374e+03 -5.333906710121215838e+03 -4.902378823183116765e+03 -4.479516908667884309e+03 -4.064522480681364414e+03 -3.656623935291162979e+03 -3.255073966163186924e+03 -2.859147043952894819e+03 -2.468136955202875924e+03 -2.081354395862020283e+03 -1.698124614016663600e+03 -1.317785095993735922e+03 -9.396832896646051267e+02 -5.631743585118089186e+02 -1.876189598173207855e+02 0.000000000000000000e+00
0.000000000000000000e+00 -5.010617973936241469e+03 -1.498325954858929799e+04 -2.481113862091525152e+04 -3.440111296936540748e+04 -4.366496558169047785e+04 -5.252113333419369155e+04 -6.089620902564764401e+04 -6.872617198144951544e+04 -7.595731557091756258e+04 -8.254685415393409494e+04 -8.846320631095234421e+04 -9.368596486183565867e+04 -9.820557638808444608e+04 -1.020227631304098613e+05 -1.051477278163993906e+05 -1.075991869606765540e+05 -1.094032804555532057e+05 -1.105924050006286852e+05 -1.112040164211702649e+05 -1.112794416225237801e+05 -1.108627353058250883e+05 -1.099996101278844289e+05 -1.087364622008272418e+05 -1.071195071132805606e+05 -1.051940353562321106e+05 -1.030037904082102905e+05 -1.005904679420461471e+05 -9.799333074325634516e+04 -9.524893099109546165e+04 -9.239092950432120415e+04 -8.945000031077850144e+04 -8.645380835244969057e+04 -8.342704816269211005e+04 -8.039153182454468333e+04 -7.736631531869445462e+04 -7.436785338931523438e+04 -7.141017420273555035e+04 -6.850506627125237719e+04 -6.566227130258060060e+04 -6.288967776975654124e+04 -6.019351104590518662e+04 -5.757851689394984714e+04 -5.504813593308433337e+04 -5.260466741935300524e+04 -5.024942128002044046e+04 -4.798285783728048409e+04 -4.580471505578840151e+04 -4.371412346090852225e+04 -4.170970911182486452e+04 -3.978968518669761397e+04 -3.795193285625563294e+04 -3.619407219742537563e+04 -3.451352393823186139e+04 -3.290756283697531762e+04 -3.137336348905738851e+04 -2.990803932929272924e+04 -2.850867556069113925e+04 -2.717235669623104695e+04 -2.589618935107459765e+04 -2.467732087134735411e+04 -2.351295433380544273e+04 -2.240036039980371788e+04 -2.133688645797540084e+04 -2.031996344353693712e+04 -1.934711067864502547e+04 -1.841593903800119369e+04 -1.752415270696101652e+04 -1.666954976582847667e+04 -1.585002180368053996e+04 -1.506355273782283439e+04 -1.430821699065236680e+04 -1.358217715411515383e+04 -1.288368125283922018e+04 -1.221105970021059693e+04 -1.156272202693313920e+04 -1.093715344873291178e+04 -1.033291132867435408e+04 -9.748621579844393636e+03 -9.182975045774906903e+03 -8.634723888746731973e+03 -8.102678009930637018e+03 -7.585701520006547980e+03 -7.082709274401803668e+03 -6.592663483444574013e+03 -6.114570404483043603e+03 -5.647477120292191103e+03 -5.190468405793037164e+03 -4.742663683180202497e+03 -4.303214063968744995e+03 -3.871299475141962375e+03 -3.446125865480143602e+03 -3.026922487274285231e+03 -2.612939247882157815e+03 -2.203444124997822200e+03 -1.797720639035596832e+03 -1.395065375642049503e+03 -9.947855510582809302e+02 -5.961966128182997409e+02 -1.986198680981937059e+02 0.000000000000000000e+00
0.000000000000000000e+00 -5.507174185106978257e+03 -1.646675848260538260e+04 -2.726322937658499359e+04 -3.779173153360583092e+04 -4.795309367657672556e+04 -5.765581734097254957e+04 -6.681779848880926147e+04 -7.536772962678740441e+04 -8.324614581286985776e+04 -9.040609490078227827e+04 -9.681342949405570107e+04 -1.024467343262079812e+05 -1.072969172337271302e+05 -1.113665038095739001e+05 -1.146686847123225452e+05 -1.172261702083357377e+05 -1.190699088417613384e+05 -1.202377263860747626e+05 -1.207729378410664212e+05 -1.207229797381266253e+05 -1.201381030104785896e+05 -1.190701587897788122e+05 -1.175715012842869910e+05 -1.156940238782137894e+05 -1.134883371678822878e+05 -1.110030911079816433e+05 -1.082844379599767708e+05 -1.053756283934678358e+05 -1.023167298844522011e+05 -9.914445441069643130e+04 -9.589208124683356436e+04 -9.258946026601856283e+04 -8.926308140536455903e+04 -8.593619669450298534e+04 -8.262898233675758820e+04 -7.935872964338662860e+04 -7.614005504590288911e+04 -7.298512086357580847e+04 -6.990385991661214211e+04 -6.690419840312216547e+04 -6.399227266834243346e+04 -6.117263656983311375e+04 -5.844845707530428626e+04 -5.582169652107817092e+04 -5.329328061554794840e+04 -5.086325180379705125e+04 -4.853090802956926200e+04 -4.629492725263276225e+04 -4.415347831732842315e+04 -4.210431893501513696e+04 -4.014488165166489489e+04 -3.827234873330564005e+04 -3.648371692613576306e+04 -3.477585304366764467e+04 -3.314554130728287419e+04 -3.158952332520792697e+04 -3.010453154311132676e+04 -2.868731694113181220e+04 -2.733467169040338922e+04 -2.604344741937695653e+04 -2.481056967826004984e+04 -2.363304913005528215e+04 -2.250798993983349283e+04 -2.143259578062848232e+04 -2.040417382507832372e+04 -1.942013704673848406e+04 -1.847800511389860185e+04 -1.757540412167389877e+04 -1.671006537487231617e+04 -1.587982340450290394e+04 -1.508261337450068640e+04 -1.431646801204145049e+04 -1.357951417444131766e+04 -1.286996914779083272e+04 -1.218613675694609810e+04 -1.152640335300586594e+04 -1.088923373272968274e+04 -1.027316703429859081e+04 -9.676812645192971104e+03 -9.098846150561985269e+03 -8.538005344163437258e+03 -7.993086318602689062e+03 -7.462939647065740246e+03 -6.946466664925375881e+03 -6.442615856387968961e+03 -5.950379348672098786e+03 -5.468789513975713817e+03 -4.996915677640447029e+03 -4.533860929394510094e+03 -4.078759033311608164e+03 -3.630771431103471059e+03 -3.189084332537664977e+03 -2.752905886111432665e+03 -2.321463422581833584e+03 -1.894000763538455203e+03 -1.469775586869690869e+03 -1.048056840728722591e+03 -6.281221974047214189e+02 -2.092555383653561307e+02 0.000000000000000000e+00
0.000000000000000000e+00 -6.022288099580751805e+03 -1.800543666109846527e+04 -2.980565851970233780e+04 -4.130547325703599927e+04 -5.239393424667294312e+04 -6.296890698869065091e+04 -7.293903350721923925e+04 -8.222532183789159171e+04 -9.076231846347500687e+04 -9.849884182298467204e+04 -1.053982754212374857e+05 -1.114384383458739030e+05 -1.166110680448847415e+05 -1.209209641448617622e+05 -1.243848522995636449e+05 -1.270300332676395337e+05 -1.288928846563136030e+05 -1.300172813427923247e+05 -1.304529960283814580e+05 -1.302541343735782139e+05 -1.294776504621904751e+05 -1.281819787081093527e+05 -1.264258084491646878e+05 -1.242670179650026839e+05 -1.217617759752335842e+05 -1.189638111434858729e+05 -1.159238439194208913e+05 -1.126891702588274493e+05 -1.093033833365265746e+05 -1.058062171983176813e+05 -1.022334952267601038e+05 -9.861716613509839226e+04 -9.498541075964059564e+04 -9.136280400547212048e+04 -8.777051774312648922e+04 -8.422655210686204373e+04 -8.074598438689402246e+04 -7.734122644301751279e+04 -7.402228322488557023e+04 -7.079700651601309073e+04 -6.767133939430139435e+04 -6.464954810660651856e+04 -6.173443908522080892e+04 -5.892755969514261233e+04 -5.622938200406749093e+04 -5.363946942663897789e+04 -5.115662652740978956e+04 -4.877903259051041096e+04 -4.650435979495436914e+04 -4.432987698889159219e+04 -4.225254014822396857e+04 -4.026907064784850809e+04 -3.837602247836004244e+04 -3.656983951689893001e+04 -3.484690391588410421e+04 -3.320357661402799567e+04 -3.163623090557716569e+04 -3.014127993023895760e+04 -2.871519887091524288e+04 -2.735454257157171742e+04 -2.605595921504225407e+04 -2.481620063153792580e+04 -2.363212974391663010e+04 -2.250072559575390915e+04 -2.141908635330051038e+04 -2.038443062240335348e+04 -1.939409737637788203e+04 -1.844554475044333230e+04 -1.753634792234177803e+04 -1.666419626692316160e+04 -1.582688994440572060e+04 -1.502233605739100676e+04 -1.424854449022989138e+04 -1.350362352561834632e+04 -1.278577531711249503e+04 -1.209329128227221372e+04 -1.142454746911177972e+04 -1.077799993825172533e+04 -1.015218019436468239e+04 -9.545690693037302481e+03 -8.957200442846131409e+03 -8.385440717093088097e+03 -7.829200885159209975e+03 -7.287324369689765263e+03 -6.758704732680937923e+03 -6.242281890953368020e+03 -5.737038459365065137e+03 -5.241996218352438518e+03 -4.756212700972804669e+03 -4.278777893458909602e+03 -3.808811042370161886e+03 -3.345457560689670572e+03 -2.887886024625900063e+03 -2.435285252425752788e+03 -1.986861456151451193e+03 -1.541835457102102964e+03 -1.099439955359215219e+03 -6.589168437845628432e+02 -2.195145566883686570e+02 0.000000000000000000e+00
0.000000000000000000e+00 -6.558679658104003465e+03 -1.960737367200948211e+04 -3.245162817745579378e+04 -4.496027939600338141e+04 -5.700965488581655518e+04 -6.848617630665647448e+04 -7.928859385430051771e+04 -8.932978150891514088e+04 -9.853804475693957647e+04 -1.068579166390232276e+05 -1.142504422659438715e+05 -1.206929748021611013e+05 -1.261785259920949757e+05 -1.307147305294433463e+05 -1.343224952356683207e+05 -1.370344108055404213e+05 -1.388930058700407390e+05 -1.399489207391660020e+05 -1.402590721093429602e+05 -1.398848711188945745e+05 -1.388905463556791947e+05 -1.373416116972974269e+05 -1.353035070405407459e+05 -1.328404287573930342e+05 -1.300143566325538122e+05 -1.268842754453600355e+05 -1.235055824417017575e+05 -1.199296667366757756e+05 -1.162036431177825434e+05 -1.123702206194822647e+05 -1.084676853990825475e+05 -1.045299776228203700e+05 -1.005868430296452279e+05 -9.666404135302918439e+04 -9.278359564781497465e+04 -8.896406862079774146e+04 -8.522085416485434689e+04 -8.156647434400425118e+04 -7.801087399711403123e+04 -7.456170687318715500e+04 -7.122460875455454516e+04 -6.800345435531833209e+04 -6.490059590359245340e+04 -6.191708223817282123e+04 -5.905285798996037192e+04 -5.630694299570747535e+04 -5.367759252763300174e+04 -5.116243923824031663e+04 -4.875861793552212475e+04 -4.646287443812513811e+04 -4.427165982941226684e+04 -4.218121144823302893e+04 -4.018762193484943418e+04 -3.828689760312443104e+04 -3.647500734330967680e+04 -3.474792318034174968e+04 -3.310165352583378262e+04 -3.153227007218887957e+04 -3.003592918755249411e+04 -2.860888858294890451e+04 -2.724751993958908861e+04 -2.594831810600921381e+04 -2.470790740208438365e+04 -2.352304550032890256e+04 -2.239062529436406112e+04 -2.130767510984076944e+04 -2.027135756424326246e+04 -1.927896733853937258e+04 -1.832792808518087986e+04 -1.741578866313006438e+04 -1.654021886096807793e+04 -1.569900474328812743e+04 -1.489004373316893725e+04 -1.411133952412146209e+04 -1.336099689820192543e+04 -1.263721651266156550e+04 -1.193828970524816395e+04 -1.126259335784809991e+04 -1.060858484931714702e+04 -9.974797120871169682e+03 -9.359833871119006290e+03 -8.762364892563467947e+03 -8.181121556993673039e+03 -7.614892453559922615e+03 -7.062519180304354450e+03 -6.522892287460802436e+03 -5.994947368827228274e+03 -5.477661295877554039e+03 -4.970048587977372335e+03 -4.471157911026512011e+03 -3.980068696024475230e+03 -3.495887868418668404e+03 -3.017746678602270549e+03 -2.544797623547489820e+03 -2.076211449282385729e+03 -1.611174223718957364e+03 -1.148884469182691191e+03 -6.885503438963469307e+02 -2.293868615945338547e+02 0.000000000000000000e+00
0.000000000000000000e+00 -7.119292136591810049e+03 -2.128130846873784321e+04 -3.521540456855688535e+04 -4.877550986234596348e+04 -6.182413026491131313e+04 -7.423531645729849697e+04 -8.589720028790945071e+04 -9.671401704012346454e+04 -1.066075582270536106e+05 -1.155180284575652913e+05 -1.234043088427640469e+05 -1.302436565155963908e+05 -1.360308934726165317e+05 -1.407771568231243000e+05 -1.445082958047480788e+05 -1.472630082502272562e+05 -1.490908107092058635e+05 -1.500499327117843495e+05 -1.502052176055952150e+05 -1.496261011099321477e+05 -1.483847253930895531e+05 -1.465542322395618248e+05 -1.442072647495148121e+05 -1.414146938303984352e+05 -1.382445741017053660e+05 -1.347613241145538050e+05 -1.310251181557475211e+05 -1.270914713540678495e+05 -1.230109961946569238e+05 -1.188293066439247341e+05 -1.145870456096620474e+05 -1.103200121079462115e+05 -1.060593659860737098e+05 -1.018318900912290992e+05 -9.766029214595731173e+04 -9.356353110363919404e+04 -8.955715526199070155e+04 -8.565364180138734810e+04 -8.186272961387981195e+04 -7.819173925350033096e+04 -7.464587554786942201e+04 -7.122850986189780815e+04 -6.794144020619202638e+04 -6.478512835389053362e+04 -6.175891389340334717e+04 -5.886120572673550487e+04 -5.608965195021615364e+04 -5.344128935177932726e+04 -5.091267395006006700e+04 -4.849999410674339742e+04 -4.619916778328859800e+04 -4.400592550236277020e+04 -4.191588052631562459e+04 -3.992458769091362774e+04 -3.802759224111555523e+04 -3.622046991400996194e+04 -3.449885940757659409e+04 -3.285848826679890772e+04 -3.129519311386154732e+04 -2.980493504887476229e+04 -2.838381095317730433e+04 -2.702806133963184402e+04 -2.573407531393894897e+04 -2.449839313792558096e+04 -2.331770681990918456e+04 -2.218885909834008999e+04 -2.110884113257660647e+04 -2.007478916838820805e+04 -1.908398040514850436e+04 -1.813382825612706802e+04 -1.722187716236081906e+04 -1.634579709376818755e+04 -1.550337784803220529e+04 -1.469252323788702779e+04 -1.391124524041518271e+04 -1.315765816743622599e+04 -1.242997290372551106e+04 -1.172649124936921908e+04 -1.104560039376477289e+04 -1.038576754138790784e+04 -9.745534703291095866e+03 -9.123513663180832737e+03 -8.518381122672450147e+03 -7.928874026854395197e+03 -7.353785068443836280e+03 -6.791958366510207270e+03 -6.242285313896280059e+03 -5.703700585971863802e+03 -5.175178302204883948e+03 -4.655728331112953128e+03 -4.144392728463671119e+03 -3.640242298061712063e+03 -3.142373264062111502e+03 -2.649904043477793948e+03 -2.161972107333069744e+03 -1.677730918790894748e+03 -1.196346936487738958e+03 -7.169966712569621450e+02 -2.388637843953018489e+02 0.000000000000000000e+00
0.000000000000000000e+00 -7.707329981281643995e+03 -2.303675090800360340e+04 -3.811249746045942447e+04 -5.277218135434553551e+04 -6.686322679598370451e+04 -8.024625264471975970e+04 -9.279794814604913699e+04 -1.044133467452102050e+05 -1.150074346843232197e+05 -1.245160655967658531e+05 -1.328961867957368959e+05 -1.401254151295543707e+05 -1.462010281294663437e+05 -1.511384581315790711e+05 -1.549693921078457206e+05 -1.577395877155444468e+05 -1.595065168095542176e+05 -1.603369421313553175e+05 -1.603045222672466189e+05 -1.594875256687528745e+05 -1.579667180362174404e+05 -1.558234700932107808e+05 -1.531381159471934079e+05 -1.499885768032918277e+05 -1.464492514437702775e+05 -1.425901639904136828e+05 -1.384763511607938854e+05 -1.341674654360262793e+05 -1.297175670510352211e+05 -1.251750761761291360e+05 -1.205828567116611230e+05 -1.159784043890226021e+05 -1.113941140055253491e+05 -1.068576033027209633e+05 -1.023920739631523174e+05 -9.801669323877633724e+04 -9.374698267716332339e+04 -8.959520316827854549e+04 -8.557072802466257417e+04 -8.168039799340524769e+04 -7.792885396737615520e+04 -7.431884472210300737e+04 -7.085150827269261936e+04 -6.752662644945870852e+04 -6.434285306270916044e+04 -6.129791659924422129e+04 -5.838879879740132310e+04 -5.561189071395165956e+04 -5.296312805191311782e+04 -5.043810758724965854e+04 -4.803218653496041952e+04 -4.574056664860936871e+04 -4.355836476598901936e+04 -4.148067140899645892e+04 -3.950259892701132776e+04 -3.761932054713732214e+04 -3.582610156710943556e+04 -3.411832380124986230e+04 -3.249150426948582026e+04 -3.094130900597196887e+04 -2.946356275840145827e+04 -2.805425525233487497e+04 -2.670954460688519976e+04 -2.542575840891359621e+04 -2.419939288208416838e+04 -2.302711052422252760e+04 -2.190573653098906289e+04 -2.083225427516829586e+04 -1.980380006837159817e+04 -1.881765739501322241e+04 -1.787125077646048521e+04 -1.696213939572351228e+04 -1.608801058943249882e+04 -1.524667329367915954e+04 -1.443605151311104601e+04 -1.365417786812059239e+04 -1.289918726268045248e+04 -1.216931070505256139e+04 -1.146286930496249079e+04 -1.077826846363138793e+04 -1.011399226709728828e+04 -9.468598088357437518e+03 -8.840711399836500277e+03 -8.229020794422058316e+03 -7.632273210667272906e+03 -7.049269355661625013e+03 -6.478859317399967040e+03 -5.919938357167043250e+03 -5.371442871466764700e+03 -4.832346512252198409e+03 -4.301656453653930839e+03 -3.778409792998401826e+03 -3.261670073623113240e+03 -2.750523916816918700e+03 -2.244077750092588303e+03 -1.741454618941794706e+03 -1.241791069201659184e+03 -7.442340871582550790e+02 -2.479380845271742828e+02 0.000000000000000000e+00
0.000000000000000000e+00 -8.326301203592085585e+03 -2.488410665774955851e+04 -4.115986089806796372e+04 -5.697323320455440262e+04 -7.215511954386523576e+04 -8.655149555302673252e+04 -1.000266753275549709e+05 -1.124658650712036906e+05 -1.237769391901476338e+05 -1.338914077004768187e+05 -1.427645850013768068e+05 -1.503750083439678419e+05 -1.567231872120026965e+05 -1.618297903920876852e+05 -1.657333945381631493e+05 -1.684879261214415310e+05 -1.701599281826472434e+05 -1.708257753192478849e+05 -1.705689463881326665e+05 -1.694774462986487488e+05 -1.676414478818225325e+05 -1.651512038861601031e+05 -1.620952591338318307e+05 -1.585589748851769837e+05 -1.546233622362352617e+05 -1.503642092847651511e+05 -1.458514779072790989e+05 -1.411489401147491299e+05 -1.363140207540998526e+05 -1.313978123570093885e+05 -1.264452287303126650e+05 -1.214952659671770525e+05 -1.165813425094689446e+05 -1.117316933437344996e+05 -1.069697970691581868e+05 -1.023148182076599041e+05 -9.778205056951704319e+04 -9.338335063449406880e+04 -8.912755269547874923e+04 -8.502085991288989317e+04 -8.106720744398160605e+04 -7.726859546065831091e+04 -7.362539118385824258e+04 -7.013660007971640152e+04 -6.680010712306958158e+04 -6.361288957775119343e+04 -6.057120310857352160e+04 -5.767074326160791679e+04 -5.490678445797483437e+04 -5.227429866833391861e+04 -4.976805589287157636e+04 -4.738270848322965321e+04 -4.511286122339793656e+04 -4.295312894791187864e+04 -4.089818332695256686e+04 -3.894279029606423865e+04 -3.708183945825802948e+04 -3.531036664199654479e+04 -3.362357066227095493e+04 -3.201682520529262911e+04 -3.048568664099349917e+04 -2.902589846187244621e+04 -2.763339295161674090e+04 -2.630429060196466162e+04 -2.503489772097767127e+04 -2.382170260948075520e+04 -2.266137062427302590e+04 -2.155073839598539053e+04 -2.048680742548329363e+04 -1.946673724472191680e+04 -1.848783829527507260e+04 -1.754756464982180842e+04 -1.664350667801966119e+04 -1.577338373793108804e+04 -1.493503695707120823e+04 -1.412642215271938221e+04 -1.334560292904890412e+04 -1.259074397854422205e+04 -1.186010460682146004e+04 -1.115203249303798657e+04 -1.046495769240310074e+04 -9.797386882688595506e+03 -9.147897852884585518e+03 -8.515134229140850948e+03 -7.897800430750090527e+03 -7.294656847054342506e+03 -6.704515224708448841e+03 -6.126234253619344599e+03 -5.558715339074425174e+03 -5.000898546970296593e+03 -4.451758708635515177e+03 -3.910301671482769052e+03 -3.375560681557049065e+03 -2.846592883968795377e+03 -2.322475927180268627e+03 -1.802304657137967524e+03 -1.285187887285918123e+03 -7.702452305509438020e+02 -2.566039794528564357e+02 0.000000000000000000e+00
0.000000000000000000e+00 -8.980065031024359996e+03 -2.683481752337837315e+04 -4.437611847932815726e+04 -6.140382523659509752e+04 -7.773064640063798288e+04 -9.318653268469235627e+04 -1.076223699618271348e+05 -1.209128454267469060e+05 -1.329584038944799686e+05 -1.436862607331762556e+05 -1.530504872346873162e+05 -1.610312299001005013e+05 -1.676331640651641937e+05 -1.728833121119788557e+05 -1.768283757351565873e+05 -1.795317399197991763e+05 -1.810703040228437167e+05 -1.815312840598708426e+05 -1.810091120205078914e+05 -1.796025351091942575e+05 -1.774119925961647241e+05 -1.745373226065388590e+05 -1.710758274234346463e+05 -1.671207050046929799e+05 -1.627598371878070175e+05 -1.580749118078719766e+05 -1.531408466292689845e+05 -1.480254772685815988e+05 -1.427894686631821969e+05 -1.374864095269378449e+05 -1.321630510252838721e+05 -1.268596540248528472e+05 -1.216104132248722890e+05 -1.164439308409705700e+05 -1.113837169597777247e+05 -1.064486979739912349e+05 -1.016537184781668475e+05 -9.701002555598318577e+04 -9.252572747134248493e+04 -8.820622137851493608e+04 -8.405458680808838108e+04 -8.007194340081592964e+04 -7.625777269645158958e+04 -7.261020478945426294e+04 -6.912627138897286204e+04 -6.580212731528682343e+04 -6.263324277333676582e+04 -5.961456890560276224e+04 -5.674067917541352654e+04 -5.400588909667772532e+04 -5.140435673063819559e+04 -4.893016623390303721e+04 -4.657739657989765692e+04 -4.434017739987582900e+04 -4.221273370862285810e+04 -4.018942110061574203e+04 -3.826475282936508302e+04 -3.643342001903097844e+04 -3.469030610523094219e+04 -3.303049646225876495e+04 -3.144928404708776361e+04 -2.994217177648899451e+04 -2.850487225183814735e+04 -2.713330535606628473e+04 -2.582359416793769196e+04 -2.457205956945233993e+04 -2.337521386180512854e+04 -2.222975365307771790e+04 -2.113255223578061486e+04 -2.008065163371069866e+04 -1.907125446456181453e+04 -1.810171573663699019e+04 -1.716953467420973175e+04 -1.627234664599382086e+04 -1.540791525433220886e+04 -1.457412462860895175e+04 -1.376897195465693585e+04 -1.299056026223131994e+04 -1.223709148462938356e+04 -1.150685979799088818e+04 -1.079824524251645198e+04 -1.010970762356880005e+04 -9.439780687198412124e+03 -8.787066561949508468e+03 -8.150230456706176483e+03 -7.527995602726586185e+03 -6.919138426812761281e+03 -6.322483941676368886e+03 -5.736901338950289755e+03 -5.161299769880743952e+03 -4.594624298482746781e+03 -4.035852011824266810e+03 -3.483988272070980202e+03 -2.938063094954059125e+03 -2.397127639405527589e+03 -1.860250793213080669e+03 -1.326515839663498582e+03 -7.950171902553880727e+02 -2.648571686754111170e+02 0.000000000000000000e+00
0.000000000000000000e+00 -9.672885531090800214e+03 -2.890151930739493037e+04 -4.778181658007351507e+04 -6.609167212418795680e+04 -8.362370481437996204e+04 -1.001902653003701562e+05 -1.156276234116351698e+05 -1.297991846956244844e+05 -1.425976407467805839e+05 -1.539460173670759541e+05 -1.637976438126236317e+05 -1.721351210966013896e+05 -1.789684136435048422e+05 -1.843322234986933181e+05 -1.882828279701274878e+05 -1.908945695578526065e+05 -1.922561821703217574e+05 -1.924671218931487238e+05 -1.916340466647989233e+05 -1.898675601657892985e+05 -1.872793040381202882e+05 -1.839794518585314800e+05 -1.800746301734126173e+05 -1.756662677948370401e+05 -1.708493552429337869e+05 -1.657115819220631383e+05 -1.603328091145272483e+05 -1.547848316355589195e+05 -1.491313793076818692e+05 -1.434283105026410194e+05 -1.377239531019730784e+05 -1.320595526516183454e+05 -1.264697926455820707e+05 -1.209833573000377364e+05 -1.156235125207080710e+05 -1.104086857773175143e+05 -1.053530301240230765e+05 -1.004669615616227966e+05 -9.575766229902242776e+04 -9.122954525062278844e+04 -8.688467734232226212e+04 -8.272316094678154332e+04 -7.874347409132226312e+04 -7.494277104369421431e+04 -7.131714554417088220e+04 -6.786185937428797479e+04 -6.457153918391945626e+04 -6.144034458336783428e+04 -5.846211048296649096e+04 -5.563046656005422119e+04 -5.293893657688845997e+04 -5.038102008277680579e+04 -4.795025882471668592e+04 -4.564028997454182536e+04 -4.344488806549197034e+04 -4.135799732325410878e+04 -3.937375587983932201e+04 -3.748651317574247514e+04 -3.569084168802238128e+04 -3.398154396968505171e+04 -3.235365584906521690e+04 -3.080244651610213623e+04 -2.932341611472162913e+04 -2.791229136595252567e+04 -2.656501966382510363e+04 -2.527776201436919291e+04 -2.404688512602962874e+04 -2.286895290654808559e+04 -2.174071757570291084e+04 -2.065911056440559696e+04 -1.962123333764657582e+04 -1.862434825087810168e+04 -1.766586952594098329e+04 -1.674335441300451203e+04 -1.585449458856527053e+04 -1.499710782596950412e+04 -1.416912996370307701e+04 -1.336860718748860381e+04 -1.259368863472836529e+04 -1.184261932377054472e+04 -1.111373340562142766e+04 -1.040544773186148996e+04 -9.716255729501190217e+03 -9.044721571177222359e+03 -8.389474627327514099e+03 -7.749204185664371835e+03 -7.122654422340263409e+03 -6.508619608556256935e+03 -5.905939535976687694e+03 -5.313495144090581562e+03 -4.730204332585703014e+03 -4.155017941844249435e+03 -3.586915884760089739e+03 -3.024903413240958798e+03 -2.468007502941881285e+03 -1.915273339961050851e+03 -1.365760893437024151e+03 -8.185415581525643347e+02 -2.726948514111922464e+02 0.000000000000000000e+00
0.000000000000000000e+00 -1.040949190271083535e+04 -3.109821926624980915e+04 -5.139970889101208741e+04 -7.106741876555465569e+04 -8.987169647790041927e+04 -1.076054968727137020e+05 -1.240891345214761095e+05 -1.391738947594287165e+05 -1.527443932138479722e+05 -1.647196451724638464e+05 -1.750528775214807247e+05 -1.837301818675029499e+05 -1.907681628710527148e+05 -1.962107768861961085e+05 -2.001255804279563017e+05 -2.025996152951395779e+05 -2.037351486272054026e+05 -2.036454644608150993e+05 -2.024508720870501129e+05 -2.002750596665062185e+05 -1.972418829486542672e+05 -1.934726418179767206e+05 -1.890838642075364187e+05 -1.841855892550117569e+05 -1.788801201667074929e+05 -1.732612021415298805e+05 -1.674135714089382091e+05 -1.614128171379148844e+05 -1.553254976973472512e+05 -1.492094554795464210e+05 -1.431142792904447997e+05 -1.370818693384998187e+05 -1.311470664482577995e+05 -1.253383137704857363e+05 -1.196783255923645193e+05 -1.141847436300808331e+05 -1.088707662775362842e+05 -1.037457406345744384e+05 -9.881571074967454479e+04 -9.408391842815943528e+04 -8.955125524446886266e+04 -8.521666613464259717e+04 -8.107750621516686806e+04 -7.712985335706062324e+04 -7.336877961352409329e+04 -6.978858492189315439e+04 -6.638299663318140665e+04 -6.314533841345837573e+04 -6.006867195052369789e+04 -5.714591471882972110e+04 -5.436993683077703463e+04 -5.173363975291357201e+04 -4.923001940595559427e+04 -4.685221590869680222e+04 -4.459355197543647955e+04 -4.244756173964223126e+04 -4.040801155629104323e+04 -3.846891413351788651e+04 -3.662453716139753669e+04 -3.486940744172990526e+04 -3.319831137697453232e+04 -3.160629254786096135e+04 -3.008864699646733425e+04 -2.864091673334273582e+04 -2.725888190213046255e+04 -2.593855196179769337e+04 -2.467615618362128953e+04 -2.346813370631728321e+04 -2.231112334700457359e+04 -2.120195332700252766e+04 -2.013763103885435339e+04 -1.911533295359625481e+04 -1.813239474445189626e+04 -1.718630168413633510e+04 -1.627467935723245864e+04 -1.539528471620239361e+04 -1.454599749903369593e+04 -1.372481201795657034e+04 -1.292982932177411567e+04 -1.215924972884582894e+04 -1.141136572343136504e+04 -1.068455520471870113e+04 -9.977275075289297092e+03 -9.288055153828034236e+03 -8.615492395486266105e+03 -7.958245402328828277e+03 -7.315029205651923803e+03 -6.684610301591828829e+03 -6.065801921278316513e+03 -5.457459516784055268e+03 -4.858476444238302065e+03 -4.267779825657000401e+03 -3.684326571298535782e+03 -3.107099544632525067e+03 -2.535103852294932949e+03 -1.967363241693546343e+03 -1.402916589190692775e+03 -8.408144620446848876e+02 -2.801157374909204236e+02 0.000000000000000000e+00
0.000000000000000000e+00 -1.119514603071832971e+04 -3.344049496361950878e+04 -5.525507528516510502e+04 -7.636506087248133554e+04 -9.651602519470675907e+04 -1.154794789479808242e+05 -1.330582711507208296e+05 -1.490906465342022129e+05 -1.634528312359271513e+05 -1.760601048896161083e+05 -1.868664036525405536e+05 -1.958625785600023810e+05 -2.030735003767281305e+05 -2.085542507557543577e+05 -2.123856670636485214e+05 -2.146695141882452590e+05 -2.155235428684868384e+05 -2.150766643069646670e+05 -2.134644299200219102e+05 -2.108249582750478003e+05 -2.072954034318322665e+05 -2.030090140510090278e+05 -1.980927936240658746e+05 -1.926657406897675246e+05 -1.868376245269725623e+05 -1.807082362926493806e+05 -1.743670470495686750e+05 -1.678932014004623343e+05 -1.613557771861297661e+05 -1.548142466171815176e+05 -1.483190811339996581e+05 -1.419124502621764841e+05 -1.356289729994945810e+05 -1.294964882893187751e+05 -1.235368185393879685e+05 -1.177665067197711614e+05 -1.121975132211553573e+05 -1.068378633614722057e+05 -1.016922402403722517e+05 -9.676252063789319072e+04 -9.204825393573271867e+04 -8.754708571298340394e+04 -8.325512883721702383e+04 -7.916728563337831292e+04 -7.527752515338287049e+04 -7.157911976347344171e+04 -6.806484527714380238e+04 -6.472714874059140857e+04 -6.155828776678519353e+04 -5.855044504605952534e+04 -5.569582136083053047e+04 -5.298671011847790214e+04 -5.041555610336178506e+04 -4.797500084599867841e+04 -4.565791672103721794e+04 -4.345743161981523008e+04 -4.136694580009461788e+04 -3.938014229566762515e+04 -3.749099207182392274e+04 -3.569375493816901871e+04 -3.398297707663418987e+04 -3.235348590825530118e+04 -3.080038290552387480e+04 -2.931903485626457405e+04 -2.790506399825706467e+04 -2.655433736960466558e+04 -2.526295565665977119e+04 -2.402724176772704959e+04 -2.284372931554165916e+04 -2.170915115350855922e+04 -2.062042807889554024e+04 -1.957465778969865278e+04 -1.856910415996621305e+04 -1.760118688029598707e+04 -1.666847149542065745e+04 -1.576865985872074816e+04 -1.489958101378907486e+04 -1.405918250537109452e+04 -1.324552211579727191e+04 -1.245676001819339399e+04 -1.169115133401201638e+04 -1.094703907958304990e+04 -1.022284748430154468e+04 -9.517075661568638679e+03 -8.828291612599474320e+03 -8.155126542586182040e+03 -7.496269468373933705e+03 -6.850462096730723715e+03 -6.216493952367936799e+03 -5.593197735086569992e+03 -4.979444885734376840e+03 -4.374141341016723345e+03 -3.776223457607369255e+03 -3.184654086404827922e+03 -2.598418778183123322e+03 -2.016522102275574753e+03 -1.437984060256461589e+03 -8.618365769139214763e+02 -2.871200510623289119e+02 0.000000000000000000e+00
0.000000000000000000e+00 -1.203571766734328776e+04 -3.594571568604830827e+04 -5.937607716432519373e+04 -8.202241408164250606e+04 -1.036026524246423360e+05 -1.238645198921932024e+05 -1.425916949166324339e+05 -1.596083721039973316e+05 -1.747820937304580584e+05 -1.880248009211134340e+05 -1.992921634296847624e+05 -2.085813445069376612e+05 -2.159274385942183726e+05 -2.213988777153759438e+05 -2.250921335661323974e+05 -2.271260459140835446e+05 -2.276360867583378858e+05 -2.267688289858638018e+05 -2.246768346508005634e+05 -2.215141184238457063e+05 -2.174322824590331584e+05 -2.125773648216347501e+05 -2.070873980030493985e+05 -2.010906385949629475e+05 -1.947044042018771579e+05 -1.880344384029727953e+05 -1.811747176373348339e+05 -1.742076135662780143e+05 -1.672043289968201425e+05 -1.602255331966707308e+05 -1.533221320008714974e+05 -1.465361183975198073e+05 -1.399014594668780337e+05 -1.334449850777052052e+05 -1.271872522775976831e+05 -1.211433666827338748e+05 -1.153237483347796515e+05 -1.097348344933086628e+05 -1.043797157694080233e+05 -9.925870500778565474e+04 -9.436984052903081465e+04 -8.970932688788710220e+04 -8.527191731504727795e+04 -8.105124260304107156e+04 -7.704009146978198260e+04 -7.323064746875451237e+04 -6.961468738031138491e+04 -6.618374576830414298e+04 -6.292925006256624329e+04 -5.984263016304690973e+04 -5.691540617976729845e+04 -5.413925754173457244e+04 -5.150607633957209327e+04 -4.900800741904045572e+04 -4.663747742059098528e+04 -4.438721466619234707e+04 -4.225026152972524869e+04 -4.021998069076148386e+04 -3.829005646241488284e+04 -3.645449220036337647e+04 -3.470760464010045689e+04 -3.304401587083241611e+04 -3.145864353491128350e+04 -2.994668973931833170e+04 -2.850362907834718499e+04 -2.712519609246127948e+04 -2.580737242561924359e+04 -2.454637389061087379e+04 -2.333863760779934819e+04 -2.218080934579506720e+04 -2.106973116204711550e+04 -2.000242941610953130e+04 -1.897610320762313131e+04 -1.798811327415705455e+04 -1.703597137036450295e+04 -1.611733013887948982e+04 -1.522997347462174366e+04 -1.437180737726272855e+04 -1.354085128121282469e+04 -1.273522984838183402e+04 -1.195316520589088577e+04 -1.119296960866712107e+04 -1.045303850529826377e+04 -9.731843984507480855e+03 -9.027928579021248879e+03 -8.339899403363286183e+03 -7.666422602110248590e+03 -7.006218085353149036e+03 -6.358054528458117602e+03 -5.720744613655689136e+03 -5.093140491501824727e+03 -4.474129440786384293e+03 -3.862629706016048203e+03 -3.257586492132989861e+03 -2.657968096641941884e+03 -2.062762159800308837e+03 -1.470972013941629257e+03 -8.816131133865026186e+02 -2.937095266997287126e+02 0.000000000000000000e+00
0.000000000000000000e+00 -1.293776715138336476e+04 -3.863328633680556959e+04 -6.379414968275817228e+04 -8.808163304036400223e+04 -1.111827134251950192e+05 -1.328186609283517173e+05 -1.527520545746263524e+05 -1.707919304703986854e+05 -1.867968830430662201e+05 -2.006760660951111640e+05 -2.123881695596183417e+05 -2.219385683052076201e+05 -2.293749393903423043e+05 -2.347817144744903489e+05 -2.382737693744473509e+05 -2.399897525454455172e+05 -2.400854226316538115e+05 -2.387273096003088867e+05 -2.360869435180651199e+05 -2.323358190086037503e+05 -2.276411898783546931e+05 -2.221627233044509776e+05 -2.160499900200984266e+05 -2.094407276108633669e+05 -2.024597881056930637e+05 -1.952186670486980001e+05 -1.878155070274969330e+05 -1.803354718232222076e+05 -1.728513956302675942e+05 -1.654246231483542360e+05 -1.581059691372039670e+05 -1.509367390125364182e+05 -1.439497643956201500e+05 -1.371704186736824922e+05 -1.306175873052508396e+05 -1.243045757215557387e+05 -1.182399442715912301e+05 -1.124282648543532705e+05 -1.068707978423759923e+05 -1.015660908089040749e+05 -9.651050260912603699e+04 -9.169865770406456431e+04 -8.712383640593201562e+04 -8.277830709659428976e+04 -7.865360653544480738e+04 -7.474077421855476859e+04 -7.103054644807502336e+04 -6.751351537458026723e+04 -6.418025782722598524e+04 -6.102143827793979290e+04 -5.802788981861687353e+04 -5.519067657970423170e+04 -5.250114059441546851e+04 -4.995093572114693961e+04 -4.753205088032039930e+04 -4.523682454165260424e+04 -4.305795211307981663e+04 -4.098848763151319145e+04 -3.902184093600566121e+04 -3.715177131315019506e+04 -3.537237843975361466e+04 -3.367809130644050310e+04 -3.206365568496747801e+04 -3.052412059935610523e+04 -2.905482417405642627e+04 -2.765137915915377744e+04 -2.630965837131169974e+04 -2.502578023790955558e+04 -2.379609458932378038e+04 -2.261716880914148715e+04 -2.148577442318330577e+04 -2.039887418459647597e+04 -1.935360969307948835e+04 -1.834728957081880071e+04 -1.737737820535164064e+04 -1.644148505973636566e+04 -1.553735454277006284e+04 -1.466285642606242436e+04 -1.381597679028501807e+04 -1.299480947962018581e+04 -1.219754804107619020e+04 -1.142247812373406487e+04 -1.066797031200478705e+04 -9.932473366470005203e+03 -9.214507845744110455e+03 -8.512660082938860796e+03 -7.825576490668499900e+03 -7.151958169051573350e+03 -6.490555791775429498e+03 -5.840164745959647917e+03 -5.199620502276089610e+03 -4.567794192491218382e+03 -3.943588372294820147e+03 -3.325932947951240749e+03 -2.713781245934285835e+03 -2.106106205273679279e+03 -1.501896672845792637e+03 -9.001537822852101272e+02 -2.998873975482958372e+02 0.000000000000000000e+00
0.000000000000000000e+00 -1.390863475580479098e+04 -4.152491145693338331e+04 -6.854442805195820983e+04 -9.458977848947327584e+04 -1.193131939072367531e+05 -1.424064217642910953e+05 -1.636087523867166892e+05 -1.827128422043396567e+05 -1.995681159293364035e+05 -2.140816828336650506e+05 -2.262168621659991622e+05 -2.359895634204339294e+05 -2.434628922421811731e+05 -2.487404390417244576e+05 -2.519587475571517716e+05 -2.532794543295584444e+05 -2.528815434758012707e+05 -2.509540849802249868e+05 -2.476897317859529867e+05 -2.432791537158185674e+05 -2.379064950216280413e+05 -2.317458643618160568e+05 -2.249588051572114637e+05 -2.176926515892611933e+05 -2.100796498218783236e+05 -2.022367128133599763e+05 -1.942656771636767080e+05 -1.862539385634501814e+05 -1.782753556232086266e+05 -1.703913277165037289e+05 -1.626519690931154473e+05 -1.550973175862572680e+05 -1.477585309061181033e+05 -1.406590363209012430e+05 -1.338156103007768979e+05 -1.272393734627785452e+05 -1.209366930533304985e+05 -1.149099904563359305e+05 -1.091584550637916545e+05 -1.036786685385687742e+05 -9.846514526535966434e+04 -9.351079583042468585e+04 -8.880732086901285220e+04 -8.434554271685428103e+04 -8.011568211684199923e+04 -7.610758685709843121e+04 -7.231091872367834731e+04 -6.871530459432145290e+04 -6.531045691844010435e+04 -6.208626825077385729e+04 -5.903288395099912304e+04 -5.614075664112284721e+04 -5.340068553370483278e+04 -5.080384331014209602e+04 -4.834179284002113127e+04 -4.600649568863309833e+04 -4.379031405786195683e+04 -4.168600754259440146e+04 -3.968672585723090015e+04 -3.778599849110837386e+04 -3.597772208422204858e+04 -3.425614617222686502e+04 -3.261585782905949964e+04 -3.105176563391082163e+04 -2.955908330400862906e+04 -2.813331326348399307e+04 -2.677023035941873968e+04 -2.546586588722650777e+04 -2.421649204722831928e+04 -2.301860692132637996e+04 -2.186892003182838016e+04 -2.076433852281299187e+04 -1.970195398702862440e+04 -1.867902994748290803e+04 -1.769298999203094354e+04 -1.674140655080565557e+04 -1.582199029990230338e+04 -1.493258016990731994e+04 -1.407113393436083970e+04 -1.323571935080775984e+04 -1.242450582550425861e+04 -1.163575657194649648e+04 -1.086782123299068189e+04 -1.011912893635998262e+04 -9.388181753669574391e+03 -8.673548533646098804e+03 -7.973859080941784669e+03 -7.287798652765011866e+03 -6.614102746430271509e+03 -5.951552151848634821e+03 -5.298968243891863494e+03 -4.655208490457930566e+03 -4.019162152913134832e+03 -3.389746156390494434e+03 -2.765901108158207535e+03 -2.146587442933017428e+03 -1.530781674596010589e+03 -9.174727342763302431e+02 -3.056583751750103488e+02 0.000000000000000000e+00
0.000000000000000000e+00 -1.495653433816711186e+04 -4.464487310125200747e+04 -7.366619959253903653e+04 -1.015994244002037303e+05 -1.280576618804425816e+05 -1.526996143940007314e+05 -1.752387859099089110e+05 -1.954500978900644113e+05 -2.131736361059794435e+05 -2.283154433431628277e+05 -2.408454731606635032e+05 -2.507930114125369582e+05 -2.582400314802991634e+05 -2.633130569642956834e+05 -2.661741515359779587e+05 -2.670116398265204043e+05 -2.660310950843679020e+05 -2.634470246232614736e+05 -2.594755609085049073e+05 -2.543283413902768807e+05 -2.482076471328059270e+05 -2.413027774055514310e+05 -2.337875685237457801e+05 -2.258189203491751687e+05 -2.175361703468183987e+05 -2.090611488472564670e+05 -2.004987556313106033e+05 -1.919379128036784532e+05 -1.834527684633387253e+05 -1.751040470260942529e+05 -1.669404631395685137e+05 -1.590001356093828799e+05 -1.513119548698756844e+05 -1.438968719663766387e+05 -1.367690887570902123e+05 -1.299371382727131277e+05 -1.234048511793921934e+05 -1.171722094094520144e+05 -1.112360915914468496e+05 -1.055909172417519148e+05 -1.002291980533172900e+05 -9.514200527139898622e+04 -9.031936227743214113e+04 -8.575057126819962286e+04 -8.142448244150006212e+04 -7.732971347566727491e+04 -7.345482638856915582e+04 -6.978846813278808258e+04 -6.631948056277606520e+04 -6.303698472058643529e+04 -5.993044374388053257e+04 -5.698970811146759661e+04 -5.420504641114261904e+04 -5.156716434206818667e+04 -4.906721424748245772e+04 -4.669679710956637427e+04 -4.444795862276247499e+04 -4.231318068998533272e+04 -4.028536945345954155e+04 -3.835784077381296811e+04 -3.652430390319011349e+04 -3.477884395669887454e+04 -3.311590366782178171e+04 -3.153026481428679472e+04 -3.001702961850151405e+04 -2.857160235848596858e+04 -2.718967136908700195e+04 -2.586719156731167823e+04 -2.460036759816131234e+04 -2.338563766704027876e+04 -2.221965810047782361e+04 -2.109928865748963290e+04 -2.002157859857829681e+04 -1.898375350743095987e+04 -1.798320285117958338e+04 -1.701746825814195472e+04 -1.608423248687098749e+04 -1.518130905669785716e+04 -1.430663250750571569e+04 -1.345824925497578261e+04 -1.263430900675459998e+04 -1.183305670481389279e+04 -1.105282495951228339e+04 -1.029202694142934888e+04 -9.549149697863695110e+03 -8.822747861848964021e+03 -8.111437722624586968e+03 -7.413891627633081953e+03 -6.728832687282175357e+03 -6.055029754847997538e+03 -5.391292655023625230e+03 -4.736467635683073240e+03 -4.089433018428770993e+03 -3.449095024424279018e+03 -2.814383752858117987e+03 -2.184249290132869646e+03 -1.557657928539962541e+03 -9.335884737403632698e+02 -3.110286208343815133e+02 0.000000000000000000e+00
0.000000000000000000e+00 -1.609064658302209864e+04 -4.802030969628305320e+04 -7.920336388343428553e+04 -1.091692871995336900e+05 -1.374870405809746881e+05 -1.637782174742561183e+05 -1.877276645268620341e+05 -2.090910447765841673e+05 -2.276989944805185951e+05 -2.434577527320824447e+05 -2.563463974662318360e+05 -2.664110698421864654e+05 -2.737567761969919084e+05 -2.785374942395128310e+05 -2.809453628959301277e+05 -2.811997042672976386e+05 -2.795365264721677522e+05 -2.761990112860946101e+05 -2.714293263751197956e+05 -2.654619415526610101e+05 -2.585184887140750070e+05 -2.508040955569282814e+05 -2.425050469479834428e+05 -2.337875829647324281e+05 -2.247976242739718582e+05 -2.156612173151962634e+05 -2.064855073681139038e+05 -1.973600713765979744e+05 -1.883584698806669912e+05 -1.795399052949000325e+05 -1.709508998995753063e+05 -1.626269300285795180e+05 -1.545939724848771875e+05 -1.468699351088486728e+05 -1.394659558899953845e+05 -1.323875644395116833e+05 -1.256357064925662562e+05 -1.192076368549183971e+05 -1.130976892874590703e+05 -1.072979336210377223e+05 -1.017987312398983049e+05 -9.658920023269458034e+04 -9.165760119799643871e+04 -8.699165407109376974e+04 -8.257879553478867456e+04 -7.840638567992221215e+04 -7.446187165649837698e+04 -7.073291514790589281e+04 -6.720748963797236502e+04 -6.387395264089491684e+04 -6.072109733657514153e+04 -5.773818740184680064e+04 -5.491497825072989508e+04 -5.224172739075865684e+04 -4.970919616262106865e+04 -4.730864475101849530e+04 -4.503182202964527823e+04 -4.287095152635248814e+04 -4.081871456007560482e+04 -3.886823140347773005e+04 -3.701304115949275001e+04 -3.524708090158978302e+04 -3.356466451259543101e+04 -3.196046156180109756e+04 -3.042947648179659882e+04 -2.896702824236116066e+04 -2.756873066651392946e+04 -2.623047349152085735e+04 -2.494840424365235958e+04 -2.371891096831738832e+04 -2.253860583569811570e+04 -2.140430962520289540e+04 -2.031303707903867326e+04 -1.926198310532340111e+04 -1.824850980380455803e+04 -1.727013428194061635e+04 -1.632451722542643620e+04 -1.540945218487425336e+04 -1.452285553902172614e+04 -1.366275709429375274e+04 -1.282729128062605014e+04 -1.201468890399408338e+04 -1.122326941697503207e+04 -1.045143366980491555e+04 -9.697657105679429151e+03 -8.960483365437505199e+03 -8.238518268217570949e+03 -7.530424136117728267e+03 -6.834914432325326743e+03 -6.150748683571936454e+03 -5.476727659073180803e+03 -4.811688779367073039e+03 -4.154501729608032292e+03 -3.504064252924419634e+03 -2.859298100401826559e+03 -2.219145115095066103e+03 -1.582563428202339765e+03 -9.485237461582734113e+02 -3.160057079167867755e+02 0.000000000000000000e+00
0.000000000000000000e+00 -1.732120317218144191e+04 -5.168147207773738046e+04 -8.520486796842013428e+04 -1.173648426308163034e+05 -1.476803940380020649e+05 -1.757312937577154080e+05 -2.011703953019457113e+05 -2.237323557481346361e+05 -2.432383054943345778e+05 -2.595962817543079436e+05 -2.727975709382938803e+05 -2.829094349666880444e+05 -2.900649729848937714e+05 -2.944510492798079504e+05 -2.962952785522609483e+05 -2.958530044468085398e+05 -2.933950606435821974e+05 -2.891969018015827751e+05 -2.835294717298720498e+05 -2.766519696940737776e+05 -2.688065038014556631e+05 -2.602144931249315268e+05 -2.510745986988343357e+05 -2.415619225991361018e+05 -2.318282055772253952e+05 -2.220027678115961025e+05 -2.121939656286872923e+05 -2.024909724177767057e+05 -1.929657291456530802e+05 -1.836749453205995087e+05 -1.746620628714400227e+05 -1.659591222121398896e+05 -1.575884915398736193e+05 -1.495644374362474773e+05 -1.418945276471416000e+05 -1.345808661609206756e+05 -1.276211670553181757e+05 -1.210096776612655376e+05 -1.147379639418962761e+05 -1.087955720627993578e+05 -1.031705803046826768e+05 -9.785005503178216168e+04 -9.282042360019686748e+04 -8.806777603443957923e+04 -8.357810613704715797e+04 -7.933750150824098091e+04 -7.533229079628396721e+04 -7.154915540970106667e+04 -6.797521192034492560e+04 -6.459807048120239051e+04 -6.140587377718382049e+04 -5.838732031853356602e+04 -5.553167526936170907e+04 -5.282877147084140597e+04 -5.026900286174333451e+04 -4.784331210982918856e+04 -4.554317393811835063e+04 -4.336057535251448280e+04 -4.128799374471476767e+04 -3.931837365033938840e+04 -3.744510278118840506e+04 -3.566198781748350302e+04 -3.396323033652585582e+04 -3.234340316462198462e+04 -3.079742736622570010e+04 -2.932055002521591086e+04 -2.790832292572906954e+04 -2.655658220202927259e+04 -2.526142899684581789e+04 -2.401921114401319210e+04 -2.282650587297580569e+04 -2.168010351873945547e+04 -2.057699221037579264e+04 -1.951434350355172501e+04 -1.848949891715672493e+04 -1.749995733051382558e+04 -1.654336319550349072e+04 -1.561749551686967061e+04 -1.472025755378231406e+04 -1.384966719618612478e+04 -1.300384797041031379e+04 -1.218102062980274241e+04 -1.137949528767123957e+04 -1.059766405152887819e+04 -9.833994119395236339e+03 -9.087021300719705323e+03 -8.355343926302057298e+03 -7.637617113334508758e+03 -6.932547353395194477e+03 -6.238887392825213283e+03 -5.555431376441574685e+03 -4.881010226942072222e+03 -4.214487233645117158e+03 -3.554753825385769687e+03 -2.900725503436206054e+03 -2.251337911247132070e+03 -1.605543018604683539e+03 -9.623053984798614238e+02 -3.205985753999638064e+02 0.000000000000000000e+00
0.000000000000000000e+00 -1.865954672814969308e+04 -5.566191498379671248e+04 -9.172505842081394803e+04 -1.262588689985873061e+05 -1.587256737927351496e+05 -1.886579174923537648e+05 -2.156725258336967090e+05 -2.394810851506860636e+05 -2.598951927341546689e+05 -2.768266813385908608e+05 -2.902828581334459595e+05 -3.003573489233413129e+05 -3.072175175131427823e+05 -3.110896695324695320e+05 -3.122433178410763503e+05 -3.109756915252630715e+05 -3.075974528816041420e+05 -3.024203024302782724e+05 -2.957468556918955292e+05 -2.878629097049489501e+05 -2.790320075498729129e+05 -2.694920646996150608e+05 -2.594537387177214259e+05 -2.491001931404506613e+05 -2.385879137630028417e+05 -2.280482676096386858e+05 -2.175895402061999193e+05 -2.072992367336141178e+05 -1.972464813183873775e+05 -1.874843925658495282e+05 -1.780523507295325398e+05 -1.689781021649935283e+05 -1.602796702615106769e+05 -1.519670596418346104e+05 -1.440437530141750467e+05 -1.365080086200847581e+05 -1.293539716442605422e+05 -1.225726160161917796e+05 -1.161525343852144870e+05 -1.100805942058996588e+05 -1.043424772296221054e+05 -9.892311856151906250e+04 -9.380706002973542491e+04 -8.897873108208035410e+04 -8.442266888050349371e+04 -8.012368777617327578e+04 -7.606700695970357629e+04 -7.223834381546585064e+04 -6.862397937546834874e+04 -6.521080126740733976e+04 -6.198632867783283291e+04 -5.893872309608596697e+04 -5.605678795699743932e+04 -5.332995974892022059e+04 -5.074829268718187086e+04 -4.830243866055781109e+04 -4.598362382997744135e+04 -4.378362298518142052e+04 -4.169473253839158133e+04 -3.970974284706200706e+04 -3.782191040425199026e+04 -3.602493030968039966e+04 -3.431290933250224043e+04 -3.268033979434166031e+04 -3.112207443479576250e+04 -2.963330236865290499e+04 -2.820952620208942972e+04 -2.684654034217063963e+04 -2.554041050836944851e+04 -2.428745443518700995e+04 -2.308422374019608105e+04 -2.192748692093747013e+04 -2.081421343634181540e+04 -1.974155882306536660e+04 -1.870685079381759351e+04 -1.770757626296074159e+04 -1.674136924406705293e+04 -1.580599956440812275e+04 -1.489936234233260257e+04 -1.401946817496120639e+04 -1.316443398541584429e+04 -1.233247448086926488e+04 -1.152189417486483580e+04 -1.073107992959553849e+04 -9.958493976099747670e+03 -9.202667372532061563e+03 -8.462193862830683429e+03 -7.735724100162155082e+03 -7.021960201466486069e+03 -6.319650601265958358e+03 -5.627585174593757984e+03 -4.944590600466941396e+03 -4.269525938749854504e+03 -3.601278394536879659e+03 -2.938759245336248114e+03 -2.280899907335708122e+03 -1.626648117895695805e+03 -9.749642121517415490e+02 -3.248174722004522437e+02 0.000000000000000000e+00
0.000000000000000000e+00 -2.011814076653329175e+04 -5.999855303078187717e+04 -9.882385114536440233e+04 -1.359318122512224945e+05 -1.707203385341003886e+05 -2.026680545597152959e+05 -2.313512220452179026e+05 -2.564558182803856325e+05 -2.777838460452968720e+05 -2.952533810854929616e+05 -3.088924594137455570e+05 -3.188275415076938225e+05 -3.252678256158881704e+05 -3.284870092326267040e+05 -3.288041698743130546e+05 -3.265652742683465476e+05 -3.221264979587192647e+05 -3.158401330734542571e+05 -3.080434609473612509e+05 -2.990506253141885391e+05 -2.891472898803776479e+05 -2.785877063539146911e+05 -2.675937443924136460e+05 -2.563554243753936898e+05 -2.450325265962129051e+05 -2.337569078473146656e+05 -2.226352239598869346e+05 -2.117518246076197829e+05 -2.011716484641575371e+05 -1.909429995275121473e+05 -1.811001281294823275e+05 -1.716655732049282815e+05 -1.626522469005003804e+05 -1.540652599553363398e+05 -1.459034979242304107e+05 -1.381609655587890011e+05 -1.308279206502413290e+05 -1.238918202989208803e+05 -1.173381026419809787e+05 -1.111508261005190725e+05 -1.053131866125891975e+05 -9.980793139507265005e+04 -9.461768573021724296e+04 -8.972520723873929819e+04 -8.511358016669054632e+04 -8.076636042812124651e+04 -7.666768053468842118e+04 -7.280232211441406980e+04 -6.915576247142585635e+04 -6.571420055644326203e+04 -6.246456678998777352e+04 -5.939452039105282165e+04 -5.649243719721274101e+04 -5.374739040219505841e+04 -5.114912616937842540e+04 -4.868803569118679297e+04 -4.635512494311965565e+04 -4.414198311680318875e+04 -4.204075049987457169e+04 -4.004408639394743659e+04 -3.814513751865329687e+04 -3.633750723410142382e+04 -3.461522582131930540e+04 -3.297272198623097211e+04 -3.140479569414171056e+04 -2.990659239570364662e+04 -2.847357866961469335e+04 -2.710151927986881128e+04 -2.578645562466280535e+04 -2.452468553874107602e+04 -2.331274439993339183e+04 -2.214738748304090404e+04 -2.102557349930350392e+04 -1.994444925687962314e+04 -1.890133537658506975e+04 -1.789371299719215313e+04 -1.691921140558019033e+04 -1.597559652868751255e+04 -1.506076022637672395e+04 -1.417271032679985001e+04 -1.330956134850866147e+04 -1.246952585636091680e+04 -1.165090640107622130e+04 -1.085208799507419099e+04 -1.007153107995451501e+04 -9.307764943577911254e+03 -8.559381547209784912e+03 -7.825029725526997026e+03 -7.103409724473277493e+03 -6.393268044007189928e+03 -5.693392554645037308e+03 -5.002607858410478912e+03 -4.319770866367069175e+03 -3.643766566289280945e+03 -2.973503955256914196e+03 -2.307912113045077604e+03 -1.645936393104602530e+03 -9.865347086959570788e+02 -3.286738923881591745e+02 0.000000000000000000e+00
0.000000000000000000e+00 -2.171048657011973046e+04 -6.473146249805350089e+04 -1.065665532745068340e+05 -1.464717984383635048e+05 -1.837716998687804735e+05 -2.178833008563624753e+05 -2.483363455061868299e+05 -2.747879274918360752e+05 -2.970302291012917412e+05 -3.149905114551733132e+05 -3.287233579304445884e+05 -3.383960980295141926e+05 -3.442691170882044826e+05 -3.466732118837941089e+05 -3.459862174999871640e+05 -3.426108537979498506e+05 -3.369552409806611831e+05 -3.294169534161141491e+05 -3.203709367748255027e+05 -3.101611795426340541e+05 -2.990957350537613383e+05 -2.874445291119616595e+05 -2.754393360190478270e+05 -2.632753302891119965e+05 -2.511136918427997734e+05 -2.390848343091150455e+05 -2.272919216963896470e+05 -2.158144272781526088e+05 -2.047115644795346307e+05 -1.940254809320023924e+05 -1.837841540722285863e+05 -1.740039613138482382e+05 -1.646919220472797460e+05 -1.558476247075878200e+05 -1.474648618866773031e+05 -1.395330016453788267e+05 -1.320381251660767011e+05 -1.249639607319257775e+05 -1.182926425131343858e+05 -1.120053203550370381e+05 -1.060826440964848298e+05 -1.005051431708167365e+05 -9.525351952928212995e+04 -9.030886938359585474e+04 -8.565284694728157774e+04 -8.126778128881141311e+04 -7.713675559606868774e+04 -7.324365658087955671e+04 -6.957320040613602032e+04 -6.611094037435058272e+04 -6.284326065220535384e+04 -5.975735949803513358e+04 -5.684122478651851998e+04 -5.408360406778843026e+04 -5.147397093897838931e+04 -4.900248912950851081e+04 -4.665997539385493292e+04 -4.443786205555380729e+04 -4.232815984396338172e+04 -4.032342150257956382e+04 -3.841670651744497445e+04 -3.660154721057033021e+04 -3.487191636141190975e+04 -3.322219645530520211e+04 -3.164715060793701196e+04 -3.014189517674823946e+04 -2.870187404126663387e+04 -2.732283451294116094e+04 -2.600080481959959434e+04 -2.473207309884319693e+04 -2.351316782763745141e+04 -2.234083961115909915e+04 -2.121204425197124874e+04 -2.012392702033018213e+04 -1.907380804741061365e+04 -1.805916876515801778e+04 -1.707763931904732817e+04 -1.612698688306455551e+04 -1.520510480953988554e+04 -1.431000254992851842e+04 -1.343979628615741967e+04 -1.259270021565515526e+04 -1.176701843661444582e+04 -1.096113738333603214e+04 -1.017351876466214344e+04 -9.402692961495122290e+03 -8.647252842201391104e+03 -7.905847957323528135e+03 -7.177179077429357676e+03 -6.459993040171520079e+03 -5.753077874664926640e+03 -5.055258173123972483e+03 -4.365390681382436924e+03 -3.682360081395548605e+03 -3.005074940132254142e+03 -2.332463800417353013e+03 -1.663471390255002007e+03 -9.970549279882279734e+02 -3.321805013137269498e+02 0.000000000000000000e+00
0.000000000000000000e+00 -2.345087554021367032e+04 -6.990323223132955900e+04 -1.150230629644063883e+05 -1.579740056136547064e+05 -1.979967535990039178e+05 -2.344373264908133133e+05 -2.667714767305721762e+05 -2.946229613805227564e+05 -3.177735060310713598e+05 -3.361630188836916932e+05 -3.498798448836953030e+05 -3.591422466687886044e+05 -3.642734637136082747e+05 -3.656733419116005534e+05 -3.637895544436183991e+05 -3.590909558644948993e+05 -3.520448389975430327e+05 -3.430990243141282117e+05 -3.326689743497318123e+05 -3.211295820753614535e+05 -3.088109518377416534e+05 -2.959973476144607994e+05 -2.829284774951072759e+05 -2.698023643526163651e+05 -2.567791773718709883e+05 -2.439855360874971084e+05 -2.315189281089536962e+05 -2.194519934051721939e+05 -2.078365180940694117e+05 -1.967070494256674137e+05 -1.860840935217201186e+05 -1.759768917703550542e+05 -1.663857939853840799e+05 -1.573042596081550582e+05 -1.487205249286391772e+05 -1.406189765690009517e+05 -1.329812708513659891e+05 -1.257872362913807883e+05 -1.190155931179324980e+05 -1.126445199608619587e+05 -1.066520940280212235e+05 -1.010166274304071558e+05 -9.571691893476784753e+04 -9.073243738784574089e+04 -8.604345038417729666e+04 -8.163110943279600178e+04 -7.747750089422297606e+04 -7.356567027703061467e+04 -6.987962606893821794e+04 -6.640432809660714702e+04 -6.312566442869655293e+04 -6.003042002850118297e+04 -5.710623969904609839e+04 -5.434158732154813333e+04 -5.172570294744752755e+04 -4.924855894752670429e+04 -4.690081613425802061e+04 -4.467378054316101770e+04 -4.255936137527613027e+04 -4.055003045721715898e+04 -3.863878346060413605e+04 -3.681910303306913556e+04 -3.508492392364227271e+04 -3.343060013217505912e+04 -3.185087407236007130e+04 -3.034084770815347656e+04 -2.889595560185229260e+04 -2.751193979705581296e+04 -2.618482644974486539e+04 -2.491090411467100421e+04 -2.368670359124111565e+04 -2.250897923235830604e+04 -2.137469162069176673e+04 -2.028099151910666478e+04 -1.922520500514585001e+04 -1.820481970321214612e+04 -1.721747203225087287e+04 -1.626093539110964412e+04 -1.533310920817554688e+04 -1.443200878633448156e+04 -1.355575587863166947e+04 -1.270256993418925413e+04 -1.187075995795877679e+04 -1.105871693167906233e+04 -1.026490674697413669e+04 -9.487863604876152749e+03 -8.726183839149498453e+03 -7.978520123657144723e+03 -7.243576026645156162e+03 -6.520100877218077585e+03 -5.806884911469112922e+03 -5.102754667690948736e+03 -4.406568601863720687e+03 -3.717212896184776582e+03 -3.033597434787654493e+03 -2.354651921999630758e+03 -1.679322119504628290e+03 -1.006566179645130660e+03 -3.353510527881487633e+02 0.000000000000000000e+00
0.000000000000000000e+00 -2.535385887406744223e+04 -7.555753845312028716e+04 -1.242659941650012624e+05 -1.705389209623363276e+05 -2.135211031439226645e+05 -2.524757813743640145e+05 -2.868148054181555053e+05 -3.161222196119446889e+05 -3.401678063065890456e+05 -3.589080907667173888e+05 -3.724741881667351699e+05 -3.811480593046174035e+05 -3.853305329664155142e+05 -3.855053601116840146e+05 -3.822034835460657487e+05 -3.759708666938800015e+05 -3.673420123954802984e+05 -3.568200808664722717e+05 -3.448635251014764071e+05 -3.318785007491650758e+05 -3.182159666284887935e+05 -3.041723034822152695e+05 -2.899923566955235437e+05 -2.758739762430807459e+05 -2.619733261972927430e+05 -2.484104296772962261e+05 -2.352745833509168006e+05 -2.226294109336796682e+05 -2.105174274878179713e+05 -1.989640595637500810e+05 -1.879811157317795150e+05 -1.775697333210042561e+05 -1.677228451096533099e+05 -1.584272183100592520e+05 -1.496651205699807906e+05 -1.414156661720976408e+05 -1.336558917942574481e+05 -1.263616062196056155e+05 -1.195080529995772376e+05 -1.130704197394250368e+05 -1.070242226686638605e+05 -1.013455906200815662e+05 -9.601146852867718553e+04 -9.099975708017589932e+04 -8.628940216064416745e+04 -8.186044524028136220e+04 -7.769404371452286432e+04 -7.377246847163095663e+04 -7.007908450755639933e+04 -6.659831921991620038e+04 -6.331562204195354570e+04 -6.021741828837718640e+04 -5.729105944674762577e+04 -5.452477163422961894e+04 -5.190760352771235921e+04 -4.942937474678000581e+04 -4.708062540836953849e+04 -4.485256736627447390e+04 -4.273703748743697361e+04 -4.072645319148364797e+04 -3.881377038319597341e+04 -3.699244383376985206e+04 -3.525639001112672122e+04 -3.359995231841116038e+04 -3.201786867009869457e+04 -3.050524131434963419e+04 -2.905750879642035579e+04 -2.767041994951849483e+04 -2.634000979514858045e+04 -2.506257723378284936e+04 -2.383466440778077231e+04 -2.265303762126716174e+04 -2.151466970564081930e+04 -2.041672372415774953e+04 -1.935653791433509105e+04 -1.833161177246052830e+04 -1.733959319018574752e+04 -1.637826655881680017e+04 -1.544554176244578412e+04 -1.453944398640978397e+04 -1.365810427266302941e+04 -1.279975075848551387e+04 -1.196270053949858266e+04 -1.114535210221888337e+04 -1.034617827531929106e+04 -9.563719652438176126e+03 -8.796578442743815685e+03 -8.043412708536159698e+03 -7.302930952003684979e+03 -6.573887015794717627e+03 -5.855075264387827701e+03 -5.145326015314189135e+03 -4.443501191145558550e+03 -3.748490164802491563e+03 -3.059205772177576364e+03 -2.374580467316437989e+03 -1.693562596468595075e+03 -1.015112768210303557e+03 -3.382002975441341732e+02 0.000000000000000000e+00
0.000000000000000000e+00 -2.743323863525862180e+04 -8.173640388210286619e+04 -1.343669745410171454e+05 -1.842686968441620993e+05 -2.304763262714158918e+05 -2.721552654864072683e+05 -3.086397687065800419e+05 -3.394646112294419436e+05 -3.643845296211806708e+05 -3.833770805831608013e+05 -3.966275454051510897e+05 -4.044980531268963823e+05 -4.074859218004406430e+05 -4.061774892645946820e+05 -4.012033416017293348e+05 -3.931993520635589375e+05 -3.827760174289655406e+05 -3.704968019948087167e+05 -3.568648915102148312e+05 -3.423169972255516332e+05 -3.272225558950333507e+05 -3.118867038908482064e+05 -2.965556214233425562e+05 -2.814231359393401654e+05 -2.666377700051122229e+05 -2.523096793051601271e+05 -2.385171352873522264e+05 -2.253123633334419283e+05 -2.127266573863702652e+05 -2.007747647470405500e+05 -1.894585794185282721e+05 -1.787702069350324455e+05 -1.686944744915332994e+05 -1.592109622398865758e+05 -1.502956283314219909e+05 -1.419220940779699886e+05 -1.340626480717158411e+05 -1.266890202614045411e+05 -1.197729694316157984e+05 -1.132867206017038407e+05 -1.072032827012205089e+05 -1.014966715275486931e+05 -9.614205842178898456e+04 -9.111586124785640277e+04 -8.639579104812625155e+04 -8.196086509361225762e+04 -7.779139486695882806e+04 -7.386895573828204942e+04 -7.017634365106280893e+04 -6.669752297045478190e+04 -6.341756871029408649e+04 -6.032260560628696112e+04 -5.739974590650118625e+04 -5.463702727766410680e+04 -5.202335185300330340e+04 -4.954842715500453778e+04 -4.720270939862398518e+04 -4.497734950416527863e+04 -4.286414201378817233e+04 -4.085547700295320101e+04 -3.894429500121309684e+04 -3.712404488010390196e+04 -3.538864462518246728e+04 -3.373244488084786281e+04 -3.215019513775735686e+04 -3.063701242120078314e+04 -2.918835233286825678e+04 -2.779998229673663809e+04 -2.646795686117717923e+04 -2.518859491298508510e+04 -2.395845866419501181e+04 -2.277433427877528447e+04 -2.163321401314313698e+04 -2.053227975166865872e+04 -1.946888782566656664e+04 -1.844055501165825626e+04 -1.744494561180815435e+04 -1.647985952629257736e+04 -1.554322123390936940e+04 -1.463306960341641388e+04 -1.374754846390802595e+04 -1.288489786796649605e+04 -1.204344598636369665e+04 -1.122160157776241431e+04 -1.041784698115223728e+04 -9.630731582710965085e+03 -8.858865712378004901e+03 -8.100914928709313244e+03 -7.355594653569935872e+03 -6.621665120909218786e+03 -5.897926606284379886e+03 -5.183214905968015955e+03 -4.476397036408313397e+03 -3.776367126507892863e+03 -3.082042476682711822e+03 -2.392359759945489714e+03 -1.706271341360355336e+03 -1.022741693131156808e+03 -3.407438833092318760e+02 0.000000000000000000e+00
0.000000000000000000e+00 -2.970025254031407894e+04 -8.847523701142946084e+04 -1.453898528705927311e+05 -1.992602802819744684e+05 -2.489946907213604136e+05 -2.936406978678178857e+05 -3.324352424304124434e+05 -3.648489620227485429e+05 -3.906155184153369046e+05 -4.097382277475009323e+05 -4.224712612783684162e+05 -4.292786515343450592e+05 -4.307789038794978987e+05 -4.276847361044590361e+05 -4.207464327996816137e+05 -4.107046049252998200e+05 -3.982550664467504248e+05 -3.840259789821760496e+05 -3.685657501178336097e+05 -3.523393812211186741e+05 -3.357308261765111238e+05 -3.190491817165857647e+05 -3.025369653867499437e+05 -2.863792026933158049e+05 -2.707124604009232135e+05 -2.556332955537916860e+05 -2.412058357040584960e+05 -2.274683756026162591e+05 -2.144389849967863411e+05 -2.021201870029720885e+05 -1.905028003310204367e+05 -1.795690520173416007e+05 -1.692950680348503811e+05 -1.596528425951481040e+05 -1.506117767403719481e+05 -1.421398652255210327e+05 -1.342045990913045534e+05 -1.267736404875129811e+05 -1.198153165998350451e+05 -1.132989710875716410e+05 -1.071952042428080749e+05 -1.014760270430647361e+05 -9.611494926308674621e+04 -9.108701770032309287e+04 -8.636881721865513828e+04 -8.193844460313946183e+04 -7.777546303560597880e+04 -7.386084325260613696e+04 -7.017689605345086602e+04 -6.670719971993973013e+04 -6.343652503538585734e+04 -6.035075990314462251e+04 -5.743683502683174447e+04 -5.468265169558944035e+04 -5.207701239371138217e+04 -4.960955470499607327e+04 -4.727068879259580717e+04 -4.505153859221604216e+04 -4.294388675022708048e+04 -4.094012326052356366e+04 -3.903319769847986026e+04 -3.721657491196323099e+04 -3.548419400418131409e+04 -3.383043042795963265e+04 -3.225006100336533927e+04 -3.073823166857776596e+04 -2.929042777594891959e+04 -2.790244675016225301e+04 -2.657037293241000953e+04 -2.529055444283222096e+04 -2.405958190257944807e+04 -2.287426886640419980e+04 -2.173163382631550849e+04 -2.062888365637023526e+04 -1.956339837793695187e+04 -1.853271713367817938e+04 -1.753452526695273627e+04 -1.656664241132355528e+04 -1.562701150231974862e+04 -1.471368863058140050e+04 -1.382483366195974304e+04 -1.295870155610579786e+04 -1.211363432056959027e+04 -1.128805354245947638e+04 -1.048045344430476507e+04 -9.689394414960319409e+03 -8.913496970194202731e+03 -8.151436101053602215e+03 -7.401935971217459155e+03 -6.663764927349264326e+03 -5.935730788979001773e+03 -5.216676386678988820e+03 -4.505475319292516360e+03 -3.801027902723600619e+03 -3.102257284322622581e+03 -2.408105698223891977e+03 -1.717530838111911635e+03 -1.029502324819729893e+03 -3.429982469252265673e+02 0.000000000000000000e+00
0.000000000000000000e+00 -3.216039675921558592e+04 -9.579411193007403926e+04 -1.573786481675221585e+05 -2.155930206876089796e+05 -2.691993034786609933e+05 -3.170999012152313953e+05 -3.584049130402466981e+05 -3.924970106807634584e+05 -4.190775958809228032e+05 -4.381805938438386074e+05 -4.501487054142976995e+05 -4.555773762539064628e+05 -4.552392747616300476e+05 -4.500042003617928713e+05 -4.407667574947333196e+05 -4.283892240012637340e+05 -4.136621253808969632e+05 -3.972814188316829386e+05 -3.798392138058794080e+05 -3.618243258387948154e+05 -3.436291909350701608e+05 -3.255603140784800053e+05 -3.078501781843396020e+05 -2.906692264606146491e+05 -2.741370799775904743e+05 -2.583325522716796550e+05 -2.433022927119349479e+05 -2.290680589206862787e+05 -2.156327142425919301e+05 -2.029850928730895976e+05 -1.911038907875105215e+05 -1.799607377900607244e+05 -1.695225933571285859e+05 -1.597535919130464026e+05 -1.506164450238155841e+05 -1.420734905662734236e+05 -1.340874631533779611e+05 -1.266220463391290396e+05 -1.196422554343589291e+05 -1.131146900090353738e+05 -1.070076871286964451e+05 -1.012913998361237609e+05 -9.593782011207441974e+04 -9.092076131753534719e+04 -8.621581174695723166e+04 -8.180026824678260891e+04 -7.765305674164785887e+04 -7.375464485066771158e+04 -7.008695047704498575e+04 -6.663324924198401277e+04 -6.337808284889835340e+04 -6.030716985838455730e+04 -5.740731989013905695e+04 -5.466635191451948776e+04 -5.207301702963529533e+04 -4.961692592057093862e+04 -4.728848105052125175e+04 -4.507881352732425148e+04 -4.297972451378391270e+04 -4.098363099892339960e+04 -3.908351571420216351e+04 -3.727288095925355447e+04 -3.554570609236512973e+04 -3.389640843908859097e+04 -3.231980737588536795e+04 -3.081109135301865899e+04 -2.936578763077435360e+04 -2.797973451458063209e+04 -2.664905588703911053e+04 -2.537013784773542284e+04 -2.413960728457667210e+04 -2.295431221307574015e+04 -2.181130373223770948e+04 -2.070781945738578725e+04 -1.964126830132941541e+04 -1.860921648564732823e+04 -1.760937467354760520e+04 -1.663958612476169947e+04 -1.569781578121614075e+04 -1.478214019990174165e+04 -1.389073825635956746e+04 -1.302188254863000475e+04 -1.217393143738548133e+04 -1.134532166328879248e+04 -1.053456148748715532e+04 -9.740224305534333325e+03 -8.960942689011910261e+03 -8.195402812709609861e+03 -7.442339228444071523e+03 -6.700529949486859550e+03 -5.968791812159371148e+03 -5.245976083445198128e+03 -4.530964285501449922e+03 -3.822664209741888953e+03 -3.120006094713195580e+03 -2.421938943327393190e+03 -1.727426956154044774e+03 -1.035446058409257603e+03 -3.449804990487028249e+02 0.000000000000000000e+00
0.000000000000000000e+00 -3.480793063103000895e+04 -1.036826204601043573e+05 -1.703364326308948221e+05 -2.333066489676210331e+05 -2.911861842002812773e+05 -3.426931470150133246e+05 -3.867649982925402001e+05 -4.226573318470460945e+05 -4.500191373174428008e+05 -4.689197321505690343e+05 -4.798177251161113963e+05 -4.834814168767609517e+05 -4.808827069349127705e+05 -4.730885712188063189e+05 -4.611680814363610116e+05 -4.461239765705772443e+05 -4.288500385894417996e+05 -4.101106777842825395e+05 -3.905371119751158985e+05 -3.706344522662992240e+05 -3.507949444177710102e+05 -3.313138697666746448e+05 -3.124057914397988352e+05 -2.942197754862590809e+05 -2.768528931443128386e+05 -2.603617546366378665e+05 -2.447720920435169828e+05 -2.300865526369130821e+05 -2.162909279972887307e+05 -2.033590599486753345e+05 -1.912566533152712509e+05 -1.799442014471146103e+05 -1.693792016569454572e+05 -1.595178088187954854e+05 -1.503160487875925319e+05 -1.417306900256480440e+05 -1.337198521043010696e+05 -1.262434134140655078e+05 -1.192632671003086871e+05 -1.127434635153928248e+05 -1.066502689176196291e+05 -1.009521633645989787e+05 -9.561979540652270953e+04 -9.062590699855471030e+04 -8.594523878573525872e+04 -8.155442337683080405e+04 -7.743187226080604887e+04 -7.355766050756945333e+04 -6.991341223515951424e+04 -6.648218894102644117e+04 -6.324838212420540367e+04 -6.019761112011951627e+04 -5.731662669272669882e+04 -5.459322065037296852e+04 -5.201614154911092919e+04 -4.957501640249003685e+04 -4.726027821612210391e+04 -4.506309909785992204e+04 -4.297532865192023746e+04 -4.098943734136192506e+04 -3.909846449298127118e+04 -3.729597061823056720e+04 -3.557599373027235561e+04 -3.393300934857784159e+04 -3.236189389692320037e+04 -3.085789121698351300e+04 -2.941658193711581771e+04 -2.803385545360101605e+04 -2.670588429918577094e+04 -2.542910069086220028e+04 -2.420017506521043106e+04 -2.301599642516314270e+04 -2.187365433667982870e+04 -2.077042242744781106e+04 -1.970374325238812526e+04 -1.867121440245541817e+04 -1.767057574396811106e+04 -1.669969768558333817e+04 -1.575657037906715232e+04 -1.483929376823562598e+04 -1.394606840794890741e+04 -1.307518698184730783e+04 -1.222502645369797756e+04 -1.139404079280910810e+04 -1.058075421902452035e+04 -9.783754917372187265e+03 -9.001689176534680882e+03 -8.233255909001167311e+03 -7.477201514071194651e+03 -6.732315047826321461e+03 -5.997423666810900613e+03 -5.271388314514751983e+03 -4.553099621793382539e+03 -3.841473994172025414e+03 -3.135449860557763714e+03 -2.433984059221779262e+03 -1.736048338064748577e+03 -1.040625947127858353e+03 -3.467083020709246171e+02 0.000000000000000000e+00
0.000000000000000000e+00 -3.761643476970808115e+04 -1.120736956076404895e+05 -1.841884313975234982e+05 -2.523621578536019952e+05 -3.149916273039217922e+05 -3.705531374896964408e+05 -4.177383159188834834e+05 -4.556101026522481698e+05 -4.837293414452633006e+05 -5.022054905303544365e+05 -5.116534089363476378e+05 -5.130746801512027159e+05 -5.077034939813495730e+05 -4.968568211496881559e+05 -4.818146854203540133e+05 -4.637400524699513917e+05 -4.436359869414984714e+05 -4.223318213391326135e+05 -4.004887722686206107e+05 -3.786166783244365361e+05 -3.570956919749872177e+05 -3.361988893972586375e+05 -3.161134659234033898e+05 -2.969593821634768974e+05 -2.788050865436067688e+05 -2.616803770034254412e+05 -2.455866845937212056e+05 -2.305051476681352069e+05 -2.164028550991745142e+05 -2.032376077488730662e+05 -1.909615017669389781e+05 -1.795235878214794793e+05 -1.688718135944760870e+05 -1.589544156700290914e+05 -1.497208921583528572e+05 -1.411226588375124265e+05 -1.331134685888374515e+05 -1.256496556218574551e+05 -1.186902516050664708e+05 -1.121970095938390441e+05 -1.061343629370018607e+05 -1.004693396186041064e+05 -9.517144732120593835e+04 -9.021254053764090349e+04 -8.556667803775820357e+04 -8.120997670160938287e+04 -7.712046599435305689e+04 -7.327794605125016824e+04 -6.966385136325500207e+04 -6.626112132724595722e+04 -6.305407839016507205e+04 -6.002831412718771026e+04 -5.717058331514726888e+04 -5.446870586667936732e+04 -5.191147635708616144e+04 -4.948858078895158542e+04 -4.719052018685550865e+04 -4.500854058697501023e+04 -4.293456897692733764e+04 -4.096115474459545658e+04 -3.908141620694616722e+04 -3.728899180799477472e+04 -3.557799559694778873e+04 -3.394297662147951633e+04 -3.237888189593062998e+04 -3.088102262912975857e+04 -2.944504342090481441e+04 -2.806689415981706043e+04 -2.674280437693155181e+04 -2.546925983137554431e+04 -2.424298112300710636e+04 -2.306090414562940714e+04 -2.192016221091047555e+04 -2.081806968852238424e+04 -1.975210702207849317e+04 -1.871990699328276241e+04 -1.771924211838014890e+04 -1.674801307162256489e+04 -1.580423804008965817e+04 -1.488604292292563332e+04 -1.399165229593612457e+04 -1.311938106960624646e+04 -1.226762677503180385e+04 -1.143486241802881887e+04 -1.061962984689679251e+04 -9.820533583987566089e+03 -9.036235075418848282e+03 -8.265447317032279898e+03 -7.506929818050853100e+03 -6.759483866876987122e+03 -6.021948066133550128e+03 -5.293194106402323087e+03 -4.572122750181661104e+03 -3.857659999403987513e+03 -3.148753421421692565e+03 -2.444368609727974672e+03 -1.743485756814801562e+03 -1.045096317524086771e+03 -3.481997420072691511e+02 0.000000000000000000e+00
0.000000000000000000e+00 -4.052301042164766113e+04 -1.207994134505362745e+05 -1.987186594264434243e+05 -2.725730277872083825e+05 -3.405330066058675875e+05 -4.007467537161739892e+05 -4.515402681239764206e+05 -4.916715906040515401e+05 -5.205503163877100451e+05 -5.383315766543663340e+05 -5.458497277880809270e+05 -5.444311895646759076e+05 -5.356625406547163147e+05 -5.211804579167776974e+05 -5.025188536370937945e+05 -4.810194983873823658e+05 -4.577954070930117159e+05 -4.337305713867564918e+05 -4.095007354625272565e+05 -3.856037322266134433e+05 -3.623919589876221726e+05 -3.401028283743959619e+05 -3.188852652873837505e+05 -2.988216848957615439e+05 -2.799456272349815117e+05 -2.622555655959903961e+05 -2.457255152341305511e+05 -2.303130558919849573e+05 -2.159653128330582986e+05 -2.026233538794604538e+05 -1.902253735123115766e+05 -1.787089580332654587e+05 -1.680126609515947639e+05 -1.580770651169093908e+05 -1.488454663518872694e+05 -1.402642807240119146e+05 -1.322832524065009202e+05 -1.248555197807342774e+05 -1.179375827361253760e+05 -1.114892029833554698e+05 -1.054732607855635288e+05 -9.985558518304392055e+04 -9.460477004104753723e+04 -8.969198470415688644e+04 -8.509078540206517209e+04 -8.077693159745736921e+04 -7.672821002832218073e+04 -7.292426814598427154e+04 -6.934645788961162907e+04 -6.597769019454784575e+04 -6.280230025006460346e+04 -5.980592326033499558e+04 -5.697538028906296677e+04 -5.429857365958784067e+04 -5.176439132064401201e+04 -4.936261955999896600e+04 -4.708386344397653738e+04 -4.491947437301404716e+04 -4.286148416648693092e+04 -4.090254512001405965e+04 -3.903587551242941117e+04 -3.725521007552747324e+04 -3.555475497601580719e+04 -3.392914689484520932e+04 -3.237341582353402555e+04 -3.088295122986139540e+04 -2.945347127602004548e+04 -2.808099480097226842e+04 -2.676181580524238962e+04 -2.549248020073567386e+04 -2.426976461047664998e+04 -2.309065702354567475e+04 -2.195233912899885399e+04 -2.085217016936973232e+04 -1.978767216959318830e+04 -1.875651641094763181e+04 -1.775651103205958498e+04 -1.678558965020874894e+04 -1.584180090629361257e+04 -1.492329884590000074e+04 -1.402833405708353348e+04 -1.315524549283448687e+04 -1.230245291278641889e+04 -1.146844988464185553e+04 -1.065179729109206710e+04 -9.851117292759528937e+03 -9.065087701933229255e+03 -8.292436725652520181e+03 -7.531938040082414773e+03 -6.782406161118723503e+03 -6.042692078827029036e+03 -5.311679125672055306e+03 -4.588279050560305222e+03 -3.871428272527994523e+03 -3.160084289468215957e+03 -2.453222218643830274e+03 -1.749831446856386492e+03 -1.048912369089189042e+03 -3.494731951989678009e+02 0.000000000000000000e+00
0.000000000000000000e+00 -4.340516071994152298e+04 -1.295252168501994456e+05 -2.134726936828623584e+05 -2.934955012981400359e+05 -3.675101847124155611e+05 -4.332080625449440558e+05 -4.883511036909508402e+05 -5.311966631038053893e+05 -5.608910913575910963e+05 -5.776444808341435855e+05 -5.826159183655329980e+05 -5.776001250458246795e+05 -5.646665763129645493e+05 -5.458626670288374880e+05 -5.230238165611942532e+05 -4.976835907703880221e+05 -4.710557395429087337e+05 -4.440584562542955973e+05 -4.173580326071132440e+05 -3.914173541824055137e+05 -3.665413553402158432e+05 -3.429160004225355806e+05 -3.206399416981848190e+05 -2.997493100882450235e+05 -2.802366297597803641e+05 -2.620649662242035556e+05 -2.451783379194864829e+05 -2.295092658042409457e+05 -2.149841667229751474e+05 -2.015271423354831641e+05 -1.890625861276385549e+05 -1.775169274600896169e+05 -1.668197510189281602e+05 -1.569044684757482319e+05 -1.477086727265176887e+05 -1.391742703392965486e+05 -1.312474620036940323e+05 -1.238786216395661904e+05 -1.170221106965956715e+05 -1.106360537778688595e+05 -1.046820940870888444e+05 -9.912514161238406086e+04 -9.393312288607716619e+04 -8.907673820315537159e+04 -8.452923004816148023e+04 -8.026616495351436606e+04 -7.626522993108417722e+04 -7.250604386412994063e+04 -6.896998373043129686e+04 -6.564002518446480099e+04 -6.250059680875184858e+04 -5.953744721642725199e+04 -5.673752412262609141e+04 -5.408886448218405712e+04 -5.158049480136444618e+04 -4.920234076164240832e+04 -4.694514533660347661e+04 -4.480039463340871589e+04 -4.276025074430029781e+04 -4.081749094867234817e+04 -3.896545266046493634e+04 -3.719798356790535763e+04 -3.550939646218913549e+04 -3.389442829810499825e+04 -3.234820307266902455e+04 -3.086619814751625745e+04 -2.944421367713210202e+04 -2.807834483813843690e+04 -2.676495658495829048e+04 -2.550066068442915639e+04 -2.428229480657646855e+04 -2.310690347097453559e+04 -2.197172066811459445e+04 -2.087415399318775235e+04 -1.981177014584885910e+04 -1.878228166401679482e+04 -1.778353477278056016e+04 -1.681349824112749775e+04 -1.587025314965468533e+04 -1.495198348178175911e+04 -1.405696745934053070e+04 -1.318356955091980308e+04 -1.233023308803227155e+04 -1.149547343016403829e+04 -1.067787162511451061e+04 -9.876068515804759954e+03 -9.088759249001339413e+03 -8.314688145177780825e+03 -7.552643892128291554e+03 -6.801455027920877001e+03 -6.059985681437385210e+03 -5.327131541086065226e+03 -4.601816024299246237e+03 -3.882986622248337426e+03 -3.169611395737859311e+03 -2.460675599565478933e+03 -1.755178413768901237e+03 -1.052129761093569186e+03 -3.505471907667408686e+02 0.000000000000000000e+00
0.000000000000000000e+00 -4.606490516715082049e+04 -1.377014195881796768e+05 -2.276776101472633309e+05 -3.143275463094390579e+05 -3.953074094311944209e+05 -4.676720428031878546e+05 -5.282962777428972768e+05 -5.745935838934398489e+05 -6.052484033444215311e+05 -6.205478897811294300e+05 -6.221588375980234705e+05 -6.125731744460489135e+05 -5.945314731932580471e+05 -5.706062389553120593e+05 -5.429805799347603461e+05 -5.133791903683200362e+05 -4.830908105673199752e+05 -4.530329549554433324e+05 -4.238278966297105653e+05 -3.958738256649610703e+05 -3.694046984156653052e+05 -3.445375313678971725e+05 -3.213083052835902199e+05 -2.996984785351273604e+05 -2.796541672904475126e+05 -2.610997899198577215e+05 -2.439476246436493529e+05 -2.281043964367345034e+05 -2.134757289797876438e+05 -1.999690764809252869e+05 -1.874955823569848435e+05 -1.759711871548132913e+05 -1.653172168800249929e+05 -1.554606167227749247e+05 -1.463339474211737688e+05 -1.378752271712075453e+05 -1.300276773648570525e+05 -1.227394128045801190e+05 -1.159631044396799698e+05 -1.096556336831942172e+05 -1.037777509796179802e+05 -9.829374677241464087e+04 -9.317113984020758653e+04 -8.838038575326539285e+04 -8.389460667489509797e+04 -7.968934269908910210e+04 -7.574232423433409713e+04 -7.203326451155902760e+04 -6.854367103789278190e+04 -6.525667468391777220e+04 -6.215687504214084038e+04 -5.923020070095631672e+04 -5.646378312178114720e+04 -5.384584287340855371e+04 -5.136558705709435890e+04 -4.901311684166706254e+04 -4.677934411537204141e+04 -4.465591634712581435e+04 -4.263514883233158616e+04 -4.070996357621386414e+04 -3.887383414009137050e+04 -3.712073584284199023e+04 -3.544510077101576462e+04 -3.384177710675550043e+04 -3.230599233316635582e+04 -3.083331992237187296e+04 -2.941964915252004357e+04 -2.806115773687597903e+04 -2.675428698119697219e+04 -2.549571921518786621e+04 -2.428235727030110138e+04 -2.311130579981062692e+04 -2.197985425821765239e+04 -2.088546137589765567e+04 -1.982574098174063329e+04 -1.879844904153501193e+04 -1.780147179324287572e+04 -1.683281487226522950e+04 -1.589059333042675280e+04 -1.497302246192672646e+04 -1.407840935796636950e+04 -1.320514511930754634e+04 -1.235169766275790425e+04 -1.151660506357723170e+04 -1.069846938113651777e+04 -9.895950919931956378e+03 -9.107762882285940577e+03 -8.332666372824027349e+03 -7.569465718168818967e+03 -6.817004068242101312e+03 -6.074159248182011652e+03 -5.339839832185677551e+03 -4.612981412603415265e+03 -3.892543039367589699e+03 -3.177503806368754340e+03 -2.466859562681316675e+03 -1.759619727648636172e+03 -1.054804189744403402e+03 -3.514402698493819912e+02 0.000000000000000000e+00
0.000000000000000000e+00 -4.828116990313415590e+04 -1.447066498748177255e+05 -2.404417601136646990e+05 -3.341268803595236968e+05 -4.232080888677779585e+05 -5.038852531865818310e+05 -5.716497941623734077e+05 -6.224904023813320091e+05 -6.543010155647076899e+05 -6.675183554630078143e+05 -6.646425182467531413e+05 -6.492199775437236531e+05 -6.249189203333051410e+05 -5.949648600478845183e+05 -5.619172729851379991e+05 -5.276638882725411095e+05 -4.935174051032271236e+05 -4.603411415397856617e+05 -4.286670424381978810e+05 -3.987925408230971661e+05 -3.708544616367070703e+05 -3.448829460618788726e+05 -3.208396496791468817e+05 -2.986442282212151331e+05 -2.781923856305738445e+05 -2.593679704225515597e+05 -2.420509326647318667e+05 -2.261224313418991223e+05 -2.114679966882201843e+05 -1.979793762519850570e+05 -1.855554992658919655e+05 -1.741028584855419176e+05 -1.635355147285107232e+05 -1.537748643553053844e+05 -1.447492650139871694e+05 -1.363935839381836122e+05 -1.286487116618941218e+05 -1.214610692383545538e+05 -1.147821268848248292e+05 -1.085679450111832120e+05 -1.027787438515967951e+05 -9.737850472752307542e+04 -9.233460385471659538e+04 -8.761747823721871828e+04 -8.320032233686196560e+04 -7.905881370607770805e+04 -7.517086551146864076e+04 -7.151640377644037653e+04 -6.807716717773080745e+04 -6.483652730428450013e+04 -6.177932740100437513e+04 -5.889173775603795366e+04 -5.616112603611715167e+04 -5.357594102182437200e+04 -5.112560833817457751e+04 -4.880043691237039457e+04 -4.659153501809624140e+04 -4.449073488340189215e+04 -4.249052494679235679e+04 -4.058398894382524304e+04 -3.876475109465513378e+04 -3.702692674218249158e+04 -3.536507786149123422e+04 -3.377417292464466300e+04 -3.224955066147456091e+04 -3.078688730736090656e+04 -2.938216697375675358e+04 -2.803165481700075543e+04 -2.673187271629273891e+04 -2.547957720304037139e+04 -2.427173941162907795e+04 -2.310552684633504032e+04 -2.197828678100855541e+04 -2.088753112759987198e+04 -1.983092262684222078e+04 -1.880626222972079995e+04 -1.781147755195851278e+04 -1.684461229582682427e+04 -1.590381654432400683e+04 -1.498733784229172124e+04 -1.409351298752311959e+04 -1.322076046245737416e+04 -1.236757344373863089e+04 -1.153251333289103604e+04 -1.071420375664951644e+04 -9.911324990184159105e+03 -9.122608760643159258e+03 -8.346833392141119475e+03 -7.582819256599139408e+03 -6.829424497754312142e+03 -6.085540998218000823e+03 -5.350090561708397217e+03 -4.622021284562952133e+03 -3.900304092355591820e+03 -3.183929418925860773e+03 -2.471904006394659973e+03 -1.763247805815509537e+03 -1.056990958997050257e+03 -3.521708427388054474e+02 0.000000000000000000e+00
0.000000000000000000e+00 -4.993476202104172262e+04 -1.502283352924122592e+05 -2.514000164477528306e+05 -3.527166321066375240e+05 -4.515245236420814763e+05 -5.428692945514151361e+05 -6.200571695615183562e+05 -6.766806360540164169e+05 -7.094440019353074022e+05 -7.192835359525484964e+05 -7.101604775020671077e+05 -6.871871423841153737e+05 -6.552373409236620646e+05 -6.182737566891455790e+05 -5.792015761989933671e+05 -5.399925281934690429e+05 -5.018968034873881261e+05 -4.656489703550815466e+05 -4.316338605488394387e+05 -4.000083002468413324e+05 -3.707857714124495396e+05 -3.438933398263329873e+05 -3.192090486978595145e+05 -2.965860183931975625e+05 -2.758676838124938658e+05 -2.568972004734234361e+05 -2.395230495142654981e+05 -2.236021858029490395e+05 -2.090016135853081651e+05 -1.955989695987962768e+05 -1.832824929803271370e+05 -1.719506293685981072e+05 -1.615114298014804081e+05 -1.518818478326533805e+05 -1.429870005895064096e+05 -1.347594346319239703e+05 -1.271384211044680560e+05 -1.200692939477959735e+05 -1.135028379634698940e+05 -1.073947290590722259e+05 -1.017050262031821767e+05 -9.639771293361100834e+04 -9.144028531167129404e+04 -8.680338274683195050e+04 -8.246045795914778137e+04 -7.838748238625338126e+04 -7.456268349997582845e+04 -7.096631072327231232e+04 -6.758042689698071626e+04 -6.438872251569161017e+04 -6.137635021878741827e+04 -5.852977727781119756e+04 -5.583665405996758636e+04 -5.328569666731405596e+04 -5.086658215124897833e+04 -4.856985488254363008e+04 -4.638684281916527107e+04 -4.430958255876716430e+04 -4.233075219136416854e+04 -4.044361108177943970e+04 -3.864194581241314881e+04 -3.692002160607484984e+04 -3.527253862735931762e+04 -3.369459263045585249e+04 -3.218163948246657674e+04 -3.072946314523307956e+04 -2.933414674615292097e+04 -2.799204641032911968e+04 -2.669976756327766270e+04 -2.545414344592021371e+04 -2.425221561227672646e+04 -2.309121620555288609e+04 -2.196855183066171594e+04 -2.088178886093146139e+04 -1.982864003418276843e+04 -1.880695220877178144e+04 -1.781469516382283109e+04 -1.684995133995096694e+04 -1.591090642746673439e+04 -1.499584071851237786e+04 -1.410312114799768460e+04 -1.323119395564006300e+04 -1.237857790802096497e+04 -1.154385802543430145e+04 -1.072567976350245408e+04 -9.922743604152843545e+03 -9.133800014626680422e+03 -8.357644736823613130e+03 -7.593114372492024813e+03 -6.839082232599068448e+03 -6.094454421713620832e+03 -5.358166130435477498e+03 -4.629178110808845304e+03 -3.906473311336381812e+03 -3.189053649651814339e+03 -2.475936902133077183e+03 -1.766153690785517028e+03 -1.058744548577663409e+03 -3.527570450941689728e+02 0.000000000000000000e+00
0.000000000000000000e+00 -5.076429396847571479e+04 -1.536159891502272512e+05 -2.599300766149663250e+05 -3.702123968459293828e+05 -4.819883706635508570e+05 -5.885772748568204697e+05 -6.792640202037190320e+05 -7.429263991187015781e+05 -7.747283831079759402e+05 -7.777217964004862588e+05 -7.589507256459648488e+05 -7.258310468662759522e+05 -6.845256017397453543e+05 -6.395679267284404486e+05 -5.940034426103292499e+05 -5.497114053518316941e+05 -5.077458738004916813e+05 -4.686189914969566744e+05 -4.325068937819949351e+05 -3.993877663448276580e+05 -3.691298692254056223e+05 -3.415458076330294134e+05 -3.164251206558996346e+05 -2.935533226463452447e+05 -2.727226192072348786e+05 -2.537375665785831807e+05 -2.364176950713248807e+05 -2.205983382561289473e+05 -2.061304286409005290e+05 -1.928797245747279376e+05 -1.807257508596974367e+05 -1.695606230824820523e+05 -1.592878561191337067e+05 -1.498212142107767577e+05 -1.410836334094979975e+05 -1.330062308683717274e+05 -1.255274055646467314e+05 -1.185920292075429024e+05 -1.121507227870936185e+05 -1.061592125157472474e+05 -1.005777581942712568e+05 -9.537064691166419652e+04 -9.050574521839361114e+04 -8.595410333663348865e+04 -8.168960549103587982e+04 -7.768866099723898515e+04 -7.392993129542366660e+04 -7.039408864088995324e+04 -6.706360265113199421e+04 -6.392255135398735001e+04 -6.095645378262386657e+04 -5.815212152159562538e+04 -5.549752692631666287e+04 -5.298168601920578658e+04 -5.059455431295047310e+04 -4.832693402821336349e+04 -4.617039136304100975e+04 -4.411718263735843357e+04 -4.216018828104696877e+04 -4.029285376084652671e+04 -3.850913665194592613e+04 -3.680345915670160321e+04 -3.517066545725017204e+04 -3.360598336241082870e+04 -3.210498977362932419e+04 -3.066357955095063517e+04 -2.927793740923640144e+04 -2.794451251791538016e+04 -2.665999551529231758e+04 -2.542129768154639169e+04 -2.422553204359115261e+04 -2.306999621046724496e+04 -2.195215676037770027e+04 -2.086963502019609950e+04 -1.982019409566423565e+04 -1.880172702580173427e+04 -1.781224594856375188e+04 -1.684987217671611870e+04 -1.591282709342611270e+04 -1.499942378639009075e+04 -1.410805934755382805e+04 -1.323720777279304457e+04 -1.238541340235963253e+04 -1.155128484863570702e+04 -1.073348936280526141e+04 -9.930747596535386037e+03 -9.141828718742703131e+03 -8.365545851030008635e+03 -7.600751788495024812e+03 -6.846334975350144305e+03 -6.101215707210779328e+03 -5.364342534033087759e+03 -4.634688839530733276e+03 -3.911249574517264591e+03 -3.193038123009941501e+03 -2.479083281117721981e+03 -1.768426329742520693e+03 -1.060118182942188241e+03 -3.532165944724371798e+02 0.000000000000000000e+00
0.000000000000000000e+00 -4.967751713862601900e+04 -1.517390140545401373e+05 -2.614478696614850487e+05 -3.819770238332091831e+05 -5.124338664796381490e+05 -6.443984439564453205e+05 -7.593023127719374606e+05 -8.338507116015237989e+05 -8.601102454826523317e+05 -8.480191239595469087e+05 -8.123268438141226070e+05 -7.644351532465410419e+05 -7.114274953940875130e+05 -6.575353381975754164e+05 -6.052821172890191665e+05 -5.560733555796061410e+05 -5.105647034277968924e+05 -4.689396718824079726e+05 -4.311105856901169755e+05 -3.968499536604860914e+05 -3.658694427621537470e+05 -3.378644148914046818e+05 -3.125375897267105174e+05 -2.896106486225614790e+05 -2.688290939331311965e+05 -2.499634465205965098e+05 -2.328085332815248112e+05 -2.171818472777984280e+05 -2.029215245755939686e+05 -1.898842333117190283e+05 -1.779431299177956244e+05 -1.669859581793626130e+05 -1.569133224756175478e+05 -1.476371421666231472e+05 -1.390792811427449051e+05 -1.311703401368166087e+05 -1.238485967009782471e+05 -1.170590771283268405e+05 -1.107527450999284047e+05 -1.048857929045228811e+05 -9.941902239000776899e+04 -9.431730417968455004e+04 -8.954910502158907184e+04 -8.508607438409850874e+04 -8.090268254197538772e+04 -7.697590340743037814e+04 -7.328493625331037038e+04 -6.981096125745700556e+04 -6.653692447873101628e+04 -6.344734846657999151e+04 -6.052816521786582598e+04 -5.776656863683796837e+04 -5.515088403562553140e+04 -5.267045254155711882e+04 -5.031552856110382709e+04 -4.807718869460353744e+04 -4.594725070659964695e+04 -4.391820133832193096e+04 -4.198313190567176207e+04 -4.013568076153629954e+04 -3.836998181833876151e+04 -3.668061842806190543e+04 -3.506258200474491605e+04 -3.351123485053965851e+04 -3.202227671248312618e+04 -3.059171465454068311e+04 -2.921583587942152371e+04 -2.789118317818651485e+04 -2.661453272360338451e+04 -2.538287395634172572e+04 -2.419339134208177711e+04 -2.304344780293739677e+04 -2.193056964882641114e+04 -2.085243285391707468e+04 -1.980685054037407463e+04 -1.879176154669754033e+04 -1.780521997118417130e+04 -1.684538559270158294e+04 -1.591051508126525732e+04 -1.499895391998511877e+04 -1.410912896795805136e+04 -1.323954160078574751e+04 -1.238876137165165710e+04 -1.155542014143866800e+04 -1.073820663127536136e+04 -9.935861355235967494e+03 -9.147171894760536816e+03 -8.370968479757462774e+03 -7.606119844337383256e+03 -6.851529327785673559e+03 -6.106131193694905051e+03 -5.368887142223920819e+03 -4.638782992233423101e+03 -3.914825511594559430e+03 -3.196039375306575494e+03 -2.481464232200451534e+03 -1.770151861966736988e+03 -1.061163405033093795e+03 -3.535666484645936976e+02 0.000000000000000000e+00
0.000000000000000000e+00 -4.508281626506507018e+04 -1.396187430027583905e+05 -2.472566277123874170e+05 -3.761017109222185099e+05 -5.308526703289918369e+05 -7.054466798296732595e+05 -8.698955534116101917e+05 -9.672023804353983141e+05 -9.813056865898044780e+05 -9.395967088097525993e+05 -8.737776988800675608e+05 -8.028798928537368774e+05 -7.344659502825285308e+05 -6.706225398541912436e+05 -6.118519248578801053e+05 -5.582973395806150511e+05 -5.098900730495497701e+05 -4.663690679601113079e+05 -4.273482135173843708e+05 -3.923896362304385984e+05 -3.610545063642705209e+05 -3.329305251320867683e+05 -3.076436957987448550e+05 -2.848612709484596853e+05 -2.642903066808525473e+05 -2.456743065535489877e+05 -2.287892432717350894e+05 -2.134395847190081840e+05 -1.994546036408178043e+05 -1.866850744383234414e+05 -1.750003748397289892e+05 -1.642859709306399454e+05 -1.544412481855712540e+05 -1.453776468559266068e+05 -1.370170612270552374e+05 -1.292904657516796724e+05 -1.221367353463884065e+05 -1.155016314513244579e+05 -1.093369294622095767e+05 -1.035996667188436113e+05 -9.825149334905507567e+04 -9.325811094415187836e+04 -8.858878632388338156e+04 -8.421592958459504007e+04 -8.011472726147547655e+04 -7.626282281848792627e+04 -7.264003784671002359e+04 -6.922812833687398233e+04 -6.601057122379983775e+04 -6.297237710343642539e+04 -6.009992561789132014e+04 -5.738082050752517534e+04 -5.480376175624522148e+04 -5.235843261878742487e+04 -5.003539962717572780e+04 -4.782602393614490575e+04 -4.572238259134041436e+04 -4.371719849543841701e+04 -4.180377801105847175e+04 -3.997595527963426866e+04 -3.822804245584472665e+04 -3.655478516072721686e+04 -3.495132254573440878e+04 -3.341315143690285913e+04 -3.193609409468705417e+04 -3.051626918249313894e+04 -2.915006558672499159e+04 -2.783411877434794587e+04 -2.656528941156359360e+04 -2.534064399983530893e+04 -2.415743731401954574e+04 -2.301309645222885956e+04 -2.190520632877720345e+04 -2.083149646060380474e+04 -1.978982891424341869e+04 -1.877818729504252042e+04 -1.779466667317845713e+04 -1.683746435235651734e+04 -1.590487139701079650e+04 -1.499526484260483812e+04 -1.410710052138168066e+04 -1.323890644273959333e+04 -1.238927667344755355e+04 -1.155686566824992769e+04 -1.074038300612610510e+04 -9.938588491642733061e+03 -9.150287584518608128e+03 -8.374327123783135903e+03 -7.609591315780309742e+03 -6.854997957803137069e+03 -6.109494871373714886e+03 -5.372056521140432778e+03 -4.641680797062211241e+03 -3.917385939043496364e+03 -3.198207584454693460e+03 -2.483195920063956692e+03 -1.771412920834084844e+03 -1.061929658787065364e+03 -3.538236657481868406e+02 0.000000000000000000e+00
0.000000000000000000e+00 -3.626356533409844269e+04 -1.144202567331661121e+05 -2.104971297344708291e+05 -3.395077388169294572e+05 -5.187578254014535923e+05 -7.591528950994933257e+05 -1.028715786933619296e+06 -1.169050227393589681e+06 -1.154861491656501777e+06 -1.060647284420185490e+06 -9.467479931887488347e+05 -8.416542050668785814e+05 -7.525682789335303241e+05 -6.774212349544307217e+05 -6.126065744906413602e+05 -5.557045451984403189e+05 -5.053840548987203510e+05 -4.607934188036954147e+05 -4.212398672208866919e+05 -3.861011330056014122e+05 -3.548166582144047134e+05 -3.268908399505612906e+05 -3.018922845871084719e+05 -2.794488793186965631e+05 -2.592409394533479353e+05 -2.409940534149259911e+05 -2.244724304421178531e+05 -2.094730488015610608e+05 -1.958206488992604718e+05 -1.833635072886484850e+05 -1.719698912617272290e+05 -1.615250899006847176e+05 -1.519289266491410963e+05 -1.430936716169615975e+05 -1.349422850818661682e+05 -1.274069355215570831e+05 -1.204277456034655770e+05 -1.139517279246008839e+05 -1.079318791408969555e+05 -1.023264066988885170e+05 -9.709806691238011990e+04 -9.221359681076256675e+04 -8.764322518761073297e+04 -8.336025073081586743e+04 -7.934067712510892306e+04 -7.556289666953527194e+04 -7.200741531423754350e+04 -6.865661314701141964e+04 -6.549453529406327289e+04 -6.250670897633537970e+04 -5.967998311073379591e+04 -5.700238738751763594e+04 -5.446300820953694347e+04 -5.205187926097578747e+04 -4.975988479511105106e+04 -4.757867400247949263e+04 -4.550058505100046023e+04 -4.351857758487650426e+04 -4.162617263517376705e+04 -3.981739903648420295e+04 -3.808674556492456759e+04 -3.642911811613453756e+04 -3.483980133059327636e+04 -3.331442414975329302e+04 -3.184892885203748665e+04 -3.043954317429360526e+04 -2.908275517313473028e+04 -2.777529052285977741e+04 -2.651409198329922583e+04 -2.529630080275962246e+04 -2.411923984890428619e+04 -2.298039828453940936e+04 -2.187741762631582606e+04 -2.080807904273799795e+04 -1.977029176397904303e+04 -1.876208249009143401e+04 -1.778158569658395572e+04 -1.682703474720978193e+04 -1.589675373337452402e+04 -1.498914996798842913e+04 -1.410270706902004167e+04 -1.323597857454271252e+04 -1.238758203685935405e+04 -1.155619354838688378e+04 -1.074054265649132867e+04 -9.939407628459619445e+03 -9.151611031306123550e+03 -8.376015594229897033e+03 -7.611520324277365944e+03 -6.857056848183912734e+03 -6.111585955498769181e+03 -5.374094319959625864e+03 -4.643591377706620733e+03 -3.919106342343338838e+03 -3.199685338076581047e+03 -2.484388633198702337e+03 -1.772287957057177664e+03 -1.062463884376953274e+03 -3.540032713838813265e+02 0.000000000000000000e+00
0.000000000000000000e+00 -2.438310966831831320e+04 -7.872838268945424352e+04 -1.520689394512108411e+05 -2.655539669220506330e+05 -4.561597599791802350e+05 -7.861857845375461038e+05 -1.315755359763562912e+06 -1.504959877110397443e+06 -1.397285297084186226e+06 -1.208209291591072921e+06 -1.027243354743833654e+06 -8.791212541954875924e+05 -7.649840412328405073e+05 -6.772031588651289931e+05 -6.069280606891917996e+05 -5.479492985040317290e+05 -4.969592515884603490e+05 -4.522960266706623370e+05 -4.129602262637925451e+05 -3.781982840004171594e+05 -3.473787694604599965e+05 -3.199612070389317232e+05 -2.954843430320386542e+05 -2.735563793954907451e+05 -2.538451210132324486e+05 -2.360686742164483585e+05 -2.199872288099365833e+05 -2.053960803204075783e+05 -1.921198270195000805e+05 -1.800075888236089377e+05 -1.689290791287186730e+05 -1.587713746820933011e+05 -1.494362520067199366e+05 -1.408379827128111210e+05 -1.329015009890368383e+05 -1.255608739011870639e+05 -1.187580190543456702e+05 -1.124416252201031020e+05 -1.065662402486707433e+05 -1.010914974672718381e+05 -9.598145721210983174e+04 -9.120404446797327546e+04 -8.673056704333708331e+04 -8.253530147930163366e+04 -7.859513612393023504e+04 -7.488926261235069251e+04 -7.139890846476469596e+04 -6.810710471724426316e+04 -6.499848348712625739e+04 -6.205910118781872006e+04 -5.927628378004691331e+04 -5.663849100426159566e+04 -5.413519700321579148e+04 -5.175678513143135933e+04 -4.949445507298940356e+04 -4.734014066189894947e+04 -4.528643702908232081e+04 -4.332653589409294364e+04 -4.145416798406402086e+04 -3.966355170188332704e+04 -3.794934728435082798e+04 -3.630661579233891825e+04 -3.473078236155319610e+04 -3.321760321669521363e+04 -3.176313601550843305e+04 -3.036371314399990297e+04 -2.901591763138576061e+04 -2.771656139412103948e+04 -2.646266555370196147e+04 -2.525144260356651648e+04 -2.408028022701924056e+04 -2.294672659126412691e+04 -2.184847696280730815e+04 -2.078336150710206857e+04 -1.974933415072843854e+04 -1.874446239786186197e+04 -1.776691800463004256e+04 -1.681496842533659219e+04 -1.588696895364877855e+04 -1.498135548989210474e+04 -1.409663787266479085e+04 -1.323139371922202736e+04 -1.238426272459780739e+04 -1.155394137428721478e+04 -1.073917802960116569e+04 -9.938768348618907112e+03 -9.151551008997068493e+03 -8.376403701863373499e+03 -7.612239368635260689e+03 -6.858002654899815752e+03 -6.112666557519156413e+03 -5.375229242894519302e+03 -4.644711015877413047e+03 -3.920151420153830713e+03 -3.200606452089591585e+03 -2.485145871024551070e+03 -1.772850589820041250e+03 -1.062810130162345786e+03 -3.541201276770209461e+02 0.000000000000000000e+00
0.000000000000000000e+00 -1.243288007382071373e+04 -4.111953111725936469e+04 -8.380741369240092172e+04 -1.610974714246419317e+05 -3.246327351519338554e+05 -7.298580430841532070e+05 -2.201121502101540565e+06 -2.155357685384956654e+06 -1.714018111332623987e+06 -1.357252916823027190e+06 -1.097370872059268644e+06 -9.077575522589731263e+05 -7.700380434997284319e+05 -6.700792395665849326e+05 -5.951026134828779614e+05 -5.352949889564594487e+05 -4.849187836292369175e+05 -4.412225985999412369e+05 -4.028671651746722637e+05 -3.690250686614515143e+05 -3.390568132002587663e+05 -3.124243064272454940e+05 -2.886689290065204841e+05 -2.674012849959812593e+05 -2.482918854761248513e+05 -2.310620395824560546e+05 -2.154755556234111718e+05 -2.013315877955041069e+05 -1.884586601681873144e+05 -1.767097497669796285e+05 -1.659582646321602806e+05 -1.560947557433781913e+05 -1.470242226298009045e+05 -1.386638970501977019e+05 -1.309414117278335325e+05 -1.237932800974652200e+05 -1.171636283020230767e+05 -1.110031327512390417e+05 -1.052681260233770445e+05 -9.991984130617916526e+04 -9.492377139133911987e+04 -9.024912281978732790e+04 -8.586834940252665547e+04 -8.175675222805295198e+04 -7.789213557614591264e+04 -7.425451001428776362e+04 -7.082583545338218391e+04 -6.758979815786071413e+04 -6.453161669926825562e+04 -6.163787265683022997e+04 -5.889636253851099900e+04 -5.629596794943998975e+04 -5.382654149324568425e+04 -5.147880627341567742e+04 -4.924426718023593276e+04 -4.711513241547966027e+04 -4.508424393096280255e+04 -4.314501564566587331e+04 -4.129137846545736829e+04 -3.951773126436769962e+04 -3.781889710096261115e+04 -3.619008404090249678e+04 -3.462685004002887581e+04 -3.312507141353879706e+04 -3.168091447786047502e+04 -3.029081000432354995e+04 -2.895143016889067076e+04 -2.765966772121809117e+04 -2.641261713002356555e+04 -2.520755749094908970e+04 -2.404193700846318825e+04 -2.291335888539284133e+04 -2.181956847287904384e+04 -2.075844155030884940e+04 -1.972797361942663338e+04 -1.872627010963826979e+04 -1.775153740276539247e+04 -1.680207459537479008e+04 -1.587626592546402026e+04 -1.497257379793118344e+04 -1.408953234996122592e+04 -1.322574150339774860e+04 -1.237986145639385541e+04 -1.155060757124830889e+04 -1.073674561942109904e+04 -9.937087348319073499e+03 -9.150486337625641681e+03 -8.375834115758676489e+03 -7.612056509531743359e+03 -6.858110202263179417e+03 -6.112979477507615229e+03 -5.375673127270666555e+03 -4.645221505037171482e+03 -3.920673705219604017e+03 -3.201094851734180338e+03 -2.485563479362876933e+03 -1.773168992339634997e+03 -1.063009185254381919e+03 -3.541878119026205809e+02 0.000000000000000000e+00
0.000000000000000000e+00 0.000000000000000000e+00 0.000000000000000000e+00 0.000000000000000000e+00 0.000000000000000000e+00 0.000000000000000000e+00 0.000000000000000000e+00 -5.219036101904774280e-29 -3.422847137739122845e+06 -2.000445569636625703e+06 -1.444094179403191898e+06 -1.127784745979716303e+06 -9.156219493590736529e+05 -7.646970820256349398e+05 -6.566471410636303481e+05 -5.784027605162431719e+05 -5.187769811735350522e+05 -4.700509064522088738e+05 -4.282178003199571976e+05 -3.915093527035166044e+05 -3.590510822017979226e+05 -3.302510206746088807e+05 -3.046199009125028970e+05 -2.817339365782366367e+05 -2.612275167118858080e+05 -2.427881191855578509e+05 -2.261499412991662684e+05 -2.110871176352548937e+05 -1.974073849127379945e+05 -1.849465633877026266e+05 -1.735639152076078462e+05 -1.631383039540460159e+05 -1.535650372236593685e+05 -1.447532731412964931e+05 -1.366238858415861032e+05 -1.291077025698343932e+05 -1.221440416006694722e+05 -1.156794942389067583e+05 -1.096669056055235997e+05 -1.040645180250018748e+05 -9.883524802931537852e+04 -9.394607366806802747e+04 -8.936751329252359574e+04 -8.507318052700413682e+04 -8.103940296041613328e+04 -7.724489434291915677e+04 -7.367047188072701101e+04 -7.029881168044277001e+04 -6.711423657631401147e+04 -6.410253153606203705e+04 -6.125078262783306855e+04 -5.854723617685764475e+04 -5.598117527303698444e+04 -5.354281123135585221e+04 -5.122318797300987353e+04 -4.901409760011803883e+04 -4.690800569186324719e+04 -4.489798506379015453e+04 -4.297765691188386700e+04 -4.114113841485855664e+04 -3.938299599655365455e+04 -3.769820355927905621e+04 -3.608210509167683631e+04 -3.453038113371065265e+04 -3.303901864898486383e+04 -3.160428391251499852e+04 -3.022269807181421857e+04 -2.889101508197799558e+04 -2.760620175240014942e+04 -2.636541967467945869e+04 -2.516600882893634116e+04 -2.400547268976921259e+04 -2.288146467394776482e+04 -2.179177579012916613e+04 -2.073432336673774626e+04 -1.970714074802193136e+04 -1.870836786043411848e+04 -1.773624256212383989e+04 -1.678909269767496880e+04 -1.586532878842464379e+04 -1.496343729593285389e+04 -1.408197440254148023e+04 -1.321956025857136774e+04 -1.237487365066373422e+04 -1.154664705015584696e+04 -1.073366200423817281e+04 -9.934744836068848599e+03 -9.148762623034066564e+03 -8.374619425011302155e+03 -7.611252736856539741e+03 -6.857630141400132743e+03 -6.112746141061035814e+03 -5.375619147802045518e+03 -5.929974147246929972e-28 -5.006831112465593382e-28 -4.089112361078726960e-28 -3.175827446567617272e-28 -2.265988464351137065e-28 -1.358609471270582443e-28 -4.527059168897989605e-29 0.000000000000000000e+00
0.000000000000000000e+00 0.000000000000000000e+00 0.000000000000000000e+00 0.000000000000000000e+00 0.000000000000000000e+00 0.000000000000000000e+00 0.000000000000000000e+00 -2.567603622456543620e-29 -2.787646497942868620e+06 -1.848974861393516883e+06 -1.384922438335630577e+06 -1.097034370307460893e+06 -8.956237188503380166e+05 -7.471866015010253759e+05 -6.379435934895355022e+05 -5.587527714617418824e+05 -5.000823702620762633e+05 -4.535972512967415387e+05 -4.142027206200526562e+05 -3.796018032349382411e+05 -3.488479129705773667e+05 -3.214251242338185548e+05 -2.969274677966699237e+05 -2.749919040248720557e+05 -2.552939295092184620e+05 -2.375493232838103431e+05 -2.215126565136409481e+05 -2.069734152101737855e+05 -1.937513420436833985e+05 -1.816919105236118194e+05 -1.706623005288987188e+05 -1.605479635499467258e+05 -1.512497464796367567e+05 -1.426815021161801124e+05 -1.347681081430122140e+05 -1.274438230787291541e+05 -1.206509182561145717e+05 -1.143385355285018013e+05 -1.084617297882942803e+05 -1.029806632123418967e+05 -9.785992451110287220e+04 -9.306795156630006386e+04 -8.857653992340851983e+04 -8.436042286520478956e+04 -8.039691140068060486e+04 -7.666558459637657506e+04 -7.314802236263298255e+04 -6.982757417002895090e+04 -6.668915827772181365e+04 -6.371908695728109160e+04 -6.090491393383806280e+04 -5.823530087292191456e+04 -5.569990024161063775e+04 -5.328925228673557285e+04 -5.099469421688920556e+04 -4.880827996168348182e+04 -4.672270912149704964e+04 -4.473126392207376193e+04 -4.282775315754527401e+04 -4.100646224828342383e+04 -3.926210866082271968e+04 -3.758980203964161774e+04 -3.598500848785720882e+04 -3.444351850828850002e+04 -3.296141817999206978e+04 -3.153506319992380668e+04 -3.016105546623536793e+04 -2.883622192006889964e+04 -2.755759539752728961e+04 -2.632239727361442419e+04 -2.512802170602677506e+04 -2.397202130932129512e+04 -2.285209410969831515e+04 -2.176607164779057712e+04 -2.071190811184808990e+04 -1.968767039680627931e+04 -1.869152899620004246e+04 -1.772174964394402195e+04 -1.677668563185367020e+04 -1.585477073653865773e+04 -1.495451269615323872e+04 -1.407448718352121068e+04 -1.321333222747539367e+04 -1.236974303894729746e+04 -1.154246720250335784e+04 -1.073030019769329738e+04 -9.932081217812576142e+03 -9.146689256567873599e+03 -8.373039435651691747e+03 -7.610079548481115125e+03 -6.856786797331215894e+03 -6.112164702819044578e+03 -5.375240166226987640e+03 -5.971068838588985375e-28 -5.041454912806349502e-28 -4.117339955411814850e-28 -3.197719603939924626e-28 -2.281592241182328689e-28 -1.367958368150279856e-28 -4.558199898581130192e-29 0.000000000000000000e+00
0.000000000000000000e+00 0.000000000000000000e+00 0.000000000000000000e+00 0.000000000000000000e+00 0.000000000000000000e+00 0.000000000000000000e+00 0.000000000000000000e+00 -1.624986508765580906e-29 -2.115710013705921825e+06 -1.574968689314808697e+06 -1.253885744244839065e+06 -1.027247590368053643e+06 -8.550882011350960238e+05 -7.202100203228057362e+05 -6.159316401448055403e+05 -5.382918910125684924e+05 -4.811692396635062178e+05 -4.370629004001438734e+05 -4.002781937398845330e+05 -3.679658038390825968e+05 -3.390467530396707589e+05 -3.130749607900160481e+05 -2.897425100879060337e+05 -2.687619528435745160e+05 -2.498604233185123012e+05 -2.327888451522422547e+05 -2.173265335648843611e+05 -2.032811191182103939e+05 -1.904861364936119353e+05 -1.787978459229604923e+05 -1.680920494090246793e+05 -1.582612057712580427e+05 -1.492119305086627719e+05 -1.408628737831175386e+05 -1.331429359078908165e+05 -1.259897715150746808e+05 -1.193485357323994540e+05 -1.131708314103468147e+05 -1.074138228194931871e+05 -1.020394871617251920e+05 -9.701398035081801936e+04 -9.230709777991232113e+04 -8.789181428751652129e+04 -8.374389037569833454e+04 -7.984153403878917743e+04 -7.616510942945600254e+04 -7.269688510604487965e+04 -6.942081583969338681e+04 -6.632235296726491651e+04 -6.338827910107404023e+04 -6.060656368399791972e+04 -5.796623643699428794e+04 -5.545727620786268380e+04 -5.307051311320437526e+04 -5.079754218443257560e+04 -4.863064699493833905e+04 -4.656273196850526438e+04 -4.458726225641563360e+04 -4.269821022848565190e+04 -4.089000775661488296e+04 -3.915750358239304478e+04 -3.749592515625316446e+04 -3.590084441738914757e+04 -3.436814705340492219e+04 -3.289400483838899527e+04 -3.147485069932642364e+04 -3.010735620480066063e+04 -2.878841120790196510e+04 -2.751510540802843025e+04 -2.628471162464042209e+04 -2.509467060061836310e+04 -2.394257717425082592e+04 -2.282616767748493658e+04 -2.174330843427605942e+04 -2.069198524706580429e+04 -1.967029377180157826e+04 -1.867643069277728500e+04 -1.770868561811441032e+04 -1.676543362507822530e+04 -1.584512839180741321e+04 -1.494629585851691263e+04 -1.406752836698793726e+04 -1.320747923219498080e+04 -1.236485770440466695e+04 -1.153842428403603844e+04 -1.072698635504876802e+04 -9.929394105739975203e+03 -9.144536708552228447e+03 -8.371338732911512125e+03 -7.608756767260706511e+03 -6.855776228326709315e+03 -6.111408337321646286e+03 -5.374687244236787592e+03 -6.005582678275538712e-28 -5.070533162392701751e-28 -4.141045817242232645e-28 -3.216104499142022820e-28 -2.294695984653300876e-28 -1.375809303480932214e-28 -4.584350850789651036e-29 0.000000000000000000e+00
0.000000000000000000e+00 0.000000000000000000e+00 0.000000000000000000e+00 0.000000000000000000e+00 0.000000000000000000e+00 0.000000000000000000e+00 0.000000000000000000e+00 -1.189889683713768878e-29 -1.666274920666495804e+06 -1.332516736756716156e+06 -1.117037939690508181e+06 -9.473836240010783076e+05 -8.069941876419304172e+05 -6.894291561707907822e+05 -5.933784320047072833e+05 -5.190575525223098812e+05 -4.638600879779055249e+05 -4.219453505367284524e+05 -3.875762720631132252e+05 -3.574430742300413549e+05 -3.302832280073991278e+05 -3.056903930745694088e+05 -2.834492188892569975e+05 -2.633496850945315673e+05 -2.451729033638583496e+05 -2.287064694653948536e+05 -2.137552348830114352e+05 -2.001452796937646053e+05 -1.877239384160883201e+05 -1.763580918956646055e+05 -1.659319014516143361e+05 -1.563445219842519436e+05 -1.475080080009268131e+05 -1.393454776393484499e+05 -1.317895358162158227e+05 -1.247809329738082306e+05 -1.182674287198757665e+05 -1.122028298542812263e+05 -1.065461752705835970e+05 -1.012610439910463756e+05 -9.631496629083130392e+04 -9.167892117360384145e+04 -8.732690629355702549e+04 -8.323556879317322455e+04 -7.938388749384434777e+04 -7.575289849831552419e+04 -7.232545759758593340e+04 -6.908603397139569279e+04 -6.602053057381104736e+04 -6.311612733933226991e+04 -6.036114395953550411e+04 -5.774491948934145330e+04 -5.525770646470908832e+04 -5.289057756560601410e+04 -5.063534315203794540e+04 -4.848447824707512336e+04 -4.643105774750216369e+04 -4.446869881673150667e+04 -4.259150956155499443e+04 -4.079404321866897226e+04 -3.907125718245947792e+04 -3.741847629534574662e+04 -3.583135989856407832e+04 -3.430587220677403093e+04 -3.283825562600257399e+04 -3.142500668263695115e+04 -3.006285427269035426e+04 -2.874873997636754939e+04 -2.747980021391884293e+04 -2.625335004558392757e+04 -2.506686844170726181e+04 -2.391798486935426990e+04 -2.280446705939186722e+04 -2.172420983339381200e+04 -2.067522488319324839e+04 -1.965563140768652738e+04 -1.866364752183897872e+04 -1.769758236191182004e+04 -1.675582881892248042e+04 -1.583685683939074261e+04 -1.493920723860674661e+04 -1.406148597714863899e+04 -1.320235885620228873e+04 -1.236054659151163287e+04 -1.153482022957744630e+04 -1.072399687305616499e+04 -9.926935685287007800e+03 -9.142534146486719692e+03 -8.369724536471192550e+03 -7.607470620821100965e+03 -6.854764519203810778e+03 -6.110623736165362061e+03 -5.374088336105327471e+03 -6.033372168047899917e-28 -5.093945452029606866e-28 -4.160132114986073284e-28 -3.230906464530196470e-28 -2.305245872270676181e-28 -1.382130073783726292e-28 -4.605404830310654273e-29 0.000000000000000000e+00
0.000000000000000000e+00 0.000000000000000000e+00 0.000000000000000000e+00 0.000000000000000000e+00 0.000000000000000000e+00 0.000000000000000000e+00 0.000000000000000000e+00 -9.625499504563773724e-30 -1.391173237563452683e+06 -1.158368335748996818e+06 -1.006392137139695580e+06 -8.774710274282383034e+05 -7.628158706983019365e+05 -6.608897472041471628e+05 -5.733046018596646609e+05 -5.028558167273059953e+05 -4.496273684349130490e+05 -4.095172465717128944e+05 -3.771134327135573258e+05 -3.488054847959358594e+05 -3.231395781177516910e+05 -2.997161583076559473e+05 -2.783928867794371909e+05 -2.590272116021338734e+05 -2.414485288163197110e+05 -2.254773479887635913e+05 -2.109413188140271523e+05 -1.976828526404241857e+05 -1.855613822748298408e+05 -1.744530085141249001e+05 -1.642490800743464788e+05 -1.548544564625241328e+05 -1.461857858253786399e+05 -1.381699293788896466e+05 -1.307425723523747874e+05 -1.238470214887647307e+05 -1.174331732862061326e+05 -1.114566322214340034e+05 -1.058779580240094074e+05 -1.006620228226112522e+05 -9.577746135529987805e+04 -9.119619984674254374e+04 -8.689305136954416230e+04 -8.284536744519814965e+04 -7.903273729518848995e+04 -7.543672754662850639e+04 -7.204065636204458133e+04 -6.882939693334366893e+04 -6.578920608690539666e+04 -6.290757441763455427e+04 -6.017309492804631009e+04 -5.757534761356716626e+04 -5.510479782349396555e+04 -5.275270655179290770e+04 -5.051105108414618735e+04 -4.837245465638928727e+04 -4.633012397212658834e+04 -4.437779358997068630e+04 -4.250967632850459631e+04 -4.072041895384973759e+04 -3.900506251403867645e+04 -3.735900676905739238e+04 -3.577797823774841527e+04 -3.425800144471865497e+04 -3.279537300355974730e+04 -3.138663821841845856e+04 -3.002856992538702980e+04 -2.871814932922572189e+04 -2.745254862041473825e+04 -2.622911518308872473e+04 -2.504535722662637272e+04 -2.389893069300695788e+04 -2.278762730890039529e+04 -2.170936366620304398e+04 -2.066217122761202336e+04 -1.964418716514626067e+04 -1.865364594942457188e+04 -1.768887161624012515e+04 -1.674827064464093201e+04 -1.583032538749822015e+04 -1.493358800149588205e+04 -1.405667482875717178e+04 -1.319826118698655955e+04 -1.235707652911418336e+04 -1.153189993708968359e+04 -1.072155591769802777e+04 -9.924910471129116559e+03 -9.140867405571560084e+03 -8.368364873339802216e+03 -7.606372106023130982e+03 -6.853886327895364957e+03 -6.109929828370845826e+03 -5.373547175642438560e+03 -6.054319713874120103e-28 -5.111593117772719839e-28 -4.174518691014294947e-28 -3.242063506106079500e-28 -2.313197809622220128e-28 -1.386894296953326716e-28 -4.621274020766235117e-29 0.000000000000000000e+00
0.000000000000000000e+00 0.000000000000000000e+00 0.000000000000000000e+00 0.000000000000000000e+00 0.000000000000000000e+00 0.000000000000000000e+00 0.000000000000000000e+00 -8.418645274433958716e-30 -1.234164550863384269e+06 -1.049801226038101362e+06 -9.319819123130777152e+05 -8.277008352866435889e+05 -7.301041264946692390e+05 -6.393698962040250190e+05 -5.583580562623643782e+05 -4.911690355722865206e+05 -4.395512688585938304e+05 -4.007259908407277544e+05 -3.696899230138513958e+05 -3.426812889147326932e+05 -3.180942010220362572e+05 -2.955170262581123388e+05 -2.748552664147561882e+05 -2.560153303292871569e+05 -2.388625806500701874e+05 -2.232421726823319332e+05 -2.089987904749726004e+05 -1.959869894232356746e+05 -1.840751477923287312e+05 -1.731461434573617007e+05 -1.630965772956449655e+05 -1.538354537736155617e+05 -1.452827406581169926e+05 -1.373679902364480076e+05 -1.300290916458979918e+05 -1.232111723926796258e+05 -1.168656446480724117e+05 -1.109493830264376884e+05 -1.054240179499708029e+05 -1.002553289074634522e+05 -9.541272326610918390e+04 -9.086878801872109761e+04 -8.659890358836241649e+04 -8.258091041681634670e+04 -7.879482047927936947e+04 -7.522256708783008798e+04 -7.184778738344290468e+04 -6.865563279130894807e+04 -6.563260344910903950e+04 -6.276640323395517044e+04 -6.004581252972142101e+04 -5.746057630889018037e+04 -5.500130546568322461e+04 -5.265938964182372001e+04 -5.042692004249773163e+04 -4.829662095605624927e+04 -4.626178887338119966e+04 -4.431623825722302718e+04 -4.245425314274281845e+04 -4.067054386179881112e+04 -3.896020827834874217e+04 -3.731869700329540501e+04 -3.574178212639112462e+04 -3.422552906223525497e+04 -3.276627115844891159e+04 -3.136058675809428314e+04 -3.000527844635150541e+04 -2.869735424428394617e+04 -2.743401054094967913e+04 -2.621261657980233940e+04 -2.503070033679408152e+04 -2.388593564628738386e+04 -2.277613044721236292e+04 -2.169921603617830624e+04 -2.065323722674291639e+04 -1.963634332500397068e+04 -1.864677984131058474e+04 -1.768288086635284344e+04 -1.674306204735299980e+04 -1.582581410665763724e+04 -1.492969685082885007e+04 -1.405333362347804723e+04 -1.319540615960867945e+04 -1.235464980326161640e+04 -1.152984905380636337e+04 -1.071983340937772846e+04 -9.923473478744263048e+03 -9.139677335369153298e+03 -8.367387089614458091e+03 -7.605575656973128389e+03 -6.853243701923533081e+03 -6.109416738505823560e+03 -5.373142370049621604e+03 -6.068335440195923662e-28 -5.123400757541947365e-28 -4.184144290033554789e-28 -3.249528251225701266e-28 -2.318518103219124124e-28 -1.390081814336526478e-28 -4.631891322174836737e-29 0.000000000000000000e+00
0.000000000000000000e+00 0.000000000000000000e+00 0.000000000000000000e+00 0.000000000000000000e+00 0.000000000000000000e+00 0.000000000000000000e+00 0.000000000000000000e+00 -7.886519480331700999e-30 -1.162681362754327711e+06 -9.981521941196182743e+05 -8.950836306672135834e+05 -8.021828586121143308e+05 -7.129137936190705514e+05 -6.279014711434923811e+05 -5.504111018810172100e+05 -4.850521963618321461e+05 -4.343382094071562751e+05 -3.961822860525392462e+05 -3.658442733428899664e+05 -3.395077783007388352e+05 -3.154845709019436035e+05 -2.933508467169051873e+05 -2.730351279785775114e+05 -2.544693415841213136e+05 -2.375379625465919671e+05 -2.220993009029021778e+05 -2.080071269317633414e+05 -1.951224582005978446e+05 -1.833184189171582111e+05 -1.724814711579375144e+05 -1.625109847276996006e+05 -1.533181425264952413e+05 -1.448246517630102462e+05 -1.369614707850345585e+05 -1.296676371400922217e+05 -1.228892246875306009e+05 -1.165784315102113906e+05 -1.106927893633289350e+05 -1.051944814851163392e+05 -1.000497549583654181e+05 -9.522841461186694505e+04 -9.070338680217426736e+04 -8.645034289897792041e+04 -8.244737372132648306e+04 -7.867470745887992962e+04 -7.511446473885138403e+04 -7.175044546764517145e+04 -6.856794289991990081e+04 -6.555358108408120461e+04 -6.269517241990651382e+04 -5.998159255750627926e+04 -5.740267028178003238e+04 -5.494909037554463430e+04 -5.261230774841830134e+04 -5.038447136627676809e+04 -4.825835672532249737e+04 -4.622730579181713256e+04 -4.428517347850435908e+04 -4.242627985619778337e+04 -4.064536740742014808e+04 -3.893756272144574905e+04 -3.729834210916790471e+04 -3.572350068387759529e+04 -3.420912451214344765e+04 -3.275156548895970627e+04 -3.134741863437914071e+04 -2.999350154603701594e+04 -2.868683577415084801e+04 -2.742462991347129355e+04 -2.620426423088086085e+04 -2.502327666842795225e+04 -2.387935007995629348e+04 -2.277030057552470316e+04 -2.169406686186690786e+04 -2.064870047941777375e+04 -1.963235684722903534e+04 -1.864328703657904771e+04 -1.767983020241157647e+04 -1.674040660909275903e+04 -1.582351119346428641e+04 -1.492770761387881612e+04 -1.405162273897292471e+04 -1.319394153441468552e+04 -1.235340230981018976e+04 -1.152879229147814658e+04 -1.071894348989868922e+04 -9.922728833414777910e+03 -9.139058542188420688e+03 -8.366876718587387586e+03 -7.605158132086977275e+03 -6.852905178462498043e+03 -6.109144994532500277e+03 -5.372926711024250835e+03 -6.075358611762730303e-28 -5.129317419501775228e-28 -4.188967521486797308e-28 -3.253268691028479072e-28 -2.321183987553968557e-28 -1.391679005674003707e-28 -4.637211398608995749e-29 0.000000000000000000e+00
0.000000000000000000e+00 0.000000000000000000e+00 0.000000000000000000e+00 0.000000000000000000e+00 0.000000000000000000e+00 0.000000000000000000e+00 0.000000000000000000e+00 -7.886519480331700999e-30 -1.162681362754327711e+06 -9.981521941196182743e+05 -8.950836306672135834e+05 -8.021828586121143308e+05 -7.129137936190705514e+05 -6.279014711434923811e+05 -5.504111018810172100e+05 -4.850521963618321461e+05 -4.343382094071562751e+05 -3.961822860525392462e+05 -3.658442733428899664e+05 -3.395077783007388352e+05 -3.154845709019436035e+05 -2.933508467169051873e+05 -2.730351279785775114e+05 -2.544693415841213136e+05 -2.375379625465919671e+05 -2.220993009029021778e+05 -2.080071269317633414e+05 -1.951224582005978446e+05 -1.833184189171582111e+05 -1.724814711579375144e+05 -1.625109847276996006e+05 -1.533181425264952413e+05 -1.448246517630102462e+05 -1.369614707850345585e+05 -1.296676371400922217e+05 -1.228892246875306009e+05 -1.165784315102113906e+05 -1.106927893633289350e+05 -1.051944814851163392e+05 -1.000497549583654181e+05 -9.522841461186694505e+04 -9.070338680217426736e+04 -8.645034289897792041e+04 -8.244737372132648306e+04 -7.867470745887992962e+04 -7.511446473885138403e+04 -7.175044546764517145e+04 -6.856794289991990081e+04 -6.555358108408120461e+04 -6.269517241990651382e+04 -5.998159255750627926e+04 -5.740267028178003238e+04 -5.494909037554463430e+04 -5.261230774841830134e+04 -5.038447136627676809e+04 -4.825835672532249737e+04 -4.622730579181713256e+04 -4.428517347850435908e+04 -4.242627985619778337e+04 -4.064536740742014808e+04 -3.893756272144574905e+04 -3.729834210916790471e+04 -3.572350068387759529e+04 -3.420912451214344765e+04 -3.275156548895970627e+04 -3.134741863437914071e+04 -2.999350154603701594e+04 -2.868683577415084801e+04 -2.742462991347129355e+04 -2.620426423088086085e+04 -2.502327666842795225e+04 -2.387935007995629348e+04 -2.277030057552470316e+04 -2.169406686186690786e+04 -2.064870047941777375e+04 -1.963235684722903534e+04 -1.864328703657904771e+04 -1.767983020241157647e+04 -1.674040660909275903e+04 -1.582351119346428641e+04 -1.492770761387881612e+04 -1.405162273897292471e+04 -1.319394153441468552e+04 -1.235340230981018976e+04 -1.152879229147814658e+04 -1.071894348989868922e+04 -9.922728833414777910e+03 -9.139058542188420688e+03 -8.366876718587387586e+03 -7.605158132086977275e+03 -6.852905178462498043e+03 -6.109144994532500277e+03 -5.372926711024250835e+03 -6.075358611762730303e-28 -5.129317419501775228e-28 -4.188967521486797308e-28 -3.253268691028479072e-28 -2.321183987553968557e-28 -1.391679005674003707e-28 -4.637211398608995749e-29 0.000000000000000000e+00
