4.665872094434194706e-01
4.453148005761412009e-01
4.259173005345147089e-01
4.081556921495420598e-01
3.918301158479269297e-01
3.767721384232490811e-01
3.628387889850318015e-01
3.499079070696460292e-01
3.378744772904954119e-01
3.266477142590827332e-01
3.161487241506669155e-01
3.063086138174562212e-01
2.970669504141565942e-01
2.883704978615810877e-01
2.801721736839155041e-01
2.724301825647026387e-01
2.651072925927503432e-01
2.581702274682917131e-01
2.515891535213418129e-01
2.453372446962470699e-01
2.393903119972277393e-01
2.337264865022749549e-01
2.283259471095563375e-01
2.231706858099006818e-01
2.182443045775970258e-01
2.135318390125856836e-01
2.090196047059444673e-01
2.046950629799415833e-01
2.005467032069761235e-01
1.965639393640156718e-01
1.927370188505508342e-01
1.890569419046349009e-01
1.855153902054108295e-01
1.821046634615609006e-01
1.788176229614328316e-01
1.756476412080917870e-01
1.725885568866622199e-01
1.696346345160335833e-01
1.667805282254291588e-01
1.640212491715867804e-01
1.613521361762380868e-01
1.587688292181593797e-01
1.562672454608684813e-01
1.538435575371035757e-01
1.514941738458199794e-01
1.492157206471866893e-01
1.470050257668102933e-01
1.448591037428114681e-01
1.427751422687058291e-01
1.407504898019758255e-01
1.394183229075169339e-01
1.404853068213579581e-01
1.415701578278179551e-01
1.426729884151352323e-01
1.437939498333435651e-01
1.449332304750113598e-01
1.460910545004090455e-01
1.472676806873909339e-01
1.484634014887158127e-01
1.496785422817585587e-01
1.509134607974828013e-01
1.521685467173684025e-01
1.534442214285829942e-01
1.547409379291511955e-01
1.560591808762339383e-01
1.573994667718735807e-01
1.587623442816576413e-01
1.601483946828763938e-01
1.615582324396929725e-01
1.629925059038113411e-01
1.644518981400071300e-01
1.659371278767331759e-01
1.674489505828635760e-01
1.689881596724215340e-01
1.705555878399385161e-01
1.721521085298839127e-01
1.737786375444156373e-01
1.754361347944562999e-01
1.771256061999703646e-01
1.788481057461236146e-01
1.806047377028824341e-01
1.823966590165163326e-01
1.842250818824064384e-01
1.860912765095652233e-01
1.879965740883024761e-01
1.899423699735862392e-01
1.919301270978458762e-01
1.939613796281793867e-01
1.960377368842900481e-01
1.981608875348895571e-01
2.003326040918322337e-01
2.025547477228867022e-01
2.048292734057501063e-01
2.071582354478314070e-01
2.095437933982739476e-01
2.119882183808266818e-01
2.144938998784176876e-01
2.170633530027433755e-01
2.196992262846231836e-01
2.224043100236749171e-01
2.251815452386215222e-01
2.280340332625488964e-01
2.309650460303994957e-01
2.339780371093075906e-01
2.370766535254568708e-01
2.402647484444061510e-01
2.435463947650236272e-01
2.469258996901488312e-01
2.504078203398678037e-01
2.539969804756141425e-01
2.576984884051184421e-01
2.615177561390160110e-01
2.654605198696644019e-01
2.695328618408918686e-01
2.737412336732952811e-01
2.780924812030468596e-01
2.825938708816455036e-01
2.872531177691604598e-01
2.920784151322900479e-01
2.970784656299247373e-01
3.022625140303421554e-01
3.076403813531486398e-01
3.132225002625224075e-01
3.190199514516425250e-01
3.250445006467103104e-01
3.313086357159652495e-01
3.378256031867328812e-01
3.446094432419773423e-01
3.516750219746804240e-01
3.590380593089677608e-01
3.667151505326514682e-01
3.747237788044468498e-01
3.830823152737886650e-01
3.918100025495074856e-01
4.009269161375015322e-01
4.104538970928273134e-01
4.204124474479712381e-01
4.308245779309610168e-01
4.417125950162602566e-01
4.530988114019672830e-01
4.650051605313906267e-01
4.774526917518899793e-01
4.904609181470976909e-01
5.040469840821873992e-01
5.182246142742110706e-01
5.330028011300924629e-01
5.483841828356110781e-01
5.643630622552034959e-01
5.809230176432768067e-01
5.980340626471251086e-01
6.156493280478718688e-01
6.337012649160436162e-01
6.520974128588878926e-01
6.707158426332913148e-01
6.894004738386327880e-01
7.079565877417126618e-01
7.261469998903383738e-01
7.436895163876188208e-01
7.602564491455052753e-01
7.754770721629387076e-01
7.889439115275701520e-01
8.002236167278050649e-01
8.088728065340429207e-01
8.144586953945737173e-01
8.165835196338457891e-01
8.149109087579000654e-01
8.091915748020598320e-01
7.996116871341213406e-01
7.917281597597463083e-01
7.843707748170682947e-01
7.766576599673056247e-01
7.673278373868631652e-01
7.557380234188517676e-01
7.465541181847796803e-01
7.339596180598529918e-01
7.180525093926770630e-01
6.990199467098953123e-01
6.836611458579759937e-01
6.676001089911587361e-01
6.489708102189554184e-01
6.280237851269039329e-01
6.050557635122520983e-01
5.803959204444321118e-01
5.543916105068664724e-01
5.273947378251426787e-01
4.997496661972785081e-01
4.754247848663065712e-01
4.538702095855789986e-01
4.318926502740865203e-01
4.097203657711214198e-01
3.875673415435915148e-01
3.656295739085764218e-01
3.440825571088043655e-01
3.230798743627156799e-01
3.027527439504596463e-01
2.832103459708470994e-01
2.645407501814803219e-01
2.468122749227261437e-01
2.300751262172781864e-01
2.143631901703559051e-01
1.996958772465769472e-01
1.860799414175341726e-01
1.735112190578932678e-01
1.718878276736742206e-01
1.705817253142130341e-01
1.693078051048186872e-01
1.680440198303465582e-01
1.667906765379119083e-01
1.655480624055748196e-01
1.643164464513446055e-01
1.630960807099145204e-01
1.618872009395958267e-01
1.606900269180233654e-01
1.595047623833524275e-01
1.583315946766155891e-01
1.571706941409171943e-01
1.560222133335366079e-01
1.548862861075849806e-01
1.537630266200752105e-01
1.558559443418495172e-01
1.581988267322017305e-01
1.602184288155555358e-01
1.619202494675535398e-01
1.633115736906760318e-01
1.644013820754192112e-01
1.652002389066742905e-01
1.657201612118673062e-01
1.659744715553672922e-01
1.659776377356038113e-01
1.657451027406395272e-01
1.652931083764113129e-01
1.646385159163862022e-01
1.637986269523565575e-01
1.627910073768646382e-01
1.616333171206613128e-01
1.603431479246059665e-01
1.589895761510052852e-01
1.576354662041528354e-01
1.562300836533563053e-01
1.548005616788249994e-01
1.533264337043938330e-01
1.517876464652166135e-01
1.501983440527240588e-01
1.486082861437424407e-01
1.470287634042850844e-01
1.454248361389967603e-01
1.438080329539989932e-01
1.421890228050216587e-01
1.405775883449327524e-01
1.389826102578153866e-01
1.374120618862007259e-01
1.358730133812675878e-01
1.343716445477793897e-01
1.329132655150116193e-01
1.315023443405858583e-01
1.301425406446985455e-01
1.288367443767120812e-01
1.275871188322261485e-01
1.263951470663151055e-01
1.252616808851380881e-01
1.241869916427047332e-01
1.231708221206010284e-01
1.222124388243910481e-01
1.213173253411177627e-01
1.205096046971987356e-01
1.197549646280091362e-01
1.190509817052679553e-01
1.183950412251902340e-01
1.178087328716686810e-01
1.172829708476582911e-01
1.168406110285780397e-01
1.164336144232144682e-01
1.160556850158798725e-01
1.157033368349210528e-01
1.153734445137157560e-01
1.150630949396999891e-01
1.147695290682118757e-01
1.144901435805958656e-01
1.142224967091944737e-01
1.139643125170528709e-01
1.137134843821412805e-01
1.134680768206511731e-01
1.132263255519726369e-01
1.129866359390405695e-01
1.127475799704837217e-01
1.125078919603414579e-01
1.122664631353715164e-01
1.120223352825694962e-01
1.117746936166209015e-01
1.115228590198803216e-01
1.112662797980792512e-01
1.110045230844275005e-01
1.107372660148695648e-01
1.104642867862956068e-01
1.101854556990922579e-01
1.099007262747377228e-01
1.096101265288439569e-01
1.093137504698432211e-01
1.090117498837771953e-01
1.087043264562028710e-01
1.083917242734108999e-01
1.080742227365312780e-01
1.077521299144530431e-01
1.074257763540046595e-01
1.070955093591543505e-01
1.067616877449975438e-01
1.064246770665210062e-01
1.060848453175067263e-01
1.057425590903418033e-01
1.053981801839475319e-01
1.050520626436253074e-01
1.047045502141121798e-01
1.043559741848481687e-01
1.040066516047083583e-01
1.036568838422730204e-01
1.033069554667312429e-01
1.029571334240231839e-01
1.026076664826322815e-01
1.022587849236012147e-01
1.019107004495871938e-01
1.015636062885168361e-01
1.012176774681187025e-01
1.008730712385298572e-01
1.005299276213911380e-01
1.001883700649086328e-01
9.984850618569293679e-02
9.951042857961019117e-02
9.917421568507399365e-02
9.883993268377772035e-02
9.850763242512954043e-02
9.817735636212950034e-02
9.784913548766095703e-02
9.752299126159924558e-02
9.719893652027677966e-02
9.687697636108980048e-02
9.655710899621937349e-02
9.623932657035377813e-02
9.592361593849585422e-02
9.560995940054248243e-02
9.529833539058563119e-02
9.498871911915637845e-02
9.468108316778726941e-02
9.437539803547473349e-02
9.407163263744977577e-02
9.376975475695273343e-02
9.346973145129526539e-02
9.317152941351841688e-02
9.287511529168153424e-02
9.258045596758703033e-02
9.228751879729778229e-02
9.199627181568148515e-02
9.170668390741557041e-02
9.141872494697328433e-02
9.113236591005026421e-02
9.084757895887522750e-02
9.056433750394085602e-02
9.028261624446079492e-02
9.000239118987356235e-02
8.972363966472025887e-02
8.944634029879741655e-02
8.917047300484501338e-02
8.889601894543668059e-02
8.862296049091226979e-02
8.835128117002472026e-02
8.808096561468196917e-02
8.781199950023547973e-02
8.754436948252235229e-02
8.727806313278041461e-02
8.701306887135681900e-02
8.674937590123760200e-02
8.648697414197614730e-02
8.622585416480253728e-02
8.596600712943047728e-02
8.570742472305238613e-02
8.545009910181923518e-02
8.519402283524489528e-02
8.493918885367306160e-02
8.468559039896507434e-02
8.443322097863380227e-02
8.418207432330065965e-02
8.393214434768060672e-02
8.368342511492089797e-02
8.343591080435523721e-02
8.318959568246347969e-02
8.294447407703209318e-02
8.270054035429509620e-02
8.245778889901506092e-02
8.221621409721220630e-02
8.197581032148593128e-02
8.173657191870842276e-02
8.149849319988620999e-02
8.126156843209224323e-02
8.102579183220799675e-02
8.079115756235262513e-02
8.055765972682049636e-02
8.032529237036334369e-02
8.009404947765337568e-02
7.986392497379966871e-02
7.963491272578487878e-02
7.940700654460233765e-02
7.918020018816515626e-02
7.895448736462951089e-02
7.872986173622409378e-02
7.850631692343738866e-02
7.828384650937372791e-02
7.806244404439559303e-02
7.784210305077111924e-02
7.762281702746981482e-02
7.740457945486113600e-02
7.718738379943859695e-02
7.697122351838550647e-02
7.675609206409451934e-02
7.654198288842151143e-02
7.632888944691877675e-02
7.611680520270036610e-02
7.590572363025610558e-02
7.569563821893850186e-02
7.548654247629614511e-02
7.527842993113124936e-02
7.507129413636264015e-02
7.486512867166916774e-02
7.465992714589250734e-02
7.445568319918467737e-02
7.425239050508365690e-02
7.405004277221090281e-02
7.384863374589714646e-02
7.364815720961397083e-02
7.344860698615993111e-02
7.324997693878540495e-02
7.305226097209240044e-02
7.285545303280144269e-02
7.265954711047760417e-02
7.246453723795999446e-02
7.227041749186273456e-02
7.207718199289202266e-02
7.188482490604036768e-02
7.169334044076047796e-02
7.150272285106740178e-02
7.131296643549778214e-02
7.112406553714040180e-02
7.093601454345217772e-02
7.074880788617637917e-02
7.056244004116875301e-02
7.037690552813166689e-02
7.019219891041987569e-02
7.000831479477462316e-02
6.982524783101681787e-02
6.964299271175064532e-02
6.946154417207710263e-02
6.928089698924644324e-02
6.910104598233089701e-02
6.892198601189750140e-02
6.874371197967060754e-02
6.856621882818426938e-02
6.838950154046523344e-02
6.821355513965463024e-02
6.803837468871133665e-02
6.786395529007466232e-02
6.769029208526548824e-02
6.751738025469200544e-02
6.734521501719975545e-02
6.717379162982628493e-02
6.700310538744323752e-02
6.683315162250065555e-02
6.666392570468961110e-02
6.649542304061499542e-02
6.632763907355006261e-02
6.616056928312966101e-02
6.599420918505380373e-02
6.582855433079094765e-02
6.566360030734298692e-02
6.549934273690771747e-02
6.533577727664366397e-02
6.517289961840422308e-02
6.501070548842069474e-02
6.484919064711822112e-02
6.468835088876807859e-02
6.452818204125254642e-02
6.436867996583992002e-02
6.420984055685731440e-02
6.405165974149633346e-02
6.389413347952684064e-02
6.373725776305147472e-02
6.358102861621937885e-02
6.342544209501144170e-02
6.327049428699488276e-02
6.311618131100633911e-02
6.296249931695746538e-02
6.280944448559981630e-02
6.265701302820787799e-02
6.250520118637449551e-02
6.235400523176552051e-02
6.220342146583346388e-02
6.205344621963345547e-02
6.190407585348579184e-02
6.175530675683280762e-02
6.160713534790138862e-02
6.145955807351897310e-02
6.131257140884763257e-02
6.116617185710803567e-02
6.102035594939534541e-02
6.087512024442362502e-02
6.073046132823948368e-02
6.058637581401761507e-02
6.044286034182558276e-02
6.029991157835797033e-02
6.015752621676248579e-02
6.001570097629245482e-02
5.987443260219415392e-02
5.973371786537972489e-02
5.959355356225329997e-02
5.945393651444513122e-02
5.931486356858663850e-02
5.917633159612636917e-02
5.903833749301298783e-02
5.890087817957258276e-02
5.876395060021211841e-02
5.862755172320471830e-02
5.849167854051581100e-02
5.835632806751682444e-02
5.822149734283183636e-02
5.808718342808187607e-02
5.795338340766004182e-02
5.782009438856781230e-02
5.768731350015947335e-02
5.755503789393759395e-02
5.742326474336893749e-02
5.729199124366978618e-02
5.716121461157067790e-02
5.703093208516311213e-02
5.690114092366430759e-02
5.677183840723314112e-02
5.664302183675545138e-02
5.651468853365997774e-02
5.638683583975469260e-02
5.625946111697124191e-02
5.613256174721153319e-02
5.600613513217388845e-02
5.588017869313832708e-02
5.575468987079273270e-02
5.562966612503857794e-02
5.550510493483751945e-02
5.538100379798644585e-02
5.525736023098457711e-02
5.513417176883914778e-02
5.501143596489156684e-02
5.488915039060272838e-02
5.476731263549160234e-02
5.464592030682854235e-02
5.452497102958407671e-02
5.440446244616310018e-02
5.428439221633331313e-02
5.416475801701040732e-02
5.404555754208432289e-02
5.392678850228629223e-02
5.380844862504561427e-02
5.369053565428523467e-02
5.357304735031950121e-02
5.345598148966997781e-02
5.333933586489179174e-02
5.322310828447120862e-02
5.310729657267238002e-02
5.299189856935321991e-02
5.287691212984269029e-02
5.276233512480794918e-02
5.264816544009064125e-02
5.253440097657402497e-02
5.242103965003983013e-02
5.230807939104550192e-02
5.219551814478109314e-02
5.208335387090561736e-02
5.197158454345505996e-02
5.186020815068897311e-02
5.174922269495754040e-02
5.163862619258909048e-02
5.152841667374699619e-02
5.141859218227622097e-02
5.130915077566245569e-02
5.120009052479693179e-02
5.109140951394573749e-02
5.098310584057599154e-02
5.087517761527404064e-02
5.076762296155114956e-02
5.066044001584355666e-02
5.055362692728745250e-02
5.044718185765768165e-02
5.034110298126543565e-02
5.023538848477424740e-02
5.013003656718973550e-02
5.002504543966531519e-02
4.992041332545108651e-02
4.981613845973025673e-02
4.971221908956791752e-02
4.960865347373732970e-02
4.950543988270961204e-02
4.940257659845951471e-02
4.930006191443468688e-02
4.919789413540236189e-02
4.909607157734705019e-02
4.899459256742963453e-02
4.889345544383404130e-02
4.879265855567516824e-02
4.869220026294775877e-02
4.859207893638327336e-02
4.849229295736805917e-02
4.839284071786154745e-02
4.829372062028379486e-02
4.819493107745410204e-02
4.809647051249903160e-02
4.799833735870918244e-02
4.790053005950858922e-02
4.780304706838307827e-02
4.770588684872693191e-02
4.760904787379174191e-02
4.751252862661482779e-02
4.741632759993745505e-02
4.732044329606164418e-02
4.722487422687066116e-02
4.712961891366537065e-02
4.703467588710293079e-02
4.694004368714560504e-02
4.684572086295858001e-02
4.675170597284854235e-02
4.665799758413079895e-02
4.656459427317015398e-02
4.647149462516617091e-02
4.637869723418389101e-02
4.628620070304129142e-02
4.619400364322751723e-02
4.610210467486198366e-02
4.601050242657166167e-02
4.591919553549106414e-02
4.582818264711912420e-02
4.573746241530893264e-02
4.564703350216551409e-02
4.555689457799467351e-02
4.546704432122120748e-02
4.537748141834801324e-02
4.528820456385381638e-02
4.519921246016248007e-02
4.511050381757148592e-02
4.502207735414960610e-02
4.493393179574717289e-02
4.484606587587336435e-02
4.475847833567576928e-02
4.467116792380741719e-02
4.458413339648816670e-02
4.449737351731040957e-02
4.441088705731063846e-02
4.432467279476496463e-02
4.423872951528112080e-02
4.415305601163487664e-02
4.406765108378021822e-02
4.398251353871650282e-02
4.389764219052927352e-02
4.381303586024714453e-02
4.372869337585202909e-02
4.364461357217687409e-02
4.356079529090564617e-02
4.347723738046090775e-02
4.339393869599351278e-02
4.331089809931108758e-02
4.322811445883711218e-02
4.314558664957000855e-02
4.306331355299113095e-02
4.298129405706473810e-02
4.289952705615622530e-02
4.281801145102186179e-02
4.273674614868613192e-02
4.265573006249279153e-02
4.257496211196179492e-02
4.249444122280968822e-02
4.241416632688827654e-02
4.233413636212326331e-02
4.225435027245292435e-02
4.217480700784850128e-02
4.209840901374345412e-02
4.204229935551653113e-02
4.198630489442917169e-02
4.193042536662443948e-02
4.187466050863906941e-02
4.181901005740347455e-02
4.176347375027754383e-02
4.170805132498928147e-02
4.165274251966547686e-02
4.159754707286238140e-02
4.154246472350438951e-02
4.148749521092999493e-02
4.143263827487138340e-02
4.137789365546976073e-02
4.132326109325487606e-02
4.126874032916042628e-02
4.121433110453420756e-02
4.116003316110235233e-02
4.110584624101025486e-02
4.105177008680208767e-02
4.099780444141060132e-02
4.094394904819800146e-02
4.089020365090484388e-02
4.083656799368579754e-02
4.078304182110458614e-02
4.072962487812367693e-02
4.067631691011458495e-02
4.062311766285273823e-02
4.057002688252254324e-02
4.051704431570722631e-02
4.046416970941948965e-02
4.041140281105035093e-02
4.035874336843053856e-02
4.030619112979468011e-02
4.025374584376596732e-02
4.020140725939706089e-02
4.014917512616498346e-02
4.009704919393531491e-02
4.004502921300310408e-02
3.999311493407242679e-02
3.994130610826658601e-02
3.988960248711791862e-02
3.983800382258821660e-02
3.978650986704317799e-02
3.973512037328309071e-02
3.968383509451213487e-02
3.963265378436396646e-02
3.958157619688636164e-02
3.953060208656680730e-02
3.947973120829156857e-02
3.942896331738149351e-02
3.937829816958690610e-02
3.932773552107735049e-02
3.927727512844676055e-02
3.922691674871339046e-02
3.917666013934544000e-02
3.912650505821500119e-02
3.907645126362362803e-02
3.902649851430747135e-02
3.897664656945259293e-02
3.892689518864895365e-02
3.887724413193131834e-02
3.882769315977927654e-02
3.877824203307631001e-02
3.872889051316603243e-02
3.867963836182666121e-02
3.863048534126076183e-02
3.858143121411568982e-02
3.853247574347340443e-02
3.848361869285043396e-02
3.843485982621833857e-02
3.838619890797814738e-02
3.833763570297057943e-02
3.828916997647605763e-02
3.824080149422490887e-02
3.819253002239228478e-02
3.814435532758277819e-02
3.809627717685604847e-02
3.804829533772164513e-02
3.800040957811859355e-02
3.795261966645117890e-02
3.790492537155826930e-02
3.785732646273375773e-02
3.780982270971634807e-02
3.776241388268444105e-02
3.771509975228679729e-02
3.766788008960676032e-02
3.762075466617759850e-02
3.757372325399783997e-02
3.752678562551080288e-02
3.747994155360462321e-02
3.743319081162758272e-02
3.738653317338810900e-02
3.733996841312919868e-02
3.729349630557445006e-02
3.724711662588205130e-02
3.720082914967542259e-02
3.715463365303305066e-02
3.710852991249353333e-02
3.706251770503517923e-02
3.701659680812200565e-02
3.697076699964749191e-02
3.692502805799081911e-02
3.687937976196065809e-02
3.683382189085648156e-02
3.678835422441745912e-02
3.674297654284290615e-02
3.669768862679739091e-02
3.665249025741074834e-02
3.660738121625761732e-02
3.656236128540344549e-02
3.651743024733292847e-02
3.647258788504204735e-02
3.642783398195623135e-02
3.638316832196106937e-02
3.633859068944318010e-02
3.629410086918799516e-02
3.624969864650242485e-02
3.620538380714329735e-02
3.616115613730714468e-02
3.611701542368133538e-02
3.607296145341333526e-02
3.602899401409034169e-02
3.598511289380059569e-02
3.594131788108223535e-02
3.589760876493357233e-02
3.585398533480280148e-02
3.581044738064943084e-02
3.576699469286239580e-02
3.572362706229080531e-02
3.568034428027457711e-02
3.563714613860354680e-02
3.559403242953792373e-02
3.555100294580827713e-02
3.550805748060534978e-02
3.546519582759020267e-02
3.542241778086364229e-02
3.537972313504794686e-02
3.533711168517440770e-02
3.529458322677536675e-02
3.525213755583309766e-02
3.520977446880022704e-02
3.516749376259976217e-02
3.512529523461484920e-02
3.508317868269899414e-02
3.504114390515564864e-02
3.499919070077905925e-02
3.495731886882361833e-02
3.491552820898343595e-02
3.487381852144341710e-02
3.483218960684861948e-02
3.479064126631447457e-02
3.474917330139610377e-02
3.470778551413944424e-02
3.466647770706081377e-02
3.462524968309575735e-02
3.458410124571156125e-02
3.454303219876406206e-02
3.450204234664083769e-02
3.446113149415889337e-02
3.442029944659543567e-02
3.437954600968776142e-02
3.433887098967425971e-02
3.429827419321253290e-02
3.425775542743055013e-02
3.421731449994711710e-02
3.417695121880028747e-02
3.413666539252913773e-02
3.409645683010222722e-02
3.405632534096870306e-02
3.401627073502765108e-02
3.397629282263826822e-02
3.393639141464038084e-02
3.389656632230324956e-02
3.385681735735630860e-02
3.381714433203002190e-02
3.377754705896388043e-02
3.373802535127795599e-02
3.369857902254224519e-02
3.365920788679712533e-02
3.361991175852265673e-02
3.358069045266927344e-02
3.354154378462709252e-02
3.350247157026684658e-02
3.346347362587848151e-02
3.342454976825302848e-02
3.338569981460071806e-02
3.334692358258172645e-02
3.330822089033683153e-02
3.326959155643624544e-02
3.323103539991036776e-02
3.319255224025993017e-02
3.315414189739470524e-02
3.311580419172549528e-02
3.307753894406190859e-02
3.303934597570436227e-02
3.300122510838275625e-02
3.296317616427689445e-02
3.292519896602673357e-02
3.288729333671191329e-02
3.284945909984155615e-02
3.281169607939513760e-02
3.277400409979184387e-02
3.273638298590077211e-02
3.269883256301026053e-02
3.266135265689946304e-02
3.262394309374633955e-02
3.258660370018898189e-02
3.254933430331541366e-02
3.251213473063287868e-02
3.247500481012922935e-02
3.243794437019112409e-02
3.240095323965511143e-02
3.236403124781789958e-02
3.232717822439545169e-02
3.229039399955362794e-02
3.225367840387752955e-02
3.221703126841243131e-02
3.218045242461259337e-02
3.214394170439242859e-02
3.210749894009583272e-02
3.207112396448592861e-02
3.203481661077575704e-02
3.199857671259761366e-02
3.196240410402348409e-02
3.192629861955480208e-02
3.189026009413272605e-02
3.185428836310741363e-02
3.181838326227894725e-02
3.178254462786662959e-02
3.174677229650905291e-02
3.171106610529467879e-02
3.167542589171078865e-02
3.163985149368435390e-02
3.160434274957180795e-02
3.156889949813861118e-02
3.153352157860012106e-02
3.149820883057051490e-02
3.146296109408319025e-02
3.142777820961126234e-02
3.139266001803682482e-02
3.135760636065102608e-02
3.132261707919491850e-02
3.128769201578789766e-02
3.125283101300949801e-02
3.121803391381759371e-02
3.118330056160976277e-02
3.114863080018236835e-02
3.111402447377147051e-02
3.107948142698123070e-02
3.104500150487598045e-02
3.101058455290859467e-02
3.097623041694097523e-02
3.094193894325426505e-02
3.090770997853862709e-02
3.087354336988300946e-02
3.083943896479560132e-02
3.080539661118340128e-02
3.077141615736240024e-02
3.073749745204739856e-02
3.070364034437243414e-02
3.066984468387034049e-02
3.063611032047272587e-02
3.060243710451000798e-02
3.056882488671139667e-02
3.053527351822532890e-02
3.050178285057860567e-02
3.046835273571724123e-02
3.043498302596561039e-02
3.040167357404688353e-02
3.036842423310346165e-02
3.033523485664585753e-02
3.030210529859362137e-02
3.026903541325484670e-02
3.023602505533643653e-02
3.020307407992361970e-02
3.017018234251065550e-02
3.013734969897013602e-02
3.010457600556322097e-02
3.007186111896009012e-02
3.003920489618880710e-02
3.000660719468645904e-02
2.997406787225824834e-02
2.994158678711838703e-02
2.990916379782876389e-02
2.987679876338071583e-02
2.984449154313372626e-02
2.981224199679491024e-02
2.978004998448042021e-02
2.974791536669496930e-02
2.971583800431138594e-02
2.968381775858083826e-02
2.965185449113283064e-02
2.961994806396500007e-02
2.958809833947375831e-02
2.955630518039295551e-02
2.952456844987570717e-02
2.949288801141253247e-02
2.946126372888254602e-02
2.942969546653296381e-02
2.939818308898935195e-02
2.936672646122492902e-02
2.933532544860148472e-02
2.930397991684893441e-02
2.927268973205506344e-02
2.924145476066557225e-02
2.921027486951470464e-02
2.917914992579460215e-02
2.914807979705530058e-02
2.911706435118427763e-02
2.908610345649846260e-02
2.905519698160110784e-02
2.902434479549427168e-02
2.899354676754809304e-02
2.896280276745995946e-02
2.893211266531580186e-02
2.890147633151855106e-02
2.887089363688015442e-02
2.884036445251931050e-02
2.880988864993307488e-02
2.877946610096615565e-02
2.874909667782115860e-02
2.871878025303812448e-02
2.868851669952520583e-02
2.865830589051777955e-02
2.862814769961933084e-02
2.859804200077077641e-02
2.856798866827094455e-02
2.853798757675608463e-02
2.850803860121011238e-02
2.847814161695438884e-02
2.844829649965793447e-02
2.841850312533743608e-02
2.838876137034702235e-02
2.835907111138848483e-02
2.832943222549082554e-02
2.829984459002048494e-02
2.827030808270180814e-02
2.824082258157609854e-02
2.821138796503236401e-02
2.818200411180724063e-02
2.815267090092368751e-02
2.812338821181370463e-02
2.809415592416488611e-02
2.806497391805342842e-02
2.803584207385204433e-02
2.800676027228112333e-02
2.797772839439847947e-02
2.794874632156870223e-02
2.791981393548359849e-02
2.789093111820306961e-02
2.786209775205290146e-02
2.783331371973721269e-02
2.780457890423620321e-02
2.777589318889819164e-02
2.774725645736803026e-02
2.771866859361779220e-02
2.769012948194676457e-02
2.766163900695076464e-02
2.763319705358350739e-02
2.760480350708501354e-02
2.757645825302251427e-02
2.754816117730069305e-02
2.751991216609008667e-02
2.749171110592934369e-02
2.746355788364343228e-02
2.743545238637429620e-02
2.740739450156043366e-02
2.737938411698800575e-02
2.735142112073968637e-02
2.732350540118449328e-02
2.729563684703909671e-02
2.726781534729624118e-02
2.724004079126567460e-02
2.721231306856389948e-02
2.718463206912442517e-02
2.715699768317726345e-02
2.712940980123876994e-02
2.710186831415250033e-02
2.707437311306877190e-02
2.704692408942422494e-02
2.701952113494179158e-02
2.699216414167163874e-02
2.696485300196046347e-02
2.693758760843103714e-02
2.691036785402314141e-02
2.688319363198330564e-02
2.685606483580346704e-02
2.682898135932323957e-02
2.680194309667877431e-02
2.677494994225160935e-02
2.674800179075052797e-02
2.672109853717061570e-02
2.669424007679324987e-02
2.666742630517592028e-02
2.664065711821354127e-02
2.661393241203622098e-02
2.658725208308082913e-02
2.656061602807053071e-02
2.653402414403528350e-02
2.650747632825042888e-02
2.648097247830830114e-02
2.645451249205689470e-02
2.642809626767138320e-02
2.640172370355192005e-02
2.637539469841564468e-02
2.635239267506676863e-02
2.633087312045093858e-02
2.630938064830005974e-02
2.628791522200198821e-02
2.626647680499059195e-02
2.624506536066395154e-02
2.622368085245594185e-02
2.620232324381064834e-02
2.618099249814149695e-02
2.615968857891814991e-02
2.613841144958469614e-02
2.611716107361590489e-02
2.609593741448655926e-02
2.607474043567653207e-02
2.605357010068616586e-02
2.603242637302090323e-02
2.601130921619130426e-02
2.599021859374372675e-02
2.596915446919895176e-02
2.594811680611867205e-02
2.592710556806967354e-02
2.590612071862899782e-02
2.588516222138900064e-02
2.586423003995738656e-02
2.584332413794186017e-02
2.582244447900124834e-02
2.580159102675347316e-02
2.578076374489316272e-02
2.575996259707402994e-02
2.573918754701625539e-02
2.571843855841446369e-02
2.569771559500416344e-02
2.567701862053110851e-02
2.565634759875637730e-02
2.563570249345639707e-02
2.561508326844337893e-02
2.559448988752953055e-02
2.557392231453728404e-02
2.555338051333510066e-02
2.553286444779142086e-02
2.551237408179514790e-02
2.549190937926586187e-02
2.547147030413848476e-02
2.545105682036326311e-02
2.543066889191089586e-02
2.541030648277767257e-02
2.538996955699051455e-02
2.536965807857637437e-02
2.534937201160310238e-02
2.532911132014366296e-02
2.530887596831701142e-02
2.528866592023702731e-02
2.526848114006357421e-02
2.524832159196676445e-02
2.522818724014735947e-02
2.520807804882659736e-02
2.518799398225126523e-02
2.516793500468861647e-02
2.514790108043655353e-02
2.512789217381345558e-02
2.510790824916325423e-02
2.508794927086055448e-02
2.506801520329531019e-02
2.504810601088814509e-02
2.502822165810057731e-02
2.500836210939413884e-02
2.498852732927636655e-02
2.496871728227524970e-02
2.494893193293923339e-02
2.492917124585766406e-02
2.490943518564032663e-02
2.488972371691747579e-02
2.487003680436535719e-02
2.485037441267558267e-02
2.483073650656531309e-02
2.481112305078237226e-02
2.479153401012062705e-02
2.477196934937903744e-02
2.475242903339745781e-02
2.473291302704645062e-02
2.471342129521699252e-02
2.469395380284099273e-02
2.467451051487589905e-02
2.465509139630984656e-02
2.463569641215654013e-02
2.461632552747569300e-02
2.459697870733723590e-02
2.457765591685202172e-02
2.455835712116666292e-02
2.453908228544824863e-02
2.451983137490476583e-02
2.450060435477997151e-02
2.448140119033298881e-02
2.446222184686893189e-02
2.444306628971849166e-02
2.442393448424814290e-02
2.440482639585503377e-02
2.438574198996699971e-02
2.436668123206299150e-02
2.434764408762196686e-02
2.432863052218423028e-02
2.430964050130031764e-02
2.429067399059234300e-02
2.427173095566707503e-02
2.425281136219264652e-02
2.423391517588319166e-02
2.421504236246307257e-02
2.419619288769245605e-02
2.417736671738261039e-02
2.415856381737039454e-02
2.413978415351820950e-02
2.412102769173959244e-02
2.410229439797875392e-02
2.408358423819524988e-02
2.406489717842020745e-02
2.404623318468986429e-02
2.402759222309670123e-02
2.400897425974343399e-02
2.399037926079922167e-02
2.397180719245369657e-02
2.395325802092204345e-02
2.393473171247057288e-02
2.391622823339627571e-02
2.389774755004215462e-02
2.387928962877678557e-02
2.386085443599940056e-02
2.384244193817059917e-02
2.382405210176632288e-02
2.380568489329317958e-02
2.378734027932935535e-02
2.376901822644281528e-02
2.375071870128844104e-02
2.373244167051599685e-02
2.371418710084171461e-02
2.369595495900739257e-02
2.367774521179061634e-02
2.365955782600986934e-02
2.364139276852454327e-02
2.362325000622469973e-02
2.360512950605152954e-02
2.358703123497179685e-02
2.356895515998803231e-02
2.355090124814880267e-02
2.353286946655379352e-02
2.351485978231802887e-02
2.349687216259743056e-02
2.347890657460928107e-02
2.346096298558108389e-02
2.344304136280680323e-02
2.342514167358552765e-02
2.340726388529302746e-02
2.338940796531529392e-02
2.337157388109457543e-02
2.335376160009866586e-02
2.333597108984649532e-02
2.331820231789277775e-02
2.330045525183314231e-02
2.328272985929387071e-02
2.326502610795239817e-02
2.324734396552192994e-02
2.322968339975146554e-02
2.321204437843602322e-02
2.319442686940129117e-02
2.317683084052920423e-02
2.315925625971702526e-02
2.314170309493360916e-02
2.312417131416313540e-02
2.310666088543580562e-02
2.308917177681761232e-02
2.307170395643077729e-02
2.305425739243843752e-02
2.303683205301394060e-02
2.301942790640222961e-02
2.300204492087379662e-02
2.298468306474515249e-02
2.296734230636860233e-02
2.295002261415779107e-02
2.293272395651615655e-02
2.291544630194938120e-02
2.289818961896825100e-02
2.288095387613980208e-02
2.286373904204641594e-02
2.284654508534714884e-02
2.282937197471128846e-02
2.281221967886948310e-02
2.279508816657793355e-02
2.277797740665419776e-02
2.276088736793628609e-02
2.274381801931844513e-02
2.272676932972559835e-02
2.270974126812357399e-02
2.269273380352932953e-02
2.267574690500071335e-02
2.265878054161092267e-02
2.264183468252517831e-02
2.262490929689336266e-02
2.260800435395739563e-02
2.259111982295918322e-02
2.257425567321222001e-02
2.255741187404022158e-02
2.254058839484870264e-02
2.252378520505341625e-02
2.250700227412123430e-02
2.249023957157015099e-02
2.247349706693861984e-02
2.245677472982644113e-02
2.244007252986409892e-02
2.242339043673319612e-02
2.240672842014601943e-02
2.239008644986597088e-02
2.237346449568714327e-02
2.235686252745474820e-02
2.234028051505489859e-02
2.232371842841461215e-02
2.230717623749158343e-02
2.229065391231508514e-02
2.227415142292460751e-02
2.225766873942099794e-02
2.224120583192557010e-02
2.222476267063118460e-02
2.220833922574095426e-02
2.219193546753978757e-02
2.217555136631258611e-02
2.215918689240560860e-02
2.214284201621624648e-02
2.212651670815210525e-02
2.211021093871283136e-02
2.209392467838783292e-02
2.207765789773811008e-02
2.206141056736555736e-02
2.204518265791296366e-02
2.202897414004358415e-02
2.201278498450246618e-02
2.199661516202443962e-02
2.198046464344657891e-02
2.196433339960596892e-02
2.194822140139080988e-02
2.193212861973021371e-02
2.191605502560441468e-02
2.190000059002432733e-02
2.188396528405199201e-02
2.186794907880057134e-02
2.185195194538323143e-02
2.183597385501539687e-02
2.182001477890226082e-02
2.180407468832059464e-02
2.178815355457785000e-02
2.177225134902237638e-02
2.175636804305365254e-02
2.174050360811205854e-02
2.172465801566865126e-02
2.170883123724561339e-02
2.169302324439580446e-02
2.167723400873343420e-02
2.166146350190339617e-02
2.164571169559148175e-02
2.162997856152437670e-02
2.161426407146967849e-02
2.159856819725633134e-02
2.158289091071327950e-02
2.156723218376150469e-02
2.155159198832197476e-02
2.153597029638724958e-02
2.152036707998055548e-02
2.150478231114557118e-02
2.148921596201800940e-02
2.147366800471312356e-02
2.145813841143820108e-02
2.144262715442098524e-02
2.142713420593011023e-02
2.141165953828534640e-02
2.139620312383713405e-02
2.138076493498704614e-02
2.136534494416732557e-02
2.134994312386135143e-02
2.133455944659339021e-02
2.131919388492862708e-02
2.130384641146291363e-02
2.128851699885345519e-02
2.127320561977790597e-02
2.125791224697527737e-02
2.124263685321525416e-02
2.122737941129820144e-02
2.121213989409605552e-02
2.119691827448075619e-02
2.118171452541627378e-02
2.116652861985635417e-02
2.115136053083653545e-02
2.113621023140260097e-02
2.112107769467189144e-02
2.110596289377198592e-02
2.109086580190203813e-02
2.107578639227143322e-02
2.106072463816111712e-02
2.104568051287250205e-02
2.103065398975812600e-02
2.101564504220119686e-02
2.100065364362582732e-02
2.098567976751748373e-02
2.097072338738208835e-02
2.095578447677667183e-02
2.094086300929919389e-02
2.092595895857826335e-02
2.091107229829363909e-02
2.089620300215573948e-02
2.088135104393634353e-02
2.086651639741745473e-02
2.085169903645265471e-02
2.083689893491597750e-02
2.082211606673257248e-02
2.080735040585828671e-02
2.079260192630007567e-02
2.077787060209557862e-02
2.076315640733356407e-02
2.074845931614370184e-02
2.073377930267610025e-02
2.071911634114223869e-02
2.070447040579448741e-02
2.068984147090567258e-02
2.067522951080996360e-02
2.066063449987221717e-02
2.064605641250841228e-02
2.063149522314475237e-02
2.061695090628925045e-02
2.060242343646013705e-02
2.058791278822677193e-02
2.057341893618919518e-02
2.055894185499856919e-02
2.054448151936741004e-02
2.053003790398778144e-02
2.051561098364378805e-02
2.050120073313996608e-02
2.048680712733199141e-02
2.047243014110621331e-02
2.045806974936942996e-02
2.044372592712047701e-02
2.042939864934794833e-02
2.041508789110180883e-02
2.040079362746267944e-02
2.038651583356233116e-02
2.037225448457342242e-02
2.035800955568906057e-02
2.034378102215348913e-02
2.032956885927229840e-02
2.031537304234085073e-02
2.030119354673632498e-02
2.028703034785633505e-02
2.027288342115985201e-02
2.025875274210585386e-02
2.024463828621466538e-02
2.023054002905773710e-02
2.021645794623720335e-02
2.020239201337563698e-02
2.018834220615697492e-02
2.017430850030605197e-02
2.016029087156815183e-02
2.014628929572945606e-02
2.013230374863751379e-02
2.011833420616031265e-02
2.010438064419651366e-02
2.009044303870613848e-02
2.007652136567988563e-02
2.006261560113912351e-02
2.004872572115635673e-02
2.003485170182452493e-02
2.002099351928771087e-02
2.000715114973089168e-02
1.999332456936972133e-02
1.997951375447098651e-02
1.996571868133214037e-02
1.995193932627109534e-02
1.993817566566711413e-02
1.992442767595057479e-02
1.991069533354165519e-02
1.989697861495253600e-02
1.988327749668519426e-02
1.986959195533361672e-02
1.985592196747135163e-02
1.984226750975374987e-02
1.982862855884637981e-02
1.981500509148639497e-02
1.980139708441095228e-02
1.978780451441854854e-02
1.977422735832813638e-02
1.976066559302003603e-02
1.974711919538476787e-02
1.973358814238445127e-02
1.972007241097096727e-02
1.970657197819845538e-02
1.969308682109038519e-02
1.967961691674179059e-02
1.966616224230906956e-02
1.965272277492816425e-02
1.963929849181682633e-02
1.962588937022346700e-02
1.961249538740674966e-02
1.959911652070711260e-02
1.958575274746501491e-02
1.957240404507203796e-02
1.955907039096065753e-02
1.954575176258380176e-02
1.953244813745576638e-02
1.951915949310104731e-02
1.950588580710551842e-02
1.949262705708570964e-02
1.947938322066839270e-02
1.946615427556212460e-02
1.945294019947548317e-02
1.943974097017838257e-02
1.942655656545096837e-02
1.941338696313473638e-02
1.940023214109164174e-02
1.938709207723475492e-02
1.937396674949760575e-02
1.936085613585461496e-02
1.934776021433134985e-02
1.933467896296358138e-02
1.932161235984845155e-02
1.930856038310353739e-02
1.929552301088732769e-02
1.928250022138898456e-02
1.926949199283857495e-02
1.925649830351728806e-02
1.924351913170631312e-02
1.923055445575842098e-02
1.921760425404683142e-02
1.920466850496521313e-02
1.919174718697881990e-02
1.917884027854267412e-02
1.916594775819360080e-02
1.915306960447864942e-02
1.914020579598578117e-02
1.912735631133362021e-02
1.911452112918170243e-02
1.910170022823045807e-02
1.908889358719054880e-02
1.907610118484421441e-02
1.906332299998391225e-02
1.905055901143278344e-02
1.903780919807531932e-02
1.902507353880623919e-02
1.901235201258160909e-02
1.899964459834727407e-02
1.898695127514110625e-02
1.897427202199075333e-02
1.896160681797498873e-02
1.894895564220326623e-02
1.893631847384638980e-02
1.892369529206493553e-02
1.891108607608083317e-02
1.889849080514669280e-02
1.888590945855601541e-02
1.887334201562277172e-02
1.886078845570181295e-02
1.884824875818890896e-02
1.883572290250026815e-02
1.882321086810323507e-02
1.881071263447537181e-02
1.879822818115560457e-02
1.878575748770329110e-02
1.877330053370849378e-02
1.876085729881236952e-02
1.874842776265609953e-02
1.873601190495243971e-02
1.872360970542435304e-02
1.871122114384595608e-02
1.869884620000157247e-02
1.868648485372665508e-02
1.867413708489756852e-02
1.866180287340089144e-02
1.864948219917433869e-02
1.863717504217606707e-02
1.862488138241536959e-02
1.861260119992198120e-02
1.860033447476654514e-02
1.858808118702992909e-02
1.857584131686457196e-02
1.856361484443315446e-02
1.855140174992900987e-02
1.853920201358640052e-02
1.852701561567023786e-02
1.851484253647612752e-02
1.850268275634056950e-02
1.849053625562051967e-02
1.847840301471383173e-02
1.846628301405926417e-02
1.845417623411602093e-02
1.844208265536376179e-02
1.843000225835372471e-02
1.841793502362691973e-02
1.840588093179592807e-02
1.839383996346312736e-02
1.838181209929222112e-02
1.836979731998783158e-02
1.835779560625457746e-02
1.834580693885842773e-02
1.833383129858580374e-02
1.832186866624357577e-02
1.830991902269997126e-02
1.829798234883343866e-02
1.828605862555309977e-02
1.827414783380899160e-02
1.826224995458181413e-02
1.825036496888294418e-02
1.823849285775443890e-02
1.822663360226903922e-02
1.821478718354037352e-02
1.820295358270252600e-02
1.819113278092026123e-02
1.817932475940946604e-02
1.816752949938603423e-02
1.815574698212720633e-02
1.814397718892044042e-02
1.813222010109412016e-02
1.812047570000727484e-02
1.810874396707009074e-02
1.809702488367227746e-02
1.808531843127514360e-02
1.807362459138088517e-02
1.806194334548147720e-02
1.805027467513025188e-02
1.803861856191120439e-02
1.802697498741857862e-02
1.801534393329771999e-02
1.800372538122466809e-02
1.799211931289590449e-02
1.798052571003858763e-02
1.796894455442078417e-02
1.795737582782077832e-02
1.794581951206798698e-02
1.793427558902249697e-02
1.792274404056485790e-02
1.791122484860627889e-02
1.789971799510910871e-02
1.788822346201524721e-02
1.787674123134838297e-02
1.786527128515267432e-02
1.785381360548248322e-02
1.784236817443309725e-02
1.783093497414068793e-02
1.781951398675165818e-02
1.780810519445331225e-02
1.779670857946363469e-02
1.778532412403127996e-02
1.777395181042535841e-02
1.776259162095587471e-02
1.775124353796352430e-02
1.773990754380943419e-02
1.772858362088542208e-02
1.771727175161397563e-02
1.770597191845849072e-02
1.769468410389258076e-02
1.768340829043075699e-02
1.767214446062845279e-02
1.766089259704108419e-02
1.764965268227519299e-02
1.763842469896800477e-02
1.762720862976696959e-02
1.761600445737066326e-02
1.760481216449811745e-02
1.759363173387857443e-02
1.758246314831287196e-02
1.757130639058138502e-02
1.756016144354630507e-02
1.754902829003912937e-02
1.753790691298339269e-02
1.752679729527195987e-02
1.751569941986927045e-02
1.750461326974998150e-02
1.749353882791943038e-02
1.748247607741363827e-02
1.747142500129929277e-02
1.746038558266353735e-02
1.744935780463441680e-02
1.743834165035019687e-02
1.742733710299005159e-02
1.741634414576383183e-02
1.740536276191205489e-02
1.739439293467524503e-02
1.738343464737573257e-02
1.737248788330517102e-02
1.736155262582678160e-02
1.735062885830379945e-02
1.733971656414035403e-02
1.732881572677124823e-02
1.731792632965174425e-02
1.730704835626777072e-02
1.729618179013594353e-02
1.728532661480354851e-02
1.727448281382809592e-02
1.726365037081822873e-02
1.725282926938257605e-02
1.724201949319114149e-02
1.723122102590368340e-02
1.722043385125155215e-02
1.720965795295585979e-02
1.719889331477863006e-02
1.718813992051256012e-02
1.717739775397080296e-02
1.716666679899716760e-02
1.715594703946617117e-02
1.714523845927275539e-02
1.713454104234254927e-02
1.712385477263185865e-02
1.711317963411743137e-02
1.710251561079648153e-02
1.709186268672756304e-02
1.708122084592833545e-02
1.707059007252892391e-02
1.705997035061857653e-02
1.704936166434787431e-02
1.703876399787762619e-02
1.702817733540954934e-02
1.701760166113512954e-02
1.700703695934811799e-02
1.699648321428089831e-02
1.698594041025788468e-02
1.697540853160350513e-02
1.696488756265240178e-02
1.695437748779034248e-02
1.694387829143377891e-02
1.693338995800938718e-02
1.692291247196428192e-02
1.691244581778649989e-02
1.690198997999473735e-02
1.689154494311792196e-02
1.688111069170543377e-02
1.687068721036799959e-02
1.686027448369590773e-02
1.684987249635101075e-02
1.684076074841753951e-02
1.683200326076998363e-02
1.682325290143180108e-02
1.681450966363887481e-02
1.680577354064752629e-02
1.679704452568342096e-02
1.678832261201310475e-02
1.677960779289291299e-02
1.677090006157406013e-02
1.676219941131799548e-02
1.675350583540149291e-02
1.674481932710133666e-02
1.673613987967897260e-02
1.672746748642139902e-02
1.671880214061051764e-02
1.671014383553844768e-02
1.670149256449219438e-02
1.669284832077921193e-02
1.668421109769162303e-02
1.667558088853176787e-02
1.666695768662244947e-02
1.665834148526089409e-02
1.664973227778012571e-02
1.664113005749271249e-02
1.663253481772656445e-02
1.662394655181470213e-02
1.661536525309526002e-02
1.660679091491148313e-02
1.659822353059127800e-02
1.658966309348812451e-02
1.658110959697082012e-02
1.657256303437750974e-02
1.656402339907699431e-02
1.655549068443298161e-02
1.654696488382449704e-02
1.653844599061013096e-02
1.652993399818425760e-02
1.652142889992590583e-02
1.651293068921412185e-02
1.650443935944838000e-02
1.649595490402817888e-02
1.648747731635299280e-02
1.647900658982742739e-02
1.647054271785608134e-02
1.646208569386911624e-02
1.645363551127113078e-02
1.644519216349740048e-02
1.643675564396275199e-02
1.642832594611268182e-02
1.641990306337735503e-02
1.641148698920227508e-02
1.640307771704316298e-02
1.639467524033018375e-02
1.638627955253440030e-02
1.637789064711665452e-02
1.636950851753778483e-02
1.636113315726374015e-02
1.635276455978092527e-02
1.634440271855528912e-02
1.633604762707835042e-02
1.632769927884162101e-02
1.631935766732639168e-02
1.631102278603440564e-02
1.630269462848273759e-02
1.629437318815779578e-02
1.628605845858176193e-02
1.627775043327683510e-02
1.626944910575497949e-02
1.626115446954350119e-02
1.625286651817481332e-02
1.624458524518644989e-02
1.623631064412104849e-02
1.622804270851102917e-02
1.621978143191948191e-02
1.621152680789416864e-02
1.620327882999817240e-02
1.619503749179970406e-02
1.618680278685674656e-02
1.617857470874772829e-02
1.617035325106130905e-02
1.616213840736569277e-02
1.615393017125975675e-02
1.614572853633216426e-02
1.613753349618179608e-02
1.612934504441264696e-02
1.612116317463382215e-02
1.611298788045443034e-02
1.610481915548869075e-02
1.609665699337128192e-02
1.608850138772152660e-02
1.608035233216898938e-02
1.607220982036368026e-02
1.606407384593004292e-02
1.605594440252319441e-02
1.604782148379826565e-02
1.603970508341037021e-02
1.603159519501974953e-02
1.602349181229174857e-02
1.601539492890194025e-02
1.600730453852589746e-02
1.599922063484430362e-02
1.599114321154296303e-02
1.598307226231789405e-02
1.597500778086000800e-02
1.596694976087555465e-02
1.595889819606567325e-02
1.595085308014683456e-02
1.594281440683039883e-02
1.593478216984818910e-02
1.592675636291666572e-02
1.591873697976253776e-02
1.591072401414318077e-02
1.590271745978529341e-02
1.589471731043602676e-02
1.588672355984253187e-02
1.587873620178263320e-02
1.587075522999326083e-02
1.586278063825223919e-02
1.585481242033739274e-02
1.584685057001121791e-02
1.583889508107198460e-02
1.583094594729752766e-02
1.582300316248100303e-02
1.581506672042069794e-02
1.580713661491999975e-02
1.579921283978740973e-02
1.579129538882632217e-02
1.578338425586568380e-02
1.577547943472423428e-02
1.576758091923092034e-02
1.575968870321981311e-02
1.575180278052497676e-02
1.574392314499070342e-02
1.573604979047151659e-02
1.572818271081169797e-02
1.572032189988111645e-02
1.571246735152916421e-02
1.570461905964615906e-02
1.569677701808150014e-02
1.568894122073060879e-02
1.568111166147356794e-02
1.567328833419556755e-02
1.566547123279714293e-02
1.565766035118393643e-02
1.564985568325137286e-02
1.564205722291531903e-02
1.563426496408142075e-02
1.562647890068088324e-02
1.561869902663980646e-02
1.561092533587405892e-02
1.560315782234552792e-02
1.559539647997519249e-02
1.558764130271982941e-02
1.557989228453109457e-02
1.557214941935553508e-02
1.556441270116015220e-02
1.555668212392727692e-02
1.554895768160857034e-02
1.554123936819147914e-02
1.553352717765834300e-02
1.552582110399661035e-02
1.551812114120394888e-02
1.551042728327803842e-02
1.550273952421143617e-02
1.549505785802738310e-02
1.548738227874400276e-02
1.547971278035896806e-02
1.547204935691596714e-02
1.546439200244846546e-02
1.545674071097458309e-02
1.544909547654312390e-02
1.544145629320800052e-02
1.543382315501290458e-02
1.542619605600663475e-02
1.541857499026866481e-02
1.541095995184780035e-02
1.540335093482351689e-02
1.539574793328551960e-02
1.538815094130305608e-02
1.538055995295560703e-02
1.537297496236354755e-02
1.536539596359613735e-02
1.535782295077374460e-02
1.535025591800653032e-02
1.534269485939442242e-02
1.533513976907824664e-02
1.532759064116815707e-02
1.532004746979476195e-02
1.531251024908866429e-02
1.530497897321114222e-02
1.529745363629280396e-02
1.528993423248470318e-02
1.528242075594811802e-02
1.527491320084433356e-02
1.526741156133462618e-02
1.525991583160073162e-02
1.525242600581415246e-02
1.524494207815662271e-02
1.523746404280986941e-02
1.522999189399653307e-02
1.522252562587789008e-02
1.521506523268679849e-02
1.520761070862544292e-02
1.520016204789600457e-02
1.519271924472111526e-02
1.518528229334386269e-02
1.517785118797665249e-02
1.517042592286256888e-02
1.516300649224469610e-02
1.515559289037634108e-02
1.514818511149036706e-02
1.514078314985030718e-02
1.513338699972992078e-02
1.512599665538252001e-02
1.511861211109208868e-02
1.511123336113238610e-02
1.510386039978739957e-02
1.509649322134111633e-02
1.508913182009797085e-02
1.508177619035217486e-02
1.507442632640816453e-02
1.506708222258060226e-02
1.505974387317392596e-02
1.505241127252324694e-02
1.504508441494322932e-02
1.503776329476898613e-02
1.503044790633562694e-02
1.502313824398849272e-02
1.501583430208314543e-02
1.500853607495470157e-02
1.500124355696894583e-02
1.499395674249167330e-02
1.498667562588866693e-02
1.497940020152572008e-02
1.497213046380952220e-02
1.496486640709563699e-02
1.495760802578053120e-02
1.495035531426066981e-02
1.494310826694274230e-02
1.493586687823343986e-02
1.492863114252923097e-02
1.492140105426748020e-02
1.491417660785488049e-02
1.490695779771857195e-02
1.489974461828569643e-02
1.489253706401407092e-02
1.488533512933083898e-02
1.487813880868359313e-02
1.487094809653015035e-02
1.486376298732833279e-02
1.485658347554618015e-02
1.484940955565173561e-02
1.484224122211304404e-02
1.483507846940837135e-02
1.482792129204667068e-02
1.482076968448575033e-02
1.481362364123456343e-02
1.480648315680205274e-02
1.479934822569715924e-02
1.479221884240838197e-02
1.478509500147534225e-02
1.477797669740698455e-02
1.477086392474293020e-02
1.476375667801257258e-02
1.475665495173508757e-02
1.474955874048076987e-02
1.474246803878924081e-02
1.473538284121035137e-02
1.472830314229394214e-02
1.472122893663076366e-02
1.471416021878089141e-02
1.470709698330439560e-02
1.470003922478180236e-02
1.469298693782430422e-02
1.468594011700220629e-02
1.467889875692670459e-02
1.467186285217832349e-02
1.466483239737848519e-02
1.465780738713839092e-02
1.465078781607946981e-02
1.464377367880268822e-02
1.463676496996015562e-02
1.462976168417328901e-02
1.462276381609419439e-02
1.461577136033406950e-02
1.460878431158591818e-02
1.460180266447116439e-02
1.459482641366236476e-02
1.458785555381161315e-02
1.458089007961191515e-02
1.457392998571537673e-02
1.456697526682522101e-02
1.456002591760377496e-02
1.455308193275426862e-02
1.454614330696970409e-02
1.453921003495330967e-02
1.453228211141853812e-02
1.452535953106862121e-02
1.451844228862723615e-02
1.451153037879761125e-02
1.450462379634432676e-02
1.449772253596038826e-02
1.449082659240014809e-02
1.448393596041796204e-02
1.447705063475795972e-02
1.447017061015404976e-02
1.446329588139125960e-02
1.445642644321372405e-02
1.444956229040646883e-02
1.444270341774430561e-02
1.443584981999181116e-02
1.442900149194424608e-02
1.442215842838663956e-02
1.441532062413469935e-02
1.440848807396323712e-02
1.440166077268795544e-02
1.439483871512456381e-02
1.438802189607854380e-02
1.438121031038605731e-02
1.437440395286281036e-02
1.436760281834496313e-02
1.436080690166867228e-02
1.435401619768032593e-02
1.434723070121607727e-02
1.434045040715299299e-02
1.433367531031700011e-02
1.432690540559539323e-02
1.432014068784477276e-02
1.431338115194220710e-02
1.430662679276475252e-02
1.429987760519970015e-02
1.429313358413432725e-02
1.428639472446615287e-02
1.427966102109268394e-02
1.427293246891143431e-02
1.426620906284036851e-02
1.425949079779744409e-02
1.425277766868017493e-02
1.424606967044742684e-02
1.423936679799670674e-02
1.423266904629710838e-02
1.422597641026659282e-02
1.421928888485379794e-02
1.421260646500736163e-02
1.420592914569637419e-02
1.419925692186947697e-02
1.419258978849575678e-02
1.418592774054430218e-02
1.417927077300465584e-02
1.417261888084590804e-02
1.416597205904736832e-02
1.415933030261903175e-02
1.415269360656066719e-02
1.414606196586180864e-02
1.413943537552222497e-02
1.413281383057235843e-02
1.412619732602220061e-02
1.411958585689196757e-02
1.411297941821210156e-02
1.410637800501304134e-02
1.409978161233546058e-02
1.409319023522002078e-02
1.408660386872784449e-02
1.408002250788937398e-02
1.407344614777594934e-02
1.406687478344868965e-02
1.406030840997894021e-02
1.405374702243804633e-02
1.404719061589734981e-02
1.404063918545886934e-02
1.403409272619395194e-02
1.402755123320461456e-02
1.402101470158265487e-02
1.401448312645053873e-02
1.400795650288984284e-02
1.400143482603325579e-02
1.399491809099302937e-02
1.398840629290185565e-02
1.398189942687198470e-02
1.397539748805655749e-02
1.396890047158827301e-02
1.396240837259983027e-02
1.395592118625459815e-02
1.394943890769550013e-02
1.394296153209613302e-02
1.393648905461987442e-02
1.393002147041986528e-02
1.392355877469015485e-02
1.391710096259412069e-02
1.391064802931558410e-02
1.390419997005881703e-02
1.389775678001786870e-02
1.389131845436633941e-02
1.388488498833918144e-02
1.387845637713043881e-02
1.387203261596483585e-02
1.386561370004665492e-02
1.385919962461083961e-02
1.385279038488211774e-02
1.384638597610566429e-02
1.383998639350620709e-02
1.383359163232891764e-02
1.382720168783942681e-02
1.382081655527268166e-02
1.381443622989431304e-02
1.380806070696994486e-02
1.380168998177543072e-02
1.379532404956617352e-02
1.378896290563847056e-02
1.378260654527840856e-02
1.377625496376183416e-02
1.376990815639527431e-02
1.376356611846481226e-02
1.375722884527696976e-02
1.375089633213828419e-02
1.374456857437572795e-02
1.373824556729583146e-02
1.373192730622557582e-02
1.372561378649193864e-02
1.371930500343212546e-02
1.371300095237311563e-02
1.370670162867256535e-02
1.370040702766767843e-02
1.369411714472633899e-02
1.368783197518574739e-02
1.368155151441378947e-02
1.367527575778856690e-02
1.366900470066774106e-02
1.366273833844986255e-02
1.365647666649259448e-02
1.365021968019448917e-02
1.364396737495410759e-02
1.363771974614955314e-02
1.363147678919983397e-02
1.362523849950350932e-02
1.361900487247959084e-02
1.361277590353685354e-02
1.360655158809431255e-02
1.360033192158119700e-02
1.359411689942674299e-02
1.358790651706018662e-02
1.358170076994143390e-02
1.357549965349971743e-02
1.356930316318472746e-02
1.356311129445636823e-02
1.355692404277455444e-02
1.355074140360941828e-02
1.354456337241064998e-02
1.353838994466882543e-02
1.353222111585408727e-02
1.352605688145702353e-02
1.351989723696821362e-02
1.351374217786802806e-02
1.350759169966749343e-02
1.350144579785720299e-02
1.349530446795841644e-02
1.348916770547194631e-02
1.348303550592928196e-02
1.347690786483123418e-02
1.347078477771951506e-02
1.346466624012561397e-02
1.345855224757079409e-02
1.345244279561721643e-02
1.344633787979637382e-02
1.344023749566020283e-02
1.343414163877086620e-02
1.342805030468030396e-02
1.342196348896090852e-02
1.341588118716461296e-02
1.340980339489449003e-02
1.340373010770247453e-02
1.339766132118140607e-02
1.339159703092413119e-02
1.338553723252348254e-02
1.337948192157230494e-02
1.337343109367366591e-02
1.336738474443062777e-02
1.336134286945648598e-02
1.335530546438497973e-02
1.334927252480894860e-02
1.334324404637236318e-02
1.333722002470896437e-02
1.333120045544226862e-02
1.332518533420602030e-02
1.331917465666463719e-02
1.331316841846208639e-02
1.330716661523210879e-02
1.330116924265957803e-02
1.329517629639868220e-02
1.328918777210361807e-02
1.328320366546948197e-02
1.327722397216068474e-02
1.327124868785187900e-02
1.326527780824838035e-02
1.325931132902483447e-02
1.325334924587633599e-02
1.324739155452865635e-02
1.324143825064620986e-02
1.323548932997522555e-02
1.322954478821079631e-02
1.322360462106846567e-02
1.321766882428422954e-02
1.321173739357363666e-02
1.320581032468290568e-02
1.319988761332758533e-02
1.319396925527434837e-02
1.318805524625918900e-02
1.318214558202833106e-02
1.317624025833822113e-02
1.317033927095553197e-02
1.316444261563671538e-02
1.315855028815866162e-02
1.315266228428804869e-02
1.314677859981200174e-02
1.314089923049718833e-02
1.313502417214096156e-02
1.312915342053044311e-02
1.312328697148343673e-02
1.311742482077683791e-02
1.311156696421821727e-02
1.310571339762538201e-02
1.309986411680590275e-02
1.309401911758780769e-02
1.308817839578889017e-02
1.308234194723718359e-02
1.307650976775048303e-02
1.307068185319771800e-02
1.306485819940691497e-02
1.305903880220609693e-02
1.305322365747441614e-02
1.304741276103989732e-02
1.304160610878169618e-02
1.303580369655851431e-02
1.303000552023927602e-02
1.302421157568268463e-02
1.301842185878834303e-02
1.301263636542518073e-02
1.300685509148257271e-02
1.300107803284989913e-02
1.299530518541653322e-02
1.298953654510253547e-02
1.298377210778705639e-02
1.297801186940037571e-02
1.297225582583186668e-02
1.296650397302204390e-02
1.296075630688072779e-02
1.295501282332797710e-02
1.294927351830429604e-02
1.294353838775019055e-02
1.293780742759593518e-02
1.293208063378204278e-02
1.292635800226946304e-02
1.292063952899870534e-02
1.291492520992049836e-02
1.290921504101624935e-02
1.290350901823668871e-02
1.289780713756322368e-02
1.289210939496703359e-02
1.288641578641930296e-02
1.288072630792188797e-02
1.287504095542551900e-02
1.286935972497295529e-02
1.286368261251492721e-02
1.285800961407374855e-02
1.285234072566149299e-02
1.284667594326980092e-02
1.284101526291074775e-02
1.283535868062710313e-02
1.282970619242071453e-02
1.282405779432412365e-02
1.281841348236985832e-02
1.281277325258023229e-02
1.280713710102867817e-02
1.280150502371705558e-02
1.279587701671879886e-02
1.279025307608689342e-02
1.278463319786409501e-02
1.277901737812384662e-02
1.277340561293957913e-02
1.276779789835405000e-02
1.276219423046115291e-02
1.275659460532409251e-02
1.275099901904698171e-02
1.274540746770325660e-02
1.273981994738680387e-02
1.273423645419150853e-02
1.272865698422148695e-02
1.272308153358084511e-02
1.271751009836347666e-02
1.271194267470416271e-02
1.270637925869679344e-02
1.270081984647615687e-02
1.269526443416681485e-02
1.268971301789333442e-02
1.268416559380072112e-02
1.267862215801354719e-02
1.267308270667681820e-02
1.266754723593555183e-02
1.266201574194498677e-02
1.265648822085013725e-02
1.265096466883691533e-02
1.264544508202989151e-02
1.263992945661497266e-02
1.263441778877807779e-02
1.262891007466422286e-02
1.262340631047977058e-02
1.261790649239018583e-02
1.261241061660183654e-02
1.260691867929041206e-02
1.260143067665205237e-02
1.259594660490334986e-02
1.259046646023022006e-02
1.258499023885947983e-02
1.257951793698727089e-02
1.257404955085063454e-02
1.256858507664571252e-02
1.256312451061977233e-02
1.255766784898940634e-02
1.255221508800188034e-02
1.254676622387379016e-02
1.254132125286262431e-02
1.253588017121565201e-02
1.253044297516991978e-02
1.252500966099314057e-02
1.251958022494281328e-02
1.251415466326620367e-02
1.250873297225148055e-02
1.250331514814591143e-02
1.249790118724789303e-02
1.249249108582514180e-02
1.248708484015560553e-02
1.248168244652745479e-02
1.247628390124930556e-02
1.247088920058887600e-02
1.246549834086501697e-02
1.246011131836589556e-02
1.245472812942058360e-02
1.244934877031724819e-02
1.244397323738496638e-02
1.243860152693235591e-02
1.243323363529870960e-02
1.242786955879265562e-02
1.242250929376370952e-02
1.241715283653072217e-02
1.241180018344321262e-02
1.240645133084047717e-02
1.240110627508226801e-02
1.239576501249765178e-02
1.239042753945660165e-02
1.238509385231886979e-02
1.237976394745442417e-02
1.237443782121279076e-02
1.236911546997416719e-02
1.236379689010852490e-02
1.235848207800628769e-02
1.235317103004765840e-02
1.234786374261283119e-02
1.234256021210245607e-02
1.233726043490696034e-02
1.233196440742699053e-02
1.232667212606319493e-02
1.232138358721622355e-02
1.231609878730717880e-02
1.231081772275715962e-02
1.230554038996681428e-02
1.230026678537769584e-02
1.229499690540067705e-02
1.228973074647731097e-02
1.228446830503892445e-02
1.227920957751683743e-02
1.227395456037305883e-02
1.226870325002868412e-02
1.226345564294571699e-02
1.225821173558615945e-02
1.225297152440178727e-02
1.224773500585460417e-02
1.224250217639638420e-02
1.223727303251980966e-02
1.223204757068687559e-02
1.222682578738004157e-02
1.222160767907153056e-02
1.221639324225402487e-02
1.221118247342019986e-02
1.220597536905250816e-02
1.220077192565385306e-02
1.219557213971691513e-02
1.219037600776505005e-02
1.218518352628070525e-02
1.217999469180769054e-02
1.217480950082845681e-02
1.216962794988681040e-02
1.216445003548565287e-02
1.215927575417902022e-02
1.215410510248003673e-02
1.214893807692228253e-02
1.214377467404956397e-02
1.213861489040568738e-02
1.213345872254468355e-02
1.212830616700013089e-02
1.212315722033628640e-02
1.211801187910718086e-02
1.211287013986684508e-02
1.210773199921021115e-02
1.210259745367086096e-02
1.209746649984372487e-02
1.209233913430328607e-02
1.208721535361379981e-02
1.208209515438042267e-02
1.207697853317763956e-02
1.207186548661060704e-02
1.206675601125380484e-02
1.206165010372261745e-02
1.205654776062220490e-02
1.205144897854749757e-02
1.204635375411387994e-02
1.204126208394695925e-02
1.203617396464166933e-02
1.203108939283384707e-02
1.202600836514909448e-02
1.202093087821302572e-02
1.201585692865124802e-02
1.201078651312004718e-02
1.200571962824502868e-02
1.200065627067225735e-02
1.199559643704778931e-02
1.199054012402791212e-02
1.198548732825868192e-02
1.198043804641683863e-02
1.197539227514844012e-02
1.197035001110977048e-02
1.196531125099801682e-02
1.196027599146946493e-02
1.195524422921107749e-02
1.195021596088936301e-02
1.194519118318105796e-02
1.194016989281402458e-02
1.193515208644455039e-02
1.193013776078004524e-02
1.192512691250747180e-02
1.192011953834446608e-02
1.191511563498821695e-02
1.191011519916658663e-02
1.190511822755631159e-02
1.190012471691593091e-02
1.189513466393240376e-02
1.189014806534382206e-02
1.188516491787804628e-02
1.188018521827316834e-02
1.187520896325704699e-02
1.187023614955754792e-02
1.186526677393321023e-02
1.186030083312212061e-02
1.185533832387259713e-02
1.185037924294317542e-02
1.184542358708217009e-02
1.184047135305834643e-02
1.183552253764046970e-02
1.183057713757685453e-02
1.182563514964648892e-02
1.182069657062836260e-02
1.181576139729124432e-02
1.181082962642434654e-02
1.180590125481688520e-02
1.180097627924785175e-02
1.179605469651668487e-02
1.179113650340237775e-02
1.178622169672482144e-02
1.178131027327323013e-02
1.177640222985727216e-02
1.177149756328661236e-02
1.176659627037091906e-02
1.176169834794030776e-02
1.175680379280444679e-02
1.175191260178322546e-02
1.174702477170676447e-02
1.174214029940517934e-02
1.173725918171881176e-02
1.173238141548800864e-02
1.172750699754288202e-02
1.172263592471355260e-02
1.171776819388126341e-02
1.171290380188635960e-02
1.170804274555895495e-02
1.170318502180074660e-02
1.169833062743162733e-02
1.169347955934306633e-02
1.168863181439585772e-02
1.168378738946102002e-02
1.167894628143002246e-02
1.167410848714320847e-02
1.166927400352272583e-02
1.166444282743958963e-02
1.165961495577504982e-02
1.165479038543079660e-02
1.164996911329830263e-02
1.164515113628948779e-02
1.164033645129582302e-02
1.163552505521900371e-02
1.163071694498117419e-02
1.162591211748403158e-02
1.162111056964972196e-02
1.161658318281751784e-02
1.161242018160749817e-02
1.160825953355474303e-02
1.160410123703852284e-02
1.159994529044833071e-02
1.159579169216854930e-02
1.159164044058356297e-02
1.158749153407775262e-02
1.158334497105084106e-02
1.157920074988720745e-02
1.157505886897123443e-02
1.157091932669753083e-02
1.156678212145559326e-02
1.156264725164513930e-02
1.155851471565566557e-02
1.155438451188178263e-02
1.155025663872831856e-02
1.154613109457454552e-02
1.154200787783041075e-02
1.153788698689051963e-02
1.153376842015459321e-02
1.152965217602235429e-02
1.152553825289352046e-02
1.152142664917292850e-02
1.151731736326540821e-02
1.151321039356556844e-02
1.150910573848846694e-02
1.150500339643894046e-02
1.150090336581159264e-02
1.149680564503171090e-02
1.149271023249390060e-02
1.148861712661322122e-02
1.148452632579450607e-02
1.148043782845792685e-02
1.147635163300831859e-02
1.147226773786584782e-02
1.146818614143535302e-02
1.146410684214211467e-02
1.146002983838585558e-02
1.145595512859697018e-02
1.145188271119051797e-02
1.144781258458667413e-02
1.144374474719537897e-02
1.143967919744703389e-02
1.143561593376180713e-02
1.143155495455987040e-02
1.142749625826139544e-02
1.142343984328655568e-02
1.141938570807085780e-02
1.141533385103958749e-02
1.141128427061291646e-02
1.140723696522124089e-02
1.140319193329495696e-02
1.139914917325934862e-02
1.139510868355503997e-02
1.139107046259708877e-02
1.138703450882611740e-02
1.138300082068785871e-02
1.137896939659226343e-02
1.137494023500039940e-02
1.137091333432732783e-02
1.136688869301367109e-02
1.136286630950516380e-02
1.135884618223731608e-02
1.135482830965074859e-02
1.135081269018608542e-02
1.134679932227883499e-02
1.134278820438495809e-02
1.133877933493485091e-02
1.133477271237936200e-02
1.133076833515911548e-02
1.132676620173006694e-02
1.132276631053284049e-02
1.131876866001317421e-02
1.131477324862191318e-02
1.131078007480990424e-02
1.130678913703310993e-02
1.130280043373726312e-02
1.129881396337832460e-02
1.129482972440714467e-02
1.129084771528479289e-02
1.128686793445700561e-02
1.128289038038996980e-02
1.127891505153453058e-02
1.127494194635687667e-02
1.127097106330274268e-02
1.126700240085364881e-02
1.126303595745022264e-02
1.125907173156887216e-02
1.125510972166044420e-02
1.125114992620135368e-02
1.124719234365778239e-02
1.124323697248569461e-02
1.123928381115127384e-02
1.123533285812070535e-02
1.123138411188062680e-02
1.122743757088699897e-02
1.122349323361623158e-02
1.121955109853451336e-02
1.121561116411825230e-02
1.121167342884386159e-02
1.120773789117752647e-02
1.120380454960588287e-02
1.119987340259511778e-02
1.119594444862164265e-02
1.119201768617209339e-02
1.118809311373310592e-02
1.118417072976064103e-02
1.118025053276178876e-02
1.117633252119250818e-02
1.117241669355988412e-02
1.116850304834032977e-02
1.116459158401025657e-02
1.116068229906652838e-02
1.115677519198555318e-02
1.115287026127441926e-02
1.114896750539931536e-02
1.114506692285710011e-02
1.114116851214463563e-02
1.113727227175878576e-02
1.113337820017596194e-02
1.112948629590325075e-02
1.112559655741706365e-02
1.112170898323471512e-02
1.111782357184283761e-02
1.111394032173829670e-02
1.111005923142818069e-02
1.110618029939912377e-02
1.110230352414798630e-02
1.109842890419208625e-02
1.109455643801805953e-02
1.109068612414321545e-02
1.108681796106441957e-02
1.108295194728875846e-02
1.107908808132331696e-02
1.107522636166496065e-02
1.107136678684122674e-02
1.106750935533875289e-02
1.106365406568507459e-02
1.105980091637705741e-02
1.105594990594223857e-02
1.105210103287747846e-02
1.104825429570009156e-02
1.104440969293761683e-02
1.104056722307668846e-02
1.103672688467552399e-02
1.103288867622075932e-02
1.102905259622970549e-02
1.102521864324012939e-02
1.102138681575911758e-02
1.101755711231420555e-02
1.101372953142271127e-02
1.100990407162239296e-02
1.100608073141011792e-02
1.100225950933387230e-02
1.099844040391097059e-02
1.099462341366895003e-02
1.099080853713534957e-02
1.098699577284793089e-02
1.098318511932401195e-02
1.097937657510135272e-02
1.097557013870749040e-02
1.097176580868019363e-02
1.096796358354699616e-02
1.096416346184566487e-02
1.096036544211396145e-02
1.095656952288965105e-02
1.095277570271049709e-02
1.094898398010403680e-02
1.094519435362848771e-02
1.094140682180116085e-02
1.093762138318027030e-02
1.093383803631380567e-02
1.093005677971908146e-02
1.092627761196453620e-02
1.092250053159815951e-02
1.091872553713726414e-02
1.091495262716051656e-02
1.091118180019545400e-02
1.090741305480029226e-02
1.090364638952301922e-02
1.089988180291162449e-02
1.089611929352432389e-02
1.089235885991933148e-02
1.088860050062418448e-02
1.088484421422777383e-02
1.088108999925764195e-02
1.087733785429244836e-02
1.087358777786996342e-02
1.086983976856884491e-02
1.086609382493708940e-02
1.086234994553290749e-02
1.085860812892473944e-02
1.085486837368102725e-02
1.085113067833953261e-02
1.084739504148914818e-02
1.084366146168808630e-02
1.083992993750479070e-02
1.083620046749747372e-02
1.083247305024480009e-02
1.082874768431521181e-02
1.082502436827714916e-02
1.082130310069904892e-02
1.081758388014935485e-02
1.081386670521695612e-02
1.081015157446006854e-02
1.080643848645735684e-02
1.080272743977725956e-02
1.079901843301889729e-02
1.079531146473025616e-02
1.079160653352067775e-02
1.078790363795860234e-02
1.078420277661247192e-02
1.078050394808140015e-02
1.077680715093383076e-02
1.077311238375865121e-02
1.076941964514475415e-02
1.076572893368102878e-02
1.076204024793591882e-02
1.075835358651876239e-02
1.075466894799800149e-02
1.075098633097275325e-02
1.074730573404212956e-02
1.074362715578480211e-02
1.073995059478965834e-02
1.073627604966603984e-02
1.073260351899261306e-02
1.072893300136849512e-02
1.072526449539280315e-02
1.072159799966464905e-02
1.071793351277292722e-02
1.071427103332698097e-02
1.071061055991569776e-02
1.070695209115864709e-02
1.070329562563449195e-02
1.069964116196280186e-02
1.069598869873246774e-02
1.069233823457328182e-02
1.068868976805368437e-02
1.068504329781369208e-02
1.068139882244219935e-02
1.067775634055877047e-02
1.067411585076252084e-02
1.067047735167301996e-02
1.066684084188938494e-02
1.066320632004140456e-02
1.065957378472820113e-02
1.065594323456933723e-02
1.065231466818437889e-02
1.064868808418267289e-02
1.064506348117355734e-02
1.064144085778682795e-02
1.063782021264204902e-02
1.063420154435878832e-02
1.063058485155661537e-02
1.062697013284486826e-02
1.062335738686356890e-02
1.061974661224250605e-02
1.061613780758080029e-02
1.061253097151846660e-02
1.060892610267507273e-02
1.060532319969063886e-02
1.060172226118473102e-02
1.059812328579736417e-02
1.059452627214810955e-02
1.059093121886675939e-02
1.058733812458310594e-02
1.058374698794739034e-02
1.058015780757918384e-02
1.057657058211850139e-02
1.057298531020536142e-02
1.056940199046955964e-02
1.056582062154088480e-02
1.056224120207980774e-02
1.055866373071612241e-02
1.055508820608984377e-02
1.055151462684099026e-02
1.054794299161980822e-02
1.054437329905608990e-02
1.054080554781030264e-02
1.053723973651223868e-02
1.053367586382236709e-02
1.053011392838070805e-02
1.052655392883750443e-02
1.052299586384299740e-02
1.051943973204743331e-02
1.051588553210105505e-02
1.051233326265410550e-02
1.050878292236705203e-02
1.050523450989014097e-02
1.050168802386338904e-02
1.049814346297794215e-02
1.049460082585336809e-02
1.049106011117058486e-02
1.048752131757983534e-02
1.048398444374159209e-02
1.048044948831632073e-02
1.047691644997471826e-02
1.047338532736702583e-02
1.046985611916393874e-02
1.046632882401570160e-02
1.046280344061345687e-02
1.045927996759722471e-02
1.045575840365815107e-02
1.045223874744647882e-02
1.044872099764312598e-02
1.044520515290856336e-02
1.044169121192371069e-02
1.043817917334903533e-02
1.043466903586545876e-02
1.043116079815390070e-02
1.042765445887483197e-02
1.042415001670916712e-02
1.042064747032760315e-02
1.041714681842128773e-02
1.041364805966091267e-02
1.041015119272739597e-02
1.040665621630166258e-02
1.040316312906462877e-02
1.039967192969721427e-02
1.039618261688034055e-02
1.039269518931537628e-02
1.038920964566279227e-02
1.038572598462395892e-02
1.038224420487979596e-02
1.037876430512144586e-02
1.037528628404005802e-02
1.037181014031655045e-02
1.036833587265229180e-02
1.036486347972820701e-02
1.036139296025588574e-02
1.035792431290602847e-02
1.035445753638000038e-02
1.035099262937917708e-02
1.034752959060492548e-02
1.034406841873816707e-02
1.034060911249049843e-02
1.033715167055306201e-02
1.033369609163745963e-02
1.033024237442460407e-02
1.032679051764654604e-02
1.032334051997398083e-02
1.031989238012872775e-02
1.031644609681216067e-02
1.031300166872564476e-02
1.030955909459100629e-02
1.030611837309938772e-02
1.030267950296238737e-02
1.029924248289160009e-02
1.029580731160884693e-02
1.029237398779504938e-02
1.028894251019247738e-02
1.028551287750250481e-02
1.028208508844694925e-02
1.027865914172718630e-02
1.027523503607525798e-02
1.027181277018231198e-02
1.026839234279061999e-02
1.026497375261177861e-02
1.026155699836760887e-02
1.025814207876970911e-02
1.025472899255012310e-02
1.025131773843067362e-02
1.024790831512295552e-02
1.024450072135901779e-02
1.024109495587090593e-02
1.023769101738044272e-02
1.023428890459922302e-02
1.023088861627974820e-02
1.022749015113360790e-02
1.022409350790307904e-02
1.022069868529975646e-02
1.021730568207613807e-02
1.021391449695404664e-02
1.021052512866552596e-02
1.020713757596307565e-02
1.020375183755829404e-02
1.020036791219344936e-02
1.019698579861081679e-02
1.019360549555266802e-02
1.019022700174082412e-02
1.018685031593800916e-02
1.018347543685581801e-02
1.018010236327742540e-02
1.017673109390420348e-02
1.017336162750909906e-02
1.016999396282415764e-02
1.016662809858142995e-02
1.016326403355386279e-02
1.015990176647350168e-02
1.015654129609284625e-02
1.015318262115416821e-02
1.014982574042019338e-02
1.014647065263318826e-02
1.014311735653543149e-02
1.013976585089986643e-02
1.013641613446876998e-02
1.013306820599463656e-02
1.012972206424019202e-02
1.012637770795793250e-02
1.012303513590035592e-02
1.011969434684041082e-02
1.011635533952036890e-02
1.011301811270295774e-02
1.010968266516112067e-02
1.010634899564735560e-02
1.010301710293461629e-02
1.009968698576517096e-02
1.009635864292219437e-02
1.009303207315818442e-02
1.008970727525631585e-02
1.008638424796908656e-02
1.008306299007966957e-02
1.007974350034056277e-02
1.007642577752471472e-02
1.007310982041530190e-02
1.006979562776481874e-02
1.006648319835644172e-02
1.006317253097334385e-02
1.005986362437824751e-02
1.005655647734410296e-02
1.005325108865408323e-02
1.004994745709136481e-02
1.004664558141866657e-02
1.004334546042939119e-02
1.004004709288626104e-02
1.003675047758267706e-02
1.003345561330181053e-02
1.003016249882683793e-02
1.002687113293070607e-02
1.002358151440681418e-02
1.002029364203834046e-02
1.001700751460845445e-02
1.001372313090033266e-02
1.001044048971759873e-02
1.000715958983320122e-02
1.000388043005076728e-02
1.000060300915346818e-02
9.997327325924478675e-03
9.994053379167425893e-03
9.990781167675707314e-03
9.987510690252946605e-03
9.984241945661871329e-03
9.980974932736778535e-03
9.977709650240392317e-03
9.974446096996790467e-03
9.971184271789144266e-03
9.967924173431305310e-03
9.964665800706450083e-03
9.961409152428424979e-03
9.958154227400857136e-03
9.954901024417145763e-03
9.951649542280916264e-03
9.948399779806016766e-03
9.945151735796076142e-03
9.941905409054714593e-03
9.938660798395787185e-03
9.935417902612689658e-03
9.932176720539726000e-03
9.928937250960067490e-03
9.925699492697791920e-03
9.922463444566749155e-03
9.919229105380790792e-03
9.915996473953764961e-03
9.912765549089298800e-03
9.909536329621692827e-03
9.906308814344344515e-03
9.903083002091557854e-03
9.899858891666954777e-03
9.896636481915065467e-03
9.893415771629285663e-03
9.890196759643921087e-03
9.886979444783046064e-03
9.883763825860506988e-03
9.880549901700383386e-03
9.877337671136977512e-03
9.874127132984137495e-03
9.870918286076163853e-03
9.867711129226909919e-03
9.864505661280898938e-03
9.861301881062210437e-03
9.858099787394915270e-03
9.854899379113319161e-03
9.851700655041498167e-03
9.848503614023973798e-03
9.845308254884825583e-03
9.842114576468581968e-03
9.838922577599315544e-03
9.835732257111326829e-03
9.832543613849146005e-03
9.829356646647071857e-03
9.826171354349631099e-03
9.822987735780899787e-03
9.819805789795632567e-03
9.816625515228126486e-03
9.813446910922908259e-03
9.810269975724509803e-03
9.807094708467226432e-03
9.803921107995588330e-03
9.800749173164346670e-03
9.797578902818026431e-03
9.794410295801156061e-03
9.791243350968488468e-03
9.788078067164550367e-03
9.784914443223638805e-03
9.781752478010734622e-03
9.778592170380590726e-03
9.775433519177732095e-03
9.772276523267136097e-03
9.769121181483104988e-03
9.765967492690617868e-03
9.762815455754646904e-03
9.759665069519724012e-03
9.756516332830372437e-03
9.753369244582248132e-03
9.750223803599427155e-03
9.747080008767335796e-03
9.743937858930504237e-03
9.740797352953904642e-03
9.737658489692293390e-03
9.734521268031095034e-03
9.731385686814841493e-03
9.728251744918731125e-03
9.725119441197518574e-03
9.721988774526405669e-03
9.718859743780595972e-03
9.715732347814840658e-03
9.712606585504345025e-03
9.709482455724307431e-03
9.706359957329484256e-03
9.703239089215527982e-03
9.700119850237189784e-03
9.697002239269671489e-03
9.693886255188180132e-03
9.690771896878142000e-03
9.687659163204534463e-03
9.684548053052783809e-03
9.681438565287870876e-03
9.678330698805448148e-03
9.675224452470492995e-03
9.672119825178659633e-03
9.669016815794925432e-03
9.665915423204716680e-03
9.662815646303689332e-03
9.659717483967046950e-03
9.656620935069991363e-03
9.653525998518402984e-03
9.650432673177255713e-03
9.647340957952433432e-03
9.644250851719136236e-03
9.641162353362793883e-03
9.638075461789285051e-03
9.634990175884037764e-03
9.631906494532480045e-03
9.628824416620041654e-03
9.625743941062825729e-03
9.622665066736035833e-03
9.619587792535326184e-03
9.616512117366575463e-03
9.613438040115211691e-03
9.610365559676890823e-03
9.607294674967714262e-03
9.604225384873111768e-03
9.601157688288739292e-03
9.598091584130698239e-03
9.595027071284418368e-03
9.591964148655778358e-03
9.588902815150656886e-03
9.585843069674936101e-03
9.582784911134492947e-03
9.579728338435206103e-03
9.576673350472731522e-03
9.573619946163170608e-03
9.570568124422631703e-03
9.567517884136541098e-03
9.564469224241454320e-03
9.561422143622799394e-03
9.558376641206907387e-03
9.555332715909883173e-03
9.552290366637605432e-03
9.549249592306177301e-03
9.546210391821480928e-03
9.543172764109843914e-03
9.540136708077146671e-03
9.537102222659942993e-03
9.534069306753890569e-03
9.531037959295541456e-03
9.528008179190777804e-03
9.524979965376149937e-03
9.521953316747317278e-03
9.518928232261282540e-03
9.515904710803475483e-03
9.512882751330902290e-03
9.509862352739218913e-03
9.506843513975201873e-03
9.503826233954959513e-03
9.500810511615043891e-03
9.497796345871563350e-03
9.494783735661071686e-03
9.491772679909898230e-03
9.488763177544375788e-03
9.485755227490830221e-03
9.482748828706272920e-03
9.479743980106803553e-03
9.476740680618754922e-03
9.473738929188907018e-03
9.470738724743590908e-03
9.467740066229588317e-03
9.464742952573226842e-03
9.461747382711060278e-03
9.458753355589875553e-03
9.455760870156450920e-03
9.452769925337113979e-03
9.449780520068423728e-03
9.446792653297158421e-03
9.443806323970101516e-03
9.440821531034033001e-03
9.437838273425506672e-03
9.434856550081079790e-03
9.431876359967983001e-03
9.428897702022773566e-03
9.425920575192229742e-03
9.422944978423134985e-03
9.419970910662269284e-03
9.416998370856414363e-03
9.414027357962574671e-03
9.411057870937756392e-03
9.408089908738969179e-03
9.405123470292540630e-03
9.402158554565704859e-03
9.399195160525689041e-03
9.396233287109053908e-03
9.393272933283026635e-03
9.390314098014841335e-03
9.387356780230827341e-03
9.384400978918671157e-03
9.381446693014921373e-03
9.378493921497040031e-03
9.375542663332257776e-03
9.372592917457130135e-03
9.369644682849113948e-03
9.366697958475441593e-03
9.363752743293119254e-03
9.360809036279603770e-03
9.357866836371450669e-03
9.354926142566569180e-03
9.351986953811737557e-03
9.349049269084414374e-03
9.346113087351833743e-03
9.343178407591450768e-03
9.340245228760269899e-03
9.337313549835751444e-03
9.334383369785126047e-03
9.331454687596076741e-03
9.328527502225611445e-03
9.325601812651181793e-03
9.322677617860476024e-03
9.319754916810498585e-03
9.316833708488932511e-03
9.313913991873234641e-03
9.310995765940860078e-03
9.308079029679495325e-03
9.305163782046146567e-03
9.302250022048944023e-03
9.299337748644895610e-03
9.296426960831908823e-03
9.293517657587442235e-03
9.290609837899178880e-03
9.287703500744573862e-03
9.284798645121536409e-03
9.281895269997297165e-03
9.278993374379993289e-03
9.276092957236853689e-03
9.273194017576010320e-03
9.270296554364697295e-03
9.267400566621272762e-03
9.264506053312969100e-03
9.261613013447919998e-03
9.258721445993354365e-03
9.255831349967635555e-03
9.252942724358444865e-03
9.250055568153461860e-03
9.247169880360823699e-03
9.244285659957987220e-03
9.241402905963308836e-03
9.238521617354248858e-03
9.235641793149163697e-03
9.232763432325511929e-03
9.229886533901651702e-03
9.227011096875492244e-03
9.224137120244939314e-03
9.221264603007903876e-03
9.218393544172517884e-03
9.215523942746915026e-03
9.212655797729001061e-03
9.209789108126914883e-03
9.206923872948784976e-03
9.204060091202748498e-03
9.201197761896935667e-03
9.198336884019031254e-03
9.195477456618070256e-03
9.192619478671509511e-03
9.189762949197707170e-03
9.186907867215023116e-03
9.184054231731591036e-03
9.181202041755544621e-03
9.178351296315466479e-03
9.175501994409265838e-03
9.172654135065528777e-03
9.169807717292385515e-03
9.166962740108195937e-03
9.164119202531321659e-03
9.161277103580117362e-03
9.158436442283170859e-03
9.155597217638387908e-03
9.152759428694805244e-03
9.149923074450330360e-03
9.147088153933549334e-03
9.144254666173043042e-03
9.141422610187173101e-03
9.138591984994295925e-03
9.135762789643449983e-03
9.132935023132542768e-03
9.130108684510605810e-03
9.127283772796000727e-03
9.124460287007087403e-03
9.121638226182674641e-03
9.118817589361571246e-03
9.115998375551914376e-03
9.113180583802735560e-03
9.110364213142617407e-03
9.107549262600149464e-03
9.104735731203912608e-03
9.101923618013168030e-03
9.099112922036051154e-03
9.096303642311369050e-03
9.093495777888156717e-03
9.090689327805228162e-03
9.087884291080938065e-03
9.085080666764323160e-03
9.082278453904420179e-03
9.079477651529809998e-03
9.076678258679303155e-03
9.073880274401938117e-03
9.071083697736521956e-03
9.068288527742315863e-03
9.065494763427451794e-03
9.062702403871645065e-03
9.059911448103476553e-03
9.057121895171982989e-03
9.054333744115973179e-03
9.051546994004934510e-03
9.048761643867451326e-03
9.045977692752556892e-03
9.043195139719512401e-03
9.040413983817354587e-03
9.037634224105344644e-03
9.034855859612065179e-03
9.032078889407001848e-03
9.029303312539189649e-03
9.026529128057667051e-03
9.023756335031914502e-03
9.020984932510972207e-03
9.018214919543875163e-03
9.015446295200107291e-03
9.012679058528703588e-03
9.009913208588925249e-03
9.007148744440035201e-03
9.004385665141291170e-03
9.001623969762180544e-03
8.998863657351738321e-03
8.996104726989674616e-03
8.993347177714799967e-03
8.990591008606827958e-03
8.987836218725016313e-03
8.985082807138854155e-03
8.982330772917823669e-03
8.979580115110963323e-03
8.976830832808209426e-03
8.974082925058595242e-03
8.971336390931609894e-03
8.968591229517187957e-03
8.965847439864364429e-03
8.963105021052852894e-03
8.960363972152137271e-03
8.957624292231704949e-03
8.954885980381492236e-03
8.952149035650535866e-03
8.949413457128770413e-03
8.946679243885683266e-03
8.943946395000986274e-03
8.941214909544163356e-03
8.938484786605152554e-03
8.935756025253442994e-03
8.933028624568741319e-03
8.930302583620538387e-03
8.927577901508989763e-03
8.924854577303589775e-03
8.922132610094267793e-03
8.919411998940290215e-03
8.916692742952042269e-03
8.913974841209235805e-03
8.911258292781356477e-03
8.908543096758340593e-03
8.905829252240352392e-03
8.903116758286651333e-03
8.900405614017850575e-03
8.897695818493211312e-03
8.894987370823122241e-03
8.892280270077065549e-03
8.889574515355207207e-03
8.886870105757709720e-03
8.884167040364281467e-03
8.881465318275088422e-03
8.878764938569840698e-03
8.876065900348699064e-03
8.873368202711827760e-03
8.870671844749163093e-03
8.867976825560867568e-03
8.865283144236877494e-03
8.862590799877357109e-03
8.859899791582465448e-03
8.857210118442142288e-03
8.854521779566774595e-03
8.851834774056523136e-03
8.849149100991103231e-03
8.846464759501349029e-03
8.843781748677200308e-03
8.841100067608593377e-03
8.838419715426367590e-03
8.835740691210231326e-03
8.833062994070576754e-03
8.830386623117789102e-03
8.827711577462255335e-03
8.825037856204139691e-03
8.822365458443604674e-03
8.819694383301259974e-03
8.817024629877273298e-03
8.814356197292254336e-03
8.811689084656591786e-03
8.809023291060221958e-03
8.806358815644210400e-03
8.803695657498491686e-03
8.801033815753906905e-03
8.798373289500390632e-03
8.795714077879010148e-03
8.793056179979698295e-03
8.790399594943522354e-03
8.787744321870643097e-03
8.785090359881675415e-03
8.782437708097230733e-03
8.779786365637922210e-03
8.777136331614138545e-03
8.774487605146492897e-03
8.771840185376047344e-03
8.769194071392741666e-03
8.766549262347865870e-03
8.763905757341577257e-03
8.761263555504720385e-03
8.758622655968131138e-03
8.755983057842196479e-03
8.753344760278206418e-03
8.750707762376325194e-03
8.748072063277616620e-03
8.745437662092464190e-03
8.742804557972161383e-03
8.740172750027096898e-03
8.737542237398331080e-03
8.734913019216705016e-03
8.732285094602831865e-03
8.729658462697773708e-03
8.727033122632371631e-03
8.724409073537463255e-03
8.721786314543887933e-03
8.719164844782483284e-03
8.716544663394313122e-03
8.713925769520442996e-03
8.711308162281484330e-03
8.708691840828727132e-03
8.706076804303236952e-03
8.703463051825625213e-03
8.700850582547181924e-03
8.698239395608970900e-03
8.695629490141831494e-03
8.693020865297053715e-03
8.690413520205473447e-03
8.687807454018382433e-03
8.685202665866620028e-03
8.682599154911698966e-03
8.679996920284460335e-03
8.677395961146416870e-03
8.674796276618181728e-03
8.672197865861271115e-03
8.669600728016750579e-03
8.667004862235904925e-03
8.664410267670027629e-03
8.661816943460180773e-03
8.659224888757654365e-03
8.656634102723964608e-03
8.654044584500173581e-03
8.651456333237571295e-03
8.648869348087449491e-03
8.646283628201094709e-03
8.643699172750249349e-03
8.641115980855523099e-03
8.638534051709110748e-03
8.635953384431625454e-03
8.633373978205030608e-03
8.630795832180617952e-03
8.628218945499449566e-03
8.625643317343494043e-03
8.623068946853811728e-03
8.620495833202146754e-03
8.617923975550011856e-03
8.615353373028244652e-03
8.612784024839264391e-03
8.610215930113906957e-03
8.607649088034140944e-03
8.605083497771705281e-03
8.602519158447213127e-03
8.599956069283530916e-03
8.597394229401273541e-03
8.594833637972183402e-03
8.592274294198672807e-03
8.589716197191130456e-03
8.587159346162198323e-03
8.584603740273394346e-03
8.582049378665778869e-03
8.579496260541771141e-03
8.576944385073111826e-03
8.574393751400861269e-03
8.571844358717212523e-03
8.569296206183683526e-03
8.566749292992460393e-03
8.564203618294838338e-03
8.561659181283001741e-03
8.559115981108245813e-03
8.556574016983210795e-03
8.554033288048958766e-03
8.551493793507910710e-03
8.548955532521577624e-03
8.546418504271926370e-03
8.543882707940922069e-03
8.541348142700307122e-03
8.538814807742271112e-03
8.536282702238554704e-03
8.533751825360898560e-03
8.531222176321944656e-03
8.528693754272981264e-03
8.526166558416427635e-03
8.523640587924022696e-03
8.521115841987956033e-03
8.518592319790194503e-03
8.516070020512704966e-03
8.513548943347678741e-03
8.511145739035490265e-03
8.508913979206262843e-03
8.506683142600245107e-03
8.504453228747059848e-03
8.502224237176343735e-03
8.499996167417723028e-03
8.497769018980378536e-03
8.495542791414390643e-03
8.493317484228941894e-03
8.491093096963884743e-03
8.488869629138626194e-03
8.486647080303244897e-03
8.484425449946471007e-03
8.482204737638837297e-03
8.479984942879296647e-03
8.477766065207706717e-03
8.475548104153693765e-03
8.473331059246890992e-03
8.471114930016929861e-03
8.468899715993438368e-03
8.466685416706047976e-03
8.464472031684388414e-03
8.462259560458091148e-03
8.460048002567008632e-03
8.457837357530549605e-03
8.455627624878343795e-03
8.453418804160471589e-03
8.451210894886110325e-03
8.449003896605343858e-03
8.446797808837577456e-03
8.444592631122665310e-03
8.442388362980012689e-03
8.440185003969926172e-03
8.437982553591360374e-03
8.435781011404621874e-03
8.433580376929115940e-03
8.431380649704695029e-03
8.429181829260994074e-03
8.426983915127641070e-03
8.424786906854716401e-03
8.422590803961627071e-03
8.420395605988227269e-03
8.418201312464146727e-03
8.416007922939469296e-03
8.413815436933598513e-03
8.411623853986388566e-03
8.409433173647923310e-03
8.407243395427378349e-03
8.405054518885065468e-03
8.402866543550610925e-03
8.400679468943421727e-03
8.398493294623802716e-03
8.396308020121385357e-03
8.394123644965801115e-03
8.391940168717354834e-03
8.389757590874999393e-03
8.387575911009271037e-03
8.385395128649794291e-03
8.383215243336430283e-03
8.381036254588582549e-03
8.378858161976780392e-03
8.376680965020430816e-03
8.374504663249163552e-03
8.372329256233513109e-03
8.370154743492881286e-03
8.367981124567124007e-03
8.365808398996098932e-03
8.363636566319658516e-03
8.361465626087888348e-03
8.359295577830416421e-03
8.357126421097323121e-03
8.354958155428464373e-03
8.352790780363697834e-03
8.350624295442879430e-03
8.348458700195635421e-03
8.346293994192502050e-03
8.344130176963107312e-03
8.341967248026856477e-03
8.339805206964508513e-03
8.337644053295466956e-03
8.335483786569812190e-03
8.333324406327401873e-03
8.331165912118316391e-03
8.329008303472187208e-03
8.326851579949317433e-03
8.324695741089566461e-03
8.322540786432786747e-03
8.320386715529063879e-03
8.318233527918248577e-03
8.316081223150426430e-03
8.313929800765449893e-03
8.311779260323629015e-03
8.309629601344365596e-03
8.307480823398192410e-03
8.305332926014739187e-03
8.303185908744088045e-03
8.301039771146547300e-03
8.298894512751743210e-03
8.296750133119987561e-03
8.294606631791131071e-03
8.292464008305031400e-03
8.290322262221996863e-03
8.288181393092106108e-03
8.286041400444990601e-03
8.283902283851183115e-03
8.281764042850536106e-03
8.279626676993135162e-03
8.277490185818834473e-03
8.275354568887938883e-03
8.273219825740306052e-03
8.271085955936242559e-03
8.268952959025827054e-03
8.266820834538692736e-03
8.264689582055596839e-03
8.262559201106169093e-03
8.260429691240489883e-03
8.258301052029091982e-03
8.256173283011829581e-03
8.254046383728562072e-03
8.251920353749818762e-03
8.249795192615455575e-03
8.247670899875554629e-03
8.245547475090420769e-03
8.243424917820362310e-03
8.241303227595010716e-03
8.239182403984893557e-03
8.237062446540096422e-03
8.234943354810697960e-03
8.232825128346782026e-03
8.230707766718877924e-03
8.228591269466841579e-03
8.226475636140755110e-03
8.224360866311151291e-03
8.222246959517884313e-03
8.220133915321260754e-03
8.218021733281588928e-03
8.215910412948947486e-03
8.213799953873422016e-03
8.211690355625538354e-03
8.209581617755382088e-03
8.207473739813033603e-03
8.205366721348573283e-03
8.203260561942760098e-03
8.201155261125222043e-03
8.199050818476718086e-03
8.196947233547328612e-03
8.194844505887135741e-03
8.192742635056446052e-03
8.190641620615564389e-03
8.188541462124800802e-03
8.186442159144458400e-03
8.184343711224621037e-03
8.182246117925591825e-03
8.180149378817905270e-03
8.178053493441417299e-03
8.175958461366660684e-03
8.173864282164164732e-03
8.171770955373787101e-03
8.169678480576285026e-03
8.167586857311514431e-03
8.165496085150006356e-03
8.163406163652069114e-03
8.161317092378005816e-03
8.159228870898352706e-03
8.157141498752963973e-03
8.155054975532821313e-03
8.152969300767556188e-03
8.150884474048150294e-03
8.148800494914463025e-03
8.146717362947248145e-03
8.144635077696587774e-03
8.142553638733012952e-03
8.140473045616831993e-03
8.138393297898125281e-03
8.136314395167876246e-03
8.134236336976163537e-03
8.132159122883298938e-03
8.130082752459810019e-03
8.128007225266005095e-03
8.125932540872415205e-03
8.123858698829124203e-03
8.121785698716885854e-03
8.119713540106234667e-03
8.117642222537023097e-03
8.115571745610464238e-03
8.113502108856186085e-03
8.111433311865172066e-03
8.109365354197727027e-03
8.107298235414159282e-03
8.105231955095226065e-03
8.103166512791007761e-03
8.101101908082263339e-03
8.099038140529297644e-03
8.096975209702643450e-03
8.094913115172831797e-03
8.092851856500172733e-03
8.090791433255195564e-03
8.088731845018657524e-03
8.086673091350865192e-03
8.084615171812126883e-03
8.082558085983196361e-03
8.080501833434611605e-03
8.078446413726673991e-03
8.076391826440142488e-03
8.074338071135325409e-03
8.072285147403202715e-03
8.070233054783632065e-03
8.068181792867596888e-03
8.066131361215402029e-03
8.064081759407804723e-03
8.062032987005115017e-03
8.059985043598312873e-03
8.057937928737478675e-03
8.055891642013597587e-03
8.053846182986974453e-03
8.051801551238368243e-03
8.049757746328083802e-03
8.047714767847108028e-03
8.045672615345516102e-03
8.043631288414294922e-03
8.041590786634199989e-03
8.039551109555315156e-03
8.037512256758395923e-03
8.035474227844650180e-03
8.033437022353933851e-03
8.031400639867005906e-03
8.029365079985074233e-03
8.027330342258217483e-03
8.025296426267196359e-03
8.023263331582540167e-03
8.021231057785009610e-03
8.019199604465584649e-03
8.017168971184573598e-03
8.015139157512507495e-03
8.013110163040368036e-03
8.011081987338691465e-03
8.009054629988231547e-03
8.007028090559521055e-03
8.005002368633317225e-03
8.002977463800605221e-03
8.000953375611463692e-03
7.998930103667100527e-03
7.996907647538050237e-03
7.994886006805068321e-03
7.992865181048912013e-03
7.990845169840117557e-03
7.988825972759436983e-03
7.986807589397853721e-03
7.984790019325902280e-03
7.982773262134566089e-03
7.980757317384148258e-03
7.978742184665633952e-03
7.976727863559782139e-03
7.974714353657572780e-03
7.972701654519314188e-03
7.970689765735988058e-03
7.968678686898577820e-03
7.966668417577616249e-03
7.964658957364085037e-03
7.962650305828516961e-03
7.960642462551667520e-03
7.958635427134749807e-03
7.956629199138066932e-03
7.954623778162826786e-03
7.952619163779560407e-03
7.950615355579254695e-03
7.948612353152891344e-03
7.946610156070999659e-03
7.944608763914338609e-03
7.942608176284117819e-03
7.940608392750868327e-03
7.938609412895347370e-03
7.936611236318762835e-03
7.934613862591647498e-03
7.932617291315209249e-03
7.930621522070205320e-03
7.928626554427171957e-03
7.926632387987310110e-03
7.924639022331380483e-03
7.922646457050368241e-03
7.920654691735253342e-03
7.918663725956570296e-03
7.916673559305299063e-03
7.914684191382649267e-03
7.912695621759153683e-03
7.910707850046244660e-03
7.908720875804232248e-03
7.906734698634319131e-03
7.904749318127492208e-03
7.902764733864506980e-03
7.900780945446574804e-03
7.898797952454451182e-03
7.896815754468891613e-03
7.894834351091107455e-03
7.892853741912078669e-03
7.890873926522792153e-03
7.888894904503999939e-03
7.886916675446690658e-03
7.884939238952068732e-03
7.882962594600893130e-03
7.880986741984147281e-03
7.879011680692812880e-03
7.877037410328097816e-03
7.875063930470761059e-03
7.873091240722010498e-03
7.871119340672827827e-03
7.869148229893745822e-03
7.867177908016650956e-03
7.865208374601846339e-03
7.863239629250543331e-03
7.861271671563948085e-03
7.859304501133045767e-03
7.857338117538590141e-03
7.855372520392018762e-03
7.853407709274087128e-03
7.851443683786003130e-03
7.849480443518751932e-03
7.847517988073539688e-03
7.845556317031125368e-03
7.843595430002943056e-03
7.841635326579970977e-03
7.839676006342973305e-03
7.837717468913605115e-03
7.835759713862399181e-03
7.833802740800789588e-03
7.831846549319758030e-03
7.829891139020515867e-03
7.827936509494041323e-03
7.825982660331321297e-03
7.824029591154014335e-03
7.822077301532651475e-03
7.820125791078665067e-03
7.818175059383042011e-03
7.816225106046986726e-03
7.814275930671708836e-03
7.812327532858418834e-03
7.810379912187870484e-03
7.808433068291950260e-03
7.806487000730964743e-03
7.804541709126574210e-03
7.802597193079983950e-03
7.800653452182179128e-03
7.798710486034368498e-03
7.796768294237758218e-03
7.794826876403783238e-03
7.792886232113202527e-03
7.790946360977445834e-03
7.789007262597727119e-03
7.787068936575248200e-03
7.785131382511223039e-03
7.783194599996631595e-03
7.781258588653134148e-03
7.779323348071711525e-03
7.777388877853574217e-03
7.775455177599930982e-03
7.773522246922213302e-03
7.771590085421631669e-03
7.769658692689166909e-03
7.767728068336254843e-03
7.765798211974328687e-03
7.763869123194369268e-03
7.761940801607812405e-03
7.760013246815865989e-03
7.758086458419739644e-03
7.756160436041089311e-03
7.754235179260674828e-03
7.752310687689929411e-03
7.750386960950512473e-03
7.748463998623180381e-03
7.746541800339818741e-03
7.744620365681186523e-03
7.742699694268939670e-03
7.740779785714514000e-03
7.738860639608891208e-03
7.736942255563506246e-03
7.735024633189792331e-03
7.733107772088957353e-03
7.731191671872436263e-03
7.729276332141435217e-03
7.727361752517615361e-03
7.725447932602184584e-03
7.723534871996350776e-03
7.721622570321774216e-03
7.719711027169434865e-03
7.717800242160994736e-03
7.715890214907887915e-03
7.713980945001094360e-03
7.712072432072501413e-03
7.710164675713091637e-03
7.708257675554748903e-03
7.706351431188454906e-03
7.704445942225645466e-03
7.702541208287978260e-03
7.700637228976662911e-03
7.698734003913357965e-03
7.696831532689045116e-03
7.694929814935611706e-03
7.693028850254263890e-03
7.691128638256435751e-03
7.689229178574012030e-03
7.687330470787750829e-03
7.685432514519311559e-03
7.683535309390350163e-03
7.681638855012304194e-03
7.679743150986381543e-03
7.677848196944463480e-03
7.675953992487762230e-03
7.674060537237935471e-03
7.672167830796191960e-03
7.670275872784189375e-03
7.668384662813363534e-03
7.666494200505371247e-03
7.664604485471648333e-03
7.662715517313400948e-03
7.660827295672741760e-03
7.658939820140652464e-03
7.657053090349017800e-03
7.655167105899044790e-03
7.653281866412393712e-03
7.651397371520950175e-03
7.649513620815695872e-03
7.647630613928513808e-03
7.645748350470841538e-03
7.643866830054108809e-03
7.641986052310203829e-03
7.640106016850558082e-03
7.638226723286605652e-03
7.636348171240005950e-03
7.634470360332417521e-03
7.632593290175275318e-03
7.630716960390237016e-03
7.628841370598964632e-03
7.626966520412887911e-03
7.625092409453669735e-03
7.623219037353192243e-03
7.621346403712665057e-03
7.619474508153744989e-03
7.617603350308320247e-03
7.615732929787821445e-03
7.613863246213908864e-03
7.611994299208242783e-03
7.610126088392482613e-03
7.608258613388285165e-03
7.606391873807084522e-03
7.604525869290992487e-03
7.602660599430991623e-03
7.600796063879415587e-03
7.598932262237474873e-03
7.597069194137052485e-03
7.595206859199808702e-03
7.593345257037176742e-03
7.591484387291265803e-03
7.589624249563286379e-03
7.587764843495345933e-03
7.585906168709105613e-03
7.584048224815997767e-03
7.582191011437683544e-03
7.580334528216270407e-03
7.578478774763194176e-03
7.576623750710336988e-03
7.574769455679362593e-03
7.572915889281699002e-03
7.571063051159459753e-03
7.569210940944529585e-03
7.567359558238114653e-03
7.565508902672102298e-03
7.563658973898825313e-03
7.561809771509267995e-03
7.559961295135314216e-03
7.558113544429301105e-03
7.556266518992434816e-03
7.554420218466826285e-03
7.552574642453685136e-03
7.550729790615569488e-03
7.548885662563916028e-03
7.547042257920381567e-03
7.545199576316851710e-03
7.543357617395436525e-03
7.541516380757344769e-03
7.539675866044684774e-03
7.537836072899569209e-03
7.535997000933428690e-03
7.534158649778150557e-03
7.532321019065617816e-03
7.530484108427716074e-03
7.528647917486103007e-03
7.526812445872665090e-03
7.524977693229509788e-03
7.523143659178299116e-03
7.521310343340691616e-03
7.519477745358795623e-03
7.517645864854271415e-03
7.515814701479454386e-03
7.513984254845778622e-03
7.512154524585128862e-03
7.510325510339614305e-03
7.508497211730894363e-03
7.506669628390854644e-03
7.504842759961602612e-03
7.503016606075026476e-03
7.501191166352782179e-03
7.499366440436980655e-03
7.497542427959507511e-03
7.495719128552247486e-03
7.493896541847084453e-03
7.492074667475901416e-03
7.490253505080811045e-03
7.488433054293697211e-03
7.486613314746442920e-03
7.484794286070934645e-03
7.482975967899055392e-03
7.481158359883144024e-03
7.479341461634628555e-03
7.477525272805850449e-03
7.475709793028690112e-03
7.473895021935033148e-03
7.472080959166992227e-03
7.470267604356447752e-03
7.468454957145512392e-03
7.466643017155843824e-03
7.464831784039779178e-03
7.463021257429202325e-03
7.461211436945771810e-03
7.459402322262275419e-03
7.457593912979919304e-03
7.455786208761266791e-03
7.453979209227974689e-03
7.452172914032379261e-03
7.450367322796139918e-03
7.448562435171592923e-03
7.446758250800848342e-03
7.444954769305562985e-03
7.443151990338073981e-03
7.441349913540491398e-03
7.439548538534474648e-03
7.437747864982583584e-03
7.435947892506479355e-03
7.434148620748269425e-03
7.432350049370517117e-03
7.430552177984653048e-03
7.428755006232789886e-03
7.426958533787712813e-03
7.425162760260857649e-03
7.423367685304557186e-03
7.421573308550696163e-03
7.419779629651610843e-03
7.417986648249412160e-03
7.416194363975983118e-03
7.414402776483659981e-03
7.412611885414551946e-03
7.410821690400546356e-03
7.409032191104200464e-03
7.407243387147175416e-03
7.405455278192031067e-03
7.403667863860427696e-03
7.401881143814925158e-03
7.400095117687409060e-03
7.398309785140440124e-03
7.396525145795676895e-03
7.394741199305455634e-03
7.392957945322110869e-03
7.391175383487752666e-03
7.389393513434265766e-03
7.387612334824212625e-03
7.385831847289475380e-03
7.384052050492615621e-03
7.382272944065520690e-03
7.380494527660521643e-03
7.378716800909505824e-03
7.376939763475032219e-03
7.375163415009439692e-03
7.373387755144607779e-03
7.371612783522651750e-03
7.369838499816354187e-03
7.368064903647376235e-03
7.366291994678278617e-03
7.364519772551169664e-03
7.362748236918386507e-03
7.360977387422039213e-03
7.359207223714462308e-03
7.357437745437765859e-03
7.355668952254512324e-03
7.353900843796583840e-03
7.352133419736768191e-03
7.350366679696725657e-03
7.348600623349239684e-03
7.346835250326196748e-03
7.345070560279933110e-03
7.343306552883232217e-03
7.341543227757756085e-03
7.339780584566062832e-03
7.338018622970716651e-03
7.336257342593375218e-03
7.334496743117049043e-03
7.332736824173624601e-03
7.330977585415434684e-03
7.329219026505043484e-03
7.327461147074333138e-03
7.325703946806318492e-03
7.323947425322654622e-03
7.322191582296130180e-03
7.320436417368854365e-03
7.318681930203388766e-03
7.316928120441843451e-03
7.315174987746780010e-03
7.313422531770531233e-03
7.311670752155208057e-03
7.309919648563373805e-03
7.308169220657587464e-03
7.306419468069733775e-03
7.304670390482823246e-03
7.302921987528743220e-03
7.301174258870051816e-03
7.299427204159087031e-03
7.297680823058407852e-03
7.295935115220349675e-03
7.294190080297248760e-03
7.292445717951666698e-03
7.290702027835938015e-03
7.288959009592172779e-03
7.287216662903381499e-03
7.285474987401451517e-03
7.283733982759168016e-03
7.281993648628864654e-03
7.280253984673103890e-03
7.278514990533995789e-03
7.276776665894553464e-03
7.275039010376431990e-03
7.273302023672872409e-03
7.271565705415757724e-03
7.269830055277874854e-03
7.268095072921783653e-03
7.266360757989595923e-03
7.264627110154095110e-03
7.262894129067620948e-03
7.261161814402955147e-03
7.259430165791984184e-03
7.257699182917721169e-03
7.255968865432498895e-03
7.254239212998880686e-03
7.252510225269201936e-03
7.250781901916246962e-03
7.249054242592352024e-03
7.247327246949853384e-03
7.245600914671763287e-03
7.243875245400188331e-03
7.242150238807918902e-03
7.240425894557513987e-03
7.238702212301308114e-03
7.236979191701865474e-03
7.235256832421742453e-03
7.233535134133727701e-03
7.231814096490158349e-03
7.230093719153593383e-03
7.228374001796817987e-03
7.226654944072169288e-03
7.224936545642208878e-03
7.223218806179721070e-03
7.221501725337041259e-03
7.219785302786958965e-03
7.218069538202256767e-03
7.216354431225045600e-03
7.214639981538339443e-03
7.212926188794471088e-03
7.211213052656002126e-03
7.209500572805945667e-03
7.207788748886409178e-03
7.206077580580406636e-03
7.204367067550498764e-03
7.202657209459244550e-03
7.200948005969206450e-03
7.199239456753172249e-03
7.197531561473698332e-03
7.195824319793350625e-03
7.194117731384911708e-03
7.192411795921169367e-03
7.190706513044233666e-03
7.189001882457567508e-03
7.187297903803280957e-03
7.185594576754159198e-03
7.183891900972762083e-03
7.182189876142105328e-03
7.180488501924747052e-03
7.178787777973023518e-03
7.177087703980170562e-03
7.175388279598524446e-03
7.173689504500872088e-03
7.171991378359999537e-03
7.170293900838467516e-03
7.168597071609062940e-03
7.166900890344569258e-03
7.165205356717777724e-03
7.163510470391245590e-03
7.161816231027533577e-03
7.160122638309654799e-03
7.158429691920622367e-03
7.156737391492316684e-03
7.155045736738430313e-03
7.153354727301070720e-03
7.151664362863250149e-03
7.149974643087528454e-03
7.148285567656919616e-03
7.146597136244207948e-03
7.144909348522181236e-03
7.143222204143174006e-03
7.141535702800423831e-03
7.139849844156489697e-03
7.138164627884162859e-03
7.136480053666449490e-03
7.134796121165912913e-03
7.133112830065566241e-03
7.131430180027967594e-03
7.129748170736130083e-03
7.128066801862840626e-03
7.126386073060434617e-03
7.124705984042597681e-03
7.123026534461667815e-03
7.121347723980204873e-03
7.119669552301671756e-03
7.117992019078403856e-03
7.116315123993413420e-03
7.114638866719484762e-03
7.112963246949858057e-03
7.111288264326640768e-03
7.109613918553296663e-03
7.107940209292387332e-03
7.106267136226923284e-03
7.104594699029691436e-03
7.102922897383703166e-03
7.101251730961744522e-03
7.099581199436602423e-03
7.097911302481062050e-03
7.096242039798587170e-03
7.094573411031289585e-03
7.092905415882627858e-03
7.091238054025390640e-03
7.089571325132363114e-03
7.087905228876333931e-03
7.086239764950538061e-03
7.084574933027761555e-03
7.082910732791017523e-03
7.081247163902866688e-03
7.079584226056544888e-03
7.077921918935066101e-03
7.076260242211215509e-03
7.074599195557777429e-03
7.072938778667992032e-03
7.071278991214644503e-03
7.069619832880747086e-03
7.067961303339084962e-03
7.066303402282895704e-03
7.064646129384965362e-03
7.062989484328307047e-03
7.061333466795930401e-03
7.059678076470848537e-03
7.058023313025848372e-03
7.056369176154166610e-03
7.054715665528588434e-03
7.053062780832126087e-03
7.051410521758017143e-03
7.049758887968823190e-03
7.048107879157778331e-03
7.046457495018123608e-03
7.044807735222643336e-03
7.043158599444124431e-03
7.041510087386028925e-03
7.039862198721143736e-03
7.038214933142704702e-03
7.036568290313274278e-03
7.034922269936314497e-03
7.033276871694835869e-03
7.031632095271852373e-03
7.029987940340150059e-03
7.028344406592964763e-03
7.026701493723534059e-03
7.025059201404643995e-03
7.023417529329532144e-03
7.021776477170985423e-03
7.020136044632464128e-03
7.018496231386757780e-03
7.016857037127101349e-03
7.015218461536507077e-03
7.013580504308212539e-03
7.011943165115004650e-03
7.010306443660343709e-03
7.008670339617018366e-03
7.007034852678264460e-03
7.005399982527094234e-03
7.003765728866969721e-03
7.002132091360452511e-03
7.000499069711004635e-03
6.998866663611864533e-03
6.997234872735816520e-03
6.995603696776098168e-03
6.993973135425948784e-03
6.992343188378603337e-03
6.990713855317073205e-03
6.989085135924373235e-03
6.987457029893736661e-03
6.985829536918403658e-03
6.984202656691609196e-03
6.982576388886141926e-03
6.980950733215687473e-03
6.979325689342808295e-03
6.977701256981190883e-03
6.976077435813849217e-03
6.974454225534018267e-03
6.972831625824711145e-03
6.971209636379164555e-03
6.969588256900841397e-03
6.967967487062526853e-03
6.966347326557459363e-03
6.964727775099327153e-03
6.963108832350690079e-03
6.961490498035462562e-03
6.959872771816203590e-03
6.958255653396378665e-03
6.956639142469222756e-03
6.955023238738198763e-03
6.953407941886318062e-03
6.951793251596593767e-03
6.950179167582713237e-03
6.948565689517462521e-03
6.946952817104304519e-03
6.945340550046702997e-03
6.943728888027666732e-03
6.942117830750660357e-03
6.940507377888469921e-03
6.938897529154783653e-03
6.937288284242836521e-03
6.935679642835644240e-03
6.934071604646892435e-03
6.932464169359592483e-03
6.930857336666982824e-03
6.929251106272524621e-03
6.927645477869456316e-03
6.926040451151015478e-03
6.924436025810437080e-03
6.922832201551186622e-03
6.921228978076724402e-03
6.919626355059835601e-03
6.918024332224438112e-03
6.916422909243313648e-03
6.914822085830153037e-03
6.913221861667967656e-03
6.911622236470443999e-03
6.910023209941046698e-03
6.908424781752560938e-03
6.906826951608449616e-03
6.905229719222400094e-03
6.903633084287649942e-03
6.902037046487210538e-03
6.900441605544997171e-03
6.898846761133794157e-03
6.897252512967288855e-03
6.895658860748946767e-03
6.894065804172002862e-03
6.892473342929694713e-03
6.890881476725485219e-03
6.889290205273062608e-03
6.887699528245211193e-03
6.886109445376073328e-03
6.884519956338432459e-03
6.882931060845978548e-03
6.881342758591946565e-03
6.879755049290025605e-03
6.878167932623228779e-03
6.876581408295017253e-03
6.874995476029304581e-03
6.873410135509102140e-03
6.871825386437873696e-03
6.870241228519080416e-03
6.868657661456186933e-03
6.867074684942426482e-03
6.865492298701717823e-03
6.863910502417069730e-03
6.862329295791943368e-03
6.860748678540029566e-03
6.859168650354564162e-03
6.857589210949235382e-03
6.856010360017279932e-03
6.854432097272387774e-03
6.852854422407793009e-03
6.851277335137185599e-03
6.849700835153802250e-03
6.848124922171332056e-03
6.846549595893236181e-03
6.844974856012752198e-03
6.843400702253791927e-03
6.841827134309596409e-03
6.840254151883625941e-03
6.838681754689567883e-03
6.837109942430884268e-03
6.835538714800815270e-03
6.833968071513047381e-03
6.832398012291493287e-03
6.830828536819165235e-03
6.829259644799526123e-03
6.827691335966714833e-03
6.826123609993516549e-03
6.824556466614071885e-03
6.822989905521616681e-03
6.821423926419614703e-03
6.819858529031977770e-03
6.818293713051944323e-03
6.816729478193201720e-03
6.815165824159213730e-03
6.813602750663666843e-03
6.812040257410023961e-03
6.810478344111974176e-03
6.808917010462754195e-03
6.807356256196501164e-03
6.805796080996229930e-03
6.804236484596076773e-03
6.802677466689281000e-03
6.801119026979302908e-03
6.799561165190056919e-03
6.798003881025005066e-03
6.796447174197838177e-03
6.794891044412015683e-03
6.793335491391452007e-03
6.791780514829383851e-03
6.790226114439499444e-03
6.788672289935488748e-03
6.787119041031037386e-03
6.785566367439833588e-03
6.784014268855115791e-03
6.782462745021246471e-03
6.780911795611014280e-03
6.779361420358556364e-03
6.777811618977561819e-03
6.776262391181718005e-03
6.774713736664260758e-03
6.773165655159331562e-03
6.771618146360167123e-03
6.770071209990678393e-03
6.768524845764557069e-03
6.766979053395487040e-03
6.765433832576710216e-03
6.763889183052585602e-03
6.762345104526580435e-03
6.760801596702155011e-03
6.759258659292997559e-03
6.757716292023022500e-03
6.756174494595690132e-03
6.754633266745142806e-03
6.753092608154388429e-03
6.751552518578019142e-03
6.750012997699046322e-03
6.748474045241384389e-03
6.746935660918718103e-03
6.745397844454964487e-03
6.743860595553584705e-03
6.742323913938491446e-03
6.740787799323372936e-03
6.739252251421918270e-03
6.737717269958041003e-03
6.736182854645428493e-03
6.734649005187542774e-03
6.733115721308297399e-03
6.731583002731607659e-03
6.730050849171158311e-03
6.728519260350866379e-03
6.726988235963966833e-03
6.725457775754823883e-03
6.723927879416675968e-03
6.722398546693886430e-03
6.720869777289918169e-03
6.719341570918458545e-03
6.717813927293195785e-03
6.716286846158495832e-03
6.714760327207594526e-03
6.713234370174630747e-03
6.711708974773292723e-03
6.710184140717267813e-03
6.708659867730469573e-03
6.707136155526587963e-03
6.705613003839760132e-03
6.704090412373448112e-03
6.702568380851566324e-03
6.701046909008252783e-03
6.699525996536745930e-03
6.698005643181409105e-03
6.696485848655932271e-03
6.694966612674000186e-03
6.693447934969754334e-03
6.691929815246655880e-03
6.690412253238842838e-03
6.688895248660006038e-03
6.687378801244283494e-03
6.685862910695136371e-03
6.684347576746704420e-03
6.682832799112675866e-03
6.681318577527190460e-03
6.679804911703932958e-03
6.678291801366820386e-03
6.676779246239762829e-03
6.675267246036451982e-03
6.673755800501249454e-03
6.672244909337620745e-03
6.670734572269475943e-03
6.669224789020729467e-03
6.667715559325521069e-03
6.666206882907763434e-03
6.664698759470918596e-03
6.663191188769578693e-03
6.661684170496978696e-03
6.660177704397483682e-03
6.658671790195007205e-03
6.657166427603236625e-03
6.655661616346086364e-03
6.654157356167920631e-03
6.652653646772200592e-03
6.651150487893065996e-03
6.649647879254430398e-03
6.648145820590433547e-03
6.646644311614761068e-03
6.645143352051329985e-03
6.643642941634275711e-03
6.642143080097738864e-03
6.640643767155406801e-03
6.639145002531193079e-03
6.637646785969463642e-03
6.636149117173678787e-03
6.634651995888202723e-03
6.633155421836950741e-03
6.631659394733610199e-03
6.630163914322544441e-03
6.628668980327667888e-03
6.627174592472894095e-03
6.625680750482136616e-03
6.624187454099759662e-03
6.622694703039449723e-03
6.621202497035347419e-03
6.619710835811365435e-03
6.618219719091416459e-03
6.616729146619866435e-03
6.615239118120628051e-03
6.613749633307390401e-03
6.612260691934740420e-03
6.610772293706143610e-03
6.609284438376188640e-03
6.607797125658563739e-03
6.606310355297633115e-03
6.604824126996857933e-03
6.603338440510830333e-03
6.601853295563461267e-03
6.600368691878666025e-03
6.598884629200808816e-03
6.597401107243577867e-03
6.595918125761561848e-03
6.594435684458221925e-03
6.592953783077925775e-03
6.591472421354812282e-03
6.589991599012791530e-03
6.588511315796230332e-03
6.587031571429040507e-03
6.585552365645363539e-03
6.584073698169109513e-03
6.582595568734420782e-03
6.581117977095884281e-03
6.579640922956962908e-03
6.578164406072248803e-03
6.576688426155427591e-03
6.575212982961088810e-03
6.573738076202923289e-03
6.572263705615066440e-03
6.570789870952111270e-03
6.569316571927742536e-03
6.567843808286325316e-03
6.566371579762001094e-03
6.564899886078681690e-03
6.563428726970504251e-03
6.561958102192060917e-03
6.560488011467263507e-03
6.559018454520027311e-03
6.557549431094714804e-03
6.556080940925465735e-03
6.554612983746418119e-03
6.553145559301938768e-03
6.551678667315937767e-03
6.550212307522555732e-03
6.548746479666158610e-03
6.547281183480880944e-03
6.545816418711091281e-03
6.544352185070475246e-03
6.542888482313624111e-03
6.541425310174675024e-03
6.539962668397992195e-03
6.538500556697266451e-03
6.537038974827083862e-03
6.535577922531812974e-03
6.534117399525137676e-03
6.532657405571875436e-03
6.531197940385712747e-03
6.529739003711014685e-03
6.528280595292147194e-03
6.526822714873472750e-03
6.525365362168678712e-03
6.523908536952807008e-03
6.522452238939546731e-03
6.520996467863033295e-03
6.519541223467634379e-03
6.518086505507937785e-03
6.516632313697631740e-03
6.515178647801531976e-03
6.513725507543552916e-03
6.512272892668056166e-03
6.510820802919409407e-03
6.509454791742840148e-03
6.508149495087228557e-03
6.506844610127795851e-03
6.505540136700930717e-03
6.504236074643030517e-03
6.502932423800711868e-03
6.501629183989917141e-03
6.500326355067490014e-03
6.499023936869824380e-03
6.497721929233312398e-03
6.496420331984122630e-03
6.495119144968874297e-03
6.493818368023958690e-03
6.492518000985770567e-03
6.491218043700929148e-03
6.489918495995599529e-03
6.488619357716400929e-03
6.487320628689503647e-03
6.486022308761523435e-03
6.484724397779081245e-03
6.483426895558115979e-03
6.482129801955474786e-03
6.480833116807549824e-03
6.479536839950734116e-03
6.478240971211196228e-03
6.476945510445778105e-03
6.475650457480650046e-03
6.474355812152203342e-03
6.473061574317282539e-03
6.471767743791830008e-03
6.470474320432690295e-03
6.469181304076255558e-03
6.467888694548693494e-03
6.466596491696624191e-03
6.465304695356438938e-03
6.464013305384981416e-03
6.462722321587971268e-03
6.461431743832475767e-03
6.460141571954889674e-03
6.458851805781379816e-03
6.457562445148337486e-03
6.456273489922834292e-03
6.454984939910587277e-03
6.453696794968438386e-03
6.452409054943010307e-03
6.451121719660466401e-03
6.449834788967426756e-03
6.448548262700284396e-03
6.447262140705659408e-03
6.445976422809717755e-03
6.444691108859078657e-03
6.443406198700359598e-03
6.442121692159731745e-03
6.440837589104259769e-03
6.439553889339664182e-03
6.438270592733012256e-03
6.436987699110472555e-03
6.435705208308439840e-03
6.434423120183755188e-03
6.433141434562587163e-03
6.431860151291556721e-03
6.430579270217279611e-03
6.429298791165924398e-03
6.428018713994335630e-03
6.426739038528680135e-03
6.425459764615577135e-03
6.424180892101645848e-03
6.422902420823277565e-03
6.421624350616867913e-03
6.420346681329032641e-03
6.419069412796167377e-03
6.417792544864888739e-03
6.416516077381815945e-03
6.415240010173118429e-03
6.413964343085413675e-03
6.412689075965319167e-03
6.411414208659452392e-03
6.410139740993985383e-03
6.408865672815533890e-03
6.407592003970716266e-03
6.406318734306152597e-03
6.405045863648009714e-03
6.403773391842905102e-03
6.402501318747685043e-03
6.401229644188515498e-03
6.399958368012016556e-03
6.398687490054580373e-03
6.397417010173050630e-03
6.396146928193595024e-03
6.394877243962832775e-03
6.393607957337607561e-03
6.392339068133862622e-03
6.391070576218666095e-03
6.389802481428411875e-03
6.388534783589268524e-03
6.387267482568303317e-03
6.386000578191684818e-03
6.384734070295807785e-03
6.383467958747738626e-03
6.382202243373646770e-03
6.380936924020152307e-03
6.379672000533870985e-03
6.378407472740973971e-03
6.377143340508526805e-03
6.375879603672924244e-03
6.374616262060333986e-03
6.373353315537826774e-03
6.372090763931569438e-03
6.370828607088179461e-03
6.369566844854276932e-03
6.368305477086704663e-03
6.367044503601405891e-03
6.365783924255223429e-03
6.364523738905003558e-03
6.363263947376912241e-03
6.362004549517567831e-03
6.360745545173589546e-03
6.359486934191595740e-03
6.358228716407980305e-03
6.356970891679586920e-03
6.355713459832582415e-03
6.354456420723811338e-03
6.353199774199893776e-03
6.351943520097219284e-03
6.350687658272635011e-03
6.349432188542083327e-03
6.348177110782857700e-03
6.346922424821124960e-03
6.345668130503506060e-03
6.344414227676618487e-03
6.343160716197306787e-03
6.341907595881512462e-03
6.340654866606529848e-03
6.339402528198528376e-03
6.338150580493898470e-03
6.336899023359712606e-03
6.335647856632363809e-03
6.334397080148243368e-03
6.333146693774421160e-03
6.331896697326840420e-03
6.330647090672569290e-03
6.329397873648002527e-03
6.328149046099755884e-03
6.326900607874452048e-03
6.325652558818705903e-03
6.324404898768913076e-03
6.323157627592142574e-03
6.321910745114560359e-03
6.320664251182787387e-03
6.319418145653664734e-03
6.318172428373814223e-03
6.316927099169402683e-03
6.315682157907498255e-03
6.314437604424493963e-03
6.313193438556784567e-03
6.311949660181665270e-03
6.310706269115076705e-03
6.309463265213863421e-03
6.308220648334869098e-03
6.306978418304261431e-03
6.305736574989111165e-03
6.304495118215585128e-03
6.303254047850752328e-03
6.302013363720781330e-03
6.300773065682514947e-03
6.299533153582574999e-03
6.298293627277800830e-03
6.297054486594362739e-03
6.295815731399329734e-03
6.294577361529095708e-03
6.293339376830278144e-03
6.292101777149495395e-03
6.290864562343593744e-03
6.289627732238739152e-03
6.288391286712225088e-03
6.287155225579997390e-03
6.285919548719346925e-03
6.284684255956444858e-03
6.283449347148133135e-03
6.282214822141030976e-03
6.280980680771532272e-03
6.279746922906705164e-03
6.278513548382944412e-03
6.277280557057091960e-03
6.276047948755316373e-03
6.274815723354912854e-03
6.273583880682049967e-03
6.272352420593570524e-03
6.271121342936092878e-03
6.269890647566460709e-03
6.268660334310842581e-03
6.267430403036309237e-03
6.266200853599702622e-03
6.264971685816965973e-03
6.263742899565393624e-03
6.262514494681379468e-03
6.261286471021767185e-03
6.260058828422948932e-03
6.258831566741770991e-03
6.257604685824849113e-03
6.256378185529028711e-03
6.255152065690703679e-03
6.253926326166717696e-03
6.252700966793462919e-03
6.251475987448235419e-03
6.250251387946975830e-03
6.249027168156754894e-03
6.247803327934417159e-03
6.246579867116355649e-03
6.245356785549186981e-03
6.244134083079531244e-03
6.242911759584683640e-03
6.241689814890811865e-03
6.240468248844532537e-03
6.239247061292466610e-03
6.238026252111908421e-03
6.236805821139250125e-03
6.235585768210885615e-03
6.234366093183658572e-03
6.233146795914414409e-03
6.231927876249770612e-03
6.230709334046569993e-03
6.229491169130980249e-03
6.228273381380300053e-03
6.227055970641144286e-03
6.225838936749905975e-03
6.224622279563431400e-03
6.223405998928338914e-03
6.222190094701470463e-03
6.220974566739671460e-03
6.219759414889559392e-03
6.218544638987529884e-03
6.217330238900651077e-03
6.216116214465315128e-03
6.214902565548591912e-03
6.213689291986874454e-03
6.212476393647232628e-03
6.211263870366060327e-03
6.210051722000200364e-03
6.208839948406497285e-03
6.207628549431571177e-03
6.206417524922036057e-03
6.205206874734740807e-03
6.203996598716301179e-03
6.202786696713337260e-03
6.201577168592918056e-03
6.200368014201661920e-03
6.199159233386187205e-03
6.197950826003338458e-03
6.196742791899734031e-03
6.195535130932216736e-03
6.194327842947408395e-03
6.193120927791923892e-03
6.191914385332834836e-03
6.190708215416759579e-03
6.189502417900540933e-03
6.188296992620574526e-03
6.187091939443927630e-03
6.185887258206993269e-03
6.184682948787067515e-03
6.183479011010317196e-03
6.182275444743812187e-03
6.181072249844397036e-03
6.179869426148463900e-03
6.178666973523083521e-03
6.177464891814873384e-03
6.176263180880676301e-03
6.175061840567113228e-03
6.173860870731027843e-03
6.172660271219037632e-03
6.171460041898212470e-03
6.170260182604945381e-03
6.169060693206306241e-03
6.167861573548914268e-03
6.166662823479386081e-03
6.165464442864791554e-03
6.164266431551749907e-03
6.163068789397106555e-03
6.161871516247478114e-03
6.160674611959709134e-03
6.159478076390643292e-03
6.158281909386898942e-03
6.157086110805322365e-03
6.155890680512979968e-03
6.154695618336042048e-03
6.153500924151800340e-03
6.152306597796651337e-03
6.151112639147888507e-03
6.149919048041904007e-03
6.148725824335544120e-03
6.147532967875424595e-03
6.146340478538842370e-03
6.145148356162190469e-03
6.143956600602311705e-03
6.142765211705826164e-03
6.141574189350028183e-03
6.140383533371309918e-03
6.139193243626515917e-03
6.138003319972490726e-03
6.136813762266078026e-03
6.135624570364123231e-03
6.134435744113242092e-03
6.133247283370280023e-03
6.132059187992082439e-03
6.130871457835490416e-03
6.129684092747125779e-03
6.128497092594054931e-03
6.127310457233123286e-03
6.126124186510950934e-03
6.124938280274152755e-03
6.123752738400026555e-03
6.122567560724965358e-03
6.121382747116038171e-03
6.120198297419861613e-03
6.119014211503509028e-03
6.117830489203369970e-03
6.116647130396741378e-03
6.115464134930240735e-03
6.114281502660713456e-03
6.113099233445002355e-03
6.111917327129724915e-03
6.110735783581953615e-03
6.109554602658529530e-03
6.108373784206073617e-03
6.107193328091654015e-03
6.106013234161889076e-03
6.104833502273622481e-03
6.103654132293925838e-03
6.102475124059190438e-03
6.101296477456936811e-03
6.100118192313333521e-03
6.098940268495447840e-03
6.097762705860126919e-03
6.096585504274437163e-03
6.095408663574774198e-03
6.094232183638431492e-03
6.093056064312028265e-03
6.091880305452408197e-03
6.090704906916414099e-03
6.089529868560892255e-03
6.088355190242685476e-03
6.087180871828863638e-03
6.086006913166045092e-03
6.084833314111073518e-03
6.083660074520793465e-03
6.082487194252048611e-03
6.081314673182133292e-03
6.080142511147442266e-03
6.078970708004817480e-03
6.077799263611105215e-03
6.076628177843598072e-03
6.075457450548915270e-03
6.074287081573676896e-03
6.073117070784951090e-03
6.071947418049807726e-03
6.070778123204638964e-03
6.069609186126741739e-03
6.068440606672957129e-03
6.067272384689906088e-03
6.066104520044657625e-03
6.064937012583830091e-03
6.063769862184717821e-03
6.062603068693940035e-03
6.061436631968340413e-03
6.060270551874988830e-03
6.059104828260502770e-03
6.057939460991952976e-03
6.056774449926183128e-03
6.055609794920037772e-03
6.054445495840584182e-03
6.053281552534442445e-03
6.052117964868682434e-03
6.050954732689923371e-03
6.049791855885682315e-03
6.048629334282131301e-03
6.047467167756561193e-03
6.046305356165819142e-03
6.045143899376972420e-03
6.043982797226414919e-03
6.042822049591441841e-03
6.041661656318671539e-03
6.040501617295623675e-03
6.039341932348467681e-03
6.038182601354497026e-03
6.037023624160330060e-03
6.035865000643262854e-03
6.034706730649912892e-03
6.033548814047350051e-03
6.032391250702643336e-03
6.031234040452187507e-03
6.030077183173275165e-03
6.028920678732977052e-03
6.027764526967686193e-03
6.026608727754697789e-03
6.025453280950855521e-03
6.024298186423227529e-03
6.023143444008208572e-03
6.021989053593319180e-03
6.020835015025177706e-03
6.019681328170851421e-03
6.018527992887187476e-03
6.017375009041253144e-03
6.016222376479668510e-03
6.015070095069501716e-03
6.013918164677823502e-03
6.012766585151251356e-03
6.011615356377304938e-03
6.010464478192379875e-03
6.009313950463543441e-03
6.008163773047640183e-03
6.007013945821965302e-03
6.005864468633137151e-03
6.004715341348224739e-03
6.003566563824073478e-03
6.002418135937976837e-03
6.001270057526327840e-03
6.000122328466423426e-03
5.998974948604879343e-03
5.997827917829217856e-03
5.996681235975831123e-03
5.995534902922015214e-03
5.994388918524612073e-03
5.993243282650693310e-03
5.992097995146876410e-03
5.990953055890455708e-03
5.989808464738277487e-03
5.988664221557408150e-03
5.987520326194467786e-03
5.986376778526751596e-03
5.985233578411103261e-03
5.984090725714592655e-03
5.982948220294062591e-03
5.981806062006357616e-03
5.980664250718547605e-03
5.979522786307927759e-03
5.978381668610889370e-03
5.977240897514955568e-03
5.976100472866742105e-03
5.974960394533319723e-03
5.973820662381758295e-03
5.972681276258675308e-03
5.971542236051593025e-03
5.970403541607127197e-03
5.969265192792349434e-03
5.968127189474327875e-03
5.966989531509907935e-03
5.965852218766157754e-03
5.964715251099921879e-03
5.963578628378269318e-03
5.962442350478495273e-03
5.961306417236993636e-03
5.960170828541284070e-03
5.959035584237984060e-03
5.957900684204390541e-03
5.956766128287121001e-03
5.955631916373695101e-03
5.954498048310732927e-03
5.953364523965302621e-03
5.952231343194248729e-03
5.951098505874865587e-03
5.949966011874223935e-03
5.948833861028715933e-03
5.947702053236087437e-03
5.946570588332730604e-03
5.945439466216393895e-03
5.944308686713241537e-03
5.943178249710796661e-03
5.942048155065902948e-03
5.940918402645627670e-03
5.939788992317042438e-03
5.938659923926764735e-03
5.937531197372541286e-03
5.936402812490764250e-03
5.935274769158728828e-03
5.934147067243504027e-03
5.933019706601935263e-03
5.931892687090864480e-03
5.930766008597813943e-03
5.929639670979626465e-03
5.928513674093146592e-03
5.927388017795218005e-03
5.926262701983586560e-03
5.925137726494644416e-03
5.924013091195464049e-03
5.922888795973562520e-03
5.921764840675559048e-03
5.920641225168524376e-03
5.919517949319527510e-03
5.918395012985412131e-03
5.917272416053697900e-03
5.916150158381229367e-03
5.915028239824851077e-03
5.913906660261857365e-03
5.912785419549091911e-03
5.911664517543400131e-03
5.910543954132300819e-03
5.909423729172638522e-03
5.908303842531482247e-03
5.907184294075901870e-03
5.906065083662741938e-03
5.904946211169296785e-03
5.903827676462635420e-03
5.902709479399602388e-03
5.901591619847266698e-03
5.900474097682923552e-03
5.899356912763417497e-03
5.898240064955817541e-03
5.897123554127191823e-03
5.896007380154837281e-03
5.894891542895596727e-03
5.893776042216539168e-03
5.892660877974510887e-03
5.891546050057029811e-03
5.890431558320939620e-03
5.889317402633311924e-03
5.888203582871441057e-03
5.887090098881944504e-03
5.885976950542117468e-03
5.884864137729255151e-03
5.883751660289975906e-03
5.882639518111801129e-03
5.881527711041347438e-03
5.880416238966136230e-03
5.879305101743012053e-03
5.878194299249268374e-03
5.877083831341750608e-03
5.875973697887526895e-03
5.874863898774118631e-03
5.873754433837918842e-03
5.872645302966446323e-03
5.871536506026772684e-03
5.870428042875740736e-03
5.869319913400870142e-03
5.868212117448780990e-03
5.867104654906992942e-03
5.865997525632350544e-03
5.864890729491921070e-03
5.863784266363002325e-03
5.862678136102437119e-03
5.861572338587518922e-03
5.860466873685319343e-03
5.859361741252681194e-03
5.858256941177125005e-03
5.857152473325720650e-03
5.856048337545085615e-03
5.854944533732966624e-03
5.853841061735982031e-03
5.852737921431426169e-03
5.851635112686369780e-03
5.850532635378106333e-03
5.849430489363480375e-03
5.848328674509560912e-03
5.847227190703869343e-03
5.846126037803248479e-03
5.845025215674768196e-03
5.843924724195724563e-03
5.842824563222959525e-03
5.841724732643994479e-03
5.840625232315673106e-03
5.839526062105065279e-03
5.838427221889465335e-03
5.837328711535943147e-03
5.836230530911568591e-03
5.835132679893635134e-03
5.834035158338987323e-03
5.832937966135146556e-03
5.831841103138955644e-03
5.830744569217483596e-03
5.829648364258252675e-03
5.828552488107880368e-03
5.827456940653885469e-03
5.826361721763340454e-03
5.825266831293086402e-03
5.824172269140870904e-03
5.823078035153311446e-03
5.821984129207704098e-03
5.820890551171117866e-03
5.819797300931072413e-03
5.818704378323960764e-03
5.817611783257754972e-03
5.816519515589297848e-03
5.815427575175435675e-03
5.814335961903686380e-03
5.813244675641120705e-03
5.812153716254807659e-03
5.811063083622041575e-03
5.809972777599667002e-03
5.808882798075205335e-03
5.807793144925949176e-03
5.806703817988293284e-03
5.805614817170208844e-03
5.804526142328538668e-03
5.803437793330353499e-03
5.802349770042722343e-03
5.801262072363389324e-03
5.800174700128750069e-03
5.799087653236549567e-03
5.798000931553856825e-03
5.796914534937516392e-03
5.795828463275047061e-03
5.794742716433520444e-03
5.793657294280003811e-03
5.792572196702019428e-03
5.791487423556410108e-03
5.790402974710245725e-03
5.789318850051046808e-03
5.788235049435656171e-03
5.787151572751595210e-03
5.786068419865933801e-03
5.784985590635514756e-03
5.783903084968310127e-03
5.782820902700712071e-03
5.781739043720241118e-03
5.780657507893968011e-03
5.779576295099186217e-03
5.778495405213191806e-03
5.777414838103052050e-03
5.776334593635838559e-03
5.775254671699070995e-03
5.774175072149593038e-03
5.773095794874925218e-03
5.772016839731911216e-03
5.770938206608072427e-03
5.769859895360251664e-03
5.768781905886194786e-03
5.767704238022295683e-03
5.766626891686750002e-03
5.765549866715951634e-03
5.764473162997421109e-03
5.763396780418677222e-03
5.762320718826340060e-03
5.761244978107928419e-03
5.760169558130513907e-03
5.759094458781615321e-03
5.758019679918076339e-03
5.756945221427419226e-03
5.755871083166485061e-03
5.754797265022796975e-03
5.753723766873647567e-03
5.752650588586107581e-03
5.751577730027246892e-03
5.750505191084584293e-03
5.749432971614965200e-03
5.748361071516134603e-03
5.747289490644936182e-03
5.746218228878665138e-03
5.745147286084391347e-03
5.744076662149634471e-03
5.743006356951690580e-03
5.741936370347401619e-03
5.740866702234515180e-03
5.739797352459648748e-03
5.738728320910322853e-03
5.737659607474058024e-03
5.736591212007697942e-03
5.735523134388537808e-03
5.734455374504098153e-03
5.733387932221447984e-03
5.732320807407657176e-03
5.731253999940020064e-03
5.730187509706056309e-03
5.729121336572836655e-03
5.728055480407430108e-03
5.726989941097357199e-03
5.725924718519912263e-03
5.724859812531938978e-03
5.723795223031184938e-03
5.722730949874492087e-03
5.721666992949380956e-03
5.720603352133147614e-03
5.719540027282634873e-03
5.718477018285364130e-03
5.717414325028855049e-03
5.716351947380176636e-03
5.715289885196173439e-03
5.714228138384816642e-03
5.713166706802949926e-03
5.712105590327869360e-03
5.711044788836868412e-03
5.709984302207241416e-03
5.708924130306059982e-03
5.707864273031067366e-03
5.706804730228884522e-03
5.705745501807480899e-03
5.704686587623701045e-03
5.703627987554840163e-03
5.702569701488417915e-03
5.701511729281279715e-03
5.700454070831168819e-03
5.699396725994930642e-03
5.698339694660086580e-03
5.697282976714154561e-03
5.696226572013980867e-03
5.695170480447084294e-03
5.694114701890760043e-03
5.693059236201852662e-03
5.692004083288333335e-03
5.690949243007044876e-03
5.689894715245507814e-03
5.688840499881018219e-03
5.687786596780645097e-03
5.686733005821682785e-03
5.685679726891651811e-03
5.684626759857622051e-03
5.683574104607112300e-03
5.682521761017419494e-03
5.681469728955611774e-03
5.680418008298985209e-03
5.679366598935058595e-03
5.678315500741126266e-03
5.677264713584260700e-03
5.676214237351978956e-03
5.675164071921577971e-03
5.674114217160126754e-03
5.673064672955144098e-03
5.672015439194152270e-03
5.670966515733994948e-03
5.669917902462191794e-03
5.668869599256037145e-03
5.667821605992827069e-03
5.666773922560081229e-03
5.665726548824869500e-03
5.664679484674711545e-03
5.663632729976677237e-03
5.662586284618287107e-03
5.661540148466610162e-03
5.660494321419392259e-03
5.659448803333477079e-03
5.658403594106610479e-03
5.657358693595637873e-03
5.656314101708527844e-03
5.655269818302125807e-03
5.654225843253726964e-03
5.653182176461077173e-03
5.652138817791244572e-03
5.651095767111299038e-03
5.650053024318986428e-03
5.649010589291602810e-03
5.647968461896216326e-03
5.646926642020347505e-03
5.645885129551516876e-03
5.644843924346567253e-03
5.643803026303246227e-03
5.642762435298848134e-03
5.641722151200441113e-03
5.640682173905771889e-03
5.639642503281910337e-03
5.638603139216376119e-03
5.637564081576239110e-03
5.636525330259244300e-03
5.635486885122236236e-03
5.634448746062959909e-03
5.633410912958712255e-03
5.632373385686785874e-03
5.631336164124475969e-03
5.630299248159303938e-03
5.629262637658338786e-03
5.628226332509100177e-03
5.627190332599109508e-03
5.626154637805659380e-03
5.625119247995823135e-03
5.624084163067342296e-03
5.623049382887289338e-03
5.622014907343183057e-03
5.620980736312318655e-03
5.619946869671990468e-03
5.618913307319945219e-03
5.617880049113026589e-03
5.616847094948980434e-03
5.615814444705101091e-03
5.614782098258683761e-03
5.613750055487022779e-03
5.612718316277638675e-03
5.611686880507827518e-03
5.610655748065108105e-03
5.609624918816550308e-03
5.608594392670125314e-03
5.607564169472452342e-03
5.606534249131501710e-03
5.605504631514343292e-03
5.604475316498271423e-03
5.603446303981032828e-03
5.602417593839920107e-03
5.601389185952231065e-03
5.600361080185032973e-03
5.599333276446298753e-03
5.598305774603096543e-03
5.597278574542946875e-03
5.596251676143144949e-03
5.595225079280985100e-03
5.594198783843988727e-03
5.593172789719673757e-03
5.592147096785337126e-03
5.591121704918274905e-03
5.590096614006004154e-03
5.589071823925820942e-03
5.588047334555021339e-03
5.587023145801575663e-03
5.585999257512102266e-03
5.584975669594571465e-03
5.583952381926280198e-03
5.582929394374296604e-03
5.581906706836366541e-03
5.580884319200011406e-03
5.579862231342523800e-03
5.578840443130975331e-03
5.577818954463110122e-03
5.576797765226449571e-03
5.575776875288062685e-03
5.574756284545694454e-03
5.573735992876641815e-03
5.572716000147972040e-03
5.571696306267657182e-03
5.570676911102766249e-03
5.569657814551045964e-03
5.568639016479564469e-03
5.567620516775844026e-03
5.566602315317177238e-03
5.565584412011536156e-03
5.564566806715765326e-03
5.563549499337835068e-03
5.562532489724364600e-03
5.561515777803775762e-03
5.560499363422686039e-03
5.559483246468617697e-03
5.558467426849541052e-03
5.557451904432525111e-03
5.556436679105089538e-03
5.555421750744531269e-03
5.554407119238369099e-03
5.553392784474122691e-03
5.552378746329088982e-03
5.551365004701012962e-03
5.550351559456961903e-03
5.549338410484459805e-03
5.548325557671024595e-03
5.547313000904175936e-03
5.546300740061210766e-03
5.545288775039873205e-03
5.544277105707233998e-03
5.543265731961038133e-03
5.542254653668354618e-03
5.541243870737154638e-03
5.540233383024283607e-03
5.539223190437710977e-03
5.538213292854732815e-03
5.537203690162868785e-03
5.536194382239413223e-03
5.535185368971888391e-03
5.534176650247812218e-03
5.533168225944480774e-03
5.532160095959640783e-03
5.531152260170584846e-03
5.530144718454609032e-03
5.529137470709459198e-03
5.528130516822655008e-03
5.527123856671492530e-03
5.526117490133265232e-03
5.525111417105719840e-03
5.524105637476376014e-03
5.523100151112303631e-03
5.522094957921473875e-03
5.521090057770955753e-03
5.520085450568719583e-03
5.519081136171611647e-03
5.518077114487601395e-03
5.517073385393984029e-03
5.516069948768055620e-03
5.515066804517784749e-03
5.514063952500017698e-03
5.513061392632950114e-03
5.512059124773425675e-03
5.511057148829416434e-03
5.510055464667992266e-03
5.509054072186897293e-03
5.508052971273652045e-03
5.507052161805551724e-03
5.506051643670117728e-03
5.505051416765094179e-03
5.504051480967777146e-03
5.503051836165686293e-03
5.502052482236115954e-03
5.501053419087038182e-03
5.500054646585521984e-03
5.499056164619088756e-03
5.498057973085481755e-03
5.497060071872224112e-03
5.496062460856608427e-03
5.495065139926156098e-03
5.494068108968387654e-03
5.493071367881048085e-03
5.492074916531207267e-03
5.491078754816611056e-03
5.490082882624779115e-03
5.489087299853458168e-03
5.488092006369716357e-03
5.487097002061074209e-03
5.486102286835503779e-03
5.485107860560074072e-03
5.484113723132530947e-03
5.483119874440394934e-03
5.482126314360959499e-03
5.481133042791972235e-03
5.480140059620951937e-03
5.479147364714969347e-03
5.478154958002445438e-03
5.477162839329998562e-03
5.476171008605600771e-03
5.475179465716771728e-03
5.474188210551031962e-03
5.473197242985677544e-03
5.472206562928677923e-03
5.471216170247102974e-03
5.470226064838697687e-03
5.469236246590985194e-03
5.468246715391482556e-03
5.467257471117485841e-03
5.466268513687191563e-03
5.465279842957444269e-03
5.464291458825988948e-03
5.463303361180346131e-03
5.462315549928487869e-03
5.461328024927256976e-03
5.460340786084624635e-03
5.459353833288111378e-03
5.458367166425237733e-03
5.457380785373298036e-03
5.456394690040264339e-03
5.455408880293205649e-03
5.454423356040092284e-03
5.453438117158221181e-03
5.452453163535110267e-03
5.451468495078731595e-03
5.450484111656155040e-03
5.449500013154900263e-03
5.448516199482940185e-03
5.447532670517566539e-03
5.446549426146302456e-03
5.445566466277117386e-03
5.444583790766855010e-03
5.443601399523489114e-03
5.442619292444762953e-03
5.441637469397746403e-03
5.440655930290410648e-03
5.439674675010276218e-03
5.438693703434638316e-03
5.437713015461242798e-03
5.436732610987834655e-03
5.435752489891709088e-03
5.434772652060385761e-03
5.433793097391611399e-03
5.432813825783130990e-03
5.431834837102014410e-03
5.430856131256231976e-03
5.429877708133305954e-03
5.428899567620754270e-03
5.427921709616324517e-03
5.426944133987084834e-03
5.425966840651232602e-03
5.424989829475836828e-03
5.424013100368868696e-03
5.423036653207622543e-03
5.422060487889845959e-03
5.421084604303057740e-03
5.420109002334777548e-03
5.419133681882752109e-03
5.418158642844728146e-03
5.417183885087772932e-03
5.416209408519859388e-03
5.415235213028506307e-03
5.414261298501235088e-03
5.413287664825566260e-03
5.412314311909469274e-03
5.411341239620014870e-03
5.410368447865174235e-03
5.409395936532467898e-03
5.408423705509415522e-03
5.407451754693762963e-03
5.406480083962804557e-03
5.405508693224513224e-03
5.404537582356181563e-03
5.403566751255556300e-03
5.402596199810158831e-03
5.401625927917733279e-03
5.400655935476025502e-03
5.399686222352106241e-03
5.398716788453944079e-03
5.397747633679288344e-03
5.396778757915656095e-03
5.395810161040344270e-03
5.394841842961323186e-03
5.393873803555888045e-03
5.392906042732009166e-03
5.391938560377207076e-03
5.390971356379003175e-03
5.390004430614691797e-03
5.389037783012693046e-03
5.388071413429854073e-03
5.387105321784369655e-03
5.386139507953534994e-03
5.385173971824870620e-03
5.384208713296121523e-03
5.383243732275259756e-03
5.382279028629354325e-03
5.381314602266375549e-03
5.380350453073845692e-03
5.379386580949508008e-03
5.378422985780884763e-03
5.377459667455496486e-03
5.376496625871087301e-03
5.375533860925403931e-03
5.374571372505965172e-03
5.373609160500293289e-03
5.372647224816359465e-03
5.371685565331457170e-03
5.370724181943332259e-03
5.369763074549732326e-03
5.368802243027949103e-03
5.367841687296181705e-03
5.366881407231724466e-03
5.365921402722097049e-03
5.364961673675270638e-03
5.364002219968541305e-03
5.363043041520103825e-03
5.362084138197028942e-03
5.361125509907287839e-03
5.360167156528173986e-03
5.359209077977886496e-03
5.358251274133717101e-03
5.357293744893413395e-03
5.356336490144495907e-03
5.355379509784709627e-03
5.354422803711800412e-03
5.353466371813288792e-03
5.352510213986919757e-03
5.351554330120214704e-03
5.350598720121143952e-03
5.349643383867002701e-03
5.348688321265762137e-03
5.347733532194717462e-03
5.346779016572064322e-03
5.345824774264872591e-03
5.344870805191339648e-03
5.343917109228758094e-03
5.342963686264651062e-03
5.342010536227438655e-03
5.341057658984190749e-03
5.340105054422428742e-03
5.339152722460347410e-03
5.338200662975242823e-03
5.337248875875085299e-03
5.336297361037170908e-03
5.335346118369469967e-03
5.334395147759502138e-03
5.333444449115240342e-03
5.332494022303751850e-03
5.331543867253460238e-03
5.330593983831435380e-03
5.329644371955872054e-03
5.328695031504066329e-03
5.327745962373763196e-03
5.326797164462709379e-03
5.325848637668649868e-03
5.324900381889330521e-03
5.323952397012271867e-03
5.323004682924993569e-03
5.322057239545693007e-03
5.321110066751664515e-03
5.320163164440653951e-03
5.319216532510407172e-03
5.318270170858670036e-03
5.317324079383187532e-03
5.316378257971481058e-03
5.315432706521295604e-03
5.314487424930376160e-03
5.313542413096470317e-03
5.312597670917322198e-03
5.311653198270227007e-03
5.310708995073382122e-03
5.309765061214307205e-03
5.308821396590748115e-03
5.307878001090224514e-03
5.306934874620708453e-03
5.305992017059495136e-03
5.305049428324779340e-03
5.304107108304083329e-03
5.303165056895151226e-03
5.302223273985504429e-03
5.301281759472888794e-03
5.300340513275499099e-03
5.299399535260407822e-03
5.298458825335582677e-03
5.297518383398772991e-03
5.296578209347721153e-03
5.295638303080174754e-03
5.294698664483653457e-03
5.293759293466128446e-03
5.292820189915120252e-03
5.291881353728374732e-03
5.290942784803637743e-03
5.290004483038654275e-03
5.289066448341395513e-03
5.288128680589157526e-03
5.287191179689909766e-03
5.286253945541398956e-03
5.285316978031145627e-03
5.284380277067120095e-03
5.283443842536843758e-03
5.282507674348286067e-03
5.281571772388968418e-03
5.280636136566862864e-03
5.279700766769488199e-03
5.278765662894590281e-03
5.277830824839915835e-03
5.276896252513435179e-03
5.275961945792443514e-03
5.275027904595137353e-03
5.274094128809036358e-03
5.273160618331887255e-03
5.272227373061435032e-03
5.271294392895425548e-03
5.270361677741830855e-03
5.269429227477944420e-03
5.268497042021963624e-03
5.267565121251183667e-03
5.266633465083801063e-03
5.265702073407333740e-03
5.264770946119531024e-03
5.263840083118136171e-03
5.262909484300895904e-03
5.261979149575781410e-03
5.261049078830313218e-03
5.260119271972460778e-03
5.259189728889746354e-03
5.258260449469689610e-03
5.257331433640712384e-03
5.256402681290334340e-03
5.255474192306077742e-03
5.254545966585685846e-03
5.253618004047356897e-03
5.252690304568385232e-03
5.251762868066967363e-03
5.250835694430623819e-03
5.249908783546875131e-03
5.248982135333916943e-03
5.248055749679269785e-03
5.247129626490905710e-03
5.246203765666570575e-03
5.245278167083557846e-03
5.244352830680514693e-03
5.243427756314287397e-03
5.242502943913295195e-03
5.241578393375286547e-03
5.240654104577554921e-03
5.239730077438296829e-03
5.238806311845032801e-03
5.237882807715959349e-03
5.236959564928371676e-03
5.236036583400465426e-03
5.235113863009535802e-03
5.234191403684005511e-03
5.233269205301168889e-03
5.232347267758771792e-03
5.231425590964785405e-03
5.230504174827180913e-03
5.229583019233478847e-03
5.228662124091649523e-03
5.227741489289213471e-03
5.226821114744367204e-03
5.225901000334405924e-03
5.224981145977527011e-03
5.224061551561250127e-03
5.223142216993545590e-03
5.222223142182385452e-03
5.221304327015289376e-03
5.220385771390003218e-03
5.219467475204273704e-03
5.218549438386520939e-03
5.217631660803816532e-03
5.216714142364129933e-03
5.215796882975433195e-03
5.214879882545696635e-03
5.213963140952217190e-03
5.213046658123414098e-03
5.212130433926358969e-03
5.211214468289471907e-03
5.210298761090048983e-03
5.209383312256512036e-03
5.208468121686607791e-03
5.207553189257628848e-03
5.206638514877548127e-03
5.205724098454335945e-03
5.204809939895963487e-03
5.203896039089951284e-03
5.202982395944271386e-03
5.202069010346442590e-03
5.201155882214662275e-03
5.200243011446675431e-03
5.199330397940229651e-03
5.198418041593068188e-03
5.197505942313163096e-03
5.196594099998261100e-03
5.195682514546106322e-03
5.194771185874896141e-03
5.193860113872151955e-03
5.192949298425391692e-03
5.192038739463039794e-03
5.191128436882840383e-03
5.190218390572313989e-03
5.189308600439431797e-03
5.188399066371715204e-03
5.187489788297584316e-03
5.186580766104560529e-03
5.185671999690389701e-03
5.184763488973267477e-03
5.183855233840716122e-03
5.182947234200705085e-03
5.182039489930528701e-03
5.181132000989286529e-03
5.180224767223597787e-03
5.179317788561882581e-03
5.178411064891662308e-03
5.177504596141357940e-03
5.176598382178041087e-03
5.175692422930131854e-03
5.174786718285151639e-03
5.173881268161295219e-03
5.172976072446084858e-03
5.172071131057716202e-03
5.171166443873484453e-03
5.170262010821811451e-03
5.169357831790217725e-03
5.168453906676449133e-03
5.167550235398702188e-03
5.166646817864946339e-03
5.165743653952478524e-03
5.164840743579495255e-03
5.163938086653966850e-03
5.163035683063413837e-03
5.162133532726032731e-03
5.161231635529344060e-03
5.160329991391544337e-03
5.159428600210378552e-03
5.158527461883594296e-03
5.157626576319160154e-03
5.156725943425049044e-03
5.155825563088781496e-03
5.154925435228553156e-03
5.154025559742109880e-03
5.153125936527196659e-03
5.152226565512237934e-03
5.151327446564300111e-03
5.150428579611807632e-03
5.149529964552504620e-03
5.148631601284137799e-03
5.147733489714678354e-03
5.146835629752096603e-03
5.145938021283913075e-03
5.145040664228324283e-03
5.144143558493302279e-03
5.143246703976592053e-03
5.142383465012049203e-03
5.141567774941518607e-03
5.140752287426489028e-03
5.139937002415832096e-03
5.139121919827746056e-03
5.138307039621327864e-03
5.137492361704549572e-03
5.136677886036509003e-03
5.135863612545627996e-03
5.135049541170554586e-03
5.134235671849935075e-03
5.133422004522418362e-03
5.132608539106199227e-03
5.131795275560378095e-03
5.130982213813375936e-03
5.130169353803839920e-03
5.129356695460192753e-03
5.128544238721080735e-03
5.127731983525152769e-03
5.126919929821280482e-03
5.126108077527660387e-03
5.125296426593167580e-03
5.124484976946220433e-03
5.123673728535694909e-03
5.122862681279785786e-03
5.122051835137592622e-03
5.121241190027310194e-03
5.120430745887587405e-03
5.119620502667297617e-03
5.118810460294861801e-03
5.118000618708927127e-03
5.117190977848141628e-03
5.116381537651152472e-03
5.115572298046382367e-03
5.114763258982702940e-03
5.113954420378311570e-03
5.113145782192306948e-03
5.112337344353110047e-03
5.111529106789143573e-03
5.110721069449280021e-03
5.109913232261941232e-03
5.109105595176001435e-03
5.108298158109655408e-03
5.107490921022001841e-03
5.106683883841464308e-03
5.105877046506687375e-03
5.105070408946095484e-03
5.104263971098334934e-03
5.103457732902053762e-03
5.102651694306125328e-03
5.101845855238970606e-03
5.101040215639236763e-03
5.100234775435346507e-03
5.099429534576172332e-03
5.098624493000362273e-03
5.097819650636338171e-03
5.097015007422746324e-03
5.096210563308460964e-03
5.095406318211677735e-03
5.094602272091496194e-03
5.093798424866111986e-03
5.092994776484397607e-03
5.092191326885001090e-03
5.091388075996345144e-03
5.090585023767300529e-03
5.089782170116065492e-03
5.088979515001738722e-03
5.088177058362966521e-03
5.087374800117945399e-03
5.086572740205323392e-03
5.085770878584198323e-03
5.084969215182992899e-03
5.084167749930128960e-03
5.083366482774478133e-03
5.082565413634238666e-03
5.081764542478732841e-03
5.080963869215933577e-03
5.080163393804937831e-03
5.079363116174168309e-03
5.078563036262270444e-03
5.077763154007894873e-03
5.076963469349686162e-03
5.076163982216068751e-03
5.075364692566138730e-03
5.074565600307869018e-03
5.073766705420808092e-03
5.072968007792475614e-03
5.072169507402421798e-03
5.071371204168842288e-03
5.070573098030385119e-03
5.069775188935922786e-03
5.068977476813877128e-03
5.068179961602897049e-03
5.067382643241627981e-03
5.066585521668718825e-03
5.065788596822815883e-03
5.064991868652792516e-03
5.064195337076845237e-03
5.063399002043847408e-03
5.062602863492445329e-03
5.061806921361288771e-03
5.061011175578796102e-03
5.060215626104068616e-03
5.059420272855302825e-03
5.058625115771143294e-03
5.057830154810691314e-03
5.057035389892143400e-03
5.056240820954144982e-03
5.055446447955794752e-03
5.054652270805064761e-03
5.053858289461053699e-03
5.053064503862407866e-03
5.052270913937550838e-03
5.051477519635352506e-03
5.050684320884237313e-03
5.049891317633077754e-03
5.049098509810295669e-03
5.048305897354538226e-03
5.047513480214678785e-03
5.046721258319139189e-03
5.045929231616791931e-03
5.045137400036058851e-03
5.044345763525813313e-03
5.043554322014478022e-03
5.042763075440698413e-03
5.041972023753349581e-03
5.041181166891077828e-03
5.040390504772079665e-03
5.039600037355452915e-03
5.038809764590070940e-03
5.038019686383905793e-03
5.037229802685829101e-03
5.036440113454939554e-03
5.035650618609434533e-03
5.034861318087960336e-03
5.034072211839390326e-03
5.033283299792145477e-03
5.032494581905325344e-03
5.031706058097126441e-03
5.030917728316421263e-03
5.030129592491631649e-03
5.029341650571630962e-03
5.028553902495067236e-03
5.027766348210810365e-03
5.026978987637060331e-03
5.026191820722688761e-03
5.025404847396117494e-03
5.024618067616444354e-03
5.023831481312092916e-03
5.023045088431933938e-03
5.022258888883940342e-03
5.021472882647660604e-03
5.020687069641291238e-03
5.019901449813704737e-03
5.019116023093323810e-03
5.018330789418795623e-03
5.017545748738992673e-03
5.016760900982338532e-03
5.015976246097703095e-03
5.015191784033962326e-03
5.014407514699084807e-03
5.013623438062396291e-03
5.012839554052317750e-03
5.012055862597271025e-03
5.011272363656354804e-03
5.010489057157991796e-03
5.009705943040828301e-03
5.008923021253737680e-03
5.008140291725140907e-03
5.007357754403913078e-03
5.006575409228699626e-03
5.005793256127923259e-03
5.005011295040232011e-03
5.004229525924722838e-03
5.003447948709818446e-03
5.002666563344392199e-03
5.001885369746639741e-03
5.001104367875659762e-03
5.000323557659874969e-03
4.999542939037931663e-03
4.998762511958703206e-03
4.997982276360837632e-03
4.997202232182980375e-03
4.996422379363780336e-03
4.995642717841885551e-03
4.994863247555943186e-03
4.994083968444599543e-03
4.993304880456728850e-03
4.992525983530976541e-03
4.991747277595767925e-03
4.990968762589747566e-03
4.990190438472013289e-03
4.989412305170990401e-03
4.988634362635547929e-03
4.987856610794111183e-03
4.987079049575100266e-03
4.986301678947840064e-03
4.985524498830525356e-03
4.984747509182256564e-03
4.983970709921228467e-03
4.983194101006539756e-03
4.982417682356388676e-03
4.981641453940096644e-03
4.980865415675861906e-03
4.980089567502330762e-03
4.979313909378601903e-03
4.978538441233098036e-03
4.977763163004465460e-03
4.976988074631351344e-03
4.976213176062630784e-03
4.975438467236949214e-03
4.974663948092953800e-03
4.973889618559068984e-03
4.973115478594389988e-03
4.972341528127340385e-03
4.971567767106793538e-03
4.970794195471395747e-03
4.970020813149569720e-03
4.969247620100413279e-03
4.968474616252348264e-03
4.967701801544023577e-03
4.966929175924310845e-03
4.966156739331857237e-03
4.965384491705310786e-03
4.964612432983318661e-03
4.963840563104528029e-03
4.963068882017812253e-03
4.962297389661819366e-03
4.961526085975195670e-03
4.960754970896589199e-03
4.959984044364647120e-03
4.959213306328241928e-03
4.958442756726021659e-03
4.957672395486408153e-03
4.956902222568499231e-03
4.956132237900718468e-03
4.955362441431936625e-03
4.954592833100802604e-03
4.953823412835738245e-03
4.953054180595841370e-03
4.952285136309533820e-03
4.951516279925688088e-03
4.950747611382953078e-03
4.949979130619975090e-03
4.949210837585627486e-03
4.948442732198107645e-03
4.947674814426736983e-03
4.946907084199939075e-03
4.946139541456361088e-03
4.945372186144876385e-03
4.944605018183681477e-03
4.943838037552324843e-03
4.943071244169002995e-03
4.942304637972363100e-03
4.941538218901053194e-03
4.940771986914172832e-03
4.940005941929916794e-03
4.939240083917609096e-03
4.938474412785220924e-03
4.937708928512301622e-03
4.936943631006823242e-03
4.936178520217656546e-03
4.935413596093675762e-03
4.934648858573528057e-03
4.933884307595862335e-03
4.933119943119773816e-03
4.932355765053236286e-03
4.931591773365572029e-03
4.930827967985203751e-03
4.930064348850778620e-03
4.929300915911169131e-03
4.928537669115249514e-03
4.927774608381214547e-03
4.927011733678389113e-03
4.926249044924968859e-03
4.925486542080053341e-03
4.924724225072064400e-03
4.923962093849873663e-03
4.923200148352129164e-03
4.922438388517478072e-03
4.921676814294794616e-03
4.920915425632950424e-03
4.920154222439915813e-03
4.919393204695242730e-03
4.918632372327350413e-03
4.917871725264662437e-03
4.917111263466275757e-03
4.916350986881064603e-03
4.915590895417000158e-03
4.914830989053630035e-03
4.914071267698927152e-03
4.913311731322212925e-03
4.912552379862137122e-03
4.911793213236896258e-03
4.911034231415811746e-03
4.910275434327308897e-03
4.909516821910032275e-03
4.908758394112856110e-03
4.908000150884652031e-03
4.907242092153843611e-03
4.906484217869303346e-03
4.905726527969677536e-03
4.904969022393615950e-03
4.904211701089988482e-03
4.903454564007670227e-03
4.902697611075082160e-03
4.901940842230872314e-03
4.901184257444363840e-03
4.900427856623528790e-03
4.899671639727463252e-03
4.898915606705043189e-03
4.898159757484687842e-03
4.897404092015272305e-03
4.896648610235442879e-03
4.895893312094072060e-03
4.895138197529807882e-03
4.894383266481297512e-03
4.893628518897414313e-03
4.892873954706579258e-03
4.892119573878117231e-03
4.891365376330224744e-03
4.890611362001548099e-03
4.889857530861412178e-03
4.889103882838237956e-03
4.888350417860448140e-03
4.887597135897366746e-03
4.886844036856964092e-03
4.886091120718789524e-03
4.885338387401040421e-03
4.884585836862813737e-03
4.883833469022307722e-03
4.883081283848844656e-03
4.882329281270846380e-03
4.881577461226961796e-03
4.880825823676288727e-03
4.880074368547248145e-03
4.879323095778488086e-03
4.878572005329106370e-03
4.877821097137751034e-03
4.877070371132844785e-03
4.876319827273485445e-03
4.875569465498319315e-03
4.874819285735769968e-03
4.874069287955159688e-03
4.873319472074685854e-03
4.872569838053447157e-03
4.871820385830090763e-03
4.871071115333037646e-03
4.870322026531612690e-03
4.869573119344011540e-03
4.868824393729332886e-03
4.868075849626225630e-03
4.867327486973334338e-03
4.866579305719534974e-03
4.865831305803472104e-03
4.865083487174020824e-03
4.864335849759602107e-03
4.863588393519313775e-03
4.862841118391803864e-03
4.862094024315720409e-03
4.861347111250160363e-03
4.860600379113321108e-03
4.859853827854076005e-03
4.859107457431522878e-03
4.858361267774082698e-03
4.857615258830629695e-03
4.856869430550036365e-03
4.856123782860724547e-03
4.855378315711566736e-03
4.854633029061661623e-03
4.853887922839431913e-03
4.853142996983523909e-03
4.852398251442810971e-03
4.851653686166166463e-03
4.850909301082010489e-03
4.850165096159669668e-03
4.849421071317338780e-03
4.848677226514115646e-03
4.847933561678422973e-03
4.847190076769359451e-03
4.846446771725571381e-03
4.845703646475482337e-03
4.844960700988415470e-03
4.844217935192791750e-03
4.843475349027260082e-03
4.842732942450917420e-03
4.841990715392186471e-03
4.841248667810165926e-03
4.840506799633276756e-03
4.839765110810392325e-03
4.839023601290385994e-03
4.838282271011904931e-03
4.837541119913596303e-03
4.836800147954557934e-03
4.836059355063213397e-03
4.835318741188433453e-03
4.834578306279092332e-03
4.833838050273838068e-03
4.833097973121541421e-03
4.832358074750625967e-03
4.831618355120190396e-03
4.830878814179106334e-03
4.830139451845570295e-03
4.829400268088907162e-03
4.828661262847763237e-03
4.827922436060786554e-03
4.827183787666625148e-03
4.826445317624375973e-03
4.825707025862461738e-03
4.824968912329755805e-03
4.824230976985355128e-03
4.823493219747457088e-03
4.822755640575160374e-03
4.822018239417336614e-03
4.821281016202409384e-03
4.820543970889476504e-03
4.819807103417184276e-03
4.819070413724181601e-03
4.818333901759340974e-03
4.817597567471533157e-03
4.816861410799409653e-03
4.816125431691839487e-03
4.815389630077247102e-03
4.814654005924954780e-03
4.813918559153159901e-03
4.813183289731185616e-03
4.812448197577229303e-03
4.811713282660614981e-03
4.810978544919988081e-03
4.810243984283772180e-03
4.809509600700840638e-03
4.808775394140514872e-03
4.808041364510768668e-03
4.807307511780924310e-03
4.806573835889629831e-03
4.805840336785756860e-03
4.805107014397728971e-03
4.804373868684643119e-03
4.803640899585148206e-03
4.802908107048115861e-03
4.802175491012193251e-03
4.801443051426254605e-03
4.800710788228947090e-03
4.799978701369143202e-03
4.799246790795714569e-03
4.798515056447310960e-03
4.797783498283029330e-03
4.797052116221066191e-03
4.796320910220519367e-03
4.795589880230263953e-03
4.794859026188945383e-03
4.794128348045436153e-03
4.793397845738385163e-03
4.792667519226889369e-03
4.791937368429147887e-03
4.791207393314480395e-03
4.790477593821538399e-03
4.789747969888966464e-03
4.789018521465638820e-03
4.788289248490201766e-03
4.787560150921754860e-03
4.786831228698945270e-03
4.786102481760420163e-03
4.785373910055052034e-03
4.784645513531714245e-03
4.783917292129053964e-03
4.783189245795944552e-03
4.782461374481258506e-03
4.781733678113417665e-03
4.781006156661746047e-03
4.780278810054665491e-03
4.779551638241049359e-03
4.778824641159543953e-03
4.778097818779474155e-03
4.777371171008810286e-03
4.776644697827101688e-03
4.775918399172996397e-03
4.775192274964690925e-03
4.774466325181732883e-03
4.773740549742320517e-03
4.773014948605551651e-03
4.772289521720298779e-03
4.771564269025209935e-03
4.770839190469157616e-03
4.770114285990788988e-03
4.769389555538978281e-03
4.768664999062596256e-03
4.767940616510517142e-03
4.767216407811162779e-03
4.766492372933856317e-03
4.765768511796795136e-03
4.765044824369302386e-03
4.764321310579800774e-03
4.763597970387387255e-03
4.762874803740936060e-03
4.762151810558642832e-03
4.761428990809832458e-03
4.760706344443376564e-03
4.759983871387696991e-03
4.759261571591667968e-03
4.758539445014386450e-03
4.757817491594501340e-03
4.757095711270658070e-03
4.756374103991731737e-03
4.755652669716819297e-03
4.754931408364116395e-03
4.754210319902948782e-03
4.753489404282188087e-03
4.752768661420031689e-03
4.752048091296028065e-03
4.751327693828373729e-03
4.750607468976167369e-03
4.749887416678056154e-03
4.749167536893138773e-03
4.748447829560062394e-03
4.747728294607248857e-03
4.747008932024472834e-03
4.746289741709480182e-03
4.745570723641819380e-03
4.744851877739688674e-03
4.744133203972410347e-03
4.743414702278631566e-03
4.742696372607226561e-03
4.741978214896841633e-03
4.741260229096349275e-03
4.740542415144398392e-03
4.739824773000086804e-03
4.739107302612287007e-03
4.738390003919647035e-03
4.737672876860813190e-03
4.736955921394884160e-03
4.736239137460507981e-03
4.735522524996330952e-03
4.734806083971677959e-03
4.734089814314971709e-03
4.733373715975082961e-03
4.732657788900885946e-03
4.731942033041252292e-03
4.731226448334830900e-03
4.730511034730494266e-03
4.729795792177114884e-03
4.729080720623565250e-03
4.728365820008493398e-03
4.727651090290998018e-03
4.726936531399500950e-03
4.726222143293099150e-03
4.725507925920666846e-03
4.724793879210625880e-03
4.724080003132299400e-03
4.723366297614109248e-03
4.722652762615155847e-03
4.721939398084309090e-03
4.721226203949992553e-03
4.720513180171304057e-03
4.719800326697116966e-03
4.719087643466078445e-03
4.718375130437286319e-03
4.717662787549389489e-03
4.716950614741034255e-03
4.716238611961093112e-03
4.715526779168664750e-03
4.714815116312622532e-03
4.714103623321388298e-03
4.713392300154059002e-03
4.712681146749283546e-03
4.711970163066160622e-03
4.711259349033110333e-03
4.710548704609233105e-03
4.709838229753625025e-03
4.709127924394710535e-03
4.708417788481360396e-03
4.707707821962449704e-03
4.706998024786848353e-03
4.706288396903431440e-03
4.705578938250845264e-03
4.704869648777963188e-03
4.704160528454109230e-03
4.703451577197479902e-03
4.702742794956947699e-03
4.702034181691610443e-03
4.701325737350342364e-03
4.700617461871789762e-03
4.699909355204826000e-03
4.699201417298322705e-03
4.698493648101154975e-03
4.697786047551969109e-03
4.697078615599637602e-03
4.696371352213483605e-03
4.695664257311706231e-03
4.694957330843175375e-03
4.694250572777216787e-03
4.693543983042251441e-03
4.692837561597378027e-03
4.692131308381243711e-03
4.691425223342721856e-03
4.690719306430684958e-03
4.690013557594005511e-03
4.689307976781556878e-03
4.688602563931987093e-03
4.687897318994167783e-03
4.687192241927197640e-03
4.686487332669724698e-03
4.685782591170620584e-03
4.685078017368535068e-03
4.684373611232788698e-03
4.683669372691805916e-03
4.682965301694458349e-03
4.682261398189618493e-03
4.681557662136386772e-03
4.680854093473408618e-03
4.680150692149558263e-03
4.679447458103482005e-03
4.678744391294277667e-03
4.678041491660594152e-03
4.677338759171754609e-03
4.676636193745955551e-03
4.675933795342295668e-03
4.675231563919871915e-03
4.674529499407107866e-03
4.673827601773326672e-03
4.673125870946950172e-03
4.672424306876850862e-03
4.671722909522128299e-03
4.671021678831654110e-03
4.670320614744076330e-03
4.669619717208267455e-03
4.668918986173100846e-03
4.668218421597674327e-03
4.667518023410410603e-03
4.666817791570406632e-03
4.666117726016311314e-03
4.665417826717446932e-03
4.664718093592010867e-03
4.664018526619553330e-03
4.663319125728494427e-03
4.662619890857482192e-03
4.661920821986065971e-03
4.661221919032442276e-03
4.660523181965935992e-03
4.659824610714967223e-03
4.659126205238634660e-03
4.658427965496037861e-03
4.657729891405371601e-03
4.657031982946186095e-03
4.656334240046903182e-03
4.655636662666622419e-03
4.654939250743988371e-03
4.654242004227876137e-03
4.653544923077382670e-03
4.652848007241383067e-03
4.652151256648296568e-03
4.651454671267448923e-03
4.650758251027261106e-03
4.650061995897056266e-03
4.649365905815483306e-03
4.648669980731414721e-03
4.647974220593723005e-03
4.647278625341054459e-03
4.646583194942735702e-03
4.645887929327185972e-03
4.645192828453505694e-03
4.644497892270564761e-03
4.643803120727239137e-03
4.643108513762175121e-03
4.642414071324246078e-03
4.641719793372548961e-03
4.641025679855957133e-03
4.640331730713117761e-03
4.639637945903131271e-03
4.638944325364642227e-03
4.638250869056751054e-03
4.637557576918103185e-03
4.636864448907799044e-03
4.636171484964484064e-03
4.635478685026808016e-03
4.634786049074317640e-03
4.634093577035435646e-03
4.633401268859036262e-03
4.632709124493991117e-03
4.632017143899398899e-03
4.631325327013905910e-03
4.630633673786386378e-03
4.629942184165712800e-03
4.629250858110982997e-03
4.628559695560845871e-03
4.627868696464172184e-03
4.627177860780062359e-03
4.626487188447160961e-03
4.625796679414343957e-03
4.625106333630482104e-03
4.624416151054674962e-03
4.623726131625569696e-03
4.623036275292037936e-03
4.622346582013180105e-03
4.621657051717416309e-03
4.620967684384297627e-03
4.620278479942243298e-03
4.619589438340128418e-03
4.618900559526825482e-03
4.618211843461432313e-03
4.617523290082596078e-03
4.616834899359641663e-03
4.616146671210763844e-03
4.615458605605288374e-03
4.614770702492086880e-03
4.614082961809807398e-03
4.613395383517546883e-03
4.612707967564179563e-03
4.612020713888353475e-03
4.611333622449164706e-03
4.610646693195488352e-03
4.609959926076195175e-03
4.609273321040160271e-03
4.608586878036254400e-03
4.607900597003126465e-03
4.607214477910099616e-03
4.606528520706047215e-03
4.605842725319389368e-03
4.605157091709227365e-03
4.604471619834657296e-03
4.603786309634327195e-03
4.603101161057110424e-03
4.602416174062104806e-03
4.601731348598182836e-03
4.601046684603991681e-03
4.600362182038630898e-03
4.599677840840747656e-03
4.598993660969439776e-03
4.598309642373579753e-03
4.597625785012267145e-03
4.596942088813922057e-03
4.596258553737644914e-03
4.595575179732306476e-03
4.594891966767232494e-03
4.594208914750392420e-03
4.593526023671562659e-03
4.592843293459163319e-03
4.592160724062068627e-03
4.591478315449600868e-03
4.590796067550182748e-03
4.590113980322913824e-03
4.589432053716664857e-03
4.588750287680310076e-03
4.588068682172947305e-03
4.587387237122999249e-03
4.586705952499789060e-03
4.586024828252188365e-03
4.585343864318846933e-03
4.584663060648635526e-03
4.583982417210879026e-03
4.583301933934000143e-03
4.582621610777094963e-03
4.581941447699263911e-03
4.581261444639153288e-03
4.580581601545635588e-03
4.579901918377810369e-03
4.579222395074324797e-03
4.578543031594276697e-03
4.577863827886538561e-03
4.577184783899983754e-03
4.576505899583485637e-03
4.575827174875690510e-03
4.575148609756148586e-03
4.574470204153280838e-03
4.573791958026186821e-03
4.573113871313512838e-03
4.572435943974357576e-03
4.571758175957594400e-03
4.571080567212094936e-03
4.570403117696958742e-03
4.569725827350832117e-03
4.569048696132814620e-03
4.568371723981553417e-03
4.567694910856145464e-03
4.567018256705464123e-03
4.566341761488608951e-03
4.565665425144227116e-03
4.564989247621190245e-03
4.564313228878597029e-03
4.563637368855095501e-03
4.562961667520009680e-03
4.562286124811985866e-03
4.561610740679896553e-03
4.560935515072616839e-03
4.560260447949242811e-03
4.559585539258648700e-03
4.558910788949706999e-03
4.558236196971289338e-03
4.557561763272270812e-03
4.556887487811747510e-03
4.556213370528368334e-03
4.555539411391457301e-03
4.554865610319209189e-03
4.554191967291175078e-03
4.553518482256225727e-03
4.552845155153010907e-03
4.552171985940627573e-03
4.551498974567948219e-03
4.550826120983847076e-03
4.550153425137194903e-03
4.549480886976866797e-03
4.548808506472186777e-03
4.548136283551574080e-03
4.547464218174129130e-03
4.546792310288723556e-03
4.546120559864682241e-03
4.545448966820200831e-03
4.544777531134829539e-03
4.544106252736989336e-03
4.543435131596004241e-03
4.542764167650521420e-03
4.542093360859640432e-03
4.541422711172232902e-03
4.540752218537171328e-03
4.540081882903329938e-03
4.539411704229805687e-03
4.538741682455247478e-03
4.538071817548977593e-03
4.537402109449644068e-03
4.536732558106119396e-03
4.536063163477503137e-03
4.535393925512666916e-03
4.534724844160484096e-03
4.534055919369826305e-03
4.533387151089568641e-03
4.532718539289033385e-03
4.532050083906867706e-03
4.531381784891945833e-03
4.530713642193138525e-03
4.530045655769547076e-03
4.529377825570041378e-03
4.528710151543495661e-03
4.528042633649007748e-03
4.527375271825225672e-03
4.526708066041472585e-03
4.526041016226171193e-03
4.525374122348644647e-03
4.524707384357766309e-03
4.524040802202408673e-03
4.523374375831444236e-03
4.522708105203971686e-03
4.522041990258638192e-03
4.521376030954542442e-03
4.520710227240557801e-03
4.520044579086006549e-03
4.519379086409085200e-03
4.518713749189345701e-03
4.518048567365431749e-03
4.517383540896444637e-03
4.516718669721029797e-03
4.516053953808512114e-03
4.515389393097538756e-03
4.514724987547207545e-03
4.514060737106391843e-03
4.513396641713738819e-03
4.512732701348797816e-03
4.512068915939989808e-03
4.511405285446414351e-03
4.510741809827170136e-03
4.510078489031129657e-03
4.509415322996939215e-03
4.508752311693922828e-03
4.508089455060728529e-03
4.507426753056454141e-03
4.506764205629973895e-03
4.506101812730158550e-03
4.505439574326333858e-03
4.504777490346919926e-03
4.504115560751017176e-03
4.503453785497721698e-03
4.502792164535906853e-03
4.502130697824672199e-03
4.501469385292438709e-03
4.500808226918756594e-03
4.500147222642271287e-03
4.499486372411857019e-03
4.498825676186611611e-03
4.498165133925634621e-03
4.497504745567571481e-03
4.496844511061296422e-03
4.496184430365907266e-03
4.495524503440502702e-03
4.494864730233954359e-03
4.494205110684912005e-03
4.493545644762697057e-03
4.492886332416183744e-03
4.492227173584018365e-03
4.491568168235525807e-03
4.490909316319577696e-03
4.490250617785048262e-03
4.489592072580809133e-03
4.488933680665959866e-03
4.488275441989372089e-03
4.487617356499919163e-03
4.486959424156699780e-03
4.486301644908586433e-03
4.485644018704452486e-03
4.484986545503394026e-03
4.484329225264512345e-03
4.483672057926453743e-03
4.483015043438090715e-03
4.482358181768746411e-03
4.481701472857069733e-03
4.481044916672383832e-03
4.480388513143109680e-03
4.479732262238573029e-03
4.479076163907644639e-03
4.478420218109424068e-03
4.477764424782558483e-03
4.477108783875921247e-03
4.476453295369059969e-03
4.475797959200623552e-03
4.475142775309259163e-03
4.474487743664289953e-03
4.473832864214589283e-03
4.473178136919254977e-03
4.472523561706708874e-03
4.471869138566727381e-03
4.471214867417505276e-03
4.470560748228365709e-03
4.469906780958409105e-03
4.469252965556507091e-03
4.468599301951081508e-03
4.467945790131907027e-03
4.467292430037631684e-03
4.466639221606901779e-03
4.465986164809042196e-03
4.465333259592926297e-03
4.464680505907423977e-03
4.464027903711637393e-03
4.463375452964661767e-03
4.462723153594920673e-03
4.462071005581962589e-03
4.461419008864435549e-03
4.460767163401437377e-03
4.460115469141840566e-03
4.459463926034519347e-03
4.458812534048796003e-03
4.458161293123319435e-03
4.457510203206960404e-03
4.456859264279270857e-03
4.456208476258444705e-03
4.455557839124032159e-03
4.454907352814680387e-03
4.454257017299714273e-03
4.453606832507554791e-03
4.452956798417750418e-03
4.452306914958723862e-03
4.451657182099800006e-03
4.451007599789850479e-03
4.450358167987973103e-03
4.449708886632815913e-03
4.449059755693702926e-03
4.448410775119507506e-03
4.447761944859100411e-03
4.447113264871582067e-03
4.446464735095598773e-03
4.445816355510700743e-03
4.445168126045308081e-03
4.444520046668746539e-03
4.443872117319662418e-03
4.443224337967378867e-03
4.442576708560770984e-03
4.441929229048709529e-03
4.441281899390293192e-03
4.440634719534395335e-03
4.439987689429889320e-03
4.439340809046097430e-03
4.438694078321667701e-03
4.438047497215698821e-03
4.437401065687288614e-03
4.436754783675085113e-03
4.436108651148411471e-03
4.435462668045913985e-03
4.434816834347144604e-03
4.434171149970298105e-03
4.433525614894923833e-03
4.432880229069894283e-03
4.432234992444082818e-03
4.431589904976588126e-03
4.430944966616282704e-03
4.430300177322264374e-03
4.429655537033180303e-03
4.429011045728581571e-03
4.428366703336888283e-03
4.427722509827424456e-03
4.427078465149064321e-03
4.426434569250677770e-03
4.425790822111816750e-03
4.425147223650677773e-03
4.424503773836583123e-03
4.423860472628631489e-03
4.423217319975696234e-03
4.422574315826649852e-03
4.421931460150815493e-03
4.421288752886841193e-03
4.420646193993826509e-03
4.420003783430867528e-03
4.419361521136612285e-03
4.418719407090610993e-03
4.418077441221284624e-03
4.417435623497957195e-03
4.416793953869502069e-03
4.416152432295016202e-03
4.415511058713148494e-03
4.414869833103446557e-03
4.414228755404560160e-03
4.413587825565360064e-03
4.412947043544944957e-03
4.412306409312638858e-03
4.411665922796864474e-03
4.411025583977169415e-03
4.410385392781976388e-03
4.409745349190835606e-03
4.409105453132166307e-03
4.408465704585521304e-03
4.407826103499770491e-03
4.407186649813562770e-03
4.406547343485996832e-03
4.405908184486394090e-03
4.405269172763629643e-03
4.404630308256349790e-03
4.403991590933879416e-03
4.403353020755315476e-03
4.402714597659306874e-03
4.402076321604949695e-03
4.401438192561570560e-03
4.400800210457587840e-03
4.400162375272554348e-03
4.399524686955340845e-03
4.398887145444595366e-03
4.398249750719866388e-03
4.397612502709577487e-03
4.396975401383050076e-03
4.396338446689159254e-03
4.395701638587001976e-03
4.395064977035676931e-03
4.394428461984057482e-03
4.393792093381015257e-03
4.393155871195875140e-03
4.392519795367283431e-03
4.391883865864564147e-03
4.391248082626366192e-03
4.390612445622011847e-03
4.389976954800373608e-03
4.389341610120551899e-03
4.388706411531416614e-03
4.388071358981843716e-03
4.387436452441153753e-03
4.386801691858222690e-03
4.386167077192145748e-03
4.385532608381572696e-03
4.384898285395826684e-03
4.384264108194005534e-03
4.383630076714756414e-03
4.382996190937629537e-03
4.382362450791046742e-03
4.381728856234104984e-03
4.381095407236130015e-03
4.380462103745992597e-03
4.379828945722792286e-03
4.379195933105176249e-03
4.378563065862469371e-03
4.377930343953766873e-03
4.377297767317719392e-03
4.376665335923649210e-03
4.376033049720428822e-03
4.375400908656932458e-03
4.374768912702481534e-03
4.374137061805951146e-03
4.373505355926439117e-03
4.372873795012817075e-03
4.372242379024185444e-03
4.371611107909414984e-03
4.370979981637829713e-03
4.370349000148078533e-03
4.369718163399258400e-03
4.369087471350468870e-03
4.368456923960806898e-03
4.367826521168920520e-03
4.367196262954358213e-03
4.366566149265993339e-03
4.365936180042473934e-03
4.365306355263348474e-03
4.364676674857039668e-03
4.364047138803095124e-03
4.363417747040162879e-03
4.362788499527342490e-03
4.362159396233956238e-03
4.361530437098653026e-03
4.360901622090754270e-03
4.360272951148909740e-03
4.359644424242440849e-03
4.359016041320223564e-03
4.358387802341353104e-03
4.357759707254703699e-03
4.357131756019374039e-03
4.356503948604687274e-03
4.355876284949290571e-03
4.355248765012282620e-03
4.354621388752761245e-03
4.353994156119600674e-03
4.353367067071897863e-03
4.352740121568750634e-03
4.352113319569259411e-03
4.351486661022294956e-03
4.350860145876730631e-03
4.350233774101891319e-03
4.349607545656873978e-03
4.348981460480326640e-03
4.348355518531347129e-03
4.347729719779259462e-03
4.347104064172937002e-03
4.346478551661252243e-03
4.345853182203302141e-03
4.345227955768412448e-03
4.344602872295230331e-03
4.343977931742852745e-03
4.343353134070379248e-03
4.342728479236907663e-03
4.342103967191309616e-03
4.341479597892685532e-03
4.340855371310358563e-03
4.340231287372749679e-03
4.339607346059409093e-03
4.338983547319208434e-03
4.338359891101022797e-03
4.337736377363948272e-03
4.337113006067084414e-03
4.336489777169528180e-03
4.335866690630379994e-03
4.335243746388284421e-03
4.334620944412568080e-03
4.333998284662327061e-03
4.333375767076210264e-03
4.332753391633765300e-03
4.332131158283867266e-03
4.331509066975386922e-03
4.330887117667424693e-03
4.330265310308850472e-03
4.329643644879216206e-03
4.329022121306941133e-03
4.328400739561351872e-03
4.327779499601545378e-03
4.327158401386620341e-03
4.326537444865448390e-03
4.325916629997129080e-03
4.325295956730534908e-03
4.324675425024764562e-03
4.324055034849141194e-03
4.323434786152537297e-03
4.322814678883826235e-03
4.322194713002106697e-03
4.321574888476701834e-03
4.320955205246258812e-03
4.320335663280102517e-03
4.319716262516879249e-03
4.319097002936138352e-03
4.318477884486753189e-03
4.317858907127821583e-03
4.317240070797991568e-03
4.316621375476811621e-03
4.316002821102928912e-03
4.315384407655893650e-03
4.314766135064126810e-03
4.314148003296953277e-03
4.313530012313470871e-03
4.312912162072776549e-03
4.312294452533969868e-03
4.311676883625472669e-03
4.311059455347284949e-03
4.310442167617604091e-03
4.309825020415976836e-03
4.309208013701504476e-03
4.308591147412833312e-03
4.307974421519285627e-03
4.307357835969735649e-03
4.306741390733506529e-03
4.306125085759472497e-03
4.305508920996505180e-03
4.304892896424153056e-03
4.304277011970839700e-03
4.303661267616113589e-03
4.303045663308848086e-03
4.302430198997914818e-03
4.301814874652637802e-03
4.301199690232116596e-03
4.300584645685221960e-03
4.299969740960828991e-03
4.299354976028260840e-03
4.298740350846614461e-03
4.298125865364763216e-03
4.297511519541806664e-03
4.296897313336841759e-03
4.296283246708968058e-03
4.295669319607056322e-03
4.295055531990207842e-03
4.294441883827743167e-03
4.293828375068537394e-03
4.293215005661461282e-03
4.292601775575841452e-03
4.291988684760548664e-03
4.291375733174681607e-03
4.290762920787564300e-03
4.290150247537843908e-03
4.289537713394844451e-03
4.288925318307437555e-03
4.288313062234723645e-03
4.287700945146025004e-03
4.287088966990214127e-03
4.286477127716165243e-03
4.285865427293201503e-03
4.285253865670195401e-03
4.284642442806245628e-03
4.284031158660450006e-03
4.283420013202132552e-03
4.282809006369941301e-03
4.282198138122973209e-03
4.281587408430553160e-03
4.280976817241552781e-03
4.280366364515072498e-03
4.279756050210208398e-03
4.279145874286060039e-03
4.278535836691499047e-03
4.277925937395850309e-03
4.277316176347987185e-03
4.276706553507006632e-03
4.276097068832007339e-03
4.275487722282087996e-03
4.274878513816345559e-03
4.274269443383654256e-03
4.273660510953338106e-03
4.273051716464043408e-03
4.272443059895320375e-03
4.271834541196040634e-03
4.271226160325302876e-03
4.270617917231981329e-03
4.270009811885397411e-03
4.269401844234426216e-03
4.268794014248389161e-03
4.268186321876161343e-03
4.267578767066614390e-03
4.266971349799298513e-03
4.266364070012858278e-03
4.265756927676621173e-03
4.265149922749683284e-03
4.264543055170692647e-03
4.263936324919197739e-03
4.263329731954298117e-03
4.262723276214640082e-03
4.262116957669547651e-03
4.261510776278119514e-03
4.260904731999452626e-03
4.260298824782422084e-03
4.259693054596349303e-03
4.259087421390109381e-03
4.258481925122799272e-03
4.257876565753517667e-03
4.257271343251586848e-03
4.256666257555656585e-03
4.256061308635049160e-03
4.255456496438637937e-03
4.254851820945971391e-03
4.254247282095697559e-03
4.253642879846914263e-03
4.253038614168946387e-03
4.252434485010665559e-03
4.251830492320945142e-03
4.251226636089559807e-03
4.250622916234706068e-03
4.250019332746157730e-03
4.249415885562562827e-03
4.248812574653246243e-03
4.248209399987529396e-03
4.247606361483610531e-03
4.247003459141488781e-03
4.246400692899812181e-03
4.245798062727904748e-03
4.245195568574638111e-03
4.244593210388886498e-03
4.243990988150197520e-03
4.243388901807445407e-03
4.242786951309502654e-03
4.242185136635917737e-03
4.241583457725339561e-03
4.240981914547090406e-03
4.240380507050042769e-03
4.239779235203522401e-03
4.239178098956400062e-03
4.238577098288226833e-03
4.237976233127423685e-03
4.237375503443312902e-03
4.236774909205221103e-03
4.236174450362019048e-03
4.235574126883030754e-03
4.234973938706905125e-03
4.234373885802964442e-03
4.233773968130307395e-03
4.233174185658256268e-03
4.232574538325460829e-03
4.231975026101244229e-03
4.231375648944704290e-03
4.230776406804712640e-03
4.230177299660821226e-03
4.229578327441449286e-03
4.228979490136373226e-03
4.228380787684240215e-03
4.227782220054373402e-03
4.227183787195645283e-03
4.226585489077380742e-03
4.225987325648452274e-03
4.225389296878183029e-03
4.224791402705221043e-03
4.224193643119340986e-03
4.223596018048962966e-03
4.222998527483865124e-03
4.222401171352465829e-03
4.221803949624091702e-03
4.221206862268065026e-03
4.220609909233258294e-03
4.220013090488995526e-03
4.219416405973924755e-03
4.218819855667594459e-03
4.218223439508652674e-03
4.217627157486874070e-03
4.217031009530679622e-03
4.216434995609394214e-03
4.215839115682114800e-03
4.215243369718166266e-03
4.214647757656195780e-03
4.214052279475752685e-03
4.213456935125708611e-03
4.212861724554937785e-03
4.212266647753214882e-03
4.211671704648960006e-03
4.211076895211499777e-03
4.210482219399930282e-03
4.209887677183575538e-03
4.209293268501083582e-03
4.208698993321777562e-03
4.208104851614982364e-03
4.207510843329568748e-03
4.206916968434862465e-03
4.206323226859284489e-03
4.205729618602835687e-03
4.205136143604162359e-03
4.204542801822363195e-03
4.203949593216536884e-03
4.203356517745780382e-03
4.202763575369194114e-03
4.202170766066325690e-03
4.201578089765597816e-03
4.200985546436333644e-03
4.200393136058082517e-03
4.199800858559267144e-03
4.199208713919435135e-03
4.198616702097686046e-03
4.198024823032667913e-03
4.197433076714153673e-03
4.196841463080790494e-03
4.196249982091678800e-03
4.195658633726366202e-03
4.195067417923500734e-03
4.194476334652405547e-03
4.193885383861954003e-03
4.193294565521469251e-03
4.192703879590050850e-03
4.192113326037021082e-03
4.191522904790801786e-03
4.190932615851393830e-03
4.190342459147219922e-03
4.189752434647603212e-03
4.189162542321865981e-03
4.188572782108657133e-03
4.187983153987526012e-03
4.187393657917569574e-03
4.186804293847662048e-03
4.186215061736900389e-03
4.185625961554610350e-03
4.185036993249662690e-03
4.184448156801607623e-03
4.183859452138866120e-03
4.183270879251214588e-03
4.182682438077299329e-03
4.182094128586444359e-03
4.181505950737746634e-03
4.180917904500531905e-03
4.180329989813446473e-03
4.179742206666265010e-03
4.179154554987409356e-03
4.178567034746204396e-03
4.177979645901747086e-03
4.177392388433586769e-03
4.176805262280371481e-03
4.176218267421649699e-03
4.175631403785844131e-03
4.175044671352503255e-03
4.174458070080725759e-03
4.173871599939835662e-03
4.173285260878704592e-03
4.172699052856431237e-03
4.172112975832115156e-03
4.171527029764854171e-03
4.170941214623971431e-03
4.170355530368564760e-03
4.169769976957732847e-03
4.169184554350575250e-03
4.168599262495962729e-03
4.168014101363221036e-03
4.167429070921672453e-03
4.166844171109965016e-03
4.166259401907648069e-03
4.165704460605634471e-03
4.165167663527789138e-03
4.164630974082796956e-03
4.164094392260433465e-03
4.163557918019796487e-03
4.163021551340435368e-03
4.162485292191673257e-03
4.161949140542835039e-03
4.161413096383694520e-03
4.160877159663124193e-03
4.160341330381124060e-03
4.159805608476343022e-03
4.159269993948779345e-03
4.158734486757531719e-03
4.158199086882150355e-03
4.157663794291957537e-03
4.157128608956278150e-03
4.156593530854660670e-03
4.156058559956429116e-03
4.155523696241131965e-03
4.154988939667867906e-03
4.154454290216186285e-03
4.153919747855411120e-03
4.153385312575317082e-03
4.152850984314550471e-03
4.152316763083336616e-03
4.151782648820325286e-03
4.151248641525513879e-03
4.150714741168226411e-03
4.150180947697337981e-03
4.149647261123072181e-03
4.149113681373850851e-03
4.148580208459899318e-03
4.148046842340317140e-03
4.147513582984427467e-03
4.146980430361553449e-03
4.146447384461470625e-03
4.145914445253501279e-03
4.145381612686520507e-03
4.144848886760525708e-03
4.144316267424391978e-03
4.143783754678117583e-03
4.143251348480802079e-03
4.142719048801767751e-03
4.142186855620565676e-03
4.141654768896292811e-03
4.141122788618723828e-03
4.140590914757182744e-03
4.140059147280993578e-03
4.139527486159479477e-03
4.138995931372189789e-03
4.138464482898672990e-03
4.137933140687804177e-03
4.137401904739579882e-03
4.136870775002876068e-03
4.136339751467465672e-03
4.135808834102672714e-03
4.135278022888046537e-03
4.134747317772460504e-03
4.134216718755912880e-03
4.133686225797504089e-03
4.133155838866556415e-03
4.132625557952845398e-03
4.132095383015467992e-03
4.131565314023749082e-03
4.131035350957238013e-03
4.130505493805707723e-03
4.129975742507807114e-03
4.129446097063536186e-03
4.128916557431992762e-03
4.128387123592726186e-03
4.127857795515059609e-03
4.127328573178543243e-03
4.126799456552499371e-03
4.126270445596027549e-03
4.125741540309126910e-03
4.125212740640670818e-03
4.124684046580433944e-03
4.124155458097739438e-03
4.123626975151685990e-03
4.123098597742274468e-03
4.122570325818376499e-03
4.122042159359541429e-03
4.121514098335092406e-03
4.120986142734804972e-03
4.120458292517776948e-03
4.119930547653333219e-03
4.119402908131246724e-03
4.118875373910617019e-03
4.118347944960767254e-03
4.117820621271470367e-03
4.117293402812052978e-03
4.116766289541612042e-03
4.116239281439696904e-03
4.115712378485856041e-03
4.115185580659638798e-03
4.114658887909918537e-03
4.114132300226469932e-03
4.113605817588841460e-03
4.113079439956132677e-03
4.112553167307891194e-03
4.112026999613441029e-03
4.111500936842106199e-03
4.110974978983662244e-03
4.110449126007430579e-03
4.109923377872511628e-03
4.109397734558453870e-03
4.108872196044805782e-03
4.108346762300891380e-03
4.107821433296035551e-03
4.107296209009786772e-03
4.106771089401241998e-03
4.106246074470402962e-03
4.105721164166141295e-03
4.105196358478232534e-03
4.104671657365774502e-03
4.104147060808316545e-03
4.103622568785408008e-03
4.103098181266371172e-03
4.102573898210306463e-03
4.102049719617212147e-03
4.101525645435962451e-03
4.101001675656331183e-03
4.100477810247641491e-03
4.099954049168992934e-03
4.099430392410159316e-03
4.098906839950689981e-03
4.098383391749683621e-03
4.097860047786687845e-03
4.097336808020803078e-03
4.096813672441802258e-03
4.096290641019010269e-03
4.095767713731975589e-03
4.095244890539796040e-03
4.094722171432247163e-03
4.094199556368426779e-03
4.093677045327884234e-03
4.093154638279942678e-03
4.092632335214377651e-03
4.092110136080060780e-03
4.091588040866767605e-03
4.091066049543821276e-03
4.090544162080546678e-03
4.090022378456492289e-03
4.089500698651205718e-03
4.088979122623787391e-03
4.088457650353785784e-03
4.087936281810524049e-03
4.087415016973551529e-03
4.086893855822417571e-03
4.086372798316221730e-03
4.085851844444736078e-03
4.085330994167060172e-03
4.084810247462743356e-03
4.084289604301109648e-03
4.083769064651482199e-03
4.083248628503634813e-03
4.082728295826892374e-03
4.082208066590578034e-03
4.081687940764016677e-03
4.081167918316530585e-03
4.080647999237894431e-03
4.080128183497432233e-03
4.079608471054242680e-03
4.079088861908324905e-03
4.078569356008553137e-03
4.078049953344701183e-03
4.077530653875866863e-03
4.077011457591824851e-03
4.076492364441449377e-03
4.075973374434963166e-03
4.075454487511015987e-03
4.074935703669607841e-03
4.074417022869835682e-03
4.073898445091249723e-03
4.073379970292946919e-03
4.072861598474929005e-03
4.072343329586068476e-03
4.071825163616138270e-03
4.071307100534464138e-03
4.070789140310368363e-03
4.070271282923400291e-03
4.069753528342884806e-03
4.069235876548370386e-03
4.068718327498953985e-03
4.068200881194638206e-03
4.067683537584293810e-03
4.067166296647470140e-03
4.066649158373943605e-03
4.066132122712584965e-03
4.065615189653169759e-03
4.065098359165020270e-03
4.064581631237913772e-03
4.064065005820721027e-03
4.063548482892992246e-03
4.063032062434275907e-03
4.062515744413895159e-03
4.061999528821626411e-03
4.061483415606341289e-03
4.060967404757813599e-03
4.060451496245369093e-03
4.059935690048556249e-03
4.059419986136697349e-03
4.058904384479117278e-03
4.058388885055365380e-03
4.057873487834764807e-03
4.057358192796864903e-03
4.056842999910989685e-03
4.056327909156686763e-03
4.055812920503282758e-03
4.055298033930324411e-03
4.054783249407136608e-03
4.054268566892816304e-03
4.053753986387365234e-03
4.053239507860105680e-03
4.052725131270137199e-03
4.052210856597008269e-03
4.051696683830492696e-03
4.051182612919464708e-03
4.050668643853698112e-03
4.050154776602516923e-03
4.049641011135244294e-03
4.049127347451881090e-03
4.048613785480848284e-03
4.048100325242598267e-03
4.047586966675777338e-03
4.047073709780385498e-03
4.046560554515521435e-03
4.046047500850508301e-03
4.045534548764895440e-03
4.045021698248457524e-03
4.044508949260294112e-03
4.043996301769726617e-03
4.043483755766531448e-03
4.042971311199580232e-03
4.042458968068872970e-03
4.041946726343734544e-03
4.041434585983262780e-03
4.040922546977231480e-03
4.040410609294964664e-03
4.039898772905787215e-03
4.039387037799472072e-03
4.038875403924893463e-03
4.038363871271825195e-03
4.037852439819815745e-03
4.037341109527964669e-03
4.036829880375821314e-03
4.036318752353158616e-03
4.035807725408850806e-03
4.035296799532671688e-03
4.034785974693946148e-03
4.034275250872220928e-03
4.033764628026597319e-03
4.033254106157073589e-03
4.032743685212523098e-03
4.032233365182719652e-03
4.031723146036988135e-03
4.031213027754877026e-03
4.030703010295484147e-03
4.030193093638359710e-03
4.029683277773277519e-03
4.029173562659336266e-03
4.028663948276084428e-03
4.028154434603072216e-03
4.027645021599397454e-03
4.027135709254834814e-03
4.026626497528482118e-03
4.026117386410113172e-03
4.025608375858829267e-03
4.025099465864401607e-03
4.024590656396155076e-03
4.024081947423414560e-03
4.023573338925727667e-03
4.023064830872419284e-03
4.022556423232812560e-03
4.022048115996681300e-03
4.021539909133350389e-03
4.021031802612143845e-03
4.020523796412609277e-03
4.020015890504071571e-03
4.019508084866079203e-03
4.019000379457730865e-03
4.018492774279027423e-03
4.017985269289064965e-03
4.017477864467394570e-03
4.016970559773114062e-03
4.016463355206222573e-03
4.015956250715594332e-03
4.015449246301227605e-03
4.014942341911996622e-03
4.014435537547901382e-03
4.013928833168039709e-03
4.013422228741735619e-03
4.012915724248537590e-03
4.012409319678221162e-03
4.011903014979658830e-03
4.011396810152849726e-03
4.010890705146668081e-03
4.010384699961113027e-03
4.009878794545057926e-03
4.009372988898502778e-03
4.008867282970320078e-03
4.008361676760509827e-03
4.007856170228169847e-03
4.007350763342625022e-03
4.006845456093649158e-03
4.006340248450566272e-03
4.005835140382699514e-03
4.005330131869599096e-03
4.004825222890813496e-03
4.004320413405440537e-03
4.003815703403255759e-03
4.003311092853582311e-03
4.002806581725744210e-03
4.002302169999289935e-03
4.001797857653769698e-03
4.001293644658505781e-03
4.000789530982823937e-03
4.000285516606270908e-03
3.999781601508397774e-03
3.999277785658527685e-03
3.998774069025982925e-03
3.998270451600540766e-03
3.997766933351523493e-03
3.997263514238028927e-03
3.996760194260057068e-03
3.996256973366481280e-03
3.995753851557302429e-03
3.995250828781392143e-03
3.994747905038750421e-03
3.994245080288475955e-03
3.993742354499892760e-03
3.993239727662774644e-03
3.992737199756671816e-03
3.992234770730455039e-03
3.991732440573901586e-03
3.991230209276784395e-03
3.990728076787976829e-03
3.990226043097252692e-03
3.989724108163711543e-03
3.989222271987352512e-03
3.988720534527274292e-03
3.988218895752800898e-03
3.987717355653705269e-03
3.987215914199313156e-03
3.986714571358946843e-03
3.986213327112156542e-03
3.985712181428265402e-03
3.985211134286822769e-03
3.984710185667377121e-03
3.984209335539252474e-03
3.983708583881998173e-03
3.983207930654713777e-03
3.982707375857396682e-03
3.982206919449147314e-03
3.981706561399288823e-03
3.981206301697595012e-03
3.980706140303164574e-03
3.980206077205772179e-03
3.979706112374741846e-03
3.979206245779396724e-03
3.978706477399287025e-03
3.978206807224185688e-03
3.977707235202967810e-03
3.977207761325405461e-03
3.976708385560823525e-03
3.976209107888771348e-03
3.975709928278572947e-03
3.975210846720001259e-03
3.974711863172156710e-03
3.974212977604360715e-03
3.973714190006390548e-03
3.973215500357792952e-03
3.972716908617668352e-03
3.972218414765563491e-03
3.971720018781029447e-03
3.971221720643613833e-03
3.970723520312417071e-03
3.970225417777211233e-03
3.969727413007322070e-03
3.969229505982297193e-03
3.968731696671461487e-03
3.968233985044138101e-03
3.967736371090101709e-03
3.967238854768450999e-03
3.966741436068959778e-03
3.966244114960952062e-03
3.965746891423977197e-03
3.965249765417133004e-03
3.964752736930194157e-03
3.964255805942710868e-03
3.963758972413780092e-03
3.963262236333177368e-03
3.962765597659999653e-03
3.962269056384023352e-03
3.961772612484796077e-03
3.961276265911191190e-03
3.960780016673434885e-03
3.960283864710172595e-03
3.959787810021406056e-03
3.959291852576459284e-03
3.958795992354880756e-03
3.958300229325993624e-03
3.957804563459121037e-03
3.957308994744040270e-03
3.956813523139847411e-03
3.956318148636317131e-03
3.955822871202774316e-03
3.955327690808541248e-03
3.954832607433168140e-03
3.954337621066428797e-03
3.953842731657197448e-03
3.953347939205473227e-03
3.952853243660127761e-03
3.952358645021162784e-03
3.951864143247676119e-03
3.951369738329441571e-03
3.950875430235784025e-03
3.950381218925801304e-03
3.949887104399493407e-03
3.949393086615958157e-03
3.948899165564970226e-03
3.948405341205629172e-03
3.947911613517482605e-03
3.947417982490306065e-03
3.946924448072972047e-03
3.946431010265479683e-03
3.945937669026929398e-03
3.945444424347093262e-03
3.944951276195297028e-03
3.944458224540862978e-03
3.943965269363341325e-03
3.943472410632055218e-03
3.942979648347004658e-03
3.942486982446837679e-03
3.941994412931552547e-03
3.941501939770475013e-03
3.941009562943153556e-03
3.940517282418911325e-03
3.940025098167073206e-03
3.939533010177412135e-03
3.939041018429479193e-03
3.938549122872144273e-03
3.938057323505411711e-03
3.937565620298601188e-03
3.937074013221038456e-03
3.936582502252272860e-03
3.936091087361626682e-03
3.935599768538875463e-03
3.935108545753343220e-03
3.934617418974353104e-03
3.934126388181453590e-03
3.933635453343970433e-03
3.933144614461901896e-03
3.932653871473896015e-03
3.932163224379951923e-03
3.931672673159619831e-03
3.931182217761773103e-03
3.930691858186410002e-03
3.930201594413081610e-03
3.929711426390658686e-03
3.929221354119142966e-03
3.928731377557631403e-03
3.928241496695899539e-03
3.927751711503271390e-03
3.927262021949069239e-03
3.926772428023068626e-03
3.926282929684368241e-03
3.925793526922741888e-03
3.925304219697288259e-03
3.924815007997782025e-03
3.924325891803771664e-03
3.923836871084581193e-03
3.923347945809534630e-03
3.922859115958180452e-03
3.922370381510068872e-03
3.921881742434523040e-03
3.921393198711091432e-03
3.920904750319325130e-03
3.920416397228545548e-03
3.919928139418302898e-03
3.919439976868145659e-03
3.918951909537174254e-03
3.918463937415160754e-03
3.917976060481655372e-03
3.917488278695755929e-03
3.917000592057464162e-03
3.916513000515649962e-03
3.916025504060090603e-03
3.915538102670333698e-03
3.915050796315703262e-03
3.914563584975748640e-03
3.914076468619793851e-03
3.913589447227386504e-03
3.913102520778078547e-03
3.912615689241190527e-03
3.912128952596274391e-03
3.911642310822877749e-03
3.911155763880098425e-03
3.910669311767937285e-03
3.910182954455719215e-03
3.909696691902539434e-03
3.909210524098175217e-03
3.908724451011949715e-03
3.908238472633636731e-03
3.907752588922334090e-03
3.907266799857592871e-03
3.906781105418960683e-03
3.906295505596212199e-03
3.905810000327995888e-03
3.905324589634761537e-03
3.904839273455157616e-03
3.904354051789182822e-03
3.903868924595936714e-03
3.903383891865192228e-03
3.902898953566274684e-03
3.902414109678732992e-03
3.901929360171889870e-03
3.901444705025295095e-03
3.900960144218498880e-03
3.900475677731048401e-03
3.899991305522043216e-03
3.899507027581256696e-03
3.899022843878014594e-03
3.898538754391864085e-03
3.898054759102355382e-03
3.897570857978811636e-03
3.897087051000783058e-03
3.896603338137591497e-03
3.896119719368788033e-03
3.895636194684146038e-03
3.895152764042764202e-03
3.894669427424191435e-03
3.894186184807977083e-03
3.893703036163444729e-03
3.893219981480369480e-03
3.892737020728074485e-03
3.892254153875883329e-03
3.891771380903346223e-03
3.891288701779785017e-03
3.890806116505201445e-03
3.890323625028467135e-03
3.889841227349583389e-03
3.889358923417421832e-03
3.888876713231982900e-03
3.888394596752365283e-03
3.887912573978568979e-03
3.887430644859465618e-03
3.886948809384830738e-03
3.886467067523988357e-03
3.885985419256487387e-03
3.885503864561876738e-03
3.885022403419705755e-03
3.884541035789072696e-03
3.884059761669977125e-03
3.883578581021518168e-03
3.883097493823243866e-03
3.882616500054704434e-03
3.882135599685223020e-03
3.881654792694348537e-03
3.881174079071856090e-03
3.880693458776844369e-03
3.880212931788860984e-03
3.879732498077231688e-03
3.879252157641954312e-03
3.878771910442129281e-03
3.878291756447078444e-03
3.877811695646577340e-03
3.877331728009949987e-03
3.876851853516744863e-03
3.876372072136285551e-03
3.875892383868572919e-03
3.875412788662478594e-03
3.874933286507778983e-03
3.874453877363570609e-03
3.873974561229854337e-03
3.873495338075952886e-03
3.873016207871192006e-03
3.872537170595118875e-03
3.872058226227282837e-03
3.871579374737008777e-03
3.871100616103845173e-03
3.870621950317566264e-03
3.870143377327045844e-03
3.869664897132283048e-03
3.869186509692376132e-03
3.868708215007325962e-03
3.868230013036229493e-03
3.867751903748411612e-03
3.867273887133646990e-03
3.866795963171483670e-03
3.866318131821020777e-03
3.865840393082258311e-03
3.865362746904068766e-03
3.864885193286451710e-03
3.864407732198732025e-03
3.863930363610232430e-03
3.863453087500503137e-03
3.862975903849092188e-03
3.862498812635548496e-03
3.862021813829197379e-03
3.861544907409587314e-03
3.861068093356266780e-03
3.860591371638559359e-03
3.860114742236015264e-03
3.859638205128182540e-03
3.859161760294611832e-03
3.858685407704625422e-03
3.858209147337772656e-03
3.857732979163377984e-03
3.857256903171215213e-03
3.856780919320383465e-03
3.856305027610881439e-03
3.855829228001809127e-03
3.855353520472714138e-03
3.854877904992921357e-03
3.854402381562429484e-03
3.853926950140338509e-03
3.853451610706195608e-03
3.852976363229326101e-03
3.852501207699503792e-03
3.852026144086052699e-03
3.851551172368521299e-03
3.851076292516235344e-03
3.850601504518966472e-03
3.850126808335814672e-03
3.849652203956554618e-03
3.849177691360734788e-03
3.848703270517679631e-03
3.848228941396712299e-03
3.847754703997832790e-03
3.847280558269914903e-03
3.846806504212956467e-03
3.846332541786057907e-03
3.845858670978993463e-03
3.845384891750860089e-03
3.844911204101659086e-03
3.844437607990488712e-03
3.843964103407122336e-03
3.843490690320885278e-03
3.843017368701100688e-03
3.842544138537542370e-03
3.842070999799534776e-03
3.841597952466626817e-03
3.841124996518367838e-03
3.840652131924080989e-03
3.840179358663316916e-03
3.839706676715622796e-03
3.839234086060548841e-03
3.838761586667419068e-03
3.838289178515781955e-03
3.837816861585186413e-03
3.837344635844956459e-03
3.836872501284867634e-03
3.836400457864016893e-03
3.835928505572179341e-03
3.835456644388903890e-03
3.834984874283514991e-03
3.834513195235561122e-03
3.834041607214365432e-03
3.833570110209703896e-03
3.833098704190899663e-03
3.832627389127275883e-03
3.832156165018832557e-03
3.831685031814443913e-03
3.831213989514108652e-03
3.830743038087150790e-03
3.830272177502893911e-03
3.829801407740888227e-03
3.829330728780680482e-03
3.828860140601822188e-03
3.828389643183862257e-03
3.827919236496122972e-03
3.827448920518154545e-03
3.826978695219280559e-03
3.826508560599501015e-03
3.826038516607688407e-03
3.825568563233617408e-03
3.825098700456837364e-03
3.824628928246672291e-03
3.824159246592895994e-03
3.823689655464832925e-03
3.823220154842031562e-03
3.822750744693816788e-03
3.822281424999736214e-03
3.821812195739340053e-03
3.821343056892176349e-03
3.820874008427570852e-03
3.820405050325070741e-03
3.819936182574450688e-03
3.819467405134810249e-03
3.818998717995923230e-03
3.818530121127113649e-03
3.818061614507929549e-03
3.817593198117922009e-03
3.817124871926412880e-03
3.816656635923178567e-03
3.816188490077540487e-03
3.815720434358823958e-03
3.815252468756804086e-03
3.814784593240803153e-03
3.814316807800596267e-03
3.813849112395281682e-03
3.813381507014634072e-03
3.812913991627977454e-03
3.812446566214860305e-03
3.811979230765057732e-03
3.811511985227442230e-03
3.811044829612239126e-03
3.810577763868321782e-03
3.810110787985465305e-03
3.809643901953442633e-03
3.809177105731352889e-03
3.808710399288520090e-03
3.808243782624944236e-03
3.807777255709948478e-03
3.807310818512856833e-03
3.806844471023443973e-03
3.806378213211033049e-03
3.805912045055174272e-03
3.805445966525190359e-03
3.804979977610856851e-03
3.804514078281496462e-03
3.804048268516658539e-03
3.803582548295892860e-03
3.803116917588522574e-03
3.802651376374096594e-03
3.802185924642390458e-03
3.801720562362727318e-03
3.801255289504430323e-03
3.800790106047049685e-03
3.800325011980359210e-03
3.799860007273683348e-03
3.799395091896345250e-03
3.798930265838119155e-03
3.798465529068329079e-03
3.798000881576749695e-03
3.797536323322479694e-03
3.797071854295293748e-03
3.796607474464514138e-03
3.796143183819916840e-03
3.795678982330825003e-03
3.795214869966563077e-03
3.794750846727129329e-03
3.794286912561398422e-03
3.793823067459144160e-03
3.793359311410140784e-03
3.792895644383713610e-03
3.792432066338958293e-03
3.791968577286102329e-03
3.791505177174018214e-03
3.791041865992479751e-03
3.790578643721037588e-03
3.790115510339238467e-03
3.789652465806183246e-03
3.789189510132095953e-03
3.788726643255623753e-03
3.788263865176767515e-03
3.787801175875075716e-03
3.787338575319872808e-03
3.786876063490707267e-03
3.786413640367128439e-03
3.785951305928686103e-03
3.785489060144702107e-03
3.785026902994727965e-03
3.784564834468536615e-03
3.784102854525227613e-03
3.783640963154573898e-03
3.783179160325900788e-03
3.782717446028981655e-03
3.782255820233140949e-03
3.781794282907701820e-03
3.781332834042439375e-03
3.780871473616902526e-03
3.780410201600415722e-03
3.779949017972527008e-03
3.779487922712785296e-03
3.779026915800740797e-03
3.778565997205716662e-03
3.778105166917488430e-03
3.777644424895152189e-03
3.777183771138710108e-03
3.776723205607260010e-03
3.776262728290575698e-03
3.775802339157981191e-03
3.775342038189025834e-03
3.774881825373484299e-03
3.774421700670453975e-03
3.773961664069710835e-03
3.773501715540577596e-03
3.773041855062604037e-03
3.772582082625563962e-03
3.772122398188556928e-03
3.771662801741356309e-03
3.771203293253286119e-03
3.770743872714121033e-03
3.770284540103410395e-03
3.769825295380252028e-03
3.769366138534420169e-03
3.768907069535240139e-03
3.768448088372484874e-03
3.767989195005253499e-03
3.767530389443771773e-03
3.767071671626685998e-03
3.766613041574447696e-03
3.766154499225703601e-03
3.765696044570229686e-03
3.765237677597799756e-03
3.764779398277737395e-03
3.764321206589591514e-03
3.763863102502686131e-03
3.763405086006796785e-03
3.762947157071245326e-03
3.762489315685807294e-03
3.762031561809581377e-03
3.761573895432341816e-03
3.761116316533637521e-03
3.760658825082792509e-03
3.760201421069580153e-03
3.759744104453100876e-03
3.759286875223128051e-03
3.758829733369436349e-03
3.758372678851123160e-03
3.757915711647739562e-03
3.757458831749058495e-03
3.757002039134630170e-03
3.756545333753326648e-03
3.756088715615374125e-03
3.755632184679869989e-03
3.755175740936589780e-03
3.754719384365081975e-03
3.754263114924444832e-03
3.753806932614678349e-03
3.753350837394881651e-03
3.752894829254828542e-03
3.752438908163842173e-03
3.751983074111698083e-03
3.751527327067720290e-03
3.751071667011456837e-03
3.750616093922457504e-03
3.750160607770045874e-03
3.749705208543997054e-03
3.749249896223859086e-03
3.748794670789181750e-03
3.748339532199063302e-03
3.747884480443278415e-03
3.747429515501375999e-03
3.746974637352905833e-03
3.746519845967190634e-03
3.746065141334005508e-03
3.745610523412449145e-03
3.745155992202520677e-03
3.744701547673544122e-03
3.744247189805069258e-03
3.743792918566418368e-03
3.743338733937142532e-03
3.742884635917239581e-03
3.742430624455584179e-03
3.741976699541950998e-03
3.741522861155887648e-03
3.741069109276943909e-03
3.740615443884669558e-03
3.740161864948387746e-03
3.739708372447647818e-03
3.739254966372223578e-03
3.738801646681214150e-03
3.738348413374619969e-03
3.737895266421763316e-03
3.737442205781743750e-03
3.736989231464786596e-03
3.736536343429989245e-03
3.736083541646676148e-03
3.735630826125072631e-03
3.735178196814051190e-03
3.734725653703386498e-03
3.734273196762402571e-03
3.733820825980874517e-03
3.733368541338350378e-03
3.732916342804154172e-03
3.732464230357834811e-03
3.732012203978942941e-03
3.731560263647025737e-03
3.731108409331408086e-03
3.730656641021863791e-03
3.730204958697943066e-03
3.729753362328968626e-03
3.729301851894489817e-03
3.728850427384281744e-03
3.728399088767667558e-03
3.727947836013971276e-03
3.727496669112967571e-03
3.727045588033980027e-03
3.726594592777007775e-03
3.726143683280699719e-03
3.725692859565505645e-03
3.725242121590525111e-03
3.724791469335305295e-03
3.724340902779397274e-03
3.723890421892123333e-03
3.723440026663258576e-03
3.722989717072352784e-03
3.722539493088728672e-03
3.722089354691935584e-03
3.721639301861523735e-03
3.721189334577040733e-03
3.720739452828262118e-03
3.720289656564060386e-03
3.719839945804886625e-03
3.719390320489388002e-03
3.718940780607339625e-03
3.718491326158740191e-03
3.718041957092463930e-03
3.717592673398285082e-03
3.717143475065978319e-03
3.716694362054641029e-03
3.716245334354048319e-03
3.715796391943750401e-03
3.715347534793069124e-03
3.714898762891780462e-03
3.714450076209207131e-03
3.714001474724899342e-03
3.713552958428631336e-03
3.713104527279500935e-03
3.712656181267282810e-03
3.712207920371526308e-03
3.711759744571780772e-03
3.711311653837369353e-03
3.710863648168292051e-03
3.710415727513422229e-03
3.709967891862534992e-03
3.709520141205403711e-03
3.709072475511351972e-03
3.708624894759930853e-03
3.708177398920461769e-03
3.707729987982720694e-03
3.707282661926255673e-03
3.706835420730616917e-03
3.706388264365127576e-03
3.705941192809337429e-03
3.705494206053020715e-03
3.705047304065500584e-03
3.704600486826326814e-03
3.704153754315047883e-03
3.703707106511214004e-03
3.703260543394373654e-03
3.702814064933849982e-03
3.702367671119418963e-03
3.701921361930629074e-03
3.701475137336803466e-03
3.701028997317491916e-03
3.700582941862468663e-03
3.700136970930831964e-03
3.699691084522582687e-03
3.699245282607043980e-03
3.698799565153538561e-03
3.698353932162067731e-03
3.697908383591729312e-03
3.697462919432297976e-03
3.697017539653097741e-03
3.696572244243902412e-03
3.696127033163811113e-03
3.695681906423048304e-03
3.695236863980713542e-03
3.694791905806129543e-03
3.694347031899296741e-03
3.693902242229538287e-03
3.693457536776404392e-03
3.693012915498992011e-03
3.692568378417753101e-03
3.692123925471333962e-03
3.691679556669961223e-03
3.691235271962507378e-03
3.690791071359198188e-03
3.690346954808905282e-03
3.689902922301404199e-03
3.689458973826470044e-03
3.689015109353425102e-03
3.688571328861819584e-03
3.688127632331201968e-03
3.687684019741122032e-03
3.687240491060902493e-03
3.686797046280319325e-03
3.686353685378921004e-03
3.685910408326030681e-03
3.685467215111423896e-03
3.685024105704423365e-03
3.684581080094805061e-03
3.684138138251891268e-03
3.683695280155231330e-03
3.683252505794601221e-03
3.682809815129097462e-03
3.682367208158720921e-03
3.681924684842569854e-03
3.681482245170418933e-03
3.681039889121816636e-03
3.680597616676312741e-03
3.680155427803231266e-03
3.679713322502571778e-03
3.679271300723206770e-03
3.678829362465136244e-03
3.678387507707909978e-03
3.677945736420851989e-03
3.677504048583510321e-03
3.677062444185659647e-03
3.676620923186399090e-03
3.676179485585728216e-03
3.675738131352971044e-03
3.675296860467675616e-03
3.674855672909392579e-03
3.674414568647444649e-03
3.673973547681831826e-03
3.673532609981878562e-03
3.673091755516908006e-03
3.672650984276694831e-03
3.672210296230563054e-03
3.671769691378512675e-03
3.671329169669415755e-03
3.670888731103272729e-03
3.670448375649407614e-03
3.670008103297594648e-03
3.669567914017157848e-03
3.669127807797871888e-03
3.668687784598834590e-03
3.668247844420045520e-03
3.667807987230829996e-03
3.667368213010735629e-03
3.666928521729086871e-03
3.666488913385883286e-03
3.666049387950448893e-03
3.665609945402333470e-03
3.665170585721084628e-03
3.664731308876027251e-03
3.664292114856936011e-03
3.663853003643358953e-03
3.663413975204620528e-03
3.662975029540721603e-03
3.662536166600533372e-03
3.662097386384056703e-03
3.661658688870840506e-03
3.661220074030208799e-03
3.660781541851935821e-03
3.660343092295120261e-03
3.659904725369986581e-03
3.659466441025409009e-03
3.659028239261387112e-03
3.658590120047244473e-03
3.658152083362529138e-03
3.657714129197017511e-03
3.657276257520032745e-03
3.656838468300897989e-03
3.656400761539613242e-03
3.655963137205502523e-03
3.655525595267889848e-03
3.655088135726774785e-03
3.654650758541256456e-03
3.654213463711333126e-03
3.653776251196104788e-03
3.653339120985344812e-03
3.652902073058603410e-03
3.652465107395429060e-03
3.652028223965145346e-03
3.651591422767752702e-03
3.651154703762349383e-03
3.650718066928484735e-03
3.650281512255932562e-03
3.649845039724242644e-03
3.649408649312963458e-03
3.648972340991419455e-03
3.648536114739159980e-03
3.648099970556183732e-03
3.647663908391365374e-03
3.647227928244703606e-03
3.646792030085522010e-03
3.646356213903595694e-03
3.645920479678474001e-03
3.645484827379480951e-03
3.645049256986164152e-03
3.644613768478074251e-03
3.644178361844985052e-03
3.643743037066445901e-03
3.643307794101555488e-03
3.642872632950312946e-03
3.642437553582042725e-03
3.642002555976293736e-03
3.641567640112615325e-03
3.641132805980781730e-03
3.640698053550116536e-03
3.640263382800169520e-03
3.639828793720714488e-03
3.639394286270850563e-03
3.638959860450577313e-03
3.638525516229217886e-03
3.638091253586322495e-03
3.637657072501439184e-03
3.637222972964343926e-03
3.636788954934133677e-03
3.636355018410809305e-03
3.635921163363693958e-03
3.635487389762111655e-03
3.635053697606062395e-03
3.634620086864869329e-03
3.634186557518083102e-03
3.633753109545250892e-03
3.633319742936147803e-03
3.632886457649873828e-03
3.632453253676201470e-03
3.632020131004906702e-03
3.631587089605312242e-03
3.631154129446741673e-03
3.630721250518970968e-03
3.630288452821998826e-03
3.629855736294473716e-03
3.629423100946619664e-03
3.628990546747761121e-03
3.628558073677447433e-03
3.628125681715228378e-03
3.627693370840651566e-03
3.627261141033266342e-03
3.626828992282848680e-03
3.626396924548495968e-03
3.625964937830208207e-03
3.625533032087083218e-03
3.625101207319121870e-03
3.624669463495647313e-03
3.624237800596209324e-03
3.623806218600356815e-03
3.623374717487638265e-03
3.622943297247828778e-03
3.622511957840027046e-03
3.622080699264231766e-03
3.621649521489768257e-03
3.621218424506409458e-03
3.620787408273255358e-03
3.620356472780078896e-03
3.619925618016656046e-03
3.619494843952309956e-03
3.619064150566589973e-03
3.618633537849269902e-03
3.618203005769674192e-03
3.617772554307352190e-03
3.617342183452077267e-03
3.616911893173174308e-03
3.616481683450192223e-03
3.616051554272905252e-03
3.615621505610637845e-03
3.615191537442938047e-03
3.614761649759580964e-03
3.614331842540115507e-03
3.613902115743641234e-03
3.613472469380381736e-03
3.613042903409436572e-03
3.612613417810354218e-03
3.612184012572908914e-03
3.611754687676651306e-03
3.611325443090903677e-03
3.610896278805441565e-03
3.610467194799813883e-03
3.610038191043342913e-03
3.609609267525805496e-03
3.609180424226749243e-03
3.608751661115498170e-03
3.608322978181827383e-03
3.607894375415510689e-03
3.607465852775646777e-03
3.607037410252010752e-03
3.606609047824150659e-03
3.606180765471616277e-03
3.605752563163731189e-03
3.605324440900495829e-03
3.604896398651233781e-03
3.604468436395493088e-03
3.604040554112823962e-03
3.603612751793001077e-03
3.603185029395122255e-03
3.602757386919187930e-03
3.602329824334521251e-03
3.601902341620671997e-03
3.601474938767413973e-03
3.601047615744071631e-03
3.600620372530193448e-03
3.600193209115554530e-03
3.599766125479703354e-03
3.599339121581739045e-03
3.598912197431887363e-03
3.598485352989244830e-03
3.598058588243587853e-03
3.597631903164238715e-03
3.597205297740973390e-03
3.596778771963565248e-03
3.596352325780887652e-03
3.595925959203165930e-03
3.595499672199724099e-03
3.595073464739886177e-03
3.594647336823650861e-03
3.594221288420343038e-03
3.593795319499285858e-03
3.593369430060479319e-03
3.592943620073247874e-03
3.592517889527364894e-03
3.592092238381929502e-03
3.591666666636941264e-03
3.591241174271949960e-03
3.590815761256278740e-03
3.590390427569477381e-03
3.589965173201319689e-03
3.589539998131354576e-03
3.589114902328906925e-03
3.588689885783750977e-03
3.588264948475434774e-03
3.587840090373282768e-03
3.587415311467070499e-03
3.586990611746571338e-03
3.586565991170883108e-03
3.586141449729782216e-03
3.585716987413041165e-03
3.585292604179759948e-03
3.584868300040163023e-03
3.584444074932897992e-03
3.584019928878415945e-03
3.583595861825589809e-03
3.583171873784644478e-03
3.582747964714679077e-03
3.582324134595241648e-03
3.581900383416107298e-03
3.581476711156825806e-03
3.581053117786719888e-03
3.580629603305789978e-03
3.580206167673134331e-03
3.579782810878527621e-03
3.579359532911744520e-03
3.578936333731883718e-03
3.578513213338943046e-03
3.578090171702248690e-03
3.577667208791124234e-03
3.577244324615793270e-03
3.576821519135355357e-03
3.576398792339585166e-03
3.575976144187580519e-03
3.575553574689567179e-03
3.575131083804643402e-03
3.574708671532808753e-03
3.574286337822936595e-03
3.573864082695477583e-03
3.573441906089079318e-03
3.573019808013967128e-03
3.572597788439464163e-03
3.572175847355345962e-03
3.571753984730935676e-03
3.571332200545782216e-03
3.570910494789661122e-03
3.570488867421669783e-03
3.570067318452033525e-03
3.569645847850076801e-03
3.569224455585123194e-03
3.568803141646946508e-03
3.568381906015096958e-03
3.567960748669123019e-03
3.567539669588573603e-03
3.567118668763224251e-03
3.566697746152172350e-03
3.566276901755418335e-03
3.565856135542285789e-03
3.565435447502549385e-03
3.565014837605531839e-03
3.564594305841009992e-03
3.564173852188531021e-03
3.563753476617418509e-03
3.563333179127674191e-03
3.562912959688620349e-03
3.562492818279806763e-03
3.562072754870557016e-03
3.561652769460871108e-03
3.561232862030297951e-03
3.560813032537935366e-03
3.560393280994009983e-03
3.559973607357619623e-03
3.559554011618539394e-03
3.559134493756316905e-03
3.558715053750502368e-03
3.558295691570419368e-03
3.557876407216068338e-03
3.557457200646546233e-03
3.557038071872079682e-03
3.556619020851766941e-03
3.556200047554931160e-03
3.555781152002023427e-03
3.555362334131691344e-03
3.554943593943934912e-03
3.554524931418302607e-03
3.554106346534344641e-03
3.553687839271609493e-03
3.553269409609646073e-03
3.552851057528004161e-03
3.552432783016457995e-03
3.552014586044331158e-03
3.551596466601398758e-03
3.551178424656984377e-03
3.550760460211087148e-03
3.550342573222806629e-03
3.549924763681916624e-03
3.549507031567966046e-03
3.549089376860504672e-03
3.548671799539081413e-03
3.548254299603696704e-03
3.547836877003221739e-03
3.547419531737659119e-03
3.547002263786556021e-03
3.546585073119236896e-03
3.546167959735701310e-03
3.545750923605272848e-03
3.545333964697276394e-03
3.544917083011711514e-03
3.544500278517900491e-03
3.544083551205620165e-03
3.543666901054417714e-03
3.543250328033617589e-03
3.542833832132994895e-03
3.542417413332098110e-03
3.542001071600251686e-03
3.541584806937454321e-03
3.541168619323256227e-03
3.540752508716755662e-03
3.540336475128177517e-03
3.539920518506395157e-03
3.539504638861633908e-03
3.539088836152992027e-03
3.538673110380468213e-03
3.538257461503162889e-03
3.537841889521075624e-03
3.537426394403528698e-03
3.537010976130073193e-03
3.536595634690481611e-03
3.536180370054079272e-03
3.535765182220865742e-03
3.535350071149938843e-03
3.534935036841299009e-03
3.534520079254044496e-03
3.534105198388175738e-03
3.533690394213015451e-03
3.533275666718339175e-03
3.532861015883695388e-03
3.532446441678407673e-03
3.532031944092252004e-03
3.531617523115000885e-03
3.531203178705754307e-03
3.530788910864511403e-03
3.530374719560595755e-03
3.529960604783782471e-03
3.529546566503395134e-03
3.529132604709207983e-03
3.528718719380771231e-03
3.528304910497632486e-03
3.527891178049567290e-03
3.527477522005899226e-03
3.527063942346176772e-03
3.526650439060175033e-03
3.526237012117218461e-03
3.525823661517305755e-03
3.525410387229762233e-03
3.524997189234135506e-03
3.524584067499748723e-03
3.524171022036829814e-03
3.523758052794249973e-03
3.523345159792459422e-03
3.522932342970107496e-03
3.522519602327192894e-03
3.522106937853490723e-03
3.521694349518323698e-03
3.521281837291017139e-03
3.520869401181795071e-03
3.520457041159981947e-03
3.520044757194901348e-03
3.519632549276327516e-03
3.519220417383809793e-03
3.518808361507123721e-03
3.518396381615591147e-03
3.517984477688762719e-03
3.517572649716412675e-03
3.517160897678089492e-03
3.516749221553343383e-03
3.516337621321722392e-03
3.515926096962775863e-03
3.515514648466278903e-03
3.515103275801555530e-03
3.514691978948154220e-03
3.514280757906074974e-03
3.513869612644641809e-03
3.513458543143403636e-03
3.513047549381909367e-03
3.512636631349933675e-03
3.512225789016801443e-03
3.511815022372285610e-03
3.511404331385711061e-03
3.510993716067302255e-03
3.510583176355707227e-03
3.510172712271376633e-03
3.509762323773409163e-03
3.509352010841353727e-03
3.508941773485435220e-03
3.508531611644301242e-03
3.508121525317953095e-03
3.507711514496163717e-03
3.507301579148257124e-03
3.506891719274233751e-03
3.506481934822966526e-03
3.506072225804680777e-03
3.505662592188699654e-03
3.505253033954573369e-03
3.504843551071625072e-03
3.504434143560304984e-03
3.504024811369486903e-03
3.503615554488945065e-03
3.503206372888003489e-03
3.502797266576886635e-03
3.502388235494243406e-03
3.501979279660523154e-03
3.501570399045050332e-03
3.501161593617149390e-03
3.500752863376818593e-03
3.500344208293382827e-03
3.499935628346391436e-03
3.499527123515393332e-03
3.499118693800388081e-03
3.498710339160474372e-03
3.498302059585426012e-03
3.497893855065018539e-03
3.497485725568575538e-03
3.497077671085870813e-03
3.496669691586229683e-03
3.496261787059425086e-03
3.495853957485006366e-03
3.495446202842523303e-03
3.495038523131975897e-03
3.494630918302236641e-03
3.494223388363530865e-03
3.493815933274957257e-03
3.493408553026290490e-03
3.493001247607305237e-03
3.492594016987323781e-03
3.492186861156122528e-03
3.491779780083023761e-03
3.491372773768028782e-03
3.490965842180459872e-03
3.490558985310093006e-03
3.490152203116026006e-03
3.489745495608483766e-03
3.489338862746564976e-03
3.488932304530269635e-03
3.488525820918696001e-03
3.488119411911844506e-03
3.487713077489263628e-03
3.487306817630502279e-03
3.486900632315110236e-03
3.486494521522637280e-03
3.486088485232631453e-03
3.485682523434866995e-03
3.485276636098668356e-03
3.484870823213810642e-03
3.484465084770067660e-03
3.484059420736762992e-03
3.483653831093445983e-03
3.483248315829892174e-03
3.482842874925648740e-03
3.482437508360266328e-03
3.482032216113293849e-03
3.481626998174505543e-03
3.481221854513225425e-03
3.480816785119227302e-03
3.480411789972061385e-03
3.480006869051276153e-03
3.479602022356872038e-03
3.479197249837721537e-03
3.478792551493824648e-03
3.478387927304731151e-03
3.477983377249989523e-03
3.477578901309148676e-03
3.477174499482209476e-03
3.476770171718043551e-03
3.476365918026877964e-03
3.475961738378035432e-03
3.475557632761290625e-03
3.475153601135741802e-03
3.474749643511614288e-03
3.474345759858232102e-03
3.473941950144918828e-03
3.473538214371674898e-03
3.473134552518047924e-03
3.472730964543137896e-03
3.472327450467395469e-03
3.471924010239692705e-03
3.471520643860030036e-03
3.471117351297731482e-03
3.470714132552795740e-03
3.470310987584322802e-03
3.469907916382086472e-03
3.469504918925636096e-03
3.469101995214971240e-03
3.468699145209190593e-03
3.468296368898068395e-03
3.467893666261154424e-03
3.467491037277996725e-03
3.467088481948596163e-03
3.466686000232051430e-03
3.466283592118135463e-03
3.465881257586398909e-03
3.465478996626616005e-03
3.465076809218335663e-03
3.464674695320656139e-03
3.464272654954028956e-03
3.463870688077550636e-03
3.463468794670772691e-03
3.463066974723468059e-03
3.462665228215186519e-03
3.462263555125477416e-03
3.461861955444114122e-03
3.461460429140421954e-03
3.461058976193949390e-03
3.460657596604695997e-03
3.460256290352211120e-03
3.459855057405819209e-03
3.459453897745067875e-03
3.459052811359733526e-03
3.458651798239589098e-03
3.458250858343734149e-03
3.457849991672167812e-03
3.457449198204440299e-03
3.457048477920099654e-03
3.456647830798694788e-03
3.456247256830001675e-03
3.455846755983343031e-03
3.455446328248493529e-03
3.455045973615227840e-03
3.454645692042644656e-03
3.454245483530743541e-03
3.453845348069298736e-03
3.453445285617408930e-03
3.453045296164848361e-03
3.452645379701392570e-03
3.452245536196364272e-03
3.451845765639538141e-03
3.451446068020689283e-03
3.451046443309141280e-03
3.450646891484443046e-03
3.450247412546595012e-03
3.449848006454694135e-03
3.449448673198516821e-03
3.449049412778062203e-03
3.448650225152428105e-03
3.448251110311389197e-03
3.447852068234495693e-03
3.447453098911521397e-03
3.447054202311789894e-03
3.446655378425076289e-03
3.446256627230929494e-03
3.445857948719123313e-03
3.445459342869207527e-03
3.445060809660731912e-03
3.444662349063019186e-03
3.444263961065844887e-03
3.443865645669207717e-03
3.443472999096399301e-03
3.443104609109746798e-03
3.442736280005291149e-03
3.442368011772808326e-03
3.441999804391846374e-03
3.441631657852180400e-03
3.441263572133358879e-03
3.440895547245608442e-03
3.440527583158251804e-03
3.440159679861063639e-03
3.439791837333593290e-03
3.439424055586066085e-03
3.439056334577581149e-03
3.438688674318362941e-03
3.438321074777735045e-03
3.437953535955697460e-03
3.437586057831799966e-03
3.437218640395817669e-03
3.436851283637523506e-03
3.436483987546693451e-03
3.436116752102875982e-03
3.435749577285619576e-03
3.435382463105150861e-03
3.435015409530793422e-03
3.434648416562546391e-03
3.434281484169734652e-03
3.433914612352357773e-03
3.433547801089964231e-03
3.433181050392780220e-03
3.432814360209678235e-03
3.432447730561108499e-03
3.432081161416395895e-03
3.431714652775540858e-03
3.431348204607865236e-03
3.430981816913370765e-03
3.430615489681830381e-03
3.430249222892794297e-03
3.429883016525811859e-03
3.429516870591107960e-03
3.429150785068232378e-03
3.428784759926507830e-03
3.428418795176160078e-03
3.428052890786514005e-03
3.427687046757567878e-03
3.427321263068871474e-03
3.426955539710199901e-03
3.426589876671327396e-03
3.426224273931802438e-03
3.425858731491625894e-03
3.425493249330346674e-03
3.425127827427513691e-03
3.424762465793353139e-03
3.424397164386961973e-03
3.424031923218567256e-03
3.423666742257491270e-03
3.423301621503734449e-03
3.422936560936846572e-03
3.422571560556826337e-03
3.422206620332998630e-03
3.421841740255138122e-03
3.421476920333468841e-03
3.421112160527090343e-03
3.420747460836003062e-03
3.420382821249979936e-03
3.420018241748571178e-03
3.419653722331776786e-03
3.419289262968919912e-03
3.418924863660000989e-03
3.418560524394795123e-03
3.418196245142624597e-03
3.417832025913716040e-03
3.417467866677392600e-03
3.417103767433653846e-03
3.416739728162050422e-03
3.416375748852355700e-03
3.416011829494344787e-03
3.415647970067566160e-03
3.415284170561795358e-03
3.414920430977031515e-03
3.414556751282599081e-03
3.414193131478497189e-03
3.413829571554501379e-03
3.413466071479934801e-03
3.413102631265022783e-03
3.412739250868863580e-03
3.412375930311908282e-03
3.412012669553255578e-03
3.411649468592905035e-03
3.411286327420630458e-03
3.410923246026207820e-03
3.410560224378959837e-03
3.410197262489113139e-03
3.409834360325990441e-03
3.409471517889591310e-03
3.409108735159465525e-03
3.408746012125388192e-03
3.408383348777132681e-03
3.408020745104474534e-03
3.407658201086962227e-03
3.407295716714371734e-03
3.406933291976475559e-03
3.406570926852823915e-03
3.406208621343417235e-03
3.405846375427803996e-03
3.405484189095758438e-03
3.405122062337056100e-03
3.404759995131245894e-03
3.404397987468101624e-03
3.404036039347624592e-03
3.403674150739136647e-03
3.403312321642639957e-03
3.402950552037681698e-03
3.402588841914037845e-03
3.402227191271707963e-03
3.401865600080015636e-03
3.401504068328735104e-03
3.401142596007641905e-03
3.400781183106509412e-03
3.400419829625338924e-03
3.400058535533452726e-03
3.399697300810401897e-03
3.399336125466410029e-03
3.398975009481026901e-03
3.398613952844027186e-03
3.398252955524734466e-03
3.397892017533374071e-03
3.397531138849494911e-03
3.397170319462872960e-03
3.396809559353055827e-03
3.396448858509819053e-03
3.396088216922936442e-03
3.395727634582183102e-03
3.395367111477333270e-03
3.395006647587935859e-03
3.394646242903765973e-03
3.394285897414598286e-03
3.393925611110206603e-03
3.393565383970140702e-03
3.393205215994400583e-03
3.392845107152310264e-03
3.392485057443868877e-03
3.392125066858851529e-03
3.391765135376806697e-03
3.391405262987510355e-03
3.391045449690961635e-03
3.390685695446258360e-03
3.390326000273852051e-03
3.389966364132840967e-03
3.389606787033449566e-03
3.389247268955228928e-03
3.388887809877726663e-03
3.388528409790717878e-03
3.388169068683976812e-03
3.387809786557503464e-03
3.387450563380622285e-03
3.387091399143107515e-03
3.386732293855183613e-03
3.386373247475950136e-03
3.386014259995180891e-03
3.385655331423102505e-03
3.385296461729036827e-03
3.384937650892534070e-03
3.384578898923819995e-03
3.384220205802442646e-03
3.383861571507952668e-03
3.383502996040348761e-03
3.383144479379179836e-03
3.382786021514221867e-03
3.382427622425023331e-03
3.382069282111584228e-03
3.381711000553453469e-03
3.381352777740405727e-03
3.380994613662216108e-03
3.380636508298432655e-03
3.380278461649056671e-03
3.379920473703861526e-03
3.379562544421946344e-03
3.379204673823761346e-03
3.378846861888856312e-03
3.378489108586554390e-03
3.378131413927081775e-03
3.377773777889986947e-03
3.377416200454818815e-03
3.377058681621578681e-03
3.376701221380039482e-03
3.376343819699525670e-03
3.375986476580037678e-03
3.375629192001123983e-03
3.375271965973010348e-03
3.374914798454794595e-03
3.374557689456703351e-03
3.374200638948058901e-03
3.373843646928862544e-03
3.373486713378661458e-03
3.373129838287232483e-03
3.372773021654574318e-03
3.372416263450010981e-03
3.372059563673542471e-03
3.371702922304718134e-03
3.371346339333311775e-03
3.370989814749099801e-03
3.370633348541854715e-03
3.370276940701351625e-03
3.369920591207139875e-03
3.369564300038769243e-03
3.369208067206464624e-03
3.368851892689774495e-03
3.368495776468249069e-03
3.368139718531662150e-03
3.367783718880014605e-03
3.367427777482629586e-03
3.367071894339506658e-03
3.366716069430195600e-03
3.366360302754696412e-03
3.366004594292558438e-03
3.365648944023330157e-03
3.365293351957236896e-03
3.364937818063602672e-03
3.364582342332202592e-03
3.364226924752810894e-03
3.363871565315201817e-03
3.363516264009150467e-03
3.363161020814205756e-03
3.362805835720141922e-03
3.362450708726958965e-03
3.362095639803981337e-03
3.361740628961433931e-03
3.361385676158415003e-03
3.361030781405149447e-03
3.360675944670962582e-03
3.360321165966078435e-03
3.359966445259821022e-03
3.359611782552191211e-03
3.359257177822736612e-03
3.358902631061232765e-03
3.358548142257453909e-03
3.358193711401175150e-03
3.357839338471944966e-03
3.357485023469764223e-03
3.357130766363955639e-03
3.356776567154519646e-03
3.356422425841455812e-03
3.356068342383863694e-03
3.355714316791967751e-03
3.355360349045316895e-03
3.355006439133686232e-03
3.354652587036624240e-03
3.354298792764357547e-03
3.353945056275983109e-03
3.353591377581727553e-03
3.353237756650913597e-03
3.352884193483542108e-03
3.352530688069386457e-03
3.352177240387997290e-03
3.351823850439373739e-03
3.351470518192839823e-03
3.351117243648394674e-03
3.350764026795814265e-03
3.350410867614646640e-03
3.350057766094666472e-03
3.349704722235875062e-03
3.349351736007594258e-03
3.348998807399600035e-03
3.348645936411891091e-03
3.348293123034243399e-03
3.347940367246205005e-03
3.347587669027325252e-03
3.347235028377605441e-03
3.346882445286818511e-03
3.346529919724288912e-03
3.346177451700241539e-03
3.345825041194226603e-03
3.345472688196017477e-03
3.345120392685163938e-03
3.344768154651440225e-03
3.344415974094846773e-03
3.344063850994932491e-03
3.343711785331246727e-03
3.343359777103789478e-03
3.343007826302334552e-03
3.342655932906431291e-03
3.342304096905855670e-03
3.341952318290380627e-03
3.341600597039556374e-03
3.341248933153382044e-03
3.340897326611407415e-03
3.340545777403406726e-03
3.340194285519154649e-03
3.339842850948425857e-03
3.339491473691220784e-03
3.339140153696410623e-03
3.338788890984447765e-03
3.338437685545107315e-03
3.338086537347711123e-03
3.337735446392260490e-03
3.337384412658303892e-03
3.337033436145842198e-03
3.336682516824198124e-03
3.336331654693372537e-03
3.335980849753364137e-03
3.335630101973498240e-03
3.335279411343548654e-03
3.334928777863515378e-03
3.334578201502721561e-03
3.334227682271394266e-03
3.333877220138855776e-03
3.333526815094880330e-03
3.333176467139469662e-03
3.332826176252171816e-03
3.332475942422761465e-03
3.332125765641012413e-03
3.331775645886475307e-03
3.331425583159149280e-03
3.331075577438583676e-03
3.330725628714553167e-03
3.330375736976831560e-03
3.330025902204969065e-03
3.329676124409190578e-03
3.329326403548593920e-03
3.328976739633405721e-03
3.328627132632948696e-03
3.328277582557449040e-03
3.327928089376229470e-03
3.327578653089290853e-03
3.327229273676182101e-03
3.326879951126678319e-03
3.326530685430552445e-03
3.326181476567354692e-03
3.325832324547311255e-03
3.325483229339744849e-03
3.325134190934430148e-03
3.324785209321141390e-03
3.324436284489654114e-03
3.324087416429742127e-03
3.323738605131179667e-03
3.323389850563291618e-03
3.323041152736302874e-03
3.322692511629762348e-03
3.322343927233444710e-03
3.321995399537124635e-03
3.321646928520351465e-03
3.321298514172899442e-03
3.320950156504994324e-03
3.320601855465507742e-03
3.320253611074892516e-03
3.319905423302471365e-03
3.319557292148244288e-03
3.319209217591759763e-03
3.318861199622794196e-03
3.318513238241345854e-03
3.318165333416738319e-03
3.317817485148973327e-03
3.317469693417598488e-03
3.317121958222614669e-03
3.316774279543570347e-03
3.316426657370240630e-03
3.316079091682174861e-03
3.315731582489597502e-03
3.315384129761832568e-03
3.315036733488655601e-03
3.314689393659839972e-03
3.314342110275386548e-03
3.313994883304618479e-03
3.313647712747536198e-03
3.313300598583688184e-03
3.312953540813074870e-03
3.312606539415245601e-03
3.312259594379974616e-03
3.311912705697036587e-03
3.311565873345981292e-03
3.311219097326807432e-03
3.310872377629290111e-03
3.310525714222753782e-03
3.310179107117423337e-03
3.309832556282621494e-03
3.309486061718349987e-03
3.309139623414383054e-03
3.308793241350268741e-03
3.308446915526007479e-03
3.308100645910923721e-03
3.307754432515241927e-03
3.307408275298061220e-03
3.307062174279831821e-03
3.306716129429877749e-03
3.306370140748199436e-03
3.306024208204119165e-03
3.305678331797639105e-03
3.305332511528757521e-03
3.304986747356572670e-03
3.304641039301536073e-03
3.304295387332971748e-03
3.303949791430428173e-03
3.303604251604131108e-03
3.303258767833629900e-03
3.302913340098473025e-03
3.302567968388436023e-03
3.302222652713742920e-03
3.301877393033493275e-03
3.301532189347686219e-03
3.301187041656322620e-03
3.300841949928725629e-03
3.300496914154670350e-03
3.300151934344381244e-03
3.299807010456956569e-03
3.299462142502623384e-03
3.299117330450703975e-03
3.298772574301198773e-03
3.298427874043882019e-03
3.298083229658303056e-03
3.297738641144463186e-03
3.297394108481909152e-03
3.297049631660416494e-03
3.296705210669761184e-03
3.296360845489490401e-03
3.296016536129829904e-03
3.295672282560104579e-03
3.295328084759862469e-03
3.294983942749555098e-03
3.294639856478054959e-03
3.294295825965812274e-03
3.293951851192377690e-03
3.293607932137299250e-03
3.293264068800577822e-03
3.292920261151536555e-03
3.292576509200399910e-03
3.292232812926718533e-03
3.291889172310041335e-03
3.291545587350367882e-03
3.291202058037472414e-03
3.290858584350905142e-03
3.290515166280439871e-03
3.290171803815850841e-03
3.289828496946914024e-03
3.289485245653177032e-03
3.289142049944866492e-03
3.288798909791304688e-03
3.288455825182267592e-03
3.288112796107529445e-03
3.287769822556864049e-03
3.287426904530272274e-03
3.287084041997078137e-03
3.286741234947054141e-03
3.286398483380203323e-03
3.286055787276072424e-03
3.285713146624437420e-03
3.285370561415071246e-03
3.285028031637750312e-03
3.284685557282248421e-03
3.284343138338339813e-03
3.284000774775349372e-03
3.283658466603501126e-03
3.283316213812569745e-03
3.282974016371879682e-03
3.282631874281430936e-03
3.282289787520771985e-03
3.281947756100129458e-03
3.281605779978599875e-03
3.281263859166410300e-03
3.280921993643109210e-03
3.280580183398470843e-03
3.280238428422269873e-03
3.279896728704281405e-03
3.279555084224054784e-03
3.279213494981589143e-03
3.278871960946207632e-03
3.278530482138363508e-03
3.278189058517152425e-03
3.277847690082575684e-03
3.277506376814183497e-03
3.277165118722199025e-03
3.276823915775946717e-03
3.276482767954976786e-03
3.276141675279739453e-03
3.275800637709332542e-03
3.275459655243756051e-03
3.275118727872785521e-03
3.274777855586194757e-03
3.274437038373758432e-03
3.274096276204800562e-03
3.273755569079320714e-03
3.273414916997318888e-03
3.273074319938344429e-03
3.272733777892172444e-03
3.272393290838350541e-03
3.272052858776880457e-03
3.271712481687310235e-03
3.271372159559415415e-03
3.271031892393194696e-03
3.270691680168198289e-03
3.270351522863975107e-03
3.270011420490749610e-03
3.269671373007621354e-03
3.269331380435040995e-03
3.268991442742332117e-03
3.268651559919268524e-03
3.268311731955626191e-03
3.267971958841178054e-03
3.267632240555475194e-03
3.267292577108741637e-03
3.266952968470300967e-03
3.266613414629928724e-03
3.266273915587624040e-03
3.265934471322937127e-03
3.265595081835866251e-03
3.265255747085511404e-03
3.264916467092323239e-03
3.264577241825624039e-03
3.264238071285415106e-03
3.263898955461471112e-03
3.263559894323114774e-03
3.263220887870347392e-03
3.262881936113392559e-03
3.262543039001125373e-03
3.262204196543769859e-03
3.261865408731100691e-03
3.261526675542667213e-03
3.261187996978468992e-03
3.260849373018056239e-03
3.260510803651202327e-03
3.260172288867683229e-03
3.259833828657271882e-03
3.259495423009743827e-03
3.259157071904648408e-03
3.258818775341984757e-03
3.258480533301303089e-03
3.258142345782602100e-03
3.257804212755206243e-03
3.257466134219115950e-03
3.257128110174330789e-03
3.256790140590173910e-03
3.256452225466646179e-03
3.256114364783296508e-03
3.255776558540124897e-03
3.255438806706454496e-03
3.255101109302736828e-03
3.254763466288070149e-03
3.254425877652228263e-03
3.254088343405438233e-03
3.253750863517021908e-03
3.253413437986980589e-03
3.253076066794862754e-03
3.252738749940668837e-03
3.252401487403947314e-03
3.252064279164248398e-03
3.251727125231796550e-03
3.251390025586141548e-03
3.251052980196606542e-03
3.250715989083642187e-03
3.250379052216572934e-03
3.250042169595399218e-03
3.249705341189443319e-03
3.249368567008931001e-03
3.249031847023187581e-03
3.248695181242437086e-03
3.248358569646227559e-03
3.248022012203885620e-03
3.247685508935859756e-03
3.247349059811474419e-03
3.247012664820504713e-03
3.246676323952724010e-03
3.246340037197907851e-03
3.246003804545830908e-03
3.245667625986266552e-03
3.245331501508991190e-03
3.244995431093551999e-03
3.244659414739950714e-03
3.244323452427735378e-03
3.243987544146680665e-03
3.243651689886562113e-03
3.243315889647378422e-03
3.242980143398453610e-03
3.242644451139788109e-03
3.242308812861157026e-03
3.241973228542107972e-03
3.241637698182642247e-03
3.241302221762308328e-03
3.240966799270880890e-03
3.240631430708360364e-03
3.240296116044069901e-03
3.239960855278009935e-03
3.239625648399954705e-03
3.239290495389453121e-03
3.238955396256731813e-03
3.238620350960887302e-03
3.238285359512146216e-03
3.237950421900282795e-03
3.237615538094621055e-03
3.237280708095160997e-03
3.236945931891676426e-03
3.236611209473942881e-03
3.236276540831734168e-03
3.235941925944600065e-03
3.235607364812540139e-03
3.235272857415103301e-03
3.234938403742065090e-03
3.234604003793424207e-03
3.234269657538505535e-03
3.233935364977308206e-03
3.233601126099607762e-03
3.233266940895178007e-03
3.232932809353793614e-03
3.232598731455003493e-03
3.232264707188583185e-03
3.231930736554531388e-03
3.231596819522172554e-03
3.231262956111957772e-03
3.230929146272759536e-03
3.230595390025028935e-03
3.230261687338089119e-03
3.229928038222166283e-03
3.229594442636357816e-03
3.229260900601115675e-03
3.228927412075537247e-03
3.228593977069848294e-03
3.228260595563597728e-03
3.227927267546560654e-03
3.227593992998285550e-03
3.227260771928999045e-03
3.226927604318248748e-03
3.226594490145584439e-03
3.226261429411006118e-03
3.225928422094063563e-03
3.225595468184530579e-03
3.225262567682406732e-03
3.224929720557016908e-03
3.224596926818585566e-03
3.224264186446662919e-03
3.223931499420797011e-03
3.223598865740988709e-03
3.223266285407237145e-03
3.222933758378641010e-03
3.222601284665425631e-03
3.222268864247140787e-03
3.221936497123786044e-03
3.221604183264684985e-03
3.221271922680062506e-03
3.220939715349468383e-03
3.220607561252452396e-03
3.220275460389013678e-03
3.219943412748926901e-03
3.219611418311741843e-03
3.219279477077457638e-03
3.218947589025623196e-03
3.218615754156239819e-03
3.218283972448855550e-03
3.217952243893245062e-03
3.217620568468959000e-03
3.217288946186220525e-03
3.216957377024579415e-03
3.216625860963586749e-03
3.216294397993014163e-03
3.215962988123088721e-03
3.215631631312909113e-03
3.215300327582925558e-03
3.214969076892235447e-03
3.214637879251065842e-03
3.214306734628739459e-03
3.213975643035482058e-03
3.213644604440617659e-03
3.213313618844145826e-03
3.212982686235840366e-03
3.212651806595251923e-03
3.212320979922380065e-03
3.211990206206998596e-03
3.211659485418432401e-03
3.211328817566905941e-03
3.210998202631968560e-03
3.210667640603394497e-03
3.210337131481185054e-03
3.210006675224437618e-03
3.209676271853602846e-03
3.209345921348230081e-03
3.209015623687869103e-03
3.208685378862293283e-03
3.208355186871503922e-03
3.208025047705273958e-03
3.207694961332928276e-03
3.207364927764693070e-03
3.207034946980115517e-03
3.206705018968971591e-03
3.206375143721035530e-03
3.206045321215855812e-03
3.205715551463659066e-03
3.205385834433768441e-03
3.205056170115958177e-03
3.204726558520454467e-03
3.204396999606354268e-03
3.204067493383884208e-03
3.203738039832593632e-03
3.203408638942256345e-03
3.203079290702647020e-03
3.202749995113765655e-03
3.202420752134710943e-03
3.202091561796158430e-03
3.201762424046982348e-03
3.201433338897406288e-03
3.201104306337206225e-03
3.200775326345930635e-03
3.200446398923579953e-03
3.200117524049702657e-03
3.199788701724299612e-03
3.199459931916693971e-03
3.199131214637111493e-03
3.198802549854875329e-03
3.198473937569985479e-03
3.198145377782442809e-03
3.197816870451345144e-03
3.197488415597143571e-03
3.197160013199386568e-03
3.196831663227397719e-03
3.196503365691403652e-03
3.196175120581178173e-03
3.195846927876270626e-03
3.195518787566455250e-03
3.195190699641507152e-03
3.194862664091200569e-03
3.194534680905309308e-03
3.194206750073609342e-03
3.193878871585874909e-03
3.193551045431879815e-03
3.193223271591173838e-03
3.192895550063756544e-03
3.192567880829178147e-03
3.192240263887437344e-03
3.191912699207858587e-03
3.191585186810892098e-03
3.191257726655636999e-03
3.190930318752317751e-03
3.190602963080484567e-03
3.190275659619685924e-03
3.189948408380147149e-03
3.189621209331192694e-03
3.189294062483047452e-03
3.188966967794809679e-03
3.188639925286930465e-03
3.188312934928732960e-03
3.187985996709992269e-03
3.187659110630708826e-03
3.187332276670430675e-03
3.187005494818932923e-03
3.186678765076215569e-03
3.186352087411602630e-03
3.186025461835319435e-03
3.185698888326914460e-03
3.185372366865936618e-03
3.185045897452388076e-03
3.184719480076040905e-03
3.184393114726671511e-03
3.184066801383827507e-03
3.183740540047510625e-03
3.183414330697268042e-03
3.183088173333101494e-03
3.182762067934558591e-03
3.182436014491415305e-03
3.182110013003670770e-03
3.181784063440649003e-03
3.181458165812575331e-03
3.181132320088773772e-03
3.180806526279469221e-03
3.180480784353985260e-03
3.180155094322548517e-03
3.179829456144256383e-03
3.179503869839559078e-03
3.179178335377782355e-03
3.178852852748698284e-03
3.178527421952308599e-03
3.178202042978387105e-03
3.177876715806483583e-03
3.177551440426371835e-03
3.177226216827826969e-03
3.176901045000623224e-03
3.176575924934535704e-03
3.176250856629563545e-03
3.175925840055031629e-03
3.175600875210938655e-03
3.175275962087060165e-03
3.174951100662945069e-03
3.174626290948818260e-03
3.174301532914004624e-03
3.173976826548277532e-03
3.173652171851637418e-03
3.173327568813858520e-03
3.173003017404265724e-03
3.172678517643308816e-03
3.172354069490086054e-03
3.172029672944598304e-03
3.171705328006844699e-03
3.171381034656374151e-03
3.171056792872737305e-03
3.170732602666158188e-03
3.170408464005960818e-03
3.170084376902370955e-03
3.169760341324712183e-03
3.169436357272984502e-03
3.169112424726735957e-03
3.168788543685968715e-03
3.168464714130230821e-03
3.168140936059521840e-03
3.167817209463616446e-03
3.167493534311839089e-03
3.167169910614414663e-03
3.166846338350892080e-03
3.166522817521272206e-03
3.166199348105103520e-03
3.165875930081934932e-03
3.165552563461993072e-03
3.165229248214600222e-03
3.164905984349982576e-03
3.164582771837463285e-03
3.164259610677043217e-03
3.163936500858496176e-03
3.163613442361371941e-03
3.163290435185669644e-03
3.162967479321164826e-03
3.162644574747405964e-03
3.162321721464393491e-03
3.161998919451676320e-03
3.161676168699028688e-03
3.161353469206451463e-03
3.161030820953493123e-03
3.160708223929928340e-03
3.160385678125531353e-03
3.160063183540303029e-03
3.159740740143566953e-03
3.159418347935322256e-03
3.159096006915569372e-03
3.158773717053632319e-03
3.158451478349511097e-03
3.158129290782754617e-03
3.157807154363587773e-03
3.157485069061335015e-03
3.157163034875996345e-03
3.156841051787121107e-03
3.156519119794708433e-03
3.156197238878307668e-03
3.155875409037919681e-03
3.155553630253093381e-03
3.155231902523827469e-03
3.154910225819447262e-03
3.154588600150176787e-03
3.154267025495566690e-03
3.153945501855616104e-03
3.153624029199649046e-03
3.153302607537890843e-03
3.152981236839664213e-03
3.152659917104971322e-03
3.152338648323584677e-03
3.152017430495504709e-03
3.151696263590056737e-03
3.151375147597012833e-03
3.151054082526600925e-03
3.150733068348142863e-03
3.150412105051413753e-03
3.150091192646639355e-03
3.149770331103142820e-03
3.149449520410699688e-03
3.149128760569309526e-03
3.148808051558519942e-03
3.148487393368108213e-03
3.148166785998072169e-03
3.147846229438187784e-03
3.147525723657778208e-03
3.147205268656842574e-03
3.146884864435382182e-03
3.146564510972945945e-03
3.146244208249083206e-03
3.145923956274017993e-03
3.145603755027300951e-03
3.145283604498706320e-03
3.144963504678008337e-03
3.144643455544755915e-03
3.144323457109175681e-03
3.144003509340589485e-03
3.143683612228773301e-03
3.143363765783952889e-03
3.143043969975450533e-03
3.142724224803267099e-03
3.142404530257177694e-03
3.142084886306504600e-03
3.141765292971699340e-03
3.141445750211861038e-03
3.141126258047439480e-03
3.140806816437532924e-03
3.140487425392367565e-03
3.140168084901717206e-03
3.139848794934906300e-03
3.139529555502160608e-03
3.139210366583027306e-03
3.138891228167283234e-03
3.138572140254926660e-03
3.138253102815282466e-03
3.137934115848350219e-03
3.137615179354129921e-03
3.137296293301945153e-03
3.136977457702021244e-03
3.136658672523682644e-03
3.136339937766928487e-03
3.136021253411308118e-03
3.135702619477273058e-03
3.135384035913695369e-03
3.135065502730801246e-03
3.134747019918364061e-03
3.134428587466159787e-03
3.134110205353736467e-03
3.133791873581094969e-03
3.133473592127783772e-03
3.133155360993803307e-03
3.132837180158701620e-03
3.132519049632706207e-03
3.132200969374913588e-03
3.131882939395549958e-03
3.131564959674164664e-03
3.131247030210756836e-03
3.130929150974650493e-03
3.130611321986297158e-03
3.130293543204794218e-03
3.129975814630142975e-03
3.129658136262342127e-03
3.129340508080940587e-03
3.129022930075713894e-03
3.128705402246662048e-03
3.128387924563108633e-03
3.128070497025052781e-03
3.127753119622270900e-03
3.127435792354761254e-03
3.127118515191847428e-03
3.126801288133531590e-03
3.126484111169585377e-03
3.126166984300010956e-03
3.125849907483906585e-03
3.125532880741722051e-03
3.125215904053006699e-03
3.124898977397309874e-03
3.124582100774631575e-03
3.124265274174746476e-03
3.123948497577203488e-03
3.123631770982003043e-03
3.123315094378919816e-03
3.122998467747501849e-03
3.122681891087750010e-03
3.122365364389438971e-03
3.122048887632117645e-03
3.121732460815786030e-03
3.121416083919993471e-03
3.121099756944739102e-03
3.120783479869573569e-03
3.120467252684269374e-03
3.120151075388828688e-03
3.119834947962799986e-03
3.119518870406182403e-03
3.119202842698525716e-03
3.118886864829604599e-03
3.118570936799419050e-03
3.118255058587517982e-03
3.117939230183675633e-03
3.117623451587892437e-03
3.117307722769492844e-03
3.116992043738700882e-03
3.116676414475066763e-03
3.116360834968364291e-03
3.116045305208369007e-03
3.115729825184853849e-03
3.115414394897820551e-03
3.115099014326817590e-03
3.114783683451394312e-03
3.114468402281774743e-03
3.114153170787284635e-03
3.113837988978148449e-03
3.113522856833915529e-03
3.113207774334134786e-03
3.112892741489031549e-03
3.112577758267930268e-03
3.112262824681054970e-03
3.111947940697730973e-03
3.111633106317957410e-03
3.111318321531508953e-03
3.111003586328160275e-03
3.110688900687460720e-03
3.110374264619635183e-03
3.110059678094007681e-03
3.109745141120803975e-03
3.109430653669346782e-03
3.109116215729411208e-03
3.108801827300998119e-03
3.108487488384107083e-03
3.108173198937834621e-03
3.107858958982633989e-03
3.107544768487827905e-03
3.107230627453416803e-03
3.106916535869174052e-03
3.106602493714650300e-03
3.106288500979618918e-03
3.105974557674306101e-03
3.105660663757809671e-03
3.105346819250580283e-03
3.105033024132168584e-03
3.104719278371896422e-03
3.104405581990215754e-03
3.104091934956450163e-03
3.103778337260373887e-03
3.103464788901986494e-03
3.103151289860838630e-03
3.102837840136928992e-03
3.102524439720032255e-03
3.102211088589697761e-03
3.101897786735700619e-03
3.101584534158039960e-03
3.101271330846491325e-03
3.100958176770377429e-03
3.100645071939924467e-03
3.100332016344906245e-03
3.100019009975097870e-03
3.099706052799822923e-03
3.099393144829307601e-03
3.099080286053324841e-03
3.098767476451425723e-03
3.098454716003156990e-03
3.098142004728971464e-03
3.097829342598193165e-03
3.097516729610819922e-03
3.097204165736177055e-03
3.096891650984490325e-03
3.096579185335307776e-03
3.096266768798854735e-03
3.095954401324005432e-03
3.095642082941435416e-03
3.095329813620467403e-03
3.095017593350877366e-03
3.094705422122439546e-03
3.094393299935153507e-03
3.094081226768568595e-03
3.093769202622685677e-03
3.093457227477051930e-03
3.093145301311218433e-03
3.092833424135409646e-03
3.092521595939400243e-03
3.092209816702739568e-03
3.091898086425427621e-03
3.091586405076787551e-03
3.091274772667045988e-03
3.090963189175750976e-03
3.090651654592677187e-03
3.090340168917825488e-03
3.090028732140969250e-03
3.089717344221207598e-03
3.089406005189216948e-03
3.089094715014320449e-03
3.088783473696518102e-03
3.088472281205133924e-03
3.088161137540167914e-03
3.087850042711844968e-03
3.087538996679264208e-03
3.087227999452650529e-03
3.086917051011553274e-03
3.086606151345746684e-03
3.086295300455231191e-03
3.085984498309330380e-03
3.085673744928495773e-03
3.085363040271823891e-03
3.085052384349541363e-03
3.084741777151423295e-03
3.084431218646792403e-03
3.084120708845874016e-03
3.083810247728217910e-03
3.083499835283599194e-03
3.083189471512016566e-03
3.082879156393019803e-03
3.082568889926608040e-03
3.082258672092332355e-03
3.081948502879965253e-03
3.081638382289508035e-03
3.081328310300510045e-03
3.081018286902744655e-03
3.080708312085986972e-03
3.080398385860462756e-03
3.080088508185270697e-03
3.079778679070634823e-03
3.079468898496105344e-03
3.079159166471906722e-03
3.078849482946913185e-03
3.078539847951800284e-03
3.078230261455891167e-03
3.077920723448961809e-03
3.077611233931010909e-03
3.077301792891813572e-03
3.076992400310919144e-03
3.076683056178101429e-03
3.076373760493360861e-03
3.076064513236247220e-03
3.075755314406760071e-03
3.075446163984448325e-03
3.075137061969312417e-03
3.074828008351125717e-03
3.074519003109438871e-03
3.074210046234025252e-03
3.073901137724885727e-03
3.073592277582020294e-03
3.073283465764526778e-03
3.072974702282631372e-03
3.072665987115881688e-03
3.072357320274504353e-03
3.072048701717598057e-03
3.071740131465612589e-03
3.071431609487871531e-03
3.071123135784376186e-03
3.070814710344899924e-03
3.070506333148992524e-03
3.070198004196654420e-03
3.069889723477658549e-03
3.069581490971555558e-03
3.069273306678344578e-03
3.068965170587801584e-03
3.068657082689699080e-03
3.068349042973813039e-03
3.068041051429918134e-03
3.067733108037562408e-03
3.067425212796746729e-03
3.067117365707470664e-03
3.066809566739058662e-03
3.066501815881284530e-03
3.066194113154598923e-03
3.065886458507876070e-03
3.065578851961564891e-03
3.065271293495216032e-03
3.064963783098603733e-03
3.064656320751276905e-03
3.064348906463460441e-03
3.064041540214705421e-03
3.063734222005009243e-03
3.063426951793472332e-03
3.063119729610769369e-03
3.062812555415999477e-03
3.062505429209163525e-03
3.062198350990259776e-03
3.061891320738838011e-03
3.061584338444673769e-03
3.061277404097539553e-03
3.060970517697437533e-03
3.060663679223915752e-03
3.060356888656523555e-03
3.060050146015711597e-03
3.059743451270803896e-03
3.059436804411575124e-03
3.059130205427799086e-03
3.058823654319476650e-03
3.058517151076382053e-03
3.058210695667838881e-03
3.057904288114298656e-03
3.057597928374858765e-03
3.057291616469969865e-03
3.056985352368956840e-03
3.056679136061593929e-03
3.056372967547880265e-03
3.056066846807366059e-03
3.055760773840050879e-03
3.055454748635708963e-03
3.055148771184115417e-03
3.054842841464819152e-03
3.054536959477819735e-03
3.054231125212892705e-03
3.053925338659812302e-03
3.053619599808351896e-03
3.053313908638062568e-03
3.053008265148942583e-03
3.052702669320542586e-03
3.052397121173312800e-03
3.052091620666350612e-03
3.051786167789432430e-03
3.051480762552782281e-03
3.051175404935949510e-03
3.050870094928709222e-03
3.050564832520835656e-03
3.050259617712328380e-03
3.049954450472511843e-03
3.049649330811610940e-03
3.049344258698950122e-03
3.049039234144753849e-03
3.048734257138797660e-03
3.048429327650404273e-03
3.048124445689799882e-03
3.047819611236533398e-03
3.047514824290604388e-03
3.047210084831562631e-03
3.046905392859408125e-03
3.046600748343464022e-03
3.046296151304181844e-03
3.045991601710884740e-03
3.045687099563572711e-03
3.045382644841795536e-03
3.045078237545552780e-03
3.044773877664618683e-03
3.044469565178543023e-03
3.044165300087325367e-03
3.043861082370515492e-03
3.043556912038338294e-03
3.043252789060116922e-03
3.042948713446078004e-03
3.042644685165544257e-03
3.042340704228741876e-03
3.042036770604994011e-03
3.041732884294301095e-03
3.041429045286437368e-03
3.041125253571177935e-03
3.040821509148521930e-03
3.040517811987793369e-03
3.040214162099218447e-03
3.039910559462345209e-03
3.039607004066948760e-03
3.039303495913029101e-03
3.039000034980135143e-03
3.038696621258042425e-03
3.038393254736523885e-03
3.038089935415580825e-03
3.037786663284987049e-03
3.037483438324292771e-03
3.037180260533496254e-03
3.036877129892148579e-03
3.036574046400248444e-03
3.036271010047570090e-03
3.035968020813664160e-03
3.035665078698529355e-03
3.035362183691941215e-03
3.035059335783673543e-03
3.034756534953275686e-03
3.034453781210973838e-03
3.034151074536315610e-03
3.033848414908851213e-03
3.033545802338806410e-03
3.033243236795503915e-03
3.032940718289169491e-03
3.032638246799352483e-03
3.032335822315827562e-03
3.032033444828368968e-03
3.031731114336976701e-03
3.031428830821200539e-03
3.031126594270814288e-03
3.030824404685817947e-03
3.030522262045761295e-03
3.030220166350643899e-03
3.029918117580015103e-03
3.029616115733874907e-03
3.029314160801997551e-03
3.029012252763932378e-03
3.028710391619679389e-03
3.028408577348787930e-03
3.028106809951257566e-03
3.027805089427088297e-03
3.027503415745604574e-03
3.027201788917031292e-03
3.026900208900466707e-03
3.026598675726587234e-03
3.026297189354491129e-03
3.025995749794403722e-03
3.025694357015649028e-03
3.025393011028451942e-03
3.025091711822587570e-03
3.024790459367379062e-03
3.024489253673052613e-03
3.024188094719156700e-03
3.023886982505691757e-03
3.023585917012206695e-03
3.023284898238701515e-03
3.022983926164725561e-03
3.022683000790278400e-03
3.022382122105134704e-03
3.022081290088843818e-03
3.021780504751631503e-03
3.021479766062821343e-03
3.021179074022412904e-03
3.020878428620180859e-03
3.020577829845899880e-03
3.020277277699569968e-03
3.019976772150515139e-03
3.019676313198734526e-03
3.019375900844228997e-03
3.019075535066547463e-03
3.018775215855464596e-03
3.018474943200754636e-03
3.018174717102417581e-03
3.017874537550228106e-03
3.017574404513510659e-03
3.017274318012714597e-03
3.016974278017165237e-03
3.016674284526861278e-03
3.016374337531578260e-03
3.016074437010864660e-03
3.015774582964720913e-03
3.015474775393146151e-03
3.015175014265465258e-03
3.014875299581677801e-03
3.014575631331558453e-03
3.014276009504881018e-03
3.013976434101646798e-03
3.013683351042319419e-03
3.013396686358152388e-03
3.013110061787788695e-03
3.012823477325188900e-03
3.012536932964649233e-03
3.012250428699962852e-03
3.011963964525594256e-03
3.011677540435168336e-03
3.011391156422981320e-03
3.011104812483329438e-03
3.010818508610006716e-03
3.010532244797308084e-03
3.010246021039027567e-03
3.009959837329460527e-03
3.009673693662736661e-03
3.009387590032816528e-03
3.009101526433828090e-03
3.008815502859900608e-03
3.008529519305162044e-03
3.008243575763573392e-03
3.007957672229263912e-03
3.007671808696193300e-03
3.007385985158658650e-03
3.007100201610788358e-03
3.006814458046374715e-03
3.006528754459883521e-03
3.006243090844938366e-03
3.005957467196172014e-03
3.005671883507041089e-03
3.005386339772178790e-03
3.005100835985376976e-03
3.004815372140765342e-03
3.004529948232471416e-03
3.004244564254624460e-03
3.003959220201184166e-03
3.003673916066448499e-03
3.003388651844209750e-03
3.003103427528763716e-03
3.002818243114239657e-03
3.002533098594430301e-03
3.002247993963799710e-03
3.001962929216141045e-03
3.001677904345583132e-03
3.001392919346421769e-03
3.001107974212450982e-03
3.000823068937965698e-03
3.000538203516927346e-03
3.000253377943465187e-03
2.999968592211706749e-03
2.999683846315780861e-03
2.999399140249648949e-03
2.999114474007438975e-03
2.998829847583279768e-03
2.998545260971131454e-03
2.998260714165123728e-03
2.997976207159552386e-03
2.997691739948210154e-03
2.997407312525225860e-03
2.997122924885063568e-03
2.996838577021349037e-03
2.996554268928210661e-03
2.996270000599943802e-03
2.995985772030677723e-03
2.995701583214206015e-03
2.995417434144656641e-03
2.995133324816493664e-03
2.994849255223342409e-03
2.994565225359499538e-03
2.994281235219093014e-03
2.993997284796252097e-03
2.993713374084769081e-03
2.993429503079108895e-03
2.993145671773063832e-03
2.992861880160763155e-03
2.992578128236502658e-03
2.992294415994075502e-03
2.992010743427777914e-03
2.991727110531738724e-03
2.991443517299750658e-03
2.991159963726278213e-03
2.990876449804946713e-03
2.990592975530387190e-03
2.990309540896225835e-03
2.990026145896758879e-03
2.989742790526114281e-03
2.989459474778253471e-03
2.989176198647304841e-03
2.988892962127564622e-03
2.988609765212657705e-03
2.988326607897049021e-03
2.988043490174698696e-03
2.987760412039567725e-03
2.987477373486120604e-03
2.987194374508150060e-03
2.986911415099784486e-03
2.986628495254984878e-03
2.986345614968047464e-03
2.986062774232933238e-03
2.985779973043937996e-03
2.985497211394855764e-03
2.985214489279981905e-03
2.984931806693278279e-03
2.984649163629039814e-03
2.984366560081060972e-03
2.984083996043636680e-03
2.983801471510560965e-03
2.983518986476465726e-03
2.983236540934975419e-03
2.982954134880387576e-03
2.982671768306661888e-03
2.982389441208095453e-03
2.982107153578312728e-03
2.981824905411946478e-03
2.981542696702621162e-03
2.981260527444969544e-03
2.980978397632616517e-03
2.980696307259857875e-03
2.980414256320654612e-03
2.980132244809303825e-03
2.979850272719429972e-03
2.979568340045665384e-03
2.979286446781970622e-03
2.979004592922307113e-03
2.978722778460634549e-03
2.978441003391584831e-03
2.978159267708448913e-03
2.977877571405857828e-03
2.977595914477772134e-03
2.977314296918489363e-03
2.977032718721633539e-03
2.976751179881836559e-03
2.976469680392724616e-03
2.976188220248257837e-03
2.975906799443403788e-03
2.975625417971452125e-03
2.975344075826699079e-03
2.975062773003106509e-03
2.974781509495304579e-03
2.974500285296919483e-03
2.974219100401911779e-03
2.973937954804578131e-03
2.973656848499214769e-03
2.973375781479447016e-03
2.973094753739906337e-03
2.972813765274218058e-03
2.972532816076679275e-03
2.972251906141585784e-03
2.971971035462562475e-03
2.971690204033906012e-03
2.971409411849912623e-03
2.971128658904543737e-03
2.970847945191759480e-03
2.970567270705520846e-03
2.970286635440459733e-03
2.970006039390201465e-03
2.969725482549042273e-03
2.969444964910942716e-03
2.969164486470199458e-03
2.968884047220773491e-03
2.968603647156625377e-03
2.968323286272050911e-03
2.968042964561012388e-03
2.967762682017804736e-03
2.967482438636388515e-03
2.967202234410726020e-03
2.966922069334776944e-03
2.966641943403173620e-03
2.966361856609876606e-03
2.966081808948846463e-03
2.965801800413709385e-03
2.965521830999432069e-03
2.965241900699303740e-03
2.964962009508293264e-03
2.964682157419688997e-03
2.964402344427787602e-03
2.964122570526886175e-03
2.963842835710944843e-03
2.963563139974259401e-03
2.963283483310456476e-03
2.963003865714502767e-03
2.962724287179352260e-03
2.962444747699972524e-03
2.962165247269988883e-03
2.961885785883697567e-03
2.961606363535395237e-03
2.961326980218706786e-03
2.961047635928264112e-03
2.960768330657357304e-03
2.960489064400953930e-03
2.960209837152678013e-03
2.959930648906827083e-03
2.959651499657361701e-03
2.959372389398242428e-03
2.959093318124101160e-03
2.958814285828563657e-03
2.958535292505590046e-03
2.958256338149812658e-03
2.957977422754856818e-03
2.957698546315017888e-03
2.957419708824593832e-03
2.957140910277208240e-03
2.956862150667493878e-03
2.956583429989076070e-03
2.956304748236251046e-03
2.956026105403315035e-03
2.955747501483893362e-03
2.955468936472617925e-03
2.955190410363114049e-03
2.954911923150013199e-03
2.954633474826941133e-03
2.954355065388194080e-03
2.954076694827732601e-03
2.953798363139853358e-03
2.953520070318516478e-03
2.953241816357683822e-03
2.952963601251651186e-03
2.952685424995050469e-03
2.952407287580835222e-03
2.952129189003973881e-03
2.951851129258426572e-03
2.951573108337819489e-03
2.951295126237118895e-03
2.951017182949614882e-03
2.950739278469604113e-03
2.950461412791047146e-03
2.950183585908911117e-03
2.949905797816486114e-03
2.949628048508068801e-03
2.949350337977619304e-03
2.949072666219098617e-03
2.948795033227474306e-03
2.948517438996036029e-03
2.948239883519080014e-03
2.947962366790567688e-03
2.947684888805130084e-03
2.947407449556392525e-03
2.947130049038651674e-03
2.946852687245868525e-03
2.946575364172338875e-03
2.946298079811688481e-03
2.946020834158548807e-03
2.945743627206881283e-03
2.945466458951316938e-03
2.945189329384810192e-03
2.944912238501993379e-03
2.944635186297497962e-03
2.944358172764614031e-03
2.944081197897973051e-03
2.943804261691536014e-03
2.943527364139599152e-03
2.943250505235787788e-03
2.942973684974734255e-03
2.942696903349727340e-03
2.942420160356070714e-03
2.942143455987053600e-03
2.941866790236637424e-03
2.941590163099789320e-03
2.941313574569798511e-03
2.941037024641297327e-03
2.940760513307911529e-03
2.940484040564271713e-03
2.940207606404340174e-03
2.939931210821740935e-03
2.939654853811106763e-03
2.939378535366397784e-03
2.939102255481574992e-03
2.938826014150935050e-03
2.938549811368438517e-03
2.938273647128717293e-03
2.937997521425395834e-03
2.937721434252436436e-03
2.937445385604134894e-03
2.937169375474787004e-03
2.936893403858353759e-03
2.936617470748796588e-03
2.936341576140411285e-03
2.936065720027493647e-03
2.935789902403670298e-03
2.935514123263571837e-03
2.935238382600824456e-03
2.934962680409723950e-03
2.934687016684566548e-03
2.934411391419649347e-03
2.934135804608261136e-03
2.933860256245369915e-03
2.933584746324601009e-03
2.933309274839914545e-03
2.933033841786278524e-03
2.932758447156982601e-03
2.932483090946658242e-03
2.932207773148595969e-03
2.931932493758098151e-03
2.931657252768454010e-03
2.931382050173625842e-03
2.931106885968579913e-03
2.930831760146941547e-03
2.930556672702671304e-03
2.930281623630066716e-03
2.930006612923423143e-03
2.929731640576365911e-03
2.929456706583527352e-03
2.929181810938531923e-03
2.928906953636012389e-03
2.928632134669928878e-03
2.928357354034242816e-03
2.928082611722913897e-03
2.927807907730575754e-03
2.927533242050851976e-03
2.927258614678375330e-03
2.926984025606770273e-03
2.926709474830334768e-03
2.926434962343363311e-03
2.926160488139482093e-03
2.925886052213658248e-03
2.925611654559181866e-03
2.925337295170684845e-03
2.925062974041791643e-03
2.924788691167135024e-03
2.924514446540675116e-03
2.924240240156373346e-03
2.923966072008525510e-03
2.923691942091428270e-03
2.923417850398706951e-03
2.923143796924657350e-03
2.922869781663912231e-03
2.922595804609760383e-03
2.922321865757169373e-03
2.922047965099429725e-03
2.921774102631508139e-03
2.921500278346694703e-03
2.921226492239620449e-03
2.920952744304247239e-03
2.920679034534871300e-03
2.920405362925787996e-03
2.920131729470288717e-03
2.919858134163674096e-03
2.919584576998900723e-03
2.919311057970934431e-03
2.919037577073400978e-03
2.918764134301267930e-03
2.918490729647153607e-03
2.918217363106696480e-03
2.917944034673186637e-03
2.917670744340920309e-03
2.917397492104193725e-03
2.917124277956967444e-03
2.916851101893538131e-03
2.916577963907531108e-03
2.916304863993913945e-03
2.916031802145975429e-03
2.915758778358348326e-03
2.915485792625328431e-03
2.915212844940206268e-03
2.914939935298284206e-03
2.914667063692516231e-03
2.914394230117869911e-03
2.914121434567971004e-03
2.913848677037786210e-03
2.913575957520269950e-03
2.913303276010390224e-03
2.913030632502106726e-03
2.912758026989045648e-03
2.912485459466174122e-03
2.912212929926781373e-03
2.911940438366171068e-03
2.911667984776961527e-03
2.911395569154455985e-03
2.911123191492614570e-03
2.910850851784727803e-03
2.910578550026097621e-03
2.910306286210014547e-03
2.910034060331110912e-03
2.909761872383346409e-03
2.909489722361018136e-03
2.909217610257415314e-03
2.908945536068176414e-03
2.908673499786255858e-03
2.908401501405950308e-03
2.908129540921891229e-03
2.907857618327703512e-03
2.907585733617684687e-03
2.907313886786464917e-03
2.907042077827335595e-03
2.906770306735263418e-03
2.906498573503537609e-03
2.906226878127126604e-03
2.905955220599318756e-03
2.905683600915082935e-03
2.905412019068043597e-03
2.905140475052497839e-03
2.904868968863076259e-03
2.904597500492733710e-03
2.904326069936773429e-03
2.904054677188819874e-03
2.903783322242834905e-03
2.903512005093114318e-03
2.903240725734289578e-03
2.902969484159651208e-03
2.902698280364165908e-03
2.902427114341459436e-03
2.902155986085827588e-03
2.901884895591567461e-03
2.901613842852639614e-03
2.901342827863004174e-03
2.901071850617293474e-03
2.900800911109133271e-03
2.900530009332818928e-03
2.900259145282982776e-03
2.899988318953250575e-03
2.899717530337918119e-03
2.899446779430945968e-03
2.899176066226630787e-03
2.898905390719269237e-03
2.898634752903157114e-03
2.898364152771919743e-03
2.898093590319853786e-03
2.897823065541590710e-03
2.897552578430420168e-03
2.897282128981310597e-03
2.897011717188221688e-03
2.896741343044778767e-03
2.896471006545614166e-03
2.896200707685024113e-03
2.895930446456969169e-03
2.895660222855410328e-03
2.895390036874308584e-03
2.895119888508630637e-03
2.894849777752002678e-03
2.894579704598384835e-03
2.894309669042073770e-03
2.894039671077700947e-03
2.893769710698891693e-03
2.893499787900278338e-03
2.893229902675150539e-03
2.892960055018475429e-03
2.892690244924214001e-03
2.892420472386326817e-03
2.892150737399110105e-03
2.891881039956860529e-03
2.891611380053539081e-03
2.891341757683441559e-03
2.891072172840193286e-03
2.890802625518762263e-03
2.890533115712772948e-03
2.890263643416522005e-03
2.889994208624306095e-03
2.889724811330421014e-03
2.889455451528492522e-03
2.889186129213152082e-03
2.888916844378025019e-03
2.888647597017743231e-03
2.888378387126603383e-03
2.888109214698565599e-03
2.887840079727256072e-03
2.887570982207641069e-03
2.887301922133682450e-03
2.887032899499005108e-03
2.886763914298575741e-03
2.886494966526356211e-03
2.886226056175970976e-03
2.885957183242052800e-03
2.885688347718561378e-03
2.885419549599793805e-03
2.885150788879710642e-03
2.884882065552943787e-03
2.884613379613454234e-03
2.884344731055202542e-03
2.884076119872484509e-03
2.883807546059261994e-03
2.883539009610166029e-03
2.883270510519158041e-03
2.883002048780198157e-03
2.882733624387248238e-03
2.882465237335274551e-03
2.882196887617902419e-03
2.881928575229428940e-03
2.881660300164149910e-03
2.881392062415690652e-03
2.881123861979018735e-03
2.880855698847759917e-03
2.880587573016209126e-03
2.880319484478663893e-03
2.880051433229084343e-03
2.879783419261767573e-03
2.879515442570673277e-03
2.879247503150769889e-03
2.878979600995346631e-03
2.878711736098364497e-03
2.878443908455125856e-03
2.878176118058921231e-03
2.877908364904382087e-03
2.877640648985469417e-03
2.877372970296143782e-03
2.877105328831036646e-03
2.876837724584110304e-03
2.876570157549324016e-03
2.876302627721310113e-03
2.876035135094029589e-03
2.875767679661442571e-03
2.875500261418182258e-03
2.875232880357872674e-03
2.874965536475146150e-03
2.874698229763963248e-03
2.874430960218621062e-03
2.874163727833414957e-03
2.873896532602306358e-03
2.873629374519255826e-03
2.873362253579230495e-03
2.873095169775520454e-03
2.872828123102757602e-03
2.872561113554902932e-03
2.872294141126587042e-03
2.872027205811436990e-03
2.871760307604083375e-03
2.871493446498487190e-03
2.871226622488945533e-03
2.870959835569418528e-03
2.870693085734202406e-03
2.870426372977929498e-03
2.870159697294224696e-03
2.869893058677384229e-03
2.869626457121704759e-03
2.869359892621146848e-03
2.869093365170342826e-03
2.868826874762917586e-03
2.868560421393502591e-03
2.868294005056059269e-03
2.868027625744883850e-03
2.867761283454272562e-03
2.867494978178185966e-03
2.867228709910920725e-03
2.866962478646773067e-03
2.866696284379703988e-03
2.866430127104008848e-03
2.866164006813985178e-03
2.865897923503593538e-03
2.865631877167465827e-03
2.865365867799226501e-03
2.865099895393172658e-03
2.864833959943935762e-03
2.864568061445476807e-03
2.864302199891756787e-03
2.864036375277407166e-03
2.863770587596388938e-03
2.863504836842662663e-03
2.863239123010860674e-03
2.862973446094943530e-03
2.862707806089207462e-03
2.862442202987613461e-03
2.862176636784792994e-03
2.861911107474372253e-03
2.861645615051317502e-03
2.861380159508918834e-03
2.861114740842143813e-03
2.860849359044617766e-03
2.860584014110972156e-03
2.860318706035504081e-03
2.860053434811837998e-03
2.859788200434605805e-03
2.859523002897768930e-03
2.859257842195623168e-03
2.858992718322800851e-03
2.858727631272591201e-03
2.858462581039961786e-03
2.858197567619209269e-03
2.857932591003958106e-03
2.857667651188505395e-03
2.857402748167483034e-03
2.857137881934515480e-03
2.856873052484235065e-03
2.856608259810938452e-03
2.856343503908585768e-03
2.856078784771474109e-03
2.855814102393564036e-03
2.855549456769151343e-03
2.855284847893203599e-03
2.855020275758675657e-03
2.854755740360533783e-03
2.854491241693075509e-03
2.854226779750260526e-03
2.853962354526050696e-03
2.853697966015412719e-03
2.853433614211636684e-03
2.853169299109689725e-03
2.852905020703197167e-03
2.852640778986790908e-03
2.852376573954431508e-03
2.852112405600751299e-03
2.851848273919374739e-03
2.851584178904935027e-03
2.851320120551391422e-03
2.851056098853041454e-03
2.850792113804516154e-03
2.850528165399441281e-03
2.850264253632113064e-03
2.850000378497163402e-03
2.849736539988553287e-03
2.849472738100242847e-03
2.849222834682399366e-03
2.848985754838225838e-03
2.848748701961044318e-03
2.848511676048170321e-03
2.848274677097591568e-03
2.848037705105952236e-03
2.847800760072581854e-03
2.847563841995466843e-03
2.847326950871252246e-03
2.847090086697925352e-03
2.846853249474143917e-03
2.846616439197894796e-03
2.846379655865823033e-03
2.846142899476586385e-03
2.845906170026829898e-03
2.845669467516553138e-03
2.845432791941730679e-03
2.845196143301019845e-03
2.844959521592408357e-03
2.844722926812540392e-03
2.844486358960745045e-03
2.844249818033667797e-03
2.844013304029294632e-03
2.843776816946284175e-03
2.843540356781952376e-03
2.843303923533614750e-03
2.843067517199929489e-03
2.842831137778212107e-03
2.842594785265779422e-03
2.842358459661960095e-03
2.842122160963398304e-03
2.841885889168081335e-03
2.841649644273325573e-03
2.841413426278459678e-03
2.841177235179457358e-03
2.840941070974976803e-03
2.840704933663004868e-03
2.840468823241528839e-03
2.840232739707863364e-03
2.839996683059326128e-03
2.839760653295244925e-03
2.839524650411594329e-03
2.839288674407702568e-03
2.839052725280886459e-03
2.838816803028461084e-03
2.838580907648413729e-03
2.838345039138060345e-03
2.838109197496729592e-03
2.837873382721066949e-03
2.837637594808387932e-03
2.837401833758021637e-03
2.837166099566612674e-03
2.836930392232148331e-03
2.836694711752615460e-03
2.836459058125330446e-03
2.836223431348279273e-03
2.835987831420120567e-03
2.835752258337498506e-03
2.835516712098401244e-03
2.835281192701485670e-03
2.835045700142726360e-03
2.834810234422122446e-03
2.834574795535648936e-03
2.834339383481962720e-03
2.834103998259051085e-03
2.833868639863559510e-03
2.833633308294145319e-03
2.833398003548795365e-03
2.833162725624155127e-03
2.832927474519553266e-03
2.832692250231634828e-03
2.832457052758386232e-03
2.832221882097794765e-03
2.831986738247176377e-03
2.831751621205189258e-03
2.831516530968477587e-03
2.831281467535699987e-03
2.831046430904172410e-03
2.830811421071210369e-03
2.830576438035471622e-03
2.830341481794272987e-03
2.830106552345600882e-03
2.829871649686770824e-03
2.829636773815770098e-03
2.829401924731256898e-03
2.829167102429204928e-03
2.828932306908271948e-03
2.828697538166445244e-03
2.828462796201711670e-03
2.828228081010715836e-03
2.827993392592115501e-03
2.827758730943898385e-03
2.827524096062708665e-03
2.827289487946534063e-03
2.827054906594031469e-03
2.826820352002518133e-03
2.826585824168637365e-03
2.826351323091719561e-03
2.826116848769080238e-03
2.825882401198034476e-03
2.825647980376570865e-03
2.825413586302674522e-03
2.825179218972991360e-03
2.824944878386850041e-03
2.824710564540895610e-03
2.824476277433115353e-03
2.824242017061495691e-03
2.824007783423352572e-03
2.823773576516672851e-03
2.823539396339443813e-03
2.823305242888310505e-03
2.823071116162601153e-03
2.822837016158961237e-03
2.822602942875378045e-03
2.822368896309166222e-03
2.822134876458313926e-03
2.821900883321478912e-03
2.821666916895305358e-03
2.821432977177780986e-03
2.821199064166892215e-03
2.820965177859284089e-03
2.820731318254286139e-03
2.820497485348542541e-03
2.820263679140040149e-03
2.820029899626766250e-03
2.819796146806037226e-03
2.819562420675168161e-03
2.819328721232817244e-03
2.819095048476971763e-03
2.818861402403604992e-03
2.818627783012046459e-03
2.818394190298941209e-03
2.818160624262946567e-03
2.817927084901378481e-03
2.817693572211553334e-03
2.817460086191457980e-03
2.817226626839078839e-03
2.816993194151732726e-03
2.816759788127406062e-03
2.816526408763414362e-03
2.816293056057745346e-03
2.816059730008385435e-03
2.815826430611979240e-03
2.815593157867856289e-03
2.815359911772661629e-03
2.815126692323710773e-03
2.814893499519662348e-03
2.814660333357831001e-03
2.814427193834862645e-03
2.814194080950085941e-03
2.813960994700816839e-03
2.813727935084371287e-03
2.813494902098064802e-03
2.813261895740556007e-03
2.813028916009160420e-03
2.812795962901194421e-03
2.812563036414643999e-03
2.812330136546825534e-03
2.812097263295726748e-03
2.811864416659333628e-03
2.811631596634962121e-03
2.811398803220599950e-03
2.811166036412890857e-03
2.810933296211164806e-03
2.810700582612065974e-03
2.810467895613582082e-03
2.810235235213028211e-03
2.810002601407721179e-03
2.809769994196988779e-03
2.809537413576806454e-03
2.809304859545830660e-03
2.809072332100706875e-03
2.808839831240093291e-03
2.808607356961976328e-03
2.808374909262330559e-03
2.808142488140484214e-03
2.807910093593753674e-03
2.807677725618783985e-03
2.807445384214903375e-03
2.807213069378757756e-03
2.806980781107662210e-03
2.806748519399604024e-03
2.806516284253241390e-03
2.806284075665218484e-03
2.806051893632852123e-03
2.805819738154799632e-03
2.805587609227706055e-03
2.805355506850229583e-03
2.805123431019685299e-03
2.804891381733390452e-03
2.804659358989331028e-03
2.804427362784822977e-03
2.804195393117853586e-03
2.803963449986409708e-03
2.803731533387136387e-03
2.803499643318020044e-03
2.803267779777719303e-03
2.803035942762878343e-03
2.802804132270813545e-03
2.802572348300182668e-03
2.802340590848302095e-03
2.802108859912486906e-03
2.801877155490724823e-03
2.801645477580331361e-03
2.801413826179293808e-03
2.801182201284927679e-03
2.800950602895219393e-03
2.800719031008157538e-03
2.800487485619714521e-03
2.800255966729890775e-03
2.800024474334660007e-03
2.799793008432009938e-03
2.799561569019255215e-03
2.799330156095054898e-03
2.799098769656053164e-03
2.798867409700908637e-03
2.798636076226265930e-03
2.798404769230111461e-03
2.798173488709762048e-03
2.797942234663875014e-03
2.797711007089095404e-03
2.797479805983410072e-03
2.797248631344135400e-03
2.797017483169257374e-03
2.796786361456092811e-03
2.796555266202628131e-03
2.796324197406180150e-03
2.796093155064734419e-03
2.795862139174936419e-03
2.795631149736115678e-03
2.795400186744916374e-03
2.795169250197983984e-03
2.794938340094647172e-03
2.794707456431550548e-03
2.794476599207352304e-03
2.794245768418026580e-03
2.794014964062231134e-03
2.793784186137952819e-03
2.793553434641837113e-03
2.793322709571869570e-03
2.793092010925367439e-03
2.792861338700988478e-03
2.792630692894705960e-03
2.792400073505848981e-03
2.792169480531063019e-03
2.791938913968334494e-03
2.791708373814308451e-03
2.791477860068313985e-03
2.791247372726324803e-03
2.791016911786999097e-03
2.790786477247652383e-03
2.790556069105601042e-03
2.790325687358831495e-03
2.790095332004660124e-03
2.789865003041073783e-03
2.789634700464717083e-03
2.789404424274247781e-03
2.789174174466982695e-03
2.788943951040908243e-03
2.788713753991998133e-03
2.788483583320252365e-03
2.788253439020974608e-03
2.788023321092821753e-03
2.787793229533781086e-03
2.787563164341168558e-03
2.787333125511628779e-03
2.787103113045162617e-03
2.786873126936401535e-03
2.786643167184673763e-03
2.786413233786625213e-03
2.786183326741583678e-03
2.785953446045524601e-03
2.785723591695762631e-03
2.785493763690956390e-03
2.785263962028421397e-03
2.785034186706144502e-03
2.784804437720771186e-03
2.784574715070288302e-03
2.784345018752010931e-03
2.784115348764598132e-03
2.783885705104694082e-03
2.783656087769614731e-03
2.783426496757347365e-03
2.783196932065878405e-03
2.782967393692524667e-03
2.782737881633930328e-03
2.782508395889424051e-03
2.782278936455651747e-03
2.782049503329257593e-03
2.781820096509570687e-03
2.781590715993236072e-03
2.781361361777569263e-03
2.781132033860557982e-03
2.780902732240188649e-03
2.780673456913105874e-03
2.780444207877296944e-03
2.780214985130748714e-03
2.779985788670777565e-03
2.779756618494698579e-03
2.779527474599828574e-03
2.779298356984153534e-03
2.779069265645661181e-03
2.778840200580995692e-03
2.778611161788144789e-03
2.778382149265094889e-03
2.778153163008491040e-03
2.777924203016991431e-03
2.777695269287240240e-03
2.777466361817225188e-03
2.777237480604261791e-03
2.777008625646336902e-03
2.776779796940766903e-03
2.776550994485538649e-03
2.776322218276625411e-03
2.776093468313356721e-03
2.775864744593048525e-03
2.775636047112345003e-03
2.775407375869233875e-03
2.775178730861031090e-03
2.774950112086393972e-03
2.774721519541296661e-03
2.774492953224397349e-03
2.774264413133682890e-03
2.774035899264456085e-03
2.773807411616716935e-03
2.773578950187110051e-03
2.773350514972951816e-03
2.773122105971557744e-03
2.772893723181586029e-03
2.772665366599681713e-03
2.772437036222489409e-03
2.772208732050009550e-03
2.771980454078215410e-03
2.771752202304422937e-03
2.771523976726619418e-03
2.771295777342120802e-03
2.771067604148913510e-03
2.770839457144314358e-03
2.770611336326309331e-03
2.770383241691544342e-03
2.770155173238004944e-03
2.769927130963008386e-03
2.769699114863869750e-03
2.769471124939247228e-03
2.769243161185785864e-03
2.769015223601472512e-03
2.768787312182952216e-03
2.768559426928882301e-03
2.768331567835908679e-03
2.768103734902017769e-03
2.767875928125195992e-03
2.767648147502089259e-03
2.767420393030012218e-03
2.767192664707623928e-03
2.766964962531904670e-03
2.766737286500169958e-03
2.766509636610071411e-03
2.766282012859260214e-03
2.766054415245052748e-03
2.765826843765435434e-03
2.765599298417389419e-03
2.765371779198565454e-03
2.765144286106614724e-03
2.764916819139189279e-03
2.764689378293605070e-03
2.764461963567177612e-03
2.764234574957894625e-03
2.764007212463070757e-03
2.763779876080022391e-03
2.763552565806402014e-03
2.763325281639859507e-03
2.763098023577711688e-03
2.762870791617609741e-03
2.762643585757204850e-03
2.762416405993813398e-03
2.762189252324416099e-03
2.761962124747669844e-03
2.761735023260220110e-03
2.761507947860053751e-03
2.761280898544151482e-03
2.761053875310835390e-03
2.760826878156750520e-03
2.760599907079883727e-03
2.760372962077550958e-03
2.760146043147403833e-03
2.759919150287093101e-03
2.759692283493599910e-03
2.759465442764911115e-03
2.759238628098342229e-03
2.759011839491209636e-03
2.758785076941835859e-03
2.758558340446529405e-03
2.758331630003613231e-03
2.758104945610068050e-03
2.757878287263880717e-03
2.757651654962366746e-03
2.757425048703177756e-03
2.757198468483294460e-03
2.756971914301038513e-03
2.756745386153056261e-03
2.756518884037332823e-03
2.756292407951185450e-03
2.756065957891929222e-03
2.755839533857552294e-03
2.755613135845369314e-03
2.755386763852696666e-03
2.755160417877185533e-03
2.754934097916152298e-03
2.754707803967247712e-03
2.754481536027788592e-03
2.754255294095426122e-03
2.754029078167810618e-03
2.753802888242259765e-03
2.753576724316088211e-03
2.753350586386612339e-03
2.753124474452154236e-03
2.752898388509359383e-03
2.752672328556214198e-03
2.752446294590035064e-03
2.752220286607801828e-03
2.751994304608173115e-03
2.751768348587457867e-03
2.751542418543642503e-03
2.751316514474715178e-03
2.751090636377320070e-03
2.750864784248773127e-03
2.750638958087732542e-03
2.750413157890507256e-03
2.750187383655084555e-03
2.749961635379115626e-03
2.749735913059916850e-03
2.749510216694468507e-03
2.749284546281092253e-03
2.749058901816769668e-03
2.748833283298815836e-03
2.748607690725218041e-03
2.748382124092956565e-03
2.748156583400018262e-03
2.747931068643383844e-03
2.747705579820704496e-03
2.747480116929296168e-03
2.747254679967146146e-03
2.747029268931234277e-03
2.746803883819211745e-03
2.746578524628395801e-03
2.746353191356101092e-03
2.746127884000650575e-03
2.745902602558353191e-03
2.745677347027532331e-03
2.745452117405502643e-03
2.745226913689245707e-03
2.745001735876412274e-03
2.744776583964989632e-03
2.744551457951957627e-03
2.744326357834968744e-03
2.744101283611337632e-03
2.743876235278380673e-03
2.743651212834085154e-03
2.743426216275431789e-03
2.743201245599735227e-03
2.742976300805319290e-03
2.742751381888492053e-03
2.742526488847576906e-03
2.742301621679889365e-03
2.742076780382745813e-03
2.741851964953126095e-03
2.741627175389353167e-03
2.741402411688406444e-03
2.741177673847603607e-03
2.740952961864929777e-03
2.740728275737366101e-03
2.740503615462564196e-03
2.740278981037840011e-03
2.740054372460844299e-03
2.739829789728893874e-03
2.739605232839303819e-03
2.739380701789726619e-03
2.739156196577476922e-03
2.738931717200206780e-03
2.738707263655232142e-03
2.738482835939868958e-03
2.738258434051768844e-03
2.738034057988247318e-03
2.737809707746955562e-03
2.737585383324874291e-03
2.737361084719990793e-03
2.737136811929621015e-03
2.736912564951080474e-03
2.736688343781684685e-03
2.736464148419085699e-03
2.736239978860264231e-03
2.736015835103541502e-03
2.735791717145899093e-03
2.735567624984316850e-03
2.735343558617117730e-03
2.735119518040945909e-03
2.734895503253453441e-03
2.734671514252626744e-03
2.734447551035111296e-03
2.734223613599229188e-03
2.733999701941289360e-03
2.733775816059615203e-03
2.733551955951186128e-03
2.733328121613655057e-03
2.733104313044671871e-03
2.732880530240881616e-03
2.732656773200607681e-03
2.732433041920829912e-03
2.732209336398863826e-03
2.731985656632361908e-03
2.731762002618974474e-03
2.731538374355347437e-03
2.731314771839802452e-03
2.731091195069319799e-03
2.730867644041551964e-03
2.730644118753477925e-03
2.730420619203086270e-03
2.730197145387355979e-03
2.729973697303938671e-03
2.729750274950151594e-03
2.729526878323644198e-03
2.729303507421398500e-03
2.729080162241400483e-03
2.728856842780630863e-03
2.728633549036406022e-03
2.728410281006712380e-03
2.728187038688529784e-03
2.727963822079510717e-03
2.727740631176970697e-03
2.727517465978225673e-03
2.727294326480591159e-03
2.727071212682054876e-03
2.726848124579596237e-03
2.726625062170532059e-03
2.726402025452177857e-03
2.726179014422520919e-03
2.725956029078540656e-03
2.725733069418225223e-03
2.725510135438218799e-03
2.725287227136173000e-03
2.725064344509403776e-03
2.724841487555897980e-03
2.724618656272636327e-03
2.724395850656598662e-03
2.724173070706107942e-03
2.723950316418144012e-03
2.723727587789688022e-03
2.723504884819061625e-03
2.723282207502910734e-03
2.723059555838885665e-03
2.722836929824302803e-03
2.722614329456813764e-03
2.722391754733398828e-03
2.722169205652044850e-03
2.721946682210067778e-03
2.721724184404447893e-03
2.721501712232501577e-03
2.721279265692215250e-03
2.721056844780569625e-03
2.720834449495215454e-03
2.720612079833469553e-03
2.720389735792647871e-03
2.720167417370401158e-03
2.719945124563710129e-03
2.719722857370225969e-03
2.719500615787265058e-03
2.719278399812478583e-03
2.719056209442846390e-03
2.718834044676357066e-03
2.718611905509653922e-03
2.718389791940724245e-03
2.718167703966548315e-03
2.717945641585113419e-03
2.717723604793065035e-03
2.717501593588388716e-03
2.717279607968066044e-03
2.717057647930083437e-03
2.716835713471085940e-03
2.716613804588724739e-03
2.716391921280651451e-03
2.716170063544181591e-03
2.715948231376296741e-03
2.715726424774982453e-03
2.715504643737219875e-03
2.715282888260660190e-03
2.715061158341948444e-03
2.714839453979742395e-03
2.714617775170687086e-03
2.714396121912098468e-03
2.714174494201628159e-03
2.713952892036591239e-03
2.713731315413969291e-03
2.713509764331747866e-03
2.713288238787244649e-03
2.713066738777438619e-03
2.712845264299981393e-03
2.712623815352189355e-03
2.712402391931714122e-03
2.712180994035535541e-03
2.711959621661304796e-03
2.711738274806003036e-03
2.711516953467616679e-03
2.711295657643126439e-03
2.711074387329847832e-03
2.710853142525432909e-03
2.710631923227197187e-03
2.710410729432456613e-03
2.710189561138527138e-03
2.709968418343059945e-03
2.709747301043035749e-03
2.709526209236105734e-03
2.709305142919250613e-03
2.709084102090457240e-03
2.708863086746705895e-03
2.708642096885648196e-03
2.708421132504264424e-03
2.708200193600206196e-03
2.707979280170789028e-03
2.707758392213664104e-03
2.707537529725476903e-03
2.707316692703879042e-03
2.707095881147192611e-03
2.706875095051391317e-03
2.706654334414462446e-03
2.706433599234057182e-03
2.706212889506820572e-03
2.705992205231075136e-03
2.705771546403465053e-03
2.705550913021307572e-03
2.705330305082588246e-03
2.705109722583952988e-03
2.704889165523388216e-03
2.704668633897874645e-03
2.704448127705063459e-03
2.704227646941934939e-03
2.704007191606140701e-03
2.703786761694996696e-03
2.703566357205818872e-03
2.703345978136258414e-03
2.703125624482960367e-03
2.702905296244247253e-03
2.702684993416428882e-03
2.702464715997826908e-03
2.702244463985086376e-03
2.702024237376194574e-03
2.701804036167796113e-03
2.701583860358213515e-03
2.701363709944091824e-03
2.701143584922746557e-03
2.700923485291494095e-03
2.700703411048321293e-03
2.700483362190208431e-03
2.700263338714136221e-03
2.700043340618090652e-03
2.699823367898717633e-03
2.699603420554338822e-03
2.699383498581600128e-03
2.699163601978152305e-03
2.698943730740975631e-03
2.698723884867722158e-03
2.698504064356042204e-03
2.698284269202582113e-03
2.698064499405327440e-03
2.697844754961259764e-03
2.697625035867693734e-03
2.697405342122282269e-03
2.697185673722004781e-03
2.696966030664512889e-03
2.696746412947458212e-03
2.696526820567149690e-03
2.696307253521909846e-03
2.696087711808719829e-03
2.695868195425230388e-03
2.695648704368086568e-03
2.695429238635275223e-03
2.695209798224112302e-03
2.694990383131578085e-03
2.694770993354989388e-03
2.694551628892331765e-03
2.694332289740251126e-03
2.694112975896398223e-03
2.693893687358424674e-03
2.693674424122975957e-03
2.693455186188038492e-03
2.693235973550592560e-03
2.693016786207954108e-03
2.692797624157774756e-03
2.692578487396699548e-03
2.692359375923051006e-03
2.692140289733808978e-03
2.691921228825618507e-03
2.691702193196802550e-03
2.691483182844340519e-03
2.691264197765549666e-03
2.691045237957409401e-03
2.690826303417907014e-03
2.690607394143687114e-03
2.690388510132736988e-03
2.690169651382036918e-03
2.689950817889238521e-03
2.689732009651321643e-03
2.689513226665602667e-03
2.689294468929733211e-03
2.689075736441028791e-03
2.688857029196134018e-03
2.688638347193372281e-03
2.688419690429387325e-03
2.688201058901831635e-03
2.687982452607684623e-03
2.687763871544934444e-03
2.687545315710224841e-03
2.687326785101879206e-03
2.687108279715870376e-03
2.686889799550186073e-03
2.686671344602477481e-03
2.686452914869725313e-03
2.686234510349245087e-03
2.686016131038352316e-03
2.685797776934364250e-03
2.685579448034595106e-03
2.685361144336697366e-03
2.685142865837987416e-03
2.684924612535108997e-03
2.684706384426049832e-03
2.684488181508125001e-03
2.684270003777980418e-03
2.684051851233938170e-03
2.683833723872642435e-03
2.683615621691410463e-03
2.683397544687892572e-03
2.683179492859405144e-03
2.682961466202928458e-03
2.682743464716114135e-03
2.682525488395942452e-03
2.682307537240400264e-03
2.682089611246132183e-03
2.681871710410455023e-03
2.681653834731019103e-03
2.681435984205476908e-03
2.681218158830472181e-03
2.681000358603322174e-03
2.680782583521677202e-03
2.680564833583189317e-03
2.680347108784167463e-03
2.680129409122935027e-03
2.679911734596135756e-03
2.679694085201756500e-03
2.679476460936443608e-03
2.679258861797846961e-03
2.679041287783283376e-03
2.678823738890068369e-03
2.678606215115182220e-03
2.678388716456276981e-03
2.678171242911003835e-03
2.677953794475671726e-03
2.677736371148603609e-03
2.677518972926444096e-03
2.677301599807180039e-03
2.677084251787121248e-03
2.676866928864589813e-03
2.676649631036566446e-03
2.676432358300366229e-03
2.676215110652635509e-03
2.675997888092031176e-03
2.675780690614526936e-03
2.675563518218110511e-03
2.675346370900097415e-03
2.675129248657467929e-03
2.674912151487873670e-03
2.674695079388630589e-03
2.674478032357054200e-03
2.674261010389790416e-03
2.674044013485160458e-03
2.673827041639809804e-03
2.673610094851054837e-03
2.673393173116545875e-03
2.673176276433599733e-03
2.672959404798860589e-03
2.672742558210316165e-03
2.672525736664946739e-03
2.672308940160403063e-03
2.672092168693665851e-03
2.671875422262387154e-03
2.671658700863211149e-03
2.671442004494124691e-03
2.671225333151773691e-03
2.671008686834479371e-03
2.670792065538216305e-03
2.670575469261642250e-03
2.670358898000730914e-03
2.670142351753804818e-03
2.669925830517509008e-03
2.669709334289830770e-03
2.669492863067414283e-03
2.669276416847911164e-03
2.669059995628637796e-03
2.668843599406574025e-03
2.668627228179371470e-03
2.668410881944346513e-03
2.668194560698142898e-03
2.667978264439084448e-03
2.667761993163814908e-03
2.667545746869651093e-03
2.667329525553908520e-03
2.667113329214237938e-03
2.666897157847285694e-03
2.666681011451037340e-03
2.666464890022138788e-03
2.666248793558576458e-03
2.666032722057330630e-03
2.665816675515382018e-03
2.665600653930717909e-03
2.665384657299646378e-03
2.665168685620491248e-03
2.664952738889897130e-03
2.664736817105179539e-03
2.664520920263990095e-03
2.664305048363309510e-03
2.664089201400788535e-03
2.663873379373407450e-03
2.663657582278483506e-03
2.663441810112996116e-03
2.663226062874932132e-03
2.663010340561272268e-03
2.662794643169332041e-03
2.662578970696092596e-03
2.662363323139204686e-03
2.662147700495649024e-03
2.661932102763412463e-03
2.661716529938804813e-03
2.661500982019812493e-03
2.661285459003415784e-03
2.661069960886930635e-03
2.660854487668009097e-03
2.660639039342959679e-03
2.660423615910105771e-03
2.660208217366762887e-03
2.659992843709239971e-03
2.659777494935859979e-03
2.659562171043267521e-03
2.659346872028443311e-03
2.659131597889709871e-03
2.658916348623711380e-03
2.658701124227764653e-03
2.658485924698849538e-03
2.658270750034952452e-03
2.658055600233390648e-03
2.657840475290472633e-03
2.657625375203850459e-03
2.657410299971845347e-03
2.657195249590432740e-03
2.656980224057262519e-03
2.656765223369651936e-03
2.656550247525251741e-03
2.656335296521042215e-03
2.656120370354339739e-03
2.655905469022125029e-03
2.655690592522048400e-03
2.655475740851426236e-03
2.655260914007238817e-03
2.655046111986802525e-03
2.654831334787768980e-03
2.654616582407117592e-03
2.654401854841829510e-03
2.654187152089891588e-03
2.653972474148284105e-03
2.653757821013987776e-03
2.653543192684653350e-03
2.653328589157261542e-03
2.653114010429128734e-03
2.652899456497570009e-03
2.652684927359902183e-03
2.652470423013776005e-03
2.652255943455836956e-03
2.652041488683735786e-03
2.651827058694788877e-03
2.651612653485640840e-03
2.651398273054278963e-03
2.651183917398018328e-03
2.650969586513504846e-03
2.650755280398389702e-03
2.650540999049988845e-03
2.650326742465617356e-03
2.650112510641921583e-03
2.649898303577222745e-03
2.649684121267830220e-03
2.649469963711732160e-03
2.649255830905907980e-03
2.649041722847337958e-03
2.648827639533674148e-03
2.648613580961896828e-03
2.648399547129991986e-03
2.648185538034270297e-03
2.647971553672382947e-03
2.647757594041645450e-03
2.647543659139373756e-03
2.647329748962883814e-03
2.647115863509156338e-03
2.646902002775842512e-03
2.646688166759922616e-03
2.646474355458712600e-03
2.646260568869528412e-03
2.646046806989686435e-03
2.645833069816166516e-03
2.645619357346620272e-03
2.645405669578027551e-03
2.645192006507705602e-03
2.644978368132969073e-03
2.644764754451134348e-03
2.644551165459517374e-03
2.644337601155098433e-03
2.644124061535529143e-03
2.643910546597789783e-03
2.643697056339196303e-03
2.643483590757064652e-03
2.643270149848542510e-03
2.643056733611114529e-03
2.642843342041760121e-03
2.642629975137963938e-03
2.642416632896873226e-03
2.642203315315804803e-03
2.641990022392073315e-03
2.641776754122660345e-03
2.641563510505216643e-03
2.641350291536555522e-03
2.641137097214495133e-03
2.640923927535849224e-03
2.640710782497933309e-03
2.640497662098230738e-03
2.640284566333722226e-03
2.640071495201891123e-03
2.639858448699885975e-03
2.639645426825022734e-03
2.639432429574449079e-03
2.639219456945481827e-03
2.639006508935435626e-03
2.638793585541459458e-03
2.638580686760869706e-03
2.638367812590981017e-03
2.638154963028942375e-03
2.637942138072069294e-03
2.637729337717510756e-03
2.637516561962749678e-03
2.637303810804766339e-03
2.637091084241044523e-03
2.636878382268733213e-03
2.636665704885147489e-03
2.636453052087435467e-03
2.636240423872745695e-03
2.636027820238561956e-03
2.635815241182199332e-03
2.635602686700807239e-03
2.635390156791364655e-03
2.635177651451524501e-03
2.634965170678433589e-03
2.634752714469073068e-03
2.634540282821094554e-03
2.634327875731477895e-03
2.634115493197539039e-03
2.633903135216594804e-03
2.633690801785792002e-03
2.633478492902447451e-03
2.633266208563708830e-03
2.633053948767060358e-03
2.632841713509649281e-03
2.632629502788457181e-03
2.632417316601134809e-03
2.632205154944662444e-03
2.631993017816356036e-03
2.631780905213700235e-03
2.631568817133506186e-03
2.631356753573258541e-03
2.631144714530104980e-03
2.630932700001529720e-03
2.630720709984512174e-03
2.630508744476537427e-03
2.630296803474584891e-03
2.630084886976138351e-03
2.629872994978345920e-03
2.629661127478356581e-03
2.629449284473484982e-03
2.629237465961047938e-03
2.629025671938360967e-03
2.628813902402236946e-03
2.628602157350494895e-03
2.628390436780114661e-03
2.628178740688245658e-03
2.627967069072203402e-03
2.627755421929303409e-03
2.627543799256693794e-03
2.627332201051858340e-03
2.627120627311609925e-03
2.626909078033431901e-03
2.626697553214640650e-03
2.626486052852383853e-03
2.626274576943810057e-03
2.626063125486402181e-03
2.625851698477141803e-03
2.625640295913511842e-03
2.625428917792493010e-03
2.625217564111568223e-03
2.625006234867886899e-03
2.624794930058596282e-03
2.624583649681012324e-03
2.624372393732450973e-03
2.624161162210061210e-03
2.623949955110990283e-03
2.623738772432721977e-03
2.623527614172237003e-03
2.623316480327019147e-03
2.623105370894047821e-03
2.622894285870808109e-03
2.622683225254279858e-03
2.622472189041945984e-03
2.622261177230955469e-03
2.622050189818456428e-03
2.621839226801764376e-03
2.621628288178195695e-03
2.621417373944898502e-03
2.621206484099020909e-03
2.620995618637878433e-03
2.620784777558954858e-03
2.620573960858895227e-03
2.620363168535518993e-03
2.620152400585806438e-03
2.619941657006905240e-03
2.619730937796299619e-03
2.619520242950969854e-03
2.619309572468399728e-03
2.619098926345569088e-03
2.618888304579794317e-03
2.618677707168391364e-03
2.618467134108675744e-03
2.618256585397628171e-03
2.618046061032565028e-03
2.617835561010801396e-03
2.617625085329653226e-03
2.617414633986102097e-03
2.617204206977462224e-03
2.616993804301050424e-03
2.616783425954015679e-03
2.616573071933672202e-03
2.616362742237336812e-03
2.616152436861989786e-03
2.615942155804947510e-03
2.615731899063524629e-03
2.615521666634870995e-03
2.615311458516301254e-03
2.615101274704964389e-03
2.614891115198007647e-03
2.614680979992915245e-03
2.614470869086835732e-03
2.614260782476748955e-03
2.614050720160138262e-03
2.613840682134153069e-03
2.613630668396108025e-03
2.613420678943151679e-03
2.613210713772432577e-03
2.613000772881265803e-03
2.612790856266968172e-03
2.612580963926687799e-03
2.612371095857404096e-03
2.612161252056769550e-03
2.611951432521764007e-03
2.611741637249703849e-03
2.611531866237736758e-03
2.611322119483178682e-03
2.611112396983178170e-03
2.610902698735050737e-03
2.610693024735944931e-03
2.610483374983176268e-03
2.610273749473725462e-03
2.610064148205075863e-03
2.609854571174376019e-03
2.609645018378941445e-03
2.609435489815752855e-03
2.609225985482294032e-03
2.609016505375376990e-03
2.608807049492821613e-03
2.608597617831607748e-03
2.608388210388716110e-03
2.608178827161630482e-03
2.607969468147498977e-03
2.607760133343637113e-03
2.607550822747026036e-03
2.607341536355148662e-03
2.607132274165153540e-03
2.606923036174020950e-03
2.606713822379402509e-03
2.606504632778278499e-03
2.606295467367796600e-03
2.606086326145273628e-03
2.605877209108025099e-03
2.605668116253199128e-03
2.605459047577775994e-03
2.605250003079406882e-03
2.605040982755073373e-03
2.604831986601922281e-03
2.604623014617437823e-03
2.604414066798600713e-03
2.604205143142558632e-03
2.603996243646963631e-03
2.603787368308459454e-03
2.603578517124698587e-03
2.603369690092828710e-03
2.603160887209997939e-03
2.602952108473354821e-03
2.602743353880215306e-03
2.602534623427727074e-03
2.602325917113206509e-03
2.602117234933801291e-03
2.601908576886827369e-03
2.601699942969433292e-03
2.601491333178767174e-03
2.601282747512144531e-03
2.601074185966546076e-03
2.600865648539622994e-03
2.600657135228356433e-03
2.600448646029894072e-03
2.600240180941383594e-03
2.600031739960477050e-03
2.599823323083818617e-03
2.599614930309060781e-03
2.599406561633183389e-03
2.599198217053669789e-03
2.598989896567333296e-03
2.598781600171657259e-03
2.598573327863789792e-03
2.598365079641046845e-03
2.598156855500408698e-03
2.597948655439359135e-03
2.597740479454878869e-03
2.597532327544282982e-03
2.597324199705056125e-03
2.597116095933842475e-03
2.596908016228294085e-03
2.596699960585558201e-03
2.596491929002616404e-03
2.596283921476951612e-03
2.596075938005712371e-03
2.595867978586045930e-03
2.595660043215269538e-03
2.595452131890362175e-03
2.595244244608808926e-03
2.595036381367757470e-03
2.594828542164187221e-03
2.594620726995751098e-03
2.594412935859260680e-03
2.594205168752032782e-03
2.593997425671382487e-03
2.593789706614458342e-03
2.593582011578408463e-03
2.593374340560716633e-03
2.593166693558195297e-03
2.592959070568327806e-03
2.592751471588263575e-03
2.592543896615149418e-03
2.592336345646301717e-03
2.592128818678701187e-03
2.591921315709998577e-03
2.591713836736839367e-03
2.591506381757043009e-03
2.591298950767253247e-03
2.591091543764954732e-03
2.590884160747463413e-03
2.590676801711758702e-03
2.590469466655157850e-03
2.590262155574975939e-03
2.590054868468193248e-03
2.589847605332293995e-03
2.589640366164090626e-03
2.589433150961234324e-03
2.589225959720537970e-03
2.589018792439485347e-03
2.588811649115224569e-03
2.588604529744903751e-03
2.588397434325838409e-03
2.588190362855177524e-03
2.587983315329900509e-03
2.587776291747659850e-03
2.587569292105267559e-03
2.587362316400206984e-03
2.587155364629627110e-03
2.586948436790675616e-03
2.586741532880332782e-03
2.586534652896250661e-03
2.586327796835409098e-03
2.586120964694956642e-03
2.585914156472208375e-03
2.585707372164313712e-03
2.585500611768587302e-03
2.585293875282010292e-03
2.585087162702066465e-03
2.584880474025568267e-03
2.584673809250334284e-03
2.584467168373010427e-03
2.584260551390912212e-03
2.584053958301355588e-03
2.583847389101656070e-03
2.583640843788794373e-03
2.583434322360086445e-03
2.583227824812848235e-03
2.583021351143892624e-03
2.582814901350869927e-03
2.582608475430762159e-03
2.582402073380799835e-03
2.582195695198132804e-03
2.581989340880158981e-03
2.581783010423776246e-03
2.581576703826551650e-03
2.581370421085382207e-03
2.581164162197582563e-03
2.580957927160469970e-03
2.580751715971024273e-03
2.580545528626645557e-03
2.580339365124397800e-03
2.580133225461512820e-03
2.579927109635306998e-03
2.579721017642928448e-03
2.579514949481441152e-03
2.579308905148161059e-03
2.579102884640320850e-03
2.578896887955068207e-03
2.578690915089718646e-03
2.578484966041252879e-03
2.578279040806987291e-03
2.578073139384153261e-03
2.577867261770067173e-03
2.577661407961625174e-03
2.577455577956227779e-03
2.577249771751189637e-03
2.577043989343408194e-03
2.576838230730283535e-03
2.576632495909046607e-03
2.576426784876762691e-03
2.576221097630747303e-03
2.576015434168064423e-03
2.575809794486114569e-03
2.575604178581877585e-03
2.575398586452669423e-03
2.575193018095722330e-03
2.574987473508268555e-03
2.574781952687371211e-03
2.574576455630347982e-03
2.574370982334261981e-03
2.574165532796429592e-03
2.573960107013914360e-03
2.573754704984117236e-03
2.573549326704101334e-03
2.573343972171183471e-03
2.573138641382427625e-03
2.572933334334981913e-03
2.572728051026329683e-03
2.572522791453367950e-03
2.572317555613412663e-03
2.572112343503695636e-03
2.571907155121364551e-03
2.571701990463736223e-03
2.571496849527874634e-03
2.571291732310927898e-03
2.571086638810295665e-03
2.570881569022874513e-03
2.570676522946148228e-03
2.570471500577264923e-03
2.570266501913288579e-03
2.570061526951619713e-03
2.569856575689154470e-03
2.569651648123376202e-03
2.569446744251349321e-03
2.569241864070390211e-03
2.569037007577395018e-03
2.568832174769930792e-03
2.568627365644895414e-03
2.568422580199771366e-03
2.568217818431539363e-03
2.568013080337515353e-03
2.567808365914680049e-03
2.567603675160600504e-03
2.567399008072090028e-03
2.567194364646631539e-03
2.566989744881205751e-03
2.566785148773128612e-03
2.566580576319631938e-03
2.566376027517780576e-03
2.566171502364890042e-03
2.565967000858024750e-03
2.565762522994584349e-03
2.565558068771632821e-03
2.565353638186403280e-03
2.565149231235958407e-03
2.564944847917699586e-03
2.564740488228689930e-03
2.564536152166162122e-03
2.564331839727180141e-03
2.564127550909228205e-03
2.563923285709202027e-03
2.563719044124502123e-03
2.563514826152276174e-03
2.563310631789672295e-03
2.563106461033923169e-03
2.562902313882176042e-03
2.562698190331663597e-03
2.562494090379533948e-03
2.562290014023018477e-03
2.562085961259350300e-03
2.561881932085677098e-03
2.561677926499146551e-03
2.561473944497075043e-03
2.561269986076526988e-03
2.561066051234817901e-03
2.560862139969012630e-03
2.560658252276426256e-03
2.560454388154123628e-03
2.560250547599336995e-03
2.560046730609381871e-03
2.559842937181406371e-03
2.559639167312391210e-03
2.559435420999820170e-03
2.559231698240673099e-03
2.559027999032266378e-03
2.558824323371831390e-03
2.558620671256265581e-03
2.558417042683219702e-03
2.558213437649507066e-03
2.558009856152526455e-03
2.557806298189343151e-03
2.557602763757188535e-03
2.557399252853378990e-03
2.557195765474978063e-03
2.556992301619218869e-03
2.556788861283164956e-03
2.556585444464132273e-03
2.556382051159437202e-03
2.556178681365975456e-03
2.555975335081147985e-03
2.555772012302101603e-03
2.555568713025985293e-03
2.555365437250115435e-03
2.555162184971471444e-03
2.554958956187537104e-03
2.554755750895125292e-03
2.554552569091720227e-03
2.554349410774469156e-03
2.554146275940521061e-03
2.553943164587023189e-03
2.553740076711208656e-03
2.553537012310224709e-03
2.553333971381387298e-03
2.553130953921761703e-03
2.552927959928578874e-03
2.552724989399028990e-03
2.552522042330344736e-03
2.552319118719632157e-03
2.552116218564164703e-03
2.551913341861049289e-03
2.551710488607517729e-03
2.551507658800801406e-03
2.551304852438049733e-03
2.551102069516409526e-03
2.550899310033155967e-03
2.550696573985394237e-03
2.550493861370399084e-03
2.550291172185318624e-03
2.550088506427300103e-03
2.549885864093619139e-03
2.549683245181380044e-03
2.549480649687858001e-03
2.549278077610159492e-03
2.549075528945515465e-03
2.548873003691116967e-03
2.548670501844195382e-03
2.548468023401857189e-03
2.548265568361293004e-03
2.548063136719775842e-03
2.547860728474412185e-03
2.547658343622434714e-03
2.547455982160991110e-03
2.547253644087313189e-03
2.547051329398591565e-03
2.546849038092015988e-03
2.546646770164734570e-03
2.546444525613937929e-03
2.546242304436857444e-03
2.546040106630641665e-03
2.545837932192522406e-03
2.545635781119648215e-03
2.545433653409250475e-03
2.545231549058436099e-03
2.545029468064478537e-03
2.544827410424526769e-03
2.544625376135769678e-03
2.544423365195440379e-03
2.544221377600686118e-03
2.544019413348655879e-03
2.543817472436581042e-03
2.543615554861694290e-03
2.543413660621059169e-03
2.543211789711992497e-03
2.543009942131599886e-03
2.542808117877154786e-03
2.542606316945764978e-03
2.542404539334618910e-03
2.542202785040949264e-03
2.542001054061904589e-03
2.541799346394675065e-03
2.541597662036449573e-03
2.541396000984461664e-03
2.541194363235900217e-03
2.540992748787872582e-03
2.540791157637651773e-03
2.540589589782344272e-03
2.540388045219182760e-03
2.540186523945356552e-03
2.539985025958055396e-03
2.539783551254428708e-03
2.539582099831665801e-03
2.539380671687082626e-03
2.539179266817701962e-03
2.538977885220713125e-03
2.538776526893432930e-03
2.538575191832924925e-03
2.538373880036505492e-03
2.538172591501238178e-03
2.537971326224314032e-03
2.537770084203006937e-03
2.537568865434443321e-03
2.537367669915814236e-03
2.537166497644350628e-03
2.536965348617180663e-03
2.536764222831514905e-03
2.536563120284522719e-03
2.536362040973414670e-03
2.536160984895402624e-03
2.535959952047592628e-03
2.535758942427258130e-03
2.535557956031505612e-03
2.535356992857588140e-03
2.535156052902675077e-03
2.534955136163914106e-03
2.534754242638516657e-03
2.534553372323672914e-03
2.534352525216593006e-03
2.534151701314426349e-03
2.533950900614362692e-03
2.533750123113591782e-03
2.533549368809324617e-03
2.533348637698709747e-03
2.533147929778958168e-03
2.532947245047239247e-03
2.532746583500763114e-03
2.532545945136678751e-03
2.532345329952218407e-03
2.532144737944529329e-03
2.531944169110802566e-03
2.531743623448248683e-03
2.531543100954036611e-03
2.531342601625336149e-03
2.531142125459357860e-03
2.530941672453291928e-03
2.530741242604286033e-03
2.530540835909562448e-03
2.530340452366280132e-03
2.530140091971659622e-03
2.529939754722860309e-03
2.529739440617071941e-03
2.529539149651484700e-03
2.529338881823278359e-03
2.529138637129642667e-03
2.528938415567757395e-03
2.528738217134823135e-03
2.528538041827998843e-03
2.528337889644495084e-03
2.528137760581492064e-03
2.527937654636168690e-03
2.527737571805705168e-03
2.527537512087312064e-03
2.527337475478148333e-03
2.527137461975414567e-03
2.526937471576279695e-03
2.526737504277939538e-03
2.526537560077578640e-03
2.526337638972381543e-03
2.526137740959538865e-03
2.525937866036224305e-03
2.525738014199639322e-03
2.525538185446957618e-03
2.525338379775364604e-03
2.525138597182055231e-03
2.524938837664204069e-03
2.524739101218993059e-03
2.524539387843612384e-03
2.524339697535247021e-03
2.524140030291087151e-03
2.523940386108319920e-03
2.523740764984119030e-03
2.523541166915673796e-03
2.523341591900183072e-03
2.523142039934811020e-03
2.522942511016745219e-03
2.522743005143182355e-03
2.522543522311300034e-03
2.522344062518288438e-03
2.522144625761328640e-03
2.521945212037614292e-03
2.521745821344309121e-03
2.521546453678622825e-03
2.521347109037721732e-03
2.521147787418802095e-03
2.520948488819042821e-03
2.520749213235629321e-03
2.520549960665750475e-03
2.520350731106586924e-03
2.520151524555328849e-03
2.519952341009165566e-03
2.519753180465272076e-03
2.519554042920832924e-03
2.519354928373038725e-03
2.519155836819073589e-03
2.518956768256112953e-03
2.518757722681376921e-03
2.518558700092004502e-03
2.518359700485205827e-03
2.518160723858150259e-03
2.517961770208028416e-03
2.517762839532050427e-03
2.517563931827365709e-03
2.517365047091173549e-03
2.517166185320665432e-03
2.516967346513008987e-03
2.516768530665416080e-03
2.516569737775045234e-03
2.516370967839087064e-03
2.516172220854730884e-03
2.515973496819167311e-03
2.515774795729575249e-03
2.515576117583135339e-03
2.515377462377068555e-03
2.515178830108522577e-03
2.514980220774656796e-03
2.514781634372703460e-03
2.514583070899830634e-03
2.514384530353229799e-03
2.514186012730068587e-03
2.513987518027580546e-03
2.513789046242912925e-03
2.513590597373234654e-03
2.513392171415736349e-03
2.513193768367629009e-03
2.512995388226081563e-03
2.512797030988305012e-03
2.512598696651427519e-03
2.512400385212679600e-03
2.512202096669273119e-03
2.512003831018293741e-03
2.511805588257014481e-03
2.511607368382605138e-03
2.511409171392234643e-03
2.511210997283072361e-03
2.511012846052370923e-03
2.510814717697236378e-03
2.510616612214880590e-03
2.510418529602535375e-03
2.510220469857327164e-03
2.510022432976447004e-03
2.509824418957083778e-03
2.509626427796450218e-03
2.509428459491714388e-03
2.509230514040087286e-03
2.509032591438696645e-03
2.508834691684773844e-03
2.508636814775467433e-03
2.508438960707988843e-03
2.508241129479527824e-03
2.508043321087274555e-03
2.507845535528355468e-03
2.507647772800087813e-03
2.507450032899493069e-03
2.507252315823845553e-03
2.507054621570335012e-03
2.506856950136151629e-03
2.506659301518443517e-03
2.506461675714401725e-03
2.506264072721215135e-03
2.506066492536115995e-03
2.505868935156210786e-03
2.505671400578774258e-03
2.505473888800911157e-03
2.505276399819896232e-03
2.505078933632835531e-03
2.504881490236877169e-03
2.504684069629295462e-03
2.504486671807280157e-03
2.504289296767937736e-03
2.504091944508584147e-03
2.503894615026241305e-03
2.503697308318225592e-03
2.503500024381684688e-03
2.503302763213767577e-03
2.503105524811705205e-03
2.502908309172646555e-03
2.502711116293781374e-03
2.502513946172300278e-03
2.502316798805476281e-03
2.502119674190374232e-03
2.501922572324226379e-03
2.501725493204222904e-03
2.501528436827553121e-03
2.501331403191365578e-03
2.501134392292892090e-03
2.500937404129323707e-03
2.500740438697766042e-03
2.500543495995534177e-03
2.500346576019693828e-03
2.500149678767518441e-03
2.499952804236113633e-03
2.499755952422796218e-03
2.499559123324588111e-03
2.499362316938763193e-03
2.499165533262553713e-03
2.498968772293065719e-03
2.498772034027531459e-03
2.498575318463098615e-03
2.498378625596916168e-03
2.498181955426340833e-03
2.497985307948354626e-03
2.497788683160271760e-03
2.497592081059241652e-03
2.497395501642495682e-03
2.497198944907098265e-03
2.497002410850365350e-03
2.496805899469445051e-03
2.496609410761485483e-03
2.496412944723718896e-03
2.496216501353335469e-03
2.496020080647482885e-03
2.495823682603351759e-03
2.495627307218173906e-03
2.495430954489097439e-03
2.495234624413312542e-03
2.495038316988008962e-03
2.494842032210418947e-03
2.494645770077649413e-03
2.494449530586931307e-03
2.494253313735497746e-03
2.494057119520453475e-03
2.493860947939032045e-03
2.493664798988381136e-03
2.493468672665732130e-03
2.493272568968276075e-03
2.493076487893160654e-03
2.492880429437576047e-03
2.492684393598753635e-03
2.492488380373842835e-03
2.492292389760074594e-03
2.492096421754598327e-03
2.491900476354560849e-03
2.491704553557278542e-03
2.491508653359899954e-03
2.491312775759488632e-03
2.491116920753361393e-03
2.490921088338581783e-03
2.490725278512466185e-03
2.490529491272162280e-03
2.490333726614818617e-03
2.490137984537667444e-03
2.489942265037940142e-03
2.489746568112701560e-03
2.489550893759266779e-03
2.489355241974785648e-03
2.489159612756404114e-03
2.488964006101356159e-03
2.488768422006704898e-03
2.488572860469850413e-03
2.488377321487857553e-03
2.488181805057957698e-03
2.487986311177131128e-03
2.487790839843029463e-03
2.487595391052381880e-03
2.487399964802587595e-03
2.487204561090879291e-03
2.487009179914320949e-03
2.486813821270143950e-03
2.486618485155497275e-03
2.486423171567613173e-03
2.486227880503806727e-03
2.486032611961142350e-03
2.485837365936684890e-03
2.485642142427917697e-03
2.485446941431737351e-03
2.485251762945459800e-03
2.485056606966400562e-03
2.484861473491540781e-03
2.484666362518195542e-03
2.484471274043430124e-03
2.484276208064643311e-03
2.484081164578815816e-03
2.483886143583264022e-03
2.483691145075135609e-03
2.483496169051578693e-03
2.483301215509910089e-03
2.483106284447108777e-03
2.482911375860575275e-03
2.482716489747458129e-03
2.482521626104820887e-03
2.482326784929896231e-03
2.482131966219999677e-03
2.481937169972279339e-03
2.481742396183883332e-03
2.481547644851960204e-03
2.481352915973742204e-03
2.481158209546376579e-03
2.480963525567179712e-03
2.480768864033216017e-03
2.480574224941801444e-03
2.480379608290000405e-03
2.480185014075044284e-03
2.479990442294165327e-03
2.479795892944512518e-03
2.479601366023316805e-03
2.479406861527726734e-03
2.479212379454806721e-03
2.479017919802040549e-03
2.478823482566492199e-03
2.478629067745226084e-03
2.478434675335558588e-03
2.478240305334720658e-03
2.478045957739777577e-03
2.477851632548044424e-03
2.477657329756586049e-03
2.477463049362718835e-03
2.477268791363590027e-03
2.477074555756347742e-03
2.476880342538224661e-03
2.476686151706452600e-03
2.476491983258095973e-03
2.476297837190470294e-03
2.476103713500724113e-03
2.475909612186005110e-03
2.475715533243630102e-03
2.475521476670746335e-03
2.475327442464418225e-03
2.475133430621962154e-03
2.474939441140609937e-03
2.474745474017341854e-03
2.474551529249641689e-03
2.474357606834489721e-03
2.474163706769202335e-03
2.473969829050843075e-03
2.473775973676644625e-03
2.473582140643922501e-03
2.473388329949824816e-03
2.473194541591416419e-03
2.473000775565928257e-03
2.472807031870761282e-03
2.472613310502812072e-03
2.472419611459478975e-03
2.472225934737827709e-03
2.472032280335173787e-03
2.471838648248664890e-03
2.471645038475449568e-03
2.471451451012760068e-03
2.471257885857828639e-03
2.471064343007802529e-03
2.470870822459746586e-03
2.470677324211144159e-03
2.470483848258976396e-03
2.470290394600474244e-03
2.470096963232871253e-03
2.469903554153313804e-03
2.469710167359119145e-03
2.469516802847267125e-03
2.469323460615073691e-03
2.469130140659854793e-03
2.468936842978590712e-03
2.468743567568681529e-03
2.468550314427191226e-03
2.468357083551184650e-03
2.468163874938144719e-03
2.467970688585136279e-03
2.467777524489223311e-03
2.467584382647973300e-03
2.467391263058115423e-03
2.467198165717133032e-03
2.467005090622174674e-03
2.466812037770387597e-03
2.466619007159004482e-03
2.466425998785257579e-03
2.466233012646295002e-03
2.466040048739264433e-03
2.465847107061482253e-03
2.465654187609928310e-03
2.465461290382170954e-03
2.465268415375021765e-03
2.465075562585881692e-03
2.464882732011982117e-03
2.464689923650303319e-03
2.464497137498329517e-03
2.464304373552956857e-03
2.464111631811669121e-03
2.463918912271446590e-03
2.463726214929689348e-03
2.463533539783377673e-03
2.463340886829827516e-03
2.463148256066270692e-03
2.462955647489687479e-03
2.462763061097729498e-03
2.462570496887042226e-03
2.462377954855108578e-03
2.462185434999244506e-03
2.461992937316430721e-03
2.461800461803983174e-03
2.461608008459049545e-03
2.461415577278778816e-03
2.461223168260486070e-03
2.461030781401152452e-03
2.460838416698428281e-03
2.460646074148959903e-03
2.460453753750397633e-03
2.460261455499554353e-03
2.460069179394082112e-03
2.459876925430625090e-03
2.459684693607002738e-03
2.459492483919860101e-03
2.459300296366512695e-03
2.459108130944612572e-03
2.458915987650803475e-03
2.458723866482570054e-03
2.458531767437060860e-03
2.458339690511422704e-03
2.458147635702805003e-03
2.457955603008690672e-03
2.457763592425892592e-03
2.457571603951726278e-03
2.457379637583844215e-03
2.457187693318722312e-03
2.456995771154013054e-03
2.456803871086864124e-03
2.456611993114423201e-03
2.456420137233839267e-03
2.456228303442260438e-03
2.456036491737169630e-03
2.455844702115547555e-03
2.455652934574710598e-03
2.455461189111638604e-03
2.455269465723815790e-03
2.455077764408222004e-03
2.454886085162173628e-03
2.454694427982818342e-03
2.454502792867304696e-03
2.454311179813116472e-03
2.454119588817065684e-03
2.453928019876636547e-03
2.453736472988977176e-03
2.453544948151235687e-03
2.453353445360559760e-03
2.453161964614266211e-03
2.452970505909502722e-03
2.452779069243584808e-03
2.452587654613326215e-03
2.452396262016544662e-03
2.452204891449886060e-03
2.452013542910833760e-03
2.451822216396536309e-03
2.451630911904141823e-03
2.451439629431133218e-03
2.451248368974323806e-03
2.451057130531029103e-03
2.450865914098565492e-03
2.450674719674081087e-03
2.450483547254890971e-03
2.450292396837976724e-03
2.450101268420653428e-03
2.449910162000069631e-03
2.449719077573541716e-03
2.449528015138216497e-03
2.449336974691243389e-03
2.449145956229937474e-03
2.448954959751279900e-03
2.448763985252753583e-03
2.448573032731507504e-03
2.448382102184689345e-03
2.448191193609447220e-03
2.448000307003097079e-03
2.447809442362619201e-03
2.447618599685665638e-03
2.447427778969047969e-03
2.447236980210083443e-03
2.447046203405919308e-03
2.446855448553871513e-03
2.446664715651088607e-03
2.446474004694718270e-03
2.446283315682244719e-03
2.446092648610479967e-03
2.445902003476740829e-03
2.445711380278510223e-03
2.445520779012600593e-03
2.445330199676663992e-03
2.445139642267513298e-03
2.444949106782463594e-03
2.444758593218831697e-03
2.444568101573764418e-03
2.444377631844411175e-03
2.444187184027920082e-03
2.443996758121606654e-03
2.443806354122785972e-03
2.443615972028440487e-03
2.443425611836051812e-03
2.443235273542601529e-03
2.443044957145237752e-03
2.442854662641443398e-03
2.442664390028200048e-03
2.442474139302822349e-03
2.442283910462291884e-03
2.442093703504258969e-03
2.441903518425537351e-03
2.441713355223609511e-03
2.441523213895457033e-03
2.441333094438394996e-03
2.441142996849739351e-03
2.440952921126471244e-03
2.440762867265905758e-03
2.440572835265191875e-03
2.440382825121812076e-03
2.440192836832747944e-03
2.440002870395147593e-03
2.439812925806325670e-03
2.439623003063431592e-03
2.439433102163781307e-03
2.439243223104354229e-03
2.439053365882634574e-03
2.438863530495770891e-03
2.438673716941078262e-03
2.438483925215370000e-03
2.438294155316129454e-03
2.438104407240673007e-03
2.437914680985813105e-03
2.437724976549368334e-03
2.437535293928151572e-03
2.437345633119143967e-03
2.437155994119996269e-03
2.436966376928024428e-03
2.436776781539873489e-03
2.436587207953195069e-03
2.436397656164969016e-03
2.436208126172679546e-03
2.436018617973307373e-03
2.435829131564167145e-03
2.435639666942407845e-03
2.435450224105010185e-03
2.435260803049792751e-03
2.435071403773568424e-03
2.434882026273485749e-03
2.434692670547027645e-03
2.434503336591006990e-03
2.434314024402907568e-03
2.434124733980213163e-03
2.433935465319736653e-03
2.433746218418625720e-03
2.433556993274363714e-03
2.433367789884100050e-03
2.433178608244813707e-03
2.432989448354157171e-03
2.432800310209110289e-03
2.432611193806821608e-03
2.432422099144438375e-03
2.432233026219613077e-03
2.432043975028990324e-03
2.431854945570221735e-03
2.431665937840119321e-03
2.431476951836334700e-03
2.431287987555848587e-03
2.431099044995809096e-03
2.430910124153700010e-03
2.430721225026501175e-03
2.430532347611361142e-03
2.430343491905763691e-03
2.430154657906688671e-03
2.429965845611452898e-03
2.429777055017539288e-03
2.429588286121425484e-03
2.429399538921097473e-03
2.429210813413537270e-03
2.429022109595723854e-03
2.428833427465141442e-03
2.428644767018938149e-03
2.428456128254262523e-03
2.428267511168429645e-03
2.428078915758588498e-03
2.427890342021886763e-03
2.427701789955640389e-03
2.427513259556997489e-03
2.427324750823442283e-03
2.427136263751954615e-03
2.426947798339682601e-03
2.426759354583774789e-03
2.426570932481882364e-03
2.426382532030818204e-03
2.426194153228233060e-03
2.426005796070772845e-03
2.425817460555920475e-03
2.425629146680992332e-03
2.425440854443136098e-03
2.425252583839499886e-03
2.425064334867568349e-03
2.424876107524153064e-03
2.424687901806738249e-03
2.424499717712471584e-03
2.424311555238669886e-03
2.424123414382312568e-03
2.423935295141051681e-03
2.423747197511531837e-03
2.423559121491572054e-03
2.423371067077985212e-03
2.423183034268087694e-03
2.422995023059194581e-03
2.422807033448118753e-03
2.422619065432847930e-03
2.422431119009858021e-03
2.422243194176968914e-03
2.422055290930825652e-03
2.421867409269246822e-03
2.421679549188877900e-03
2.421491710687369639e-03
2.421303893761703619e-03
2.421116098409194489e-03
2.420928324627326465e-03
2.420740572412744592e-03
2.420552841763100056e-03
2.420365132675373135e-03
2.420177445147048047e-03
2.419989779175104640e-03
2.419802134756859294e-03
2.419614511889627093e-03
2.419426910570557452e-03
2.419239330796797184e-03
2.419051772565830941e-03
2.418864235874471167e-03
2.418676720720201213e-03
2.418489227100169194e-03
2.418301755011859761e-03
2.418114304452084490e-03
2.417926875418327168e-03
2.417739467907736341e-03
2.417552081917460124e-03
2.417364717444981867e-03
2.417177374487450119e-03
2.416990053041677758e-03
2.416802753105315102e-03
2.416615474675679401e-03
2.416428217749582233e-03
2.416240982324507815e-03
2.416053768397603829e-03
2.415866575966354925e-03
2.415679405027573116e-03
2.415492255578741750e-03
2.415305127616841976e-03
2.415118021139524545e-03
2.414930936143770603e-03
2.414743872626726965e-03
2.414556830585879148e-03
2.414369810018038298e-03
2.414182810920688631e-03
2.413995833291146531e-03
2.413808877126559244e-03
2.413621942424243588e-03
2.413435029181011573e-03
2.413248137394682219e-03
2.413061267062068839e-03
2.412874418180654783e-03
2.412687590747252930e-03
2.412500784759514464e-03
2.412319951573652348e-03
2.412150500299848916e-03
2.411981065222479435e-03
2.411811646341544338e-03
2.411642243655029612e-03
2.411472857161593882e-03
2.411303486859894471e-03
2.411134132749932248e-03
2.410964794829693631e-03
2.410795473098507283e-03
2.410626167554360925e-03
2.410456878197254123e-03
2.410287605025173731e-03
2.410118348038119748e-03
2.409949107233408556e-03
2.409779882611710628e-03
2.409610674170342345e-03
2.409441481908631937e-03
2.409272305825909365e-03
2.409103145920831520e-03
2.408934002191386557e-03
2.408764874637573175e-03
2.408595763258050866e-03
2.408426668050804749e-03
2.408257589016507463e-03
2.408088526151802751e-03
2.407919479457362386e-03
2.407750448931173220e-03
2.407581434571892578e-03
2.407412436378849989e-03
2.407243454351374549e-03
2.407074488487452677e-03
2.406905538786413903e-03
2.406736605246244647e-03
2.406567687867616247e-03
2.406398786647173747e-03
2.406229901585587617e-03
2.406061032680845580e-03
2.405892179931604959e-03
2.405723343337194849e-03
2.405554522897614816e-03
2.405385718609510774e-03
2.405216930472211818e-03
2.405048158485716646e-03
2.404879402648012546e-03
2.404710662958429480e-03
2.404541939415624340e-03
2.404373232017584846e-03
2.404204540764981468e-03
2.404035865655801060e-03
2.403867206688030909e-03
2.403698563861000111e-03
2.403529937174708232e-03
2.403361326627142559e-03
2.403192732216289946e-03
2.403024153942150392e-03
2.402855591803381655e-03
2.402687045798641927e-03
2.402518515926588966e-03
2.402350002187223204e-03
2.402181504577859724e-03
2.402013023097828489e-03
2.401844557746458161e-03
2.401676108522406063e-03
2.401507675424331256e-03
2.401339258450890194e-03
2.401170857601413709e-03
2.401002472873887354e-03
2.400834104268982465e-03
2.400665751784014992e-03
2.400497415417643127e-03
2.400329095169866870e-03
2.400160791038001735e-03
2.399992503022048158e-03
2.399824231121334799e-03
2.399655975333178041e-03
2.399487735657577017e-03
2.399319512093190786e-03
2.399151304638004901e-03
2.398983113292020661e-03
2.398814938053224922e-03
2.398646778921616814e-03
2.398478635894512722e-03
2.398310508971241307e-03
2.398142398151803436e-03
2.397974303432842853e-03
2.397806224815703102e-03
2.397638162297698397e-03
2.397470115877487797e-03
2.397302085554399963e-03
2.397134071327763991e-03
2.396966073196237640e-03
2.396798091157807762e-03
2.396630125211132549e-03
2.396462175356212435e-03
2.396294241592375213e-03
2.396126323916266797e-03
2.395958422328558091e-03
2.395790536827235515e-03
2.395622667410957692e-03
2.395454814079723757e-03
2.395286976830850525e-03
2.395119155664337564e-03
2.394951350578843063e-03
2.394783561573024348e-03
2.394615788645540044e-03
2.394448031795047473e-03
2.394280291020876601e-03
2.394112566321684749e-03
2.393944857695458773e-03
2.393777165143540914e-03
2.393609488661233974e-03
2.393441828250551101e-03
2.393274183908136905e-03
2.393106555633991821e-03
2.392938943426102267e-03
2.392771347284468678e-03
2.392603767206406568e-03
2.392436203192587277e-03
2.392268655239655848e-03
2.392101123348283186e-03
2.391933607517127049e-03
2.391766107743503820e-03
2.391598624028083535e-03
2.391431156368183011e-03
2.391263704763801814e-03
2.391096269212255893e-03
2.390928849714216587e-03
2.390761446266999411e-03
2.390594058870604798e-03
2.390426687523690506e-03
2.390259332224243388e-03
2.390091992971592541e-03
2.389924669763724818e-03
2.389757362601311122e-03
2.389590071481667837e-03
2.389422796404123191e-03
2.389255537367335376e-03
2.389088294369963016e-03
2.388921067412005245e-03
2.388753856490778878e-03
2.388586661605612144e-03
2.388419482755163234e-03
2.388252319938760811e-03
2.388085173155063499e-03
2.387918042402057718e-03
2.387750927679743902e-03
2.387583828986108471e-03
2.387416746321151858e-03
2.387249679682189579e-03
2.387082629068551162e-03
2.386915594479564837e-03
2.386748575913218325e-03
2.386581573369510757e-03
2.386414586845759384e-03
2.386247616342633809e-03
2.386080661856108606e-03
2.385913723388196489e-03
2.385746800936213840e-03
2.385579894498147512e-03
2.385413004074668410e-03
2.385246129662421145e-03
2.385079271262077055e-03
2.384912428870952089e-03
2.384745602489716718e-03
2.384578792115687757e-03
2.384411997748193436e-03
2.384245219385892380e-03
2.384078457027442345e-03
2.383911710672171995e-03
2.383744980318068182e-03
2.383578265965131341e-03
2.383411567610676553e-03
2.383244885255376457e-03
2.383078218895874362e-03
2.382911568532171138e-03
2.382744934163595445e-03
2.382578315788134136e-03
2.382411713404445405e-03
2.382245127011858345e-03
2.382078556609030281e-03
2.381912002195291176e-03
2.381745463767956112e-03
2.381578941327025089e-03
2.381412434871156298e-03
2.381245944399007931e-03
2.381079469909238178e-03
2.380913011401174836e-03
2.380746568872806057e-03
2.380580142324131409e-03
2.380413731751795502e-03
2.380247337157141013e-03
2.380080958537483457e-03
2.379914595892151496e-03
2.379748249219132417e-03
2.379581918518426219e-03
2.379415603787349287e-03
2.379249305026571656e-03
2.379083022234081048e-03
2.378916755407863882e-03
2.378750504547249688e-03
2.378584269651567128e-03
2.378418050718802620e-03
2.378251847748957468e-03
2.378085660738674979e-03
2.377919489688627361e-03
2.377753334597472370e-03
2.377587195463867764e-03
2.377421072285129059e-03
2.377254965062598931e-03
2.377088873792921990e-03
2.376922798475427766e-03
2.376756739110115393e-03
2.376590695693630347e-03
2.376424668226643101e-03
2.376258656707141374e-03
2.376092661133782490e-03
2.375926681506566884e-03
2.375760717822810071e-03
2.375594770081170242e-03
2.375428838282318302e-03
2.375262922422898861e-03
2.375097022502912786e-03
2.374931138520346065e-03
2.374765270475199565e-03
2.374599418365459704e-03
2.374433582189784675e-03
2.374267761946831801e-03
2.374101957636601517e-03
2.373936169256410204e-03
2.373770396806257430e-03
2.373604640283458710e-03
2.373438899688685814e-03
2.373273175018583356e-03
2.373107466273822238e-03
2.372941773451718410e-03
2.372776096552271438e-03
2.372610435573469477e-03
2.372444790515311226e-03
2.372279161375113500e-03
2.372113548151533625e-03
2.371947950843901129e-03
2.371782369452215579e-03
2.371616803973793357e-03
2.371451254407291355e-03
2.371285720752711306e-03
2.371120203007367425e-03
2.370954701171261014e-03
2.370789215242377623e-03
2.370623745220047651e-03
2.370458291102928421e-03
2.370292852888335883e-03
2.370127430578282748e-03
2.369962024168744026e-03
2.369796633659717981e-03
2.369631259048521864e-03
2.369465900336497916e-03
2.369300557520289448e-03
2.369135230599898195e-03
2.368969919573310143e-03
2.368804624439183049e-03
2.368639345196846876e-03
2.368474081845629853e-03
2.368308834382847929e-03
2.368143602807830199e-03
2.367978387119906193e-03
2.367813187317732802e-03
2.367648003399297745e-03
2.367482835364601024e-03
2.367317683211628623e-03
2.367152546938368698e-03
2.366987426545491720e-03
2.366822322030313636e-03
2.366657233392163544e-03
2.366492160629699200e-03
2.366327103741578362e-03
2.366162062727130994e-03
2.365997037583672177e-03
2.365832028311872382e-03
2.365667034909048859e-03
2.365502057375200740e-03
2.365337095707644409e-03
2.365172149907050336e-03
2.365007219969393094e-03
2.364842305896684965e-03
2.364677407684900520e-03
2.364512525335381136e-03
2.364347658844101387e-03
2.364182808211732177e-03
2.364017973437601734e-03
2.363853154518355537e-03
2.363688351453994019e-03
2.363523564243174072e-03
2.363358792885225657e-03
2.363194037377464290e-03
2.363029297720560876e-03
2.362864573911160459e-03
2.362699865949934377e-03
2.362535173834197713e-03
2.362370497563279995e-03
2.362205837136509886e-03
2.362041192551875106e-03
2.361876563808032979e-03
2.361711950904983506e-03
2.361547353840042635e-03
2.361382772612539462e-03
2.361218207221131744e-03
2.361053657664478108e-03
2.360889123941906781e-03
2.360724606052075521e-03
2.360560103992972048e-03
2.360395617763925025e-03
2.360231147363592210e-03
2.360066692791303131e-03
2.359902254045044209e-03
2.359737831123473201e-03
2.359573424026590975e-03
2.359409032751041274e-03
2.359244657297496304e-03
2.359080297663942050e-03
2.358915953849037139e-03
2.358751625852110231e-03
2.358587313671148180e-03
2.358423017305480082e-03
2.358258736753764129e-03
2.358094472013986739e-03
2.357930223086147914e-03
2.357765989968906711e-03
2.357601772658906442e-03
2.357437571158161552e-03
2.357273385463316221e-03
2.357109215573699110e-03
2.356945061487298373e-03
2.356780923204112276e-03
2.356616800722128972e-03
2.356452694040006655e-03
2.356288603157744455e-03
2.356124528071987419e-03
2.355960468783407317e-03
2.355796425289319231e-03
2.355632397589723162e-03
2.355468385682606830e-03
2.355304389567298463e-03
2.355140409241114445e-03
2.354976444704724812e-03
2.354812495955447248e-03
2.354648562992609113e-03
2.354484645814869468e-03
2.354320744421556540e-03
2.354156858809986711e-03
2.353992988980830453e-03
2.353829134931404148e-03
2.353665296660365988e-03
2.353501474167715105e-03
2.353337667450768316e-03
2.353173876509525187e-03
2.353010101341972572e-03
2.352846341946768661e-03
2.352682598323242551e-03
2.352518870469380661e-03
2.352355158385183425e-03
2.352191462067966792e-03
2.352027781517059424e-03
2.351864116731119513e-03
2.351700467709475720e-03
2.351536834450115333e-03
2.351373216952367014e-03
2.351209615214889387e-03
2.351046029235668872e-03
2.350882459013363228e-03
2.350718904548643792e-03
2.350555365838155608e-03
2.350391842881898244e-03
2.350228335677188082e-03
2.350064844224696026e-03
2.349901368521737591e-03
2.349737908567641875e-03
2.349574464361737971e-03
2.349411035901342263e-03
2.349247623185783413e-03
2.349084226213718745e-03
2.348920844984478222e-03
2.348757479496719168e-03
2.348594129748428870e-03
2.348430795738935557e-03
2.348267477466227382e-03
2.348104174930303479e-03
2.347940888129151134e-03
2.347777617061427673e-03
2.347614361726463057e-03
2.347451122122243706e-03
2.347287898247427378e-03
2.347124690101343603e-03
2.346961497682650138e-03
2.346798320990004742e-03
2.346635160022065170e-03
2.346472014777489616e-03
2.346308885254936270e-03
2.346145771454405133e-03
2.345982673371869911e-03
2.345819591009343751e-03
2.345656524362800359e-03
2.345493473432910640e-03
2.345330438216990977e-03
2.345167418715040936e-03
2.345004414924376467e-03
2.344841426844998002e-03
2.344678454475562866e-03
2.344515497814058345e-03
2.344352556859142633e-03
2.344189631610144823e-03
2.344026722065721807e-03
2.343863828223861738e-03
2.343700950085234221e-03
2.343538087646486034e-03
2.343375240906944539e-03
2.343212409865939698e-03
2.343049594520787461e-03
2.342886794872157865e-03
2.342724010918038197e-03
2.342561242656416177e-03
2.342398490086620034e-03
2.342235753207308393e-03
2.342073032017138144e-03
2.341910326514768347e-03
2.341747636699527228e-03
2.341584962569402076e-03
2.341422304123050649e-03
2.341259661360472945e-03
2.341097034278314011e-03
2.340934422877245184e-03
2.340771827154581979e-03
2.340609247109653492e-03
2.340446682741788385e-03
2.340284134048973945e-03
2.340121601029867930e-03
2.339959083683128532e-03
2.339796582008084411e-03
2.339634096003394195e-03
2.339471625666372963e-03
2.339309170998362525e-03
2.339146731995338322e-03
2.338984308657969958e-03
2.338821900984244719e-03
2.338659508972820798e-03
2.338497132622355951e-03
2.338334771931508370e-03
2.338172426900277621e-03
2.338010097525309184e-03
2.337847783806602190e-03
2.337685485742815698e-03
2.337523203331936129e-03
2.337360936573963047e-03
2.337198685466212837e-03
2.337036450008685498e-03
2.336874230199367884e-03
2.336712026036917751e-03
2.336549837519993292e-03
2.336387664647923603e-03
2.336225507419366441e-03
2.336063365832308659e-03
2.335901239885408882e-03
2.335739129577994906e-03
2.335577034909396693e-03
2.335414955876930192e-03
2.335252892479923632e-03
2.335090844717706109e-03
2.334928812587594004e-03
2.334766796089587319e-03
2.334604795222343810e-03
2.334442809983179427e-03
2.334280840372765075e-03
2.334118886388416702e-03
2.333956948028792500e-03
2.333795025294562939e-03
2.333633118181702593e-03
2.333471226690211030e-03
2.333309350819417344e-03
2.333147490567308389e-03
2.332985645931871018e-03
2.332823816913105665e-03
2.332662003509670089e-03
2.332500205718880237e-03
2.332338423542077918e-03
2.332176656974565936e-03
2.332014906017686531e-03
2.331853170669426559e-03
2.331691450927773305e-03
2.331529746792054998e-03
2.331368058261601602e-03
2.331206385333728197e-03
2.331044728008435218e-03
2.330883086283709084e-03
2.330721460158208854e-03
2.330559849631262323e-03
2.330398254700857211e-03
2.330236675365650843e-03
2.330075111624972748e-03
2.329913563477480683e-03
2.329752030921161503e-03
2.329590513956014772e-03
2.329429012579357743e-03
2.329267526791189112e-03
2.329106056588825264e-03
2.328944601971595293e-03
2.328783162938827863e-03
2.328621739488510260e-03
2.328460331619300241e-03
2.328298939330526902e-03
2.328137562620177098e-03
2.327976201486908585e-03
2.327814855930722231e-03
2.327653525948932683e-03
2.327492211540198568e-03
2.327330912704519885e-03
2.327169629439212149e-03
2.327008361744276228e-03
2.326847109617027204e-03
2.326685873057465943e-03
2.326524652062907528e-03
2.326363446633351959e-03
2.326202256766786523e-03
2.326041082462540315e-03
2.325879923717928850e-03
2.325718780533623468e-03
2.325557652906269212e-03
2.325396540836536553e-03
2.325235444321070537e-03
2.325074363360542934e-03
2.324913297952939731e-03
2.324752248096247781e-03
2.324591213790468385e-03
2.324430195032916192e-03
2.324269191822920296e-03
2.324108204159810228e-03
2.323947232041572407e-03
2.323786275466865024e-03
2.323625334433675367e-03
2.323464408942673906e-03
2.323303498991177024e-03
2.323142604577842479e-03
2.322981725701998498e-03
2.322820862362304575e-03
2.322660014556075358e-03
2.322499182283982184e-03
2.322338365543341436e-03
2.322177564334152681e-03
2.322016778653731867e-03
2.321856008501408091e-03
2.321695253875839110e-03
2.321534514775683115e-03
2.321373791199597865e-03
2.321213083146241550e-03
2.321052390614942833e-03
2.320891713603017662e-03
2.320731052110466906e-03
2.320570406135947020e-03
2.320409775676775255e-03
2.320249160732950743e-03
2.320088561302460772e-03
2.319927977385305342e-03
2.319767408978800401e-03
2.319606856081603708e-03
2.319446318693044792e-03
2.319285796811780542e-03
2.319125290436470019e-03
2.318964799565099641e-03
2.318804324196998504e-03
2.318643864331495271e-03
2.318483419966577662e-03
2.318322991100231663e-03
2.318162577732457708e-03
2.318002179861243083e-03
2.317841797484573776e-03
2.317681430602451086e-03
2.317521079212861001e-03
2.317360743315803519e-03
2.317200422907252783e-03
2.317040117988551032e-03
2.316879828557013785e-03
2.316719554611299230e-03
2.316559296151407803e-03
2.316399053173983247e-03
2.316238825679697768e-03
2.316078613665866447e-03
2.315918417131818813e-03
2.315758236075541286e-03
2.315598070497034301e-03
2.315437920393613805e-03
2.315277785764608461e-03
2.315117666608676027e-03
2.314957562924475128e-03
2.314797474710663522e-03
2.314637401965898966e-03
2.314477344689510122e-03
2.314317302878142902e-03
2.314157276533809152e-03
2.313997265651812976e-03
2.313837270233495315e-03
2.313677290275501647e-03
2.313517325777160634e-03
2.313357376737801372e-03
2.313197443156082053e-03
2.313037525029989529e-03
2.312877622358181125e-03
2.312717735139986804e-03
2.312557863374064323e-03
2.312398007058400103e-03
2.312238166192323238e-03
2.312078340773821017e-03
2.311918530802893439e-03
2.311758736276184681e-03
2.311598957194366949e-03
2.311439193555425795e-03
2.311279445357349374e-03
2.311119712599466348e-03
2.310959995280434040e-03
2.310800293399581980e-03
2.310640606954226118e-03
2.310480935943024210e-03
2.310321280366647596e-03
2.310161640221740451e-03
2.310002015507632740e-03
2.309842406222981353e-03
2.309682812367116252e-03
2.309523233938023858e-03
2.309363670934362362e-03
2.309204123354789088e-03
2.309044591198633999e-03
2.308885074463883514e-03
2.308725573149195392e-03
2.308566087253227823e-03
2.308406616775309905e-03
2.308247161714099393e-03
2.308087722067583576e-03
2.307928297834419776e-03
2.307768889013266621e-03
2.307609495604123241e-03
2.307450117604306888e-03
2.307290755012474017e-03
2.307131407827955026e-03
2.306972076049406805e-03
2.306812759674816641e-03
2.306653458704184534e-03
2.306494173134155529e-03
2.306334902964729625e-03
2.306175648195235486e-03
2.306016408822989493e-03
2.305857184847319875e-03
2.305697976266214352e-03
2.305538783079672492e-03
2.305379605285010243e-03
2.305220442881557134e-03
2.305061295868641395e-03
2.304902164243579406e-03
2.304743048005699832e-03
2.304583947153660863e-03
2.304424861686119822e-03
2.304265791601735770e-03
2.304106736899166463e-03
2.303947697577068791e-03
2.303788673634101815e-03
2.303629665069593761e-03
2.303470671880861447e-03
2.303311694067904005e-03
2.303152731628708722e-03
2.302993784561262452e-03
2.302834852866236532e-03
2.302675936540275574e-03
2.302517035582708239e-03
2.302358149992864058e-03
2.302199279768729883e-03
2.302040424908963472e-03
2.301881585412223017e-03
2.301722761277837179e-03
2.301563952504463717e-03
2.301405159089419446e-03
2.301246381032032596e-03
2.301087618332303165e-03
2.300928870986877067e-03
2.300770138995753000e-03
2.300611422356918252e-03
2.300452721069701917e-03
2.300294035131420379e-03
2.300135364542743675e-03
2.299976709300988621e-03
2.299818069405483879e-03
2.299659444854215869e-03
2.299500835645843649e-03
2.299342241779024111e-03
2.299183663253758121e-03
2.299025100067361195e-03
2.298866552218491090e-03
2.298708019706476903e-03
2.298549502529976390e-03
2.298391000686306369e-03
2.298232514176136877e-03
2.298074042996783861e-03
2.297915587147577286e-03
2.297757146626503138e-03
2.297598721432890512e-03
2.297440311565397599e-03
2.297281917021340349e-03
2.297123537801389666e-03
2.296965173903532404e-03
2.296806825325755849e-03
2.296648492066717326e-03
2.296490174125746363e-03
2.296331871501501153e-03
2.296173584191968115e-03
2.296015312196475911e-03
2.295857055513683166e-03
2.295698814141576734e-03
2.295540588080156180e-03
2.295382377326066984e-03
2.295224181879979616e-03
2.295066001739210458e-03
2.294907836903087740e-03
2.294749687369600048e-03
2.294591553138074311e-03
2.294433434207169588e-03
2.294275330574872731e-03
2.294117242241183741e-03
2.293959169202747662e-03
2.293801111460905436e-03
2.293643069010961599e-03
2.293485041854257528e-03
2.293327029988779207e-03
2.293169033412515226e-03
2.293011052125464282e-03
2.292853086124271422e-03
2.292695135408937511e-03
2.292537199978790779e-03
2.292379279830476270e-03
2.292221374963993984e-03
2.292063485378002113e-03
2.291905611071829319e-03
2.291747752042120646e-03
2.291589908288876095e-03
2.291432079810082519e-03
2.291274266605739917e-03
2.291116468673164239e-03
2.290958686011685015e-03
2.290800918619959135e-03
2.290643166495973885e-03
2.290485429638387891e-03
2.290327708046529381e-03
2.290170001719727885e-03
2.290012310654627580e-03
2.289854634851900238e-03
2.289696974308190469e-03
2.289539329024169179e-03
2.289381698997152315e-03
2.289224084225798071e-03
2.289066484710106444e-03
2.288908900446722048e-03
2.288751331436315352e-03
2.288593777676203606e-03
2.288436239165044135e-03
2.288278715902165601e-03
2.288121207886226194e-03
2.287963715115212768e-03
2.287806237588455287e-03
2.287648775303938870e-03
2.287491328260993911e-03
2.287333896457606833e-03
2.287176479892435391e-03
2.287019078565480021e-03
2.286861692473385766e-03
2.286704321616152193e-03
2.286546965992437060e-03
2.286389625600227654e-03
2.286232300437511262e-03
2.286074990505628825e-03
2.285917695799884446e-03
2.285760416320948597e-03
2.285603152068149940e-03
2.285445903038133952e-03
2.285288669230900634e-03
2.285131450643765067e-03
2.284974247277399458e-03
2.284817059128447982e-03
2.284659886196910208e-03
2.284502728480102950e-03
2.284345585978697114e-03
2.284188458689337311e-03
2.284031346612023106e-03
2.283874249744742221e-03
2.283717168086152414e-03
2.283560101634911441e-03
2.283403050389677495e-03
2.283246014349779238e-03
2.283088993513203522e-03
2.282931987877938069e-03
2.282774997444653349e-03
2.282618022209993974e-03
2.282461062172618568e-03
2.282304117332526264e-03
2.282147187688376121e-03
2.281990273237483220e-03
2.281833373979176224e-03
2.281676489912114626e-03
2.281519621034283976e-03
2.281362767346355614e-03
2.281205928844303680e-03
2.281049105528798644e-03
2.280892297397157324e-03
2.280735504448707946e-03
2.280578726682779608e-03
2.280421964096017353e-03
2.280265216689092520e-03
2.280108484459991529e-03
2.279951767406701232e-03
2.279795065528550727e-03
2.279638378824198636e-03
2.279481707291630948e-03
2.279325050929506286e-03
2.279168409737824651e-03
2.279011783713901125e-03
2.278855172856394766e-03
2.278698577165304707e-03
2.278541996637276426e-03
2.278385431272980394e-03
2.278228881069062090e-03
2.278072346026191984e-03
2.277915826141015555e-03
2.277759321413532368e-03
2.277602831841729712e-03
2.277446357424935813e-03
2.277289898161138828e-03
2.277133454048995646e-03
2.276977025087835796e-03
2.276820611275646132e-03
2.276664212610413074e-03
2.276507829092808393e-03
2.276351460719476701e-03
2.276195107490417997e-03
2.276038769402948230e-03
2.275882446457066968e-03
2.275726138650090592e-03
2.275569845982019102e-03
2.275413568450839353e-03
2.275257306054538197e-03
2.275101058793116068e-03
2.274944826664558953e-03
2.274788609666854571e-03
2.274632407799332019e-03
2.274476221060648621e-03
2.274320049449463001e-03
2.274163892963761580e-03
2.274007751603544358e-03
2.273851625366127283e-03
2.273695514250168980e-03
2.273539418255332914e-03
2.273383337379606805e-03
2.273227271621312742e-03
2.273071220979779820e-03
2.272915185453666231e-03
2.272759165040622725e-03
2.272603159740314068e-03
2.272447169550727546e-03
2.272291194470856587e-03
2.272135234499358513e-03
2.271979289634556715e-03
2.271823359875443753e-03
2.271667445220678250e-03
2.271511545668247062e-03
2.271355661217814084e-03
2.271199791867031369e-03
2.271043937614891910e-03
2.270888098460390001e-03
2.270732274401846863e-03
2.270576465437586320e-03
2.270420671566936166e-03
2.270264892787884122e-03
2.270109129099422748e-03
2.269953380500211535e-03
2.269797646988571272e-03
2.269641928563161017e-03
2.269486225223309433e-03
2.269330536966667703e-03
2.269174863792564924e-03
2.269019205699659286e-03
2.268863562685937644e-03
2.268707934750728659e-03
2.268552321892019618e-03
2.268396724108803948e-03
2.268241141399739841e-03
2.268085573763484186e-03
2.267930021198696477e-03
2.267774483703697934e-03
2.267618961277482852e-03
2.267463453918372885e-03
2.267307961625026659e-03
2.267152484396437601e-03
2.266997022230927365e-03
2.266841575127155010e-03
2.266686143083777860e-03
2.266530726099118438e-03
2.266375324172505840e-03
2.266219937302262153e-03
2.266064565486710335e-03
2.265909208724843811e-03
2.265753867015320340e-03
2.265598540356126775e-03
2.265443228746927880e-03
2.265287932185374841e-03
2.265132650670461083e-03
2.264977384201180034e-03
2.264822132775854650e-03
2.264666896393142687e-03
2.264511675051365802e-03
2.264356468749518722e-03
2.264201277486258771e-03
2.264046101259908038e-03
2.263890940069460816e-03
2.263735793913573997e-03
2.263580662790235735e-03
2.263425546698438155e-03
2.263270445637176418e-03
2.263115359604771747e-03
2.262960288599881898e-03
2.262805232620830262e-03
2.262650191666945067e-03
2.262495165736214033e-03
2.262340154826958383e-03
2.262185158938843747e-03
2.262030178070192216e-03
2.261875212218990641e-03
2.261720261384568120e-03
2.261565325565246740e-03
2.261410404759349457e-03
2.261255498966204935e-03
2.261100608183800459e-03
2.260945732411128589e-03
2.260790871646512715e-03
2.260636025888946264e-03
2.260481195136751324e-03
2.260326379388921322e-03
2.260171578643778781e-03
2.260016792899981891e-03
2.259862022156188845e-03
2.259707266410720863e-03
2.259552525662907908e-03
2.259397799910737269e-03
2.259243089153201503e-03
2.259088393388623568e-03
2.258933712615996889e-03
2.258779046833643989e-03
2.258624396039886958e-03
2.258469760234054890e-03
2.258315139414470308e-03
2.258160533579791403e-03
2.258005942728340265e-03
2.257851366859446422e-03
2.257696805970760626e-03
2.257542260061612405e-03
2.257387729130658650e-03
2.257233213175887515e-03
2.257078712196627663e-03
2.256924226190865947e-03
2.256769755157931462e-03
2.256615299095811062e-03
2.256460858003497740e-03
2.256306431879314886e-03
2.256152020722254625e-03
2.255997624530976450e-03
2.255843243303466347e-03
2.255688877039053412e-03
2.255534525735724931e-03
2.255380189392809567e-03
2.255225868008294172e-03
2.255071561580837373e-03
2.254917270109767398e-03
2.254762993593071099e-03
2.254608732029407103e-03
2.254454485417433166e-03
2.254300253756142281e-03
2.254146037043521737e-03
2.253991835278564958e-03
2.253837648459930572e-03
2.253683476585939798e-03
2.253529319655922600e-03
2.253375177667529296e-03
2.253221050620090281e-03
2.253066938511927211e-03
2.252912841341697843e-03
2.252758759108060803e-03
2.252604691809338179e-03
2.252450639444522965e-03
2.252296602012273784e-03
2.252142579510913161e-03
2.251988571939434088e-03
2.251834579296159520e-03
2.251680601579746782e-03
2.251526638788853632e-03
2.251372690922139562e-03
2.251218757977925360e-03
2.251064839955205319e-03
2.250910936852301963e-03
2.250757048667872615e-03
2.250603175401246370e-03
2.250449317050075716e-03
2.250295473613353209e-03
2.250141645089736610e-03
2.249987831477884108e-03
2.249834032775782557e-03
2.249680248983097156e-03
2.249526480098149560e-03
2.249372726118927055e-03
2.249218987044422635e-03
2.249065262873295359e-03
2.248911553604201682e-03
2.248757859235800665e-03
2.248604179766750064e-03
2.248450515195036734e-03
2.248296865520325004e-03
2.248143230740266493e-03
2.247989610854189864e-03
2.247836005860082403e-03
2.247682415757272772e-03
2.247528840543748692e-03
2.247375280218167053e-03
2.247221734779522150e-03
2.247068204226136071e-03
2.246914688556666574e-03
2.246761187769771850e-03
2.246607701864110091e-03
2.246454230838338621e-03
2.246300774691116497e-03
2.246147333420764943e-03
2.245993907025942583e-03
2.245840495505642843e-03
2.245687098858187812e-03
2.245533717082235682e-03
2.245380350176108975e-03
2.245226998138801118e-03
2.245073660968970302e-03
2.244920338664938616e-03
2.244767031225363817e-03
2.244613738649239767e-03
2.244460460934553751e-03
2.244307198080298330e-03
2.244153950085132129e-03
2.244000716947712904e-03
2.243847498666363179e-03
2.243694295239740712e-03
2.243541106666839362e-03
2.243387932945645983e-03
2.243234774075488804e-03
2.243081630054355544e-03
2.242928500881239632e-03
2.242775386554463155e-03
2.242622287072684305e-03
2.242469202434896509e-03
2.242316132639087054e-03
2.242163077684584168e-03
2.242010037569710807e-03
2.241857012292789494e-03
2.241704001852477986e-03
2.241551006247769710e-03
2.241398025476987188e-03
2.241245059538452510e-03
2.241092108431830873e-03
2.240939172154437792e-03
2.240786250705602365e-03
2.240633344083982348e-03
2.240480452287900263e-03
2.240327575316014303e-03
2.240174713166981791e-03
2.240021865839461786e-03
2.239869033332111178e-03
2.239716215643252923e-03
2.239563412771880448e-03
2.239410624716316276e-03
2.239257851475218164e-03
2.239105093047243870e-03
2.238952349431052018e-03
2.238799620624964699e-03
2.238646906627974904e-03
2.238494207438741258e-03
2.238341523055250182e-03
2.238188853477166874e-03
2.238036198701806850e-03
2.237883558728834439e-03
2.237730933556236930e-03
2.237578323183007315e-03
2.237425727607468551e-03
2.237273146828277961e-03
2.237120580844094170e-03
2.236968029653574937e-03
2.236815493255042350e-03
2.236662971647825938e-03
2.236510464829912555e-03
2.236357972799959525e-03
2.236205495556625473e-03
2.236053033098568156e-03
2.235900585424110097e-03
2.235748152532244289e-03
2.235595734421629791e-03
2.235443331090923060e-03
2.235290942538112249e-03
2.235138568762190352e-03
2.234986209762150795e-03
2.234833865535645198e-03
2.234681536082337890e-03
2.234529221400215725e-03
2.234376921487937328e-03
2.234224636343823921e-03
2.234072365967541135e-03
2.233920110356404053e-03
2.233767869510077872e-03
2.233615643426549446e-03
2.233463432104476100e-03
2.233311235542516458e-03
2.233159053739328277e-03
2.233006886693569316e-03
2.232854734403561664e-03
2.232702596868300048e-03
2.232550474086105689e-03
2.232398366055972447e-03
2.232246272775887611e-03
2.232094194244844173e-03
2.231942130461500324e-03
2.231790081424178153e-03
2.231638047131536719e-03
2.231486027582903382e-03
2.231334022775595827e-03
2.231182032709276650e-03
2.231030057381934006e-03
2.230878096792561320e-03
2.230726150939480682e-03
2.230574219821350717e-03
2.230422303437163550e-03
2.230270401784907337e-03
2.230118514863239833e-03
2.229966642671489703e-03
2.229814785207308130e-03
2.229662942470360745e-03
2.229511114457961764e-03
2.229359301169776819e-03
2.229207502604128865e-03
2.229055718759003456e-03
2.228903949634065788e-03
2.228752195226967481e-03
2.228600455536701094e-03
2.228448730561926119e-03
2.228297020301299013e-03
2.228145324753478401e-03
2.227993643916786805e-03
2.227841977789881984e-03
2.227690326371422128e-03
2.227538689659729759e-03
2.227387067654133541e-03
2.227235460352284657e-03
2.227083867753512636e-03
2.226932289856139568e-03
2.226780726659159312e-03
2.226629178160558723e-03
2.226477644358995124e-03
2.226326125253462809e-03
2.226174620842283867e-03
2.226023131124116056e-03
2.225871656097953236e-03
2.225720195761781827e-03
2.225568750114595689e-03
2.225417319154717345e-03
2.225265902880804551e-03
2.225114501291515501e-03
2.224963114385507951e-03
2.224811742161439659e-03
2.224660384617634015e-03
2.224509041753082710e-03
2.224357713565774768e-03
2.224206400055372783e-03
2.224055101219194006e-03
2.223903817056566666e-03
2.223752547566149387e-03
2.223601292746263825e-03
2.223450052595568605e-03
2.223298827113057152e-03
2.223147616296380653e-03
2.222996420145203437e-03
2.222845238657177123e-03
2.222694071831630806e-03
2.222542919666886576e-03
2.222391782161603057e-03
2.222240659314437140e-03
2.222089551123712214e-03
2.221938457588086037e-03
2.221787378706216801e-03
2.221636314477097064e-03
2.221485264898714548e-03
2.221334229970062246e-03
2.221183209689463547e-03
2.221032204055574909e-03
2.220881213067391058e-03
2.220730236722898415e-03
2.220579275021426508e-03
2.220428327960625656e-03
2.220277395539825820e-03
2.220126477757013422e-03
2.219975574611517555e-03
2.219824686101661178e-03
2.219673812226101179e-03
2.219522952982825714e-03
2.219372108371162576e-03
2.219221278389435156e-03
2.219070463036300778e-03
2.218919662310082832e-03
2.218768876209773443e-03
2.218618104733696000e-03
2.218467347880508263e-03
2.218316605649203223e-03
2.218165878037769035e-03
2.218015165044862156e-03
2.217864466669141645e-03
2.217713782909935295e-03
2.217563113764560792e-03
2.217412459233016834e-03
2.217261819312619370e-03
2.217111194002697929e-03
2.216960583301574167e-03
2.216809987207907576e-03
2.216659405720018943e-03
2.216508838837237799e-03
2.216358286557551429e-03
2.216207748879952828e-03
2.216057225802429281e-03
2.215906717323974217e-03
2.215756223443580628e-03
2.215605744158900998e-03
2.215455279469263124e-03
2.215304829373325630e-03
2.215154393868739701e-03
2.215003972955170534e-03
2.214853566630938918e-03
2.214703174894033441e-03
2.214552797743782331e-03
2.214402435178508544e-03
2.214252087196868970e-03
2.214101753797523102e-03
2.213951434978456492e-03
2.213801130739334339e-03
2.213650841077472158e-03
2.213500565992870383e-03
2.213350305482844962e-03
2.213200059546724125e-03
2.213049828182831261e-03
2.212899611390158928e-03
2.212749409166694849e-03
2.212599221511432450e-03
2.212449048423029488e-03
2.212298889899472383e-03
2.212148745940090665e-03
2.211998616542871620e-03
2.211848501707143477e-03
2.211698401430893524e-03
2.211548315712779950e-03
2.211398244551795317e-03
2.211248187945927778e-03
2.211098145894169892e-03
2.210948118394844616e-03
2.210798105446945376e-03
2.210648107048794261e-03
2.210498123199049463e-03
2.210348153896369173e-03
2.210198199139075479e-03
2.210048258926161809e-03
2.209898333255615448e-03
2.209748422126764627e-03
2.209598525537597499e-03
2.209448643487106623e-03
2.209298775973614955e-03
2.209148922996115490e-03
2.208999084552595513e-03
2.208849260642383686e-03
2.208699451263131629e-03
2.208549656414168436e-03
2.208399876093816629e-03
2.208250110301069203e-03
2.208100359033913444e-03
2.207950622291007109e-03
2.207800900071343626e-03
2.207651192373246384e-03
2.207501499195036170e-03
2.207351820536043382e-03
2.207202156394589675e-03
2.207052506768662770e-03
2.206902871657590460e-03
2.206753251059360901e-03
2.206603644972966217e-03
2.206454053397065903e-03
2.206304476329981612e-03
2.206154913770706338e-03
2.206005365717228234e-03
2.205855832168539428e-03
2.205706313122963308e-03
2.205556808579493301e-03
2.205407318536451496e-03
2.205257842992495651e-03
2.205108381945948721e-03
2.204958935395804134e-03
2.204809503340383978e-03
2.204660085778346011e-03
2.204510682708349292e-03
2.204361294129050710e-03
2.204211920039108458e-03
2.204062560436509822e-03
2.203913215320583464e-03
2.203763884689316239e-03
2.203614568542038108e-03
2.203465266876398956e-03
2.203315979691728745e-03
2.203166706986013895e-03
2.203017448758584369e-03
2.202868205007761388e-03
2.202718975731532240e-03
2.202569760929226454e-03
2.202420560599165685e-03
2.202271374739672889e-03
2.202122203350077162e-03
2.201973046428029688e-03
2.201823903972859563e-03
2.201674775982553640e-03
2.201525662456104912e-03
2.201376563392172438e-03
2.201227478789413109e-03
2.201078408645814645e-03
2.200929352960370039e-03
2.200780311731737049e-03
2.200631284958238631e-03
2.200482272638868211e-03
2.200333274771612644e-03
2.200184291355464922e-03
2.200035322389083670e-03
2.199886367871126645e-03
2.199737427799916371e-03
2.199588502174110605e-03
2.199439590992031436e-03
2.199290694252673591e-03
2.199141811954693528e-03
2.198992944096079399e-03
2.198844090676159001e-03
2.198695251692920488e-03
2.198546427145356419e-03
2.198397617031789750e-03
2.198248821351213474e-03
2.198100040101615311e-03
2.197951273281652587e-03
2.197802520890654396e-03
2.197653782926271924e-03
2.197505059387834699e-03
2.197356350273329574e-03
2.197207655581749977e-03
2.197058975311417563e-03
2.196910309461326625e-03
2.196761658029464017e-03
2.196613021015158835e-03
2.196464398416061829e-03
2.196315790231502963e-03
2.196167196459803891e-03
2.196018617099622806e-03
2.195870052149617464e-03
2.195721501608111255e-03
2.195572965473761070e-03
2.195424443745560769e-03
2.195275936421497206e-03
2.195127443500563807e-03
2.194978964981083528e-03
2.194830500861713260e-03
2.194682051141447297e-03
2.194533615818272925e-03
2.194385194890847469e-03
2.194236788358163923e-03
2.194088396218546108e-03
2.193940018470650483e-03
2.193791655112800870e-03
2.193643306143989828e-03
2.193494971562203778e-03
2.193346651366773550e-03
2.193198345556355601e-03
2.193050054128601548e-03
2.192901777082840922e-03
2.192753514417060574e-03
2.192605266130253066e-03
2.192457032221413124e-03
2.192308812688526735e-03
2.192160607530252523e-03
2.192012416745247813e-03
2.191864240332170796e-03
2.191716078289680097e-03
2.191567930615761703e-03
2.191419797309745142e-03
2.191271678369952070e-03
2.191123573794706309e-03
2.190975483583335656e-03
2.190827407733492160e-03
2.190679346244169250e-03
2.190531299114359919e-03
2.190383266342051886e-03
2.190235247925902042e-03
2.190087243864569013e-03
2.189939254156710990e-03
2.189791278800985730e-03
2.189643317796050558e-03
2.189495371140229296e-03
2.189347438832178402e-03
2.189199520870221266e-03
2.189051617253350880e-03
2.188903727980225436e-03
2.188755853048832221e-03
2.188607992458834698e-03
2.188460146207549684e-03
2.188312314294306275e-03
2.188164496717425692e-03
2.188016693475567428e-03
2.187868904567388806e-03
2.187721129991547150e-03
2.187573369746701520e-03
2.187425623830838335e-03
2.187277892242951022e-03
2.187130174981697338e-03
2.186982472045400239e-03
2.186834783433052719e-03
2.186687109142641632e-03
2.186539449173832174e-03
2.186391803523939862e-03
2.186244172191958123e-03
2.186096555176880382e-03
2.185948952476693494e-03
2.185801364090726989e-03
2.185653790016631615e-03
2.185506230253736470e-03
2.185358684800364510e-03
2.185211153655173058e-03
2.185063636816485071e-03
2.184916134283293541e-03
2.184768646053921425e-03
2.184621172127026480e-03
2.184473712500930795e-03
2.184326267174628231e-03
2.184178836146105640e-03
2.184031419415027354e-03
2.183884016979045425e-03
2.183736628836817177e-03
2.183589254987000367e-03
2.183441895428924959e-03
2.183294550159905600e-03
2.183147219179272253e-03
2.182999902485682243e-03
2.182852600077458526e-03
2.182705311953258859e-03
2.182558038111405765e-03
2.182410778550892671e-03
2.182263533270041665e-03
2.182116302267511371e-03
2.181969085541959116e-03
2.181821883092043089e-03
2.181674694916085813e-03
2.181527521012745479e-03
2.181380361380679412e-03
2.181233216018546237e-03
2.181086084924668041e-03
2.180938968097702584e-03
2.180791865536308490e-03
2.180644777239143083e-03
2.180497703204864555e-03
2.180350643431795427e-03
2.180203597918593458e-03
2.180056566663916839e-03
2.179909549666087659e-03
2.179762546924100212e-03
2.179615558436275718e-03
2.179468584201273238e-03
2.179321624217414859e-03
2.179174678483693575e-03
2.179027746998767577e-03
2.178880829760624586e-03
2.178733926767921492e-03
2.178587038019987824e-03
2.178440163514810436e-03
2.178293303251047086e-03
2.178146457227355965e-03
2.177999625442059162e-03
2.177852807894150970e-03
2.177706004581953046e-03
2.177559215504123579e-03
2.177412440658985093e-03
2.177265680045531015e-03
2.177118933662083866e-03
2.176972201507637074e-03
2.176825483580177058e-03
2.176678779878362877e-03
2.176532090401187090e-03
2.176385415146636984e-03
2.176238754114376891e-03
2.176092107301722759e-03
2.175945474708003684e-03
2.175798856331542189e-03
2.175652252170659929e-03
2.175505662224687300e-03
2.175359086491275053e-03
2.175212524970087085e-03
2.175065977658775448e-03
2.174919444556333570e-03
2.174772925661083971e-03
2.174626420972019646e-03
2.174479930487463984e-03
2.174333454205738207e-03
2.174186992125836607e-03
2.174040544246081275e-03
2.173894110565466071e-03
2.173747691082313083e-03
2.173601285794944833e-03
2.173454894702019514e-03
2.173308517802530117e-03
2.173162155094463931e-03
2.173015806577149617e-03
2.172869472248574896e-03
2.172723152107397093e-03
2.172576846152273963e-03
2.172430554381863700e-03
2.172284276794824494e-03
2.172138013389143200e-03
2.171991764164148478e-03
2.171845529118163719e-03
2.171699308249509710e-03
2.171553101557181179e-03
2.171406909039164980e-03
2.171260730694789774e-03
2.171114566522042415e-03
2.170968416519916764e-03
2.170822280686734908e-03
2.170676159021155040e-03
2.170530051521834917e-03
2.170383958187097062e-03
2.170237879015767500e-03
2.170091814006335721e-03
2.169945763157292516e-03
2.169799726467463909e-03
2.169653703935171124e-03
2.169507695559241053e-03
2.169361701337995784e-03
2.169215721270093076e-03
2.169069755354191120e-03
2.168923803588779405e-03
2.168777865972517423e-03
2.168631942503893798e-03
2.168486033181735422e-03
2.168340138004196116e-03
2.168194256970101905e-03
2.168048390078278816e-03
2.167902537326881103e-03
2.167756698714566957e-03
2.167610874239994136e-03
2.167465063901821264e-03
2.167319267698537399e-03
2.167173485628801164e-03
2.167027717690935083e-03
2.166881963883932147e-03
2.166736224205947914e-03
2.166590498655807540e-03
2.166444787232168784e-03
2.166299089933354603e-03
2.166153406758022319e-03
2.166007737704830557e-03
2.165862082772436643e-03
2.165716441959163966e-03
2.165570815263837250e-03
2.165425202684779452e-03
2.165279604220815730e-03
2.165134019870437309e-03
2.164988449632300645e-03
2.164842893504729995e-03
2.164697351486549650e-03
2.164551823576250835e-03
2.164406309772490440e-03
2.164260810073591855e-03
2.164115324478548073e-03
2.163969852985513781e-03
2.163824395593314572e-03
2.163678952300441671e-03
2.163533523105551533e-03
2.163388108007134950e-03
2.163242707003850546e-03
2.163097320094187811e-03
2.162951947276804503e-03
2.162806588550191412e-03
2.162661243913006730e-03
2.162515913363739512e-03
2.162370596901216219e-03
2.162225294523759372e-03
2.162080006229859328e-03
2.161934732018341247e-03
2.161789471887695484e-03
2.161644225836580665e-03
2.161498993863485846e-03
2.161353775966733982e-03
2.161208572145486770e-03
2.161063382397730628e-03
2.160918206722458983e-03
2.160773045117994357e-03
2.160627897583163211e-03
2.160482764116286765e-03
2.160337644716023645e-03
2.160192539381032041e-03
2.160047448109969279e-03
2.159902370900990045e-03
2.159757307753256469e-03
2.159612258664922371e-03
2.159467223634645942e-03
2.159322202661085374e-03
2.159177195742898424e-03
2.159032202878407181e-03
2.158887224066438539e-03
2.158742259305313285e-03
2.158597308593858313e-03
2.158452371930563544e-03
2.158307449313918904e-03
2.158162540742750417e-03
2.158017646215213206e-03
2.157872765730299396e-03
2.157727899286500644e-03
2.157583046882138606e-03
2.157438208516038874e-03
2.157293384186692239e-03
2.157148573892756459e-03
2.157003777632721456e-03
2.156858995405077587e-03
2.156714227208650445e-03
2.156569473041762986e-03
2.156424732903240802e-03
2.156280006791405548e-03
2.156135294704915849e-03
2.155990596642597297e-03
2.155845912602604580e-03
2.155701242583763725e-03
2.155556586584563786e-03
2.155411944603832092e-03
2.155267316639890296e-03
2.155122702691228322e-03
2.154978102756672197e-03
2.154833516834712276e-03
2.154688944923838483e-03
2.154544387022709444e-03
2.154399843129814213e-03
2.154255313243979252e-03
2.154110797363526647e-03
2.153966295487115025e-03
2.153821807613401276e-03
2.153677333740709222e-03
2.153532873867863157e-03
2.153388427993522137e-03
2.153243996115839984e-03
2.153099578233810991e-03
2.152955174345756815e-03
2.152810784450503914e-03
2.152666408546373943e-03
2.152522046632193795e-03
2.152377698706284693e-03
2.152233364767137426e-03
2.152089044813912822e-03
2.151944738844598169e-03
2.151800446858019491e-03
2.151656168852666712e-03
2.151511904827197157e-03
2.151367654780101616e-03
2.151223418710038280e-03
2.151079196615664907e-03
2.150934988495135751e-03
2.150790794347612941e-03
2.150646614171249863e-03
2.150502447964873845e-03
2.150358295726973942e-03
2.150214157456040078e-03
2.150070033150731745e-03
2.149925922809537565e-03
2.149781826431283998e-03
2.149637744014125298e-03
2.149493675557223593e-03
2.149349621058564870e-03
2.149205580517142989e-03
2.149061553931280472e-03
2.148917541299635078e-03
2.148773542620697162e-03
2.148629557893124483e-03
2.148485587115743067e-03
2.148341630286707601e-03
2.148197687404843244e-03
2.148053758468640786e-03
2.147909843476757986e-03
2.147765942427684767e-03
2.147622055319911918e-03
2.147478182152264600e-03
2.147334322923233601e-03
2.147190477631308412e-03
2.147046646274979823e-03
2.146902828853240828e-03
2.146759025364079147e-03
2.146615235806487339e-03
2.146471460178788360e-03
2.146327698479975638e-03
2.146183950708035592e-03
2.146040216862130350e-03
2.145896496940245899e-03
2.145752790941544367e-03
2.145609098864347843e-03
2.145465420706978415e-03
2.145321756468429944e-03
2.145178106147024519e-03
2.145034469741420764e-03
2.144890847250276004e-03
2.144747238671913196e-03
2.144603644005325330e-03
2.144460063248499696e-03
2.144316496400596687e-03
2.144172943459940125e-03
2.144029404425019068e-03
2.143885879294492574e-03
2.143742368067017099e-03
2.143598870741084302e-03
2.143455387315183671e-03
2.143311917788140800e-03
2.143168462158278643e-03
2.143025020424422361e-03
2.142881592584727074e-03
2.142738178638353610e-03
2.142594778583457090e-03
2.142451392418695272e-03
2.142308020142726348e-03
2.142164661754039807e-03
2.142021317251462109e-03
2.141877986632980107e-03
2.141734669897754628e-03
2.141591367044276030e-03
2.141448078070866835e-03
2.141304802976185234e-03
2.141161541759056819e-03
2.141018294417635845e-03
2.140875060950916172e-03
2.140731841357220323e-03
2.140588635635037786e-03
2.140445443783362857e-03
2.140302265800350223e-03
2.140159101684825475e-03
2.140015951435110270e-03
2.139872815050031934e-03
2.139729692528079090e-03
2.139586583867742527e-03
2.139443489067848272e-03
2.139300408126717980e-03
2.139157341043010710e-03
2.139014287815215517e-03
2.138871248442159295e-03
2.138728222922331099e-03
2.138585211254054319e-03
2.138442213436153681e-03
2.138299229467120408e-03
2.138156259345611824e-03
2.138013303070118720e-03
2.137870360639297987e-03
2.137727432051473447e-03
2.137584517305637227e-03
2.137441616399944882e-03
2.137298729333390272e-03
2.137155856104294618e-03
2.137012996711316112e-03
2.136870151152778143e-03
2.136727319427673272e-03
2.136584501534324887e-03
2.136441697471389446e-03
2.136298907237190771e-03
2.136156130830722290e-03
2.136013368250305224e-03
2.135870619494766465e-03
2.135727884562260270e-03
2.135585163451780063e-03
2.135442456161480533e-03
2.135299762690355541e-03
2.135157083036727174e-03
2.135014417199421026e-03
2.134871765176760052e-03
2.134729126967233742e-03
2.134586502569668556e-03
2.134443891982721817e-03
2.134301295204716481e-03
2.134158712234310307e-03
2.134016143069992783e-03
2.133873587710591237e-03
2.133731046154426457e-03
2.133588518400157501e-03
2.133446004446609527e-03
2.133303504291937658e-03
2.133161017934967051e-03
2.133018545374188064e-03
2.132876086608091921e-03
2.132733641635502914e-03
2.132591210454911398e-03
2.132448793064808164e-03
2.132306389463851405e-03
2.132163999650530609e-03
2.132021623623503968e-03
2.131879261381261839e-03
2.131736912922294145e-03
2.131594578245594746e-03
2.131452257349318331e-03
2.131309950232290057e-03
2.131167656892832881e-03
2.131025377329772395e-03
2.130883111541598523e-03
2.130740859526801621e-03
2.130598621284039880e-03
2.130456396811971492e-03
2.130314186109085513e-03
2.130171989173873601e-03
2.130029806005160481e-03
2.129887636601101274e-03
2.129745480960689406e-03
2.129603339082414802e-03
2.129461210964599983e-03
2.129319096606070976e-03
2.129176996005485538e-03
2.129034909161166191e-03
2.128892836071770260e-03
2.128750776735956803e-03
2.128608731152215310e-03
2.128466699319036138e-03
2.128324681235245312e-03
2.128182676899332756e-03
2.128040686309788394e-03
2.127898709465269982e-03
2.127756746364437013e-03
2.127614797005442440e-03
2.127472861387448393e-03
2.127330939508609124e-03
2.127189031367750661e-03
2.127047136963195091e-03
2.126905256293768875e-03
2.126763389357961501e-03
2.126621536154263328e-03
2.126479696681499946e-03
2.126337870937994312e-03
2.126196058922235916e-03
2.126054260633219051e-03
2.125912476069097539e-03
2.125770705228697838e-03
2.125628948110509873e-03
2.125487204713191400e-03
2.125345475035232776e-03
2.125203759075124359e-03
2.125062056831691741e-03
2.124920368303257444e-03
2.124778693488646626e-03
2.124637032386183112e-03
2.124495384994523357e-03
2.124353751312493387e-03
2.124212131338248325e-03
2.124070525070613762e-03
2.123928932508415725e-03
2.123787353649640199e-03
2.123645788493281911e-03
2.123504237037829919e-03
2.123362699281775012e-03
2.123221175223775382e-03
2.123079664862487920e-03
2.122938168196236448e-03
2.122796685223846125e-03
2.122655215943806874e-03
2.122513760354776454e-03
2.122372318455078254e-03
2.122230890243705266e-03
2.122089475718811746e-03
2.121948074879223718e-03
2.121806687723431541e-03
2.121665314249925570e-03
2.121523954457698799e-03
2.121382608344738515e-03
2.121241275910037711e-03
2.121099957151919776e-03
2.120958652069209003e-03
2.120817360660397048e-03
2.120676082923973402e-03
2.120534818858595821e-03
2.120393568462755531e-03
2.120252331735108988e-03
2.120111108674147416e-03
2.119969899278612274e-03
2.119828703546910217e-03
2.119687521477782704e-03
2.119546353069720526e-03
2.119405198321212738e-03
2.119264057231002533e-03
2.119122929797579401e-03
2.118981816019516965e-03
2.118840715895390150e-03
2.118699629423773014e-03
2.118558556603323314e-03
2.118417497432530973e-03
2.118276451910053749e-03
2.118135420034382432e-03
2.117994401804091081e-03
2.117853397217837452e-03
2.117712406274195602e-03
2.117571428971739590e-03
2.117430465308960206e-03
2.117289515284514340e-03
2.117148578896976916e-03
2.117007656144837425e-03
2.116866747026754925e-03
2.116725851541386306e-03
2.116584969687138225e-03
2.116444101462753007e-03
2.116303246866720143e-03
2.116162405897614122e-03
2.116021578554008568e-03
2.115880764834477974e-03
2.115739964737596394e-03
2.115599178262105723e-03
2.115458405406328048e-03
2.115317646169006128e-03
2.115176900548712720e-03
2.115036168543939048e-03
2.114895450153342436e-03
2.114754745375413240e-03
2.114614054208809654e-03
2.114473376652105732e-03
2.114332712703875534e-03
2.114192062362693116e-03
2.114051425627132101e-03
2.113910802495766982e-03
2.113770192967088114e-03
2.113629597039921090e-03
2.113489014712588432e-03
2.113348445983747898e-03
2.113207890852057680e-03
2.113067349316091401e-03
2.112926821374255717e-03
2.112786307025376654e-03
2.112645806267776302e-03
2.112505319100279819e-03
2.112364845521210593e-03
2.112224385529477919e-03
2.112083939123320184e-03
2.111943506301562981e-03
2.111803087062613399e-03
2.111662681405128330e-03
2.111522289327683131e-03
2.111381910828934259e-03
2.111241545907289237e-03
2.111101194561489092e-03
2.110960856790025045e-03
2.110820532591469855e-03
2.110680221964482146e-03
2.110539924907552708e-03
2.110399641419338865e-03
2.110259371498414242e-03
2.110119115143270063e-03
2.109978872352563217e-03
2.109838643124784929e-03
2.109698427458592523e-03
2.109558225352644190e-03
2.109418036805429855e-03
2.109277861815440306e-03
2.109137700381332435e-03
2.108997552501765734e-03
2.108857418175228825e-03
2.108717297400297067e-03
2.108577190175543650e-03
2.108437096499710898e-03
2.108297016371121334e-03
2.108156949788516851e-03
2.108016896750470638e-03
2.107876857255557620e-03
2.107736831302267719e-03
2.107596818889258695e-03
2.107456820015105470e-03
2.107316834678381236e-03
2.107176862877660050e-03
2.107036904611600970e-03
2.106896959878608918e-03
2.106757028677342953e-03
2.106617111006544099e-03
2.106477206864535313e-03
2.106337316250058052e-03
2.106197439161686374e-03
2.106057575597911069e-03
2.105917725557389895e-03
2.105777889038696477e-03
2.105638066040405737e-03
2.105498256561006733e-03
2.105358460599242223e-03
2.105218678153518430e-03
2.105078909222576379e-03
2.104939153804907294e-03
2.104799411899168065e-03
2.104659683503766650e-03
2.104519968617527340e-03
2.104380267238772657e-03
2.104240579366329061e-03
2.104100904998602341e-03
2.103961244134250688e-03
2.103821596771847727e-03
2.103681962909884247e-03
2.103542342547102574e-03
2.103402735681991331e-03
2.103263142313125875e-03
2.103123562439079830e-03
2.102983996058510954e-03
2.102844443169909604e-03
2.102704903771850271e-03
2.102565377862990713e-03
2.102425865441904552e-03
2.102286366507166715e-03
2.102146881057266256e-03
2.102007409090862235e-03
2.101867950606611975e-03
2.101728505603005833e-03
2.101589074078534167e-03
2.101449656031938434e-03
2.101310251461709425e-03
2.101170860366420763e-03
2.101031482744730641e-03
2.100892118595212681e-03
2.100752767916357674e-03
2.100613430706823378e-03
2.100474106965267550e-03
2.100334796690012714e-03
2.100195499879884894e-03
2.100056216533374015e-03
2.099916946649137833e-03
2.099777690225583006e-03
2.099638447261451425e-03
2.099499217755317147e-03
2.099360001705670095e-03
2.099220799111168462e-03
2.099081609970302170e-03
2.098942434281729410e-03
2.098803272044108374e-03
2.098664123255845285e-03
2.098524987915597034e-03
2.098385866022023111e-03
2.098246757573613008e-03
2.098107662568941215e-03
2.097968581006665056e-03
2.097829512885274889e-03
2.097690458203513037e-03
2.097551416959785725e-03
2.097412389152666142e-03
2.097273374780981182e-03
2.097134373842968798e-03
2.096995386337454585e-03
2.096856412263013031e-03
2.096717451618049927e-03
2.096578504401308031e-03
2.096439570611444234e-03
2.096300650246781493e-03
2.096161743306062131e-03
2.096022849787858907e-03
2.095883969690747178e-03
2.095745103013384267e-03
2.095606249754176833e-03
2.095467409911783065e-03
2.095328583484859855e-03
2.095189770471982127e-03
2.095050970871640238e-03
2.094912184682449444e-03
2.094773411903068806e-03
2.094634652531945310e-03
2.094495906567779217e-03
2.094357174009103383e-03
2.094218454854533500e-03
2.094079749102601123e-03
2.093941056751922811e-03
2.093802377801114688e-03
2.093663712248667111e-03
2.093525060093236970e-03
2.093386421333357558e-03
2.093247795967728263e-03
2.093109183994755311e-03
2.092970585413180592e-03
2.092832000221452830e-03
2.092693428418271415e-03
2.092554870002168773e-03
2.092416324971718526e-03
2.092277793325495600e-03
2.092139275062156883e-03
2.092000770180193602e-03
2.091862278678263513e-03
2.091723800554897740e-03
2.091585335808671640e-03
2.091446884438242105e-03
2.091308446442100358e-03
2.091170021818861656e-03
2.091031610567226692e-03
2.090893212685600820e-03
2.090754828172601033e-03
2.090616457026925855e-03
2.090478099247066943e-03
2.090339754831639987e-03
2.090201423779176112e-03
2.090063106088334375e-03
2.089924801757688834e-03
2.089786510785771045e-03
2.089648233171197134e-03
2.089509968912541590e-03
2.089371718008420104e-03
2.089233480457406734e-03
2.089095256258033904e-03
2.088957045408958938e-03
2.088818847908715127e-03
2.088680663755875661e-03
2.088542492949098297e-03
2.088404335486915894e-03
2.088266191367902074e-03
2.088128060590672963e-03
2.087989943153803051e-03
2.087851839055823461e-03
2.087713748295434886e-03
2.087575670871127682e-03
2.087437606781517539e-03
2.087299556025220149e-03
2.087161518600726302e-03
2.087023494506735823e-03
2.086885483741780269e-03
2.086747486304392062e-03
2.086609502193229829e-03
2.086471531406908827e-03
2.086333573943919412e-03
2.086195629802919775e-03
2.086057698982441908e-03
2.085919781481059866e-03
2.085781877297473476e-03
2.085643986430173093e-03
2.085506108877732342e-03
2.085368244638767781e-03
2.085230393711895534e-03
2.085092556095605523e-03
2.084954731788555508e-03
2.084816920789362045e-03
2.084679123096598759e-03
2.084541338708756006e-03
2.084403567624533177e-03
2.084265809842463565e-03
2.084128065361120358e-03
2.083990334179120114e-03
2.083852616294993958e-03
2.083714911707443013e-03
2.083577220414914704e-03
2.083439542416109722e-03
2.083301877709559623e-03
2.083164226293838465e-03
2.083026588167604439e-03
2.082888963329347469e-03
2.082751351777683679e-03
2.082613753511250443e-03
2.082476168528579318e-03
2.082338596828265612e-03
2.082201038408925883e-03
2.082063493269112071e-03
2.081925961407419916e-03
2.081788442822465977e-03
2.081650937512802193e-03
2.081513445476982672e-03
2.081375966713685990e-03
2.081238501221422885e-03
2.081101048998831166e-03
2.080963610044442389e-03
2.080826184356893496e-03
2.080688771934758544e-03
2.080551372776612024e-03
2.080413986881028427e-03
2.080276614246643393e-03
2.080139254872011029e-03
2.080001908755725777e-03
2.079864575896341744e-03
2.079727256292515820e-03
2.079589949942760047e-03
2.079452656845710498e-03
2.079315376999941664e-03
2.079178110404070103e-03
2.079040857056606555e-03
2.078903616956229161e-03
2.078766390101450395e-03
2.078629176490906765e-03
2.078491976123171894e-03
2.078354788996820274e-03
2.078217615110468028e-03
2.078080454462668397e-03
2.077943307052015822e-03
2.077806172877147677e-03
2.077669051936575136e-03
2.077531944228956391e-03
2.077394849752843813e-03
2.077257768506811896e-03
2.077120700489477195e-03
2.076983645699412902e-03
2.076846604135214758e-03
2.076709575795477637e-03
2.076572560678775162e-03
2.076435558783681825e-03
2.076298570108834566e-03
2.076161594652786192e-03
2.076024632414122037e-03
2.075887683391446515e-03
2.075750747583355801e-03
2.075613824988413111e-03
2.075476915605223727e-03
2.075340019432372549e-03
2.075203136468443173e-03
2.075066266712032211e-03
2.074929410161723258e-03
2.074792566816132441e-03
2.074655736673802157e-03
2.074518919733338556e-03
2.074382115993357763e-03
2.074245325452422559e-03
2.074108548109128251e-03
2.073971783962049332e-03
2.073835033009801057e-03
2.073698295250958352e-03
2.073561570684126498e-03
2.073424859307869145e-03
2.073288161120785938e-03
2.073151476121483025e-03
2.073014804308534464e-03
2.072878145680529926e-03
2.072741500236059513e-03
2.072604867973717666e-03
2.072468248892094921e-03
2.072331642989775312e-03
2.072195050265358916e-03
2.072058470717415453e-03
2.071921904344559747e-03
2.071785351145372361e-03
2.071648811118437326e-03
2.071512284262359924e-03
2.071375770575706841e-03
2.071239270057085528e-03
2.071102782705086954e-03
2.070966308518294718e-03
2.070829847495301527e-03
2.070693399634702253e-03
2.070556964935078761e-03
2.070420543395031562e-03
2.070284135013141218e-03
2.070147739788008243e-03
2.070011357718215365e-03
2.069874988802353991e-03
2.069741543518747746e-03
2.069616858425257777e-03
2.069492183480290022e-03
2.069367518683172709e-03
2.069242864033906271e-03
2.069118219530476695e-03
2.068993585174227524e-03
2.068868960963144311e-03
2.068744346896556150e-03
2.068619742975135681e-03
2.068495149196867590e-03
2.068370565561753610e-03
2.068245992069792875e-03
2.068121428719643575e-03
2.067996875509963035e-03
2.067872332441423461e-03
2.067747799512682175e-03
2.067623276723739179e-03
2.067498764073923568e-03
2.067374261561221761e-03
2.067249769187647773e-03
2.067125286949846215e-03
2.067000814849158461e-03
2.066876352883571799e-03
2.066751901053758000e-03
2.066627459357702618e-03
2.066503027796077856e-03
2.066378606367541039e-03
2.066254195072092167e-03
2.066129793908389866e-03
2.066005402876433267e-03
2.065881021974880563e-03
2.065756651203732187e-03
2.065632290562316800e-03
2.065507940049292595e-03
2.065383599666000946e-03
2.065259269409087765e-03
2.065134949279893994e-03
2.065010639277078692e-03
2.064886339400640990e-03
2.064762049648568177e-03
2.064637770022202060e-03
2.064513500518859023e-03
2.064389241139209536e-03
2.064264991883254467e-03
2.064140752748979801e-03
2.064016523735714634e-03
2.063892304844130738e-03
2.063768096072214099e-03
2.063643897420636489e-03
2.063519708887384327e-03
2.063395530473800289e-03
2.063271362177199458e-03
2.063147203998253604e-03
2.063023055935619618e-03
2.062898917989298801e-03
2.062774790157948478e-03
2.062650672441568647e-03
2.062526564839488839e-03
2.062402467351036849e-03
2.062278379974871734e-03
2.062154302711663965e-03
2.062030235559400831e-03
2.061906178518752800e-03
2.061782131588378499e-03
2.061658094767606589e-03
2.061534068055765733e-03
2.061410051453527702e-03
2.061286044958207577e-03
2.061162048570477131e-03
2.061038062289664591e-03
2.060914086114428584e-03
2.060790120044769108e-03
2.060666164080685297e-03
2.060542218219493966e-03
2.060418282462536926e-03
2.060294356808471932e-03
2.060170441257298986e-03
2.060046535807005808e-03
2.059922640457591096e-03
2.059798755209055719e-03
2.059674880060728339e-03
2.059551015010596241e-03
2.059427160060001236e-03
2.059303315206930177e-03
2.059179480450711724e-03
2.059055655792017651e-03
2.058931841228834377e-03
2.058808036761833240e-03
2.058684242388329755e-03
2.058560458110337502e-03
2.058436683925171998e-03
2.058312919833504145e-03
2.058189165833321666e-03
2.058065421925294597e-03
2.057941688108081563e-03
2.057817964381682130e-03
2.057694250744754490e-03
2.057570547197298642e-03
2.057446853737972346e-03
2.057323170366776033e-03
2.057199497083038800e-03
2.057075833885417537e-03
2.056952180774584450e-03
2.056828537748525525e-03
2.056704904807241194e-03
2.056581281950060555e-03
2.056457669176983607e-03
2.056334066485997637e-03
2.056210473877772681e-03
2.056086891350967366e-03
2.055963318905581691e-03
2.055839756540272980e-03
2.055716204254371196e-03
2.055592662048546810e-03
2.055469129920115771e-03
2.055345607869748983e-03
2.055222095896775975e-03
2.055098593999854072e-03
2.054975102179654178e-03
2.054851620434834918e-03
2.054728148764054050e-03
2.054604687167982478e-03
2.054481235644607055e-03
2.054357794193928215e-03
2.054234362815945091e-03
2.054110941509987211e-03
2.053987530274712769e-03
2.053864129108779087e-03
2.053740738012857937e-03
2.053617356986277981e-03
2.053493986027696543e-03
2.053370625137114925e-03
2.053247274313860921e-03
2.053123933555922251e-03
2.053000602865311195e-03
2.052877282238673232e-03
2.052753971676679265e-03
2.052630671179329729e-03
2.052507380744610609e-03
2.052384100373193677e-03
2.052260830063736691e-03
2.052137569815568312e-03
2.052014319627346733e-03
2.051891079500414630e-03
2.051767849432086649e-03
2.051644629423034997e-03
2.051521419471916564e-03
2.051398219578732217e-03
2.051275029742139714e-03
2.051151849962139055e-03
2.051028680237387998e-03
2.050905520567886109e-03
2.050782370952292447e-03
2.050659231391277048e-03
2.050536101882827634e-03
2.050412982426943771e-03
2.050289873023625458e-03
2.050166773670188645e-03
2.050043684367975141e-03
2.049920605115643571e-03
2.049797535912522162e-03
2.049674476758611349e-03
2.049551427652569324e-03
2.049428388593724747e-03
2.049305359581406281e-03
2.049182340614943022e-03
2.049059331694335403e-03
2.048936332818241182e-03
2.048813343986660360e-03
2.048690365198250693e-03
2.048567396453012616e-03
2.048444437749603452e-03
2.048321489088694540e-03
2.048198550468273166e-03
2.048075621887667994e-03
2.047952703347549926e-03
2.047829794845905816e-03
2.047706896383407003e-03
2.047584007958040773e-03
2.047461129569806259e-03
2.047338261218032991e-03
2.047215402902720534e-03
2.047092554621856176e-03
2.046969716375440351e-03
2.046846888164143095e-03
2.046724069984609887e-03
2.046601261838853873e-03
2.046478463724861474e-03
2.046355675641962218e-03
2.046232897589485202e-03
2.046110129568100462e-03
2.045987371575125249e-03
2.045864623611229598e-03
2.045741885675743041e-03
2.045619157767322900e-03
2.045496439885969610e-03
2.045373732031012266e-03
2.045251034201779963e-03
2.045128346396258689e-03
2.045005668615791552e-03
2.044883000859707214e-03
2.044760343125321192e-03
2.044637695414647065e-03
2.044515057724329444e-03
2.044392430055710572e-03
2.044269812407448639e-03
2.044147204778871876e-03
2.044024607169309810e-03
2.043902019578091103e-03
2.043779442005215757e-03
2.043656874449342395e-03
2.043534316909799246e-03
2.043411769386586745e-03
2.043289231877691743e-03
2.043166704384456051e-03
2.043044186904195182e-03
2.042921679437581343e-03
2.042799181983942763e-03
2.042676694541937198e-03
2.042554217111565516e-03
2.042431749691484607e-03
2.042309292281695339e-03
2.042186844881526374e-03
2.042064407489635469e-03
2.041941980106022625e-03
2.041819562730688275e-03
2.041697155360947934e-03
2.041574757998143846e-03
2.041452370640262429e-03
2.041329993287975889e-03
2.041207625939269778e-03
2.041085268594816302e-03
2.040962921252601446e-03
2.040840583913296549e-03
2.040718256574889332e-03
2.040595939238049397e-03
2.040473631900764900e-03
2.040351334563705876e-03
2.040229047226202290e-03
2.040106769886240127e-03
2.039984502544491159e-03
2.039862245199613143e-03
2.039739997850934742e-03
2.039617760498456389e-03
2.039495533140835842e-03
2.039373315777401763e-03
2.039251108408154586e-03
2.039128911032423407e-03
2.039006723648865548e-03
2.038884546256810974e-03
2.038762378856258384e-03
2.038640221446538173e-03
2.038518074026307234e-03
2.038395936594895094e-03
2.038273809152972224e-03
2.038151691699197250e-03
2.038029584232227496e-03
2.037907486751392924e-03
2.037785399257363139e-03
2.037663321748126293e-03
2.037541254223010617e-03
2.037419196683358785e-03
2.037297149126486313e-03
2.037175111551722297e-03
2.037053083959737207e-03
2.036931066348518764e-03
2.036809058719408778e-03
2.036687061069052725e-03
2.036565073398791115e-03
2.036443095706612100e-03
2.036321127993186153e-03
2.036199170257171464e-03
2.036077222497897563e-03
2.035955284714692243e-03
2.035833356907556808e-03
2.035711439074476808e-03
2.035589531215453545e-03
2.035467633331157055e-03
2.035345745418903722e-03
2.035223867479364450e-03
2.035101999511197430e-03
2.034980141513731324e-03
2.034858293486295228e-03
2.034736455428889142e-03
2.034614627340171258e-03
2.034492809220141141e-03
2.034371001067456983e-03
2.034249202881447879e-03
2.034127414662784735e-03
2.034005636409454403e-03
2.033883868120114641e-03
2.033762109795437222e-03
2.033640361435421276e-03
2.033518623038054526e-03
2.033396894602665199e-03
2.033275176129253296e-03
2.033153467616477875e-03
2.033031769065008539e-03
2.032910080472833444e-03
2.032788401838609912e-03
2.032666733164350658e-03
2.032545074447372497e-03
2.032423425687003658e-03
2.032301786883915478e-03
2.032180158036094812e-03
2.032058539142870754e-03
2.031936930205585981e-03
2.031815331220883369e-03
2.031693742190107330e-03
2.031572163111243414e-03
2.031450593984291623e-03
2.031329034807910581e-03
2.031207485583442097e-03
2.031085946307530782e-03
2.030964416980847974e-03
2.030842897603393239e-03
2.030721388173825203e-03
2.030599888691472527e-03
2.030478399154992536e-03
2.030356919564386530e-03
2.030235449919653209e-03
2.030113990218780293e-03
2.029992540461767782e-03
2.029871100648615243e-03
2.029749670777980866e-03
2.029628250847851940e-03
2.029506840860911647e-03
2.029385440813134562e-03
2.029264050705862927e-03
2.029142670537754066e-03
2.029021300308137508e-03
2.028899940016341483e-03
2.028778589662366856e-03
2.028657249244200048e-03
2.028535918762511964e-03
2.028414598215961227e-03
2.028293287603205597e-03
2.028171986925586447e-03
2.028050696180420161e-03
2.027929415368378077e-03
2.027808144488117085e-03
2.027686883538967581e-03
2.027565632520928699e-03
2.027444391431987292e-03
2.027323160272815131e-03
2.027201939041398202e-03
2.027080727739079616e-03
2.026959526363845358e-03
2.026838334915024957e-03
2.026717153391946642e-03
2.026595981794611281e-03
2.026474820121005292e-03
2.026353668371800448e-03
2.026232526546324977e-03
2.026111394643237071e-03
2.025990272661865391e-03
2.025869160601539033e-03
2.025748058462258430e-03
2.025626966243352679e-03
2.025505883942807766e-03
2.025384811561295895e-03
2.025263749097473958e-03
2.025142696551342388e-03
2.025021653920888037e-03
2.024900621207453583e-03
2.024779598409025012e-03
2.024658585524931852e-03
2.024537582555173670e-03
2.024416589498409091e-03
2.024295606353966777e-03
2.024174633121846294e-03
2.024053669800706268e-03
2.023932716389875795e-03
2.023811772889353572e-03
2.023690839298469997e-03
2.023569915615211490e-03
2.023449001840249388e-03
2.023328097973582824e-03
2.023207204011857278e-03
2.023086319957085894e-03
2.022965445807255527e-03
2.022844581561695273e-03
2.022723727220405131e-03
2.022602882782042425e-03
2.022482048245936685e-03
2.022361223612759249e-03
2.022240408879825632e-03
2.022119604047806305e-03
2.021998809115360327e-03
2.021878024082486829e-03
2.021757248947844438e-03
2.021636483711432720e-03
2.021515728371909432e-03
2.021394982928604103e-03
2.021274247381516734e-03
2.021153521729304649e-03
2.021032805971968282e-03
2.020912100107494919e-03
2.020791404137225935e-03
2.020670718059148618e-03
2.020550041873262533e-03
2.020429375578226307e-03
2.020308719173368600e-03
2.020188072657347171e-03
2.020067436032175600e-03
2.019946809294498498e-03
2.019826192444986769e-03
2.019705585482298171e-03
2.019584988406433138e-03
2.019464401215378523e-03
2.019343823909805231e-03
2.019223256488371452e-03
2.019102698951748091e-03
2.018982151297250664e-03
2.018861613524880038e-03
2.018741085634634912e-03
2.018620567625174778e-03
2.018500059496498335e-03
2.018379561247264208e-03
2.018259072877471964e-03
2.018138594385109324e-03
2.018018125770846757e-03
2.017897667034013361e-03
2.017777218172595987e-03
2.017656779187265541e-03
2.017536350076680647e-03
2.017415930840169101e-03
2.017295521477060864e-03
2.017175121987355504e-03
2.017054732370382551e-03
2.016934352624127989e-03
2.016813982748592686e-03
2.016693622743775775e-03
2.016573272608336315e-03
2.016452932341602534e-03
2.016332601943574433e-03
2.016212281412239297e-03
2.016091970748268031e-03
2.015971669950318394e-03
2.015851379017719481e-03
2.015731097949800387e-03
2.015610826746561113e-03
2.015490565405988511e-03
2.015370313928753054e-03
2.015250072312842894e-03
2.015129840558928069e-03
2.015009618665667204e-03
2.014889406631717190e-03
2.014769204457750231e-03
2.014649012143094990e-03
2.014528829685066549e-03
2.014408657085008450e-03
2.014288494342248489e-03
2.014168341454103048e-03
2.014048198422584840e-03
2.013928065244339344e-03
2.013807941921378838e-03
2.013687828451019707e-03
2.013567724832591044e-03
2.013447631066763756e-03
2.013327547152196032e-03
2.013207473087545198e-03
2.013087408873483024e-03
2.012967354507995497e-03
2.012847309991083918e-03
2.012727275322076081e-03
2.012607250500301516e-03
2.012487235524417981e-03
2.012367230395096813e-03
2.012247235110324866e-03
2.012127249669430802e-03
2.012007274073756430e-03
2.011887308319947661e-03
2.011767352408674533e-03
2.011647406339266576e-03
2.011527470110381546e-03
2.011407543722019877e-03
2.011287627172838460e-03
2.011167720463509501e-03
2.011047823592019418e-03
2.010927936557696874e-03
2.010808059360542736e-03
2.010688191999884800e-03
2.010568334474382123e-03
2.010448486784034271e-03
2.010328648927499004e-03
2.010208820904776320e-03
2.010089002714524412e-03
2.009969194356743278e-03
2.009849395830091111e-03
2.009729607133896138e-03
2.009609828267488324e-03
2.009490059231537704e-03
2.009370300023361096e-03
2.009250550643628969e-03
2.009130811090999082e-03
2.009011081365471435e-03
2.008891361465705086e-03
2.008771651390356926e-03
2.008651951140097858e-03
2.008532260714257847e-03
2.008412580111494216e-03
2.008292909330464723e-03
2.008173248371840705e-03
2.008053597234279921e-03
2.007933955917111900e-03
2.007814324419664436e-03
2.007694702741267927e-03
2.007575090881921504e-03
2.007455488839612456e-03
2.007335896614340347e-03
2.007216314205434709e-03
2.007096741612224202e-03
2.006977178834037923e-03
2.006857625870204533e-03
2.006738082720053561e-03
2.006618549382913671e-03
2.006499025857442619e-03
2.006379512143640839e-03
2.006260008241508332e-03
2.006140514148360178e-03
2.006021029865539488e-03
2.005901555391032681e-03
2.005782090724840191e-03
2.005662635865618909e-03
2.005543190813370135e-03
2.005423755567422098e-03
2.005304330126432989e-03
2.005184914490402807e-03
2.005065508658659783e-03
2.004946112629863407e-03
2.004826726403341475e-03
2.004707349978423082e-03
2.004587983355780000e-03
2.004468626533398214e-03
2.004349279510607255e-03
2.004229942286735785e-03
2.004110614861112898e-03
2.003991297234409934e-03
2.003871989403942407e-03
2.003752691369710751e-03
2.003633403131043194e-03
2.003514124687940604e-03
2.003394856039731643e-03
2.003275597183731827e-03
2.003156348121283830e-03
2.003037108851715882e-03
2.002917879373015270e-03
2.002798659685182427e-03
2.002679449787546015e-03
2.002560249679435130e-03
2.002441059360178001e-03
2.002321878829104590e-03
2.002202708085543559e-03
2.002083547128152233e-03
2.001964395957603251e-03
2.001845254571881297e-03
2.001726122970988540e-03
2.001607001153581870e-03
2.001487889120331758e-03
2.001368786869226358e-03
2.001249694399593899e-03
2.001130611711434380e-03
2.001011538804077332e-03
2.000892475676180077e-03
2.000773422327743051e-03
2.000654378757424010e-03
2.000535344964551616e-03
2.000416320949126737e-03
2.000297306709806697e-03
2.000178302245920157e-03
2.000059307557467986e-03
1.999940322643107508e-03
1.999821347502838721e-03
1.999702382135320252e-03
1.999583426539209424e-03
1.999464480715177576e-03
1.999345544661211126e-03
1.999226618378652752e-03
1.999107701864818402e-03
1.998988795119035870e-03
1.998869898141977797e-03
1.998751010932301505e-03
1.998632133488664319e-03
1.998513265811738011e-03
1.998394407900180338e-03
1.998275559752649057e-03
1.998156721369145038e-03
1.998037892748324735e-03
1.997919073890860354e-03
1.997800264794067412e-03
1.997681465458616811e-03
1.997562675884508986e-03
1.997443896069059453e-03
1.997325126012939114e-03
1.997206365715477501e-03
1.997087615174661032e-03
1.996968874391831950e-03
1.996850143364977542e-03
1.996731422092755132e-03
1.996612710575836058e-03
1.996494008813548982e-03
1.996375316804552529e-03
1.996256634547504457e-03
1.996137962043746140e-03
1.996019299290594396e-03
1.995900646288048357e-03
1.995782003035437551e-03
1.995663369532091076e-03
1.995544745776666688e-03
1.995426131769835291e-03
1.995307527510925983e-03
1.995188932996583807e-03
1.995070348229492380e-03
1.994951773206968086e-03
1.994833207928339586e-03
1.994714652394278219e-03
1.994596106602770837e-03
1.994477570553817008e-03
1.994359044246075355e-03
1.994240527678874542e-03
1.994122020852214135e-03
1.994003523765424529e-03
1.993885036416490845e-03
1.993766558806085287e-03
1.993648090933536083e-03
1.993529632796830955e-03
1.993411184396640373e-03
1.993292745731622528e-03
1.993174316801106516e-03
1.993055897604420566e-03
1.992937488141565978e-03
1.992819088410528305e-03
1.992700698411308848e-03
1.992582318143235401e-03
1.992463947605637928e-03
1.992345586797844657e-03
1.992227235719185117e-03
1.992108894368316632e-03
1.991990562745239637e-03
1.991872240848612322e-03
1.991753928678434253e-03
1.991635626234034527e-03
1.991517333514742673e-03
1.991399050518544243e-03
1.991280777246782780e-03
1.991162513696773367e-03
1.991044259869187340e-03
1.990926015762682459e-03
1.990807781376587385e-03
1.990689556710902985e-03
1.990571341764287017e-03
1.990453136536738613e-03
1.990334941025574591e-03
1.990216755232807663e-03
1.990098579155753777e-03
1.989980412794412935e-03
1.989862256147443328e-03
1.989744109215515859e-03
1.989625971996616949e-03
1.989507844491418369e-03
1.989389726697906539e-03
1.989271618615410554e-03
1.989153520244601753e-03
1.989035431583466990e-03
1.988917352631334491e-03
1.988799283388205125e-03
1.988681223852736650e-03
1.988563174024929065e-03
1.988445133902769224e-03
1.988327103487598935e-03
1.988209082776734582e-03
1.988091071770846634e-03
1.987973070468593718e-03
1.987855078869304060e-03
1.987737096971636287e-03
1.987619124776261736e-03
1.987501162281836865e-03
1.987383209487692069e-03
1.987265266392484672e-03
1.987147332996885580e-03
1.987029409298211608e-03
1.986911495297803698e-03
1.986793590993649137e-03
1.986675696386419696e-03
1.986557811473430024e-03
1.986439936256022797e-03
1.986322070731513963e-03
1.986204214900574860e-03
1.986086368761862814e-03
1.985968532314707352e-03
1.985850705559107608e-03
1.985732888493722641e-03
1.985615081117880678e-03
1.985497283430911249e-03
1.985379495432142583e-03
1.985261717120904643e-03
1.985143948497196560e-03
1.985026189558334285e-03
1.984908440306331397e-03
1.984790700737832508e-03
1.984672970853509390e-03
1.984555250652689402e-03
1.984437540134702509e-03
1.984319839298207336e-03
1.984202148143202581e-03
1.984084466668346869e-03
1.983966794873640201e-03
1.983849132757069429e-03
1.983731480319976797e-03
1.983613837560348724e-03
1.983496204476843400e-03
1.983378581070132166e-03
1.983260967338872343e-03
1.983143363282393896e-03
1.983025768900025052e-03
1.982908184190423570e-03
1.982790609154261221e-03
1.982673043790195329e-03
1.982555488096884085e-03
1.982437942074327490e-03
1.982320405721854639e-03
1.982202879038123724e-03
1.982085362023133877e-03
1.981967854675543723e-03
1.981850356995352828e-03
1.981732868981220252e-03
1.981615390632473356e-03
1.981497921949113439e-03
1.981380462929126923e-03
1.981263013573855616e-03
1.981145573880615900e-03
1.981028143848736437e-03
1.980910723478888566e-03
1.980793312770400515e-03
1.980675911721260004e-03
1.980558520330796130e-03
1.980441138599679362e-03
1.980323766526567893e-03
1.980206404109448575e-03
1.980089051348992314e-03
1.979971708245199542e-03
1.979854374795385775e-03
1.979737050999551013e-03
1.979619736857695690e-03
1.979502432369148034e-03
1.979385137532566671e-03
1.979267852347280695e-03
1.979150576812618335e-03
1.979033310927237783e-03
1.978916054692481715e-03
1.978798808105665646e-03
1.978681571166118237e-03
1.978564343874510828e-03
1.978447126228830271e-03
1.978329918229747471e-03
1.978212719874578810e-03
1.978095531164665664e-03
1.977978352097324415e-03
1.977861182673226401e-03
1.977744022891699850e-03
1.977626872751402955e-03
1.977509732252335280e-03
1.977392601392484982e-03
1.977275480172522529e-03
1.977158368591105247e-03
1.977041266647563099e-03
1.976924174341223878e-03
1.976807091670746645e-03
1.976690018636801435e-03
1.976572955237376403e-03
1.976455901473142020e-03
1.976338857341413801e-03
1.976221822843533989e-03
1.976104797976818966e-03
1.975987782742610107e-03
1.975870777138894266e-03
1.975753781165672310e-03
1.975636794820259754e-03
1.975519818104669312e-03
1.975402851017559174e-03
1.975285893556245724e-03
1.975168945722741241e-03
1.975052007514362107e-03
1.974935078930436985e-03
1.974818159972308550e-03
1.974701250636620546e-03
1.974584350924045179e-03
1.974467460833911111e-03
1.974350580365546570e-03
1.974233709517610614e-03
1.974116848290102810e-03
1.973999996681680916e-03
1.973883154691002690e-03
1.973766322319410807e-03
1.973649499565563025e-03
1.973532686427446198e-03
1.973415882904388987e-03
1.973299088997733635e-03
1.973182304704125620e-03
1.973065530024905884e-03
1.972948764958733919e-03
1.972832009504936653e-03
1.972715263662174010e-03
1.972598527430445125e-03
1.972481800808407754e-03
1.972365083796061899e-03
1.972248376392066183e-03
1.972131678597091077e-03
1.972014990407781193e-03
1.971898311825479207e-03
1.971781642848843309e-03
1.971664983478543971e-03
1.971548333710554466e-03
1.971431693548231050e-03
1.971315062987546995e-03
1.971198442029173641e-03
1.971081830672439649e-03
1.970965228916674115e-03
1.970848636760535229e-03
1.970732054204022560e-03
1.970615481245794297e-03
1.970498917885850441e-03
1.970382364122848749e-03
1.970265819956118318e-03
1.970149285384988676e-03
1.970032760410130295e-03
1.969916245028187785e-03
1.969799739240503823e-03
1.969683243045735731e-03
1.969566756443213041e-03
1.969450279431593943e-03
1.969333812011548474e-03
1.969217354180393450e-03
1.969100905938798909e-03
1.968984467286094813e-03
1.968868038221610259e-03
1.968751618744002570e-03
1.968635208852600408e-03
1.968518808546733303e-03
1.968402417826401688e-03
1.968286036690262454e-03
1.968169665137645997e-03
1.968053303167208775e-03
1.967936950778951654e-03
1.967820607972873767e-03
1.967704274746963702e-03
1.967587951101219725e-03
1.967471637034300894e-03
1.967355332546206342e-03
1.967239037636266032e-03
1.967122752303137722e-03
1.967006476546149640e-03
1.966890210365302219e-03
1.966773953758582747e-03
1.966657706725990790e-03
1.966541469268197253e-03
1.966425241381847613e-03
1.966309023068283247e-03
1.966192814325491874e-03
1.966076615153472627e-03
1.965960425552225940e-03
1.965844245519067762e-03
1.965728075054668997e-03
1.965611914157687837e-03
1.965495762828123848e-03
1.965379621065306125e-03
1.965263488867221957e-03
1.965147366233871342e-03
1.965031253165253847e-03
1.964915149659356760e-03
1.964799055716850984e-03
1.964682971336394277e-03
1.964566896516644831e-03
1.964450831258273550e-03
1.964334775558596816e-03
1.964218729418285101e-03
1.964102692836667066e-03
1.963986665812401770e-03
1.963870648344817442e-03
1.963754640433913647e-03
1.963638642078349445e-03
1.963522653277453064e-03
1.963406674031224503e-03
1.963290704337651484e-03
1.963174744196733140e-03
1.963058793607127660e-03
1.962942852569505951e-03
1.962826921081855299e-03
1.962710999144175704e-03
1.962595086755795828e-03
1.962479183915373428e-03
1.962363290622238469e-03
1.962247406876390082e-03
1.962131532676486458e-03
1.962015668021184923e-03
1.961899812911829018e-03
1.961783967345733393e-03
1.961668131322227143e-03
1.961552304841982040e-03
1.961436487903655407e-03
1.961320680505905436e-03
1.961204882648060789e-03
1.961089094330121900e-03
1.960973315551416997e-03
1.960857546310605572e-03
1.960741786607685892e-03
1.960626036440645675e-03
1.960510295810156262e-03
1.960394564714875408e-03
1.960278843154131777e-03
1.960163131126583125e-03
1.960047428632901226e-03
1.959931735671072497e-03
1.959816052241096940e-03
1.959700378341633180e-03
1.959584713972679915e-03
1.959469059133567542e-03
1.959353413822952951e-03
1.959237778040166106e-03
1.959122151784534801e-03
1.959006535056060337e-03
1.958890927852728267e-03
1.958775330175210796e-03
1.958659742021493910e-03
1.958544163391578476e-03
1.958428594284793156e-03
1.958313034699795709e-03
1.958197484636586133e-03
1.958081944093822621e-03
1.957966413071504739e-03
1.957850891568962449e-03
1.957735379584181305e-03
1.957619877117833512e-03
1.957504384167905922e-03
1.957388900735068139e-03
1.957273426817309186e-03
1.957157962415298665e-03
1.957042507527023429e-03
1.956927062151813442e-03
1.956811626290338741e-03
1.956696199940587046e-03
1.956580783102557924e-03
1.956465375773567324e-03
1.956349977955628826e-03
1.956234589647399755e-03
1.956119210846866963e-03
1.956003841554702222e-03
1.955888481768891518e-03
1.955773131489435719e-03
1.955657790715663053e-03
1.955542459446232145e-03
1.955427137681142128e-03
1.955311825419722965e-03
1.955196522660632413e-03
1.955081229403198700e-03
1.954965945646751791e-03
1.954850671391962155e-03
1.954735406636145742e-03
1.954620151379302551e-03
1.954504905620090341e-03
1.954389669359180882e-03
1.954274442595231066e-03
1.954159225326899951e-03
1.954044017554186670e-03
1.953928819276421185e-03
1.953813630491589484e-03
1.953698451201033373e-03
1.953583281402070104e-03
1.953468121095369280e-03
1.953352970278918622e-03
1.953237828953389033e-03
1.953122697117438489e-03
1.953007574770396085e-03
1.952892461910919362e-03
1.952777358539679441e-03
1.952662264653992705e-03
1.952547180254529842e-03
1.952432105340619513e-03
1.952317039910920343e-03
1.952201983964090091e-03
1.952086937501470347e-03
1.951971900520377062e-03
1.951856873020810885e-03
1.951741855003442721e-03
1.951626846464245843e-03
1.951511847405233398e-03
1.951396857824393106e-03
1.951281877722395005e-03
1.951166907096555910e-03
1.951051945947546292e-03
1.950936994274695031e-03
1.950822052075989414e-03
1.950707119352100343e-03
1.950592196101685579e-03
1.950477282324074649e-03
1.950362378017924878e-03
1.950247483183907386e-03
1.950132597819338775e-03
1.950017721925559984e-03
1.949902855500558951e-03
1.949787998544335026e-03
1.949673151055546618e-03
1.949558313033522387e-03
1.949443484478262118e-03
1.949328665387753314e-03
1.949213855762666880e-03
1.949099055600989451e-03
1.948984264902721029e-03
1.948869483667191142e-03
1.948754711893728019e-03
1.948639949580990285e-03
1.948525196728977723e-03
1.948410453336347657e-03
1.948295719402430050e-03
1.948180994926553347e-03
1.948066279908717766e-03
1.947951574347580629e-03
1.947836878242471901e-03
1.947722191592049122e-03
1.947607514396982979e-03
1.947492846654589856e-03
1.947378188366211561e-03
1.947263539529834947e-03
1.947148900144789327e-03
1.947034270211074267e-03
1.946919649727348175e-03
1.946805038692939714e-03
1.946690437107849317e-03
1.946575844970063187e-03
1.946461262278910854e-03
1.946346689035063004e-03
1.946232125236506925e-03
1.946117570883242401e-03
1.946003025974598309e-03
1.945888490509233059e-03
1.945773964486475095e-03
1.945659447906324634e-03
1.945544940766768746e-03
1.945430443068478336e-03
1.945315954810111596e-03
1.945201475990325632e-03
1.945087006609121528e-03
1.944972546665827730e-03
1.944858096159773116e-03
1.944743655089615879e-03
1.944629223455356234e-03
1.944514801254980602e-03
1.944400388489160103e-03
1.944285985156552930e-03
1.944171591256487960e-03
1.944057206788294290e-03
1.943942831751300582e-03
1.943828466144836365e-03
1.943714109967558746e-03
1.943599763220139713e-03
1.943485425899894566e-03
1.943371098007494208e-03
1.943256779541597049e-03
1.943142470501531749e-03
1.943028170887298742e-03
1.942913880697555787e-03
1.942799599930960424e-03
1.942685328587512653e-03
1.942571066667213558e-03
1.942456814167377787e-03
1.942342571088676896e-03
1.942228337430439980e-03
1.942114113191324796e-03
1.941999898371331345e-03
1.941885692969117600e-03
1.941771496983341538e-03
1.941657310414674495e-03
1.941543133261102892e-03
1.941428965522626728e-03
1.941314807199246871e-03
1.941200658288949089e-03
1.941086518790391792e-03
1.940972388705588126e-03
1.940858268031183135e-03
1.940744156766505699e-03
1.940630054912897626e-03
1.940515962468346419e-03
1.940401879431509187e-03
1.940287805802386363e-03
1.940173741580978380e-03
1.940059686764600321e-03
1.939945641353923739e-03
1.939831605348277515e-03
1.939717578746319622e-03
1.939603561548050061e-03
1.939489553752126588e-03
1.939375555357878735e-03
1.939261566363963823e-03
1.939147586771052976e-03
1.939033616577133480e-03
1.938919655782876238e-03
1.938805704385596768e-03
1.938691762386637743e-03
1.938577829783985802e-03
1.938463906576969606e-03
1.938349992764918468e-03
1.938236088347832604e-03
1.938122193323698434e-03
1.938008307693187731e-03
1.937894431454286479e-03
1.937780564606995546e-03
1.937666707150642945e-03
1.937552859083887516e-03
1.937439020406729042e-03
1.937325191117825283e-03
1.937211371217176670e-03
1.937097560702769191e-03
1.936983759575274834e-03
1.936869967832680018e-03
1.936756185475656299e-03
1.936642412502190096e-03
1.936528648912281408e-03
1.936414894704588212e-03
1.936301149879781844e-03
1.936187414435178254e-03
1.936073688371447912e-03
1.935959971687249443e-03
1.935846264381911076e-03
1.935732566454762774e-03
1.935618877905132549e-03
1.935505198732349712e-03
1.935391528935072672e-03
1.935277868513300562e-03
1.935164217465692440e-03
1.935050575792247223e-03
1.934936943492294439e-03
1.934823320564492063e-03
1.934709707007498071e-03
1.934596102821983148e-03
1.934482508005934583e-03
1.934368922559351941e-03
1.934255346481564969e-03
1.934141779771901895e-03
1.934028222429021128e-03
1.933914674452922233e-03
1.933801135841592715e-03
1.933687606596373948e-03
1.933574086714582750e-03
1.933460576196218252e-03
1.933347075041280888e-03
1.933233583247757296e-03
1.933120100814977003e-03
1.933006627742939578e-03
1.932893164030974114e-03
1.932779709677738371e-03
1.932666264683232347e-03
1.932552829046114669e-03
1.932439402765713347e-03
1.932325985841358345e-03
1.932212578271706553e-03
1.932099180057429959e-03
1.931985791197186105e-03
1.931872411688961627e-03
1.931759041534099200e-03
1.931645680729913907e-03
1.931532329277748858e-03
1.931418987174919133e-03
1.931305654421425384e-03
1.931192331017266743e-03
1.931079016960430715e-03
1.930965712251588419e-03
1.930852416888726494e-03
1.930739130871174250e-03
1.930625854198931256e-03
1.930512586870655701e-03
1.930399328886347804e-03
1.930286080243993983e-03
1.930172840944936481e-03
1.930059610986491897e-03
1.929946390367988027e-03
1.929833179090096858e-03
1.929719977150804594e-03
1.929606784550111885e-03
1.929493601287347393e-03
1.929380427360497972e-03
1.929267262770234742e-03
1.929154107515886800e-03
1.929040961595440999e-03
1.928927825008226217e-03
1.928814697754913576e-03
1.928701579834831738e-03
1.928588471244626398e-03
1.928475371986309618e-03
1.928362282057869120e-03
1.928249201459975590e-03
1.928136130189944978e-03
1.928023068247777284e-03
1.927910015632801387e-03
1.927796972344346599e-03
1.927683938381741582e-03
1.927570913743644311e-03
1.927457898430726124e-03
1.927344892440302536e-03
1.927231895773044669e-03
1.927118908428281617e-03
1.927005930404000235e-03
1.926892961700871643e-03
1.926780002317553600e-03
1.926667052252704296e-03
1.926554111506323516e-03
1.926441180078411258e-03
1.926328257966283906e-03
1.926215345171283051e-03
1.926102441690724426e-03
1.925989547525279585e-03
1.925876662673606287e-03
1.925763787135033192e-03
1.925650920908889615e-03
1.925538063993833529e-03
1.925425216390535838e-03
1.925312378096312709e-03
1.925199549112505517e-03
1.925086729437101981e-03
1.924973919070101670e-03
1.924861118008820531e-03
1.924748326255942832e-03
1.924635543807442064e-03
1.924522770664660902e-03
1.924410006825585766e-03
1.924297252290216873e-03
1.924184507057211764e-03
1.924071771127241993e-03
1.923959044497623293e-03
1.923846327169026786e-03
1.923733619139439324e-03
1.923620920409531811e-03
1.923508230977962223e-03
1.923395550844059654e-03
1.923282880006482081e-03
1.923170218465229502e-03
1.923057566218959891e-03
1.922944923267672817e-03
1.922832289610026902e-03
1.922719665246021715e-03
1.922607050173644541e-03
1.922494444393566069e-03
1.922381847903773151e-03
1.922269260704266222e-03
1.922156682793703039e-03
1.922044114172754290e-03
1.921931554838736357e-03
1.921819004792320144e-03
1.921706464032834315e-03
1.921593932558266372e-03
1.921481410368615882e-03
1.921368897463882845e-03
1.921256393842054764e-03
1.921143899503130774e-03
1.921031414445769497e-03
1.920918938669970502e-03
1.920806472175062883e-03
1.920694014959034145e-03
1.920581567022554541e-03
1.920469128363611142e-03
1.920356698982875285e-03
1.920244278878333825e-03
1.920131868049986326e-03
1.920019466497162536e-03
1.919907074218519779e-03
1.919794691214058270e-03
1.919682317482435986e-03
1.919569953022310684e-03
1.919457597834353700e-03
1.919345251917223012e-03
1.919232915270247496e-03
1.919120587893426936e-03
1.919008269784077281e-03
1.918895960942869870e-03
1.918783661368462460e-03
1.918671371060184146e-03
1.918559090018034496e-03
1.918446818240672133e-03
1.918334555727425504e-03
1.918222302477623920e-03
1.918110058489925140e-03
1.917997823765000068e-03
1.917885598300165086e-03
1.917773382096090882e-03
1.917661175151435214e-03
1.917548977466198516e-03
1.917436789038367640e-03
1.917324609868613274e-03
1.917212439955593827e-03
1.917100279297967056e-03
1.916988127895732745e-03
1.916875985748220206e-03
1.916763852854087196e-03
1.916651729212662594e-03
1.916539614823275714e-03
1.916427509685926555e-03
1.916315413799272657e-03
1.916203327162643551e-03
1.916091249774696560e-03
1.915979181635432335e-03
1.915867122744179538e-03
1.915755073098924805e-03
1.915643032701010379e-03
1.915531001547752426e-03
1.915418979639822283e-03
1.915306966975877058e-03
1.915194963554574942e-03
1.915082969375916369e-03
1.914970984439229784e-03
1.914859008743844716e-03
1.914747042288418490e-03
1.914635085072280635e-03
1.914523137094759596e-03
1.914411198356527144e-03
1.914299268854227458e-03
1.914187348589202996e-03
1.914075437559440394e-03
1.913963535764940087e-03
1.913851643205030737e-03
1.913739759878370318e-03
1.913627885784287708e-03
1.913516020922112221e-03
1.913404165291843206e-03
1.913292318892139505e-03
1.913180481721658659e-03
1.913068653781071571e-03
1.912956835067694192e-03
1.912845025582868763e-03
1.912733225324582138e-03
1.912621434292834099e-03
1.912509652485611935e-03
1.912397879903586333e-03
1.912286116544744145e-03
1.912174362409086240e-03
1.912062617496611315e-03
1.911950881805307527e-03
1.911839155334503102e-03
1.911727438084198042e-03
1.911615730052379633e-03
1.911504031240389900e-03
1.911392341645544359e-03
1.911280661268514565e-03
1.911168990107287155e-03
1.911057328161861911e-03
1.910945675431568362e-03
1.910834031915064051e-03
1.910722397611677855e-03
1.910610772521410426e-03
1.910499156642919086e-03
1.910387549976203837e-03
1.910275952518581278e-03
1.910164364271392783e-03
1.910052785233296328e-03
1.909941215402950103e-03
1.909829654779682988e-03
1.909718103363495199e-03
1.909606561153715399e-03
1.909495028148330440e-03
1.909383504348011878e-03
1.909271989750746350e-03
1.909160484356533637e-03
1.909048988164703271e-03
1.908937501174583478e-03
1.908826023384832885e-03
1.908714554794780152e-03
1.908603095404425281e-03
1.908491645211755124e-03
1.908380204217441237e-03
1.908268772420140726e-03
1.908157349818512217e-03
1.908045936412555493e-03
1.907934532201599649e-03
1.907823137183631539e-03
1.907711751359992972e-03
1.907600374728671017e-03
1.907489007288324084e-03
1.907377649039622425e-03
1.907266299981224666e-03
1.907154960111788347e-03
1.907043629430642349e-03
1.906932307938458441e-03
1.906820995633222828e-03
1.906709692514264387e-03
1.906598398580912866e-03
1.906487113833167614e-03
1.906375838269015917e-03
1.906264571888457559e-03
1.906153314690821636e-03
1.906042066674765905e-03
1.905930827840961704e-03
1.905819598186724549e-03
1.905708377712054874e-03
1.905597166416952678e-03
1.905485964299404381e-03
1.905374771360081538e-03
1.905263587596970785e-03
1.905152413010743244e-03
1.905041247598714864e-03
1.904930091361556549e-03
1.904818944298597178e-03
1.904707806407824038e-03
1.904596677689237129e-03
1.904485558142836018e-03
1.904374447766607990e-03
1.904263346561223952e-03
1.904152254523999851e-03
1.904041171656277714e-03
1.903930097955373489e-03
1.903819033422629202e-03
1.903707978054689897e-03
1.903596931853568071e-03
1.903485894816580540e-03
1.903374866943726438e-03
1.903263848234335509e-03
1.903152838687064861e-03
1.903041838301914928e-03
1.902930847076873214e-03
1.902819865013280660e-03
1.902708892108454083e-03
1.902597928362393049e-03
1.902486973774426653e-03
1.902376028343883557e-03
1.902265092070093509e-03
1.902154164951713831e-03
1.902043246988744307e-03
1.901932338179172875e-03
1.901821438523669571e-03
1.901710548021563708e-03
1.901599666670842357e-03
1.901488794470834178e-03
1.901377931422210728e-03
1.901267077522287305e-03
1.901156232772406585e-03
1.901045397170554986e-03
1.900934570716061606e-03
1.900823753408255323e-03
1.900712945247136571e-03
1.900602146230020864e-03
1.900491356358921568e-03
1.900380575629812387e-03
1.900269804045376940e-03
1.900159041602261139e-03
1.900048288301135237e-03
1.899937544140657426e-03
1.899826809119485246e-03
1.899716083238290904e-03
1.899605366495731073e-03
1.899494658890463943e-03
1.899383960422490383e-03
1.899273271090467282e-03
1.899162590894395292e-03
1.899051919832261265e-03
1.898941257905406793e-03
1.898830605111148477e-03
1.898719961449485882e-03
1.898609326919076983e-03
1.898498701519921996e-03
1.898388085251349585e-03
1.898277478112017939e-03
1.898166880101927276e-03
1.898056291219064017e-03
1.897945711463428376e-03
1.897835140835020355e-03
1.897724579331827024e-03
1.897614026953848383e-03
1.897503483699741972e-03
1.897392949569508226e-03
1.897282424562476023e-03
1.897171908676632433e-03
1.897061401911977240e-03
1.896950904268510443e-03
1.896840415744218897e-03
1.896729936339103034e-03
1.896619466052491300e-03
1.896509004883042103e-03
1.896398552830084105e-03
1.896288109893617523e-03
1.896177676072299898e-03
1.896067251365460976e-03
1.895956835771757864e-03
1.895846429291862334e-03
1.895736031923760589e-03
1.895625643666782158e-03
1.895515264520926824e-03
1.895404894485523684e-03
1.895294533558559589e-03
1.895184181740705662e-03
1.895073839029948540e-03
1.894963505426288655e-03
1.894853180929054670e-03
1.894742865537240011e-03
1.894632559249838540e-03
1.894522262066850038e-03
1.894411973986932264e-03
1.894301695009414531e-03
1.894191425133625283e-03
1.894081164358558814e-03
1.893970912684214258e-03
1.893860670108914570e-03
1.893750436631988629e-03
1.893640212253436652e-03
1.893529996972251848e-03
1.893419790787091977e-03
1.893309593697957253e-03
1.893199405703505870e-03
1.893089226803402157e-03
1.892979056996639108e-03
1.892868896282881921e-03
1.892758744660453119e-03
1.892648602129351834e-03
1.892538468688907596e-03
1.892428344338114264e-03
1.892318229075964399e-03
1.892208122902458867e-03
1.892098025815919324e-03
1.891987937816346421e-03
1.891877858902397697e-03
1.891767789073737702e-03
1.891657728329695747e-03
1.891547676668929590e-03
1.891437634091103562e-03
1.891327600595546976e-03
1.891217576181252824e-03
1.891107560847886089e-03
1.890997554594104312e-03
1.890887557419908141e-03
1.890777569323619017e-03
1.890667590304902354e-03
1.890557620363422049e-03
1.890447659497836511e-03
1.890337707707809636e-03
1.890227764992000268e-03
1.890117831350742990e-03
1.890007906782025307e-03
1.889897991285846785e-03
1.889788084861201501e-03
1.889678187507753786e-03
1.889568299223825295e-03
1.889458420009417329e-03
1.889348549863857467e-03
1.889238688786140652e-03
1.889128836775259227e-03
1.889018993831213626e-03
1.888909159951990486e-03
1.888799335137925474e-03
1.888689519388012670e-03
1.888579712701580300e-03
1.888469915077621792e-03
1.888360126515466458e-03
1.888250347014107941e-03
1.888140576573210140e-03
1.888030815192102800e-03
1.887921062869778481e-03
1.887811319605231476e-03
1.887701585397790665e-03
1.887591860247455179e-03
1.887482144152548627e-03
1.887372437112734688e-03
1.887262739127342675e-03
1.887153050195030345e-03
1.887043370316133584e-03
1.886933699488974481e-03
1.886824037713217585e-03
1.886714384987856754e-03
1.886604741312220435e-03
1.886495106685637723e-03
1.886385481107102262e-03
1.886275864576278383e-03
1.886166257092159728e-03
1.886056658654410847e-03
1.885947069261353828e-03
1.885837488912988887e-03
1.885727917608309451e-03
1.885618355346644617e-03
1.885508802127323046e-03
1.885399257949674483e-03
1.885289722812020586e-03
1.885180196714696587e-03
1.885070679657032885e-03
1.884961171637350484e-03
1.884851672655314366e-03
1.884742182710589294e-03
1.884632701801832811e-03
1.884523229928374444e-03
1.884413767089878093e-03
1.884304313285337399e-03
1.884194868513410772e-03
1.884085432774433013e-03
1.883976006067062531e-03
1.883866588390627986e-03
1.883757179744123241e-03
1.883647780127548077e-03
1.883538389539225017e-03
1.883429007978818176e-03
1.883319635445657083e-03
1.883210271938399495e-03
1.883100917457381082e-03
1.882991572001259384e-03
1.882882235569027828e-03
1.882772908160016160e-03
1.882663589773888061e-03
1.882554280409637609e-03
1.882444980066593247e-03
1.882335688743748620e-03
1.882226406440432823e-03
1.882117133155974953e-03
1.882007868889703887e-03
1.881898613640612620e-03
1.881789367408366132e-03
1.881680130191622615e-03
1.881570901990046183e-03
1.881461682802965715e-03
1.881352472629374854e-03
1.881243271468937932e-03
1.881134079319977904e-03
1.881024896182829573e-03
1.880915722055815894e-03
1.880806556938601198e-03
1.880697400830849816e-03
1.880588253730884488e-03
1.880479115638705213e-03
1.880369986553304985e-03
1.880260866474013116e-03
1.880151755399487798e-03
1.880042653330064265e-03
1.879933560264400276e-03
1.879824476201489691e-03
1.879715401140996840e-03
1.879606335081579916e-03
1.879497278023238484e-03
1.879388229964630737e-03
1.879279190905421004e-03
1.879170160844603147e-03
1.879061139781505827e-03
1.878952127715457924e-03
1.878843124645788532e-03
1.878734130571491296e-03
1.878625145491895311e-03
1.878516169405993353e-03
1.878407202313450404e-03
1.878298244213260108e-03
1.878189295105086578e-03
1.878080354987252554e-03
1.877971423859757820e-03
1.877862501721931469e-03
1.877753588572431045e-03
1.877644684411257630e-03
1.877535789237067898e-03
1.877426903049191596e-03
1.877318025846957603e-03
1.877209157629694579e-03
1.877100298396060934e-03
1.876991448146391904e-03
1.876882606879009792e-03
1.876773774593579582e-03
1.876664951289429718e-03
1.876556136965218391e-03
1.876447331621281054e-03
1.876338535255604994e-03
1.876229747868189560e-03
1.876120969458028830e-03
1.876012200024451898e-03
1.875903439566786778e-03
1.875794688084027545e-03
1.875685945575839182e-03
1.875577212040878796e-03
1.875468487479146603e-03
1.875359771888629890e-03
1.875251065269999563e-03
1.875142367621913161e-03
1.875033678943364762e-03
1.874924999234353715e-03
1.874816328493203411e-03
1.874707666719241644e-03
1.874599013912469280e-03
1.874490370071544079e-03
1.874381735196130371e-03
1.874273109284886347e-03
1.874164492337140669e-03
1.874055884352893338e-03
1.873947285330467743e-03
1.873838695269526696e-03
1.873730114169736049e-03
1.873621542029417671e-03
1.873512978848571996e-03
1.873404424625856350e-03
1.873295879360935712e-03
1.873187343053138963e-03
1.873078815701459312e-03
1.872970297304890619e-03
1.872861787863432234e-03
1.872753287375071877e-03
1.872644795840480237e-03
1.872536313258315504e-03
1.872427839627570454e-03
1.872319374948245739e-03
1.872210919218328211e-03
1.872102472437817654e-03
1.871994034606378615e-03
1.871885605722333834e-03
1.871777185785682878e-03
1.871668774795419389e-03
1.871560372750537011e-03
1.871451979650364406e-03
1.871343595494566556e-03
1.871235220282136021e-03
1.871126854011731858e-03
1.871018496683688869e-03
1.870910148295994125e-03
1.870801808849318747e-03
1.870693478341649589e-03
1.870585156773322318e-03
1.870476844142994694e-03
1.870368540449324690e-03
1.870260245692312523e-03
1.870151959871622525e-03
1.870043682985577001e-03
1.869935415033505046e-03
1.869827156015071209e-03
1.869718905929604802e-03
1.869610664775762932e-03
1.869502432553210797e-03
1.869394209261612729e-03
1.869285994898955364e-03
1.869177789465910258e-03
1.869069592960799497e-03
1.868961405382951963e-03
1.868853226731696749e-03
1.868745057006698622e-03
1.868636896206615121e-03
1.868528744330775343e-03
1.868420601379179721e-03
1.868312467349814675e-03
1.868204342243015657e-03
1.868096226057441075e-03
1.867988118792755260e-03
1.867880020447615971e-03
1.867771931021687754e-03
1.867663850514299706e-03
1.867555778924110017e-03
1.867447716251117822e-03
1.867339662493981960e-03
1.867231617652366548e-03
1.867123581724929775e-03
1.867015554711671426e-03
1.866907536611584709e-03
1.866799527423328468e-03
1.866691527146901834e-03
1.866583535780962999e-03
1.866475553325847633e-03
1.866367579779206918e-03
1.866259615141376959e-03
1.866151659411350531e-03
1.866043712588121061e-03
1.865935774671353530e-03
1.865827845660041149e-03
1.865719925553513013e-03
1.865612014350762548e-03
1.865504112051118851e-03
1.865396218654246253e-03
1.865288334158802727e-03
1.865180458564788058e-03
1.865072591870525201e-03
1.864964734075678053e-03
1.864856885179911597e-03
1.864749045181548137e-03
1.864641214080922909e-03
1.864533391876358869e-03
1.864425578567520348e-03
1.864317774153400340e-03
1.864209978633664042e-03
1.864102192006968561e-03
1.863994414273314765e-03
1.863886645431360196e-03
1.863778885480433948e-03
1.863671134419864466e-03
1.863563392248981931e-03
1.863455658966778686e-03
1.863347934572584259e-03
1.863240219066062547e-03
1.863132512445872177e-03
1.863024814711342243e-03
1.862917125862136643e-03
1.862809445897248804e-03
1.862701774815672803e-03
1.862594112617072754e-03
1.862486459300442300e-03
1.862378814864774652e-03
1.862271179310070026e-03
1.862163552634986180e-03
1.862055934838851992e-03
1.861948325920997210e-03
1.861840725880414393e-03
1.861733134716768521e-03
1.861625552429052805e-03
1.861517979016260888e-03
1.861410414478392771e-03
1.861302858814106427e-03
1.861195312022730737e-03
1.861087774103258909e-03
1.860980245055355925e-03
1.860872724878350881e-03
1.860765213571236336e-03
1.860657711133006584e-03
1.860550217563326390e-03
1.860442732860852644e-03
1.860335257025585998e-03
1.860227790056855329e-03
1.860120331952983160e-03
1.860012882713969491e-03
1.859905442338807748e-03
1.859798010826491143e-03
1.859690588176349203e-03
1.859583174388381279e-03
1.859475769460910326e-03
1.859368373393265441e-03
1.859260986185110520e-03
1.859153607835774659e-03
1.859046238343580598e-03
1.858938877709199675e-03
1.858831525930618091e-03
1.858724183007500396e-03
1.858616848939176119e-03
1.858509523725309373e-03
1.858402207364222682e-03
1.858294899855580809e-03
1.858187601199047653e-03
1.858080311393281838e-03
1.857973030437947044e-03
1.857865758331701898e-03
1.857758495074210512e-03
1.857651240664802200e-03
1.857543995102470605e-03
1.857436758386879407e-03
1.857329530516687232e-03
1.857222311491222742e-03
1.857115101310150701e-03
1.857007899972464319e-03
1.856900707477157240e-03
1.856793523823893795e-03
1.856686349012003079e-03
1.856579183040478519e-03
1.856472025908313759e-03
1.856364877615172913e-03
1.856257738159714388e-03
1.856150607541937753e-03
1.856043485760836649e-03
1.855936372815404720e-03
1.855829268704970846e-03
1.855722173428863689e-03
1.855615086986412776e-03
1.855508009376611103e-03
1.855400940598787981e-03
1.855293880652607308e-03
1.855186829536392256e-03
1.855079787250478278e-03
1.854972753793187462e-03
1.854865729164184357e-03
1.854758713362798274e-03
1.854651706388357659e-03
1.854544708239520921e-03
1.854437718916287624e-03
1.854330738416980944e-03
1.854223766741600011e-03
1.854116803889138904e-03
1.854009849858926501e-03
1.853902904649955578e-03
1.853795968261891768e-03
1.853689040693727846e-03
1.853582121944793125e-03
1.853475212014080815e-03
1.853368310900919795e-03
1.853261418604639377e-03
1.853154535124568224e-03
1.853047660460035431e-03
1.852940794610034641e-03
1.852833937573894734e-03
1.852727089350273250e-03
1.852620249939506509e-03
1.852513419340251835e-03
1.852406597552173776e-03
1.852299784573595287e-03
1.852192980404180267e-03
1.852086185043593262e-03
1.851979398490828351e-03
1.851872620745549213e-03
1.851765851805743570e-03
1.851659091672081458e-03
1.851552340342550815e-03
1.851445597817486443e-03
1.851338864095546750e-03
1.851232139175725162e-03
1.851125423058021030e-03
1.851018715741428863e-03
1.850912017224605986e-03
1.850805327507216947e-03
1.850698646588926294e-03
1.850591974468391784e-03
1.850485311144942947e-03
1.850378656618243463e-03
1.850272010886616723e-03
1.850165373950061858e-03
1.850058745807908614e-03
1.849952126459149552e-03
1.849845515902778965e-03
1.849738914138125516e-03
1.849632321165188987e-03
1.849525736981957099e-03
1.849419161588764220e-03
1.849312594984269193e-03
1.849206037167465226e-03
1.849099488138687556e-03
1.848992947895923469e-03
1.848886416439173182e-03
1.848779893767429254e-03
1.848673379880021433e-03
1.848566874775943360e-03
1.848460378455194170e-03
1.848353890915761365e-03
1.848247412157980616e-03
1.848140942180845131e-03
1.848034480983012885e-03
1.847928028564483878e-03
1.847821584923916302e-03
1.847715150060974271e-03
1.847608723974651212e-03
1.847502306664276436e-03
1.847395898129514276e-03
1.847289498368687470e-03
1.847183107381459698e-03
1.847076725167832046e-03
1.846970351725790715e-03
1.846863987055335924e-03
1.846757631155125428e-03
1.846651284025159663e-03
1.846544945664096169e-03
1.846438616071935162e-03
1.846332295246663497e-03
1.846225983188616842e-03
1.846119679897123859e-03
1.846013385370507288e-03
1.845907099608431676e-03
1.845800822609890233e-03
1.845694554374882959e-03
1.845588294902067829e-03
1.845482044190774155e-03
1.845375802239994714e-03
1.845269569049730373e-03
1.845163344618638455e-03
1.845057128945712822e-03
1.844950922030953039e-03
1.844844723872682063e-03
1.844738534471234695e-03
1.844632353824934325e-03
1.844526181933444633e-03
1.844420018796094933e-03
1.844313864411543415e-03
1.844207718779789862e-03
1.844101581899492033e-03
1.843995453770314692e-03
1.843889334391250832e-03
1.843783223761630199e-03
1.843677121880445569e-03
1.843571028747361925e-03
1.843464944361707927e-03
1.843358868721806099e-03
1.843252801827991892e-03
1.843146743678923715e-03
1.843040694274265465e-03
1.842934653612340098e-03
1.842828621693482416e-03
1.842722598516015591e-03
1.842616584079939191e-03
1.842510578384247075e-03
1.842404581427932236e-03
1.842298593210323987e-03
1.842192613731422329e-03
1.842086642989214113e-03
1.841980680983698907e-03
1.841874727713535553e-03
1.841768783179058852e-03
1.841662847378591544e-03
1.841556920311462290e-03
1.841451001977336289e-03
1.841345092374871081e-03
1.841239191503730782e-03
1.841133299363244703e-03
1.841027415952071252e-03
1.840921541270209563e-03
1.840815675316653929e-03
1.840709818090061674e-03
1.840603969590768252e-03
1.840498129817096833e-03
1.840392298768375864e-03
1.840286476444269893e-03
1.840180662843437110e-03
1.840074857965877083e-03
1.839969061810248219e-03
1.839863274376214632e-03
1.839757495662770184e-03
1.839651725668908083e-03
1.839545964394292445e-03
1.839440211838253014e-03
1.839334467999447550e-03
1.839228732877540165e-03
1.839123006471524721e-03
1.839017288781400784e-03
1.838911579805156075e-03
1.838805879543125178e-03
1.838700187993966284e-03
1.838594505157008924e-03
1.838488831031581758e-03
1.838383165617013234e-03
1.838277508912297426e-03
1.838171860917099101e-03
1.838066221630075365e-03
1.837960591050891417e-03
1.837854969178875919e-03
1.837749356012686845e-03
1.837643751552324196e-03
1.837538155796445945e-03
1.837432568744381189e-03
1.837326990395458806e-03
1.837221420749343345e-03
1.837115859804692346e-03
1.837010307560835772e-03
1.836904764017101635e-03
1.836799229172819247e-03
1.836693703027317487e-03
1.836588185579589999e-03
1.836482676828965878e-03
1.836377176774773787e-03
1.836271685415671699e-03
1.836166202751995501e-03
1.836060728782402517e-03
1.835955263505551372e-03
1.835849806921777301e-03
1.835744359029738279e-03
1.835638919828762967e-03
1.835533489317845443e-03
1.835428067496649822e-03
1.835322654364169312e-03
1.835217249919733661e-03
1.835111854162671096e-03
1.835006467091640026e-03
1.834901088706640234e-03
1.834795719007000815e-03
1.834690357991044293e-03
1.834585005658434563e-03
1.834479662009172278e-03
1.834374327041244290e-03
1.834269000755321503e-03
1.834163683148719868e-03
1.834058374222445956e-03
1.833953073975157309e-03
1.833847782405848004e-03
1.833742499514182589e-03
1.833637225298818171e-03
1.833531959759420165e-03
1.833426702895317017e-03
1.833321454705502370e-03
1.833216215189305102e-03
1.833110984346054528e-03
1.833005762174743421e-03
1.832900548674701313e-03
1.832795343845257082e-03
1.832690147685740040e-03
1.832584960195142963e-03
1.832479781373130400e-03
1.832374611218696644e-03
1.832269449730834473e-03
1.832164296908872763e-03
1.832059152752476498e-03
1.831954017260638669e-03
1.831848890432017903e-03
1.831743772266949000e-03
1.831638662764090153e-03
1.831533561922770456e-03
1.831428469741647668e-03
1.831323386221057458e-03
1.831218311358987112e-03
1.831113245156106668e-03
1.831008187610739515e-03
1.830903138721878647e-03
1.830798098489859731e-03
1.830693066913005292e-03
1.830588043990644207e-03
1.830483029722440591e-03
1.830378024107388955e-03
1.830273027144146188e-03
1.830168038833048178e-03
1.830063059172752898e-03
1.829958088162589444e-03
1.829853125802221930e-03
1.829748172089973313e-03
1.829643227025172470e-03
1.829538290608154639e-03
1.829433362837242340e-03
1.829328443711764670e-03
1.829223533231050291e-03
1.829118631394764183e-03
1.829013738201228654e-03
1.828908853650778937e-03
1.828803977741737773e-03
1.828699110474104944e-03
1.828594251846538642e-03
1.828489401858367745e-03
1.828384560508920917e-03
1.828279727797527685e-03
1.828174903723516712e-03
1.828070088285881859e-03
1.827965281483951354e-03
1.827860483317054726e-03
1.827755693784520854e-03
1.827650912885007495e-03
1.827546140618179415e-03
1.827441376983700945e-03
1.827336621980230275e-03
1.827231875607096068e-03
1.827127137863627420e-03
1.827022408749488661e-03
1.826917688263002748e-03
1.826812976403833578e-03
1.826708273171645915e-03
1.826603578565097951e-03
1.826498892583853801e-03
1.826394215226571438e-03
1.826289546493250864e-03
1.826184886382550485e-03
1.826080234894134416e-03
1.825975592026996084e-03
1.825870957780128916e-03
1.825766332153197676e-03
1.825661715145866695e-03
1.825557106756122826e-03
1.825452506984301523e-03
1.825347915829060976e-03
1.825243333290065733e-03
1.825138759366309220e-03
1.825034194056784432e-03
1.824929637361156348e-03
1.824825089278418397e-03
1.824720549808234909e-03
1.824616018949599744e-03
1.824511496701170226e-03
1.824406983062946790e-03
1.824302478033922644e-03
1.824197981613427102e-03
1.824093493800453374e-03
1.823989014594665789e-03
1.823884543995058427e-03
1.823780082000624062e-03
1.823675628611027893e-03
1.823571183824926811e-03
1.823466747642322116e-03
1.823362320062206585e-03
1.823257901083573428e-03
1.823153490705751957e-03
1.823049088928071484e-03
1.822944695749860455e-03
1.822840311170112297e-03
1.822735935188156539e-03
1.822631567803657295e-03
1.822527209014937087e-03
1.822422858822331151e-03
1.822318517224498112e-03
1.822214184220095077e-03
1.822109859809458365e-03
1.822005543991245084e-03
1.821901236765120649e-03
1.821796938129742601e-03
1.821692648084775271e-03
1.821588366629212086e-03
1.821484093762382140e-03
1.821379829483614965e-03
1.821275573791903118e-03
1.821171326687247034e-03
1.821067088167969451e-03
1.820962858233398816e-03
1.820858636883199893e-03
1.820754424116701560e-03
1.820650219932561792e-03
1.820546024330445137e-03
1.820441837309345022e-03
1.820337658869261447e-03
1.820233489008516933e-03
1.820129327726775596e-03
1.820025175022696277e-03
1.819921030896277893e-03
1.819816895346850188e-03
1.819712768372735686e-03
1.819608649974268754e-03
1.819504540149773433e-03
1.819400438899583874e-03
1.819296346221688015e-03
1.819192262115749753e-03
1.819088186581433852e-03
1.818984119617733522e-03
1.818880061223642408e-03
1.818776011398825273e-03
1.818671970142274677e-03
1.818567937452985131e-03
1.818463913330956418e-03
1.818359897774510410e-03
1.818255890783647541e-03
1.818151892357361453e-03
1.818047902494645141e-03
1.817943921194827700e-03
1.817839948457909563e-03
1.817735984281876934e-03
1.817632028666730463e-03
1.817528081611799028e-03
1.817424143115740388e-03
1.817320213178554326e-03
1.817216291798564014e-03
1.817112378976104038e-03
1.817008474709497570e-03
1.816904578998073706e-03
1.816800691841831579e-03
1.816696813239429813e-03
1.816592943190197288e-03
1.816489081693462666e-03
1.816385228748219807e-03
1.816281384353462354e-03
1.816177548509525109e-03
1.816073721214731028e-03
1.815969902468744877e-03
1.815866092270223978e-03
1.815762290619168332e-03
1.815658497514236131e-03
1.815554712955092138e-03
1.815450936940729565e-03
1.815347169470812741e-03
1.815243410543664407e-03
1.815139660159619797e-03
1.815035918316666198e-03
1.814932185015474516e-03
1.814828460254366621e-03
1.814724744032672260e-03
1.814621036349720311e-03
1.814517337205174673e-03
1.814413646598029856e-03
1.814309964526942534e-03
1.814206290991578121e-03
1.814102625991936401e-03
1.813998969525668775e-03
1.813895321593445931e-03
1.813791682193926277e-03
1.813688051326438908e-03
1.813584428989641366e-03
1.813480815183869319e-03
1.813377209907444856e-03
1.813273613160033392e-03
1.813170024941298175e-03
1.813066445249898479e-03
1.812962874084826648e-03
1.812859311445748096e-03
1.812755757331991052e-03
1.812652211742549159e-03
1.812548674676751946e-03
1.812445146134262879e-03
1.812341626113741231e-03
1.812238114614179128e-03
1.812134611635912891e-03
1.812031117176929589e-03
1.811927631237564241e-03
1.811824153816139369e-03
1.811720684912655191e-03
1.811617224525769246e-03
1.811513772655146950e-03
1.811410329300116315e-03
1.811306894459335532e-03
1.811203468132469149e-03
1.811100050318846261e-03
1.810996641017125061e-03
1.810893240227304897e-03
1.810789847948044394e-03
1.810686464179007450e-03
1.810583088919523378e-03
1.810479722168250368e-03
1.810376363925187554e-03
1.810273014188658542e-03
1.810169672958327012e-03
1.810066340234192965e-03
1.809963016014243904e-03
1.809859700298143944e-03
1.809756393085557415e-03
1.809653094375813630e-03
1.809549804167570565e-03
1.809446522460156880e-03
1.809343249252901454e-03
1.809239984545134034e-03
1.809136728336182632e-03
1.809033480625376993e-03
1.808930241411710327e-03
1.808827010694175844e-03
1.808723788472773979e-03
1.808620574745826385e-03
1.808517369513334364e-03
1.808414172774290259e-03
1.808310984527687930e-03
1.808207804773191924e-03
1.808104633509795885e-03
1.808001470736828476e-03
1.807898316453618575e-03
1.807795170659160042e-03
1.807692033352949375e-03
1.807588904533979782e-03
1.807485784201581010e-03
1.807382672355081071e-03
1.807279568993809711e-03
1.807176474116927974e-03
1.807073387723429070e-03
1.806970309812977547e-03
1.806867240384232029e-03
1.806764179437191434e-03
1.806661126970682003e-03
1.806558082984032615e-03
1.806455047476237348e-03
1.806352020446792047e-03
1.806249001895026025e-03
1.806145991819932926e-03
1.806042990221009246e-03
1.805939997097416464e-03
1.805837012448147788e-03
1.805734036272867984e-03
1.805631068570402210e-03
1.805528109340248048e-03
1.805425158581733724e-03
1.805322216293685266e-03
1.805219282475935055e-03
1.805116357127308684e-03
1.805013440247302649e-03
1.804910531834742976e-03
1.804807631889293780e-03
1.804704740410284589e-03
1.804601857396372945e-03
1.804498982847391447e-03
1.804396116762332870e-03
1.804293259140527178e-03
1.804190409980967148e-03
1.804087569283317543e-03
1.803984737046571358e-03
1.803881913269890502e-03
1.803779097952603640e-03
1.803676291094039649e-03
1.803573492693527625e-03
1.803470702750060994e-03
1.803367921262968637e-03
1.803265148231412247e-03
1.803162383655055722e-03
1.803059627532557470e-03
1.802956879863581606e-03
1.802854140646953937e-03
1.802751409882674682e-03
1.802648687569233981e-03
1.802545973706128329e-03
1.802443268292687039e-03
1.802340571328070939e-03
1.802237882811609558e-03
1.802135202742463941e-03
1.802032531119794482e-03
1.801929867943099194e-03
1.801827213211538471e-03
1.801724566924273793e-03
1.801621929080466419e-03
1.801519299679444795e-03
1.801416678720538884e-03
1.801314066203077132e-03
1.801211462125885347e-03
1.801108866488627643e-03
1.801006279290297881e-03
1.800903700530560826e-03
1.800801130208073584e-03
1.800698568322333520e-03
1.800596014872837564e-03
1.800493469858410875e-03
1.800390933278550381e-03
1.800288405132584963e-03
1.800185885419340430e-03
1.800083374138481329e-03
1.799980871289169138e-03
1.799878376870564685e-03
1.799775890881997065e-03
1.799673413322459489e-03
1.799570944191449320e-03
1.799468483488295004e-03
1.799366031211989750e-03
1.799263587362031139e-03
1.799161151937412381e-03
1.799058724937461920e-03
1.798956306361509071e-03
1.798853896208715743e-03
1.798751494478409516e-03
1.798649101169752518e-03
1.798546716282073844e-03
1.798444339814366487e-03
1.798341971766294779e-03
1.798239612136853013e-03
1.798137260925369635e-03
1.798034918130838287e-03
1.797932583752923086e-03
1.797830257790617673e-03
1.797727940243083961e-03
1.797625631109817579e-03
1.797523330389812603e-03
1.797421038082397914e-03
1.797318754187070006e-03
1.797216478702655124e-03
1.797114211628817381e-03
1.797011952964382587e-03
1.796909702709015288e-03
1.796807460861540862e-03
1.796705227421456453e-03
1.796603002388091159e-03
1.796500785760605807e-03
1.796398577537993823e-03
1.796296377719919755e-03
1.796194186305377248e-03
1.796092003293695396e-03
1.795989828683867626e-03
1.795887662475558052e-03
1.795785504667592701e-03
1.795683355259803738e-03
1.795581214250848920e-03
1.795482713444092370e-03
1.795388678881482689e-03
1.795294650921720183e-03
1.795200629563461960e-03
1.795106614805366428e-03
1.795012606648775395e-03
1.794918605091004810e-03
1.794824610133396699e-03
1.794730621774609470e-03
1.794636640015984715e-03
1.794542664856180192e-03
1.794448696293854525e-03
1.794354734330349090e-03
1.794260778964322078e-03
1.794166830195773922e-03
1.794072888024703973e-03
1.793978952449770637e-03
1.793885023472315508e-03
1.793791101089654968e-03
1.793697185301788800e-03
1.793603276111401055e-03
1.793509373514465656e-03
1.793415477512324413e-03
1.793321588103636167e-03
1.793227705291083668e-03
1.793133829071983949e-03
1.793039959443652308e-03
1.792946096410115040e-03
1.792852239968688094e-03
1.792758390120713710e-03
1.792664546862165380e-03
1.792570710197069397e-03
1.792476880122741492e-03
1.792383056639182100e-03
1.792289239745048978e-03
1.792195429443026178e-03
1.792101625729087188e-03
1.792007828604574903e-03
1.791914038070830696e-03
1.791820254123828492e-03
1.791726476766252775e-03
1.791632705996760869e-03
1.791538941815353642e-03
1.791445184220687983e-03
1.791351433212764761e-03
1.791257688792926000e-03
1.791163950958486999e-03
1.791070219708105950e-03
1.790976495045809363e-03
1.790882776968912536e-03
1.790789065476074094e-03
1.790695360567293604e-03
1.790601662243913308e-03
1.790507970504590964e-03
1.790414285347984545e-03
1.790320606772752244e-03
1.790226934782920137e-03
1.790133269374461714e-03
1.790039610548719434e-03
1.789945958305693297e-03
1.789852312642699035e-03
1.789758673562420483e-03
1.789665041060832214e-03
1.789571415140617846e-03
1.789477795800435353e-03
1.789384183040284735e-03
1.789290576858823967e-03
1.789196977256053266e-03
1.789103384233314224e-03
1.789009797787923439e-03
1.788916217919880262e-03
1.788822644630526934e-03
1.788729077918521431e-03
1.788635517782521944e-03
1.788541964223869848e-03
1.788448417241223984e-03
1.788354876834583702e-03
1.788261343003949436e-03
1.788167815746636701e-03
1.788074295065329765e-03
1.787980780958686820e-03
1.787887273426707431e-03
1.787793772466707547e-03
1.787700278081371871e-03
1.787606790269357510e-03
1.787513309029323304e-03
1.787419834361268171e-03
1.787326366266535219e-03
1.787232904742439748e-03
1.787139449788981756e-03
1.787046001408845730e-03
1.786952559598005376e-03
1.786859124356460476e-03
1.786765695685553056e-03
1.786672273585283551e-03
1.786578858051625016e-03
1.786485449089946853e-03
1.786392046694879662e-03
1.786298650869108358e-03
1.786205261609948459e-03
1.786111878918742422e-03
1.786018502794147790e-03
1.785925133236164345e-03
1.785831770246134546e-03
1.785738413820032316e-03
1.785645063961883517e-03
1.785551720667662287e-03
1.785458383938710218e-03
1.785365053775027962e-03
1.785271730173930817e-03
1.785178413138103484e-03
1.785085102666203287e-03
1.784991798755546609e-03
1.784898501408817501e-03
1.784805210626015312e-03
1.784711926403114617e-03
1.784618648744141708e-03
1.784525377645069643e-03
1.784432113107241097e-03
1.784338855130655852e-03
1.784245603713972101e-03
1.784152358858531436e-03
1.784059120561650022e-03
1.783965888824670101e-03
1.783872663646249431e-03
1.783779445026388013e-03
1.783686232965085846e-03
1.783593027461000688e-03
1.783499828515474782e-03
1.783406636127166317e-03
1.783313450296075079e-03
1.783220271020858824e-03
1.783127098300175961e-03
1.783033932138052349e-03
1.782940772530461696e-03
1.782847619476062191e-03
1.782754472978879696e-03
1.782661333034888567e-03
1.782568199645430396e-03
1.782475072809163374e-03
1.782381952526087719e-03
1.782288838796202779e-03
1.782195731619508989e-03
1.782102630994664323e-03
1.782009536921668564e-03
1.781916449399180121e-03
1.781823368428540368e-03
1.781730294011091981e-03
1.781637226141466425e-03
1.781544164822347967e-03
1.781451110053736391e-03
1.781358061834289888e-03
1.781265020162666217e-03
1.781171985040207401e-03
1.781078956466913658e-03
1.780985934441442963e-03
1.780892918962452857e-03
1.780799910032627824e-03
1.780706907647941787e-03
1.780613911811078365e-03
1.780520922520696398e-03
1.780427939775452561e-03
1.780334963575348154e-03
1.780241993920382310e-03
1.780149030810555246e-03
1.780056074244524937e-03
1.779963124223633841e-03
1.779870180746539066e-03
1.779777243811899454e-03
1.779684313419714354e-03
1.779591389571326225e-03
1.779498472265392608e-03
1.779405561500571912e-03
1.779312657278205728e-03
1.779219759595610656e-03
1.779126868454128070e-03
1.779033983855100214e-03
1.778941105793158768e-03
1.778848234273672268e-03
1.778755369292614203e-03
1.778662510849985008e-03
1.778569658947126274e-03
1.778476813581354168e-03
1.778383974755352957e-03
1.778291142465096130e-03
1.778198316713267956e-03
1.778105497498526193e-03
1.778012684819529465e-03
1.777919878676276688e-03
1.777827079068768946e-03
1.777734285998347182e-03
1.777641499462328427e-03
1.777548719460712032e-03
1.777455945993498213e-03
1.777363179060686754e-03
1.777270418660935845e-03
1.777177664795587296e-03
1.777084917463299732e-03
1.776992176661387800e-03
1.776899442393878878e-03
1.776806714658088048e-03
1.776713993452673935e-03
1.776621278778978130e-03
1.776528570637000634e-03
1.776435869024057613e-03
1.776343173942832900e-03
1.776250485389300419e-03
1.776157803366144438e-03
1.776065127872022715e-03
1.775972458906935249e-03
1.775879796468198425e-03
1.775787140559837449e-03
1.775694491177827114e-03
1.775601848323508794e-03
1.775509211995541115e-03
1.775416582193923209e-03
1.775323958918655727e-03
1.775231342169738668e-03
1.775138731945829574e-03
1.775046128246928877e-03
1.774953531071694337e-03
1.774860940421467978e-03
1.774768356296249801e-03
1.774675778693355754e-03
1.774583207615469888e-03
1.774490643059908153e-03
1.774398085025328522e-03
1.774305533513073022e-03
1.774212988523141653e-03
1.774120450054192171e-03
1.774027918107567037e-03
1.773935392681924008e-03
1.773842873774578817e-03
1.773750361388215730e-03
1.773657855521492722e-03
1.773565356174409795e-03
1.773472863345624704e-03
1.773380377035137668e-03
1.773287897242948686e-03
1.773195423969057757e-03
1.773102957213464883e-03
1.773010496973485796e-03
1.772918043250462736e-03
1.772825596044395489e-03
1.772733155353942245e-03
1.772640721179103004e-03
1.772548293518535524e-03
1.772455872373582047e-03
1.772363457744242574e-03
1.772271049627832835e-03
1.772178648025694858e-03
1.772086252936487050e-03
1.771993864361550569e-03
1.771901482298202232e-03
1.771809106747783630e-03
1.771716737708952738e-03
1.771624375183052016e-03
1.771532019166054519e-03
1.771439669661987190e-03
1.771347326666823305e-03
1.771254990183247563e-03
1.771162660209917288e-03
1.771070336745490890e-03
1.770978019788625908e-03
1.770885709342006828e-03
1.770793405404291407e-03
1.770701107972795811e-03
1.770608817048861632e-03
1.770516532633831328e-03
1.770424254725020633e-03
1.770331983322429329e-03
1.770239718427400093e-03
1.770147460037248006e-03
1.770055208151973501e-03
1.769962962771577013e-03
1.769870723897399700e-03
1.769778491526758160e-03
1.769686265659652178e-03
1.769594046297423779e-03
1.769501833436046669e-03
1.769409627080889167e-03
1.769317427225241147e-03
1.769225233874470709e-03
1.769133047023209969e-03
1.769040866674142327e-03
1.768948692825926192e-03
1.768856525478561563e-03
1.768764364632048440e-03
1.768672210285044582e-03
1.768580062437550421e-03
1.768487921089565307e-03
1.768395786239747866e-03
1.768303657889439690e-03
1.768211536035956943e-03
1.768119420681983460e-03
1.768027311824835407e-03
1.767935209464512568e-03
1.767843113599673133e-03
1.767751024233000937e-03
1.767658941361812145e-03
1.767566864984764516e-03
1.767474795104542317e-03
1.767382731718461280e-03
1.767290674826521406e-03
1.767198624430065153e-03
1.767106580526407820e-03
1.767014543116891649e-03
1.766922512198832807e-03
1.766830487774915344e-03
1.766738469842454558e-03
1.766646458401451101e-03
1.766554453451905406e-03
1.766462454995158414e-03
1.766370463027184265e-03
1.766278477550667662e-03
1.766186498565607953e-03
1.766094526067979497e-03
1.766002560060466126e-03
1.765910600541725599e-03
1.765818647513100375e-03
1.765726700970563943e-03
1.765634760916801006e-03
1.765542827350468887e-03
1.765450900270225561e-03
1.765358979678755512e-03
1.765267065572032230e-03
1.765175157951398175e-03
1.765083256818194939e-03
1.764991362169738903e-03
1.764899474004687826e-03
1.764807592324383516e-03
1.764715717130168216e-03
1.764623848418015849e-03
1.764531986190610033e-03
1.764440130445267367e-03
1.764348281181987634e-03
1.764256438402112643e-03
1.764164602104300802e-03
1.764072772287209653e-03
1.763980948950839194e-03
1.763889132096531668e-03
1.763797321722945267e-03
1.763705517828737098e-03
1.763613720413908029e-03
1.763521929479799867e-03
1.763430145023728128e-03
1.763338367047035489e-03
1.763246595547037464e-03
1.763154830526417888e-03
1.763063071982493577e-03
1.762971319916605689e-03
1.762879574327412416e-03
1.762787835213571949e-03
1.762696102576426097e-03
1.762604376414633051e-03
1.762512656729534619e-03
1.762420943518446534e-03
1.762329236781369230e-03
1.762237536518302707e-03
1.762145842729246747e-03
1.762054155414201351e-03
1.761962474571824493e-03
1.761870800202116174e-03
1.761779132305076392e-03
1.761687470880705366e-03
1.761595815926318828e-03
1.761504167444600611e-03
1.761412525432866881e-03
1.761320889892459881e-03
1.761229260822037585e-03
1.761137638220257318e-03
1.761046022088461754e-03
1.760954412425308436e-03
1.760862809232139605e-03
1.760771212506271428e-03
1.760679622247703253e-03
1.760588038457778191e-03
1.760496461133810890e-03
1.760404890277144242e-03
1.760313325886436004e-03
1.760221767963027987e-03
1.760130216504236355e-03
1.760038671510060892e-03
1.759947132983186299e-03
1.759855600918243390e-03
1.759764075319259109e-03
1.759672556183549189e-03
1.759581043511113411e-03
1.759489537301951994e-03
1.759398037554722478e-03
1.759306544270767539e-03
1.759215057447402909e-03
1.759123577087312205e-03
1.759032103186470002e-03
1.758940635748901943e-03
1.758849174769239925e-03
1.758757720250168216e-03
1.758666272191686600e-03
1.758574830592453050e-03
1.758483395452468002e-03
1.758391966770388778e-03
1.758300544546215595e-03
1.758209128779948888e-03
1.758117719472930031e-03
1.758026316621133164e-03
1.757934920225900314e-03
1.757843530287231696e-03
1.757752146805127095e-03
1.757660769779586509e-03
1.757569399206584081e-03
1.757478035090145451e-03
1.757386677427587220e-03
1.757295326218908521e-03
1.757203981465452029e-03
1.757112643164533260e-03
1.757021311316152648e-03
1.756929985920310192e-03
1.756838666977005459e-03
1.756747354484896207e-03
1.756656048445325545e-03
1.756564748855608338e-03
1.756473455718429505e-03
1.756382169029761884e-03
1.756290888792290611e-03
1.756199615003330985e-03
1.756108347664225248e-03
1.756017086773631157e-03
1.755925832332891389e-03
1.755834584337978999e-03
1.755743342792920282e-03
1.755652107693689377e-03
1.755560879041628526e-03
1.755469656836737297e-03
1.755378441077673881e-03
1.755287231764438060e-03
1.755196028897030268e-03
1.755104832474107830e-03
1.755013642497013204e-03
1.754922458963062339e-03
1.754831281874939071e-03
1.754740111228617321e-03
1.754648947025439550e-03
1.754557789265405107e-03
1.754466637948514426e-03
1.754375493073425264e-03
1.754284354638795812e-03
1.754193222647309905e-03
1.754102097096283709e-03
1.754010977985717007e-03
1.753919865314267556e-03
1.753828759084619842e-03
1.753737659292747787e-03
1.753646565941335226e-03
1.753555479027698325e-03
1.753464398551836650e-03
1.753373324515092226e-03
1.753282256914781654e-03
1.753191195752246741e-03
1.753100141027486621e-03
1.753009092737818544e-03
1.752918050884583667e-03
1.752827015467782207e-03
1.752735986486071923e-03
1.752644963938111223e-03
1.752553947825242131e-03
1.752462938147464214e-03
1.752371934903435447e-03
1.752280938091814238e-03
1.752189947713271275e-03
1.752098963767806774e-03
1.752007986254749614e-03
1.751917015173428457e-03
1.751826050523843737e-03
1.751735092305324549e-03
1.751644140517199339e-03
1.751553195160139445e-03
1.751462256232802625e-03
1.751371323735189094e-03
1.751280397666627950e-03
1.751189478027118758e-03
1.751098564815990830e-03
1.751007658033244168e-03
1.750916757677536744e-03
1.750825863750210369e-03
1.750734976249252112e-03
1.750644095174661756e-03
1.750553220527111074e-03
1.750462352305256954e-03
1.750371490508429361e-03
1.750280635136627645e-03
1.750189786189851803e-03
1.750098943667431368e-03
1.750008107569365904e-03
1.749917277894313386e-03
1.749826454642944718e-03
1.749735637813918309e-03
1.749644827407904630e-03
1.749554023423562305e-03
1.749463225860890684e-03
1.749372434719219296e-03
1.749281649999889733e-03
1.749190871699547040e-03
1.749100099820204146e-03
1.749009334360519460e-03
1.748918575319821428e-03
1.748827822698781386e-03
1.748737076495386405e-03
1.748646336710978294e-03
1.748555603344885715e-03
1.748464876396438198e-03
1.748374155864293282e-03
1.748283441749122523e-03
1.748192734050254583e-03
1.748102032767689029e-03
1.748011337900755606e-03
1.747920649448782976e-03
1.747829967411770923e-03
1.747739291789719446e-03
1.747648622581287172e-03
1.747557959786473231e-03
1.747467303404607371e-03
1.747376653436359846e-03
1.747286009880389063e-03
1.747195372737366361e-03
1.747104742005277725e-03
1.747014117685466049e-03
1.746923499775918185e-03
1.746832888277304822e-03
1.746742283188283933e-03
1.746651684510868883e-03
1.746561092241704066e-03
1.746470506381461035e-03
1.746379926930810480e-03
1.746289353888410808e-03
1.746198787254261585e-03
1.746108227027020786e-03
1.746017673207359532e-03
1.745927125794606702e-03
1.745836584788091391e-03
1.745746050187813600e-03
1.745655521993102208e-03
1.745565000203957431e-03
1.745474484819707931e-03
1.745383975840354143e-03
1.745293473264553606e-03
1.745202977092977659e-03
1.745112487324954748e-03
1.745022003959814617e-03
1.744931526996885496e-03
1.744841056436167818e-03
1.744750592278332705e-03
1.744660134521366793e-03
1.744569683165941203e-03
1.744479238210714126e-03
1.744388799655684913e-03
1.744298367502196455e-03
1.744207941746893148e-03
1.744117522391117015e-03
1.744027109434197371e-03
1.743936702875462878e-03
1.743846302714913534e-03
1.743755908952549123e-03
1.743665521587028488e-03
1.743575140619021665e-03
1.743484766046516157e-03
1.743394397870853992e-03
1.743304036090692925e-03
1.743213680706032741e-03
1.743123331716873873e-03
1.743032989121203174e-03
1.742942652921033574e-03
1.742852323114352144e-03
1.742761999700487546e-03
1.742671682680111116e-03
1.742581372053222857e-03
1.742491067817809837e-03
1.742400769974542310e-03
1.742310478522750457e-03
1.742220193461762072e-03
1.742129914792249143e-03
1.742039642512869212e-03
1.741949376623621844e-03
1.741859117123836787e-03
1.741768864013513605e-03
1.741678617291310275e-03
1.741588376958569037e-03
1.741498143013947434e-03
1.741407915456103872e-03
1.741317694286380379e-03
1.741227479503434927e-03
1.741137271106595963e-03
1.741047069096534824e-03
1.740956873472580607e-03
1.740866684233391502e-03
1.740776501379638196e-03
1.740686324909978665e-03
1.740596154825083597e-03
1.740505991123611398e-03
1.740415833806233190e-03
1.740325682871606949e-03
1.740235538319732022e-03
1.740145400149938158e-03
1.740055268362224921e-03
1.739965142956592312e-03
1.739875023931698522e-03
1.739784911287543335e-03
1.739694805023455628e-03
1.739604705140106958e-03
1.739514611636154865e-03
1.739424524511599349e-03
1.739334443765769723e-03
1.739244369397994214e-03
1.739154301408944595e-03
1.739064239797278623e-03
1.738974184563667419e-03
1.738884135706097404e-03
1.738794093225240348e-03
1.738704057120424480e-03
1.738614027392321355e-03
1.738524004038917393e-03
1.738433987060213244e-03
1.738343976456208691e-03
1.738253972226903518e-03
1.738163974371626820e-03
1.738073982889036572e-03
1.737983997780474799e-03
1.737894019043257233e-03
1.737804046679397672e-03
1.737714080686881884e-03
1.737624121067052763e-03
1.737534167817226258e-03
1.737444220938073056e-03
1.737354280429593157e-03
1.737264346291786561e-03
1.737174418523311026e-03
1.737084497123496298e-03
1.736994582093012631e-03
1.736904673430518216e-03
1.736814771136684392e-03
1.736724875210168481e-03
1.736634985650300448e-03
1.736545102457750112e-03
1.736455225632518124e-03
1.736365355172591338e-03
1.736275491077970187e-03
1.736185633349995828e-03
1.736095781985984646e-03
1.736005936987278665e-03
1.735916098352536293e-03
1.735826266081085542e-03
1.735736440172927497e-03
1.735646620628732194e-03
1.735556807446486920e-03
1.735467000626863014e-03
1.735377200168517799e-03
1.735287406072123480e-03
1.735197618337007419e-03
1.735107836962499796e-03
1.735018061947929055e-03
1.734928293293966752e-03
1.734838530998599089e-03
1.734748775062497621e-03
1.734659025485662132e-03
1.734569282266750596e-03
1.734479545406434134e-03
1.734389814902699382e-03
1.734300090757559922e-03
1.734210372968331051e-03
1.734120661535013203e-03
1.734030956458948837e-03
1.733941257737452819e-03
1.733851565371867824e-03
1.733761879361522514e-03
1.733672199705075297e-03
1.733582526403197079e-03
1.733492859453874277e-03
1.733403198859120690e-03
1.733313544616251617e-03
1.733223896726609732e-03
1.733134255188852361e-03
1.733044620003650841e-03
1.732954991168321338e-03
1.732865368685547252e-03
1.732775752552644967e-03
1.732686142769614482e-03
1.732596539337126701e-03
1.732506942253839817e-03
1.732417351519082490e-03
1.732327767133525842e-03
1.732238189095827632e-03
1.732148617405988508e-03
1.732059052064678943e-03
1.731969493068543546e-03
1.731879940420267454e-03
1.731790394118507556e-03
1.731700854161922478e-03
1.731611320551853812e-03
1.731521793286288627e-03
1.731432272365227357e-03
1.731342757789340473e-03
1.731253249556615045e-03
1.731163747668393533e-03
1.731074252122662138e-03
1.730984762920092200e-03
1.730895280059341909e-03
1.730805803541082171e-03
1.730716333364641863e-03
1.730626869528679177e-03
1.730537412034535488e-03
1.730447960879527829e-03
1.730358516066338951e-03
1.730269077591614765e-03
1.730179645456026176e-03
1.730090219660243653e-03
1.730000800202254703e-03
1.729911387082730010e-03
1.729821980300327551e-03
1.729732579855718664e-03
1.729643185748903130e-03
1.729553797977196683e-03
1.729464416542612687e-03
1.729375041443137776e-03
1.729285672679443291e-03
1.729196310250857892e-03
1.729106954156711326e-03
1.729017604397002292e-03
1.728928260970389848e-03
1.728838923878215370e-03
1.728749593117795457e-03
1.728660268691142388e-03
1.728570950596243667e-03
1.728481638833099078e-03
1.728392333401708621e-03
1.728303034301401390e-03
1.728213741531506266e-03
1.728124455092694368e-03
1.728035174982952334e-03
1.727945901202951502e-03
1.727856633752020751e-03
1.727767372630159863e-03
1.727678117836027247e-03
1.727588869370293590e-03
1.727499627231617084e-03
1.727410391420668417e-03
1.727321161936105779e-03
1.727231938777929170e-03
1.727142721946138808e-03
1.727053511439392017e-03
1.726964307257689230e-03
1.726875109401030447e-03
1.726785917869415885e-03
1.726696732661502868e-03
1.726607553776621142e-03
1.726518381215440961e-03
1.726429214977962760e-03
1.726340055061502269e-03
1.726250901467401948e-03
1.726161754195661363e-03
1.726072613244267369e-03
1.725983478614562423e-03
1.725894350304533163e-03
1.725805228315521831e-03
1.725716112645515280e-03
1.725627003295184198e-03
1.725537900263858331e-03
1.725448803550866123e-03
1.725359713156207359e-03
1.725270629078540664e-03
1.725181551319207194e-03
1.725092479876194889e-03
1.725003414749503097e-03
1.724914355939802940e-03
1.724825303445081488e-03
1.724736257266009645e-03
1.724647217402587411e-03
1.724558183852801857e-03
1.724469156617995007e-03
1.724380135696153499e-03
1.724291121087948887e-03
1.724202112793380955e-03
1.724113110811107243e-03
1.724024115140457064e-03
1.723935125782101539e-03
1.723846142735369763e-03
1.723757165999590182e-03
1.723668195574092109e-03
1.723579231458875543e-03
1.723490273654611389e-03
1.723401322158616029e-03
1.723312376972230839e-03
1.723223438094114227e-03
1.723134505524265758e-03
1.723045579262685867e-03
1.722956659308703649e-03
1.722867745660976646e-03
1.722778838320846882e-03
1.722689937286972332e-03
1.722601042558682743e-03
1.722512154135977030e-03
1.722423272018855410e-03
1.722334396205976725e-03
1.722245526697340108e-03
1.722156663493616680e-03
1.722067806592122606e-03
1.721978955994199695e-03
1.721890111699176827e-03
1.721801273707054651e-03
1.721712442015819588e-03
1.721623616627484567e-03
1.721534797539365754e-03
1.721445984752134270e-03
1.721357178265789899e-03
1.721268378078319927e-03
1.721179584191736851e-03
1.721090796604028174e-03
1.721002015314522125e-03
1.720913240323890692e-03
1.720824471630790983e-03
1.720735709235894769e-03
1.720646953138530279e-03
1.720558203337355921e-03
1.720469459833042815e-03
1.720380722624248503e-03
1.720291991711644323e-03
1.720203267093888249e-03
1.720114548771651186e-03
1.720025836742919770e-03
1.719937131008365773e-03
1.719848431567988761e-03
1.719759738421117396e-03
1.719671051566410303e-03
1.719582371003866399e-03
1.719493696734829009e-03
1.719405028755942744e-03
1.719316367069219885e-03
1.719227711673990177e-03
1.719139062568240256e-03
1.719050419752641244e-03
1.718961783227192924e-03
1.718873152990553922e-03
1.718784529042723368e-03
1.718695911384372386e-03
1.718607300013488479e-03
1.718518694930742333e-03
1.718430096134791925e-03
1.718341503626308374e-03
1.718252917403278535e-03
1.718164337467043999e-03
1.718075763816934512e-03
1.717987196452279170e-03
1.717898635371735080e-03
1.717810080576644919e-03
1.717721532064994889e-03
1.717632989837456761e-03
1.717544453893359415e-03
1.717455924232031729e-03
1.717367400852802583e-03
1.717278883756343097e-03
1.717190372941982367e-03
1.717101868408377934e-03
1.717013370155530015e-03
1.716924878184109948e-03
1.716836392492104369e-03
1.716747913080183966e-03
1.716659439948349606e-03
1.716570973094587492e-03
1.716482512519568746e-03
1.716394058223293800e-03
1.716305610204420197e-03
1.716217168462276814e-03
1.716128732998205893e-03
1.716040303810194723e-03
1.715951880898242870e-03
1.715863464262350549e-03
1.715775053901846207e-03
1.715686649816730493e-03
1.715598252005661383e-03
1.715509860469309348e-03
1.715421475206332577e-03
1.715333096217402410e-03
1.715244723501176604e-03
1.715156357056983822e-03
1.715067996885495400e-03
1.714979642986040435e-03
1.714891295357276468e-03
1.714802954000546175e-03
1.714714618913835758e-03
1.714626290097816556e-03
1.714537967551146760e-03
1.714449651274497057e-03
1.714361341266525856e-03
1.714273037527232722e-03
1.714184740055946536e-03
1.714096448852667513e-03
1.714008163916724749e-03
1.713919885248118245e-03
1.713831612845505541e-03
1.713743346710229097e-03
1.713655086840275982e-03
1.713566833235645763e-03
1.713478585896338656e-03
1.713390344821683542e-03
1.713302110011009731e-03
1.713213881463645670e-03
1.713125659180933600e-03
1.713037443160860592e-03
1.712949233402755525e-03
1.712861029908631762e-03
1.712772832675133697e-03
1.712684641702932452e-03
1.712596456992028461e-03
1.712508278541750384e-03
1.712420106352098006e-03
1.712331940421729735e-03
1.712243780751316257e-03
1.712155627340186670e-03
1.712067480186328042e-03
1.711979339292424426e-03
1.711891204655791336e-03
1.711803076276429206e-03
1.711714954154338036e-03
1.711626838288846271e-03
1.711538728679954779e-03
1.711450625326320666e-03
1.711362528228615705e-03
1.711274437385497220e-03
1.711186352797636765e-03
1.711098274463691664e-03
1.711010202383662568e-03
1.710922136557549260e-03
1.710834076984009281e-03
1.710746023663043281e-03
1.710657976594651044e-03
1.710569935778161015e-03
1.710481901212902939e-03
1.710393872898876601e-03
1.710305850836081783e-03
1.710217835022505338e-03
1.710129825459489727e-03
1.710041822145021801e-03
1.709953825080443154e-03
1.709865834264412410e-03
1.709777849697600039e-03
1.709689871377322208e-03
1.709601899304920942e-03
1.709513933479724903e-03
1.709425973901063621e-03
1.709338020568936661e-03
1.709250073482002433e-03
1.709162132640931406e-03
1.709074198044382206e-03
1.708986269693695990e-03
1.708898347586189576e-03
1.708810431723204338e-03
1.708722522103398684e-03
1.708634618726772181e-03
1.708546721593325263e-03
1.708458830701044566e-03
1.708370946050601210e-03
1.708283067642666101e-03
1.708195195475226526e-03
1.708107329548953172e-03
1.708019469861833109e-03
1.707931616415208362e-03
1.707843769208407811e-03
1.707755928240089430e-03
1.707668093510253437e-03
1.707580265018899830e-03
1.707492442766028176e-03
1.707404626749625979e-03
1.707316816971034832e-03
1.707229013428912708e-03
1.707141216122589136e-03
1.707053425052063467e-03
1.706965640217335701e-03
1.706877861617735366e-03
1.706790089252591342e-03
1.706702323121903194e-03
1.706614563224329115e-03
1.706526809560540226e-03
1.706439062130536309e-03
1.706351320932304651e-03
1.706263585966515724e-03
1.706175857232498840e-03
1.706088134730254216e-03
1.706000418458439609e-03
1.705912708417055019e-03
1.705825004606771134e-03
1.705737307026246362e-03
1.705649615674809582e-03
1.705561930552460578e-03
1.705474251657857756e-03
1.705386578992342927e-03
1.705298912554573630e-03
1.705211252344550300e-03
1.705123598360260007e-03
1.705035950603715680e-03
1.704948309072903956e-03
1.704860673767825052e-03
1.704773044688479185e-03
1.704685421833524329e-03
1.704597805203630955e-03
1.704510194797457254e-03
1.704422590615674565e-03
1.704334992656940644e-03
1.704247400920584155e-03
1.704159815407947772e-03
1.704072236117018134e-03
1.703984663047124334e-03
1.703897096199607965e-03
1.703809535573127219e-03
1.703721981166340070e-03
1.703634432979917856e-03
1.703546891013189239e-03
1.703459355266154218e-03
1.703371825738141890e-03
1.703284302428481134e-03
1.703196785336501262e-03
1.703109274462872528e-03
1.703021769806253773e-03
1.702934271366644131e-03
1.702846779144044469e-03
1.702759293136441206e-03
1.702671813345176151e-03
1.702584339768907929e-03
1.702496872407636324e-03
1.702409411261361118e-03
1.702321956328740069e-03
1.702234507609773828e-03
1.702147065103791056e-03
1.702059628812133780e-03
1.701972198731446827e-03
1.701884774863072006e-03
1.701797357207009967e-03
1.701709945761918034e-03
1.701622540527796641e-03
1.701535141503303546e-03
1.701447748689780990e-03
1.701360362085886516e-03
1.701272981690278531e-03
1.701185607504969530e-03
1.701098239527276332e-03
1.701010877757198067e-03
1.700923522195406292e-03
1.700836172840558764e-03
1.700748829692655265e-03
1.700661492751025109e-03
1.700574162015668512e-03
1.700486837485913703e-03
1.700399519161090211e-03
1.700312207041197819e-03
1.700224901125565622e-03
1.700137601414193622e-03
1.700050307907082035e-03
1.699963020602217496e-03
1.699875739499599574e-03
1.699788464599900255e-03
1.699701195903119107e-03
1.699613933406571645e-03
1.699526677111600761e-03
1.699439427017534684e-03
1.699352183123702294e-03
1.699264945430104456e-03
1.699177713936069400e-03
1.699090488640255100e-03
1.699003269544675353e-03
1.698916056645974120e-03
1.698828849946165198e-03
1.698741649443235224e-03
1.698654455137855101e-03
1.698567267028682588e-03
1.698480085116389673e-03
1.698392909399633246e-03
1.698305739878413741e-03
1.698218576552731158e-03
1.698131419421243255e-03
1.698044268484621587e-03
1.697957123740852572e-03
1.697869985191278238e-03
1.697782852833885870e-03
1.697695726670017061e-03
1.697608606698330436e-03
1.697521492918154440e-03
1.697434385329489072e-03
1.697347283932334767e-03
1.697260188726019969e-03
1.697173099709203088e-03
1.697086016881883689e-03
1.696998940244733110e-03
1.696911869795738421e-03
1.696824805536241215e-03
1.696737747464228344e-03
1.696650695581042702e-03
1.696563649883999370e-03
1.696476610375111929e-03
1.696389577051695893e-03
1.696302549914422602e-03
1.696215528963962525e-03
1.696128514198303166e-03
1.696041505617444742e-03
1.695954503221386387e-03
1.695867507009458063e-03
1.695780516980988214e-03
1.695693533135976625e-03
1.695606555473752391e-03
1.695519583993645042e-03
1.695432618696995951e-03
1.695345659580450165e-03
1.695258706646021046e-03
1.695171759892366353e-03
1.695084819319486085e-03
1.694997884926038216e-03
1.694910956713364773e-03
1.694824034678781921e-03
1.694737118823631252e-03
1.694650209146570741e-03
1.694563305647600604e-03
1.694476408326721058e-03
1.694389517182589644e-03
1.694302632215206579e-03
1.694215753424572080e-03
1.694128880809343471e-03
1.694042014370863210e-03
1.693955154106447682e-03
1.693868300017437826e-03
1.693781452102492485e-03
1.693694610362282129e-03
1.693607774794123142e-03
1.693520945400699574e-03
1.693434122178655819e-03
1.693347305130005458e-03
1.693260494252734911e-03
1.693173689547515948e-03
1.693086891013005678e-03
1.693000098649205185e-03
1.692913312455442262e-03
1.692826532431717561e-03
1.692739758577359744e-03
1.692652990893040582e-03
1.692566229376746062e-03
1.692479474029147521e-03
1.692392724848232246e-03
1.692305981835341613e-03
1.692219244989805367e-03
1.692132514310952171e-03
1.692045789798110470e-03
1.691959071451281131e-03
1.691872359269792599e-03
1.691785653252974187e-03
1.691698953400825678e-03
1.691612259713347072e-03
1.691525572189196127e-03
1.691438890829043964e-03
1.691352215631549208e-03
1.691265546596710991e-03
1.691178883723858627e-03
1.691092227012321210e-03
1.691005576462769645e-03
1.690918932073190569e-03
1.690832293844926875e-03
1.690745661777306574e-03
1.690659035868987857e-03
1.690572416119300470e-03
1.690485802528914451e-03
1.690399195097159329e-03
1.690312593824034671e-03
1.690225998707527979e-03
1.690139409748309725e-03
1.690052826947051248e-03
1.689966250301068711e-03
1.689879679811703492e-03
1.689793115477614214e-03
1.689706557298800661e-03
1.689620005275262182e-03
1.689533459405657620e-03
1.689446919689986757e-03
1.689360386128249594e-03
1.689273858719774575e-03
1.689187337463891447e-03
1.689100822360599776e-03
1.689014313408557753e-03
1.688927810608435850e-03
1.688841313960234717e-03
1.688754823461941423e-03
1.688668339113555102e-03
1.688581860915076404e-03
1.688495388867176233e-03
1.688408922967841444e-03
1.688322463216400914e-03
1.688236009614197102e-03
1.688149562159887550e-03
1.688063120852801571e-03
1.687976685692267826e-03
1.687890256678957219e-03
1.687803833812199280e-03
1.687717417090651550e-03
1.687631006514985149e-03
1.687544602083858271e-03
1.687458203797270479e-03
1.687371811655222209e-03
1.687285425657041905e-03
1.687199045801387976e-03
1.687112672089602231e-03
1.687026304519671739e-03
1.686939943092938526e-03
1.686853587806718541e-03
1.686767238662353809e-03
1.686680895659173427e-03
1.686594558796505839e-03
1.686508228073680575e-03
1.686421903490697635e-03
1.686335585046214560e-03
1.686249272741573591e-03
1.686162966574762017e-03
1.686076666546450307e-03
1.685990372655296436e-03
1.685904084901301055e-03
1.685817803285134635e-03
1.685731527804784462e-03
1.685645258459578981e-03
1.685558995250860436e-03
1.685472738177287450e-03
1.685386487238188253e-03
1.685300242434233532e-03
1.685214003763411440e-03
1.685127771226392016e-03
1.685041544822504355e-03
1.684955324550406648e-03
1.684869110412112476e-03
1.684782902404936703e-03
1.684696700529550667e-03
1.684610504785283682e-03
1.684524315171464625e-03
1.684438131687422593e-03
1.684351954333828056e-03
1.684265783110010543e-03
1.684179618014627813e-03
1.684093459048350986e-03
1.684007306209837820e-03
1.683921159499088315e-03
1.683835018915431567e-03
1.683748884459538913e-03
1.683662756130067896e-03
1.683576633926347392e-03
1.683490517848377404e-03
1.683404407895487676e-03
1.683318304068348462e-03
1.683232206365617737e-03
1.683146114786624598e-03
1.683060029331369476e-03
1.682973949999180818e-03
1.682887876790729745e-03
1.682801809704003327e-03
1.682715748739001564e-03
1.682629693897066264e-03
1.682543645174842473e-03
1.682457602573672216e-03
1.682371566093555709e-03
1.682285535733150494e-03
1.682199511492457221e-03
1.682113493370804335e-03
1.682027481367520498e-03
1.681941475483277482e-03
1.681855475716733262e-03
1.681769482067886970e-03
1.681683494536068352e-03
1.681597513120605854e-03
1.681511537821500125e-03
1.681425568638750733e-03
1.681339605571015652e-03
1.681253648618294882e-03
1.681167697780588857e-03
1.681081753057225804e-03
1.680995814446863915e-03
1.680909881950845867e-03
1.680823955567828766e-03
1.680738035297142142e-03
1.680652121138785995e-03
1.680566213092088770e-03
1.680480311156379997e-03
1.680394415331659241e-03
1.680308525618598057e-03
1.680222642014512179e-03
1.680136764520742980e-03
1.680050893135949302e-03
1.679965027860130713e-03
1.679879168692616307e-03
1.679793315633406302e-03
1.679707468681829359e-03
1.679621627837214358e-03
1.679535793099561514e-03
1.679449964468871046e-03
1.679364141943800277e-03
1.679278325524349857e-03
1.679192515210519137e-03
1.679106711000966957e-03
1.679020912896363790e-03
1.678935120894696270e-03
1.678849334996636170e-03
1.678763555202853744e-03
1.678677781510665590e-03
1.678592013921413302e-03
1.678506252433754637e-03
1.678420497048361366e-03
1.678334747763219909e-03
1.678249004579001388e-03
1.678163267495034897e-03
1.678077536510649316e-03
1.677991811625844428e-03
1.677906092840620450e-03
1.677820380152964235e-03
1.677734673564218026e-03
1.677648973073039796e-03
1.677563278679429113e-03
1.677477590382715506e-03
1.677391908182227637e-03
1.677306232078636192e-03
1.677220562069257990e-03
1.677134898156776429e-03
1.677049240338507460e-03
1.676963588614451299e-03
1.676877942984607728e-03
1.676792303448977183e-03
1.676706670006887891e-03
1.676621042656327790e-03
1.676535421399308941e-03
1.676449806233819284e-03
1.676364197159186829e-03
1.676278594176753818e-03
1.676192997285178878e-03
1.676107406483119330e-03
1.676021821771246298e-03
1.675936243150231118e-03
1.675850670616718186e-03
1.675765104172721081e-03
1.675679543816226439e-03
1.675593989548576287e-03
1.675508441367757695e-03
1.675422899274441350e-03
1.675337363267956781e-03
1.675251833346961530e-03
1.675166309512126717e-03
1.675080791762110751e-03
1.674995280097583885e-03
1.674909774517875432e-03
1.674824275022314488e-03
1.674738781610229932e-03
1.674653294281621546e-03
1.674567813035818861e-03
1.674482337872821225e-03
1.674396868791958384e-03
1.674311405792558568e-03
1.674225948874621776e-03
1.674140498037477755e-03
1.674055053280455166e-03
1.673969614603553575e-03
1.673884182006772983e-03
1.673798755488772232e-03
1.673713335049550020e-03
1.673627920689107649e-03
1.673542512406102443e-03
1.673457110201205088e-03
1.673371714073074211e-03
1.673286324021038473e-03
1.673200940046439683e-03
1.673115562147265128e-03
1.673030190324185712e-03
1.672944824575188505e-03
1.672859464901615750e-03
1.672774111301453433e-03
1.672688763776044880e-03
1.672603422324046765e-03
1.672518086944789050e-03
1.672432757637600615e-03
1.672347434403151714e-03
1.672262117240101188e-03
1.672176806149119508e-03
1.672091501128193962e-03
1.672006202178666140e-03
1.671920909298523546e-03
1.671835622488436653e-03
1.671750341747735204e-03
1.671665067075747213e-03
1.671579798472473113e-03
1.671494535936571312e-03
1.671409279468712280e-03
1.671324029068224680e-03
1.671238784734438475e-03
1.671153546467353014e-03
1.671068314265626055e-03
1.670983088129258248e-03
1.670897868058920282e-03
1.670812654053270129e-03
1.670727446110965766e-03
1.670642244233349000e-03
1.670557048419078240e-03
1.670471858667481931e-03
1.670386674979231628e-03
1.670301497352984872e-03
1.670216325788070758e-03
1.670131160285831529e-03
1.670046000843582916e-03
1.669960847461996042e-03
1.669875700140399785e-03
1.669790558879465266e-03
1.669705423677179121e-03
1.669620294534212906e-03
1.669535171449224161e-03
1.669450054422884008e-03
1.669364943453850204e-03
1.669279838542123617e-03
1.669194739687032258e-03
1.669109646889247248e-03
1.669024560147426778e-03
1.668939479460228824e-03
1.668854404828324506e-03
1.668769336252384728e-03
1.668684273730396562e-03
1.668599217261688451e-03
1.668514166846932168e-03
1.668429122485455942e-03
1.668344084176589517e-03
1.668259051919661123e-03
1.668174025714671627e-03
1.668089005561620162e-03
1.668003991459836256e-03
1.667918983407977451e-03
1.667833981406715302e-03
1.667748985455378471e-03
1.667663995553295836e-03
1.667579011700467181e-03
1.667494033896222468e-03
1.667409062139218589e-03
1.667324096430798002e-03
1.667239136769619115e-03
1.667154183155009940e-03
1.667069235587642032e-03
1.666984294065502678e-03
1.666899358589262565e-03
1.666814429158250356e-03
1.666729505772466266e-03
1.666644588431239827e-03
1.666559677133228144e-03
1.666474771879102555e-03
1.666389872668192374e-03
1.666304979500497167e-03
1.666220092374675124e-03
1.666135211290726030e-03
1.666050336247978979e-03
1.665965467247105094e-03
1.665880604287433469e-03
1.665795747366950524e-03
1.665710896486327598e-03
1.665626051644894003e-03
1.665541212843320209e-03
1.665456380080264408e-03
1.665371553355055696e-03
1.665286732667693856e-03
1.665201918018178887e-03
1.665117109404497860e-03
1.665032306827992801e-03
1.664947510287993022e-03
1.664862719783155413e-03
1.664777935314152397e-03
1.664693156879640647e-03
1.664608384478949909e-03
1.664523618113422209e-03
1.664438857780373062e-03
1.664354103481816265e-03
1.664269355215738022e-03
1.664184612981467427e-03
1.664099876779675602e-03
1.664015146609020522e-03
1.663930422468831282e-03
1.663845704361120812e-03
1.663760992282533940e-03
1.663676286233741787e-03
1.663591586214744570e-03
1.663506892224870951e-03
1.663422204263449592e-03
1.663337522330481360e-03
1.663252846425294917e-03
1.663168176547218493e-03
1.663083512696253386e-03
1.662998854871727394e-03
1.662914203073641165e-03
1.662829557301323362e-03
1.662744917554103297e-03
1.662660283831309850e-03
1.662575656133613708e-03
1.662491034459673061e-03
1.662406418809488345e-03
1.662321809182388003e-03
1.662237205578371820e-03
1.662152607996769324e-03
1.662068016436909611e-03
1.661983430898791815e-03
1.661898851381745897e-03
1.661814277885100086e-03
1.661729710409525938e-03
1.661645148953010088e-03
1.661560593516894562e-03
1.661476044099837335e-03
1.661391500700496382e-03
1.661306963319543039e-03
1.661222431956977091e-03
1.661137906611456511e-03
1.661053387282981084e-03
1.660968873971550809e-03
1.660884366675823660e-03
1.660799865395129167e-03
1.660715370130808922e-03
1.660630880880849779e-03
1.660546397645923074e-03
1.660461920424686350e-03
1.660377449217139822e-03
1.660292984022612587e-03
1.660208524840433523e-03
1.660124071671273535e-03
1.660039624514461935e-03
1.659955183369327169e-03
1.659870748234527644e-03
1.659786319110734482e-03
1.659701895997947032e-03
1.659617478894152799e-03
1.659533067800022686e-03
1.659448662715556693e-03
1.659364263639412796e-03
1.659279870571590777e-03
1.659195483510749044e-03
1.659111102458228973e-03
1.659026727412689188e-03
1.658942358372787014e-03
1.658857995339865126e-03
1.658773638312581065e-03
1.658689287290935049e-03
1.658604942273584834e-03
1.658520603260530421e-03
1.658436270251772027e-03
1.658351943247309869e-03
1.658267622245801270e-03
1.658183307247246448e-03
1.658098998250974714e-03
1.658014695255643611e-03
1.657930398263266283e-03
1.657846107271158899e-03
1.657761822279992577e-03
1.657677543289095765e-03
1.657593270298468677e-03
1.657509003307440628e-03
1.657424742315340063e-03
1.657340487321496292e-03
1.657256238325909101e-03
1.657171995327908019e-03
1.657087758328163081e-03
1.657003527324662226e-03
1.656919302318747046e-03
1.656835083307733273e-03
1.656750870292292462e-03
1.656666663273095082e-03
1.656582462248799110e-03
1.656498267218734074e-03
1.656414078182228420e-03
1.656329895139953485e-03
1.656245718090567243e-03
1.656161547034069479e-03
1.656077381970459976e-03
1.655993222897726236e-03
1.655909069817880974e-03
1.655824922728240355e-03
1.655740781629474849e-03
1.655656646521585108e-03
1.655572517402557767e-03
1.655488394273735070e-03
1.655404277134445460e-03
1.655320165982676443e-03
1.655236060819098923e-03
1.655151961644383803e-03
1.655067868455846816e-03
1.654983781254830205e-03
1.654899700040663281e-03
1.654815624812674274e-03
1.654731555569522025e-03
1.654647492311876571e-03
1.654563435040409900e-03
1.654479383752437529e-03
1.654395338447959239e-03
1.654311299127646153e-03
1.654227265790827366e-03
1.654143238436160852e-03
1.654059217064317733e-03
1.653975201673955550e-03
1.653891192265074519e-03
1.653807188837674857e-03
1.653723191391085444e-03
1.653639199924635157e-03
1.653555214437652876e-03
1.653471234930809939e-03
1.653387261402763887e-03
1.653303293853515153e-03
1.653219332281721495e-03
1.653135376688053817e-03
1.653051427072511903e-03
1.652967483433083473e-03
1.652883545769768094e-03
1.652799614083236453e-03
1.652715688372147175e-03
1.652631768636499392e-03
1.652547854874952165e-03
1.652463947088846649e-03
1.652380045276170134e-03
1.652296149436922618e-03
1.652212259571775007e-03
1.652128375678714152e-03
1.652044497757740272e-03
1.651960625808853366e-03
1.651876759831382314e-03
1.651792899825327114e-03
1.651709045789345959e-03
1.651625197724780657e-03
1.651541355628947157e-03
1.651457519502516364e-03
1.651373689346159399e-03
1.651289865157191993e-03
1.651206046936956606e-03
1.651122234684782118e-03
1.651038428398655163e-03
1.650954628080589107e-03
1.650870833727899464e-03
1.650787045342600031e-03
1.650703262922676795e-03
1.650619486467459502e-03
1.650535715976276813e-03
1.650451951451142093e-03
1.650368192888699735e-03
1.650284440290291765e-03
1.650200693655247929e-03
1.650116952982896455e-03
1.650033218272566656e-03
1.649949489523587194e-03
1.649865766737300746e-03
1.649782049911022608e-03
1.649698339046095025e-03
1.649614634141175970e-03
1.649530935195594105e-03
1.649447242209350082e-03
1.649363555182443899e-03
1.649279874114203568e-03
1.649196199003287932e-03
1.649112529850367678e-03
1.649028866655443239e-03
1.648945209416500818e-03
1.648861558134212188e-03
1.648777912808576480e-03
1.648694273438252320e-03
1.648610640022568803e-03
1.648527012561525496e-03
1.648443391055122399e-03
1.648359775502688824e-03
1.648276165904224554e-03
1.648192562258387348e-03
1.648108964565177638e-03
1.648025372823924304e-03
1.647941787035298034e-03
1.647858207197285896e-03
1.647774633310559447e-03
1.647691065374446914e-03
1.647607503388277611e-03
1.647523947352051536e-03
1.647440397264426882e-03
1.647356853126745024e-03
1.647273314936993681e-03
1.647189782695843542e-03
1.647106256401281027e-03
1.647022736054649028e-03
1.646939221654605085e-03
1.646855713201149417e-03
1.646772210693610468e-03
1.646688714131317767e-03
1.646605223514270881e-03
1.646521738842470460e-03
1.646438260113902707e-03
1.646354787330581420e-03
1.646271320489150558e-03
1.646187859591624354e-03
1.646104404635988575e-03
1.646020955623586114e-03
1.645937512552403392e-03
1.645854075422440626e-03
1.645770644233026693e-03
1.645687218985504054e-03
1.645603799676517102e-03
1.645520386308078984e-03
1.645436978878847892e-03
1.645353577388152487e-03
1.645270181835992770e-03
1.645186792221698486e-03
1.645103408544597431e-03
1.645020030805361593e-03
1.644936659002648295e-03
1.644853293136457756e-03
1.644769933205448165e-03
1.644686579210961333e-03
1.644603231150313207e-03
1.644519889025516501e-03
1.644436552834559152e-03
1.644353222576769172e-03
1.644269898252817899e-03
1.644186579861363091e-03
1.644103267402404964e-03
1.644019960876615073e-03
1.643936660281308066e-03
1.643853365617827054e-03
1.643770076885500914e-03
1.643686794083657875e-03
1.643603517211627684e-03
1.643520246268739002e-03
1.643436981255662734e-03
1.643353722170386383e-03
1.643270469014251325e-03
1.643187221785915534e-03
1.643103980485379444e-03
1.643020745111301462e-03
1.642937515664351193e-03
1.642854292143858599e-03
1.642771074547810317e-03
1.642687862878890832e-03
1.642604657133744537e-03
1.642521457313713676e-03
1.642438263417456655e-03
1.642355075445643296e-03
1.642271893396261753e-03
1.642188717270653617e-03
1.642105547066805525e-03
1.642022382784717911e-03
1.641939224425061680e-03
1.641856071986495021e-03
1.641772925467675261e-03
1.641689784870615544e-03
1.641606650192632688e-03
1.641523521434396730e-03
1.641440398595908103e-03
1.641357281675153877e-03
1.641274170672804740e-03
1.641191065588860692e-03
1.641107966421309237e-03
1.641024873171491533e-03
1.640941785838065988e-03
1.640858704421032819e-03
1.640775628919720688e-03
1.640692559333458691e-03
1.640609495662246828e-03
1.640526437905413977e-03
1.640443386062960789e-03
1.640360340134214842e-03
1.640277300117835195e-03
1.640194266015163873e-03
1.640111237824187513e-03
1.640028215545577019e-03
1.639945199177990365e-03
1.639862188722770227e-03
1.639779184177231688e-03
1.639696185541375181e-03
1.639613192817213636e-03
1.639530206001392097e-03
1.639447225093910564e-03
1.639364250096110847e-03
1.639281281005980015e-03
1.639198317824188973e-03
1.639115360549396128e-03
1.639032409180929926e-03
1.638949463719461489e-03
1.638866524164320129e-03
1.638783590514834290e-03
1.638700662769662598e-03
1.638617740930146428e-03
1.638534824994943972e-03
1.638451914963384541e-03
1.638369010836138824e-03
1.638286112611193890e-03
1.638203220288549740e-03
1.638120333869547748e-03
1.638037453351505164e-03
1.637954578735763148e-03
1.637871710020308551e-03
1.637788847205812713e-03
1.637705990290933607e-03
1.637623139276341922e-03
1.637540294160696281e-03
1.637457454944666723e-03
1.637374621626240968e-03
1.637291794206761041e-03
1.637208972684213578e-03
1.637126157059269702e-03
1.637043347331258291e-03
1.636960543499508440e-03
1.636877745563349246e-03
1.636794953523451179e-03
1.636712167378473080e-03
1.636629387127742962e-03
1.636546612772603717e-03
1.636463844309699956e-03
1.636381081741044175e-03
1.636298325065295217e-03
1.636215574282452430e-03
1.636132829391174440e-03
1.636050090392802622e-03
1.635967357284653142e-03
1.635884630068068024e-03
1.635801908741034124e-03
1.635719193305564586e-03
1.635636483758975577e-03
1.635553780101266881e-03
1.635471082333109401e-03
1.635388390453161329e-03
1.635305704461422231e-03
1.635223024356550516e-03
1.635140350139888208e-03
1.635057681808751041e-03
1.634975019364481039e-03
1.634892362806407299e-03
1.634809712133187794e-03
1.634727067345493430e-03
1.634644428441981963e-03
1.634561795423324949e-03
1.634479168288179929e-03
1.634396547035876432e-03
1.634313931666413373e-03
1.634231322179791838e-03
1.634148718576011608e-03
1.634066120853059105e-03
1.633983529011605665e-03
1.633900943050980385e-03
1.633818362970512143e-03
1.633735788770200722e-03
1.633653220450046557e-03
1.633570658008707405e-03
1.633488101445512144e-03
1.633405550761131680e-03
1.633323005954895324e-03
1.633240467025461051e-03
1.633157933973499549e-03
1.633075406797668792e-03
1.632992885499311240e-03
1.632910370075071286e-03
1.632827860527633415e-03
1.632745356853642672e-03
1.632662859055782675e-03
1.632580367130698033e-03
1.632497881079731424e-03
1.632415400902211726e-03
1.632332926597468035e-03
1.632250458164828796e-03
1.632167995604965347e-03
1.632085538915864758e-03
1.632003088097527029e-03
1.631920643151293969e-03
1.631838204074481527e-03
1.631755770867089703e-03
1.631673343529789835e-03
1.631590922061910368e-03
1.631508506462109711e-03
1.631426096731058767e-03
1.631343692867415294e-03
1.631261294870508605e-03
1.631178902741680509e-03
1.631096516478246737e-03
1.631014136082220871e-03
1.630931761550247737e-03
1.630849392885010737e-03
1.630767030083826686e-03
1.630684673147365839e-03
1.630602322074957509e-03
1.630519976865930790e-03
1.630437637519614779e-03
1.630355304036008824e-03
1.630272976415113794e-03
1.630190654656257917e-03
1.630108338758770722e-03
1.630026028721980654e-03
1.629943724545888147e-03
1.629861426230492984e-03
1.629779133774453140e-03
1.629696847177768831e-03
1.629614566439768937e-03
1.629532291560453240e-03
1.629450022539821958e-03
1.629367759376532847e-03
1.629285502070586342e-03
1.629203250620639767e-03
1.629121005028035798e-03
1.629038765290760854e-03
1.628956531408815370e-03
1.628874303382870032e-03
1.628792081210911910e-03
1.628709864894283032e-03
1.628627654430299344e-03
1.628545449820303090e-03
1.628463251062951594e-03
1.628381058158916411e-03
1.628298871106855731e-03
1.628216689906768688e-03
1.628134514557314123e-03
1.628052345059162508e-03
1.627970181411642937e-03
1.627888023614084507e-03
1.627805871665816313e-03
1.627723725567508826e-03
1.627641585317149767e-03
1.627559450916080293e-03
1.627477322362287909e-03
1.627395199655772831e-03
1.627313082797205747e-03
1.627230971785244415e-03
1.627148866619218147e-03
1.627066767299126726e-03
1.626984673824970586e-03
1.626902586195407051e-03
1.626820504409765434e-03
1.626738428468716855e-03
1.626656358371590195e-03
1.626574294118385451e-03
1.626492235707760600e-03
1.626410183139044303e-03
1.626328136412907898e-03
1.626246095528009576e-03
1.626164060484348688e-03
1.626082031281925883e-03
1.626000007920069823e-03
1.625917990396767362e-03
1.625835978714031864e-03
1.625753972870521086e-03
1.625671972865563907e-03
1.625589978698489205e-03
1.625507990369968753e-03
1.625426007878659875e-03
1.625344031223891449e-03
1.625262060405663692e-03
1.625180095424647725e-03
1.625098136278159498e-03
1.625016182968211723e-03
1.624934235491449445e-03
1.624852293850556932e-03
1.624770358043521037e-03
1.624688428068999735e-03
1.624606503929005739e-03
1.624524585621526336e-03
1.624442673145890838e-03
1.624360766502098378e-03
1.624278865690820728e-03
1.624196970710044523e-03
1.624115081559769766e-03
1.624033198239996237e-03
1.623951320749382346e-03
1.623869449089270119e-03
1.623787583257645974e-03
1.623705723253839441e-03
1.623623869079863016e-03
1.623542020731691274e-03
1.623460178212008049e-03
1.623378341518799976e-03
1.623296510652067056e-03
1.623214685611809940e-03
1.623132866396685952e-03
1.623051053006695091e-03
1.622969245441837575e-03
1.622887443700771377e-03
1.622805647783496282e-03
1.622723857690683627e-03
1.622642073420320482e-03
1.622560294973077102e-03
1.622478522347612110e-03
1.622396755543925291e-03
1.622314994561345741e-03
1.622233239400544145e-03
1.622151490060178914e-03
1.622069746539578925e-03
1.621988008838072840e-03
1.621906276957003120e-03
1.621824550893685279e-03
1.621742830649461559e-03
1.621661116222989935e-03
1.621579407614941529e-03
1.621497704823303193e-03
1.621416007848074494e-03
1.621334316689927420e-03
1.621252631346847741e-03
1.621170951820178566e-03
1.621089278107906099e-03
1.621007610210030772e-03
1.620925948127223274e-03
1.620844291857470891e-03
1.620762641401444311e-03
1.620680996757801725e-03
1.620599357927885158e-03
1.620517724909010127e-03
1.620436097701848186e-03
1.620354476306399118e-03
1.620272860721991802e-03
1.620191250946613525e-03
1.620109646982277000e-03
1.620028048827640201e-03
1.619946456482032442e-03
1.619864869944782383e-03
1.619783289215889809e-03
1.619701714295355153e-03
1.619620145181836389e-03
1.619538581875333300e-03
1.619457024375846104e-03
1.619375472682032125e-03
1.619293926794563351e-03
1.619212386712097105e-03
1.619130852433962485e-03
1.619049323961501731e-03
1.618967801292030360e-03
1.618886284426219709e-03
1.618804773364069345e-03
1.618723268104909014e-03
1.618641768648067161e-03
1.618560274992872881e-03
1.618478787139326176e-03
1.618397305086755923e-03
1.618315828835162340e-03
1.618234358383874305e-03
1.618152893732220914e-03
1.618071434880201951e-03
1.617989981827146076e-03
1.617908534573054159e-03
1.617827093115912400e-03
1.617745657457063261e-03
1.617664227596506306e-03
1.617582803530887231e-03
1.617501385263560125e-03
1.617419972791170682e-03
1.617338566115060277e-03
1.617257165233887536e-03
1.617175770147652025e-03
1.617094380855683055e-03
1.617012997357309290e-03
1.616931619653201851e-03
1.616850247740676903e-03
1.616768881622417846e-03
1.616687521295741281e-03
1.616606166761317895e-03
1.616524818017134758e-03
1.616443475065205016e-03
1.616362137902844186e-03
1.616280806531395159e-03
1.616199480949514610e-03
1.616118161156532718e-03
1.616036847152449050e-03
1.615955538937262955e-03
1.615874236509633709e-03
1.615792939869560227e-03
1.615711649017042726e-03
1.615630363951410520e-03
1.615549084671321365e-03
1.615467811178117503e-03
1.615386543469114452e-03
1.615305281546325572e-03
1.615224025407737502e-03
1.615142775053350459e-03
1.615061530482493754e-03
1.614980291695166954e-03
1.614899058691370059e-03
1.614817831469090356e-03
1.614736610029669003e-03
1.614655394371765276e-03
1.614574184494706969e-03
1.614492980399166071e-03
1.614411782083799689e-03
1.614330589547937570e-03
1.614249402791578629e-03
1.614168221814724167e-03
1.614087046616702412e-03
1.614005877196842678e-03
1.613924713555144313e-03
1.613843555690937064e-03
1.613762403602878471e-03
1.613681257292310777e-03
1.613600116757221052e-03
1.613518981998950672e-03
1.613437853014816235e-03
1.613356729806159767e-03
1.613275612372309497e-03
1.613194500711924483e-03
1.613113394825003858e-03
1.613032294712218959e-03
1.612951200371556858e-03
1.612870111803688458e-03
1.612789029007271301e-03
1.612707951982976940e-03
1.612626880728792230e-03
1.612545815246059196e-03
1.612464755533435596e-03
1.612383701590921863e-03
1.612302653417175321e-03
1.612221611013538430e-03
1.612140574377327355e-03
1.612059543509883472e-03
1.611978518409864971e-03
1.611897499077272504e-03
1.611816485511434298e-03
1.611735477712350354e-03
1.611654475678678863e-03
1.611573479411090946e-03
1.611492488908915482e-03
1.611411504171481350e-03
1.611330525198117862e-03
1.611249551988153681e-03
1.611168584542259710e-03
1.611087622859765046e-03
1.611006666939327880e-03
1.610925716780947994e-03
1.610844772385296511e-03
1.610763833750360283e-03
1.610682900876139311e-03
1.610601973762633594e-03
1.610521052409843567e-03
1.610440136816426119e-03
1.610359226981711214e-03
1.610278322906369755e-03
1.610197424589730189e-03
1.610116532030451139e-03
1.610035645229202861e-03
1.609954764184644196e-03
1.609873888897445397e-03
1.609793019365593969e-03
1.609712155590431503e-03
1.609631297570616191e-03
1.609550445305476911e-03
1.609469598795684785e-03
1.609388758039226666e-03
1.609307923036773893e-03
1.609227093788326030e-03
1.609146270291870367e-03
1.609065452548748710e-03
1.608984640556947697e-03
1.608903834317138883e-03
1.608823033828651146e-03
1.608742239090813148e-03
1.608661450103625540e-03
1.608580666865745430e-03
1.608499889377844588e-03
1.608419117639251677e-03
1.608338351649295575e-03
1.608257591407976500e-03
1.608176836913280871e-03
1.608096088166551581e-03
1.608015345167117076e-03
1.607934607914306450e-03
1.607853876407448583e-03
1.607773150646543258e-03
1.607692430630248883e-03
1.607611716359236579e-03
1.607531007833505913e-03
1.607450305051043955e-03
1.607369608011850921e-03
1.607288916716597283e-03
1.607208231163270761e-03
1.607127551352541392e-03
1.607046877284410260e-03
1.606966208957534689e-03
1.606885546371914896e-03
1.606804889526208639e-03
1.606724238421086822e-03
1.606643593055878975e-03
1.606562953430584664e-03
1.606482319542519837e-03
1.606401691395039450e-03
1.606321068984117861e-03
1.606240452311767999e-03
1.606159841376647406e-03
1.606079236178085609e-03
1.605998636716082176e-03
1.605918042989966203e-03
1.605837454999066785e-03
1.605756872744055043e-03
1.605676296223588735e-03
1.605595725436996741e-03
1.605515160384950180e-03
1.605434601066107027e-03
1.605354047479796379e-03
1.605273499627360261e-03
1.605192957505443283e-03
1.605112421116729714e-03
1.605031890458535719e-03
1.604951365532203108e-03
1.604870846335047828e-03
1.604790332868411690e-03
1.604709825132294692e-03
1.604629323124684556e-03
1.604548826845580197e-03
1.604468336294982266e-03
1.604387851472890980e-03
1.604307372378634567e-03
1.604226899010200314e-03
1.604146431369601368e-03
1.604065969454824799e-03
1.603985513265870173e-03
1.603905062802737924e-03
1.603824618063414689e-03
1.603744179049913831e-03
1.603663745760221986e-03
1.603583318194339155e-03
1.603502896350923529e-03
1.603422480231317133e-03
1.603342069834177725e-03
1.603261665158834401e-03
1.603181266204616257e-03
1.603100872972194196e-03
1.603020485460896882e-03
1.602940103669382938e-03
1.602859727597651714e-03
1.602779357245703645e-03
1.602698992612867392e-03
1.602618633698472267e-03
1.602538280503189175e-03
1.602457933024333848e-03
1.602377591263248312e-03
1.602297255219933001e-03
1.602216924892374550e-03
1.602136600281244081e-03
1.602056281385870256e-03
1.601975968205582388e-03
1.601895660739709355e-03
1.601815358989593400e-03
1.601735062952549821e-03
1.601654772629250391e-03
1.601574488018352648e-03
1.601494209121198621e-03
1.601413935935775594e-03
1.601333668462083136e-03
1.601253406700792583e-03
1.601173150649890572e-03
1.601092900309377320e-03
1.601012655679923732e-03
1.600932416759517094e-03
1.600852183548827877e-03
1.600771956046514490e-03
1.600691734253247836e-03
1.600611518167685456e-03
1.600531307789828002e-03
1.600451103119675039e-03
1.600370904155884759e-03
1.600290710898456944e-03
1.600210523347392029e-03
1.600130341501347338e-03
1.600050165360994208e-03
1.599969994924990832e-03
1.599889830192665653e-03
1.599809671165361349e-03
1.599729517840393217e-03
1.599649370219103717e-03
1.599569228300150824e-03
1.599489092083534320e-03
1.599408961568583084e-03
1.599328836754626212e-03
1.599248717642335043e-03
1.599168604229696212e-03
1.599088496517380841e-03
1.599008394504717592e-03
1.598928298191035994e-03
1.598848207576335613e-03
1.598768122659274642e-03
1.598688043441194671e-03
1.598607969920083421e-03
1.598527902096611147e-03
1.598447839968765351e-03
1.598367783537887627e-03
1.598287732802636382e-03
1.598207687763011399e-03
1.598127648418341557e-03
1.598047614767285048e-03
1.597967586811183463e-03
1.597887564548695211e-03
1.597807547979484839e-03
1.597727537102880792e-03
1.597647531919218957e-03
1.597567532426821856e-03
1.597487538626360610e-03
1.597407550517163663e-03
1.597327568098560330e-03
1.597247591370215374e-03
1.597167620331792475e-03
1.597087654982957267e-03
1.597007695323037543e-03
1.596927741351698501e-03
1.596847793068604474e-03
1.596767850473084557e-03
1.596687913565138749e-03
1.596607982344095712e-03
1.596528056809620212e-03
1.596448136961041344e-03
1.596368222798023005e-03
1.596288314320565846e-03
1.596208411527663077e-03
1.596128514419314698e-03
1.596048622994849587e-03
1.595968737253597057e-03
1.595888857195556674e-03
1.595808982820393638e-03
1.595729114127435741e-03
1.595649251116348618e-03
1.595569393786796164e-03
1.595489542138107475e-03
1.595409696170282769e-03
1.595329855881979586e-03
1.595250021273869048e-03
1.595170192344944797e-03
1.595090369094871816e-03
1.595010551523313568e-03
1.594930739629599583e-03
1.594850933413729643e-03
1.594771132875032844e-03
1.594691338013174168e-03
1.594611548827481627e-03
1.594531765317956087e-03
1.594451987483590759e-03
1.594372215324384992e-03
1.594292448840004201e-03
1.594212688029106144e-03
1.594132932892696744e-03
1.594053183429770077e-03
1.593973439639655024e-03
1.593893701521680679e-03
1.593813969076181844e-03
1.593734242302488483e-03
1.593654521199928823e-03
1.593574805768167846e-03
1.593495096006869666e-03
1.593415391915363379e-03
1.593335693493984871e-03
1.593256000741056014e-03
1.593176313657247928e-03
1.593096632241554692e-03
1.593016956493639984e-03
1.592937286413504024e-03
1.592857622000140886e-03
1.592777963253549705e-03
1.592698310173060010e-03
1.592618662758336131e-03
1.592539021009042616e-03
1.592459384924508345e-03
1.592379754504733100e-03
1.592300129748710743e-03
1.592220510656441488e-03
1.592140897227253566e-03
1.592061289461147626e-03
1.591981687357452114e-03
1.591902090915496559e-03
1.591822500134945076e-03
1.591742915015797663e-03
1.591663335557383634e-03
1.591583761758695982e-03
1.591504193620406479e-03
1.591424631141507466e-03
1.591345074321329125e-03
1.591265523159870370e-03
1.591185977656461165e-03
1.591106437810429521e-03
1.591026903622447209e-03
1.590947375090836103e-03
1.590867852215932738e-03
1.590788334996729239e-03
1.590708823433226475e-03
1.590629317525424228e-03
1.590549817271644803e-03
1.590470322672894992e-03
1.590390833727497099e-03
1.590311350435451125e-03
1.590231872797092738e-03
1.590152400811079263e-03
1.590072934477411784e-03
1.589993473795082860e-03
1.589914018764763829e-03
1.589834569384777430e-03
1.589755125655793917e-03
1.589675687576807585e-03
1.589596255147482113e-03
1.589516828367147248e-03
1.589437407236138225e-03
1.589357991753448255e-03
1.589278581918406865e-03
1.589199177731349076e-03
1.589119779190933078e-03
1.589040386297494107e-03
1.588960999050697143e-03
1.588881617449199512e-03
1.588802241493672985e-03
1.588722871182774886e-03
1.588643506516840666e-03
1.588564147494528952e-03
1.588484794116174978e-03
1.588405446381442859e-03
1.588326104289661906e-03
1.588246767840160783e-03
1.588167437032604688e-03
1.588088111866657517e-03
1.588008792342319054e-03
1.587929478458583593e-03
1.587850170215115032e-03
1.587770867611913370e-03
1.587691570647972250e-03
1.587612279323291674e-03
1.587532993637200520e-03
1.587453713589363335e-03
1.587374439179108782e-03
1.587295170406437510e-03
1.587215907271013636e-03
1.587136649771830801e-03
1.587057397908888572e-03
1.586978151681851714e-03
1.586898911090049540e-03
1.586819676133145946e-03
1.586740446810470245e-03
1.586661223122022221e-03
1.586582005067131403e-03
1.586502792645461471e-03
1.586423585856341955e-03
1.586344384699773071e-03
1.586265189174747379e-03
1.586185999281936867e-03
1.586106815019663408e-03
1.586027636388262670e-03
1.585948463387063315e-03
1.585869296015394872e-03
1.585790134273257126e-03
1.585710978159979388e-03
1.585631827675561007e-03
1.585552682818995628e-03
1.585473543590283901e-03
1.585394409988418385e-03
1.585315282013734749e-03
1.585236159665562305e-03
1.585157042943230151e-03
1.585077931846402615e-03
1.584998826375079483e-03
1.584919726527918727e-03
1.584840632305256018e-03
1.584761543706420884e-03
1.584682460731412024e-03
1.584603383379224167e-03
1.584524311649520992e-03
1.584445245542302934e-03
1.584366185056562985e-03
1.584287130192301579e-03
1.584208080948847595e-03
1.584129037325865798e-03
1.584049999323355754e-03
1.583970966939975437e-03
1.583891940176060517e-03
1.583812919030604636e-03
1.583733903503942598e-03
1.583654893595404364e-03
1.583575889303982928e-03
1.583496890629678289e-03
1.583417897572154563e-03
1.583338910131076730e-03
1.583259928305773886e-03
1.583180952095574693e-03
1.583101981500814603e-03
1.583023016520487478e-03
1.582944057154257213e-03
1.582865103401453555e-03
1.582786155262746759e-03
1.582707212736124327e-03
1.582628275822256731e-03
1.582549344520473500e-03
1.582470418830438747e-03
1.582391498751146118e-03
1.582312584282931280e-03
1.582233675425122896e-03
1.582154772177385730e-03
1.582075874538712776e-03
1.581996982509104683e-03
1.581918096088561236e-03
1.581839215276075426e-03
1.581760340071312453e-03
1.581681470473936214e-03
1.581602606483611256e-03
1.581523748099667327e-03
1.581444895322103557e-03
1.581366048150249044e-03
1.581287206583097647e-03
1.581208370621320271e-03
1.581129540263910126e-03
1.581050715510531977e-03
1.580971896360850153e-03
1.580893082813858300e-03
1.580814274869891435e-03
1.580735472528279088e-03
1.580656675788350137e-03
1.580577884650439819e-03
1.580499099112871305e-03
1.580420319176314417e-03
1.580341544839763664e-03
1.580262776103218397e-03
1.580184012966008144e-03
1.580105255427461568e-03
1.580026503487578886e-03
1.579947757145688325e-03
1.579869016401790971e-03
1.579790281254544147e-03
1.579711551704618975e-03
1.579632827751008663e-03
1.579554109393042742e-03
1.579475396631056664e-03
1.579396689463707752e-03
1.579317987891667996e-03
1.579239291913594285e-03
1.579160601529487271e-03
1.579081916738675831e-03
1.579003237540824514e-03
1.578924563935597651e-03
1.578845895922660007e-03
1.578767233501340026e-03
1.578688576671302690e-03
1.578609925432212114e-03
1.578531279783733279e-03
1.578452639725194846e-03
1.578374005256596817e-03
1.578295376376597165e-03
1.578216753085867011e-03
1.578138135383400000e-03
1.578059523268524576e-03
1.577980916741576626e-03
1.577902315801549358e-03
1.577823720448442773e-03
1.577745130681250949e-03
1.577666546499973017e-03
1.577587967904274394e-03
1.577509394893483090e-03
1.577430827467264304e-03
1.577352265624946698e-03
1.577273709366530273e-03
1.577195158691344339e-03
1.577116613599053013e-03
1.577038074089321057e-03
1.576959540161812154e-03
1.576881011815521247e-03
1.576802489050446818e-03
1.576723971865918832e-03
1.576645460262272955e-03
1.576566954238166080e-03
1.576488453793599073e-03
1.576409958927900597e-03
1.576331469641406103e-03
1.576252985932773782e-03
1.576174507802003636e-03
1.576096035248424326e-03
1.576017568271700833e-03
1.575939106872168175e-03
1.575860651048149094e-03
1.575782200800314274e-03
1.575703756127322342e-03
1.575625317028837196e-03
1.575546883505529955e-03
1.575468455556058812e-03
1.575390033179752429e-03
1.575311616376946691e-03
1.575233205146634374e-03
1.575154799488816346e-03
1.575076399402821486e-03
1.574998004888313475e-03
1.574919615944621841e-03
1.574841232572082471e-03
1.574762854769352471e-03
1.574684482536096823e-03
1.574606115872651197e-03
1.574527754778008585e-03
1.574449399252169637e-03
1.574371049294127347e-03
1.574292704903546046e-03
1.574214366080425951e-03
1.574136032824096374e-03
1.574057705134221429e-03
1.573979383010129995e-03
1.573901066451822506e-03
1.573822755458292172e-03
1.573744450029874228e-03
1.573666150165562751e-03
1.573587855864686186e-03
1.573509567127915872e-03
1.573431283953573897e-03
1.573353006342331599e-03
1.573274734293182405e-03
1.573196467805455193e-03
1.573118206879485850e-03
1.573039951513931700e-03
1.572961701709128845e-03
1.572883457464405946e-03
1.572805218779427337e-03
1.572726985653522327e-03
1.572648758086355467e-03
1.572570536077590869e-03
1.572492319626893082e-03
1.572414108733255966e-03
1.572335903397350208e-03
1.572257703617833784e-03
1.572179509394706909e-03
1.572101563103774123e-03
1.572029139887720509e-03
1.571956721113825775e-03
1.571884306776722036e-03
1.571811896881776961e-03
1.571739491424965340e-03
1.571667090408970357e-03
1.571594693831108395e-03
1.571522301691379237e-03
1.571449913991124908e-03
1.571377530730345626e-03
1.571305151906357122e-03
1.571232777521843664e-03
1.571160407574120985e-03
1.571088042064531327e-03
1.571015680993074690e-03
1.570943324358408614e-03
1.570870972160533317e-03
1.570798624400791257e-03
1.570726281076497951e-03
1.570653942187653180e-03
1.570581607738283456e-03
1.570509277721678651e-03
1.570436952143206650e-03
1.570364630998841377e-03
1.570292314291267099e-03
1.570220002019141574e-03
1.570147694181122777e-03
1.570075390778552732e-03
1.570003091810089199e-03
1.569930797278417094e-03
1.569858507178167233e-03
1.569786221513366341e-03
1.569713940281330369e-03
1.569641663484742716e-03
1.569569391120920199e-03
1.569497123188520575e-03
1.569424859691569271e-03
1.569352600627382886e-03
1.569280345994619394e-03
1.569208095794620388e-03
1.569135850027385867e-03
1.569063608691574456e-03
1.568991371788527748e-03
1.568919139316903499e-03
1.568846911275359902e-03
1.568774687667923466e-03
1.568702468487883413e-03
1.568630253741949872e-03
1.568558043424754956e-03
1.568485837538982717e-03
1.568413636083291563e-03
1.568341439057680626e-03
1.568269246460808532e-03
1.568197058294016873e-03
1.568124874557306082e-03
1.568052695249333699e-03
1.567980520371442185e-03
1.567908349920947055e-03
1.567836183899190333e-03
1.567764022307514479e-03
1.567691865141893201e-03
1.567619712405010548e-03
1.567547564095524279e-03
1.567475420214776635e-03
1.567403280760083567e-03
1.567331145734129124e-03
1.567259015135571282e-03
1.567186888961725772e-03
1.567114767215277080e-03
1.567042649894882528e-03
1.566970537000542769e-03
1.566898428533599610e-03
1.566826324492710809e-03
1.566754224875192749e-03
1.566682129683728613e-03
1.566610038918319486e-03
1.566537952577622692e-03
1.566465870660296205e-03
1.566393793169024726e-03
1.566321720101123121e-03
1.566249651457934282e-03
1.566177587238115751e-03
1.566105527443009768e-03
1.566033472071274094e-03
1.565961421122909160e-03
1.565889374596572290e-03
1.565817332493605945e-03
1.565745294814010124e-03
1.565673261556442585e-03
1.565601232720903327e-03
1.565529208307393002e-03
1.565457188317252767e-03
1.565385172746456546e-03
1.565313161599031066e-03
1.565241154872291842e-03
1.565169152566239308e-03
1.565097154680872597e-03
1.565025161217534601e-03
1.564953172173541053e-03
1.564881187550233328e-03
1.564809207346270483e-03
1.564737231562993679e-03
1.564665260199061105e-03
1.564593293254473196e-03
1.564521330729229083e-03
1.564449372621987610e-03
1.564377418935432393e-03
1.564305469666879382e-03
1.564233524814986551e-03
1.564161584383780409e-03
1.564089648369234014e-03
1.564017716772690258e-03
1.563945789592806682e-03
1.563873866830925311e-03
1.563801948487046145e-03
1.563730034559827160e-03
1.563658125049268788e-03
1.563586219954028137e-03
1.563514319276790125e-03
1.563442423016211860e-03
1.563370531169609940e-03
1.563298643739668417e-03
1.563226760725045265e-03
1.563154882125739834e-03
1.563083007941752558e-03
1.563011138173083870e-03
1.562939272818390877e-03
1.562867411879016472e-03
1.562795555353617980e-03
1.562723703242195833e-03
1.562651855544749599e-03
1.562580012259937468e-03
1.562508173389101467e-03
1.562436338932241811e-03
1.562364508888016042e-03
1.562292683256424593e-03
1.562220862037467248e-03
1.562149045231143790e-03
1.562077232837454652e-03
1.562005424856399401e-03
1.561933621285294203e-03
1.561861822126823108e-03
1.561790027379643874e-03
1.561718237042415127e-03
1.561646451119162076e-03
1.561574669604517268e-03
1.561502892499822513e-03
1.561431119807761862e-03
1.561359351524308804e-03
1.561287587650806016e-03
1.561215828187253280e-03
1.561144073133650815e-03
1.561072322489997968e-03
1.561000576253610906e-03
1.560928834427174330e-03
1.560857097009345348e-03
1.560785364000124827e-03
1.560713635399511683e-03
1.560641911206164757e-03
1.560570191421425858e-03
1.560498476043952962e-03
1.560426765073745850e-03
1.560355058510804740e-03
1.560283356356471441e-03
1.560211658606720092e-03
1.560139965265576554e-03
1.560068276330356992e-03
1.559996591799719598e-03
1.559924911676347772e-03
1.559853235958900139e-03
1.559781564647375832e-03
1.559709897740433910e-03
1.559638235238073505e-03
1.559566577142979318e-03
1.559494923451124841e-03
1.559423274163852314e-03
1.559351629281161521e-03
1.559279988801710220e-03
1.559208352728183112e-03
1.559136721057895712e-03
1.559065093789506647e-03
1.558993470925698881e-03
1.558921852465130825e-03
1.558850238405118643e-03
1.558778628751030220e-03
1.558707023497497672e-03
1.558635422647205050e-03
1.558563826198809893e-03
1.558492234152312637e-03
1.558420646507713281e-03
1.558349063263669365e-03
1.558277484420181542e-03
1.558205909978591184e-03
1.558134339938898726e-03
1.558062774298419684e-03
1.557991213059838759e-03
1.557919656219129223e-03
1.557848103780317588e-03
1.557776555740719802e-03
1.557705012100335214e-03
1.557633472860506718e-03
1.557561938018549828e-03
1.557490407575806354e-03
1.557418881532276946e-03
1.557347359886619145e-03
1.557275842640174759e-03
1.557204329790259955e-03
1.557132821338216974e-03
1.557061317286729651e-03
1.556989817630429884e-03
1.556918322370659481e-03
1.556846831508761119e-03
1.556775345044734147e-03
1.556703862975894947e-03
1.556632385303585329e-03
1.556560912029146884e-03
1.556489443148554403e-03
1.556417978665833530e-03
1.556346518578300211e-03
1.556275062884612207e-03
1.556203611587453784e-03
1.556132164684140892e-03
1.556060722176015772e-03
1.555989284063077991e-03
1.555917850343985741e-03
1.555846421018739238e-03
1.555774996088680291e-03
1.555703575551124415e-03
1.555632159407414287e-03
1.555560747656207447e-03
1.555489340298846354e-03
1.555417937335330791e-03
1.555346538762976492e-03
1.555275144581783888e-03
1.555203754795778407e-03
1.555132369400934840e-03
1.555060988397252318e-03
1.554989611786073301e-03
1.554918239564713955e-03
1.554846871735857681e-03
1.554775508296820860e-03
1.554704149248945519e-03
1.554632794592232092e-03
1.554561444325337468e-03
1.554490098449604540e-03
1.554418756962348824e-03
1.554347419866254588e-03
1.554276087157295538e-03
1.554204758839497968e-03
1.554133434910177827e-03
1.554062115369335114e-03
1.553990800218311421e-03
1.553919489454423349e-03
1.553848183080354731e-03
1.553776881093421082e-03
1.553705583494965079e-03
1.553634290283644479e-03
1.553563001459458632e-03
1.553491717022408404e-03
1.553420436971151555e-03
1.553349161309713943e-03
1.553277890031385441e-03
1.553206623141534367e-03
1.553135360637476672e-03
1.553064102519212137e-03
1.552992848785398738e-03
1.552921599438720742e-03
1.552850354476494098e-03
1.552779113900060399e-03
1.552707877708078051e-03
1.552636645900546839e-03
1.552565418478809222e-03
1.552494195440180282e-03
1.552422976783318642e-03
1.552351762513592623e-03
1.552280552626975497e-03
1.552209347122125672e-03
1.552138146001726983e-03
1.552066949264437404e-03
1.551995756907572667e-03
1.551924568936501742e-03
1.551853385345855658e-03
1.551782206138318685e-03
1.551711031311206555e-03
1.551639860865862159e-03
1.551568694803626657e-03
1.551497533121815996e-03
1.551426375820430829e-03
1.551355222900812529e-03
1.551284074361619289e-03
1.551212930202851325e-03
1.551141790423166394e-03
1.551070655023906305e-03
1.550999524003729467e-03
1.550928397363977905e-03
1.550857275104651186e-03
1.550786157223065474e-03
1.550715043720563013e-03
1.550643934598485178e-03
1.550572829852806759e-03
1.550501729486211157e-03
1.550430633497356780e-03
1.550359541887585220e-03
1.550288454654212642e-03
1.550217371798581290e-03
1.550146293319348704e-03
1.550075219217857342e-03
1.550004149492764530e-03
1.549933084145413160e-03
1.549862023173118530e-03
1.549790966577223100e-03
1.549719914357726436e-03
1.549648866514628538e-03
1.549577823045245571e-03
1.549506783952261805e-03
1.549435749234334995e-03
1.549364718891464709e-03
1.549293692922309573e-03
1.549222671328211393e-03
1.549151654107827928e-03
1.549080641262501638e-03
1.549009632790890280e-03
1.548938628692993419e-03
1.548867628966127657e-03
1.548796633614318635e-03
1.548725642636224545e-03
1.548654656030503361e-03
1.548583673797154867e-03
1.548512695934837471e-03
1.548441722444892548e-03
1.548370753327320531e-03
1.548299788582121854e-03
1.548228828207953191e-03
1.548157872204815842e-03
1.548086920572709158e-03
1.548015973311633138e-03
1.547945030420245973e-03
1.547874091899889689e-03
1.547803157751906312e-03
1.547732227969585497e-03
1.547661302560979614e-03
1.547590381519378102e-03
1.547519464847465663e-03
1.547448552546583887e-03
1.547377644611364674e-03
1.547306741047176125e-03
1.547235841851334840e-03
1.547164947023839734e-03
1.547094056563349434e-03
1.547023170471205963e-03
1.546952288746067296e-03
1.546881411389275027e-03
1.546810538398145753e-03
1.546739669775362876e-03
1.546668805519584803e-03
1.546597945629469076e-03
1.546527090105016345e-03
1.546456238947567985e-03
1.546385392157124429e-03
1.546314549731001627e-03
1.546243711670541388e-03
1.546172877975743494e-03
1.546102048645266354e-03
1.546031223680451776e-03
1.545960403079957952e-03
1.545889586843784665e-03
1.545818774971931915e-03
1.545747967463058110e-03
1.545677164318504408e-03
1.545606365536929218e-03
1.545535571119674781e-03
1.545464781066740881e-03
1.545393995374101442e-03
1.545323214044440514e-03
1.545252437079100340e-03
1.545181664474054410e-03
1.545110896231987425e-03
1.545040132351556709e-03
1.544969372832762262e-03
1.544898617675604519e-03
1.544827866878741235e-03
1.544757120443514438e-03
1.544686378368582101e-03
1.544615640653944442e-03
1.544544907300942835e-03
1.544474178306893880e-03
1.544403453673139602e-03
1.544332733398337109e-03
1.544262017485171969e-03
1.544191305928274563e-03
1.544120598731671835e-03
1.544049895894021324e-03
1.543979197415323683e-03
1.543908503294236017e-03
1.543837813530758761e-03
1.543767128127575966e-03
1.543696447080661772e-03
1.543625770390015745e-03
1.543555098058322153e-03
1.543484430081554486e-03
1.543413766463739905e-03
1.543343107202193275e-03
1.543272452296914812e-03
1.543201801747904950e-03
1.543131155555163255e-03
1.543060513717348136e-03
1.542989876235801184e-03
1.542919243109180374e-03
1.542848614337485923e-03
1.542777989920717831e-03
1.542707369858876314e-03
1.542636754151960722e-03
1.542566142798629464e-03
1.542495535798882539e-03
1.542424933154061973e-03
1.542354334862825523e-03
1.542283740923831165e-03
1.542213151339763165e-03
1.542142566107937473e-03
1.542071985228354088e-03
1.542001408701012795e-03
1.541930836525913593e-03
1.541860268703056482e-03
1.541789705232441895e-03
1.541719146114069617e-03
1.541648591347939213e-03
1.541578040931367065e-03
1.541507494864353175e-03
1.541436953150923184e-03
1.541366415787051450e-03
1.541295882772737973e-03
1.541225354109324562e-03
1.541154829796811650e-03
1.541084309832514536e-03
1.541013794217775462e-03
1.540943282952594428e-03
1.540872776036971651e-03
1.540802273469565322e-03
1.540731775250374575e-03
1.540661281380742084e-03
1.540590791857983800e-03
1.540520306683441313e-03
1.540449825858457300e-03
1.540379349379005034e-03
1.540308877247768783e-03
1.540238409463406738e-03
1.540167946025918898e-03
1.540097486935304832e-03
1.540027032190222729e-03
1.539956581793356857e-03
1.539886135740681141e-03
1.539815694033537172e-03
1.539745256673266975e-03
1.539674823657187367e-03
1.539604394987981314e-03
1.539533970661623175e-03
1.539463550680797432e-03
1.539393135044161195e-03
1.539322723753057138e-03
1.539252316804801211e-03
1.539181914200735005e-03
1.539111515939516495e-03
1.539041122022488358e-03
1.538970732448308133e-03
1.538900347216975387e-03
1.538829966328490772e-03
1.538759589784196311e-03
1.538689217580065712e-03
1.538618849718782810e-03
1.538548486200347820e-03
1.538478127022076692e-03
1.538407772183969426e-03
1.538337421690052099e-03
1.538267075534956391e-03
1.538196733722708813e-03
1.538126396249283072e-03
1.538056063117363217e-03
1.537985734324264983e-03
1.537915409872672636e-03
1.537845089758559883e-03
1.537774773985953452e-03
1.537704462550826398e-03
1.537634155457205231e-03
1.537563852699722067e-03
1.537493554282402548e-03
1.537423260201220814e-03
1.537352970461544751e-03
1.537282685058006474e-03
1.537212403991948008e-03
1.537142127264711378e-03
1.537071854873612317e-03
1.537001586819992851e-03
1.536931323102511387e-03
1.536861063722509734e-03
1.536790808677303407e-03
1.536720557970919134e-03
1.536650311597988596e-03
1.536580069562537652e-03
1.536509831861882251e-03
1.536439598497364636e-03
1.536369369466300755e-03
1.536299144770032201e-03
1.536228924411243675e-03
1.536158708384566642e-03
1.536088496692685369e-03
1.536018289334257613e-03
1.535948086310625401e-03
1.535877887619104898e-03
1.535807693261038130e-03
1.535737503237766905e-03
1.535667317546607390e-03
1.535597136186217342e-03
1.535526959160622837e-03
1.535456786467139824e-03
1.535386618105768954e-03
1.535316454075166901e-03
1.535246294375334749e-03
1.535176139008956331e-03
1.535105987973347163e-03
1.535035841267165654e-03
1.534965698893095854e-03
1.534895560848453496e-03
1.534825427134580388e-03
1.534755297750134721e-03
1.534685172696458955e-03
1.534615051972210414e-03
1.534544935576047722e-03
1.534474823511996523e-03
1.534404715774688498e-03
1.534334612366807914e-03
1.534264513287012964e-03
1.534194418535303429e-03
1.534124328110337285e-03
1.534054242016140391e-03
1.533984160247345513e-03
1.533914082806635401e-03
1.533844009694011355e-03
1.533773940906788457e-03
1.533703876447650759e-03
1.533633816313914643e-03
1.533563760506921701e-03
1.533493709026672366e-03
1.533423661871824613e-03
1.533353619041035983e-03
1.533283580538332986e-03
1.533213546358347086e-03
1.533143516505104361e-03
1.533073490975921192e-03
1.533003469772139388e-03
1.532933452891074898e-03
1.532863440334069748e-03
1.532793432102465964e-03
1.532723428193579493e-03
1.532653428608752146e-03
1.532583433346642330e-03
1.532513442407250044e-03
1.532443455790574423e-03
1.532373473497958575e-03
1.532303495525375774e-03
1.532233521875510070e-03
1.532163552549703923e-03
1.532093587542588797e-03
1.532023626858191202e-03
1.531953670495168895e-03
1.531883718453521228e-03
1.531813770731907257e-03
1.531743827330326550e-03
1.531673888250120697e-03
1.531603953489948326e-03
1.531534023048466975e-03
1.531464096928360913e-03
1.531394175126946306e-03
1.531324257644222286e-03
1.531254344481532180e-03
1.531184435637532879e-03
1.531114531110882356e-03
1.531044630904265531e-03
1.530974735012313433e-03
1.530904843441736841e-03
1.530834956188509028e-03
1.530765073251288619e-03
1.530695194632759014e-03
1.530625320330236813e-03
1.530555450345063608e-03
1.530485584675897372e-03
1.530415723322738107e-03
1.530345866285586463e-03
1.530276013565783381e-03
1.530206165160645894e-03
1.530136321071515161e-03
1.530066481297049155e-03
1.529996645837248528e-03
1.529926814694796897e-03
1.529856987864326376e-03
1.529787165348520583e-03
1.529717347147380169e-03
1.529647533259562457e-03
1.529577723685068098e-03
1.529507918426580492e-03
1.529438117478731755e-03
1.529368320842864129e-03
1.529298528523003690e-03
1.529228740513782119e-03
1.529158956817883250e-03
1.529089177432623684e-03
1.529019402362028846e-03
1.528949631599388608e-03
1.528879865150072157e-03
1.528810103012735950e-03
1.528740345186038827e-03
1.528670591669980573e-03
1.528600842463219379e-03
1.528531097568438862e-03
1.528461356982955405e-03
1.528391620708110816e-03
1.528321888742563287e-03
1.528252161086312601e-03
1.528182437739358324e-03
1.528112718701701324e-03
1.528043003971998924e-03
1.527973293550251559e-03
1.527903587439143063e-03
1.527833885635989167e-03
1.527764188138106037e-03
1.527694494950861993e-03
1.527624806068888716e-03
1.527555121494870039e-03
1.527485441227464588e-03
1.527415765268013521e-03
1.527346093613833221e-03
1.527276426266265929e-03
1.527206763226653238e-03
1.527137104489627480e-03
1.527067450060556105e-03
1.526997799936755931e-03
1.526928154116884281e-03
1.526858512603625423e-03
1.526788875392952848e-03
1.526719242490235523e-03
1.526649613888762889e-03
1.526579989592560587e-03
1.526510369600287244e-03
1.526440753911942642e-03
1.526371142526184756e-03
1.526301535444355394e-03
1.526231932665112747e-03
1.526162334188456600e-03
1.526092740015729194e-03
1.526023150144246695e-03
1.525953564575350477e-03
1.525883983307699168e-03
1.525814406341292331e-03
1.525744833676130185e-03
1.525675265312212512e-03
1.525605701249539529e-03
1.525536141488111237e-03
1.525466586027927202e-03
1.525397034866304022e-03
1.525327488005925316e-03
1.525257945445449275e-03
1.525188407184875899e-03
1.525118873222862945e-03
1.525049343559410414e-03
1.524979818195860764e-03
1.524910297132213346e-03
1.524840780364442516e-03
1.524771267896574351e-03
1.524701759725924366e-03
1.524632255853835237e-03
1.524562756278964506e-03
1.524493261002654414e-03
1.524423770022220476e-03
1.524354283339005153e-03
1.524284800953008227e-03
1.524215322862887889e-03
1.524145849068643923e-03
1.524076379571618570e-03
1.524006914369127564e-03
1.523937453463854955e-03
1.523867996853116909e-03
1.523798544536913210e-03
1.523729096515243856e-03
1.523659652789450874e-03
1.523590213358192455e-03
1.523520778221468383e-03
1.523451347376594605e-03
1.523381920827597200e-03
1.523312498571792115e-03
1.523243080607837542e-03
1.523173666938417315e-03
1.523104257563531651e-03
1.523034852477812015e-03
1.522965451687968751e-03
1.522896055187291731e-03
1.522826662981149274e-03
1.522757275064172845e-03
1.522687891440389170e-03
1.522618512108455573e-03
1.522549137067030029e-03
1.522479766316113189e-03
1.522410399855704186e-03
1.522341037687145911e-03
1.522271679806411638e-03
1.522202326217527444e-03
1.522132976917809927e-03
1.522063631907258222e-03
1.521994291187215220e-03
1.521924954754996220e-03
1.521855622611943248e-03
1.521786294756714711e-03
1.521716971191994444e-03
1.521647651915098180e-03
1.521578336924684326e-03
1.521509026222094690e-03
1.521439719808671083e-03
1.521370417680387643e-03
1.521301119839928422e-03
1.521231826285951395e-03
1.521162537018456344e-03
1.521093252038785730e-03
1.521023971345597092e-03
1.520954694936206596e-03
1.520885422813298077e-03
1.520816154975529943e-03
1.520746891424243786e-03
1.520677632158097797e-03
1.520608377175749950e-03
1.520539126477200029e-03
1.520469880063790059e-03
1.520400637935520475e-03
1.520331400089707007e-03
1.520262166529033490e-03
1.520192937249473849e-03
1.520123712255054375e-03
1.520054491543091019e-03
1.519985275113583563e-03
1.519916062967874249e-03
1.519846855101936785e-03
1.519777651519797681e-03
1.519708452218772234e-03
1.519639257201545147e-03
1.519570066464089909e-03
1.519500880007748330e-03
1.519431697832521059e-03
1.519362519938407662e-03
1.519293346322724090e-03
1.519224176989496635e-03
1.519155011936041246e-03
1.519085851161015681e-03
1.519016694668446016e-03
1.518947542452964367e-03
1.518878394515912542e-03
1.518809250859974591e-03
1.518740111481124656e-03
1.518670976382046787e-03
1.518601845560056500e-03
1.518532719017838279e-03
1.518463596751365831e-03
1.518394478763323207e-03
1.518325365051026573e-03
1.518256255618501572e-03
1.518187150461722777e-03
1.518118049580689756e-03
1.518048952978086341e-03
1.517979860649886891e-03
1.517910772598775240e-03
1.517841688822067336e-03
1.517772609322447447e-03
1.517703534097231306e-03
1.517634463147760938e-03
1.517565396472694101e-03
1.517496334070689203e-03
1.517427275944430295e-03
1.517358222092574918e-03
1.517289172515123288e-03
1.517220127210733380e-03
1.517151086179405412e-03
1.517082049422480974e-03
1.517013016937276450e-03
1.516943988726475673e-03
1.516874964786052568e-03
1.516805945120032993e-03
1.516736929724391307e-03
1.516667918601811342e-03
1.516598911749608833e-03
1.516529909170468262e-03
1.516460910861705145e-03
1.516391916824661725e-03
1.516322927057995977e-03
1.516253941561708117e-03
1.516184960334455685e-03
1.516115983380264976e-03
1.516047010692425645e-03
1.515978042277648253e-03
1.515909078129222239e-03
1.515840118251174113e-03
1.515771162643503442e-03
1.515702211302184365e-03
1.515633264229900717e-03
1.515564321426652932e-03
1.515495382891098551e-03
1.515426448623237573e-03
1.515357518623070433e-03
1.515288592890596912e-03
1.515219671424474770e-03
1.515150754226046248e-03
1.515081841292627079e-03
1.515012932626901530e-03
1.514944028228869602e-03
1.514875128094505001e-03
1.514806232226491994e-03
1.514737340624830583e-03
1.514668453286836499e-03
1.514599570215194009e-03
1.514530691407218847e-03
1.514461816865595280e-03
1.514392946587639257e-03
1.514324080572008319e-03
1.514255218822728975e-03
1.514186361337117393e-03
1.514117508113830895e-03
1.514048659154211942e-03
1.513979814458260532e-03
1.513910974023292182e-03
1.513842137851991376e-03
1.513773305943016088e-03
1.513704478296366319e-03
1.513635654910699610e-03
1.513566835788700445e-03
1.513498020926342747e-03
1.513429210324968325e-03
1.513360403985919206e-03
1.513291601905169311e-03
1.513222804088086744e-03
1.513154010529303836e-03
1.513085221231503987e-03
1.513016436192003581e-03
1.512947655413486451e-03
1.512878878893268546e-03
1.512810106634033917e-03
1.512741338631756489e-03
1.512672574889120528e-03
1.512603815404783792e-03
1.512535060178746499e-03
1.512466309211008214e-03
1.512397562500227347e-03
1.512328820046403679e-03
1.512260081852221261e-03
1.512191347912311993e-03
1.512122618232043976e-03
1.512053892807391133e-03
1.511985171638353682e-03
1.511916454724931188e-03
1.511847742068465894e-03
1.511779033668958017e-03
1.511710329522381047e-03
1.511641629632761493e-03
1.511572933998757114e-03
1.511504242616341833e-03
1.511435555492225561e-03
1.511366872619698603e-03
1.511298194002786604e-03
1.511229519638805944e-03
1.511160849530440243e-03
1.511092183672321614e-03
1.511023522069818376e-03
1.510954864720246045e-03
1.510886211622262812e-03
1.510817562777210703e-03
1.510748918185089718e-03
1.510680277843215588e-03
1.510611641754272799e-03
1.510543009916918891e-03
1.510474382331154081e-03
1.510405758995636344e-03
1.510337139911707705e-03
1.510268525079367947e-03
1.510199914495933236e-03
1.510131308162745599e-03
1.510062706079804817e-03
1.509994108247111324e-03
1.509925514663322662e-03
1.509856925329781073e-03
1.509788340245144314e-03
1.509719759408070577e-03
1.509651182821243913e-03
1.509582610481980270e-03
1.509514042390279432e-03
1.509445478547483425e-03
1.509376918952250440e-03
1.509308363603238451e-03
1.509239812503131292e-03
1.509171265647903104e-03
1.509102723041579747e-03
1.509034184681477386e-03
1.508965650566253995e-03
1.508897120697251385e-03
1.508828595074469554e-03
1.508760073699250744e-03
1.508691556566226638e-03
1.508623043682107796e-03
1.508554535038841415e-03
1.508486030643138055e-03
1.508417530490971208e-03
1.508349034582341739e-03
1.508280542918590591e-03
1.508212055498376605e-03
1.508143572321699131e-03
1.508075093388558602e-03
1.508006618698954802e-03
1.507938148250203897e-03
1.507869682046331962e-03
1.507801220083312488e-03
1.507732762362487718e-03
1.507664308885199892e-03
1.507595859647422720e-03
1.507527414653182275e-03
1.507458973899794726e-03
1.507390537387259853e-03
1.507322105112893608e-03
1.507253677083405900e-03
1.507185253292087253e-03
1.507116833740279041e-03
1.507048418429323723e-03
1.506980007356537032e-03
1.506911600524602803e-03
1.506843197932179659e-03
1.506774799577924925e-03
1.506706405461838818e-03
1.506638015585263580e-03
1.506569629946856751e-03
1.506501248545276525e-03
1.506432871383206950e-03
1.506364498457964194e-03
1.506296129769547822e-03
1.506227765317958269e-03
1.506159405103195100e-03
1.506091049126600558e-03
1.506022697385490808e-03
1.505954349881207443e-03
1.505886006612408654e-03
1.505817667577752633e-03
1.505749332779922778e-03
1.505681002218919960e-03
1.505612675890717232e-03
1.505544353797999297e-03
1.505476035939423696e-03
1.505407722314990645e-03
1.505339412926042387e-03
1.505271107771236462e-03
1.505202806847889038e-03
1.505134510158684163e-03
1.505066217703621622e-03
1.504997929480017581e-03
1.504929645490556090e-03
1.504861365732552882e-03
1.504793090207350199e-03
1.504724818913606016e-03
1.504656551852662357e-03
1.504588289023176982e-03
1.504520030422466055e-03
1.504451776055897678e-03
1.504383525919445559e-03
1.504315280013109914e-03
1.504247038338232768e-03
1.504178800890787829e-03
1.504110567676143415e-03
1.504042338690273232e-03
1.503974113934519524e-03
1.503905893407540047e-03
1.503837677107992994e-03
1.503769465039904224e-03
1.503701257197906068e-03
1.503633053586023952e-03
1.503564854200232235e-03
1.503496659044556991e-03
1.503428468114971711e-03
1.503360281412818855e-03
1.503292098939440448e-03
1.503223920692152221e-03
1.503155746669612366e-03
1.503087576875846744e-03
1.503019411308171302e-03
1.502951249965244233e-03
1.502883092849749370e-03
1.502814939957660637e-03
1.502746791293004328e-03
1.502678646851754148e-03
1.502610506636594149e-03
1.502542370644840497e-03
1.502474238877835001e-03
1.502406111335577660e-03
1.502337988016726449e-03
1.502269868921281585e-03
1.502201754050584877e-03
1.502133643401952056e-03
1.502065536976725799e-03
1.501997434773563430e-03
1.501929336793807190e-03
1.501861243036115273e-03
1.501793153500487459e-03
1.501725068186923751e-03
1.501656987094082121e-03
1.501588910223304596e-03
1.501520837573249150e-03
1.501452769143916000e-03
1.501384704936646738e-03
1.501316644947415721e-03
1.501248589180248592e-03
1.501180537632461733e-03
1.501112490305396736e-03
1.501044447196369768e-03
1.500976408306723070e-03
1.500908373636456209e-03
1.500840343185569619e-03
1.500772316952720840e-03
1.500704294937910089e-03
1.500636277142479392e-03
1.500568263563744915e-03
1.500500254203048032e-03
1.500432249059047585e-03
1.500364248133084734e-03
1.500296251423817884e-03
1.500228258931247255e-03
1.500160270655372411e-03
1.500092286594851545e-03
1.500024306751026682e-03
1.499956331122555579e-03
1.499888359709438670e-03
1.499820392513017547e-03
1.499752429530608160e-03
1.499684470763552966e-03
1.499616516210509507e-03
1.499548565872820243e-03
1.499480619747800472e-03
1.499412677838134677e-03
1.499344740141138809e-03
1.499276806658154894e-03
1.499208877387840687e-03
1.499140952331538433e-03
1.499073031487906105e-03
1.499005114855601461e-03
1.498937202437308769e-03
1.498869294229001736e-03
1.498801390233364629e-03
1.498733490450397231e-03
1.498665594877415710e-03
1.498597703515761872e-03
1.498529816365435936e-03
1.498461933426437900e-03
1.498394054696083498e-03
1.498326180177056779e-03
1.498258309868015937e-03
1.498190443767618727e-03
1.498122581878549202e-03
1.498054724198123744e-03
1.497986870726341702e-03
1.497919021463203510e-03
1.497851176408709168e-03
1.497783335562858243e-03
1.497715498924309142e-03
1.497647666494403675e-03
1.497579838271800032e-03
1.497512014256497997e-03
1.497444194448497353e-03
1.497376378847798751e-03
1.497308567453059513e-03
1.497240760265622101e-03
1.497172957284144488e-03
1.497105158508626457e-03
1.497037363939067792e-03
1.496969573575468926e-03
1.496901787416487616e-03
1.496834005462123864e-03
1.496766227712377885e-03
1.496698454168591272e-03
1.496630684828080407e-03
1.496562919690844857e-03
1.496495158759569106e-03
1.496427402031568887e-03
1.496359649505502173e-03
1.496291901184053016e-03
1.496224157064537366e-03
1.496156417148297247e-03
1.496088681435332876e-03
1.496020949924301794e-03
1.495953222613862193e-03
1.495885499506698123e-03
1.495817780600125751e-03
1.495750065895486451e-03
1.495682355391439065e-03
1.495614649089324752e-03
1.495546946986460327e-03
1.495479249085528975e-03
1.495411555383847294e-03
1.495343865881415069e-03
1.495276180579574107e-03
1.495208499476982818e-03
1.495140822573640766e-03
1.495073149869548170e-03
1.495005481363362787e-03
1.494937817056427075e-03
1.494870156947398577e-03
1.494802501036277724e-03
1.494734849323064085e-03
1.494667201807757658e-03
1.494599558489687974e-03
1.494531919368854381e-03
1.494464284445257097e-03
1.494396653717554313e-03
1.494329027186416716e-03
1.494261404851173402e-03
1.494193786711824372e-03
1.494126172769040745e-03
1.494058563020809593e-03
1.493990957468472724e-03
1.493923356110687896e-03
1.493855758948126446e-03
1.493788165980117254e-03
1.493720577205989199e-03
1.493652992625742713e-03
1.493585412240048486e-03
1.493517836047564273e-03
1.493450264048290293e-03
1.493382696242226545e-03
1.493315132628702125e-03
1.493247573209059058e-03
1.493180017980612860e-03
1.493112466944705990e-03
1.493044920101338447e-03
1.492977377449167774e-03
1.492909838987523498e-03
1.492842304718418550e-03
1.492774774639839567e-03
1.492707248752457886e-03
1.492639727055602170e-03
1.492572209548601514e-03
1.492504696232127255e-03
1.492437187104837153e-03
1.492369682167401894e-03
1.492302181419821912e-03
1.492234684860754964e-03
1.492167192491543077e-03
1.492099704310173320e-03
1.492032220317316814e-03
1.491964740512302223e-03
1.491897264895800665e-03
1.491829793467141455e-03
1.491762326225652821e-03
1.491694863171335629e-03
1.491627404304860351e-03
1.491559949624214057e-03
1.491492499130738772e-03
1.491425052823092470e-03
1.491357610701946274e-03
1.491290172766629061e-03
1.491222739016469928e-03
1.491155309452139562e-03
1.491087884072296371e-03
1.491020462877611042e-03
1.490953045868083793e-03
1.490885633042372382e-03
1.490818224401818833e-03
1.490750819944410433e-03
1.490683419670818088e-03
1.490616023581041363e-03
1.490548631674409570e-03
1.490481243950251807e-03
1.490413860409909880e-03
1.490346481051371078e-03
1.490279105875305871e-03
1.490211734881043571e-03
1.490144368069255300e-03
1.490077005438599032e-03
1.490009646989745454e-03
1.489942292721352542e-03
1.489874942634762537e-03
1.489807596727962509e-03
1.489740255002294485e-03
1.489672917456416005e-03
1.489605584090998407e-03
1.489538254904699665e-03
1.489470929898190684e-03
1.489403609070800560e-03
1.489336292422529075e-03
1.489268979953376447e-03
1.489201671662000650e-03
1.489134367549743493e-03
1.489067067615263383e-03
1.488999771858559671e-03
1.488932480279632790e-03
1.488865192877140715e-03
1.488797909653096375e-03
1.488730630605486840e-03
1.488663355734311895e-03
1.488596085040242659e-03
1.488528818521266204e-03
1.488461556178724337e-03
1.488394298012617276e-03
1.488327044021602779e-03
1.488259794205009940e-03
1.488192548564181003e-03
1.488125307098444412e-03
1.488058069806458576e-03
1.487990836688894399e-03
1.487923607745751881e-03
1.487856382976359901e-03
1.487789162380718675e-03
1.487721945958156867e-03
1.487654733708674909e-03
1.487587525632943272e-03
1.487520321728278338e-03
1.487453121997364160e-03
1.487385926438187156e-03
1.487318735051419098e-03
1.487251547835717527e-03
1.487184364791753347e-03
1.487117185918855871e-03
1.487050011217024882e-03
1.486982840686260380e-03
1.486915674325891461e-03
1.486848512135247003e-03
1.486781354114998129e-03
1.486714200264473715e-03
1.486647050584344884e-03
1.486579905073269177e-03
1.486512763730576340e-03
1.486445626556936843e-03
1.486378493553021807e-03
1.486311364716147183e-03
1.486244240048326115e-03
1.486177119547545458e-03
1.486110003215818142e-03
1.486042891050460332e-03
1.485975783052142932e-03
1.485908679221536847e-03
1.485841579557300269e-03
1.485774484060104102e-03
1.485707392729277224e-03
1.485640305563477826e-03
1.485573222564047936e-03
1.485506143729645092e-03
1.485439069060940634e-03
1.485371998557934560e-03
1.485304932219285064e-03
1.485237870045662831e-03
1.485170812035725837e-03
1.485103758190145203e-03
1.485036708508249807e-03
1.484969662990710771e-03
1.484902621636186070e-03
1.484835584445346607e-03
1.484768551416850574e-03
1.484701522551368658e-03
1.484634497848229956e-03
1.484567477307434684e-03
1.484500460928311503e-03
1.484433448711531753e-03
1.484366440655753190e-03
1.484299436761646936e-03
1.484232437029212558e-03
1.484165441457108679e-03
1.484098450044663963e-03
1.484031462793220435e-03
1.483964479702778311e-03
1.483897500771324011e-03
1.483830525999529091e-03
1.483763555387393332e-03
1.483696588934245832e-03
1.483629626640086373e-03
1.483562668504914955e-03
1.483495714527389986e-03
1.483428764708852841e-03
1.483361819047961929e-03
1.483294877545388154e-03
1.483227940199789490e-03
1.483161007011837059e-03
1.483094077980188835e-03
1.483027153106186409e-03
1.482960232388487974e-03
1.482893315827093963e-03
1.482826403421332821e-03
1.482759495171875668e-03
1.482692591078051602e-03
1.482625691139189935e-03
1.482558795355960919e-03
1.482491903727694085e-03
1.482425016253718312e-03
1.482358132934033382e-03
1.482291253769310634e-03
1.482224378758207825e-03
1.482157507900724955e-03
1.482090641196191121e-03
1.482023778645948130e-03
1.481956920248654391e-03
1.481890066002967445e-03
1.481823215910229533e-03
1.481756369970440440e-03
1.481689528182929478e-03
1.481622690546354404e-03
1.481555857061386122e-03
1.481489027728024850e-03
1.481422202546270371e-03
1.481355381514781093e-03
1.481288564633556583e-03
1.481221751903267960e-03
1.481154943323244105e-03
1.481088138892814113e-03
1.481021338611978200e-03
1.480954542481407055e-03
1.480887750499087748e-03
1.480820962666362303e-03
1.480754178981888696e-03
1.480687399446337831e-03
1.480620624059038803e-03
1.480553852818649587e-03
1.480487085727854235e-03
1.480420322783297790e-03
1.480353563986322061e-03
1.480286809336256145e-03
1.480220058833770945e-03
1.480153312477524435e-03
1.480086570267516834e-03
1.480019832203747924e-03
1.479953098285547016e-03
1.479886368512913462e-03
1.479819642885847912e-03
1.479752921404349931e-03
1.479686204067077928e-03
1.479619490875373278e-03
1.479552781827223485e-03
1.479486076923970357e-03
1.479419376164271870e-03
1.479352679548128239e-03
1.479285987076210153e-03
1.479219298747175802e-03
1.479152614561025187e-03
1.479085934517758091e-03
1.479019258617374731e-03
1.478952586859203985e-03
1.478885919242574950e-03
1.478819255768158312e-03
1.478752596435283602e-03
1.478685941243279263e-03
1.478619290193487540e-03
1.478552643283895501e-03
1.478486000514502930e-03
1.478419361885980948e-03
1.478352727397658651e-03
1.478286097049535822e-03
1.478219470840941557e-03
1.478152848771204951e-03
1.478086230840996692e-03
1.478019617050317213e-03
1.477953007397824056e-03
1.477886401883517437e-03
1.477819800508739382e-03
1.477753203270806056e-03
1.477686610171058835e-03
1.477620021208156343e-03
1.477553436384111294e-03
1.477486855695568733e-03
1.477420279145212493e-03
1.477353706729687835e-03
1.477287138452349500e-03
1.477220574309842747e-03
1.477154014303509386e-03
1.477087458433349416e-03
1.477020906698021030e-03
1.476954359098195130e-03
1.476887815633200381e-03
1.476821276303036997e-03
1.476754741107034075e-03
1.476688210045191832e-03
1.476621683117509617e-03
1.476555160323316960e-03
1.476488641663284548e-03
1.476422127136070355e-03
1.476355616741003695e-03
1.476289110480097496e-03
1.476222608351338396e-03
1.476156110354726828e-03
1.476089616489591454e-03
1.476023126757274300e-03
1.475956641155762653e-03
1.475890159685727199e-03
1.475823682347167940e-03
1.475757209138743066e-03
1.475690740061794386e-03
1.475624275114980092e-03
1.475557814298299967e-03
1.475491357611754227e-03
1.475424905054671535e-03
1.475358456626381203e-03
1.475292012327554135e-03
1.475225572158190331e-03
1.475159136116947550e-03
1.475092704204497129e-03
1.475026276420838851e-03
1.474959852764630690e-03
1.474893433235872648e-03
1.474827017834564940e-03
1.474760606561378255e-03
1.474694199414970999e-03
1.474627796394671619e-03
1.474561397501822574e-03
1.474495002735081621e-03
1.474428612093777640e-03
1.474362225578582184e-03
1.474295843189494604e-03
1.474229464925172874e-03
1.474163090786288549e-03
1.474096720772170291e-03
1.474030354882817882e-03
1.473963993118231758e-03
1.473897635477069892e-03
1.473831281960002971e-03
1.473764932567030997e-03
1.473698587297482846e-03
1.473632246151359172e-03
1.473565909127988417e-03
1.473499576226699461e-03
1.473433247448834764e-03
1.473366922792380962e-03
1.473300602258009176e-03
1.473234285846390310e-03
1.473167973555511651e-03
1.473101665386043887e-03
1.473035361337315897e-03
1.472969061409999019e-03
1.472902765602751227e-03
1.472836473916243425e-03
1.472770186349133155e-03
1.472703902902763309e-03
1.472637623576462116e-03
1.472571348368216862e-03
1.472505077279369573e-03
1.472438810309920250e-03
1.472372547459197554e-03
1.472306288726531014e-03
1.472240034112591318e-03
1.472173783616036440e-03
1.472107537236866381e-03
1.472041294975752262e-03
1.471975056832022961e-03
1.471908822805007792e-03
1.471842592894706103e-03
1.471776367100447423e-03
1.471710145423573346e-03
1.471643927862071157e-03
1.471577714416611978e-03
1.471511505086524254e-03
1.471445299871808852e-03
1.471379098771793785e-03
1.471312901786479702e-03
1.471246708916537291e-03
1.471180520160624526e-03
1.471114335518741842e-03
1.471048154990217682e-03
1.470981978576394291e-03
1.470915806275258737e-03
1.470849638087481709e-03
1.470783474012392518e-03
1.470717314049991165e-03
1.470651158200277217e-03
1.470585006463251323e-03
1.470518858836899903e-03
1.470452715323236105e-03
1.470386575920918336e-03
1.470320440629274824e-03
1.470254309448977125e-03
1.470188182379353900e-03
1.470122059420405584e-03
1.470055940572131742e-03
1.469989825833190782e-03
1.469923715204253176e-03
1.469857608685319356e-03
1.469791506275046865e-03
1.469725407974107256e-03
1.469659313781829192e-03
1.469593223698883577e-03
1.469527137723257697e-03
1.469461055856293146e-03
1.469394978097319452e-03
1.469328904445665060e-03
1.469262834901330405e-03
1.469196769464315268e-03
1.469130708133948530e-03
1.469064650910901527e-03
1.468998597793831802e-03
1.468932548782739570e-03
1.468866503877625049e-03
1.468800463079158927e-03
1.468734426385328272e-03
1.468668393796803990e-03
1.468602365313586514e-03
1.468536340934333169e-03
1.468470320660386630e-03
1.468404304490404221e-03
1.468338292424386377e-03
1.468272284462332662e-03
1.468206280603572824e-03
1.468140280848777334e-03
1.468074285196603948e-03
1.468008293647053101e-03
1.467942306200124792e-03
1.467876322855818805e-03
1.467810343613464236e-03
1.467744368473061084e-03
1.467678397433938011e-03
1.467612430496095452e-03
1.467546467659533406e-03
1.467480508924251439e-03
1.467414554290249985e-03
1.467348603755515898e-03
1.467282657321390986e-03
1.467216714987204344e-03
1.467150776752956408e-03
1.467084842617304282e-03
1.467018912581590645e-03
1.466952986645144374e-03
1.466887064806623227e-03
1.466821147067369447e-03
1.466755233426041008e-03
1.466689323882637477e-03
1.466623418437159503e-03
1.466557517088935749e-03
1.466491619838637120e-03
1.466425726684250684e-03
1.466359837627789590e-03
1.466293952667240691e-03
1.466228071803274890e-03
1.466162195035221284e-03
1.466096322363079872e-03
1.466030453786850655e-03
1.465964589305862728e-03
1.465898728919444753e-03
1.465832872628268068e-03
1.465767020433003578e-03
1.465701172330296110e-03
1.465635328322829715e-03
1.465569488408591681e-03
1.465503652588252478e-03
1.465437820861141636e-03
1.465371993228600962e-03
1.465306169687275069e-03
1.465240350239177319e-03
1.465174534884307713e-03
1.465108723620653320e-03
1.465042916449555950e-03
1.464977113370344482e-03
1.464911314382348010e-03
1.464845519485566752e-03
1.464779728680000491e-03
1.464713941965649227e-03
1.464648159341171152e-03
1.464582380806566048e-03
1.464516606363175724e-03
1.464450836008987468e-03
1.464385069744672183e-03
1.464319307569558965e-03
1.464253549483647814e-03
1.464187795486267393e-03
1.464122045577418135e-03
1.464056299757099822e-03
1.463990558025312239e-03
1.463924820381384915e-03
1.463859086824646294e-03
1.463793357355767499e-03
1.463727631973406719e-03
1.463661910678905982e-03
1.463596193470923044e-03
1.463530480349457905e-03
1.463464771313168758e-03
1.463399066364068531e-03
1.463333365499473173e-03
1.463267668721395399e-03
1.463201976028493832e-03
1.463136287420096918e-03
1.463070602896875995e-03
1.463004922457488604e-03
1.462939246103277420e-03
1.462873573832228864e-03
1.462807905645684961e-03
1.462742241542303902e-03
1.462676581522757025e-03
1.462610925585701438e-03
1.462545273731808912e-03
1.462479625960408109e-03
1.462413982271499029e-03
1.462348342664410768e-03
1.462282707139814014e-03
1.462217075695696269e-03
1.462151448334070248e-03
1.462085825052922804e-03
1.462020205852925057e-03
1.461954590733406320e-03
1.461888979694366160e-03
1.461823372735804360e-03
1.461757769857050448e-03
1.461692171058104426e-03
1.461626576338294738e-03
1.461560985697622035e-03
1.461495399136756787e-03
1.461429816653015377e-03
1.461364238249081423e-03
1.461298663922942212e-03
1.461233093675268430e-03
1.461167527504718486e-03
1.461101965411963069e-03
1.461036407396331055e-03
1.460970853457822880e-03
1.460905303595767422e-03
1.460839757810835152e-03
1.460774216102355815e-03
1.460708678468986953e-03
1.460643144912741496e-03
1.460577615431606730e-03
1.460512090025582440e-03
1.460446568694668840e-03
1.460381051438194595e-03
1.460315538256831041e-03
1.460250029149906840e-03
1.460184524116751089e-03
1.460119023158035125e-03
1.460053526272416273e-03
1.459988033460566086e-03
1.459922544721813445e-03
1.459857060056158132e-03
1.459791579462929459e-03
1.459726102941456089e-03
1.459660630493751169e-03
1.459595162116459743e-03
1.459529697812265861e-03
1.459464237578485257e-03
1.459398781416459739e-03
1.459333329325519270e-03
1.459267881304991861e-03
1.459202437355548851e-03
1.459136997475177092e-03
1.459071561665219044e-03
1.459006129925674057e-03
1.458940702255871660e-03
1.458875278654469610e-03
1.458809859122138812e-03
1.458744443659550170e-03
1.458679032264691188e-03
1.458613624938903241e-03
1.458548221680844737e-03
1.458482822490515460e-03
1.458417427367244504e-03
1.458352036312374114e-03
1.458286649323890707e-03
1.458221266402465622e-03
1.458155887547427955e-03
1.458090512759448610e-03
1.458025142037185345e-03
1.457959775381309497e-03
1.457894412790478609e-03
1.457829054265364233e-03
1.457763699804623695e-03
1.457698349410270792e-03
1.457633003079620822e-03
1.457567660814016244e-03
1.457502322612114817e-03
1.457436988473916322e-03
1.457371658400092316e-03
1.457306332389971459e-03
1.457241010442882631e-03
1.457175692558826050e-03
1.457110378736459471e-03
1.457045068977796259e-03
1.456979763280823051e-03
1.456914461646210968e-03
1.456849164073289104e-03
1.456783870562057244e-03
1.456718581111844484e-03
1.456653295722650822e-03
1.456588014394476259e-03
1.456522737126649892e-03
1.456457463919842406e-03
1.456392194772712211e-03
1.456326929685258873e-03
1.456261668657482609e-03
1.456196411688712514e-03
1.456131158779619275e-03
1.456065909929532423e-03
1.456000665138451307e-03
1.455935424404363214e-03
1.455870187729281073e-03
1.455804955112533980e-03
1.455739726552109006e-03
1.455674502050689767e-03
1.455609281605592647e-03
1.455544065217488549e-03
1.455478852886377258e-03
1.455413644610916964e-03
1.455348440392449910e-03
1.455283240229633419e-03
1.455218044122467925e-03
1.455152852071624550e-03
1.455087664075089713e-03
1.455022480133535186e-03
1.454957300246960319e-03
1.454892124415365327e-03
1.454826952637408403e-03
1.454761784913760235e-03
1.454696621243749917e-03
1.454631461628048570e-03
1.454566306064643049e-03
1.454501154554875379e-03
1.454436007097403318e-03
1.454370863692898419e-03
1.454305724340018225e-03
1.454240589040104543e-03
1.454175457791815999e-03
1.454110330595152377e-03
1.454045207450113241e-03
1.453980088355357001e-03
1.453914973312225682e-03
1.453849862319376825e-03
1.453784755377481985e-03
1.453719652484527797e-03
1.453654553642527410e-03
1.453589458850138797e-03
1.453524368106690837e-03
1.453459281412854652e-03
1.453394198767287999e-03
1.453329120170662216e-03
1.453264045622977086e-03
1.453198975123561705e-03
1.453133908671744952e-03
1.453068846267527043e-03
1.453003787910236641e-03
1.452938733601215988e-03
1.452873683338451721e-03
1.452808637123286515e-03
1.452743594953706573e-03
1.452678556831054572e-03
1.452613522753988052e-03
1.452548492722507013e-03
1.452483466737283010e-03
1.452418444796973150e-03
1.452353426901578084e-03
1.452288413051097595e-03
1.452223403244860562e-03
1.452158397482867201e-03
1.452093395765788417e-03
1.452028398092282185e-03
1.451963404462348721e-03
1.451898414875316470e-03
1.451833429331856988e-03
1.451768447830627815e-03
1.451703470372971193e-03
1.451638496956203072e-03
1.451573527583007719e-03
1.451508562251371771e-03
1.451443600960624107e-03
1.451378643712106968e-03
1.451313690504478331e-03
1.451248741337738193e-03
1.451183796211886774e-03
1.451118855125581395e-03
1.451053918080164517e-03
1.450988985074965236e-03
1.450924056109312212e-03
1.450859131182534760e-03
1.450794210295303565e-03
1.450729293446947942e-03
1.450664380637467672e-03
1.450599471866862757e-03
1.450534567133791169e-03
1.450469666439595153e-03
1.450404769782261344e-03
1.450339877163131985e-03
1.450274988580193929e-03
1.450210104035460105e-03
1.450145223526917585e-03
1.450080347055237489e-03
1.450015474619748912e-03
1.449950606219780518e-03
1.449885741856003427e-03
1.449820881527746517e-03
1.449756025235010006e-03
1.449691172977122773e-03
1.449626324754084818e-03
1.449561480565225019e-03
1.449496640411214714e-03
1.449431804292053471e-03
1.449366972205057454e-03
1.449302144152910714e-03
1.449237320133600323e-03
1.449172500147796966e-03
1.449107684194158837e-03
1.449042872274699080e-03
1.448978064386062525e-03
1.448913260530261884e-03
1.448848460705955566e-03
1.448783664913814474e-03
1.448718873152496584e-03
1.448654085423343920e-03
1.448589301723672215e-03
1.448524522056165737e-03
1.448459746418140435e-03
1.448394974810267213e-03
1.448330207233217192e-03
1.448265443684977226e-03
1.448200684166889339e-03
1.448135928678282629e-03
1.448071177217814852e-03
1.448006429786828251e-03
1.447941686383309896e-03
1.447876947008601379e-03
1.447812211662032012e-03
1.447747480342930675e-03
1.447682753051968271e-03
1.447618029787803209e-03
1.447553310550435055e-03
1.447488595340534713e-03
1.447423884157431713e-03
1.447359176999783595e-03
1.447294473868261265e-03
1.447229774762194034e-03
1.447165079682252806e-03
1.447100388627766679e-03
1.447035701598735650e-03
1.446971018593817262e-03
1.446906339613682852e-03
1.446841664658332638e-03
1.446776993726424159e-03
1.446712326818628538e-03
1.446647663934946208e-03
1.446583005074034492e-03
1.446518350235893608e-03
1.446453699421865798e-03
1.446389052629266795e-03
1.446324409860109744e-03
1.446259771111710595e-03
1.446195136386753399e-03
1.446130505682553889e-03
1.446065879000454088e-03
1.446001256339112624e-03
1.445936637699199532e-03
1.445872023079373654e-03
1.445807412479634341e-03
1.445742805900652930e-03
1.445678203341758082e-03
1.445613604802279545e-03
1.445549010282216234e-03
1.445484419781569232e-03
1.445419833300337674e-03
1.445355250837179967e-03
1.445290672393438136e-03
1.445226097967099036e-03
1.445161527558833352e-03
1.445096961168641737e-03
1.445032398795852852e-03
1.444967840440466479e-03
1.444903286101812149e-03
1.444838735779889428e-03
1.444774189475369220e-03
1.444709647186238812e-03
1.444645108913840013e-03
1.444580574656831014e-03
1.444516044415211815e-03
1.444451518188981983e-03
1.444386995978142168e-03
1.444322477782020598e-03
1.444257963601289045e-03
1.444193453433262808e-03
1.444128947280626371e-03
1.444064445141366587e-03
1.443999947016154362e-03
1.443935452903647668e-03
1.443870962804517412e-03
1.443806476718764026e-03
1.443741994645045051e-03
1.443677516584031826e-03
1.443613042535053228e-03
1.443548572498109042e-03
1.443484106472528146e-03
1.443419644458311191e-03
1.443355186455457743e-03
1.443290732463967585e-03
1.443226282482499125e-03
1.443161836512394172e-03
1.443097394551639580e-03
1.443032956600906686e-03
1.442968522660195057e-03
1.442904092728834221e-03
1.442839666806823530e-03
1.442775244893492511e-03
1.442710826989511853e-03
1.442646413093539529e-03
1.442582003205575758e-03
1.442517597326291442e-03
1.442453195454344557e-03
1.442388797589735103e-03
1.442324403733134201e-03
1.442260013882528703e-03
1.442195628039260203e-03
1.442131246202658663e-03
1.442066868372052094e-03
1.442002494547440930e-03
1.441938124729496293e-03
1.441873758916204819e-03
1.441809397108237845e-03
1.441745039305595156e-03
1.441680685507605846e-03
1.441616335714940821e-03
1.441551989925587149e-03
1.441487648140886641e-03
1.441423310360168825e-03
1.441358976582761929e-03
1.441294646808666388e-03
1.441230321037211297e-03
1.441165999269067343e-03
1.441101681504234526e-03
1.441037367741371256e-03
1.440973057980477097e-03
1.440908752221552267e-03
1.440844450464596549e-03
1.440780152708268135e-03
1.440715858953908832e-03
1.440651569199505929e-03
1.440587283447072138e-03
1.440523001693923624e-03
1.440458723941401981e-03
1.440394450188836953e-03
1.440330180435556986e-03
1.440265914682232985e-03
1.440201652928194262e-03
1.440137395172769695e-03
1.440073141415959285e-03
1.440008891657763032e-03
1.439944645898180720e-03
1.439880404136541659e-03
1.439816166372174730e-03
1.439751932605080149e-03
1.439687702835928387e-03
1.439623477063377635e-03
1.439559255288099231e-03
1.439495037509421838e-03
1.439430823726003212e-03
1.439366613939186031e-03
1.439302408148298738e-03
1.439238206352670430e-03
1.439174008552972445e-03
1.439109814747190986e-03
1.439045624936668944e-03
1.438981439120734767e-03
1.438917257299388670e-03
1.438853079471959532e-03
1.438788905638447354e-03
1.438724735798852352e-03
1.438660569951832066e-03
1.438596408098057836e-03
1.438532250237529661e-03
1.438468096368905299e-03
1.438403946493526991e-03
1.438339800609381592e-03
1.438275658717811127e-03
1.438211520817473570e-03
1.438147386908368922e-03
1.438083256990497182e-03
1.438019131064529254e-03
1.437955009127781306e-03
1.437890891182266482e-03
1.437826777226642108e-03
1.437762667260237930e-03
1.437698561284395321e-03
1.437634459298444030e-03
1.437570361300370041e-03
1.437506267292187152e-03
1.437442177271882216e-03
1.437378091240796825e-03
1.437314009197589604e-03
1.437249931142259686e-03
1.437185857074807938e-03
1.437121786994563022e-03
1.437057720901524721e-03
1.436993658795693253e-03
1.436929600676397495e-03
1.436865546543637448e-03
1.436801496396742208e-03
1.436737450236382895e-03
1.436673408061888172e-03
1.436609369871916231e-03
1.436545335668480000e-03
1.436481305449566551e-03
1.436417279215175449e-03
1.436353256965307345e-03
1.436289238699962022e-03
1.436225224418468359e-03
1.436161214120826139e-03
1.436097207806364675e-03
1.436033205475755088e-03
1.435969207128325823e-03
1.435905212763406410e-03
1.435841222380996630e-03
1.435777235980425365e-03
1.435713253563035072e-03
1.435649275126812171e-03
1.435585300672427567e-03
1.435521330199211005e-03
1.435457363706490932e-03
1.435393401194938251e-03
1.435329442664553395e-03
1.435265488113993907e-03
1.435201537543931124e-03
1.435137590953023019e-03
1.435073648342611186e-03
1.435009709710682911e-03
1.434945775059251341e-03
1.434881844385632209e-03
1.434817917690496634e-03
1.434753994974515522e-03
1.434690076236346847e-03
1.434626161475319704e-03
1.434562250692776120e-03
1.434498343888044973e-03
1.434434441059784238e-03
1.434370542208665035e-03
1.434306647334016244e-03
1.434242756435837865e-03
1.434178869514130114e-03
1.434114986568221436e-03
1.434051107598112483e-03
1.433987232603131916e-03
1.433923361583950640e-03
1.433859494539227062e-03
1.433795631468960533e-03
1.433731772373822606e-03
1.433667917252471041e-03
1.433604066105576740e-03
1.433540218931797896e-03
1.433476375731805195e-03
1.433412536504927951e-03
1.433348701251837068e-03
1.433284869970519616e-03
1.433221042662317403e-03
1.433157219325217500e-03
1.433093399961903958e-03
1.433029584569021821e-03
1.432965773147912682e-03
1.432901965698576974e-03
1.432838162219672671e-03
1.432774362711870461e-03
1.432710567175170561e-03
1.432646775607559824e-03
1.432582988011051614e-03
1.432519204383632351e-03
1.432455424725973588e-03
1.432391649038745798e-03
1.432327877318594457e-03
1.432264109568874089e-03
1.432200345786901075e-03
1.432136585973346104e-03
1.432072830128209391e-03
1.432009078250820033e-03
1.431945330341177595e-03
1.431881586398611609e-03
1.431817846423121638e-03
1.431754110414707685e-03
1.431690378373369965e-03
1.431626650297095332e-03
1.431562926187896932e-03
1.431499206044432523e-03
1.431435489866702323e-03
1.431371777654035209e-03
1.431308069407102087e-03
1.431244365125232051e-03
1.431180664807083294e-03
1.431116968453997624e-03
1.431053276064632798e-03
1.430989587639660155e-03
1.430925903177737452e-03
1.430862222680206932e-03
1.430798546144384327e-03
1.430734873572953687e-03
1.430671204963231396e-03
1.430607540316558828e-03
1.430543879632265297e-03
1.430480222909679680e-03
1.430416570148131073e-03
1.430352921348961720e-03
1.430289276510158039e-03
1.430225635633062490e-03
1.430161998716332830e-03
1.430098365760640181e-03
1.430034736763971396e-03
1.429971111729010525e-03
1.429907490652402614e-03
1.429843873535489689e-03
1.429780260378942652e-03
1.429716651180077455e-03
1.429653045940236121e-03
1.429589444659418651e-03
1.429525847336283236e-03
1.429462253971500564e-03
1.429398664564399731e-03
1.429335079114980736e-03
1.429271497623243797e-03
1.429207920088517575e-03
1.429144346510131166e-03
1.429080776888084570e-03
1.429017211223048691e-03
1.428953649513010600e-03
1.428890091759312539e-03
1.428826537961954291e-03
1.428762988118922710e-03
1.428699442231559820e-03
1.428635900298524030e-03
1.428572362320485595e-03
1.428508828296774042e-03
1.428445298227389373e-03
1.428381772110989345e-03
1.428318249948915984e-03
1.428254731740498601e-03
1.428191217484394739e-03
1.428127707181275734e-03
1.428064200831141153e-03
1.428000698433320309e-03
1.427937199987813419e-03
1.427873705493949144e-03
1.427810214951727268e-03
1.427746728360477320e-03
1.427683245720869987e-03
1.427619767032234366e-03
1.427556292293228214e-03
1.427492821505864677e-03
1.427429354668130826e-03
1.427365891781368686e-03
1.427302432842893990e-03
1.427238977854720101e-03
1.427175526815504776e-03
1.427112079724576895e-03
1.427048636583278700e-03
1.426985197389597044e-03
1.426921762144202832e-03
1.426858330847767401e-03
1.426794903497606484e-03
1.426731480096403914e-03
1.426668060641476075e-03
1.426604645134164559e-03
1.426541233572456652e-03
1.426477825958365501e-03
1.426414422289877526e-03
1.426351022567664282e-03
1.426287626791054213e-03
1.426224234960047970e-03
1.426160847073973783e-03
1.426097463133503421e-03
1.426034083137294427e-03
1.425970707085346800e-03
1.425907334978331661e-03
1.425843966815578106e-03
1.425780602596414797e-03
1.425717242320170830e-03
1.425653885987517543e-03
1.425590533597783597e-03
1.425527185150968776e-03
1.425463840646402610e-03
1.425400500084084664e-03
1.425337163464686276e-03
1.425273830786194084e-03
1.425210502049950329e-03
1.425147177254612769e-03
1.425083856400852743e-03
1.425020539487328007e-03
1.424957226514709683e-03
1.424893917482326433e-03
1.424830612390178691e-03
1.424767311236923998e-03
1.424704014023905028e-03
1.424640720751121133e-03
1.424577431416559382e-03
1.424514146021562018e-03
1.424450864563444989e-03
1.424387587045563034e-03
1.424324313465232536e-03
1.424261043822453061e-03
1.424197778117225043e-03
1.424134516349548048e-03
1.424071258519422510e-03
1.424008004625505969e-03
1.423944754668469547e-03
1.423881508648313461e-03
1.423818266563695685e-03
1.423755028415286906e-03
1.423691794202416438e-03
1.423628563925755184e-03
1.423565337582618660e-03
1.423502115176362689e-03
1.423438896702960759e-03
1.423375682165096924e-03
1.423312471560758252e-03
1.423249264891286768e-03
1.423186062154669328e-03
1.423122863351576834e-03
1.423059668482009720e-03
1.422996477545296432e-03
1.422933290541437404e-03
1.422870107469090392e-03
1.422806928330268544e-03
1.422743753122958496e-03
1.422680581847160682e-03
