1.088457183971491965e-01 1.088457183971491965e-01 1.088457183971491965e-01 1.088457183971491965e-01 1.088457183971491965e-01 1.088457183971491965e-01 1.088457183971491965e-01 1.088457183971491965e-01 1.092055381484341586e-01 1.096484914589840876e-01 1.101722621691604148e-01 1.107717146395898883e-01 1.114400684863826457e-01 1.121698585755374483e-01 1.129535943784592822e-01 1.137841512246255543e-01 1.146549659019361206e-01 1.155601069150625215e-01 1.164942726132244810e-01 1.174527523548030139e-01 1.184313718831916107e-01 1.194264347059758868e-01 1.204346655158906459e-01 1.214531583844798840e-01 1.224793306621482780e-01 1.235108826009349292e-01 1.245457622893807043e-01 1.255821353242976279e-01 1.266183586135238570e-01 1.276529577365430601e-01 1.286846073488440989e-01 1.297121141820106460e-01 1.307344022555661511e-01 1.317504999745797989e-01 1.327595288376792471e-01 1.337606935234398053e-01 1.347532731597393951e-01 1.357366136114114830e-01 1.367101206472375319e-01 1.376732538687919782e-01 1.386255213015797627e-01 1.395664745638851290e-01 1.404957045412854877e-01 1.414128375052926545e-01 1.423175316234112642e-01 1.432094738153380231e-01 1.440883769162997208e-01 1.449539771138368960e-01 1.458060316288424252e-01 1.466443166154939859e-01 1.474686252579808787e-01 1.482787660447141276e-01 1.490745612030947298e-01 1.498558452799623464e-01 1.506224638546057593e-01 1.513742723727341810e-01 1.521111350911151516e-01 1.528329241237132985e-01 1.535395185811462837e-01 1.542308037961170886e-01 1.549066706282183625e-01 1.555670148421436083e-01 1.562117365538900904e-01 1.568407397400228276e-01 1.574539318054838655e-01 1.580512232057963151e-01 1.586325271198245901e-01 1.591977591695279970e-01 1.597468371833799528e-01 1.602796810003303263e-01 1.607962123113662600e-01 1.612963545358805928e-01 1.617800327301874286e-01 1.622471735256435510e-01 1.626977050939289737e-01 1.631315571371321493e-01 1.635486609003569680e-01 1.639489492046392605e-01 1.643323564980217200e-01 1.646988189226879784e-01 1.650482743961138588e-01 1.653806627042400668e-01 1.656959256047208229e-01 1.659940069383529782e-01 1.662748527468396742e-01 1.665384113950972023e-01 1.667846336963698939e-01 1.670134730384778554e-01 1.672248855095884446e-01 1.674188300219734138e-01 1.675952684322873643e-01 1.677541656569884465e-01 1.678954897816074265e-01 1.680192121626662705e-01 1.681253075211480430e-01 1.682137540265238873e-01 1.682845333704558466e-01 1.683376308294080859e-01 1.683730353155218906e-01 1.683907394152321935e-01 1.683907394152321935e-01
1.088457183971491965e-01 1.088457183971491965e-01 1.088457183971491965e-01 1.088457183971491965e-01 1.088457183971491965e-01 1.088457183971491965e-01 1.088457183971491965e-01 1.088457183971491965e-01 1.092055381484341586e-01 1.096484914589840876e-01 1.101722621691604148e-01 1.107717146395898883e-01 1.114400684863826457e-01 1.121698585755374483e-01 1.129535943784592822e-01 1.137841512246255543e-01 1.146549659019361206e-01 1.155601069150625215e-01 1.164942726132244810e-01 1.174527523548030139e-01 1.184313718831916107e-01 1.194264347059758868e-01 1.204346655158906459e-01 1.214531583844798840e-01 1.224793306621482780e-01 1.235108826009349292e-01 1.245457622893807043e-01 1.255821353242976279e-01 1.266183586135238570e-01 1.276529577365430601e-01 1.286846073488440989e-01 1.297121141820106460e-01 1.307344022555661511e-01 1.317504999745797989e-01 1.327595288376792471e-01 1.337606935234398053e-01 1.347532731597393951e-01 1.357366136114114830e-01 1.367101206472375319e-01 1.376732538687919782e-01 1.386255213015797627e-01 1.395664745638851290e-01 1.404957045412854877e-01 1.414128375052926545e-01 1.423175316234112642e-01 1.432094738153380231e-01 1.440883769162997208e-01 1.449539771138368960e-01 1.458060316288424252e-01 1.466443166154939859e-01 1.474686252579808787e-01 1.482787660447141276e-01 1.490745612030947298e-01 1.498558452799623464e-01 1.506224638546057593e-01 1.513742723727341810e-01 1.521111350911151516e-01 1.528329241237132985e-01 1.535395185811462837e-01 1.542308037961170886e-01 1.549066706282183625e-01 1.555670148421436083e-01 1.562117365538900904e-01 1.568407397400228276e-01 1.574539318054838655e-01 1.580512232057963151e-01 1.586325271198245901e-01 1.591977591695279970e-01 1.597468371833799528e-01 1.602796810003303263e-01 1.607962123113662600e-01 1.612963545358805928e-01 1.617800327301874286e-01 1.622471735256435510e-01 1.626977050939289737e-01 1.631315571371321493e-01 1.635486609003569680e-01 1.639489492046392605e-01 1.643323564980217200e-01 1.646988189226879784e-01 1.650482743961138588e-01 1.653806627042400668e-01 1.656959256047208229e-01 1.659940069383529782e-01 1.662748527468396742e-01 1.665384113950972023e-01 1.667846336963698939e-01 1.670134730384778554e-01 1.672248855095884446e-01 1.674188300219734138e-01 1.675952684322873643e-01 1.677541656569884465e-01 1.678954897816074265e-01 1.680192121626662705e-01 1.681253075211480430e-01 1.682137540265238873e-01 1.682845333704558466e-01 1.683376308294080859e-01 1.683730353155218906e-01 1.683907394152321935e-01 1.683907394152321935e-01
1.088457183971491965e-01 1.088457183971491965e-01 1.088457183971491965e-01 1.088457183971491965e-01 1.088457183971491965e-01 1.088457183971491965e-01 1.088457183971491965e-01 1.088457183971491965e-01 1.092140227765577981e-01 1.096668783144933851e-01 1.102006362060073408e-01 1.108091577508886622e-01 1.114851326437044793e-01 1.122209530697619584e-01 1.130092240385575930e-01 1.138430277185955575e-01 1.147160369249005940e-01 1.156225420146820143e-01 1.165574311678451436e-01 1.175161478201953991e-01 1.184946389083017110e-01 1.194893014819037591e-01 1.204969316296655990e-01 1.215146775713092930e-01 1.225399975883427056e-01 1.235706228262059420e-01 1.246045246776257276e-01 1.256398863147241696e-01 1.266750778952447365e-01 1.277086349787563690e-01 1.287392397245942510e-01 1.297657044892902012e-01 1.307869574890611897e-01 1.318020302383582920e-01 1.328100465166388577e-01 1.338102126517711210e-01 1.348018089398618502e-01 1.357841820481656414e-01 1.367567382705871526e-01 1.377189375246430092e-01 1.386702879951109135e-01 1.396103413434050255e-01 1.405386884133838499e-01 1.414549553741508980e-01 1.423588002487440884e-01 1.432499097846754998e-01 1.441279966282707214e-01 1.449927967698539932e-01 1.458440672311614450e-01 1.466815839700674751e-01 1.475051399808730568e-01 1.483145435711177573e-01 1.491096167982027820e-01 1.498901940511145059e-01 1.506561207642620193e-01 1.514072522519285535e-01 1.521434526531241505e-01 1.528645939777364127e-01 1.535705552458440648e-01 1.542612217128909169e-01 1.549364841741455168e-01 1.555962383425020246e-01 1.562403842942267362e-01 1.568688259777302474e-01 1.574814707808602221e-01 1.580782291525701377e-01 1.586590142751315158e-01 1.592237417833287094e-01 1.597723295273121014e-01 1.603046973759874871e-01 1.608207670579989979e-01 1.613204620375134068e-01 1.618037074221477800e-01 1.622704299004970874e-01 1.627205577068174813e-01 1.631540206105084323e-01 1.635707499281136290e-01 1.639706785556282465e-01 1.643537410189604975e-01 1.647198735404528935e-01 1.650690141194192107e-01 1.654011026247050875e-01 1.657160808973275612e-01 1.660138928613010545e-01 1.662944846408055954e-01 1.665578046819087554e-01 1.668038038771088583e-01 1.670324356910266594e-01 1.672436562856408071e-01 1.674374246435297864e-01 1.676137026876609593e-01 1.677724553963498011e-01 1.679136509120982834e-01 1.680372606431171090e-01 1.681432593564354816e-01 1.682316252616070096e-01 1.683023400841328343e-01 1.683553891278367909e-01 1.683907613255489766e-01 1.684084492775779485e-01 1.684084492775779485e-01
1.088457183971491965e-01 1.088457183971491965e-01 1.088457183971491965e-01 1.088457183971491965e-01 1.088457183971491965e-01 1.088457183971491965e-01 1.088457183971491965e-01 1.088457183971491965e-01 1.092325511328403886e-01 1.097065448017649353e-01 1.102609470455093166e-01 1.108876419029593136e-01 1.115784895490867651e-01 1.123258272624857307e-01 1.131226065341228992e-01 1.139624030059116361e-01 1.148393897025152821e-01 1.157483007797684149e-01 1.166843920965608128e-01 1.176434000431500621e-01 1.186214996373876895e-01 1.196152630795743882e-01 1.206216198951018947e-01 1.216378195190773448e-01 1.226613968425783602e-01 1.236901409449238654e-01 1.247220670167266121e-01 1.257553913346244889e-01 1.267885090659686687e-01 1.278199746431386008e-01 1.288484844375723803e-01 1.298728614717362118e-01 1.308920419251877743e-01 1.319050632134323719e-01 1.329110534421900358e-01 1.339092220630832553e-01 1.348988515785926323e-01 1.358792901639271633e-01 1.368499450910687365e-01 1.378102768557194491e-01 1.387597939213460752e-01 1.396980480061680019e-01 1.406246298489820246e-01 1.415391653983526787e-01 1.424413123771144929e-01 1.433307571804946501e-01 1.442072120716255679e-01 1.450704126429023522e-01 1.459201155156650553e-01 1.467560962541470393e-01 1.475781474726073628e-01 1.483860771171326975e-01 1.491797069058075631e-01 1.499588709128641950e-01 1.507234142840787328e-01 1.514731920721123504e-01 1.522080681817391812e-01 1.529279144159809423e-01 1.536326096151060250e-01 1.543220388812650279e-01 1.549960928822449457e-01 1.556546672284398469e-01 1.562976619176767168e-01 1.569249808430000503e-01 1.575365313589294214e-01 1.581322239020578058e-01 1.587119716621675503e-01 1.592756903003104685e-01 1.598232977105304986e-01 1.603547138221111668e-01 1.608698604394046827e-01 1.613686611164530660e-01 1.618510410637427066e-01 1.623169270845490897e-01 1.627662475384285823e-01 1.631989323294994187e-01 1.636149129172345118e-01 1.640141223475526655e-01 1.643964953020602693e-01 1.647619681633487043e-01 1.651104790943078993e-01 1.654419681294661271e-01 1.657563772764162335e-01 1.660536506254382261e-01 1.663337344654811922e-01 1.665965774047188375e-01 1.668421304939526617e-01 1.670703473511964687e-01 1.672811842858413223e-01 1.674746004208713113e-01 1.676505578116774531e-01 1.678090215600956947e-01 1.679499599223878981e-01 1.680733444099729856e-01 1.681791498818189512e-01 1.682673546275091081e-01 1.683379404401072754e-01 1.683908926780621762e-01 1.684262003155099496e-01 1.684438559804576907e-01 1.684438559804576907e-01
1.088457183971491965e-01 1.088457183971491965e-01 1.088457183971491965e-01 1.088457183971491965e-01 1.088457183971491965e-01 1.088457183971491965e-01 1.088457183971491965e-01 1.088457183971491965e-01 1.092651384425895600e-01 1.097744503206346256e-01 1.103612301825997732e-01 1.110148539283792452e-01 1.117267485601944749e-01 1.124898042620039451e-01 1.132978541634843822e-01 1.141453688215544188e-01 1.150273065924819066e-01 1.159390462688424939e-01 1.168763546717805496e-01 1.178353653786786970e-01 1.188125587320888049e-01 1.198047401617419877e-01 1.208090167410314497e-01 1.218227728375575469e-01 1.228436458179392732e-01 1.238695025716008286e-01 1.248984173641205647e-01 1.259286513078927694e-01 1.269586335702877766e-01 1.279869443248974059e-01 1.290122993791996964e-01 1.300335363706072445e-01 1.310496024026777118e-01 1.320595429869008686e-01 1.330624921576706865e-01 1.340576636351998030e-01 1.350443429208542656e-01 1.360218802201507704e-01 1.369896840995305787e-01 1.379472157934484855e-01 1.388939840880017706e-01 1.398295407161330994e-01 1.407534762073417156e-01 1.416654161418477997e-01 1.425650177653358663e-01 1.434519669258244312e-01 1.443259752989430322e-01 1.451867778720318802e-01 1.460341306610730139e-01 1.468678086375894976e-01 1.476876038453713846e-01 1.484933236892481689e-01 1.492847893801869663e-01 1.500618345227831552e-01 1.508243038327668206e-01 1.515720519735059002e-01 1.523049425016677061e-01 1.530228469132318969e-01 1.537256437819465582e-01 1.544132179831041174e-01 1.550854599961996316e-01 1.557422652806317032e-01 1.563835337191300801e-01 1.570091691240498022e-01 1.576190788020708222e-01 1.582131731731905022e-01 1.587913654401978125e-01 1.593535713050859559e-01 1.598997087290857377e-01 1.604296977332071716e-01 1.609434602363472300e-01 1.614409199281746643e-01 1.619220021741347992e-01 1.623866339500299460e-01 1.628347438037332784e-01 1.632662618416796385e-01 1.636811197378548188e-01 1.640792507630749186e-01 1.644605898324065507e-01 1.648250735686400126e-01 1.651726403797772469e-01 1.655032305485509836e-01 1.658167863320399449e-01 1.661132520694975634e-01 1.663925742965625676e-01 1.666547018640753552e-01 1.668995860597800585e-01 1.671271807312564306e-01 1.673374424084883849e-01 1.675303304245490954e-01 1.677058070329580930e-01 1.678638375203471700e-01 1.680043903131603344e-01 1.681274370772054549e-01 1.682329528089752946e-01 1.683209159177589120e-01 1.683913082976750963e-01 1.684441153888740772e-01 1.684793262272713255e-01 1.684969334823009091e-01 1.684969334823009091e-01
1.088457183971491965e-01 1.088457183971491965e-01 1.088457183971491965e-01 1.088457183971491965e-01 1.088457183971491965e-01 1.088457183971491965e-01 1.088457183971491965e-01 1.088457183971491965e-01 1.093210870215676339e-01 1.098846908247172599e-01 1.105159607733705168e-01 1.112033969610155271e-01 1.119399972831524731e-01 1.127205965098289214e-01 1.135407128935997934e-01 1.143961414431469426e-01 1.152828515199290360e-01 1.161969888481519247e-01 1.171349025249621423e-01 1.180931692192032922e-01 1.190686071287058584e-01 1.200582796671779140e-01 1.210594910924298606e-01 1.220697765776173616e-01 1.230868888607294237e-01 1.241087830938044506e-01 1.251336010387546771e-01 1.261596553758295991e-01 1.271854146066256630e-01 1.282094888314355696e-01 1.292306165422220932e-01 1.302476524808366676e-01 1.312595565537649223e-01 1.322653837594114090e-01 1.332642750642643314e-01 1.342554491549088624e-01 1.352381949900931246e-01 1.362118650783841478e-01 1.371758694106832988e-01 1.381296699818892748e-01 1.390727758415747639e-01 1.400047386192269094e-01 1.409251484751156136e-01 1.418336304330384268e-01 1.427298410559694752e-01 1.436134654299799362e-01 1.444842144256980598e-01 1.453418222100632817e-01 1.461860439842192771e-01 1.470166539261270056e-01 1.478334433188917274e-01 1.486362188479218305e-01 1.494248010519034220e-01 1.501990229142154132e-01 1.509587285828479231e-01 1.517037722081498730e-01 1.524340168888398406e-01 1.531493337176858816e-01 1.538496009191115399e-01 1.545347030717347525e-01 1.552045304095006628e-01 1.558589781956451759e-01 1.564979461642307945e-01 1.571213380244372571e-01 1.577290610231779355e-01 1.583210255619506568e-01 1.588971448641297857e-01 1.594573346891637045e-01 1.600015130903696958e-01 1.605296002132151623e-01 1.610415181311463662e-01 1.615371907161762544e-01 1.620165435415732713e-01 1.624795038141089720e-01 1.629260003334202234e-01 1.633559634761313495e-01 1.637693252024592927e-01 1.641660190830949162e-01 1.645459803442152757e-01 1.649091459285423611e-01 1.652554545704164879e-01 1.655848468829061726e-01 1.658972654550278092e-01 1.661926549572000644e-01 1.664709622531112820e-01 1.667321365162334756e-01 1.669761293492742771e-01 1.672028949049213509e-01 1.674123900062984283e-01 1.676045742656245285e-01 1.677794101996438192e-01 1.679368633404746958e-01 1.680769023406153140e-01 1.681994990709341220e-01 1.683046287105732786e-01 1.683922698277967311e-01 1.684624044509231700e-01 1.685150181285972049e-01 1.685500999787710452e-01 1.685676427258885890e-01 1.685676427258885890e-01
1.088457183971491965e-01 1.088457183971491965e-01 1.088457183971491965e-01 1.088457183971491965e-01 1.088457183971491965e-01 1.088457183971491965e-01 1.088457183971491965e-01 1.088457183971491965e-01 1.094237782266408304e-01 1.100652301665447225e-01 1.107489659898286960e-01 1.114713053069203291e-01 1.122312980194195703e-01 1.130275366058803299e-01 1.138578380645832999e-01 1.147194743155274255e-01 1.156094238240141930e-01 1.165245578869120308e-01 1.174617657709850632e-01 1.184180348241774400e-01 1.193904991258734477e-01 1.203764664915900062e-01 1.213734307629329157e-01 1.223790742741891480e-01 1.233912639447228010e-01 1.244080434147345066e-01 1.254276228999423870e-01 1.264483679080023459e-01 1.274687875796279013e-01 1.284875231492338954e-01 1.295033368329394641e-01 1.305151013231977408e-01 1.315217899823795389e-01 1.325224677700606590e-01 1.335162829016650898e-01 1.345024592131474905e-01 1.354802891930463604e-01 1.364491276363396788e-01 1.374083858718749829e-01 1.383575265152022504e-01 1.392960587003680417e-01 1.402235337469233400e-01 1.411395412215893097e-01 1.420437053574032937e-01 1.429356817965369009e-01 1.438151546262178837e-01 1.446818336802301597e-01 1.455354520812748020e-01 1.463757640020378337e-01 1.472025426251284685e-01 1.480155782841348355e-01 1.488146767699085882e-01 1.495996577878484224e-01 1.503703535534300639e-01 1.511266075145387966e-01 1.518682731903183147e-01 1.525952131172771398e-01 1.533072978942978115e-01 1.540044053189947582e-01 1.546864196085724619e-01 1.553532306989579281e-01 1.560047336165295839e-01 1.566408279172494533e-01 1.572614171884285095e-01 1.578664086087319951e-01 1.584557125623570206e-01 1.590292423036074321e-01 1.595869136683406575e-01 1.601286448289852560e-01 1.606543560900216272e-01 1.611639697209890643e-01 1.616574098242304636e-01 1.621346022347167626e-01 1.625954744494077231e-01 1.630399555837057923e-01 1.634679763526486473e-01 1.638794690745651317e-01 1.642743676949898202e-01 1.646526078286963124e-01 1.650141268177689469e-01 1.653588638036879999e-01 1.656867598114583895e-01 1.659977578438644741e-01 1.662918029839856870e-01 1.665688425041638443e-01 1.668288259796671391e-01 1.670717054053568740e-01 1.672974353137237913e-01 1.675059728927290326e-01 1.676972781019555048e-01 1.678713137856519544e-01 1.680280457813328465e-01 1.681674430226864914e-01 1.682894776356323729e-01 1.683941250264705536e-01 1.684813639611651426e-01 1.685511766349150065e-01 1.686035487312736170e-01 1.686384694701990872e-01 1.686559316445335188e-01 1.686559316445335188e-01
1.088457183971491965e-01 1.088457183971491965e-01 1.088457183971491965e-01 1.088457183971491965e-01 1.088457183971491965e-01 1.088457183971491965e-01 1.088457183971491965e-01 1.088457183971491965e-01 1.096421584675544708e-01 1.103704986403762495e-01 1.110949851126308008e-01 1.118402449390891590e-01 1.126145561243919735e-01 1.134198894971028687e-01 1.142555960619224681e-01 1.151198337393350979e-01 1.160101930629500733e-01 1.169240114638277761e-01 1.178585487914718261e-01 1.188110915718912225e-01 1.197790161167806011e-01 1.207598258999177804e-01 1.217511721008010667e-01 1.227508629310054278e-01 1.237568654911946064e-01 1.247673027370932719e-01 1.257804473501125397e-01 1.267947137639398314e-01 1.278086492124222151e-01 1.288209243886042632e-01 1.298303241083891557e-01 1.308357382330802565e-01 1.318361530072720833e-01 1.328306429006893274e-01 1.338183629961934296e-01 1.347985419351245828e-01 1.357704754109357870e-01 1.367335201894602226e-01 1.376870886267960170e-01 1.386306436520278462e-01 1.395636941806449038e-01 1.404857909247300418e-01 1.413965225671975079e-01 1.422955122691495211e-01 1.431824144815244393e-01 1.440569120344422083e-01 1.449187134798896326e-01 1.457675506655575492e-01 1.466031765196939840e-01 1.474253630287473971e-01 1.482338993913319691e-01 1.490285903336513174e-01 1.498092545729677871e-01 1.505757234170142234e-01 1.513278394884208788e-01 1.520654555642806938e-01 1.527884335219162892e-01 1.534966433827487653e-01 1.541899624469125207e-01 1.548682745119217274e-01 1.555314691692815665e-01 1.561794411734572507e-01 1.568120898780740735e-01 1.574293187346306744e-01 1.580310348493659811e-01 1.586171485942401427e-01 1.591875732682686839e-01 1.597422248056968308e-01 1.602810215277183647e-01 1.608038839346337401e-01 1.613107345355123401e-01 1.618014977125681597e-01 1.622760996175911796e-01 1.627344680978897173e-01 1.631765326492994328e-01 1.636022243939063425e-01 1.640114760802092730e-01 1.644042221035204032e-01 1.647803985444689645e-01 1.651399432235335640e-01 1.654827957695861884e-01 1.658088977004879561e-01 1.661181925138288940e-01 1.664106257859604976e-01 1.666861452775245389e-01 1.669447010437383194e-01 1.671862455477586829e-01 1.674107337755076086e-01 1.676181233504125123e-01 1.678083746465836301e-01 1.679814508990288002e-01 1.681373183095869750e-01 1.682759461473484486e-01 1.683973068424206854e-01 1.685013760719967224e-01 1.685881328377847321e-01 1.686575595339623035e-01 1.687096420049313539e-01 1.687443695922640208e-01 1.687617351703458446e-01 1.687617351703458446e-01
1.093012344666584174e-01 1.093012344666584174e-01 1.093082600082710409e-01 1.093237254478543891e-01 1.093512950662415134e-01 1.093995285868951950e-01 1.094901257017632940e-01 1.096875372205222965e-01 1.102359692608094466e-01 1.108873320746592006e-01 1.115885709577798257e-01 1.123272261150925211e-01 1.130997718442871003e-01 1.139042269038633565e-01 1.147385665969284929e-01 1.156004993013681759e-01 1.164875300543019021e-01 1.173970605747225171e-01 1.183264736512834453e-01 1.192731954614721784e-01 1.202347388018897428e-01 1.212087313956655421e-01 1.221929329469322728e-01 1.231852438956772405e-01 1.241837081823210509e-01 1.251865117996147081e-01 1.261919784809959477e-01 1.271985635341753018e-01 1.282048465619612665e-01 1.292095236062179020e-01 1.302113990938638111e-01 1.312093778459602622e-01 1.322024573236951217e-01 1.331897202214272213e-01 1.341703274712274796e-01 1.351435116910690293e-01 1.361085710864819998e-01 1.370648638004429432e-01 1.380118026964970712e-01 1.389488505541130459e-01 1.398755156519274900e-01 1.407913477130409430e-01 1.416959341862792932e-01 1.425888968379128152e-01 1.434698886294226705e-01 1.443385908583081079e-01 1.451947105404859106e-01 1.460379780144492323e-01 1.468681447489516290e-01 1.476849813375264997e-01 1.484882756646120905e-01 1.492778312294120446e-01 1.500534656148787838e-01 1.508150090903569163e-01 1.515623033374689232e-01 1.522952002897747792e-01 1.530135610775899269e-01 1.537172550701162155e-01 1.544061590077284718e-01 1.550801562178767690e-01 1.557391359086164329e-01 1.563829925342682670e-01 1.570116252281499591e-01 1.576249372977089613e-01 1.582228357777337169e-01 1.588052310376252829e-01 1.593720364389859534e-01 1.599231680400187428e-01 1.604585443434486114e-01 1.609780860848600836e-01 1.614817160585150513e-01 1.619693589778596621e-01 1.624409413680595604e-01 1.628963914880169339e-01 1.633356392794246548e-01 1.637586163405050366e-01 1.641652559221600249e-01 1.645554929443354686e-01 1.649292640304696744e-01 1.652865075579585674e-01 1.656271637226301441e-01 1.659511746152787237e-01 1.662584843083641795e-01 1.665490389510396185e-01 1.668227868707259365e-01 1.670796786795123445e-01 1.673196673837211712e-01 1.675427084950413537e-01 1.677487601417019802e-01 1.679377831782291053e-01 1.681097412924066892e-01 1.682646011081425363e-01 1.684023322830269509e-01 1.685229075994627845e-01 1.686263030483408643e-01 1.687124979043358453e-01 1.687814747920023672e-01 1.688332197419598057e-01 1.688677222365674302e-01 1.688849752446067998e-01 1.688849752446067998e-01
1.098615553201274658e-01 1.098615553201274658e-01 1.098770470254183396e-01 1.099106863277809765e-01 1.099688832064152078e-01 1.100646715602450199e-01 1.102239798076170008e-01 1.104972174863644158e-01 1.109635482145905766e-01 1.115504841509084716e-01 1.122131103164335092e-01 1.129292302937426468e-01 1.136877115006991734e-01 1.144822251318660666e-01 1.153084567212161182e-01 1.161629450137536684e-01 1.170426162893977856e-01 1.179446056521468028e-01 1.188661947358327087e-01 1.198047952314295200e-01 1.207579488801691220e-01 1.217233317756806904e-01 1.226987581493322599e-01 1.236821819909977582e-01 1.246716962266600920e-01 1.256655297302881613e-01 1.266620426319405301e-01 1.276597204012344944e-01 1.286571671324492627e-01 1.296530983813772298e-01 1.306463338265490270e-01 1.316357899581469815e-01 1.326204729400352333e-01 1.335994717440852630e-01 1.345719516202108224e-01 1.355371479386158762e-01 1.364943604210138994e-01 1.374429477634719066e-01 1.383823226437592979e-01 1.393119470995773379e-01 1.402313282599631505e-01 1.411400144098446108e-01 1.420375913666641343e-01 1.429236791478144530e-01 1.437979289080494050e-01 1.446600201268470054e-01 1.455096580267506434e-01 1.463465712048987177e-01 1.471705094611881204e-01 1.479812418077567360e-01 1.487785546456782126e-01 1.495622500959115087e-01 1.503321444726327116e-01 1.510880668880828781e-01 1.518298579789953973e-01 1.525573687455176741e-01 1.532704594943176124e-01 1.539689988782703134e-01 1.546528630257571202e-01 1.553219347531838157e-01 1.559761028548420081e-01 1.566152614647003116e-01 1.572393094851306794e-01 1.578481500779429780e-01 1.584416902134378191e-01 1.590198402734787353e-01 1.595825137048535736e-01 1.601296267194254330e-01 1.606610980377847220e-01 1.611768486732977623e-01 1.616768017536122093e-01 1.621608823768253271e-01 1.626290174996504467e-01 1.630811358550330048e-01 1.635171678967703435e-01 1.639370457687810423e-01 1.643407032967547643e-01 1.647280759999869837e-01 1.650991011212762927e-01 1.654537176728233805e-01 1.657918664961355870e-01 1.661134903339997193e-01 1.664185339126420804e-01 1.667069440322563600e-01 1.669786696641354651e-01 1.672336620527053452e-01 1.674718748208207653e-01 1.676932640767483107e-01 1.678977885213306931e-01 1.680854095538992232e-01 1.682560913755759557e-01 1.684098010886917185e-01 1.685465087911284521e-01 1.686661876644853231e-01 1.687688140550644422e-01 1.688543675467683858e-01 1.689228310251071619e-01 1.689741907316180125e-01 1.690084363081122698e-01 1.690255608302775880e-01 1.690255608302775880e-01
1.105274035318216247e-01 1.105274035318216247e-01 1.105515789513489139e-01 1.106032161533956615e-01 1.106897303765517204e-01 1.108244699725879079e-01 1.110293122788741926e-01 1.113356997006373639e-01 1.117730424849874560e-01 1.123188127950545540e-01 1.129460656281239261e-01 1.136351461895835496e-01 1.143731483986138164e-01 1.151515310381985430e-01 1.159642835022116070e-01 1.168068194927796150e-01 1.176753680926274220e-01 1.185666520492943687e-01 1.194777210283418517e-01 1.204058658376220975e-01 1.213485741015372932e-01 1.223035066797289461e-01 1.232684840973302942e-01 1.242414774996574156e-01 1.252206014018825697e-01 1.262041069498390511e-01 1.271903751565443830e-01 1.281779099547930845e-01 1.291653310829302403e-01 1.301513668927963274e-01 1.311348471871918442e-01 1.321146961870300895e-01 1.330899257106518130e-01 1.340596286273709192e-01 1.350229726280162412e-01 1.359791943386419455e-01 1.369275937901638651e-01 1.378675292463180380e-01 1.387984123846618123e-01 1.397197038198949026e-01 1.406309089551139313e-01 1.415315741443413655e-01 1.424212831484374109e-01 1.432996538660463171e-01 1.441663353213255838e-01 1.450210048906827032e-01 1.458633657514800397e-01 1.466931445365581566e-01 1.475100891794055014e-01 1.483139669358153612e-01 1.491045625688799947e-01 1.498816766851567561e-01 1.506451242107819666e-01 1.513947329971949141e-01 1.521303425469645032e-01 1.528518028509777416e-01 1.535589733289570158e-01 1.542517218659185951e-01 1.549299239377765480e-01 1.555934618198304142e-01 1.562422238723614187e-01 1.568761038980002742e-01 1.574950005659245256e-01 1.580988168982997433e-01 1.586874598146970350e-01 1.592608397305071422e-01 1.598188702056261012e-01 1.603614676399175154e-01 1.608885510121614293e-01 1.614000416593816267e-01 1.618958630936068455e-01 1.623759408532668425e-01 1.628402023865547499e-01 1.632885769642018758e-01 1.637209956192181848e-01 1.641373911112436745e-01 1.645376979132427975e-01 1.649218522183512892e-01 1.652897919647588476e-01 1.656414568765761097e-01 1.659767885187017344e-01 1.662957303637646322e-01 1.665982278692783869e-01 1.668842285632045896e-01 1.671536821361829239e-01 1.674065405387465122e-01 1.676427580819056240e-01 1.678622915395505122e-01 1.680651002511898973e-01 1.682511462236191413e-01 1.684203942301845391e-01 1.685728119063945873e-01 1.687083698407108867e-01 1.688270416594437884e-01 1.689288041047672662e-01 1.690136371049695552e-01 1.690815238361535744e-01 1.691324507747081762e-01 1.691664077399786803e-01 1.691833879266758101e-01 1.691833879266758101e-01
1.112964544138287520e-01 1.112964544138287520e-01 1.113285559569535538e-01 1.113960696375306259e-01 1.115060506706014032e-01 1.116699976866110805e-01 1.119041453809402620e-01 1.122273603135921921e-01 1.126526486841237934e-01 1.131722427950758725e-01 1.137707997163697887e-01 1.144335898041214661e-01 1.151488458689127886e-01 1.159076595617486716e-01 1.167032649518096876e-01 1.175303620125452142e-01 1.183846266442545730e-01 1.192623908619579731e-01 1.201604438784503598e-01 1.210759108859985889e-01 1.220061793261496413e-01 1.229488533550199963e-01 1.239017247261442745e-01 1.248627530855862117e-01 1.258300515910062423e-01 1.268018755126177066e-01 1.277766125047505585e-01 1.287527738370580488e-01 1.297289862180523445e-01 1.307039840354965177e-01 1.316766019411547972e-01 1.326457677591886819e-01 1.336104957204886645e-01 1.345698800326846911e-01 1.355230887951773266e-01 1.364693582646415992e-01 1.374079874714752847e-01 1.383383331828229590e-01 1.392598052036777279e-01 1.401718620043291286e-01 1.410740066600956466e-01 1.419657830877521509e-01 1.428467725622056539e-01 1.437165904966521968e-01 1.445748834695376184e-01 1.454213264820324591e-01 1.462556204303344376e-01 1.470774897778504564e-01 1.478866804131354074e-01 1.486829576803300190e-01 1.494661045697142365e-01 1.502359200568556263e-01 1.509922175796651334e-01 1.517348236434663822e-01 1.524635765449336156e-01 1.531783252064519429e-01 1.538789281131026920e-01 1.545652523450736227e-01 1.552371726988448497e-01 1.558945708910021988e-01 1.565373348389868524e-01 1.571653580135083106e-01 1.577785388577216674e-01 1.583767802686150694e-01 1.589599891363561723e-01 1.595280759376298541e-01 1.600809543792438006e-01 1.606185410885059006e-01 1.611407553470795562e-01 1.616475188652009287e-01 1.621387555933076763e-01 1.626143915682729535e-01 1.630743547915686209e-01 1.635185751368009033e-01 1.639469842841674851e-01 1.643595156794810941e-01 1.647561045154933568e-01 1.651366877333331762e-01 1.655012040419495678e-01 1.658495939535174768e-01 1.661817998328356805e-01 1.664977659588059433e-01 1.667974385961491501e-01 1.670807660755743440e-01 1.673476988806808508e-01 1.675981897399355103e-01 1.678321937221343152e-01 1.680496683338233987e-01 1.682505736172259236e-01 1.684348722472938931e-01 1.686025296265809825e-01 1.687535139767133707e-01 1.688877964253187591e-01 1.690053510873631426e-01 1.691061551399361540e-01 1.691901888896217843e-01 1.692574358316902561e-01 1.693078827004499964e-01 1.693415195102034310e-01 1.693583395863586250e-01 1.693583395863586250e-01
1.121644049921149133e-01 1.121644049921149133e-01 1.122031248363678513e-01 1.122835045441661073e-01 1.124115278892636044e-01 1.125962166934487280e-01 1.128489663480007482e-01 1.131812266028239117e-01 1.135996684830045678e-01 1.141011315897104694e-01 1.146765565843116119e-01 1.153153680129595932e-01 1.160077742454580091e-01 1.167454950950684578e-01 1.175217409694370024e-01 1.183309449509151318e-01 1.191684717053936998e-01 1.200303782685576554e-01 1.209132381025272707e-01 1.218140183213367173e-01 1.227299959598136814e-01 1.236587010569409895e-01 1.245978774729037258e-01 1.255454551746381653e-01 1.264995298451151717e-01 1.274583471484584396e-01 1.284202899682774790e-01 1.293838675761805612e-01 1.303477060943190324e-01 1.313105398701417403e-01 1.322712035376878703e-01 1.332286246336638058e-01 1.341818166916107502e-01 1.351298727686698342e-01 1.360719593763012325e-01 1.370073107947686053e-01 1.379352237549297533e-01 1.388550524721049173e-01 1.397662040168297093e-01 1.406681340068919039e-01 1.415603426045885516e-01 1.424423708028266511e-01 1.433137969835931724e-01 1.441742337324483092e-01 1.450233248930317131e-01 1.458607428460706179e-01 1.466861859980043981e-01 1.474993764650535111e-01 1.483000579393271290e-01 1.490879937243564934e-01 1.498629649282390841e-01 1.506247688033620913e-01 1.513732172224357131e-01 1.521081352812916343e-01 1.528293600195927138e-01 1.535367392512443918e-01 1.542301304969013742e-01 1.549094000115222580e-01 1.555744219004407403e-01 1.562250773178948116e-01 1.568612537423919040e-01 1.574828443236824527e-01 1.580897472964774009e-01 1.586818654563736108e-01 1.592591056937487926e-01 1.598213785816582633e-01 1.603685980140099887e-01 1.609006808905154295e-01 1.614175468451122530e-01 1.619191180147355469e-01 1.624053188454761265e-01 1.628760759333106323e-01 1.633313178967200074e-01 1.637709752786341844e-01 1.641949804752473596e-01 1.646032676893488811e-01 1.649957729059051970e-01 1.653724338877113897e-01 1.657331901890110037e-01 1.660779831850528743e-01 1.664067561156278019e-01 1.667194541406917252e-01 1.670160244062491584e-01 1.672964161187356635e-01 1.675605806262026043e-01 1.678084715046728181e-01 1.680400446481027654e-01 1.682552583604559893e-01 1.684540734484621660e-01 1.686364533137126864e-01 1.688023640428165384e-01 1.689517744944243338e-01 1.690846563820096737e-01 1.692009843513837264e-01 1.693007360520114024e-01 1.693838922012888548e-01 1.694504366410412299e-01 1.695003563855980722e-01 1.695336416609075081e-01 1.695502859342541691e-01 1.695502859342541691e-01
1.131259171712242079e-01 1.131259171712242079e-01 1.131697685952293420e-01 1.132598684250893106e-01 1.134009225496810658e-01 1.135996151658608400e-01 1.138637237090641963e-01 1.142003161428753050e-01 1.146130992938938359e-01 1.151004042291845081e-01 1.156564554240624987e-01 1.162735904615342930e-01 1.169439090752393273e-01 1.176601199441640044e-01 1.184158294085094210e-01 1.192055404179889200e-01 1.200245367256922158e-01 1.208687425985073144e-01 1.217345959732762384e-01 1.226189462748889097e-01 1.235189765335358569e-01 1.244321454950558792e-01 1.253561448459063199e-01 1.262888673455876964e-01 1.272283826248262473e-01 1.281729182986809101e-01 1.291208447522194380e-01 1.300706624796984512e-01 1.310209912280764777e-01 1.319705604495670648e-01 1.329182007384040187e-01 1.338628360394079064e-01 1.348034764888969839e-01 1.357392117951055077e-01 1.366692050946106129e-01 1.375926872394493128e-01 1.385089514807062994e-01 1.394173485210495056e-01 1.403172819127138649e-01 1.412082037798779721e-01 1.420896108459385188e-01 1.429610407472683697e-01 1.438220686159001060e-01 1.446723039143364697e-01 1.455113875064267537e-01 1.463389889489983275e-01 1.471548039896930227e-01 1.479585522572400280e-01 1.487499751311808782e-01 1.495288337788449051e-01 1.502949073481409659e-01 1.510479913054782186e-01 1.517878959088465041e-01 1.525144448067712044e-01 1.532274737545047116e-01 1.539268294394246506e-01 1.546123684081784910e-01 1.552839560886412895e-01 1.559414659002447967e-01 1.565847784466861958e-01 1.572137807854414870e-01 1.578283657688895891e-01 1.584284314522012016e-01 1.590138805634668528e-01 1.595846200318269681e-01 1.601405605696328838e-01 1.606816163049067103e-01 1.612077044605860487e-01 1.617187450772390178e-01 1.622146607761118797e-01 1.626953765595363921e-01 1.631608196458707583e-01 1.636109193362817738e-01 1.640456069107985027e-01 1.644648155511787280e-01 1.648684802882315892e-01 1.652565379713338833e-01 1.656289272579646032e-01 1.659855886211633047e-01 1.663264643728953329e-01 1.666514987013796301e-01 1.669606377205048731e-01 1.672538295295284694e-01 1.675310242813209394e-01 1.677921742574835506e-01 1.680372339487371247e-01 1.682661601390461059e-01 1.684789119920128142e-01 1.686754511381494404e-01 1.688557417617079504e-01 1.690197506858266141e-01 1.691674474548299778e-01 1.692988044126035319e-01 1.694137967760480923e-01 1.695124027027098412e-01 1.695946033517720664e-01 1.696603829376900630e-01 1.697097287758481121e-01 1.697426313197168135e-01 1.697590841890909696e-01 1.697590841890909696e-01
1.141753098921677728e-01 1.141753098921677728e-01 1.142228677725591890e-01 1.143198190347390203e-01 1.144696675659558072e-01 1.146771671708797652e-01 1.149475162587721977e-01 1.152850916703822837e-01 1.156919533938340489e-01 1.161668922176059410e-01 1.167058660480173177e-01 1.173031320568281299e-01 1.179523196836674837e-01 1.186471480131802425e-01 1.193817971937190803e-01 1.201510432708059600e-01 1.209502617000744323e-01 1.217753715700916062e-01 1.226227615707107393e-01 1.234892177106770433e-01 1.243718606729417725e-01 1.252680945541096436e-01 1.261755660461147399e-01 1.270921322214028093e-01 1.280158350171271553e-01 1.289448807739773939e-01 1.298776235282175229e-01 1.308125510773127387e-01 1.317482731046742961e-01 1.326835108530124430e-01 1.336170879861402760e-01 1.345479223867504792e-01 1.354750187131802674e-01 1.363974615902556475e-01 1.373144093447723757e-01 1.382250882200885544e-01 1.391287870203248567e-01 1.400248521453699713e-01 1.409126829850559370e-01 1.417917276457237585e-01 1.426614789857550414e-01 1.435214709390521259e-01 1.443712751072541989e-01 1.452104976029091887e-01 1.460387761270249829e-01 1.468557772654788263e-01 1.476611939897342907e-01 1.484547433482123757e-01 1.492361643355208933e-01 1.500052159275585828e-01 1.507616752712855612e-01 1.515053360186897069e-01 1.522360067951783191e-01 1.529535097932857024e-01 1.536576794832096304e-01 1.543483614322735120e-01 1.550254112259548678e-01 1.556886934836280434e-01 1.563380809626399026e-01 1.569734537447702305e-01 1.575946984995320321e-01 1.582017078191338966e-01 1.587943796202670454e-01 1.593726166081892992e-01 1.599363257988646592e-01 1.604854180951738318e-01 1.610198079134520788e-01 1.615394128568242993e-01 1.620441534320062049e-01 1.625339528064196903e-01 1.630087366026339302e-01 1.634684327272941384e-01 1.639129712318351528e-01 1.643422842024029884e-01 1.647563056765209977e-01 1.651549715841427457e-01 1.655382197108321851e-01 1.659059896809009782e-01 1.662582229584183280e-01 1.665948628640894769e-01 1.669158546060747206e-01 1.672211453228938660e-01 1.675106841366345301e-01 1.677844222147495956e-01 1.680423128388023046e-01 1.682843114785836647e-01 1.685103758700995658e-01 1.687204660959939206e-01 1.689145446670499151e-01 1.690925766034820643e-01 1.692545295148125406e-01 1.694003736772020652e-01 1.695300821071880903e-01 1.696436306308675979e-01 1.697409979476483533e-01 1.698221656877836327e-01 1.698871184629948683e-01 1.699358439095839945e-01 1.699683327235319286e-01 1.699845786871781728e-01 1.699845786871781728e-01
1.153070021748295038e-01 1.153070021748295038e-01 1.153570229691959076e-01 1.154584008909593645e-01 1.156136302713675484e-01 1.158259723449891199e-01 1.160988135962131851e-01 1.164348039620594355e-01 1.168349727147715011e-01 1.172982081938975102e-01 1.178214087690913903e-01 1.184000776324947574e-01 1.190290003089298221e-01 1.197027876255816053e-01 1.204162257685516962e-01 1.211644605877120195e-01 1.219430681332914074e-01 1.227480585036864608e-01 1.235758464070630530e-01 1.244232089112866368e-01 1.252872414830228376e-01 1.261653175211964184e-01 1.270550532544365008e-01 1.279542781738954027e-01 1.288610104256899258e-01 1.297734363474149499e-01 1.306898933383684736e-01 1.316088553591161781e-01 1.325289204893261019e-01 1.334488000995709966e-01 1.343673093001148122e-01 1.352833584149325807e-01 1.361959452942424487e-01 1.371041483271141226e-01 1.380071200508932727e-01 1.389040812794639645e-01 1.397943156903836137e-01 1.406771648237035155e-01 1.415520234543545808e-01 1.424183353064446544e-01 1.432755890824875533e-01 1.441233147840163542e-01 1.449610803026318839e-01 1.457884882625555545e-01 1.466051730973887135e-01 1.474107983451462822e-01 1.482050541468077076e-01 1.489876549346745849e-01 1.497583372977672189e-01 1.505168580123601441e-01 1.512629922265590066e-01 1.519965317885691725e-01 1.527172837090033097e-01 1.534250687482291153e-01 1.541197201203658718e-01 1.548010823061072849e-01 1.554690099670772985e-01 1.561233669549159375e-01 1.567640254087508400e-01 1.573908649351296041e-01 1.580037718648799605e-01 1.586026385817246864e-01 1.591873629178090499e-01 1.597578476116043589e-01 1.603139998239312414e-01 1.608557307081019960e-01 1.613829550304191063e-01 1.618955908374811181e-01 1.623935591669449230e-01 1.628767837985755362e-01 1.633451910425778586e-01 1.637987095623593403e-01 1.642372702290089137e-01 1.646608060049083722e-01 1.650692518540072262e-01 1.654625446764040331e-01 1.658406232649758671e-01 1.662034282818942721e-01 1.665509022529522432e-01 1.668829895777138306e-01 1.671996365535745044e-01 1.675007914118996355e-01 1.677864043644825554e-01 1.680564276586354600e-01 1.683108156392996990e-01 1.685495248166329341e-01 1.687725139376024253e-01 1.689797440601868428e-01 1.691711786288616348e-01 1.693467835501185625e-01 1.695065272668476453e-01 1.696503808304852257e-01 1.697783179699182965e-01 1.698903151562115299e-01 1.699863516623140169e-01 1.700664096169875461e-01 1.701304740522877890e-01 1.701785329440224370e-01 1.702105772447021492e-01 1.702266009085955101e-01 1.702266009085955101e-01
1.165157618879671952e-01 1.165157618879671952e-01 1.165672216442992376e-01 1.166710698046736910e-01 1.168290060162804761e-01 1.170431787556087816e-01 1.173157047843057521e-01 1.176480858494571569e-01 1.180406605695107081e-01 1.184922890816293567e-01 1.190003987633020954e-01 1.195613083195924270e-01 1.201706550485355102e-01 1.208237869366965700e-01 1.215160558530547635e-01 1.222430043645779119e-01 1.230004659022047170e-01 1.237846047405071898e-01 1.245919190292766043e-01 1.254192238507599033e-01 1.262636253128404662e-01 1.271224921485230031e-01 1.279934282401758994e-01 1.288742476128494352e-01 1.297629523811117958e-01 1.306577135891291430e-01 1.315568546423180885e-01 1.324588369537358645e-01 1.333622474364490329e-01 1.342657875171110460e-01 1.351682634005861861e-01 1.360685773683082966e-01 1.369657199389708591e-01 1.378587627576929875e-01 1.387468521093821183e-01 1.396292029747372709e-01 1.405050935645124066e-01 1.413738602805106048e-01 1.422348930613486773e-01 1.430876310781610816e-01 1.439315587507480343e-01 1.447662020587133780e-01 1.455911251252388627e-01 1.464059270535760515e-01 1.472102389982867243e-01 1.480037214548697855e-01 1.487860617527659579e-01 1.495569717378995855e-01 1.503161856319496226e-01 1.510634580564570728e-01 1.517985622107193011e-01 1.525212881931788667e-01 1.532314414567210459e-01 1.539288413889450535e-01 1.546133200090737958e-01 1.552847207737286517e-01 1.559428974843115878e-01 1.565877132892206924e-01 1.572190397745686363e-01 1.578367561374890149e-01 1.584407484364949992e-01 1.590309089137108001e-01 1.596071353841202467e-01 1.601693306872791489e-01 1.607174021972146427e-01 1.612512613864895139e-01 1.617708234406459444e-01 1.622760069194568722e-01 1.627667334616134942e-01 1.632429275296596316e-01 1.637045161921505954e-01 1.641514289401707072e-01 1.645835975354830449e-01 1.650009558877207905e-01 1.654034399581462145e-01 1.657909876876202948e-01 1.661635389465294099e-01 1.665210355045137203e-01 1.668634210179345267e-01 1.671906410331078230e-01 1.675026430034108615e-01 1.677993763184520426e-01 1.680807923435712337e-01 1.683468444680128184e-01 1.685974881601881581e-01 1.688326810285195878e-01 1.690523828864285982e-01 1.692565558201081233e-01 1.694451642577897432e-01 1.696181750392949106e-01 1.697755574847340521e-01 1.699172834612959482e-01 1.700433274471501999e-01 1.701536665915661661e-01 1.702482807704346346e-01 1.703271526364654731e-01 1.703902676634186097e-01 1.704376141838156722e-01 1.704691834196689071e-01 1.704849695058553993e-01 1.704849695058553993e-01
1.177968227807313778e-01 1.177968227807313778e-01 1.178489096779033879e-01 1.179536964052724790e-01 1.181122820641907628e-01 1.183260037913498042e-01 1.185960883973890961e-01 1.189232562246502617e-01 1.193073679668457676e-01 1.197472204795950734e-01 1.202405527622467107e-01 1.207842293695631786e-01 1.213745133752807542e-01 1.220073447340117440e-01 1.226785727117984531e-01 1.233841240829753466e-01 1.241201101038793275e-01 1.248828848016500098e-01 1.256690689255215709e-01 1.264755519600811173e-01 1.272994814807928976e-01 1.281382461515832294e-01 1.289894563093836044e-01 1.298509244128544793e-01 1.307206465408426721e-01 1.315967854581636676e-01 1.324776553850662286e-01 1.333617084075544024e-01 1.342475223756725566e-01 1.351337901082870496e-01 1.360193097263187600e-01 1.369029759544022617e-01 1.377837722538754750e-01 1.386607636728261761e-01 1.395330903193419403e-01 1.403999613813427527e-01 1.412606496304032455e-01 1.421144863581360607e-01 1.429608567024714672e-01 1.437991953279988133e-01 1.446289824298523374e-01 1.454497400347772029e-01 1.462610285762817597e-01 1.470624437233895854e-01 1.478536134446145067e-01 1.486341952905219643e-01 1.494038738796973909e-01 1.501623585741911626e-01 1.509093813315956767e-01 1.516446947218683949e-01 1.523680700978734259e-01 1.530792959093901506e-01 1.537781761510446932e-01 1.544645289352687967e-01 1.551381851819882696e-01 1.557989874172935885e-01 1.564467886738575564e-01 1.570814514863355660e-01 1.577028469754225837e-01 1.583108540146482834e-01 1.589053584743641556e-01 1.594862525377282458e-01 1.600534340838120351e-01 1.606068061332542041e-01 1.611462763521595565e-01 1.616717566101966985e-01 1.621831625890823858e-01 1.626804134378581901e-01 1.631634314715636191e-01 1.636321419100967012e-01 1.640864726542216878e-01 1.645263540958428472e-01 1.649517189598083133e-01 1.653625021746439328e-01 1.657586407697415887e-01 1.661400737966452212e-01 1.665067422721858981e-01 1.668585891413193745e-01 1.671955592576178096e-01 1.675175993794585372e-01 1.678246581800378334e-01 1.681166862694257746e-01 1.683936362269543574e-01 1.686554626423134029e-01 1.689021221638030978e-01 1.691335735522701000e-01 1.693497777393268289e-01 1.695506978885309435e-01 1.697362994582753692e-01 1.699065502652163939e-01 1.700614205471409068e-01 1.702008830242557336e-01 1.703249129579564869e-01 1.704334882062149559e-01 1.705265892748044909e-01 1.706041993636669141e-01 1.706663044078059743e-01 1.707128931121791315e-01 1.707439569801446899e-01 1.707594903351095095e-01 1.707594903351095095e-01
1.191459208420000970e-01 1.191459208420000970e-01 1.191980075504031900e-01 1.193025580057750501e-01 1.194602298554884451e-01 1.196717777344107475e-01 1.199378053714439396e-01 1.202584951818097825e-01 1.206333743611756465e-01 1.210611776339273471e-01 1.215398394269897181e-01 1.220666018846382345e-01 1.226381929413967176e-01 1.232510237698948297e-01 1.239013684027304163e-01 1.245855065528395644e-01 1.252998252703533821e-01 1.260408837027868212e-01 1.268054487972123112e-01 1.275905101676038655e-01 1.283932811794466222e-01 1.292111916418822171e-01 1.300418759064716767e-01 1.308831588772985388e-01 1.317330414813326078e-01 1.325896864893110483e-01 1.334514051486380415e-01 1.343166448253919898e-01 1.351839776989306741e-01 1.360520904701288114e-01 1.369197750054020057e-01 1.377859198251236150e-01 1.386495023452606057e-01 1.395095817880061539e-01 1.403652926867894335e-01 1.412158389210584342e-01 1.420604882255555590e-01 1.428985671269671354e-01 1.437294562677268739e-01 1.445525860824577735e-01 1.453674327971996028e-01 1.461735147253632183e-01 1.469703888374366829e-01 1.477576475839958159e-01 1.485349159536533126e-01 1.493018487493205926e-01 1.500581280676261398e-01 1.508034609675953375e-01 1.515375773157936479e-01 1.522602277960993511e-01 1.529711820731327887e-01 1.536702270991438246e-01 1.543571655548607868e-01 1.550318144154458622e-01 1.556940036332915278e-01 1.563435749299337818e-01 1.569803806898615317e-01 1.576042829494629649e-01 1.582151524747816840e-01 1.588128679221539608e-01 1.593973150761681390e-01 1.599683861597305801e-01 1.605259792113415407e-01 1.610699975249804405e-01 1.616003491482705390e-01 1.621169464348531930e-01 1.626197056471304636e-01 1.631085466057577427e-01 1.635833923824678848e-01 1.640441690329968449e-01 1.644908053670531278e-01 1.649232327524366160e-01 1.653413849505591671e-01 1.657451979807625375e-01 1.661346100109549195e-01 1.665095612722117258e-01 1.668699939950983036e-01 1.672158523655796758e-01 1.675470824984830187e-01 1.678636324265740665e-01 1.681654521034000593e-01 1.684524934181388378e-01 1.687247102207772853e-01 1.689820583560249223e-01 1.692244957044466980e-01 1.694519822293772127e-01 1.696644800282559040e-01 1.698619533870981690e-01 1.700443688368931394e-01 1.702116952107957382e-01 1.703639037010549195e-01 1.705009679146984591e-01 1.706228639270702951e-01 1.707295703323956915e-01 1.708210682906280697e-01 1.708973415699102938e-01 1.709583765840662628e-01 1.710041624246171621e-01 1.710346908869032068e-01 1.710499564899702618e-01 1.710499564899702618e-01
1.205592856181751937e-01 1.205592856181751937e-01 1.206108960911207451e-01 1.207143223205239535e-01 1.208699040518778911e-01 1.210779830299902327e-01 1.213387286477657645e-01 1.216519526864151407e-01 1.220169517643124174e-01 1.224324134863114949e-01 1.228964055840275765e-01 1.234064424770934948e-01 1.239596045573742866e-01 1.245526795028100014e-01 1.251822998377374596e-01 1.258450606035371178e-01 1.265376103464535273e-01 1.272567153017843400e-01 1.279993003501527782e-01 1.287624717176402145e-01 1.295435263690082606e-01 1.303399523262208093e-01 1.311494232075354482e-01 1.319697893843280179e-01 1.327990674049563391e-01 1.336354287634201055e-01 1.344771886796982119e-01 1.353227952774238574e-01 1.361708193603207717e-01 1.370199448733228909e-01 1.378689600654181002e-01 1.387167493328131662e-01 1.395622857016895757e-01 1.404046239020125542e-01 1.412428939826263496e-01 1.420762954201163497e-01 1.429040916777744585e-01 1.437256051753774133e-01 1.445402126347994920e-01 1.453473407704407860e-01 1.461464622969522176e-01 1.469370922297642268e-01 1.477187844565085451e-01 1.484911285596220709e-01 1.492537468722914817e-01 1.500062917514979888e-01 1.507484430532978481e-01 1.514799057966744467e-01 1.522004080033453610e-01 1.529096987018423726e-01 1.536075460850126473e-01 1.542937358108418255e-01 1.549680694371832201e-01 1.556303629815981027e-01 1.562804455980894291e-01 1.569181583630368526e-01 1.575433531631302564e-01 1.581558916785546498e-01 1.587556444550962953e-01 1.593424900592351756e-01 1.599163143106495932e-01 1.604770095868990332e-01 1.610244741953658631e-01 1.615586118078294886e-01 1.620793309533194448e-01 1.625865445651477614e-01 1.630801695782568006e-01 1.635601265732384291e-01 1.640263394635846361e-01 1.644787352229199751e-01 1.649172436491425087e-01 1.653417971625655569e-01 1.657523306353057557e-01 1.661487812493057104e-01 1.665310883805157238e-01 1.668991935068812604e-01 1.672530401379044296e-01 1.675925737636560775e-01 1.679177418212215167e-01 1.682284936766618166e-01 1.685247806206675858e-01 1.688065558761728258e-01 1.690737746162835065e-01 1.693263939909600557e-01 1.695643731609741134e-01 1.697876733377400582e-01 1.699962578277005865e-01 1.701900920800218930e-01 1.703691437364311112e-01 1.705333826821033016e-01 1.706827810965832748e-01 1.708173135038005552e-01 1.709369568203138456e-01 1.710416904009957606e-01 1.711314960814472597e-01 1.712063582165063158e-01 1.712662637142944866e-01 1.713112020653232148e-01 1.713411653662595124e-01 1.713561483380312001e-01 1.713561483380312001e-01
1.220336090343237256e-01 1.220336090343237256e-01 1.220843869280681671e-01 1.221860255011275320e-01 1.223386395253123204e-01 1.225422818541135050e-01 1.227968218442119647e-01 1.231018183121374149e-01 1.234564125912541444e-01 1.238592642263926652e-01 1.243085415007463973e-01 1.248019647727850734e-01 1.253368889114373219e-01 1.259104060196444830e-01 1.265194509045785287e-01 1.271608966695647325e-01 1.278316335281104721e-01 1.285286287012770423e-01 1.292489684207961398e-01 1.299898847168127758e-01 1.307487702209964575e-01 1.315231840952905129e-01 1.323108517461640821e-01 1.331096604297206665e-01 1.339176523211877690e-01 1.347330161708921170e-01 1.355540783137896832e-01 1.363792935352061697e-01 1.372072361067689927e-01 1.380365911767363341e-01 1.388661466126629163e-01 1.396947853389720884e-01 1.405214781778612032e-01 1.413452771819677378e-01 1.421653094363728165e-01 1.429807713024018878e-01 1.437909230740132549e-01 1.445950840178813479e-01 1.453926277696375446e-01 1.461829780605737594e-01 1.469656047511008201e-01 1.477400201492079790e-01 1.485057755939960256e-01 1.492624582860213323e-01 1.500096883476786935e-01 1.507471160981828928e-01 1.514744195288915685e-01 1.521913019657688271e-01 1.528974899067358506e-01 1.535927310225053966e-01 1.542767923102701666e-01 1.549494583903170131e-01 1.556105299362833538e-01 1.562598222303644979e-01 1.568971638353266751e-01 1.575223953756891837e-01 1.581353684209086119e-01 1.587359444638376527e-01 1.593239939881381240e-01 1.598993956187119980e-01 1.604620353495670448e-01 1.610118058438688160e-01 1.615486058012406412e-01 1.620723393876630780e-01 1.625829157235963718e-01 1.630802484262021679e-01 1.635642552017780305e-01 1.640348574847383112e-01 1.644919801196821074e-01 1.649355510832821170e-01 1.653655012429064430e-01 1.657817641490571814e-01 1.661842758588628899e-01 1.665729747880136669e-01 1.669478015886632083e-01 1.673086990509527749e-01 1.676556120259349858e-01 1.679884873677894574e-01 1.683072738933324430e-01 1.686119223569251535e-01 1.689023854389842538e-01 1.691786177463924790e-01 1.694405758231960768e-01 1.696882181700651027e-01 1.699215052710736917e-01 1.701403996264414797e-01 1.703448657899559460e-01 1.705348704098733625e-01 1.707103822721739161e-01 1.708713723451204536e-01 1.710178138241479628e-01 1.711496821761832599e-01 1.712669551825705405e-01 1.713696129798518708e-01 1.714576380977252401e-01 1.715310154935797138e-01 1.715897325830781917e-01 1.716337792663374384e-01 1.716631479493242463e-01 1.716778335601696626e-01 1.716778335601696626e-01
1.235660049893964052e-01 1.235660049893964052e-01 1.236156865583921266e-01 1.237150467638178791e-01 1.238640439217438688e-01 1.240625319021578798e-01 1.243101760091101099e-01 1.246063660782043003e-01 1.249501439206864295e-01 1.253401597411039903e-01 1.257746656362216942e-01 1.262515457469075564e-01 1.267683752799865504e-01 1.273224967091325655e-01 1.279111012864370678e-01 1.285313063831511338e-01 1.291802225843904639e-01 1.298550077022274096e-01 1.305529073356799796e-01 1.312712831567645066e-01 1.320076308690026901e-01 1.327595899951949654e-01 1.335249475255780582e-01 1.343016371666301001e-01 1.350877355883987052e-01 1.358814567397706174e-01 1.366811450178204435e-01 1.374852678491260138e-01 1.382924080657629007e-01 1.391012563292408910e-01 1.399106037629431754e-01 1.407193348890599383e-01 1.415264209222046043e-01 1.423309134429797951e-01 1.431319384562358965e-01 1.439286908273363919e-01 1.447204290830568230e-01 1.455064705601462616e-01 1.462861868829493650e-01 1.470589997510680091e-01 1.478243770183364225e-01 1.485818290450819090e-01 1.493309053065368930e-01 1.500711912412424909e-01 1.508023053242662781e-01 1.515238963510076031e-01 1.522356409182650527e-01 1.529372410900844970e-01 1.536284222366904872e-01 1.543089310355317545e-01 1.549785336241481515e-01 1.556370138951931603e-01 1.562841719245306460e-01 1.569198225238691013e-01 1.575437939099061657e-01 1.581559264824304034e-01 1.587560717042756642e-01 1.593440910764388485e-01 1.599198552020672792e-01 1.604832429333878652e-01 1.610341405959977434e-01 1.615724412852609926e-01 1.620980442298603497e-01 1.626108542178406058e-01 1.631107810807485847e-01 1.635977392317264911e-01 1.640716472536543347e-01 1.645324275336559616e-01 1.649800059404950281e-01 1.654143115415792342e-01 1.658352763564777677e-01 1.662428351440251861e-01 1.666369252202496709e-01 1.670174863045122970e-01 1.673844603913888507e-01 1.677377916459575624e-01 1.680774263202845231e-01 1.684033126890164822e-01 1.687154010021044148e-01 1.690136434527883535e-01 1.692979941590755655e-01 1.695684091570420216e-01 1.698248464043793371e-01 1.700672657926992348e-01 1.702956291671946509e-01 1.705099003523372070e-01 1.707100451823755083e-01 1.708960315354737525e-01 1.710678293704106789e-01 1.712254107648311374e-01 1.713687499541207970e-01 1.714978233700447108e-01 1.716126096783652244e-01 1.717130898147264384e-01 1.717992470181645970e-01 1.718710668616740544e-01 1.719285372793319666e-01 1.719716485895539937e-01 1.720003935141260765e-01 1.720147671927264865e-01 1.720147671927264865e-01
1.251539670468727605e-01 1.251539670468727605e-01 1.252023591171467776e-01 1.252990815809428005e-01 1.254439861785080212e-01 1.256367926415491998e-01 1.258770309998407944e-01 1.261639825364676837e-01 1.264966309889012375e-01 1.268736337443473750e-01 1.272933186025108632e-01 1.277537063624025193e-01 1.282525547407730726e-01 1.287874162489061058e-01 1.293557019864424174e-01 1.299547443771957578e-01 1.305818538488061065e-01 1.312343665960749861e-01 1.319096823883476599e-01 1.326052926848228786e-01 1.333188001053634275e-01 1.340479306667756720e-01 1.347905402638413241e-01 1.355446167677599179e-01 1.363082789216026325e-01 1.370797729928802111e-01 1.378574679327438934e-01 1.386398496072803743e-01 1.394255145149536357e-01 1.402131632850269205e-01 1.410015941610293921e-01 1.417896966060898378e-01 1.425764451182958970e-01 1.433608933097502980e-01 1.441421682790341163e-01 1.449194652904801928e-01 1.456920427627973191e-01 1.464592175625485937e-01 1.472203605935826776e-01 1.479748926709013312e-01 1.487222806660283836e-01 1.494620339103122364e-01 1.501937008424659437e-01 1.509168658868391133e-01 1.516311465492972965e-01 1.523361907180740549e-01 1.530316741575114270e-01 1.537172981831720908e-01 1.543927875073841383e-01 1.550578882448400975e-01 1.557123660684217592e-01 1.563560045059456671e-01 1.569886033690318372e-01 1.576099773057746400e-01 1.582199544693553006e-01 1.588183752951691508e-01 1.594050913794534674e-01 1.599799644527940268e-01 1.605428654422599299e-01 1.610936736162673355e-01 1.616322758066069676e-01 1.621585657023848492e-01 1.626724432109230845e-01 1.631738138809499528e-01 1.636625883836735906e-01 1.641386820475843056e-01 1.646020144430668242e-01 1.650525090131268191e-01 1.654900927467451988e-01 1.659146958915720393e-01 1.663262517028564480e-01 1.667246962256866138e-01 1.671099681077755639e-01 1.674820084401867082e-01 1.678407606235376437e-01 1.681861702573594908e-01 1.685181850504199608e-01 1.688367547499398102e-01 1.691418310877517706e-01 1.694333677415596484e-01 1.697113203095606537e-01 1.699756462967960680e-01 1.702263051116887915e-01 1.704632580713194290e-01 1.706864684140810551e-01 1.708959013184354059e-01 1.710915239265785037e-01 1.712733053718994147e-01 1.714412168091974942e-01 1.715952314466938633e-01 1.717353245789514093e-01 1.718614736198859627e-01 1.719736581351253291e-01 1.720718598730405224e-01 1.721560627938456822e-01 1.722262530962288818e-01 1.722824192410454258e-01 1.723245519716737340e-01 1.723526443306995781e-01 1.723666916726621090e-01 1.723666916726621090e-01
1.267953279674906009e-01 1.267953279674906009e-01 1.268422905888381691e-01 1.269361149603465133e-01 1.270765822506622900e-01 1.272633246432803844e-01 1.274957862195880420e-01 1.277731833329204814e-01 1.280944723907368743e-01 1.284583316646356332e-01 1.288631610378425107e-01 1.293071001955850285e-01 1.297880626300011164e-01 1.303037807398510772e-01 1.308518565463200334e-01 1.314298129420671812e-01 1.320351415085131985e-01 1.326653443173542446e-01 1.333179684326697700e-01 1.339906328613133524e-01 1.346810484043960143e-01 1.353870312681917654e-01 1.361065114643928986e-01 1.368375370409038727e-01 1.375782750997713300e-01 1.383270104272689982e-01 1.390821424156217789e-01 1.398421808162464974e-01 1.406057407409682380e-01 1.413715372243292689e-01 1.421383795769114722e-01 1.429051656946092874e-01 1.436708764392396476e-01 1.444345701688499461e-01 1.451953774688960475e-01 1.459524961158031042e-01 1.467051862904225623e-01 1.474527660490753955e-01 1.481946070530907877e-01 1.489301305531580688e-01 1.496588036217795514e-01 1.503801356251787402e-01 1.510936749248557864e-01 1.517990057983507335e-01 1.524957455685082841e-01 1.531835419305190293e-01 1.538620704661591010e-01 1.545310323349034787e-01 1.551901521319160593e-01 1.558391759032824453e-01 1.564778693092450101e-01 1.571060159266001177e-01 1.577234156818227151e-01 1.583298834068826155e-01 1.589252475101126938e-01 1.595093487548714106e-01 1.600820391391137576e-01 1.606431808693440377e-01 1.611926454227690930e-01 1.617303126918015199e-01 1.622560702053790493e-01 1.627698124218692755e-01 1.632714400886176587e-01 1.637608596634707592e-01 1.642379827938678649e-01 1.647027258493428681e-01 1.651550095035113352e-01 1.655947583618432861e-01 1.660219006317291135e-01 1.664363678315484429e-01 1.668380945356392198e-01 1.672270181522410859e-01 1.676030787316569737e-01 1.679662188020345226e-01 1.683163832303197494e-01 1.686535191060763161e-01 1.689775756459991340e-01 1.692885041170763549e-01 1.695862577764760404e-01 1.698707918263452077e-01 1.701420633818205297e-01 1.704000314506500524e-01 1.706446569229245203e-01 1.708759025695121003e-01 1.710937330478774221e-01 1.712981149140544168e-01 1.714890166396232651e-01 1.716664086326237237e-01 1.718302632614120418e-01 1.719805548805455331e-01 1.721172598578506463e-01 1.722403566019012067e-01 1.723498255892029485e-01 1.724456493904492349e-01 1.725278126952780877e-01 1.725963023350271519e-01 1.726511073030482790e-01 1.726922187722051971e-01 1.727196301092454866e-01 1.727333368857958684e-01 1.727333368857958684e-01
1.284882227871201599e-01 1.284882227871201599e-01 1.285336558168703458e-01 1.286243958641334340e-01 1.287601793555001040e-01 1.289405842883013520e-01 1.291650041400538296e-01 1.294326218113742710e-01 1.297423890407577995e-01 1.300930158428504901e-01 1.304829727428905572e-01 1.309105063536304681e-01 1.313736667363669952e-01 1.318703434775884420e-01 1.323983067170372563e-01 1.329552494327257695e-01 1.335388278997512723e-01 1.341466981171438311e-01 1.347765469053150422e-01 1.354261171625032734e-01 1.360932273607985965e-01 1.367757857515292108e-01 1.374717999630098997e-01 1.381793827529722296e-01 1.388967546665216268e-01 1.396222442849049394e-01 1.403542866584161497e-01 1.410914204172984687e-01 1.418322839590990259e-01 1.425756110257722087e-01 1.433202259114194077e-01 1.440650384821293151e-01 1.448090391419257494e-01 1.455512938417400370e-01 1.462909391998485908e-01 1.470271777806715918e-01 1.477592735627477061e-01 1.484865476148302388e-01 1.492083739903920514e-01 1.499241758445794825e-01 1.506334217732084590e-01 1.513356223702733427e-01 1.520303269982936356e-01 1.527171207643861217e-01 1.533956216940317030e-01 1.540654780939560153e-01 1.547263660952655495e-01 1.553779873678937939e-01 1.560200669974600718e-01 1.566523515157899893e-01 1.572746070765592141e-01 1.578866177677811788e-01 1.584881840531469077e-01 1.590791213345342237e-01 1.596592586283215598e-01 1.602284373484640922e-01 1.607865101896137350e-01 1.613333401038835602e-01 1.618687993651704293e-01 1.623927687152579014e-01 1.629051365862161649e-01 1.634057983939049274e-01 1.638946558976614454e-01 1.643716166215225816e-01 1.648365933325837418e-01 1.652895035723425110e-01 1.657302692371063479e-01 1.661588162037666017e-01 1.665750739974505845e-01 1.669789754977655527e-01 1.673704566805363503e-01 1.677494563921217985e-01 1.681159161535626390e-01 1.684697799919787631e-01 1.688109942967846167e-01 1.691395076984381074e-01 1.694552709675752056e-01 1.697582369325131568e-01 1.700483604132285442e-01 1.703255981700322608e-01 1.705899088652778062e-01 1.708412530365406301e-01 1.710795930798082454e-01 1.713048932413196446e-01 1.715171196167779855e-01 1.717162401567513541e-01 1.719022246771600981e-01 1.720750448738269378e-01 1.722346743401452218e-01 1.723810885869937470e-01 1.725142650640988373e-01 1.726341831821124329e-01 1.727408243347454686e-01 1.728341719203567439e-01 1.729142113624660693e-01 1.729809301287200951e-01 1.730343177479011230e-01 1.730743658246308714e-01 1.731010680514790123e-01 1.731144202182456904e-01 1.731144202182456904e-01
1.302310560267932737e-01 1.302310560267932737e-01 1.302748888595356980e-01 1.303624134110702992e-01 1.304933398023116475e-01 1.306672156481535063e-01 1.308834090812129036e-01 1.311410921797872553e-01 1.314392285518003467e-01 1.317765682283685291e-01 1.321516518412753083e-01 1.325628245782124459e-01 1.330082589757645706e-01 1.334859845207129747e-01 1.339939214455343197e-01 1.345299160270782834e-01 1.350917750153529107e-01 1.356772973688724349e-01 1.362843020979728204e-01 1.369106516018236963e-01 1.375542703617135543e-01 1.382131591982735941e-01 1.388854055187160041e-01 1.395691900929781071e-01 1.402627909316276344e-01 1.409645848193138151e-01 1.416730470069984538e-01 1.423867495004026151e-01 1.431043583122127427e-01 1.438246299785740367e-01 1.445464075800770576e-01 1.452686164554691794e-01 1.459902597529466328e-01 1.467104139285720088e-01 1.474282242731656534e-01 1.481429005268623533e-01 1.488537126233406560e-01 1.495599865925543448e-01 1.502611006407894578e-01 1.509564814193427029e-01 1.516456004875050556e-01 1.523279709713888652e-01 1.530031444171079669e-01 1.536707078346391808e-01 1.543302809271465403e-01 1.549815134994845522e-01 1.556240830388885554e-01 1.562576924604233142e-01 1.568820680095197595e-01 1.574969573138427781e-01 1.581021275767523215e-01 1.586973639047229157e-01 1.592824677612471873e-01 1.598572555399540851e-01 1.604215572499051723e-01 1.609752153062886104e-01 1.615180834199957394e-01 1.620500255798415778e-01 1.625709151214674297e-01 1.630806338772416153e-01 1.635790714017486824e-01 1.640661242677264042e-01 1.645416954275746024e-01 1.650056936358136606e-01 1.654580329281191697e-01 1.658986321527974317e-01 1.663274145507958046e-01 1.667443073805613130e-01 1.671492415842723012e-01 1.675421514921668908e-01 1.679229745618859015e-01 1.682916511499280010e-01 1.686481243124892115e-01 1.689923396331231287e-01 1.693242450748148331e-01 1.696437908542086370e-01 1.699509293358717199e-01 1.702456149446077427e-01 1.705278040939608164e-01 1.707974551291717435e-01 1.710545282829576130e-01 1.712989856425991830e-01 1.715307911269177699e-01 1.717499104718229475e-01 1.719563112232045943e-01 1.721499627360295881e-01 1.723308361785881038e-01 1.724989045409151267e-01 1.726541426464869577e-01 1.727965271663690072e-01 1.729260366350591771e-01 1.730426514673392979e-01 1.731463539755137004e-01 1.732371283864751199e-01 1.733149608581015799e-01 1.733798394945451904e-01 1.734317543600333023e-01 1.734706974908586385e-01 1.734966629052902554e-01 1.735096466111925029e-01 1.735096466111925029e-01
1.320224730443344263e-01 1.320224730443344263e-01 1.320646567896575641e-01 1.321488751965978203e-01 1.322748251737823066e-01 1.324420408611517719e-01 1.326498830132656070e-01 1.328975290459432357e-01 1.331839663409744856e-01 1.335079910021220451e-01 1.338682134665256651e-01 1.342630713777331897e-01 1.346908491381663686e-01 1.351497027720347521e-01 1.356376882595362321e-01 1.361527913711574611e-01 1.366929571824243572e-01 1.372561177889040640e-01 1.378402171668297593e-01 1.384432325523296536e-01 1.390631920859680404e-01 1.396981887611438988e-01 1.403463909187857017e-01 1.410060496547807241e-01 1.416755035658282258e-01 1.423531812709779298e-01 1.430376021258309704e-01 1.437273755072681070e-01 1.444211989984299227e-01 1.451178557533092661e-01 1.458162112720330639e-01 1.465152097741437565e-01 1.472138703190361553e-01 1.479112827904000560e-01 1.486066038347736151e-01 1.492990528225522640e-01 1.499879078823594114e-01 1.506725020458640762e-01 1.513522195292927863e-01 1.520264921694599036e-01 1.526947960256406223e-01 1.533566481536401405e-01 1.540116035546391371e-01 1.546592522985531792e-01 1.552992168195329870e-01 1.559311493796785575e-01 1.565547296959224899e-01 1.571696627242554767e-01 1.577756765949401008e-01 1.583725206920290618e-01 1.589599638703285411e-01 1.595377928028847980e-01 1.601058104520983183e-01 1.606638346576632070e-01 1.612116968346722634e-01 1.617492407754082540e-01 1.622763215485484856e-01 1.627928044897340720e-01 1.632985642776951518e-01 1.637934840903661482e-01 1.642774548356752407e-01 1.647503744519413504e-01 1.652121472730587737e-01 1.656626834538936222e-01 1.661018984515548469e-01 1.665297125584327131e-01 1.669460504831255521e-01 1.673508409755900539e-01 1.677440164930594779e-01 1.681255129034769924e-01 1.684952692233801230e-01 1.688532273873582235e-01 1.691993320463789086e-01 1.695335303924460080e-01 1.698557720072104982e-01 1.701660087323062787e-01 1.704641945593256824e-01 1.707502855374857520e-01 1.710242396971635992e-01 1.712860169876034289e-01 1.715355792272094948e-01 1.717728900649540813e-01 1.719979149515263317e-01 1.722106211189533276e-01 1.724109775675121414e-01 1.725989550588427068e-01 1.727745261142550059e-01 1.729376650173028995e-01 1.730883478197739744e-01 1.732265523503161431e-01 1.733522582249902300e-01 1.734654468591059207e-01 1.735661014797580393e-01 1.736542071385447361e-01 1.737297507240042060e-01 1.737927209733649836e-01 1.738431084832578466e-01 1.738809057190926488e-01 1.739061070228518080e-01 1.739187086191060772e-01 1.739187086191060772e-01
1.338613352617833707e-01 1.338613352617833707e-01 1.339018367962023226e-01 1.339826878482552330e-01 1.341035813589532832e-01 1.342640499298597689e-01 1.344634596259611792e-01 1.347010046208632905e-01 1.349757044801432326e-01 1.352864056087584588e-01 1.356317878554644252e-01 1.360103765866594872e-01 1.364205598539037223e-01 1.368606097098817864e-01 1.373287063588991552e-01 1.378229636856756757e-01 1.383414547660090366e-01 1.388822361694679042e-01 1.394433701521177460e-01 1.400229441470938196e-01 1.406190872486366983e-01 1.412299836246823925e-01 1.418538829734779239e-01 1.424891082615465654e-01 1.431340610510798417e-01 1.437872247550274207e-01 1.444471661588121736e-01 1.451125355286232432e-01 1.457820655957336453e-01 1.464545696703270783e-01 1.471289391011689207e-01 1.478041402618520683e-01 1.484792112118764051e-01 1.491532581522251599e-01 1.498254517705827904e-01 1.504950235507339085e-01 1.511612621036549642e-01 1.518235095639176302e-01 1.524811580838153768e-01 1.531336464486663385e-01 1.537804568296418928e-01 1.544211116848814014e-01 1.550551708152858310e-01 1.556822285779941029e-01 1.563019112579416836e-01 1.569138745959117731e-01 1.575178014699961382e-01 1.581133997262742508e-01 1.587004001537151154e-01 1.592785545977455364e-01 1.598476342065518196e-01 1.604074278039569756e-01 1.609577403826036868e-01 1.614983917111509626e-01 1.620292150492413930e-01 1.625500559640972731e-01 1.630607712427450950e-01 1.635612278940417885e-01 1.640513022348690508e-01 1.645308790550745470e-01 1.649998508559568644e-01 1.654581171573204501e-01 1.659055838683544670e-01 1.663421627178207352e-01 1.667677707392635211e-01 1.671823298071768438e-01 1.675857662202864251e-01 1.679780103283152470e-01 1.683589961988083417e-01 1.687286613207928665e-01 1.690869463422405294e-01 1.694337948384835313e-01 1.697691531089121075e-01 1.700929699994486455e-01 1.704051967484553343e-01 1.707057868538835177e-01 1.709946959596181093e-01 1.712718817591097065e-01 1.715373039145141054e-01 1.717909239896873164e-01 1.720327053954957552e-01 1.722626133460176678e-01 1.724806148243110127e-01 1.726866785565264462e-01 1.728807749932356197e-01 1.730628762969327328e-01 1.732329563347531354e-01 1.733909906755298214e-01 1.735369565903848166e-01 1.736708330561227698e-01 1.737926007607615009e-01 1.739022421105989036e-01 1.739997412382745523e-01 1.740850840113452869e-01 1.741582580409463676e-01 1.742192526901656380e-01 1.742680590818066200e-01 1.743046701052693437e-01 1.743290804223212032e-01 1.743412864715807586e-01 1.743412864715807586e-01
1.357466988919275863e-01 1.357466988919275863e-01 1.357854963323861519e-01 1.358629397949558393e-01 1.359787247314896141e-01 1.361323905620560881e-01 1.363233175302055455e-01 1.365507245186832752e-01 1.368136690669822242e-01 1.371110506493414538e-01 1.374416179082657286e-01 1.378039800695642081e-01 1.381966222815266543e-01 1.386179242075323281e-01 1.390661809166765517e-01 1.395396249847441483e-01 1.400364487292829196e-01 1.405548256260975848e-01 1.410929301484244169e-01 1.416489554932731376e-01 1.422211288786400241e-01 1.428077242879893238e-01 1.434070726926690853e-01 1.440175698954597461e-01 1.446376822118394800e-01 1.452659502457460672e-01 1.459009910308725622e-01 1.465414988040747435e-01 1.471862446606416464e-01 1.478340753171293320e-01 1.484839111800625167e-01 1.491347438908098288e-01 1.497856334901090380e-01 1.504357053211266004e-01 1.510841467680860972e-01 1.517302039085576815e-01 1.523731781413773800e-01 1.530124228386543217e-01 1.536473400591330252e-01 1.542773773510105473e-01 1.549020246648600552e-01 1.555208113913089663e-01 1.561333035333176411e-01 1.567391010190853917e-01 1.573378351585997537e-01 1.579291662444875233e-01 1.585127812959966909e-01 1.590883919435373550e-01 1.596557324501501895e-01 1.602145578654882996e-01 1.607646423073327280e-01 1.613057773652768478e-01 1.618377706209653266e-01 1.623604442791386770e-01 1.628736339036856440e-01 1.633771872529289904e-01 1.638709632084432988e-01 1.643548307918242246e-01 1.648286682639759360e-01 1.652923623016583632e-01 1.657458072462266174e-01 1.661889044196973864e-01 1.666215615034880304e-01 1.670436919753895688e-01 1.674552146005498787e-01 1.678560529724597850e-01 1.682461351001470207e-01 1.686253930379918720e-01 1.689937625547824063e-01 1.693511828388233054e-01 1.696975962361062240e-01 1.700329480187294517e-01 1.703571861809358712e-01 1.706702612603029912e-01 1.709721261817843674e-01 1.712627361224518530e-01 1.715420483949382791e-01 1.718100223477155297e-01 1.720666192804788941e-01 1.723118023730292048e-01 1.725455366261662848e-01 1.727677888132157780e-01 1.729785274409185170e-01 1.731777227185105628e-01 1.733653465339148603e-01 1.735413724360552468e-01 1.737057756223844285e-01 1.738585329307986427e-01 1.739996228351820551e-01 1.741290254438967733e-01 1.742467225005971121e-01 1.743526973868097796e-01 1.744469351257808554e-01 1.745294223871425021e-01 1.746001474920109153e-01 1.746591004181692053e-01 1.747062728050425284e-01 1.747416579582173890e-01 1.747652508532982485e-01 1.747770481389407937e-01 1.747770481389407937e-01
1.376777967623700749e-01 1.376777967623700749e-01 1.377148760125597726e-01 1.377888861460093706e-01 1.378995296196877107e-01 1.380463584550947476e-01 1.382287731815968479e-01 1.384460228110951652e-01 1.386972066991205010e-01 1.389812790220748551e-01 1.392970563496354897e-01 1.396432284646757505e-01 1.400183722407305487e-01 1.404209680860788456e-01 1.408494182457414590e-01 1.413020661383063981e-01 1.417772158922587789e-01 1.422731513188441321e-01 1.427881536890141523e-01 1.433205178425521198e-01 1.438685663234497425e-01 1.444306613887418878e-01 1.450052148670687990e-01 1.455906959432453351e-01 1.461856370158366725e-01 1.467886378190504104e-01 1.473983680226424731e-01 1.480135685290194514e-01 1.486330516800960511e-01 1.492557005718833651e-01 1.498804676555993143e-01 1.505063727828320763e-01 1.511325008307526918e-01 1.517579990227535813e-01 1.523820740408991237e-01 1.530039890095804545e-01 1.536230604148864365e-01 1.542386550114035193e-01 1.548501867572935065e-01 1.554571138093934490e-01 1.560589356025165464e-01 1.566551900309060552e-01 1.572454507447078875e-01 1.578293245701965497e-01 1.584064490591666208e-01 1.589764901702421240e-01 1.595391400827456674e-01 1.600941151421141628e-01 1.606411539345586892e-01 1.611800154876821545e-01 1.617104775930287841e-01 1.622323352459999479e-01 1.627453991981939185e-01 1.632494946169794348e-01 1.637444598469720847e-01 1.642301452680251517e-01 1.647064122443547274e-01 1.651731321594839264e-01 1.656301855317930116e-01 1.660774612055991861e-01 1.665148556128503432e-01 1.669422721006946220e-01 1.673596203203777943e-01 1.677668156731207394e-01 1.681637788088323482e-01 1.685504351737178719e-01 1.689267146030511146e-01 1.692925509555782970e-01 1.696478817862253630e-01 1.699926480539713514e-01 1.703267938619446031e-01 1.706502662269768211e-01 1.709630148760304669e-01 1.712649920670824277e-01 1.715561524322090359e-01 1.718364528407730352e-01 1.721058522807596136e-01 1.723643117564494509e-01 1.726117942007480699e-01 1.728482644006180124e-01 1.730736889341779328e-01 1.732880361181445561e-01 1.734912759644000602e-01 1.736833801445657188e-01 1.738643219615552682e-01 1.740340763271714941e-01 1.741926197448887825e-01 1.743399302970428388e-01 1.744759876357228068e-01 1.746007729767235506e-01 1.747142690959865852e-01 1.748164603280091822e-01 1.749073325657657663e-01 1.749868732617310407e-01 1.750550714296478794e-01 1.751119176467283434e-01 1.751574040560204548e-01 1.751915243687157397e-01 1.752142738662133270e-01 1.752256494017934707e-01 1.752256494017934707e-01
1.396540228530795957e-01 1.396540228530795957e-01 1.396893749573314691e-01 1.397599355325517823e-01 1.398654171155344905e-01 1.400053882662524729e-01 1.401792739185784287e-01 1.403863567965506209e-01 1.406257804813562384e-01 1.408965546266068569e-01 1.411975626444305909e-01 1.415275719550534717e-01 1.418852466481631269e-01 1.422691621844157928e-01 1.426778215998499300e-01 1.431096725810391268e-01 1.435631247566784563e-01 1.440365665925232297e-01 1.445283813645883708e-01 1.450369618011601025e-01 1.455607231095704113e-01 1.460981142245097730e-01 1.466476272211044429e-01 1.472078049226737684e-01 1.477772467982856608e-01 1.483546132898577175e-01 1.489386287351517624e-01 1.495280830649077797e-01 1.501218324530375903e-01 1.507187990914910791e-01 1.513179702488881284e-01 1.519183967565113924e-01 1.525191910484627877e-01 1.531195248659126817e-01 1.537186267192246769e-01 1.543157791868121631e-01 1.549103161161433095e-01 1.555016197804443279e-01 1.560891180343483842e-01 1.566722815029051863e-01 1.572506208308785403e-01 1.578236840129743912e-01 1.583910538204065244e-01 1.589523453348826720e-01 1.595072035975464708e-01 1.600553013775213584e-01 1.605963370623698094e-01 1.611300326709103892e-01 1.616561319873541791e-01 1.621743988145567805e-01 1.626846153432889297e-01 1.631865806337489955e-01 1.636801092050422235e-01 1.641650297280016213e-01 1.646411838164932306e-01 1.651084249122166669e-01 1.655666172579549900e-01 1.660156349542390442e-01 1.664553610944484452e-01 1.668856869734715032e-01 1.673065113651741320e-01 1.677177398640828654e-01 1.681192842868552140e-01 1.685110621292940369e-01 1.688929960748533632e-01 1.692650135507781650e-01 1.696270463282190666e-01 1.699790301628577860e-01 1.703209044727791721e-01 1.706526120505110489e-01 1.709740988063470357e-01 1.712853135402442051e-01 1.715862077397655172e-01 1.718767354017060045e-01 1.721568528752021043e-01 1.724265187242806363e-01 1.726856936079499139e-01 1.729343401760752297e-01 1.731724229794163183e-01 1.733999083923277174e-01 1.736167645467424914e-01 1.738229612761721110e-01 1.740184700685594721e-01 1.742032640269218502e-01 1.743773178368115406e-01 1.745406077397105293e-01 1.746931115115541999e-01 1.748348084456569917e-01 1.749656793393812304e-01 1.750857064839574928e-01 1.751948736569251264e-01 1.752931661167202448e-01 1.753805705989883723e-01 1.754570753142528916e-01 1.755226699466130580e-01 1.755773456531908860e-01 1.756210950640867963e-01 1.756539122826411836e-01 1.756757928858385664e-01 1.756867339247216719e-01 1.756867339247216719e-01
1.416749191996204971e-01 1.416749191996204971e-01 1.417085383039878022e-01 1.417756387465985146e-01 1.418759452072041183e-01 1.420090454035344563e-01 1.421743913687610328e-01 1.423713018005486053e-01 1.425989658779252822e-01 1.428564488795202592e-01 1.431426998127621752e-01 1.434565611001352159e-01 1.437967801927226563e-01 1.441620228198794151e-01 1.445508874583891490e-01 1.449619205276997114e-01 1.453936317931592281e-01 1.458445094818262011e-01 1.463130346750493305e-01 1.467976946256957516e-01 1.472969947427621162e-01 1.478094690811335432e-01 1.483336892612949487e-01 1.488682718177216369e-01 1.494118840330986853e-01 1.499632483581813669e-01 1.505211455452445390e-01 1.510844166387458054e-01 1.516519639724887847e-01 1.522227513206589333e-01 1.527958033428362117e-01 1.533702044523584662e-01 1.539450972247252691e-01 1.545196804492494635e-01 1.550932069137088420e-01 1.556649809988875921e-01 1.562343561479730691e-01 1.568007322649793145e-01 1.573635530867764643e-01 1.579223035649084950e-01 1.584765072861241131e-01 1.590257239543381163e-01 1.595695469514815390e-01 1.601076009902786812e-01 1.606395398683073961e-01 1.611650443296482327e-01 1.616838200379302204e-01 1.621955956625400208e-01 1.627001210781219842e-01 1.631971656761828371e-01 1.636865167865827753e-01 1.641679782058957093e-01 1.646413688290126187e-01 1.651065213799186859e-01 1.655632812372584695e-01 1.660115053501024784e-01 1.664510612392099409e-01 1.668818260790425057e-01 1.673036858557971907e-01 1.677165345967908394e-01 1.681202736666269903e-01 1.685148111257033232e-01 1.689000611467696422e-01 1.692759434854099743e-01 1.696423830005013011e-01 1.699993092208849366e-01 1.703466559546786829e-01 1.706843609378431992e-01 1.710123655188128533e-01 1.713306143761839928e-01 1.716390552666408886e-01 1.719376388004789646e-01 1.722263182422576200e-01 1.725050493342850932e-01 1.727737901407979948e-01 1.730325009108512890e-01 1.732811439580848045e-01 1.735196835556691852e-01 1.737480858448680054e-01 1.739663187557785318e-01 1.741743519389314654e-01 1.743721567065398270e-01 1.745597059822940056e-01 1.747369742586952768e-01 1.749039375610129399e-01 1.750605734170345151e-01 1.752068608318578247e-01 1.753427802670484426e-01 1.754683136235532237e-01 1.755834442278245422e-01 1.756881568206685729e-01 1.757824375483857671e-01 1.758662739558216892e-01 1.759396549809923993e-01 1.760025709509936698e-01 1.760550135789409054e-01 1.760969759617267705e-01 1.761284525784161947e-01 1.761494392891342076e-01 1.761599333343290552e-01 1.761599333343290552e-01
1.437401648567494250e-01 1.437401648567494250e-01 1.437720466262825680e-01 1.438356790115614681e-01 1.439308001821948124e-01 1.440570186992312929e-01 1.442138153800533173e-01 1.444005462196188416e-01 1.446164466319456443e-01 1.448606372295914435e-01 1.451321312697058108e-01 1.454298437775805308e-01 1.457526022309960922e-01 1.460991585696846118e-01 1.464682021992951555e-01 1.468583735982482152e-01 1.472682781123626217e-01 1.476964995339715703e-01 1.481416131030216243e-01 1.486021976286650281e-01 1.490768465019032263e-01 1.495641774445840011e-01 1.500628409108939465e-01 1.505715271198693195e-01 1.510889717488095585e-01 1.516139603569326699e-01 1.521453316365319330e-01 1.526819796064654289e-01 1.532228548716730310e-01 1.537669650743545557e-01 1.543133746591881794e-01 1.548612040680754365e-01 1.554096284706717734e-01 1.559578761264513169e-01 1.565052264630585610e-01 1.570510079447989538e-01 1.575945957947109954e-01 1.581354096239943052e-01 1.586729110137812815e-01 1.592066010863882053e-01 1.597360180962656417e-01 1.602607350648522777e-01 1.607803574783490952e-01 1.612945210630104542e-01 1.618028896488048762e-01 1.623051531291567762e-01 1.628010255218677038e-01 1.632902431341547445e-01 1.637725628329791128e-01 1.642477604204057307e-01 1.647156291125914385e-01 1.651759781200928534e-01 1.656286313264880017e-01 1.660734260617738323e-01 1.665102119666161673e-01 1.669388499432591655e-01 1.673592111887322320e-01 1.677711763059001049e-01 1.681746344878783661e-01 1.685694827713648258e-01 1.689556253545066167e-01 1.693329729750288337e-01 1.697014423444788700e-01 1.700609556345917539e-01 1.704114400119440542e-01 1.707528272172402495e-01 1.710850531857544266e-01 1.714080577056338039e-01 1.717217841109573706e-01 1.720261790066243968e-01 1.723211920223297333e-01 1.726067755930594527e-01 1.728828847637141064e-01 1.731494770156299101e-01 1.734065121129312881e-01 1.736539519668000575e-01 1.738917605158922519e-01 1.741199036212740525e-01 1.743383489743771109e-01 1.745470660166018040e-01 1.747460258693096513e-01 1.749352012730599482e-01 1.751145665350454239e-01 1.752840974837805987e-01 1.754437714301835816e-01 1.755935671342779003e-01 1.757334647768162839e-01 1.758634459352007295e-01 1.759834935631397757e-01 1.760935919735435728e-01 1.761937268242146359e-01 1.762838851059431999e-01 1.763640551326637329e-01 1.764342265333728177e-01 1.764943902455481384e-01 1.765445385098463882e-01 1.765846648658905560e-01 1.766147641489896336e-01 1.766348324876633735e-01 1.766448673018709559e-01 1.766448673018709559e-01
1.458495666594877838e-01 1.458495666594877838e-01 1.458797070378686223e-01 1.459398637261247189e-01 1.460297892287306110e-01 1.461491139819464657e-01 1.462973485668404849e-01 1.464738869476523431e-01 1.466780109067843674e-01 1.469088958126675282e-01 1.471656177914518471e-01 1.474471622877553678e-01 1.477524339062557257e-01 1.480802673377404344e-01 1.484294391014301107e-01 1.487986797874965850e-01 1.491866864629997902e-01 1.495921349102093123e-01 1.500136913945647188e-01 1.504500237044904820e-01 1.508998112603643915e-01 1.513617541488839480e-01 1.518345809966483995e-01 1.523170556490829608e-01 1.528079826654224205e-01 1.533062116761619020e-01 1.538106406760145206e-01 1.543202183435803121e-01 1.548339454896622003e-01 1.553508757407328633e-01 1.558701155637755020e-01 1.563908237348347330e-01 1.569122103472235241e-01 1.574335354473575810e-01 1.579541073773728377e-01 1.584732808945851501e-01 1.589904551288916223e-01 1.595050714306702200e-01 1.600166111537921210e-01 1.605245934111224071e-01 1.610285728333911981e-01 1.615281373565700951e-01 1.620229060578629587e-01 1.625125270560672797e-01 1.629966754883295232e-01 1.634750515721430375e-01 1.639473787587616971e-01 1.644134019819641079e-01 1.648728860042515676e-01 1.653256138610411929e-01 1.657713854021845845e-01 1.662100159291538259e-01 1.666413349254592113e-01 1.670651848772643500e-01 1.674814201807123537e-01 1.678899061321544317e-01 1.682905179972505882e-01 1.686831401547806975e-01 1.690676653109421668e-01 1.694439937799078200e-01 1.698120328264614842e-01 1.701716960666108946e-01 1.705229029221883574e-01 1.708655781255846995e-01 1.711996512709129115e-01 1.715250564080603723e-01 1.718417316762626545e-01 1.721496189740062688e-01 1.724486636622490909e-01 1.727388142981235164e-01 1.730200223964677431e-01 1.732922422167011145e-01 1.735554305727323166e-01 1.738095466637500641e-01 1.740545519239056482e-01 1.742904098890489528e-01 1.745170860788203271e-01 1.747345478925433626e-01 1.749427645174885804e-01 1.751417068482038208e-01 1.753313474157204843e-01 1.755116603255558183e-01 1.756826212035282886e-01 1.758442071485008529e-01 1.759963966912531375e-01 1.761391697587642580e-01 1.762725076432632987e-01 1.763963929754740756e-01 1.765108097015434807e-01 1.766157430632014358e-01 1.767111795807533303e-01 1.767971070385548626e-01 1.768735144726643060e-01 1.769403921604051910e-01 1.769977316116125854e-01 1.770455255613672951e-01 1.770837679640537288e-01 1.771124539886060334e-01 1.771315800148319242e-01 1.771411436307287479e-01 1.771411436307287479e-01
1.480030515581927664e-01 1.480030515581927664e-01 1.480314457836975350e-01 1.480881175365012792e-01 1.481728341551093175e-01 1.482852485341126236e-01 1.484249015168835062e-01 1.485912252711811543e-01 1.487835477543321683e-01 1.490010983471774797e-01 1.492430146872462116e-01 1.495083506683326513e-01 1.497960855045729345e-01 1.501051336914039080e-01 1.504343556414343697e-01 1.507825687359794775e-01 1.511485585156237543e-01 1.515310897356693665e-01 1.519289170323345761e-01 1.523407949791463767e-01 1.527654873554499526e-01 1.532017754956694067e-01 1.536484656347859301e-01 1.541043952092293889e-01 1.545684381107758076e-01 1.550395089228393530e-01 1.555165661933014254e-01 1.559986148159042962e-01 1.564847076038730356e-01 1.569739461456814422e-01 1.574654810347186629e-01 1.579585115630218195e-01 1.584522849651189280e-01 1.589460952921679660e-01 1.594392819896455482e-01 1.599312282443581257e-01 1.604213591589324361e-01 1.609091398044794896e-01 1.613940731950328500e-01 1.618756982207648076e-01 1.623535875709612442e-01 1.628273456723199342e-01 1.632966066633293467e-01 1.637610324212643853e-01 1.642203106546701874e-01 1.646741530710478241e-01 1.651222936267662533e-01 1.655644868639499223e-01 1.660005063371847722e-01 1.664301431313089386e-01 1.668532044702552841e-01 1.672695124158662117e-01 1.676789026547612360e-01 1.680812233706831804e-01 1.684763341992460695e-01 1.688641052616377813e-01 1.692444162735676771e-01 1.696171557255825024e-01 1.699822201307779890e-01 1.703395133359054125e-01 1.706889458918917357e-01 1.710304344798536380e-01 1.713639013887807983e-01 1.716892740411824214e-01 1.720064845631319450e-01 1.723154693952963501e-01 1.726161689417013700e-01 1.729085272531525330e-01 1.731924917424060295e-01 1.734680129283565908e-01 1.737350442066823153e-01 1.739935416445582972e-01 1.742434637972140044e-01 1.744847715442739977e-01 1.747174279439736300e-01 1.749413981034935728e-01 1.751566490637954387e-01 1.753631496974802084e-01 1.755608706183136025e-01 1.757497841011888551e-01 1.759298640114043133e-01 1.761010857422447007e-01 1.762634261599494157e-01 1.764168635552441078e-01 1.765613776006992597e-01 1.766969493132527491e-01 1.768235610213108600e-01 1.769411963359052986e-01 1.770498401254447796e-01 1.771494784936563371e-01 1.772400987603605926e-01 1.773216894447705583e-01 1.773942402510458038e-01 1.774577420558704766e-01 1.775121868978570550e-01 1.775575679686081376e-01 1.775938796052967950e-01 1.776211172846493547e-01 1.776392776182380562e-01 1.776483583490117701e-01 1.776483583490117701e-01
1.502006603394284989e-01 1.502006603394284989e-01 1.502273021519163754e-01 1.502804766075247767e-01 1.503599661461564874e-01 1.504654464055766583e-01 1.505964886755153942e-01 1.507525632841813235e-01 1.509330439790002587e-01 1.511372133411915675e-01 1.513642692366990172e-01 1.516133322586027676e-01 1.518834540645596365e-01 1.521736264635228930e-01 1.524827910647799101e-01 1.528098492735062985e-01 1.531536724028959850e-01 1.535131116738254753e-01 1.538870078875201886e-01 1.542742005821660378e-01 1.546735365175117560e-01 1.550838773687590044e-01 1.555041065492430152e-01 1.559331351179300829e-01 1.563699067606529325e-01 1.568134018620449821e-01 1.572626407077186983e-01 1.577166858733018429e-01 1.581746438688010348e-01 1.586356661139877722e-01 1.590989493237867924e-01 1.595637353827550897e-01 1.600293107853907881e-01 1.604950057148806508e-01 1.609601928275527227e-01 1.614242858042374829e-01 1.618867377233327576e-01 1.623470393039207205e-01 1.628047170610053274e-01 1.632593314089906544e-01 1.637104747439917796e-01 1.641577695305211637e-01 1.646008664135505117e-01 1.650394423729058813e-01 1.654731989334027875e-01 1.659018604410344710e-01 1.663251724128636255e-01 1.667428999659907318e-01 1.671548263290499603e-01 1.675607514380720031e-01 1.679604906172200429e-01 1.683538733438131596e-01 1.687407420961716253e-01 1.691209512821214012e-01 1.694943662454528877e-01 1.698608623472234735e-01 1.702203241184952753e-01 1.705726444809061715e-01 1.709177240313465296e-01 1.712554703869647588e-01 1.715857975867234875e-01 1.719086255457721035e-01 1.722238795589814686e-01 1.725314898500935890e-01 1.728313911630656174e-01 1.731235223923336952e-01 1.734078262488769340e-01 1.736842489591216565e-01 1.739527399938981533e-01 1.742132518248266093e-01 1.744657397056788850e-01 1.747101614764293154e-01 1.749464773878682544e-01 1.751746499448130212e-01 1.753946437660988122e-01 1.756064254596812757e-01 1.758099635113205828e-01 1.760052281854486145e-01 1.761921914369452280e-01 1.763708268326691919e-01 1.765411094816964344e-01 1.767030159733244121e-01 1.768565243219936967e-01 1.770016139183706039e-01 1.771382654859114947e-01 1.772664610423106413e-01 1.773861838652974476e-01 1.774974184623146489e-01 1.776001505436669570e-01 1.776943669987784413e-01 1.777800558752486715e-01 1.778572063604356435e-01 1.779258087653340092e-01 1.779858545105499346e-01 1.780373361142051081e-01 1.780802471816279042e-01 1.781145823967156538e-01 1.781403375148722656e-01 1.781575093574448709e-01 1.781660958076004830e-01 1.781660958076004830e-01
1.524425425753626606e-01 1.524425425753626606e-01 1.524674235644253029e-01 1.525170839790832289e-01 1.525913214799642370e-01 1.526898345456593475e-01 1.528122249054792159e-01 1.529580008485803833e-01 1.531265814404313974e-01 1.533173016591717619e-01 1.535294184356036373e-01 1.537621175445478272e-01 1.540145212563690247e-01 1.542856966202416635e-01 1.545746642193973619e-01 1.548804072163833534e-01 1.552018804951425524e-01 1.555380197069592407e-01 1.558877500381566639e-01 1.562499945371007559e-01 1.566236818641564554e-01 1.570077533581801243e-01 1.574011693444218873e-01 1.578029146392450344e-01 1.582120032351679584e-01 1.586274821742823526e-01 1.590484346384436476e-01 1.594739823005547619e-01 1.599032869928850853e-01 1.603355517560319798e-01 1.607700213363391084e-01 1.612059822009017096e-01 1.616427621382925950e-01 1.620797295103853508e-01 1.625162922166338841e-01 1.629518964273113379e-01 1.633860251368794425e-01 1.638181965831294329e-01 1.642479625722313430e-01 1.646749067445027748e-01 1.650986428106843984e-01 1.655188127838452261e-01 1.659350852277938215e-01 1.663471535390425304e-01 1.667547342759716500e-01 1.671575655458492071e-01 1.675554054577600427e-01 1.679480306472535267e-01 1.683352348766092021e-01 1.687168277130028649e-01 1.690926332855079983e-01 1.694624891207562323e-01 1.698262450561738579e-01 1.701837622289886498e-01 1.705349121386333655e-01 1.708795757797386961e-01 1.712176428425895014e-01 1.715490109776980077e-01 1.718735851210061172e-01 1.721912768761577339e-01 1.725020039502663249e-01 1.728056896396316100e-01 1.731022623619275225e-01 1.733916552314778703e-01 1.736738056743546976e-01 1.739486550801707110e-01 1.742161484875837385e-01 1.744762343006878436e-01 1.747288640336255860e-01 1.749739920809215976e-01 1.752115755111979811e-01 1.754415738820965798e-01 1.756639490743880649e-01 1.758786651434043335e-01 1.760856881860783374e-01 1.762849862220146890e-01 1.764765290871549708e-01 1.766602883387258238e-01 1.768362371702812963e-01 1.770043503357646153e-01 1.771646040816205470e-01 1.773169760860904554e-01 1.774614454049119328e-01 1.775979924227328866e-01 1.777265988096260185e-01 1.778472474821635452e-01 1.779599225685746244e-01 1.780646093775723193e-01 1.781612943704855845e-01 1.782499651363843030e-01 1.783306103699267287e-01 1.784032198516989354e-01 1.784677844308495687e-01 1.785242960098535336e-01 1.785727475312672563e-01 1.786131329663577516e-01 1.786454473055140157e-01 1.786696865503619169e-01 1.786858477075240204e-01 1.786939287839774959e-01 1.786939287839774959e-01
1.547289526712313235e-01 1.547289526712313235e-01 1.547520617271270493e-01 1.547981859101052182e-01 1.548671381347187515e-01 1.549586397133831117e-01 1.550723227100717638e-01 1.552077331106442581e-01 1.553643348198856800e-01 1.555415144797267779e-01 1.557385870803038030e-01 1.559548023077489687e-01 1.561893515429013390e-01 1.564413753967996146e-01 1.567099716449249502e-01 1.569942034051127200e-01 1.572931073953258985e-01 1.576057021075452091e-01 1.579309957424076538e-01 1.582679937646805091e-01 1.586157059604807740e-01 1.589731529013994338e-01 1.593393717464489934e-01 1.597134213383137047e-01 1.600943865743569561e-01 1.604813820542169145e-01 1.608735550239688006e-01 1.612700876514512605e-01 1.616701986784319089e-01 1.620731445030183515e-01 1.624782197504416326e-01 1.628847573924727954e-01 1.632921284757339331e-01 1.636997415174793469e-01 1.641070416244775620e-01 1.645135093867890197e-01 1.649186595938318400e-01 1.653220398154225113e-01 1.657232288856818891e-01 1.661218353229705902e-01 1.665174957144787971e-01 1.669098730898336824e-01 1.672986553041429791e-01 1.676835534473107014e-01 1.680643002932367125e-01 1.684406487996529811e-01 1.688123706668391566e-01 1.691792549612797791e-01 1.695411068084499151e-01 1.698977461573238923e-01 1.702490066178599104e-01 1.705947343716023856e-01 1.709347871546270936e-01 1.712690333113251473e-01 1.715973509169336497e-01 1.719196269662782994e-01 1.722357566258566064e-01 1.725456425461543430e-01 1.728491942309348384e-01 1.731463274601553193e-01 1.734369637631351657e-01 1.737210299386212908e-01 1.739984576184514242e-01 1.742691828716029234e-01 1.745331458455246232e-01 1.747902904417765191e-01 1.750405640231444127e-01 1.752839171495443882e-01 1.755203033401883661e-01 1.757496788596391024e-01 1.759720025255419595e-01 1.761872355359759001e-01 1.763953413145221416e-01 1.765962853712934877e-01 1.767900351783175672e-01 1.769765600577987152e-01 1.771558310819180415e-01 1.773278209829549645e-01 1.774925040726303971e-01 1.776498561696804868e-01 1.777998545347752313e-01 1.779424778119882145e-01 1.780777059761151360e-01 1.782055202852164677e-01 1.783259032378387565e-01 1.784388385344312933e-01 1.785443110425427304e-01 1.786423067654322738e-01 1.787328128137854188e-01 1.788158173802648909e-01 1.788913097166707766e-01 1.789592801135154454e-01 1.790197198818547775e-01 1.790726213372395292e-01 1.791179777856770350e-01 1.791557835115129838e-01 1.791860337671613568e-01 1.792087247646235448e-01 1.792238536687530137e-01 1.792314185922312675e-01 1.792314185922312675e-01
1.570602469035492221e-01 1.570602469035492221e-01 1.570815697410951894e-01 1.571241291271381624e-01 1.571877532234058350e-01 1.572721861263834953e-01 1.573770901017660095e-01 1.575020485734053288e-01 1.576465698630283852e-01 1.578100916635641338e-01 1.579919862105413353e-01 1.581915660942982693e-01 1.584080906328338145e-01 1.586407727034144233e-01 1.588887859127659230e-01 1.591512719726243252e-01 1.594273481407497139e-01 1.597161145876445920e-01 1.600166615558958616e-01 1.603280761914286645e-01 1.606494489427731653e-01 1.609798794442497682e-01 1.613184818202883231e-01 1.616643893695450251e-01 1.620167586079190591e-01 1.623747726681183112e-01 1.627376440694857651e-01 1.631046168850489031e-01 1.634749683431004630e-01 1.638480099081462693e-01 1.642230878909861636e-01 1.645995836403378321e-01 1.649769133691144640e-01 1.653545276675983111e-01 1.657319107536582570e-01 1.661085795071652604e-01 1.664840823321528940e-01 1.668579978862879121e-01 1.672299337130608299e-01 1.675995248079364119e-01 1.679664321456355025e-01 1.683303411918467829e-01 1.686909604190447998e-01 1.690480198427592728e-01 1.694012695916205236e-01 1.697504785218018342e-01 1.700954328840870167e-01 1.704359350496958414e-01 1.707718022991928652e-01 1.711028656772504430e-01 1.714289689147278084e-01 1.717499674184322089e-01 1.720657273280243038e-01 1.723761246387989221e-01 1.726810443884891910e-01 1.729803799057908487e-01 1.732740321179633280e-01 1.735619089146222538e-01 1.738439245646752618e-01 1.741199991832607097e-01 1.743900582455134851e-01 1.746540321439923882e-01 1.749118557866522761e-01 1.751634682323264247e-01 1.754088123607842886e-01 1.756478345745526581e-01 1.758804845298242714e-01 1.761067148939188254e-01 1.763264811269130983e-01 1.765397412852078574e-01 1.767464558449523271e-01 1.769465875433980373e-01 1.771401012364028082e-01 1.773269637704482926e-01 1.775071438676751878e-01 1.776806120225709607e-01 1.778473404090725185e-01 1.780073027969655275e-01 1.781604744765743764e-01 1.783068321908416187e-01 1.784463540739933685e-01 1.785790195960798576e-01 1.787048095127605485e-01 1.788237058197832408e-01 1.789356917116744494e-01 1.790407515442238306e-01 1.791388708004008901e-01 1.792300360593962749e-01 1.793142349685236947e-01 1.793914562177623129e-01 1.794616895167518156e-01 1.795249255740886396e-01 1.795811560787953787e-01 1.796303736838598675e-01 1.796725719917632025e-01 1.797077455419292813e-01 1.797358898000447625e-01 1.797570011492101161e-01 1.797710768828920669e-01 1.797781151996545035e-01 1.797781151996545035e-01
1.594368813616822700e-01 1.594368813616822700e-01 1.594564000936315729e-01 1.594953589082808154e-01 1.595536012027179984e-01 1.596308938120433174e-01 1.597269290965189215e-01 1.598413277195294413e-01 1.599736421038898126e-01 1.601233605423550699e-01 1.602899119231641634e-01 1.604726710142332646e-01 1.606709642317585285e-01 1.608840758022158923e-01 1.611112542127031422e-01 1.613517188345915121e-01 1.616046666004413712e-01 1.618692786144394768e-01 1.621447265820963879e-01 1.624301789550013642e-01 1.627248067001563492e-01 1.630277886197055714e-01 1.633383161645859671e-01 1.636555977036568688e-01 1.639788622272807528e-01 1.643073624803627619e-01 1.646403775339806141e-01 1.649772148166178676e-01 1.653172116355175469e-01 1.656597362258121764e-01 1.660041883699996390e-01 1.663499996332435393e-01 1.666966332611468926e-01 1.670435837863715189e-01 1.673903763890446650e-01 1.677365660535861114e-01 1.680817365616444070e-01 1.684254993574811066e-01 1.687674923185578657e-01 1.691073784604203434e-01 1.694448446013507859e-01 1.697796000087661294e-01 1.701113750460368501e-01 1.704399198353360456e-01 1.707650029493225363e-01 1.710864101419350136e-01 1.714039431263172930e-01 1.717174184059114539e-01 1.720266661630287519e-01 1.723315292077215732e-01 1.726318619885170713e-01 1.729275296655123084e-01 1.732184072454528434e-01 1.735043787777037216e-01 1.737853366094490870e-01 1.740611806980140452e-01 1.743318179778636789e-01 1.745971617795954167e-01 1.748571312980760073e-01 1.751116511067798143e-01 1.753606507153480376e-01 1.756040641673919933e-01 1.758418296756114607e-01 1.760738892913725762e-01 1.763001886059880619e-01 1.765206764810583195e-01 1.767353048053613429e-01 1.769440282759182359e-01 1.771468042010040100e-01 1.773435923230204658e-01 1.775343546592950961e-01 1.777190553590150823e-01 1.778976605746488415e-01 1.780701383463453302e-01 1.782364584979348465e-01 1.783965925432814958e-01 1.785505136018593342e-01 1.786981963225376668e-01 1.788396168146675624e-01 1.789747525856615895e-01 1.791035824843523749e-01 1.792260866494990723e-01 1.793422464628914026e-01 1.794520445065719561e-01 1.795554645237622815e-01 1.796524913831373249e-01 1.797431110461480686e-01 1.798273105371347158e-01 1.799050779160200897e-01 1.799764022534056651e-01 1.800412736079266274e-01 1.800996830057509657e-01 1.801516224221281215e-01 1.801970847649174146e-01 1.802360638600378206e-01 1.802685544388000771e-01 1.802945521270879203e-01 1.803140534363671943e-01 1.803270557565074816e-01 1.803335573504059597e-01 1.803335573504059597e-01
1.618594107226279388e-01 1.618594107226279388e-01 1.618771034637614126e-01 1.619124179457747115e-01 1.619652128110891098e-01 1.620352776287361241e-01 1.621223348143492060e-01 1.622260421762301286e-01 1.623459960699245308e-01 1.624817351335378079e-01 1.626327445636088775e-01 1.627984608775571995e-01 1.629782770946778814e-01 1.631715482546148843e-01 1.633775971814206696e-01 1.635957203937024595e-01 1.638251940576442300e-01 1.640652798801805201e-01 1.643152308441947762e-01 1.645742966959065356e-01 1.648417291059160183e-01 1.651167864388598527e-01 1.653987380813981001e-01 1.656868682934322101e-01 1.659804795622680795e-01 1.662788954532543051e-01 1.665814629627605514e-01 1.668875543899127067e-01 1.671965687521018984e-01 1.675079327759128045e-01 1.678211014998460537e-01 1.681355585281975595e-01 1.684508159769029234e-01 1.687664141522947914e-01 1.690819210027895980e-01 1.693969313817527134e-01 1.697110661574039447e-01 1.700239712028067673e-01 1.703353162959138078e-01 1.706447939564367522e-01 1.709521182431061881e-01 1.712570235317527056e-01 1.715592632916600746e-01 1.718586088748384755e-01 1.721548483302925703e-01 1.724477852530196809e-01 1.727372376753706640e-01 1.730230370065551082e-01 1.733050270244439750e-01 1.735830629224218158e-01 1.738570104128445426e-01 1.741267448876462065e-01 1.743921506358060147e-01 1.746531201166998670e-01 1.749095532878156833e-01 1.751613569848834706e-01 1.754084443521483905e-01 1.756507343202820814e-01 1.758881511292691158e-01 1.761206238935174306e-01 1.763480862063994126e-01 1.765704757814401671e-01 1.767877341274111391e-01 1.769998062546601636e-01 1.772066404101036996e-01 1.774081878384181354e-01 1.776044025670929782e-01 1.777952412131412752e-01 1.779806628094001419e-01 1.781606286484976320e-01 1.783351021427007077e-01 1.785040486980008778e-01 1.786674356009290143e-01 1.788252319167237814e-01 1.789774083976058694e-01 1.791239374000281326e-01 1.792647928098906607e-01 1.793999499748140380e-01 1.795293856426662671e-01 1.796530779056334237e-01 1.797710061492089340e-01 1.798831510055578786e-01 1.799894943107852030e-01 1.800900190657022393e-01 1.801847093997478166e-01 1.802735505377720537e-01 1.803565287694406383e-01 1.804336314210588099e-01 1.805048468296529818e-01 1.805701643191787720e-01 1.806295741787531661e-01 1.806830676428330951e-01 1.807306368732808088e-01 1.807722749432741083e-01 1.808079758230327072e-01 1.808377343673412130e-01 1.808615463048595662e-01 1.808794082292125571e-01 1.808913175918612226e-01 1.808972726967526534e-01 1.808972726967526534e-01
1.643284878037888641e-01 1.643284878037888641e-01 1.643443282904129277e-01 1.643759459419579239e-01 1.644232146991584376e-01 1.644859469301279131e-01 1.645638951686723139e-01 1.646567544130994598e-01 1.647641649654861817e-01 1.648857157824625830e-01 1.650209482982438747e-01 1.651693606694941696e-01 1.653304123804765213e-01 1.655035291367503991e-01 1.656881079673097057e-01 1.658835224492675453e-01 1.660891279664920839e-01 1.663042669142331120e-01 1.665282737656936796e-01 1.667604799233970148e-01 1.670002182875646446e-01 1.672468274849221448e-01 1.674996557136776143e-01 1.677580641731863664e-01 1.680214300593848575e-01 1.682891491189199562e-01 1.685606377655938515e-01 1.688353347720170650e-01 1.691127025570371145e-01 1.693922280955450221e-01 1.696734234816850706e-01 1.699558261794149872e-01 1.702389989959369465e-01 1.705225298139209922e-01 1.708060311178789259e-01 1.710891393486973777e-01 1.713715141184070645e-01 1.716528373149002751e-01 1.719328121236809170e-01 1.722111619909483249e-01 1.724876295494911227e-01 1.727619755260909329e-01 1.730339776464528412e-01 1.733034295511574341e-01 1.735701397337848229e-01 1.738339305102232224e-01 1.740946370262454190e-01 1.743521063087264955e-01 1.746061963643690262e-01 1.748567753285024950e-01 1.751037206654040002e-01 1.753469184206500608e-01 1.755862625252250786e-01 1.758216541504727115e-01 1.760530011124643024e-01 1.762802173239596260e-01 1.765032222918331561e-01 1.767219406576218954e-01 1.769363017787067005e-01 1.771462393475558839e-01 1.773516910464274787e-01 1.775525982349363263e-01 1.777489056679374402e-01 1.779405612412476301e-01 1.781275157628218753e-01 1.783097227471078516e-01 1.784871382304248355e-01 1.786597206053405773e-01 1.788274304721530761e-01 1.789902305057200771e-01 1.791480853360135628e-01 1.793009614409096508e-01 1.794488270498551807e-01 1.795916520571765040e-01 1.797294079439169523e-01 1.798620677072026164e-01 1.799896057962448170e-01 1.801119980541882604e-01 1.802292216651076862e-01 1.803412551055433855e-01 1.804480781000459833e-01 1.805496715802751284e-01 1.806460176472625967e-01 1.807370995365115973e-01 1.808229015856579469e-01 1.809034092044680408e-01 1.809786088469897691e-01 1.810484879857120477e-01 1.811130350876197781e-01 1.811722395920601913e-01 1.812260918903583207e-01 1.812745833071418844e-01 1.813177060833488508e-01 1.813554533609056385e-01 1.813878191690736774e-01 1.814147984124664936e-01 1.814363868607485608e-01 1.814525811400248545e-01 1.814633787259346265e-01 1.814687779384601685e-01 1.814687779384601685e-01
1.668448638515632187e-01 1.668448638515632187e-01 1.668588210636182956e-01 1.668866799036118065e-01 1.669283297239605723e-01 1.669836058508846477e-01 1.670522911297349922e-01 1.671341179643708597e-01 1.672287708300002340e-01 1.673358892311821999e-01 1.674550710680853260e-01 1.675858763650630856e-01 1.677278313067491478e-01 1.678804325188818503e-01 1.680431515245907892e-01 1.682154393024821726e-01 1.683967308709301558e-01 1.685864498237085729e-01 1.687840127454496852e-01 1.689888334411704940e-01 1.692003269218828598e-01 1.694179130976017633e-01 1.696410201393420969e-01 1.698690874823972907e-01 1.701015684537987571e-01 1.703379325169352698e-01 1.705776671354937990e-01 1.708202792669356596e-01 1.710652965024637984e-01 1.713122678758280948e-01 1.715607643673403848e-01 1.718103791322205254e-01 1.720607274839708878e-01 1.723114466640245923e-01 1.725621954285976312e-01 1.728126534826484317e-01 1.730625207892779183e-01 1.733115167809255175e-01 1.735593794964729319e-01 1.738058646659607076e-01 1.740507447621578996e-01 1.742938080357735731e-01 1.745348575487200293e-01 1.747737102175869750e-01 1.750101958773783439e-01 1.752441563736398811e-01 1.754754446893569686e-01 1.757039241114518036e-01 1.759294674403368286e-01 1.761519562447961817e-01 1.763712801634464700e-01 1.765873362531694968e-01 1.768000283841951736e-01 1.770092666809289228e-01 1.772149670071515581e-01 1.774170504938588078e-01 1.776154431077326401e-01 1.778100752580481225e-01 1.780008814396876748e-01 1.781877999098691046e-01 1.783707723961697467e-01 1.785497438334462950e-01 1.787246621272968738e-01 1.788954779417876173e-01 1.790621445092553665e-01 1.792246174601088704e-01 1.793828546706650873e-01 1.795368161271834739e-01 1.796864638043888240e-01 1.798317615569014760e-01 1.799726750221246063e-01 1.801091715332621968e-01 1.802412200412658594e-01 1.803687910446263865e-01 1.804918565260367480e-01 1.806103898950633946e-01 1.807243659360591170e-01 1.808337607606465280e-01 1.809385517641878827e-01 1.810387175857358366e-01 1.811342380710342370e-01 1.812250942382042929e-01 1.813112682458110081e-01 1.813927433630609098e-01 1.814695039419277622e-01 1.815415353910487528e-01 1.816088241512661960e-01 1.816713576727288781e-01 1.817291243934875400e-01 1.817821137195469172e-01 1.818303160063555746e-01 1.818737225417267345e-01 1.819123255302005360e-01 1.819461180788624621e-01 1.819750941846414172e-01 1.819992487231138212e-01 1.820185774388414224e-01 1.820330769372704161e-01 1.820427446782166003e-01 1.820475789709590231e-01 1.820475789709590231e-01
1.694093895350272938e-01 1.694093895350272938e-01 1.694214273097933710e-01 1.694454551090856520e-01 1.694813778856665287e-01 1.695290541975979504e-01 1.695882975508902213e-01 1.696588781686669267e-01 1.697405251671472992e-01 1.698329291121534468e-01 1.699357449227250627e-01 1.700485950811207736e-01 1.701710731014374478e-01 1.703027472028143530e-01 1.704431641281771437e-01 1.705918530461487947e-01 1.707483294723947664e-01 1.709120991474271656e-01 1.710826618107475772e-01 1.712595148159911373e-01 1.714421565381584467e-01 1.716300895317005304e-01 1.718228234067314397e-01 1.720198773995398611e-01 1.722207826224374794e-01 1.724250839864646945e-01 1.726323417982571495e-01 1.728421330392577171e-01 1.730540523412809895e-01 1.732677126771404730e-01 1.734827457886187752e-01 1.736988023765481948e-01 1.739155520792569354e-01 1.741326832662334900e-01 1.743499026737024837e-01 1.745669349080168076e-01 1.747835218414866276e-01 1.749994219236166992e-01 1.752144094288129172e-01 1.754282736595551562e-01 1.756408181218979403e-01 1.758518596880246365e-01 1.760612277584962249e-01 1.762687634348521770e-01 1.764743187113637091e-01 1.766777556930270998e-01 1.768789458453401131e-01 1.770777692800170611e-01 1.772741140795803250e-01 1.774678756627066367e-01 1.776589561913001214e-01 1.778472640194968535e-01 1.780327131841733523e-01 1.782152229360142726e-01 1.783947173097839012e-01 1.785711247321312978e-01 1.787443776650229910e-01 1.789144122827360239e-01 1.790811681802386146e-01 1.792445881107391503e-01 1.794046177501696371e-01 1.795612054864010598e-01 1.797143022310406790e-01 1.798638612517358126e-01 1.800098380230074069e-01 1.801521900937364529e-01 1.802908769695461266e-01 1.804258600084405195e-01 1.805571023281831167e-01 1.806845687240226095e-01 1.808082255954952255e-01 1.809280408811515528e-01 1.810439840001703271e-01 1.811560257999333678e-01 1.812641385087378210e-01 1.813682956929229539e-01 1.814684722177778708e-01 1.815646442116851944e-01 1.816567890330311741e-01 1.817448852394878966e-01 1.818289125593359479e-01 1.819088518645586849e-01 1.819846851454895442e-01 1.820563954868426870e-01 1.821239670449983084e-01 1.821873850264522365e-01 1.822466356673668186e-01 1.823017062141923383e-01 1.823525849053455883e-01 1.823992609539535625e-01 1.824417245316834191e-01 1.824799667536911030e-01 1.825139796647300972e-01 1.825437562264645985e-01 1.825692903060363026e-01 1.825905766659324525e-01 1.826076109552020876e-01 1.826203897020641509e-01 1.826289103079443699e-01 1.826331710429736632e-01 1.826331710429736632e-01
1.720230166241120406e-01 1.720230166241120406e-01 1.720330932517087352e-01 1.720532067310677760e-01 1.720832778927321727e-01 1.721231889341063581e-01 1.721727845501123400e-01 1.722318734213550417e-01 1.723002300420895250e-01 1.723775968647808798e-01 1.724636867322464073e-01 1.725581855625162309e-01 1.726607552459951123e-01 1.727710367096182698e-01 1.728886530988352210e-01 1.730132130257408252e-01 1.731443138307210139e-01 1.732815448056994612e-01 1.734244903294573925e-01 1.735727328694153804e-01 1.737258558095020611e-01 1.738834460699922313e-01 1.740450964921418375e-01 1.742104079677325723e-01 1.743789913009362869e-01 1.745504687969154090e-01 1.747244755780554826e-01 1.749006606344737091e-01 1.750786876203628273e-01 1.752582354117183938e-01 1.754389984440657690e-01 1.756206868509629371e-01 1.758030264253818975e-01 1.759857584266420194e-01 1.761686392554901726e-01 1.763514400193027520e-01 1.765339460083315271e-01 1.767159561025369308e-01 1.768972821269417794e-01 1.770777481716818702e-01 1.772571898911078636e-01 1.774354537944558274e-01 1.776123965388095860e-01 1.777878842333637244e-01 1.779617917623888268e-01 1.781340021328155498e-01 1.783044058510128427e-01 1.784729003321346708e-01 1.786393893443498360e-01 1.788037824893556338e-01 1.789659947197911605e-01 1.791259458935066384e-01 1.792835603641037834e-01 1.794387666067233655e-01 1.795914968777098664e-01 1.797416869065228684e-01 1.798892756180749397e-01 1.800342048835480713e-01 1.801764192976683110e-01 1.803158659803895947e-01 1.804524944009437137e-01 1.805862562222561030e-01 1.807171051637859460e-01 1.808449968809328345e-01 1.809698888592472799e-01 1.810917403217869870e-01 1.812105121480752923e-01 1.813261668032315199e-01 1.814386682759618619e-01 1.815479820242167919e-01 1.816540749274336286e-01 1.817569152443954950e-01 1.818564725758439748e-01 1.819527178310844651e-01 1.820456231979170891e-01 1.821351621153186329e-01 1.822213092483808972e-01 1.823040404650892177e-01 1.823833328145946231e-01 1.824591645066965806e-01 1.825315148923118413e-01 1.826003644447543595e-01 1.826656947416988308e-01 1.827274884477407824e-01 1.827857292974984227e-01 1.828404020792339935e-01 1.828914926189975643e-01 1.829389877653143648e-01 1.829828753744577319e-01 1.830231442963586586e-01 1.830597843612168374e-01 1.830927863668812827e-01 1.831221420670737232e-01 1.831478441605302321e-01 1.831698862811330375e-01 1.831882629891033176e-01 1.832029697633200671e-01 1.832140029948235993e-01 1.832213599815546157e-01 1.832250389243701427e-01 1.832250389243701427e-01
1.746868003406822911e-01 1.746868003406822911e-01 1.746948681323150510e-01 1.747109721055548903e-01 1.747350493478192768e-01 1.747670062555294335e-01 1.748067194428571391e-01 1.748540369369563086e-01 1.749087796448585419e-01 1.749707430728027202e-01 1.750396992741790891e-01 1.751153989977006498e-01 1.751975740031062878e-01 1.752859395079443550e-01 1.753801967260384675e-01 1.754800354563394726e-01 1.755851366801862989e-01 1.756951751256097816e-01 1.758098217592281576e-01 1.759287461693894716e-01 1.760516188083689759e-01 1.761781130663893080e-01 1.763079071557557553e-01 1.764406857892075187e-01 1.765761416424257713e-01 1.767139765962725262e-01 1.768539027595579238e-01 1.769956432778006516e-01 1.771389329374413457e-01 1.772835185782406231e-01 1.774291593291099922e-01 1.775756266844188969e-01 1.777227044389211030e-01 1.778701884999311367e-01 1.780178865953292444e-01 1.781656178954639513e-01 1.783132125661550105e-01 1.784605112688541217e-01 1.786073646226758460e-01 1.787536326415437582e-01 1.788991841581682452e-01 1.790438962450296434e-01 1.791876536410322296e-01 1.793303481910521469e-01 1.794718783042504318e-01 1.796121484357742493e-01 1.797510685953428444e-01 1.798885538852083021e-01 1.800245240690988846e-01 1.801589031729880774e-01 1.802916191178877414e-01 1.804226033843202848e-01 1.805517907076865380e-01 1.806791188033919082e-01 1.808045281203239374e-01 1.809279616210737185e-01 1.810493645871558144e-01 1.811686844473954228e-01 1.812858706276114229e-01 1.814008744197228573e-01 1.815136488684316041e-01 1.816241486736914212e-01 1.817323301072416852e-01 1.818381509415754604e-01 1.819415703898058512e-01 1.820425490550050818e-01 1.821410488876944178e-01 1.822370331502805862e-01 1.823304663873420162e-01 1.824213144007789111e-01 1.825095442289490222e-01 1.825951241290116045e-01 1.826780235618000181e-01 1.827582131786368580e-01 1.828356648095870729e-01 1.829103514527305741e-01 1.829822472641038089e-01 1.830513275480286084e-01 1.831175687476089831e-01 1.831809484352289741e-01 1.832414453029347357e-01 1.832990391526269081e-01 1.833537108860260334e-01 1.834054424944090433e-01 1.834542170481373302e-01 1.835000186860267501e-01 1.835428326046223968e-01 1.835826450474595528e-01 1.836194432944026345e-01 1.836532156511613278e-01 1.836839514390885275e-01 1.837116409853658816e-01 1.837362756136832198e-01 1.837578476355142543e-01 1.837763503420878075e-01 1.837917779971456056e-01 1.838041258305688208e-01 1.838133900329501913e-01 1.838195677511726411e-01 1.838226570850466646e-01 1.838226570850466646e-01
1.774019023789577820e-01 1.774019023789577820e-01 1.774079071992432088e-01 1.774198936445240404e-01 1.774378155528253120e-01 1.774616042501457047e-01 1.774911692259464879e-01 1.775263990214010212e-01 1.775671623192394133e-01 1.776133092207320130e-01 1.776646726919267061e-01 1.777210701578514074e-01 1.777823052201747134e-01 1.778481694710120353e-01 1.779184443733495546e-01 1.779929031771252668e-01 1.780713128394740552e-01 1.781534359180778904e-01 1.782390324079747013e-01 1.783278614945005836e-01 1.784196831981488818e-01 1.785142598908750211e-01 1.786113576675544823e-01 1.787107475607200013e-01 1.788122065911608716e-01 1.789155186512796092e-01 1.790204752221183915e-01 1.791268759285593037e-01 1.792345289402914876e-01 1.793432512286636804e-01 1.794528686914889370e-01 1.795632161592489451e-01 1.796741372969859196e-01 1.797854844165253652e-01 1.798971182136017144e-01 1.800089074440280323e-01 1.801207285523331869e-01 1.802324652653485848e-01 1.803440081621312252e-01 1.804552542304135865e-01 1.805661064185282438e-01 1.806764731905021182e-01 1.807862680907977304e-01 1.808954093240099648e-01 1.810038193537391316e-01 1.811114245238602538e-01 1.812181547045084162e-01 1.813239429642978240e-01 1.814287252695996333e-01 1.815324402111043733e-01 1.816350287573947619e-01 1.817364340348429919e-01 1.818366011328167720e-01 1.819354769329235566e-01 1.820330099608310492e-01 1.821291502590708378e-01 1.822238492791523057e-01 1.823170597912710800e-01 1.824087358098983869e-01 1.824988325335592521e-01 1.825873062971617999e-01 1.826741145353069085e-01 1.827592157550925189e-01 1.828425695170201870e-01 1.829241364227123523e-01 1.830038781082553578e-01 1.830817572420887496e-01 1.831577375264698271e-01 1.832317837016458062e-01 1.833038615519697601e-01 1.833739379132927061e-01 1.834419806810581310e-01 1.835079588186114830e-01 1.835718423653210640e-01 1.836336024441773962e-01 1.836932112686137930e-01 1.837506421483479646e-01 1.838058694941046567e-01 1.838588688211290900e-01 1.839096167514461810e-01 1.839580910148589654e-01 1.840042704487166725e-01 1.840481349965073510e-01 1.840896657053596175e-01 1.841288447225538916e-01 1.841656552911613287e-01 1.842000817449408745e-01 1.842321095026325239e-01 1.842617250617907543e-01 1.842889159923039588e-01 1.843136709297471532e-01 1.843359795687093405e-01 1.843558326562361460e-01 1.843732219855166998e-01 1.843881403899405302e-01 1.844005817376357104e-01 1.844105409265900664e-01 1.844180138804460412e-01 1.844229975450427106e-01 1.844254898857681235e-01 1.844254898857681235e-01
1.801695945988692760e-01 1.801695945988692760e-01 1.801734753536386180e-01 1.801812223960433113e-01 1.801928069367560725e-01 1.802081861526351192e-01 1.802273036154483643e-01 1.802500898561009701e-01 1.802764630575778571e-01 1.803063298676772230e-01 1.803395863203403338e-01 1.803761188520658920e-01 1.804158053976775422e-01 1.804585165477123332e-01 1.805041167480938846e-01 1.805524655216490804e-01 1.806034186905398076e-01 1.806568295788601175e-01 1.807125501755141306e-01 1.807704322389975249e-01 1.808303283277879481e-01 1.808920927425914094e-01 1.809555823695657706e-01 1.810206574167038118e-01 1.810871820386633357e-01 1.811550248483530523e-01 1.812240593164025915e-01 1.812941640621711370e-01 1.813652230421184952e-01 1.814371256431294710e-01 1.815097666897356465e-01 1.815830463751183510e-01 1.816568701263234498e-01 1.817311484143153966e-01 1.818057965193767278e-01 1.818807342619827849e-01 1.819558857086887305e-01 1.820311788618201587e-01 1.821065453408943768e-01 1.821819200627739777e-01 1.822572409265951487e-01 1.823324485085540958e-01 1.824074857707113639e-01 1.824822977870884377e-01 1.825568314895212874e-01 1.826310354349870990e-01 1.827048595954622323e-01 1.827782551707867742e-01 1.828511744245142345e-01 1.829235705423063463e-01 1.829953975120874043e-01 1.830666100249029871e-01 1.831371633952155464e-01 1.832070134992169474e-01 1.832761167296390326e-01 1.833444299654823084e-01 1.834119105550639228e-01 1.834785163107980621e-01 1.835442055141567330e-01 1.836089369293193163e-01 1.836726698240921940e-01 1.837353639967659880e-01 1.837969798076742323e-01 1.838574782143170827e-01 1.839168208090184997e-01 1.839749698581889248e-01 1.840318883423704421e-01 1.840875399963421699e-01 1.841418893486611308e-01 1.841949017601077210e-01 1.842465434605917440e-01 1.842967815841596302e-01 1.843455842018167368e-01 1.843929203519511506e-01 1.844387600682089179e-01 1.844830744047268045e-01 1.845258354586835070e-01 1.845670163901720062e-01 1.846065914394401375e-01 1.846445359415770926e-01 1.846808263387558213e-01 1.847154401901657528e-01 1.847483561797883811e-01 1.847795541221866900e-01 1.848090149664901038e-01 1.848367207987646754e-01 1.848626548429644079e-01 1.848868014606608046e-01 1.849091461497478772e-01 1.849296755423145699e-01 1.849483774018740867e-01 1.849652406201301447e-01 1.849802552134502120e-01 1.849934123192075730e-01 1.850047041921387136e-01 1.850141242008519760e-01 1.850216668246046636e-01 1.850273276504565134e-01 1.850311033708833541e-01 1.850329917819262260e-01 1.850329917819262260e-01
1.829912634022277940e-01 1.829912634022277940e-01 1.829929514729973228e-01 1.829963222610435924e-01 1.830013651149166587e-01 1.830080641960503407e-01 1.830163986443626434e-01 1.830263427975959145e-01 1.830378664626973462e-01 1.830509352366397058e-01 1.830655108729853653e-01 1.830815516892518591e-01 1.830990130088392953e-01 1.831178476300104607e-01 1.831380063133024594e-01 1.831594382778730101e-01 1.831820916967384083e-01 1.832059141806950953e-01 1.832308532409600288e-01 1.832568567212141397e-01 1.832838731907403818e-01 1.833118522916751814e-01 1.833407450349379963e-01 1.833705040411066356e-01 1.834010837242479042e-01 1.834324404184426438e-01 1.834645324483503981e-01 1.834973201466122139e-01 1.835307658221200788e-01 1.835648336841745332e-01 1.835994897282863803e-01 1.836347015898577573e-01 1.836704383722134182e-01 1.837066704554687069e-01 1.837433692925398987e-01 1.837805071982649974e-01 1.838180571371335614e-01 1.838559925145644702e-01 1.838942869760452903e-01 1.839329142177914267e-01 1.839718478119153622e-01 1.840110610484451958e-01 1.840505267959071101e-01 1.840902173816044429e-01 1.841301044921997421e-01 1.841701590947316669e-01 1.842103513777907375e-01 1.842506507122297910e-01 1.842910256304960415e-01 1.843314438234424923e-01 1.843718721533026128e-01 1.844122766813824921e-01 1.844526227089474946e-01 1.844928748297345877e-01 1.845329969925159630e-01 1.845729525721579722e-01 1.846127044476655044e-01 1.846522150857652089e-01 1.846914466286602718e-01 1.847303609846797645e-01 1.847689199206447030e-01 1.848070851548767324e-01 1.848448184498822922e-01 1.848820817038513420e-01 1.849188370402171377e-01 1.849550468946256909e-01 1.849906740987631859e-01 1.850256819605850256e-01 1.850600343405781334e-01 1.850936957237728497e-01 1.851266312872970610e-01 1.851588069633352540e-01 1.851901894974216090e-01 1.852207465020510868e-01 1.852504465056466487e-01 1.852792589969639303e-01 1.853071544650565228e-01 1.853341044349563760e-01 1.853600814992549806e-01 1.853850593457928575e-01 1.854090127816848954e-01 1.854319177539232033e-01 1.854537513668106097e-01 1.854744918964838785e-01 1.854941188027901255e-01 1.855126127387805857e-01 1.855299555580836590e-01 1.855461303204129775e-01 1.855611212954624556e-01 1.855749139654272462e-01 1.855874950263824985e-01 1.855988523887365238e-01 1.856089751769634533e-01 1.856178537288025732e-01 1.856254795940994740e-01 1.856318455334425299e-01 1.856369455167336535e-01 1.856407747218129234e-01 1.856433295332360900e-01 1.856446075412874486e-01 1.856446075412874486e-01
1.858684148069686126e-01 1.858684148069686126e-01 1.858678334228140716e-01 1.858666748806312996e-01 1.858649475918781324e-01 1.858626640730207391e-01 1.858598408281170178e-01 1.858564981977235409e-01 1.858526601782801158e-01 1.858483542165557667e-01 1.858436109838771388e-01 1.858384641346985666e-01 1.858329500536669288e-01 1.858271075947399709e-01 1.858209778152134783e-01 1.858146037067681666e-01 1.858080299249409428e-01 1.858013025178111843e-01 1.857944686542241652e-01 1.857875763515630385e-01 1.857806742029490532e-01 1.857738111037807172e-01 1.857670359776923685e-01 1.857603975022945331e-01 1.857539438354074979e-01 1.857477223428820878e-01 1.857417793294774411e-01 1.857361597746038095e-01 1.857309070750116364e-01 1.857260627967016464e-01 1.857216664384296057e-01 1.857177552091877348e-01 1.857143638219551640e-01 1.857115243058433118e-01 1.857092658385209594e-01 1.857076146005064154e-01 1.857065936525765515e-01 1.857062228371794688e-01 1.857065187043633048e-01 1.857074944623631207e-01 1.857091599526297099e-01 1.857115216487559284e-01 1.857145826784483145e-01 1.857183428674350212e-01 1.857227988039678868e-01 1.857279439223995521e-01 1.857337686041710956e-01 1.857402602944422665e-01 1.857474036325343636e-01 1.857551805943243872e-01 1.857635706447316182e-01 1.857725508984658935e-01 1.857820962872628601e-01 1.857921797319013468e-01 1.858027723173907575e-01 1.858138434698169694e-01 1.858253611334464428e-01 1.858372919468093132e-01 1.858496014166006183e-01 1.858622540883661522e-01 1.858752137130589566e-01 1.858884434086758575e-01 1.859019058163001725e-01 1.859155632499880639e-01 1.859293778400437636e-01 1.859433116693296473e-01 1.859573269023492847e-01 1.859713859069299924e-01 1.859854513684095489e-01 1.859994863963034817e-01 1.860134546234954722e-01 1.860273202980494422e-01 1.860410483677934768e-01 1.860546045578709007e-01 1.860679554414895742e-01 1.860810685041344448e-01 1.860939122015344560e-01 1.861064560116956201e-01 1.861186704813286852e-01 1.861305272670129296e-01 1.861419991714433342e-01 1.861530601751155423e-01 1.861636854638004379e-01 1.861738514521612819e-01 1.861835358038586297e-01 1.861927174484820646e-01 1.862013765956384570e-01 1.862094947465127437e-01 1.862170547032072077e-01 1.862240405761462214e-01 1.862304377898206242e-01 1.862362330871270844e-01 1.862414145325385351e-01 1.862459715143243710e-01 1.862498947460174692e-01 1.862531762673057534e-01 1.862558094445035395e-01 1.862577889707377476e-01 1.862591108659608641e-01 1.862597724768817742e-01 1.862597724768817742e-01
1.888026802390586345e-01 1.888026802390586345e-01 1.887997437759392494e-01 1.887938852114662003e-01 1.887851331236773400e-01 1.887735300189000709e-01 1.887591319071666440e-01 1.887420077495596538e-01 1.887222387883399355e-01 1.886999177726129684e-01 1.886751480937416958e-01 1.886480428456819292e-01 1.886187238259086352e-01 1.885873204926438451e-01 1.885539688937339642e-01 1.885188105818219051e-01 1.884819915294781711e-01 1.884436610567763182e-01 1.884039707824791965e-01 1.883630736086183421e-01 1.883211227468433169e-01 1.882782707935439781e-01 1.882346688594306594e-01 1.881904657580298346e-01 1.881458072564172468e-01 1.881008353904852770e-01 1.880556878461213388e-01 1.880104974068540213e-01 1.879653914678064419e-01 1.879204916151641092e-01 1.878759132698170353e-01 1.878317653933635201e-01 1.877881502542558811e-01 1.877451632515264590e-01 1.877028927932439528e-01 1.876614202266156939e-01 1.876208198164663887e-01 1.875811587686815884e-01 1.875424972951083014e-01 1.875048887163443534e-01 1.874683795988307533e-01 1.874330099226726720e-01 1.873988132766614412e-01 1.873658170770441389e-01 1.873340428066869179e-01 1.873035062714027976e-01 1.872742178703539206e-01 1.872461828775990600e-01 1.872194017320261139e-01 1.871938703330923437e-01 1.871695803399811286e-01 1.871465194719765246e-01 1.871246718080511739e-01 1.871040180838569877e-01 1.870845359844951206e-01 1.870662004316325788e-01 1.870489838637083846e-01 1.870328565081485206e-01 1.870177866446720016e-01 1.870037408589263206e-01 1.869906842858373164e-01 1.869785808421937645e-01 1.869673934481148603e-01 1.869570842371627295e-01 1.869476147549690159e-01 1.869389461463394353e-01 1.869310393308877272e-01 1.869238551673247650e-01 1.869173546065978631e-01 1.869114988341323003e-01 1.869062494014822884e-01 1.869015683477340262e-01 1.868974183110482523e-01 1.868937626307517197e-01 1.868905654404159622e-01 1.868877917523749654e-01 1.868854075341483956e-01 1.868833797772442296e-01 1.868816765588175166e-01 1.868802670966628887e-01 1.868791217980122210e-01 1.868782123026063724e-01 1.868775115204953374e-01 1.868769936650126751e-01 1.868766342813550363e-01 1.868764102711814035e-01 1.868762999136294178e-01 1.868762828831271039e-01 1.868763402643598692e-01 1.868764545647285114e-01 1.868766097246150060e-01 1.868767911257498970e-01 1.868769855979499350e-01 1.868771814244744867e-01 1.868773683462219004e-01 1.868775375649654458e-01 1.868776817458024098e-01 1.868777950189660642e-01 1.868778729811254591e-01 1.868779126962727966e-01 1.868779126962727966e-01
1.917958230646676643e-01 1.917958230646676643e-01 1.917904362613399305e-01 1.917796878090907153e-01 1.917636277564509772e-01 1.917423305305261116e-01 1.917158941760468693e-01 1.916844393634395127e-01 1.916481081844429168e-01 1.916070627573454310e-01 1.915614836668100285e-01 1.915115682654301432e-01 1.914575288655832319e-01 1.913995908508079324e-01 1.913379907358564447e-01 1.912729742038150327e-01 1.912047941473065393e-01 1.911337087388898515e-01 1.910599795534490275e-01 1.909838697627231074e-01 1.909056424192829560e-01 1.908255588443113493e-01 1.907438771305814684e-01 1.906608507691501531e-01 1.905767274055376326e-01 1.904917477286301453e-01 1.904061444932398928e-01 1.903201416752201836e-01 1.902339537562787730e-01 1.901477851341502323e-01 1.900618296525880824e-01 1.899762702446848583e-01 1.898912786823225840e-01 1.898070154240623642e-01 1.897236295534794892e-01 1.896412587998147770e-01 1.895600296328191769e-01 1.894800574237892055e-01 1.894014466650117690e-01 1.893242912401301159e-01 1.892486747382937928e-01 1.891746708053532733e-01 1.891023435257815077e-01 1.890317478294481490e-01 1.889629299178207378e-01 1.888959277046210472e-01 1.888307712664057392e-01 1.887674832989797158e-01 1.887060795759636922e-01 1.886465694062464116e-01 1.885889560874274007e-01 1.885332373527217054e-01 1.884794058091324720e-01 1.884274493650154314e-01 1.883773516454511354e-01 1.883290923941102757e-01 1.882826478605474085e-01 1.882379911720818699e-01 1.881950926896334142e-01 1.881539203470650456e-01 1.881144399737506578e-01 1.880766156002379175e-01 1.880404097470066427e-01 1.880057836964403872e-01 1.879726977482309713e-01 1.879411114585247122e-01 1.879109838631940477e-01 1.878822736856828601e-01 1.878549395299276836e-01 1.878289400588996627e-01 1.878042341593493814e-01 1.877807810933603827e-01 1.877585406373395160e-01 1.877374732090840714e-01 1.877175399835736558e-01 1.876987029981356525e-01 1.876809252476313306e-01 1.876641707703034234e-01 1.876484047249149800e-01 1.876335934597954114e-01 1.876197045743963066e-01 1.876067069739367765e-01 1.875945709177022080e-01 1.875832680615359127e-01 1.875727714950398139e-01 1.875630557739765558e-01 1.875540969483394105e-01 1.875458725865314646e-01 1.875383617960660887e-01 1.875315452411763784e-01 1.875254051576928371e-01 1.875199253655198406e-01 1.875150912790151669e-01 1.875108899155482345e-01 1.875073099024853196e-01 1.875043414828203026e-01 1.875019765196463961e-01 1.875002084996296170e-01 1.874990325356249710e-01 1.874984453685417107e-01 1.874984453685417107e-01
1.948497458864805187e-01 1.948497458864805187e-01 1.948418029650157979e-01 1.948259538397314472e-01 1.948022715587278408e-01 1.947708647335143761e-01 1.947318764065711083e-01 1.946854825747148521e-01 1.946318903956174295e-01 1.945713361102203998e-01 1.945040827182974719e-01 1.944304174479105640e-01 1.943506490619190674e-01 1.942651050459827389e-01 1.941741287226617652e-01 1.940780763352939475e-01 1.939773141434107950e-01 1.938722155686503357e-01 1.937631584265839813e-01 1.936505222757556322e-01 1.935346859107140993e-01 1.934160250210636423e-01 1.932949100337459092e-01 1.931717041510349897e-01 1.930467615922138447e-01 1.929204260427097306e-01 1.927930293106752957e-01 1.926648901876722997e-01 1.925363135072668541e-01 1.924075893929973191e-01 1.922789926853097353e-01 1.921507825356534860e-01 1.920232021549472257e-01 1.918964787030310315e-01 1.917708233054507272e-01 1.916464311839448098e-01 1.915234818872554035e-01 1.914021396093324168e-01 1.912825535825882495e-01 1.911648585345640250e-01 1.910491751971381547e-01 1.909356108582330180e-01 1.908242599468129297e-01 1.907152046428143011e-01 1.906085155044740798e-01 1.905042521063301242e-01 1.904024636819334759e-01 1.903031897660371896e-01 1.902064608317100280e-01 1.901122989184531875e-01 1.900207182479805301e-01 1.899317258248585938e-01 1.898453220196849311e-01 1.897615011329241153e-01 1.896802519379155727e-01 1.896015582019185131e-01 1.895253991843758867e-01 1.894517501118523906e-01 1.893805826293496752e-01 1.893118652279123515e-01 1.892455636486211068e-01 1.891816412632328359e-01 1.891200594318581396e-01 1.890607778381826753e-01 1.890037548028347392e-01 1.889489475755770920e-01 1.888963126070674070e-01 1.888458058009766793e-01 1.887973827472950727e-01 1.887509989376805197e-01 1.887066099637207395e-01 1.886641716989903850e-01 1.886236404657850030e-01 1.885849731874086888e-01 1.885481275268845736e-01 1.885130620129379653e-01 1.884797361540884730e-01 1.884481105416614954e-01 1.884181469425067756e-01 1.883898083821834435e-01 1.883630592193436815e-01 1.883378652120140384e-01 1.883141935764447994e-01 1.882920130391638469e-01 1.882712938828378924e-01 1.882520079865122042e-01 1.882341288607653484e-01 1.882176316782811776e-01 1.882024933003084433e-01 1.881886922994432110e-01 1.881762089791365333e-01 1.881650253902986680e-01 1.881551253453348227e-01 1.881464944299196529e-01 1.881391200127817964e-01 1.881329912537418048e-01 1.881280991102130817e-01 1.881244363423457688e-01 1.881219975169639569e-01 1.881207790104140187e-01 1.881207790104140187e-01
1.979664986269291105e-01 1.979664986269291105e-01 1.979558823045142468e-01 1.979346988393712037e-01 1.979030460622747956e-01 1.978610694079074306e-01 1.978089603688680531e-01 1.977469544798940992e-01 1.976753288698118449e-01 1.975943994262462367e-01 1.975045176244491218e-01 1.974060670765805658e-01 1.972994598612639594e-01 1.971851326951679639e-01 1.970635430087080697e-01 1.969351649867666643e-01 1.968004856326853180e-01 1.966600009098497803e-01 1.965142120101620038e-01 1.963636217928059202e-01 1.962087314302166929e-01 1.960500372913164813e-01 1.958880280851269251e-01 1.957231822810381605e-01 1.955559658155152924e-01 1.953868300889955723e-01 1.952162102513225472e-01 1.950445237693350098e-01 1.948721692662471472e-01 1.946995256192067536e-01 1.945269512989112604e-01 1.943547839333315541e-01 1.941833400763968154e-01 1.940129151618580350e-01 1.938437836223929067e-01 1.936761991542728933e-01 1.935103951084941876e-01 1.933465849901231381e-01 1.931849630486410785e-01 1.930257049432497485e-01 1.928689684683562167e-01 1.927148943257525338e-01 1.925636069313173826e-01 1.924152152453465492e-01 1.922698136168653760e-01 1.921274826334556651e-01 1.919882899692442468e-01 1.918522912247331846e-01 1.917195307531062987e-01 1.915900424685158809e-01 1.914638506326415135e-01 1.913409706165239699e-01 1.912214096353058168e-01 1.911051674540759360e-01 1.909922370635057098e-01 1.908826053243986298e-01 1.907762535806490911e-01 1.906731582404322389e-01 1.905732913257187633e-01 1.904766209904497631e-01 1.903831120078971761e-01 1.902927262279038856e-01 1.902054230048265127e-01 1.901211595971162849e-01 1.900398915395521693e-01 1.899615729892078220e-01 1.898861570462793691e-01 1.898135960509310660e-01 1.897438418573338947e-01 1.896768460860799033e-01 1.896125603561480966e-01 1.895509364975920541e-01 1.894919267460941081e-01 1.894354839205127927e-01 1.893815615845166334e-01 1.893301141933683429e-01 1.892810972268847980e-01 1.892344673095606444e-01 1.891901823188046894e-01 1.891482014821944113e-01 1.891084854646130631e-01 1.890709964460897952e-01 1.890356981911227585e-01 1.890025561102165741e-01 1.889715373143289467e-01 1.889426106628740998e-01 1.889157468058909883e-01 1.888909182209415616e-01 1.888680992452649032e-01 1.888472661036731948e-01 1.888283969326344236e-01 1.888114718009523407e-01 1.887964727274124288e-01 1.887833836957299172e-01 1.887721906670971617e-01 1.887628815905943724e-01 1.887554464116932007e-01 1.887498770790462521e-01 1.887461675497270341e-01 1.887443137930470138e-01 1.887443137930470138e-01
2.011482874167207224e-01 2.011482874167207224e-01 2.011348677938792073e-01 2.011080912338791549e-01 2.010680824207994599e-01 2.010150266756593751e-01 2.009491679467150238e-01 2.008708061895795594e-01 2.007802941864580137e-01 2.006780338637274286e-01 2.005644721755318050e-01 2.004400966277055940e-01 2.003054305210403563e-01 2.001610279955190197e-01 2.000074689576216425e-01 1.998453539711934901e-01 1.996752991887840167e-01 1.994979313950102362e-01 1.993138832266488636e-01 1.991237886261298939e-01 1.989282785762462868e-01 1.987279771545707452e-01 1.985234979366217456e-01 1.983154407675782327e-01 1.981043889135727654e-01 1.978909065955265778e-01 1.976755369012898056e-01 1.974588000656299080e-01 1.972411921024258552e-01 1.970231837692800747e-01 1.968052198416251064e-01 1.965877186712113589e-01 1.963710720025262091e-01 1.961556450201166757e-01 1.959417765998498762e-01 1.957297797377426651e-01 1.955199421310123975e-01 1.953125268873470155e-01 1.951077733399707304e-01 1.949058979478125730e-01 1.947070952619028572e-01 1.945115389409648732e-01 1.943193828009960045e-01 1.941307618854027361e-01 1.939457935439470315e-01 1.937645785103495888e-01 1.935872019698749724e-01 1.934137346095818055e-01 1.932442336451573595e-01 1.930787438193707628e-01 1.929172983681752829e-01 1.927599199513760631e-01 1.926066215455540520e-01 1.924574072976210359e-01 1.923122733379641902e-01 1.921712085526477987e-01 1.920341953145686675e-01 1.919012101738257758e-01 1.917722245078676557e-01 1.916472051322312964e-01 1.915261148728893692e-01 1.914089131013855805e-01 1.912955562340615812e-01 1.911859981967768407e-01 1.910801908565897544e-01 1.909780844219120810e-01 1.908796278126778101e-01 1.907847690020722242e-01 1.906934553313663627e-01 1.906056337993809746e-01 1.905212513280816755e-01 1.904402550057706089e-01 1.903625923093002770e-01 1.902882113066882430e-01 1.902170608414663344e-01 1.901490907000398245e-01 1.900842517632825579e-01 1.900224961435364734e-01 1.899637773081275516e-01 1.899080501904541751e-01 1.898552712896470485e-01 1.898053987597441150e-01 1.897583924892683460e-01 1.897142141720424835e-01 1.896728273700210021e-01 1.896341975688687342e-01 1.895982922269642823e-01 1.895650808184569935e-01 1.895345348709592537e-01 1.895066279984105873e-01 1.894813359296012301e-01 1.894586365328050359e-01 1.894385098369241738e-01 1.894209380495099904e-01 1.894059055719843065e-01 1.893933990123452538e-01 1.893834071956058684e-01 1.893759211721749158e-01 1.893709342243543037e-01 1.893684418710917250e-01 1.893684418710917250e-01
2.043974842979763840e-01 2.043974842979763840e-01 2.043811176066199498e-01 2.043484616243677610e-01 2.042996702856458846e-01 2.042349723425692931e-01 2.041546688319213210e-01 2.040591297739649257e-01 2.039487901660231028e-01 2.038241453465631514e-01 2.036857458163804924e-01 2.035341916120851080e-01 2.033701263331614550e-01 2.031942309272348757e-01 2.030072173387435785e-01 2.028098221240192955e-01 2.026028001309872761e-01 2.023869183345584910e-01 2.021629499096792015e-01 2.019316686133569017e-01 2.016938435352643999e-01 2.014502342642420230e-01 2.012015865056264174e-01 2.009486281722722700e-01 2.006920659607694946e-01 2.004325824139797929e-01 2.001708334618438889e-01 1.999074464245763072e-01 1.996430184559295495e-01 1.993781153991659727e-01 1.991132710246752147e-01 1.988489866157029107e-01 1.985857308673027177e-01 1.983239400632296756e-01 1.980640184959097105e-01 1.978063390957001955e-01 1.975512442372453215e-01 1.972990466927054265e-01 1.970500307038719756e-01 1.968044531475700853e-01 1.965625447712179841e-01 1.963245114778704170e-01 1.960905356424846036e-01 1.958607774434526771e-01 1.956353761956249881e-01 1.954144516730750014e-01 1.951981054117219727e-01 1.949864219836248969e-01 1.947794702362879715e-01 1.945773044916789818e-01 1.943799657008722093e-01 1.941874825512767688e-01 1.939998725243346489e-01 1.938171429023618775e-01 1.936392917238790590e-01 1.934663086873513460e-01 1.932981760037340846e-01 1.931348691986130295e-01 1.929763578650518785e-01 1.928226063685159475e-01 1.926735745054420912e-01 1.925292181171786854e-01 1.923894896611312022e-01 1.922543387410271531e-01 1.921237125982567517e-01 1.919975565662725148e-01 1.918758144900261364e-01 1.917584291124074802e-01 1.916453424296181707e-01 1.915364960173676079e-01 1.914318313297300456e-01 1.913312899724406158e-01 1.912348139523431800e-01 1.911423459046356632e-01 1.910538292994862497e-01 1.909692086295208258e-01 1.908884295796097474e-01 1.908114391803062415e-01 1.907381859462159990e-01 1.906686200005071052e-01 1.906026931866938168e-01 1.905403591687645504e-01 1.904815735206496496e-01 1.904262938059659849e-01 1.903744796489059421e-01 1.903260927970810701e-01 1.902810971770693971e-01 1.902394589433584193e-01 1.902011465213232777e-01 1.901661306448225730e-01 1.901343843889481688e-01 1.901058831984124842e-01 1.900806049120130625e-01 1.900585297835665211e-01 1.900396404996595456e-01 1.900239221945263790e-01 1.900113624623159803e-01 1.900019513669746751e-01 1.899956814499307867e-01 1.899925477357299053e-01 1.899925477357299053e-01
2.077166377356483851e-01 2.077166377356483851e-01 2.076971649284873878e-01 2.076583128258382427e-01 2.076002673810627697e-01 2.075233048701183025e-01 2.074277887646397700e-01 2.073141656579548797e-01 2.071829603228391159e-01 2.070347699959547150e-01 2.068702579976512135e-01 2.066901468067056657e-01 2.064952107172623175e-01 2.062862682094379063e-01 2.060641741656611403e-01 2.058298120618405336e-01 2.055840862561075788e-01 2.053279144885052920e-01 2.050622206930737268e-01 2.047879282099113740e-01 2.045059534695976844e-01 2.042172002065013592e-01 2.039225542416078507e-01 2.036228788601230077e-01 2.033190107947435155e-01 2.030117568124877592e-01 2.027018908916216333e-01 2.023901519656436943e-01 2.020772422035724269e-01 2.017638257898713428e-01 2.014505281631655542e-01 2.011379356702883703e-01 2.008265955909750433e-01 2.005170164884927109e-01 2.002096688424433446e-01 1.999049859217187641e-01 1.996033648579121356e-01 1.993051678822491124e-01 1.990107236921280776e-01 1.987203289165282993e-01 1.984342496527647937e-01 1.981527230502269643e-01 1.978759589198036961e-01 1.976041413505890132e-01 1.973374303181754386e-01 1.970759632713303677e-01 1.968198566861276699e-01 1.965692075786482085e-01 1.963240949691897053e-01 1.960845812925356701e-01 1.958507137502422113e-01 1.956225256021242309e-01 1.954000373951693403e-01 1.951832581290017521e-01 1.949721863577670855e-01 1.947668112289337450e-01 1.945671134600199526e-01 1.943730662546672150e-01 1.941846361598127124e-01 1.940017838659651717e-01 1.938244649527793295e-01 1.936526305822621197e-01 1.934862281420302310e-01 1.933252018410936413e-01 1.931694932606546067e-01 1.930190418624050108e-01 1.928737854567759147e-01 1.927336606335427471e-01 1.925986031571309265e-01 1.924685483288910426e-01 1.923434313185347078e-01 1.922231874668328955e-01 1.921077525615899062e-01 1.919970630888097607e-01 1.918910564608796721e-01 1.917896712234989365e-01 1.916928472429863528e-01 1.916005258755081597e-01 1.915126501196760256e-01 1.914291647538751417e-01 1.913500164595985098e-01 1.912751539319785810e-01 1.912045279786253604e-01 1.911380916078078696e-01 1.910758001069353396e-01 1.910176111122296738e-01 1.909634846704071354e-01 1.909133832931270980e-01 1.908672720049001126e-01 1.908251183850896704e-01 1.907868926045862001e-01 1.907525674576754926e-01 1.907221183895740635e-01 1.906955235200520349e-01 1.906727636635187906e-01 1.906538223458983106e-01 1.906386858185772915e-01 1.906273430696679705e-01 1.906197858327817740e-01 1.906160085934739123e-01 1.906160085934739123e-01
2.111084839058994245e-01 2.111084839058994245e-01 2.110857290667675357e-01 2.110403306219176822e-01 2.109725097360741486e-01 2.108825949267408295e-01 2.107710182600652515e-01 2.106383103959749703e-01 2.104850945798473760e-01 2.103120796980602891e-01 2.101200525319368850e-01 2.099098693582444608e-01 2.096824470540178398e-01 2.094387538686779959e-01 2.091798000270094215e-01 2.089066283225645138e-01 2.086203048527321413e-01 2.083219100345040653e-01 2.080125300245395381e-01 2.076932486492517327e-01 2.073651399311677856e-01 2.070292612776133134e-01 2.066866473776663715e-01 2.063383048340375336e-01 2.059852075386746917e-01 2.056282927849154285e-01 2.052684580952297833e-01 2.049065587321774740e-01 2.045434058511806930e-01 2.041797652470196400e-01 2.038163566414294969e-01 2.034538534566084911e-01 2.030928830185758094e-01 2.027340271348788137e-01 2.023778229928678563e-01 2.020247643273757610e-01 2.016753028099144973e-01 2.013298496152252093e-01 2.009887771250034871e-01 2.006524207327134157e-01 2.003210807174853059e-01 1.999950241590522648e-01 1.996744868694719233e-01 1.993596753209113115e-01 1.990507685520603309e-01 1.987479200387179679e-01 1.984512595167950699e-01 1.981608947483775307e-01 1.978769132236134209e-01 1.975993837930429264e-01 1.973283582265933922e-01 1.970638726968362286e-01 1.968059491852700849e-01 1.965545968113708297e-01 1.963098130849615097e-01 1.960715850831176166e-01 1.958398905533562939e-01 1.956146989452773044e-01 1.953959723731477638e-01 1.951836665121613190e-01 1.949777314312700904e-01 1.947781123655974722e-01 1.945847504314976717e-01 1.943975832873442999e-01 1.942165457431157261e-01 1.940415703217981402e-01 1.938725877755614058e-01 1.937095275595822341e-01 1.935523182662882702e-01 1.934008880226947835e-01 1.932551648533905320e-01 1.931150770116114856e-01 1.929805532807238322e-01 1.928515232483151431e-01 1.927279175549720114e-01 1.926096681197063953e-01 1.924967083438739457e-01 1.923889732953161236e-01 1.922863998743473413e-01 1.921889269631026353e-01 1.920964955596605184e-01 1.920090488982556243e-01 1.919265325568050851e-01 1.918488945528817047e-01 1.917760854291827577e-01 1.917080583294616114e-01 1.916447690658148184e-01 1.915861761781415540e-01 1.915322409865241049e-01 1.914829276372133626e-01 1.914382031428393249e-01 1.913980374174072685e-01 1.913624033065841057e-01 1.913312766137254262e-01 1.913046361220405167e-01 1.912824636132454403e-01 1.912647438830042956e-01 1.912514647534141465e-01 1.912426170827433713e-01 1.912381947725911580e-01 1.912381947725911580e-01
2.145759586918878914e-01 2.145759586918878914e-01 2.145497272445838211e-01 2.144973951602974771e-01 2.144192224918152201e-01 2.143155954298638088e-01 2.141870217237184237e-01 2.140341247181379580e-01 2.138576361253130553e-01 2.136583876753176681e-01 2.134373018098630614e-01 2.131953816011511182e-01 2.129337000896024401e-01 2.126533892406466120e-01 2.123556287213113347e-01 2.120416346920385442e-01 2.117126487982966820e-01 2.113699275307715231e-01 2.110147321030658163e-01 2.106483189729538574e-01 2.102719311084745024e-01 2.098867900746252402e-01 2.094940889912280668e-01 2.090949863885950832e-01 2.086906009656937233e-01 2.082820072361449559e-01 2.078702320309439855e-01 2.074562518134223099e-01 2.070409907516857217e-01 2.066253194864048348e-01 2.062100545271784158e-01 2.057959582084232797e-01 2.053837391355109454e-01 2.049740530533246397e-01 2.045675040721856852e-01 2.041646461898757592e-01 2.037659850529513761e-01 2.033719799054618804e-01 2.029830456783154047e-01 2.025995551777091674e-01 2.022218413361159539e-01 2.018501994941819533e-01 2.014848896864768757e-01 2.011261389082801276e-01 2.007741433444724111e-01 2.004290705451026722e-01 2.000910615353303501e-01 1.997602328502008917e-01 1.994366784871246245e-01 1.991204717710135796e-01 1.988116671288163162e-01 1.985103017717002594e-01 1.982163972843964395e-01 1.979299611222687660e-01 1.976509880175171818e-01 1.973794612966139617e-01 1.971153541116008323e-01 1.968586305882909504e-01 1.966092468947144845e-01 1.963671522333638730e-01 1.961322897609211746e-01 1.959045974392248923e-01 1.956840088212470075e-01 1.954704537758270855e-01 1.952638591548482849e-01 1.950641494064553616e-01 1.948712471378020727e-01 1.946850736306960927e-01 1.945055493133690250e-01 1.943325941914599841e-01 1.941661282411496492e-01 1.940060717672321411e-01 1.938523457287619767e-01 1.937048720347633035e-01 1.935635738123399896e-01 1.934283756493846429e-01 1.932992038139431934e-01 1.931759864521583048e-01 1.930586537665852920e-01 1.929471381765519855e-01 1.928413744621138848e-01 1.927412998930466692e-01 1.926468543442075854e-01 1.925579803985007776e-01 1.924746234385809052e-01 1.923967317283425960e-01 1.923242564851569414e-01 1.922571519437319409e-01 1.921953754124029190e-01 1.921388873225821636e-01 1.920876512720299800e-01 1.920416340625457352e-01 1.920008057326142714e-01 1.919651395854859166e-01 1.919346122131121712e-01 1.919092035163066368e-01 1.918888967214484320e-01 1.918736783939983814e-01 1.918635384490491869e-01 1.918584701590856645e-01 1.918584701590856645e-01
2.181222102603268820e-01 2.181222102603268820e-01 2.180922869518342466e-01 2.180325928570145677e-01 2.179434311472531749e-01 2.178252519347265992e-01 2.176786468028256150e-01 2.175043416853676692e-01 2.173031882380649649e-01 2.170761538762031873e-01 2.168243106788656227e-01 2.165488233812056518e-01 2.162509366912264974e-01 2.159319621754812180e-01 2.155932649586066729e-01 2.152362504746243854e-01 2.148623514938602375e-01 2.144730156289923195e-01 2.140696934982801725e-01 2.136538276948565240e-01 2.132268426795957683e-01 2.127901356830076696e-01 2.123450686702299528e-01 2.118929613936999523e-01 2.114350855314022504e-01 2.109726598853755852e-01 2.105068465958055135e-01 2.100387483106549991e-01 2.095694062393300972e-01 2.090997990110815552e-01 2.086308422543646790e-01 2.081633888117656317e-01 2.076982295058969752e-01 2.072360943743861983e-01 2.067776542962829478e-01 2.063235229374785484e-01 2.058742589487003449e-01 2.054303683560057825e-01 2.049923070901986388e-01 2.045604836080212041e-01 2.041352615641842949e-01 2.037169624991687078e-01 2.033058685131946264e-01 2.029022249017561064e-01 2.025062427326370096e-01 2.021181013483631939e-01 2.017379507816064454e-01 2.013659140741691778e-01 2.010020894928636614e-01 2.006465526378992947e-01 2.002993584413320372e-01 1.999605430547540252e-01 1.996301256267390689e-01 1.993081099716475513e-01 1.989944861322648917e-01 1.986892318394256340e-01 1.983923138722950008e-01 1.981036893233571183e-01 1.978233067724221306e-01 1.975511073741283985e-01 1.972870258635011642e-01 1.970309914841448240e-01 1.967829288436109825e-01 1.965427587004035248e-01 1.963103986869730311e-01 1.960857639729103319e-01 1.958687678723947112e-01 1.956593223997797615e-01 1.954573387770215664e-01 1.952627278964671476e-01 1.950754007423353420e-01 1.948952687740349021e-01 1.947222442742809201e-01 1.945562406647869946e-01 1.943971727921419701e-01 1.942449571863007762e-01 1.940995122939651596e-01 1.939607586889665891e-01 1.938286192616200942e-01 1.937030193888719665e-01 1.935838870869333594e-01 1.934711531479615942e-01 1.933647512622333753e-01 1.932646181271396590e-01 1.931706935442249196e-01 1.930829205053937181e-01 1.930012452693138925e-01 1.929256174289538939e-01 1.928559899711115855e-01 1.927923193287111037e-01 1.927345654265709141e-01 1.926826917212755008e-01 1.926366652357189846e-01 1.925964565888239610e-01 1.925620400208820082e-01 1.925333934149031645e-01 1.925104983143103021e-01 1.924933399372606713e-01 1.924819071878278165e-01 1.924761926642276078e-01 1.924761926642276078e-01
2.217506120083140297e-01 2.217506120083140297e-01 2.217167586410386804e-01 2.216492285953576835e-01 2.215483730252334749e-01 2.214147131466583651e-01 2.212489337437711645e-01 2.210518747154020525e-01 2.208245208339806587e-01 2.205679899261427934e-01 2.202835197170527615e-01 2.199724536069246061e-01 2.196362256670232327e-01 2.192763451524255003e-01 2.188943808293235815e-01 2.184919454055549992e-01 2.180706803348561040e-01 2.176322412391612227e-01 2.171782841606634262e-01 2.167104528182214052e-01 2.162303670030440161e-01 2.157396122084064283e-01 2.152397305492390056e-01 2.147322129912913047e-01 2.142184928773439856e-01 2.136999407103824522e-01 2.131778601311496435e-01 2.126534850101350349e-01 2.121279775616263519e-01 2.116024273795641397e-01 2.110778512910645444e-01 2.105551939230033698e-01 2.100353288793701534e-01 2.095190604315747551e-01 2.090071256299710356e-01 2.085001967520235810e-01 2.079988840103656200e-01 2.075037384521038752e-01 2.070152549888320537e-01 2.065338755046965957e-01 2.060599919973486183e-01 2.055939497136029526e-01 2.051360502480382708e-01 2.046865545785752638e-01 2.042456860182479128e-01 2.038136330669632623e-01 2.033905521510289693e-01 2.029765702416773121e-01 2.025717873467501040e-01 2.021762788721929993e-01 2.017900978520738575e-01 2.014132770475430545e-01 2.010458309165359669e-01 2.006877574571138134e-01 2.003390399281993750e-01 1.999996484521135709e-01 1.996695415037914034e-01 1.993486672918840519e-01 1.990369650371531240e-01 1.987343661536671857e-01 1.984407953383270362e-01 1.981561715741964325e-01 1.978804090530152660e-01 1.976134180221260639e-01 1.973551055608741556e-01 1.971053762913413943e-01 1.968641330280631874e-01 1.966312773711512973e-01 1.964067102470214154e-01 1.961903324006890881e-01 1.959820448433699236e-01 1.957817492588947716e-01 1.955893483722299930e-01 1.954047462831780546e-01 1.952278487681298469e-01 1.950585635525423078e-01 1.948968005566264483e-01 1.947424721165528227e-01 1.945954931833116797e-01 1.944557815012048496e-01 1.943232577677955764e-01 1.941978457769998612e-01 1.940794725468699411e-01 1.939680684334941785e-01 1.938635672323213988e-01 1.937659062681057198e-01 1.936750264745664418e-01 1.935908724647595613e-01 1.935133925930676568e-01 1.934425390096298214e-01 1.933782677079528556e-01 1.933205385663717135e-01 1.932693153839548095e-01 1.932245659113846215e-01 1.931862618772804685e-01 1.931543790103708580e-01 1.931288970578648456e-01 1.931097998003203642e-01 1.930970750632498845e-01 1.930907147256589462e-01 1.930907147256589462e-01
2.254647755479012305e-01 2.254647755479012305e-01 2.254267284353603240e-01 2.253508378861203698e-01 2.252375086244598756e-01 2.250873412204656143e-01 2.249011244162450740e-01 2.246798251360717091e-01 2.244245763847503294e-01 2.241366632843738715e-01 2.238175075403053549e-01 2.234686506605447487e-01 2.230917362765467704e-01 2.226884919263580898e-01 2.222607106615851758e-01 2.218102328279618063e-01 2.213389283458242207e-01 2.208486797831096526e-01 2.203413664717126241e-01 2.198188498707336902e-01 2.192829603300434915e-01 2.187354853573017788e-01 2.181781594434293592e-01 2.176126554574334959e-01 2.170405775827966843e-01 2.164634557352208832e-01 2.158827413757178626e-01 2.152998046138089872e-01 2.147159324825572146e-01 2.141323282596783728e-01 2.135501117063118570e-01 2.129703200963516396e-01 2.123939099137069908e-01 2.118217591017058365e-01 2.112546697573575716e-01 2.106933711727375924e-01 2.101385231358385008e-01 2.095907194134189744e-01 2.090504913483668958e-01 2.085183115136302057e-01 2.079945973736868903e-01 2.074797149127339257e-01 2.069739821962017223e-01 2.064776728388363625e-01 2.059910193584450211e-01 2.055142163995012927e-01 2.050474238152041329e-01 2.045907696003284593e-01 2.041443526703622113e-01 2.037082454850439317e-01 2.032824965165763165e-01 2.028671325645231283e-01 2.024621609207880035e-01 2.020675713891408043e-01 2.016833381645734558e-01 2.013094215783501895e-01 2.009457697150233146e-01 2.005923199079281127e-01 2.002490001197930192e-01 1.999157302151162996e-01 1.995924231308958408e-01 1.992789859521645057e-01 1.989753208986090871e-01 1.986813262283229631e-01 1.983968970645056396e-01 1.981219261506523832e-01 1.978563045395031472e-01 1.975999222207376893e-01 1.973526686921211748e-01 1.971144334785242813e-01 1.968851066029657093e-01 1.966645790135583827e-01 1.964527429699815808e-01 1.962494923928526369e-01 1.960547231791364420e-01 1.958683334865032322e-01 1.956902239893315576e-01 1.955202981088541569e-01 1.953584622197499510e-01 1.952046258353086206e-01 1.950587017731277573e-01 1.949206063031406477e-01 1.947902592796313670e-01 1.946675842587513305e-01 1.945525086029264716e-01 1.944449635734231685e-01 1.943448844122276642e-01 1.942522104142923312e-01 1.941668849911035444e-01 1.940888557264332515e-01 1.940180744250539491e-01 1.939544971551155350e-01 1.938980842848078701e-01 1.938488005138632453e-01 1.938066149003851435e-01 1.937715008834292874e-01 1.937434363017001282e-01 1.937224034086718616e-01 1.937083888843865731e-01 1.937013838441292157e-01 1.937013838441292157e-01
2.292685632193590395e-01 2.292685632193590395e-01 2.292260303413694578e-01 2.291411984847106231e-01 2.290145323566881719e-01 2.288467213501889919e-01 2.286386705109241246e-01 2.283914887754081302e-01 2.281064747200970411e-01 2.277851001185430269e-01 2.274289916543740797e-01 2.270399111803298731e-01 2.266197349444529219e-01 2.261704322213087814e-01 2.256940437871853555e-01 2.251926606631849681e-01 2.246684035198477092e-01 2.241234030934891874e-01 2.235597819107608131e-01 2.229796375575601175e-01 2.223850276650168323e-01 2.217779567223382431e-01 2.211603647668265726e-01 2.205341179477483260e-01 2.199010009145710987e-01 2.192627109422916054e-01 2.186208536774280897e-01 2.179769403674633177e-01 2.173323864234389668e-01 2.166885111590810264e-01 2.160465385492096602e-01 2.154075988541384878e-01 2.147727309642195881e-01 2.141428853286471701e-01 2.135189273442276991e-01 2.129016410923218194e-01 2.122917333249657035e-01 2.116898376138273696e-01 2.110965185877948236e-01 2.105122761963949263e-01 2.099375499467348027e-01 2.093727230711743548e-01 2.088181265914259011e-01 2.082740432522635354e-01 2.077407113045366127e-01 2.072183281227808482e-01 2.067070536474843179e-01 2.062070136460631975e-01 2.057183027899169847e-01 2.052409875476483014e-01 2.047751088967171840e-01 2.043206848575279400e-01 2.038777128552835272e-01 2.034461719159470217e-01 2.030260247033709442e-01 2.026172194051469866e-01 2.022196914750222785e-01 2.018333652398692502e-01 2.014581553792054724e-01 2.010939682851689836e-01 2.007407033106907712e-01 2.003982539133680463e-01 2.000665087022759636e-01 1.997453523946430554e-01 1.994346666889905695e-01 1.991343310609957618e-01 1.988442234879914949e-01 1.985642211076690811e-01 1.982942008162095482e-01 1.980340398107341415e-01 1.977836160806394350e-01 1.975428088520727876e-01 1.973114989895019822e-01 1.970895693580517471e-01 1.968769051500068035e-01 1.966733941786280582e-01 1.964789271421880645e-01 1.962933978609050223e-01 1.961167034892443706e-01 1.959487447058576304e-01 1.957894258832458823e-01 1.956386552390585731e-01 1.954963449707832202e-01 1.953624113754264258e-01 1.952367749556531140e-01 1.951193605137171994e-01 1.950100972343990213e-01 1.949089187580534954e-01 1.948157632447667376e-01 1.947305734305254388e-01 1.946532966762099526e-01 1.945838850101395956e-01 1.945222951648196696e-01 1.944684886084653841e-01 1.944224315718083851e-01 1.943840950706266502e-01 1.943534549243747522e-01 1.943304917712340985e-01 1.943151910798438797e-01 1.943075431579210088e-01 1.943075431579210088e-01
2.331660993696957340e-01 2.331660993696957340e-01 2.331187572077758341e-01 2.330243407151626200e-01 2.328833819312007003e-01 2.326966699253211757e-01 2.324652402015688346e-01 2.321903608939480390e-01 2.318735160322828726e-01 2.315163862280431861e-01 2.311208271940727033e-01 2.306888465669361121e-01 2.302225795411824427e-01 2.297242638473671328e-01 2.291962146077327622e-01 2.286407995842989205e-01 2.280604152949654295e-01 2.274574644169533033e-01 2.268343348276697646e-01 2.261933805557415911e-01 2.255369048345420291e-01 2.248671453716702684e-01 2.241862618744327185e-01 2.234963258063479841e-01 2.227993122949426252e-01 2.220970940675215943e-01 2.213914372592362123e-01 2.206839989160074844e-01 2.199763260026146583e-01 2.192698557221408329e-01 2.185659169555028980e-01 2.178657326374826841e-01 2.171704228971381989e-01 2.164810088044657188e-01 2.157984165806600962e-01 2.151234821454191815e-01 2.144569558907903906e-01 2.137995075865563310e-01 2.131517313367557453e-01 2.125141505204017900e-01 2.118872226616550503e-01 2.112713441855998964e-01 2.106668550253489036e-01 2.100740430545176840e-01 2.094931483262476579e-01 2.089243671060012630e-01 2.083678556904169088e-01 2.078237340086914187e-01 2.072920890063674748e-01 2.067729778141346175e-01 2.062664307064058511e-01 2.057724538560826433e-01 2.052910318931580880e-01 2.048221302756848827e-01 2.043656974822288530e-01 2.039216670352714533e-01 2.034899593651859073e-01 2.030704835244036555e-01 2.026631387612655155e-01 2.022678159628312211e-01 2.018843989756280433e-01 2.015127658129724497e-01 2.011527897571171453e-01 2.008043403640697722e-01 2.004672843785068048e-01 2.001414865657843434e-01 1.998268104676219625e-01 1.995231190876189664e-01 1.992302755123586677e-01 1.989481434734619580e-01 1.986765878555762366e-01 1.984154751549269957e-01 1.981646738927179130e-01 1.979240549873433896e-01 1.976934920890736358e-01 1.974728618805873248e-01 1.972620443464595252e-01 1.970609230144629298e-01 1.968693851713076426e-01 1.966873220552273760e-01 1.965146290276196250e-01 1.963512057257581489e-01 1.961969561984236443e-01 1.960517890261378460e-01 1.959156174275349382e-01 1.957883593532690480e-01 1.956699375687245557e-01 1.955602797266808857e-01 1.954593184309711129e-01 1.953669912920718843e-01 1.952832409754678422e-01 1.952080152435443361e-01 1.951412669916807452e-01 1.950829542791384930e-01 1.950330403552660852e-01 1.949914936814756417e-01 1.949582879493785281e-01 1.949334020954109903e-01 1.949168203122160214e-01 1.949085320569965418e-01 1.949085320569965418e-01
2.371617792669043212e-01 2.371617792669043212e-01 2.371092693102855864e-01 2.370045553996482923e-01 2.368482453106895425e-01 2.366412402080764477e-01 2.363847222592369290e-01 2.360801384806395786e-01 2.357291811370589296e-01 2.353337651011915277e-01 2.348960026636800758e-01 2.344181763555626408e-01 2.339027103995970081e-01 2.333521414380051173e-01 2.327690891881441793e-01 2.321562276533232216e-01 2.315162574651178085e-01 2.308518798602271771e-01 2.301657727050872015e-01 2.294605688819195410e-01 2.287388372475397669e-01 2.280030662772653538e-01 2.272556504156893198e-01 2.264988790774938310e-01 2.257349281769913674e-01 2.249658540154607644e-01 2.241935893202366969e-01 2.234199412077596814e-01 2.226465908326864529e-01 2.218750944847198425e-01 2.211068859020035859e-01 2.203432795827785506e-01 2.195854748937506318e-01 2.188345607927590086e-01 2.180915210036143415e-01 2.173572395014142233e-01 2.166325061865110313e-01 2.159180226440756967e-01 2.152144079035432367e-01 2.145222041279347958e-01 2.138418821770511069e-01 2.131738470008270603e-01 2.125184428297844097e-01 2.118759581386253366e-01 2.112466303666915013e-01 2.106306503854268042e-01 2.100281667082482540e-01 2.094392894425053386e-01 2.088640939866152624e-01 2.083026244781261971e-01 2.077548970004995110e-01 2.072209025579022368e-01 2.067006098283677151e-01 2.061939677063808762e-01 2.057009076463428565e-01 2.052213458185379313e-01 2.047551850891916880e-01 2.043023168360368069e-01 2.038626226105083039e-01 2.034359756573162481e-01 2.030222423017030708e-01 2.026212832142154918e-01 2.022329545623114400e-01 2.018571090576080640e-01 2.014935969070468236e-01 2.011422666757411437e-01 2.008029660687574713e-01 2.004755426385934625e-01 2.001598444246387720e-01 1.998557205304538065e-01 1.995630216442690619e-01 1.992816005076986641e-01 1.990113123372810600e-01 1.987520152030945175e-01 1.985035703683585007e-01 1.982658425936182078e-01 1.980387004088108305e-01 1.978220163562421086e-01 1.976156672072473530e-01 1.974195341550720184e-01 1.972335029862937184e-01 1.970574642329019355e-01 1.968913133069668808e-01 1.967349506196560405e-01 1.965882816861987681e-01 1.964512172182510674e-01 1.963236732049769839e-01 1.962055709840399287e-01 1.960968373035781032e-01 1.959974043761327778e-01 1.959072099253999777e-01 1.958261972265794015e-01 1.957543151410153226e-01 1.956915181457370700e-01 1.956377663584365767e-01 1.955930255583477884e-01 1.955572672034275872e-01 1.955304684441725727e-01 1.955126121343486734e-01 1.955036868388504712e-01 1.955036868388504712e-01
2.412602739938600194e-01 2.412602739938600194e-01 2.412021989242242037e-01 2.410863977890134457e-01 2.409135636812555215e-01 2.406847240311967839e-01 2.404012261804974460e-01 2.400647185385771654e-01 2.396771276806722029e-01 2.392406318564617163e-01 2.387576314858973758e-01 2.382307173152405089e-01 2.376626369809073658e-01 2.370562607726295346e-01 2.364145473948378873e-01 2.357405104943642582e-01 2.350371866559803347e-01 2.343076054710414580e-01 2.335547621671186236e-01 2.327815931576484587e-01 2.319909547398135152e-01 2.311856050443757415e-01 2.303681892294855982e-01 2.295412278158752151e-01 2.287071079855577949e-01 2.278680776105862782e-01 2.270262417415550849e-01 2.261835612653521621e-01 2.253418534356157188e-01 2.245027939845894438e-01 2.236679205388850677e-01 2.228386370814648965e-01 2.220162192257837674e-01 2.212018200936274326e-01 2.203964766143258758e-01 2.196011160886118530e-01 2.188165628846700239e-01 2.180435451563768612e-01 2.172827014940702517e-01 2.165345874362845369e-01 2.157996817867387784e-01 2.150783926945455671e-01 2.143710634672612303e-01 2.136779780961956254e-01 2.129993664815165721e-01 2.123354093513377117e-01 2.116862428743290225e-01 2.110519629696341604e-01 2.104326293211736809e-01 2.098282691059036587e-01 2.092388804474251407e-01 2.086644356076083340e-01 2.081048839297097997e-01 2.075601545469141496e-01 2.070301588703837570e-01 2.065147928708268577e-01 2.060139391673416753e-01 2.055274689369007701e-01 2.050552436573581661e-01 2.045971166962950727e-01 2.041529347574198849e-01 2.037225391956044296e-01 2.033057672109913339e-01 2.029024529319667369e-01 2.025124283961536598e-01 2.021355244379616778e-01 2.017715714906326563e-01 2.014204003101460194e-01 2.010818426278010995e-01 2.007557317377789696e-01 2.004419030254938061e-01 2.001401944420888868e-01 1.998504469300015352e-01 1.995725048041215588e-01 1.993062160926921400e-01 1.990514328417594958e-01 1.988080113866521614e-01 1.985758125936768204e-01 1.983547020749400758e-01 1.981445503789521778e-01 1.979452331594360459e-01 1.977566313245462115e-01 1.975786311685079621e-01 1.974111244874976190e-01 1.972540086814240923e-01 1.971071868431097662e-01 1.969705678362308199e-01 1.968440663632434751e-01 1.967276030244025642e-01 1.966211043688653459e-01 1.965245029387726883e-01 1.964377373071014843e-01 1.963607521099957620e-01 1.962934980741988522e-01 1.962359320401342866e-01 1.961880169811089092e-01 1.961497220190445145e-01 1.961210224370796285e-01 1.961018996893212907e-01 1.960923414079681071e-01 1.960923414079681071e-01
2.454665289080809054e-01 2.454665289080809054e-01 2.454024485016021995e-01 2.452746851693492214e-01 2.450840281929631548e-01 2.448316473710547281e-01 2.445190762929080885e-01 2.441481904362396427e-01 2.437211804798449233e-01 2.432405213613461070e-01 2.427089377534102643e-01 2.421293667636228997e-01 2.415049187676278908e-01 2.408388373484267320e-01 2.401344593279929329e-01 2.393951758380550021e-01 2.386243952888670861e-01 2.378255089671296729e-01 2.370018598395117193e-01 2.361567149702689383e-01 2.352932417934723852e-01 2.344144883234510202e-01 2.335233672494280155e-01 2.326226437470186870e-01 2.317149267523643807e-01 2.308026633838538566e-01 2.298881361595099537e-01 2.289734626419335228e-01 2.280605971433900814e-01 2.271513341372879136e-01 2.262473130452669068e-01 2.253500240981460845e-01 2.244608150013615300e-01 2.235808981691193575e-01 2.227113583246679018e-01 2.218531602956988202e-01 2.210071568631721550e-01 2.201740965483719448e-01 2.193546312465420034e-01 2.185493236360099845e-01 2.177586543093825711e-01 2.169830285883793120e-01 2.162227829963971892e-01 2.154781913732317089e-01 2.147494706247688734e-01 2.140367861071873212e-01 2.133402566504840059e-01 2.126599592301996744e-01 2.119959332992622236e-01 2.113481847940573977e-01 2.107166898303363956e-01 2.101013981055066260e-01 2.095022360243317949e-01 2.089191095651950214e-01 2.083519069039243277e-01 2.078005008118122832e-01 2.072647508439381114e-01 2.067445053332575555e-01 2.062396032052101758e-01 2.057498756268257012e-01 2.052751475035120010e-01 2.048152388359109066e-01 2.043699659484034814e-01 2.039391426000692897e-01 2.035225809881429926e-01 2.031200926532853723e-01 2.027314892952891134e-01 2.023565835071804986e-01 2.019951894350588417e-01 2.016471233704265897e-01 2.013122042812201251e-01 2.009902542872392950e-01 2.006810990851986831e-01 2.003845683281843815e-01 2.001004959638905956e-01 1.998287205356349405e-01 1.995690854498011479e-01 1.993214392130389923e-01 1.990856356422553708e-01 1.988615340501584672e-01 1.986489994088680711e-01 1.984479024938752278e-01 1.982581200104257535e-01 1.980795347042074994e-01 1.979120354580437835e-01 1.977555173761371687e-01 1.976098818572524507e-01 1.974750366580954875e-01 1.973508959480177738e-01 1.972373803560598382e-01 1.971344170112395433e-01 1.970419395768956139e-01 1.969598882798017925e-01 1.968882099346854209e-01 1.968268579647036998e-01 1.967757924183572982e-01 1.967349799832526780e-01 1.967043939970580246e-01 1.966840144559347803e-01 1.966738280206692946e-01 1.966738280206692946e-01
2.497857521622705301e-01 2.497857521622705301e-01 2.497151789980300018e-01 2.495744847867137350e-01 2.493645672481554776e-01 2.490867567365098734e-01 2.487427969585545851e-01 2.483348196320288304e-01 2.478653134876334929e-01 2.473370881990640813e-01 2.467532340197224616e-01 2.461170780890273302e-01 2.454321385204279726e-01 2.447020774759872397e-01 2.439306544552052869e-01 2.431216809750263719e-01 2.422789776999280109e-01 2.414063349096466637e-01 2.405074769861348383e-01 2.395860313807608444e-01 2.386455023059779190e-01 2.376892491975356736e-01 2.367204698240616412e-01 2.357421877861151371e-01 2.347572440481084655e-01 2.337682920820972621e-01 2.327777961684870112e-01 2.317880323900921580e-01 2.308010918672056544e-01 2.298188858070394081e-01 2.288431519762877953e-01 2.278754622465798685e-01 2.269172309059719894e-01 2.259697234729530768e-01 2.250340657909175868e-01 2.241112532195664309e-01 2.232021597745350028e-01 2.223075470974231194e-01 2.214280731652576439e-01 2.205643006714097798e-01 2.197167050293694912e-01 2.188856819668852649e-01 2.180715546911648206e-01 2.172745806164720628e-01 2.164949576538933163e-01 2.157328300696209344e-01 2.149882939230989554e-01 2.142614021000719404e-01 2.135521689581984794e-01 2.128605746046385583e-01 2.121865688260708704e-01 2.115300746920859010e-01 2.108909918529568439e-01 2.102691995525076685e-01 2.096645593762704318e-01 2.090769177544027357e-01 2.085061082379970898e-01 2.079519535664800800e-01 2.074142675428189420e-01 2.068928567322512180e-01 2.063875219992458154e-01 2.058980598964125774e-01 2.054242639181136920e-01 2.049659256305988442e-01 2.045228356895983646e-01 2.040947847554631378e-01 2.036815643151453914e-01 2.032829674195647252e-01 2.028987893442036339e-01 2.025288281801246593e-01 2.021728853619938759e-01 2.018307661391339769e-01 2.015022799951081411e-01 2.011872410208585815e-01 2.008854682459776386e-01 2.005967859322864699e-01 2.003210238335186855e-01 2.000580174245657206e-01 1.998076081034240170e-01 1.995696433686992566e-01 1.993439769752540780e-01 1.991304690703487867e-01 1.989289863124018565e-01 1.987394019742946272e-01 1.985615960329610019e-01 1.983954552468332744e-01 1.982408732225607872e-01 1.980977504722764848e-01 1.979659944625571932e-01 1.978455196561043350e-01 1.977362475470606507e-01 1.976381066907805517e-01 1.975510327287768320e-01 1.974749684094808666e-01 1.974098636053729094e-01 1.973556753269656294e-01 1.973123677340520854e-01 1.972799121445661386e-01 1.972582870413365497e-01 1.972474780769603864e-01 1.972474780769603864e-01
2.542233882072746920e-01 2.542233882072746920e-01 2.541457833528485977e-01 2.539910872499203109e-01 2.537603197160454016e-01 2.534549920160708569e-01 2.530770848096347558e-01 2.526290190079029108e-01 2.521136199191212901e-01 2.515340753017580866e-01 2.508938882138103676e-01 2.501968258101237574e-01 2.494468654567387200e-01 2.486481396690173873e-01 2.478048814180888737e-01 2.469213712832659113e-01 2.460018877670496762e-01 2.450506618560997496e-01 2.440718366343321566e-01 2.430694324622522662e-01 2.420473179554792353e-01 2.410091867448648228e-01 2.399585397932008091e-01 2.388986728849855912e-01 2.378326687961386798e-01 2.367633935858445282e-01 2.356934964263085464e-01 2.346254123903761257e-01 2.335613676438951514e-01 2.325033865321919913e-01 2.314533001019250802e-01 2.304127556559078527e-01 2.293832269954705072e-01 2.283660250598661678e-01 2.273623087233291318e-01 2.263730955566140568e-01 2.253992724007001236e-01 2.244416056357416422e-01 2.235007510584914869e-01 2.225772633066772643e-01 2.216716047896492847e-01 2.207841541015500841e-01 2.199152139067908907e-01 2.190650182982606387e-01 2.182337396368791427e-01 2.174214948872607023e-01 2.166283514687245004e-01 2.158543326439992804e-01 2.150994224699752377e-01 2.143635703359911548e-01 2.136466951155998883e-01 2.129486889576743258e-01 2.122694207422431423e-01 2.116087392256722211e-01 2.109664758988320510e-01 2.103424475807610106e-01 2.097364587691282756e-01 2.091483037675372358e-01 2.085777686084354376e-01 2.080246327891331348e-01 2.074886708371954658e-01 2.069696537202773134e-01 2.064673501143261536e-01 2.059815275429892345e-01 2.055119534000362236e-01 2.050583958656424510e-01 2.046206247264767408e-01 2.041984121086971027e-01 2.037915331321787649e-01 2.033997664935751348e-01 2.030228949851472231e-01 2.026607059556829737e-01 2.023129917192598437e-01 2.019795499170891351e-01 2.016601838372024391e-01 2.013547026963043718e-01 2.010629218877195978e-01 2.007846631989952113e-01 2.005197550023888886e-01 2.002680324211688623e-01 2.000293374743731811e-01 1.998035192024273099e-01 1.995904337757840874e-01 1.993899445885438937e-01 1.992019223388186155e-01 1.990262450974312758e-01 1.988627983663815435e-01 1.987114751283637348e-01 1.985721758884901322e-01 1.984448087092510193e-01 1.983292892396318063e-01 1.982255407392047308e-01 1.981334940979194437e-01 1.980530878522283322e-01 1.979842681981027197e-01 1.979269890014213884e-01 1.978812118061415160e-01 1.978469058405970815e-01 1.978240480222061004e-01 1.978126229608103692e-01 1.978126229608103692e-01
2.587850689294208806e-01 2.587850689294208806e-01 2.586998379047206753e-01 2.585299584430011954e-01 2.582765874530634775e-01 2.579414395824082273e-01 2.575267622773196874e-01 2.570353025507128852e-01 2.564702657455231738e-01 2.558352669054373973e-01 2.551342757485313140e-01 2.543715566234793224e-01 2.535516051494449141e-01 2.526790834472470437e-01 2.517587559298519739e-01 2.507954275292226254e-01 2.497938860122602411e-01 2.487588497160875822e-01 2.476949216553843147e-01 2.466065505645843037e-01 2.454979990714981353e-01 2.443733188820824132e-01 2.432363326034079620e-01 2.420906216482048567e-01 2.409395195468481132e-01 2.397861099333302992e-01 2.386332284600112819e-01 2.374834679202867393e-01 2.363391859079242430e-01 2.352025144071958340e-01 2.340753707813484352e-01 2.329594697025075267e-01 2.318563356395549058e-01 2.307673155890557493e-01 2.296935917962888984e-01 2.286361942680586457e-01 2.275960129260958531e-01 2.265738092897509326e-01 2.255702276098755787e-01 2.245858054029621631e-01 2.236209833564880289e-01 2.226761145937342645e-01 2.217514732998064342e-01 2.208472627208112049e-01 2.199636225557134450e-01 2.191006357657933334e-01 2.182583348302754023e-01 2.174367074789701482e-01 2.166357019339417711e-01 2.158552316925562153e-01 2.150951798839619566e-01 2.143554032302823209e-01 2.136357356426840937e-01 2.129359914811363719e-01 2.122559685051728928e-01 2.115954505413779052e-01 2.109542098916916131e-01 2.103320095050012772e-01 2.097286049328853652e-01 2.091437460888294353e-01 2.085771788287442696e-01 2.080286463692048171e-01 2.074978905584926869e-01 2.069846530142719632e-01 2.064886761405574644e-01 2.060097040355466647e-01 2.055474833008751057e-01 2.051017637619238498e-01 2.046722991079461262e-01 2.042588474599895121e-01 2.038611718738654044e-01 2.034790407847507088e-01 2.031122283993976596e-01 2.027605150413743507e-01 2.024236874542469089e-01 2.021015390671555001e-01 2.017938702268126938e-01 2.015004883995681617e-01 2.012212083468380153e-01 2.009558522768743749e-01 2.007042499755686826e-01 2.004662389187130134e-01 2.002416643679120478e-01 2.000303794521161860e-01 1.998322452365537405e-01 1.996471307806582385e-01 1.994749131864261282e-01 1.993154776384911953e-01 1.991687174370664337e-01 1.990345340247824668e-01 1.989128370083376451e-01 1.988035441757724786e-01 1.987065815100864385e-01 1.986218831998276535e-01 1.985493916472061693e-01 1.984890574742054214e-01 1.984408395270977343e-01 1.984047048797044355e-01 1.983806288356772252e-01 1.983685949300214302e-01 1.983685949300214302e-01
2.634765318005215518e-01 2.634765318005215518e-01 2.633830213262236541e-01 2.631966599234815685e-01 2.629187576520211067e-01 2.625512568355959364e-01 2.620967043184567191e-01 2.615582140300978242e-01 2.609394199349853727e-01 2.602444198943438813e-01 2.594777115260475386e-01 2.586441217201603249e-01 2.577487319504510599e-01 2.567968018337407066e-01 2.557936934824907582e-01 2.547447990668038620e-01 2.536554736822086986e-01 2.525309751661827251e-01 2.513764119859019375e-01 2.501966997950477167e-01 2.489965267786916070e-01 2.477803275053749033e-01 2.465522647006221368e-01 2.453162181482053117e-01 2.440757798063377670e-01 2.428342541814322297e-01 2.415946630154789943e-01 2.403597533979452139e-01 2.391320084945972035e-01 2.379136601815801666e-01 2.367067029740477224e-01 2.355129087378492747e-01 2.343338417657608030e-01 2.331708738838217665e-01 2.320251993272620106e-01 2.308978491889483731e-01 2.297897052966616782e-01 2.287015134195789501e-01 2.276338957400880492e-01 2.265873625555573645e-01 2.255623231969980658e-01 2.245590961686614873e-01 2.235779185254342660e-01 2.226189545142001347e-01 2.216823035118301588e-01 2.207680072967129203e-01 2.198760566932237426e-01 2.190063976296733605e-01 2.181589366503773886e-01 2.173335459218244115e-01 2.165300677717058031e-01 2.157483187979599148e-01 2.149880935831198492e-01 2.142491680472354554e-01 2.135313024705444707e-01 2.128342442149503133e-01 2.121577301712797015e-01 2.115014889572605639e-01 2.108652428892097419e-01 2.102487097485660761e-01 2.096516043626501513e-01 2.090736400173907328e-01 2.085145297182239010e-01 2.079739873139466177e-01 2.074517284969887021e-01 2.069474716923534463e-01 2.064609388463561901e-01 2.059918561252680469e-01 2.055399545330293676e-01 2.051049704563415454e-01 2.046866461446609498e-01 2.042847301319048459e-01 2.038989776060304016e-01 2.035291507320542148e-01 2.031750189335460588e-01 2.028363591371398211e-01 2.025129559841647997e-01 2.022046020130983113e-01 2.019110978161769154e-01 2.016322521731738204e-01 2.013678821650541906e-01 2.011178132699457388e-01 2.008818794436210420e-01 2.006599231864644173e-01 2.004517955986952482e-01 2.002573564254389593e-01 2.000764740930707775e-01 1.999090257381068159e-01 1.997548972297840120e-01 1.996139831873423864e-01 1.994861869929139553e-01 1.993714208008178779e-01 1.992696055439665825e-01 1.991806709380032903e-01 1.991045554837087006e-01 1.990412064681433002e-01 1.989905799649199780e-01 1.989526408339421237e-01 1.989273627208743012e-01 1.989147280565631282e-01 1.989147280565631282e-01
2.683034897050418088e-01 2.683034897050418088e-01 2.682009860623598696e-01 2.679967234036523815e-01 2.676921814688521528e-01 2.672895556563918418e-01 2.667917269310615125e-01 2.662022204112950985e-01 2.655251522970040745e-01 2.647651654421090961e-01 2.639273547087841454e-01 2.630171841061662019e-01 2.620403984505988437e-01 2.610029327563701540e-01 2.599108227056218245e-01 2.587701193531972144e-01 2.575868107546541164e-01 2.563667525570529349e-01 2.551156088659998766e-01 2.538388039913515026e-01 2.525414850468069572e-01 2.512284948762560921e-01 2.499043544174084086e-01 2.485732533862614890e-01 2.472390480569275351e-01 2.459052648963614418e-01 2.445751088674150420e-01 2.432514753130348151e-01 2.419369644597124391e-01 2.406338977141972146e-01 2.393443350629641531e-01 2.380700930116339542e-01 2.368127626171148692e-01 2.355737272665540116e-01 2.343541799437241779e-01 2.331551397957518923e-01 2.319774678722617278e-01 2.308218819565387436e-01 2.296889704457782400e-01 2.285792052664470109e-01 2.274929538326700973e-01 2.264304900716744562e-01 2.253920045517814885e-01 2.243776137562152884e-01 2.233873685508680207e-01 2.224212618968115507e-01 2.214792358592923005e-01 2.205611879646352247e-01 2.196669769552536677e-01 2.187964279910843690e-01 2.179493373434582271e-01 2.171254766248396362e-01 2.163245965951384464e-01 2.155464305825260662e-01 2.147906975539256857e-01 2.140571048676537524e-01 2.133453507381025960e-01 2.126551264398856000e-01 2.119861182765429009e-01 2.113380093367253354e-01 2.107104810587452914e-01 2.101032146225028374e-01 2.095158921860565404e-01 2.089481979825127123e-01 2.083998192914393865e-01 2.078704472976703743e-01 2.073597778491413635e-01 2.068675121242793680e-01 2.063933572184571685e-01 2.059370266580941577e-01 2.054982408501536961e-01 2.050767274740212254e-01 2.046722218220650147e-01 2.042844670945527241e-01 2.039132146540380830e-01 2.035582242438191136e-01 2.032192641746118633e-01 2.028961114831648038e-01 2.025885520661661887e-01 2.022963807924559321e-01 2.020194015962480938e-01 2.017574275537944717e-01 2.015102809456692512e-01 2.012777933066309533e-01 2.010598054648133626e-01 2.008561675718141259e-01 2.006667391250849530e-01 2.004913889838725316e-01 2.003299953798322319e-01 2.001824459233016440e-01 2.000486376061191285e-01 1.999284768017652592e-01 1.998218792635125529e-01 1.997287701211858391e-01 1.996490838770545728e-01 1.995827644013077606e-01 1.995297649274949958e-01 1.994900480482540428e-01 1.994635857115872324e-01 1.994503592178904217e-01 1.994503592178904217e-01
2.732714303504899522e-01 2.732714303504899522e-01 2.731591606747177381e-01 2.729354586628455759e-01 2.726019895888341371e-01 2.721612270051092519e-01 2.716164214110488584e-01 2.709715557065754954e-01 2.702312863314373925e-01 2.694008699334454193e-01 2.684860766762069417e-01 2.674930926298417222e-01 2.664284148174631550e-01 2.652987432064572992e-01 2.641108741336614107e-01 2.628715993503585313e-01 2.615876141718277426e-01 2.602654372724261811e-01 2.589113436427227244e-01 2.575313112559116657e-01 2.561309811695677841e-01 2.547156301633632380e-01 2.532901545928896159e-01 2.518590639065404480e-01 2.504264821936070251e-01 2.489961561689186531e-01 2.475714681153113328e-01 2.461554524678663813e-01 2.447508149079256345e-01 2.433599530219462126e-01 2.419849777580208583e-01 2.406277350740253229e-01 2.392898273122643360e-01 2.379726339551950232e-01 2.366773315160353997e-01 2.354049123985351433e-01 2.341562026241262306e-01 2.329318783744421806e-01 2.317324813351289148e-01 2.305584328550683015e-01 2.294100469555003796e-01 2.282875422376582364e-01 2.271910527467871366e-01 2.261206378559171559e-01 2.250762912354130896e-01 2.240579489748518727e-01 2.230654969227746920e-01 2.220987773077524041e-01 2.211575947013744992e-01 2.202417213804556406e-01 2.193509021421824468e-01 2.184848586222351008e-01 2.176432931622239164e-01 2.168258922691638502e-01 2.160323297062258785e-01 2.152622692506841739e-01 2.145153671518510718e-01 2.137912743188668807e-01 2.130896382654900723e-01 2.124101048365210076e-01 2.117523197381762645e-01 2.111159298926078287e-01 2.105005846348177168e-01 2.099059367684491251e-01 2.093316434953207961e-01 2.087773672321086016e-01 2.082427763262476028e-01 2.077275456819254740e-01 2.072313573059509084e-01 2.067539007822933872e-01 2.062948736832082575e-01 2.058539819240525759e-01 2.054309400681801623e-01 2.050254715876523859e-01 2.046373090849109566e-01 2.042661944800372442e-01 2.039118791677418663e-01 2.035741241478037089e-01 2.032527001322931848e-01 2.029473876325658954e-01 2.026579770287051940e-01 2.023842686238093158e-01 2.021260726852683320e-01 2.018832094749493933e-01 2.016555092700048346e-01 2.014428123758340849e-01 2.012449691325643719e-01 2.010618399162668046e-01 2.008932951359898578e-01 2.007392152275695452e-01 2.005994906450658255e-01 2.004740218505770277e-01 2.003627193030871056e-01 2.002655034469277562e-01 2.001823047003495060e-01 2.001130634446360301e-01 2.000577300141252735e-01 2.000162646874443784e-01 1.999886376802059162e-01 1.999748291393622646e-01 1.999748291393622646e-01
2.783853135578538418e-01 2.783853135578538418e-01 2.782624521469430068e-01 2.780176653938015163e-01 2.776528172419630014e-01 2.771706815730242690e-01 2.765749118631643522e-01 2.758699954234174467e-01 2.750611897879511325e-01 2.741544402304770256e-01 2.731562793537790079e-01 2.720737117800312022e-01 2.709140887235630957e-01 2.696849783153293934e-01 2.683940378192166132e-01 2.670488933807421139e-01 2.656570318711745093e-01 2.642257079947790133e-01 2.627618683673713651e-01 2.612720929482887366e-01 2.597625531368665253e-01 2.582389850775882456e-01 2.567066762485320508e-01 2.551704631939387680e-01 2.536347382460635846e-01 2.521034632041944668e-01 2.505801881465664627e-01 2.490680738010938033e-01 2.475699161619512034e-01 2.460881722899959934e-01 2.446249864632015214e-01 2.431822160423964818e-01 2.417614565858339226e-01 2.403640658844306277e-01 2.389911867005567181e-01 2.376437680804307784e-01 2.363225851771107167e-01 2.350282575712752675e-01 2.337612661136396486e-01 2.325219683387161618e-01 2.313106125170720229e-01 2.301273504241829471e-01 2.289722489100258496e-01 2.278453003559436640e-01 2.267464321050609855e-01 2.256755149503886504e-01 2.246323707613462339e-01 2.236167793251848390e-01 2.226284844750723857e-01 2.216671995716387178e-01 2.207326123997738754e-01 2.198243895375389945e-01 2.189421802492924340e-01 2.180856199505999404e-01 2.172543332882307943e-01 2.164479368745581556e-01 2.156660417119865003e-01 2.149082553396257367e-01 2.141741837313058394e-01 2.134634329711658229e-01 2.127756107304546451e-01 2.121103275668072830e-01 2.114671980651204042e-01 2.108458418372074206e-01 2.102458843956597212e-01 2.096669579157556251e-01 2.091087018978379508e-01 2.085707637412880233e-01 2.080527992400777182e-01 2.075544730088348389e-01 2.070754588474313096e-01 2.066154400512602018e-01 2.061741096736190437e-01 2.057511707459416250e-01 2.053463364610168818e-01 2.049593303237887409e-01 2.045898862738470270e-01 2.042377487832823801e-01 2.039026729331892551e-01 2.035844244717487928e-01 2.032827798565114141e-01 2.029975262832184602e-01 2.027284617032474590e-01 2.024753948315424212e-01 2.022381451466880309e-01 2.020165428846012745e-01 2.018104290271557077e-01 2.016196552869030378e-01 2.014440840889265005e-01 2.012835885507423261e-01 2.011380524610566767e-01 2.010073702580895683e-01 2.008914470080904457e-01 2.007901983845890026e-01 2.007035506488527854e-01 2.006314406319561483e-01 2.005738157188043380e-01 2.005306338343992301e-01 2.005018634325798355e-01 2.004874834874199874e-01 2.004874834874199874e-01
2.836491212701255926e-01 2.836491212701255926e-01 2.835148041349326853e-01 2.832472071500783950e-01 2.828483998579601200e-01 2.823214712814410832e-01 2.816705046666626022e-01 2.809005342550414674e-01 2.800174793573848575e-01 2.790280531735694347e-01 2.779396468980764867e-01 2.767601929501356528e-01 2.754980139168167752e-01 2.741616654474430259e-01 2.727597816734978475e-01 2.713009308726549995e-01 2.697934874026083896e-01 2.682455238379930496e-01 2.666647251484233760e-01 2.650583249403560826e-01 2.634330624007075183e-01 2.617951576628690935e-01 2.601503028246350269e-01 2.585036656994285087e-01 2.568599034811753223e-01 2.552231837594495234e-01 2.535972106612277566e-01 2.519852542637841530e-01 2.503901817828186327e-01 2.488144893684983150e-01 2.472603336284556474e-01 2.457295622373769639e-01 2.442237431889441868e-01 2.427441924016245922e-01 2.412919995104777504e-01 2.398680517684219082e-01 2.384730560476668315e-01 2.371075589801173999e-01 2.357719653086420009e-01 2.344665545426522779e-01 2.331914960242767454e-01 2.319468625177835697e-01 2.307326424365947481e-01 2.295487508205945326e-01 2.283950391725335094e-01 2.272713042569405040e-01 2.261772959586779985e-01 2.251127242915388349e-01 2.240772656403934027e-01 2.230705683135754958e-01 2.220922574755933854e-01 2.211419395239620223e-01 2.202192059680409819e-01 2.193236368622472898e-01 2.184548038409263038e-01 2.176122727974748039e-01 2.167956062460385247e-01 2.160043654002080371e-01 2.152381119995986636e-01 2.144964099120051648e-01 2.137788265359288620e-01 2.130849340256748270e-01 2.124143103588713166e-01 2.117665402641649430e-01 2.111412160249503678e-01 2.105379381733063771e-01 2.099563160867909950e-01 2.093959684993912107e-01 2.088565239367097537e-01 2.083376210843835563e-01 2.078389090977607878e-01 2.073600478599923747e-01 2.069007081949226778e-01 2.064605720404694977e-01 2.060393325875656545e-01 2.056366943891850263e-01 2.052523734434802127e-01 2.048860972546200365e-01 2.045376048745249087e-01 2.042066469283429220e-01 2.038929856262008955e-01 2.035963947634824300e-01 2.033166597116368712e-01 2.030535774012985906e-01 2.028069562992995400e-01 2.025766163809765430e-01 2.023623890990180196e-01 2.021641173499517941e-01 2.019816554392472319e-01 2.018148690458901884e-01 2.016636351871902155e-01 2.015278421844796108e-01 2.014073896302879252e-01 2.013021883574961923e-01 2.012121604109060879e-01 2.011372390215988015e-01 2.010773685844006176e-01 2.010325046387174686e-01 2.010026138529528994e-01 2.009876740126783079e-01 2.009876740126783079e-01
2.890651967535370903e-01 2.890651967535370903e-01 2.889185493289647688e-01 2.886263887887275392e-01 2.881909852223295543e-01 2.876157428095020285e-01 2.869051868258912785e-01 2.860649297263407331e-01 2.851016077096434898e-01 2.840227825466675182e-01 2.828368084036526064e-01 2.815526686841072213e-01 2.801797922633100235e-01 2.787278609875575852e-01 2.772066206597783022e-01 2.756257062254925949e-01 2.739944891621757805e-01 2.723219519005709577e-01 2.706165910842782685e-01 2.688863489974937515e-01 2.671385707282827315e-01 2.653799835815435770e-01 2.636166948030979063e-01 2.618542036721218658e-01 2.600974243104831607e-01 2.583507160142502479e-01 2.566179184360579124e-01 2.549023894699730675e-01 2.532070441722519272e-01 2.515343934711627982e-01 2.498865817698620317e-01 2.482654228297550281e-01 2.466724335442181393e-01 2.451088653825215236e-01 2.435757334102345295e-01 2.420738428838123679e-01 2.406038134809273810e-01 2.391661012707909928e-01 2.377610185553961919e-01 2.363887517274650407e-01 2.350493772971693485e-01 2.337428762399176296e-01 2.324691468135736960e-01 2.312280159868233820e-01 2.300192496120815611e-01 2.288425614670972497e-01 2.276976212798242638e-01 2.265840618415347341e-01 2.255014853038480316e-01 2.244494687464684557e-01 2.234275690940877301e-01 2.224353274531600533e-01 2.214722729321145223e-01 2.205379260020334797e-01 2.196318014488748138e-01 2.187534109629225010e-01 2.179022654062745257e-01 2.170778767947922350e-01 2.162797600269895371e-01 2.155074343888054855e-01 2.147604248600383514e-01 2.140382632453901035e-01 2.133404891505399636e-01 2.126666508214139217e-01 2.120163058628049546e-01 2.113890218507068763e-01 2.107843768511311333e-01 2.102019598567528291e-01 2.096413711514725220e-01 2.091022226118517124e-01 2.085841379533841244e-01 2.080867529286699880e-01 2.076097154837766301e-01 2.071526858783590275e-01 2.067153367744921089e-01 2.062973532986094594e-01 2.058984330804502494e-01 2.055182862724746207e-01 2.051566355528176289e-01 2.048132161145059249e-01 2.044877756433503002e-01 2.041800742866540785e-01 2.038898846146306731e-01 2.036169915762095495e-01 2.033611924507135460e-01 2.031222967967182547e-01 2.029001263992539772e-01 2.026945152163692754e-01 2.025053093259576720e-01 2.023323668736375092e-01 2.021755580223791593e-01 2.020347649044852978e-01 2.019098815764536481e-01 2.018008139771804987e-01 2.017074798898990939e-01 2.016298089081895728e-01 2.015677424063468670e-01 2.015212335143417577e-01 2.014902470975665771e-01 2.014747597415165181e-01 2.014747597415165181e-01
2.946332855442365672e-01 2.946332855442365672e-01 2.944734708984630966e-01 2.941550569950497906e-01 2.936804881200321127e-01 2.930534567646002064e-01 2.922789150566937888e-01 2.913630619081176154e-01 2.903132908112616151e-01 2.891380885201024209e-01 2.878468828553755188e-01 2.864498464733002403e-01 2.849576703906961939e-01 2.833813248291240927e-01 2.817318251431275011e-01 2.800200178882955027e-01 2.782563976767198910e-01 2.764509606098455308e-01 2.746130957152015939e-01 2.727515124655539580e-01 2.708742002740661681e-01 2.689884147320767971e-01 2.671006850559620727e-01 2.652168374749858670e-01 2.633420298890469802e-01 2.614807938722801817e-01 2.596370808701904398e-01 2.578143101577954899e-01 2.560154167545179438e-01 2.542428980141303585e-01 2.524988580264549420e-01 2.507850492918631269e-01 2.491029113737265321e-01 2.474536064123879497e-01 2.458380515105144937e-01 2.442569480857278152e-01 2.427108083420177198e-01 2.411999790445832348e-01 2.397246627996255652e-01 2.382849370460278504e-01 2.368807709634039305e-01 2.355120404933596645e-01 2.341785416599450609e-01 2.328800023625839100e-01 2.316160928012538645e-01 2.303864346800183205e-01 2.291906093216641571e-01 2.280281648134414585e-01 2.268986222919360252e-01 2.258014814640025569e-01 2.247362254504952084e-01 2.237023250302379862e-01 2.226992423532618004e-01 2.217264341847337561e-01 2.207833547341864489e-01 2.198694581185364205e-01 2.189842005019206339e-01 2.181270419505038916e-01 2.172974480360766181e-01 2.164948912183987939e-01 2.157188520328230941e-01 2.149688201066884685e-01 2.142442950252767264e-01 2.135447870657344038e-01 2.128698178152475251e-01 2.122189206878742351e-01 2.115916413527864082e-01 2.109875380851931326e-01 2.104061820499262547e-01 2.098471575265052624e-01 2.093100620834886239e-01 2.087945067090093143e-01 2.083001159035957894e-01 2.078265277406737832e-01 2.073733938995155346e-01 2.069403796748494062e-01 2.065271639668567749e-01 2.061334392548407335e-01 2.057589115574750271e-01 2.054033003821948700e-01 2.050663386659944964e-01 2.047477727096271849e-01 2.044473621069650693e-01 2.041648796710741898e-01 2.039001113583647495e-01 2.036528561920210589e-01 2.034229261857641302e-01 2.032101462688755689e-01 2.030143542132917811e-01 2.028354005634817325e-01 2.026731485697254309e-01 2.025274741253353383e-01 2.023982657082854519e-01 2.022854243276567821e-01 2.021888634752398994e-01 2.021085090825938679e-01 2.020442994838076434e-01 2.019961853841700794e-01 2.019641298349119929e-01 2.019481082141545425e-01 2.019481082141545425e-01
3.003491621436126802e-01 3.003491621436126802e-01 3.001754602827513274e-01 2.998293174011647522e-01 2.993132896864849068e-01 2.986312851443986283e-01 2.977886195553474669e-01 2.967920444805877134e-01 2.956497215010887580e-01 2.943711251828889930e-01 2.929668703341307689e-01 2.914484732885680440e-01 2.898280681954625848e-01 2.881181049569622732e-01 2.863310551016361449e-01 2.844791469521443794e-01 2.825741441947872690e-01 2.806271744904458298e-01 2.786486084906603100e-01 2.766479851719507721e-01 2.746339768080011678e-01 2.726143858492579009e-01 2.705961660318348949e-01 2.685854607658939575e-01 2.665876529150165708e-01 2.646074212315076002e-01 2.626487998090608622e-01 2.607152378756266708e-01 2.588096580460701457e-01 2.569345117864820227e-01 2.550918313259494807e-01 2.532832776100941707e-01 2.515101841477871414e-01 2.497735967804047275e-01 2.480743095208776949e-01 2.464128966832359602e-01 2.447897415646864416e-01 2.432050619609576469e-01 2.416589327988259706e-01 2.401513061626515677e-01 2.386820289782040638e-01 2.372508585997545605e-01 2.358574765272370977e-01 2.345015004605363607e-01 2.331824948784803342e-01 2.318999803114574765e-01 2.306534414590634963e-01 2.294423342879667593e-01 2.282660922303480222e-01 2.271241315898067936e-01 2.260158562494850032e-01 2.249406617662662589e-01 2.238979389251826435e-01 2.228870768194892715e-01 2.219074655141739516e-01 2.209584983438412364e-01 2.200395738898728304e-01 2.191500976764268194e-01 2.182894836201257627e-01 2.174571552641253736e-01 2.166525468235876717e-01 2.158751040663536569e-01 2.151242850497641634e-01 2.143995607320672847e-01 2.137004154746490192e-01 2.130263474493745979e-01 2.123768689636203466e-01 2.117515067140663954e-01 2.111498019789962710e-01 2.105713107576794585e-01 2.100156038643838929e-01 2.094822669836599871e-01 2.089709006927408241e-01 2.084811204561969333e-01 2.080125565973679203e-01 2.075648542505440786e-01 2.071376732973950474e-01 2.067306882907135601e-01 2.063435883681734584e-01 2.059760771584680794e-01 2.056278726819101010e-01 2.052987072473131946e-01 2.049883273467546507e-01 2.046964935496178584e-01 2.044229803971404635e-01 2.041675762985367959e-01 2.039300834296314535e-01 2.037103176348193101e-01 2.035081083330608775e-01 2.033232984285313905e-01 2.031557442264586288e-01 2.030053153546122202e-01 2.028718946908424914e-01 2.027553782970127061e-01 2.026556753596147897e-01 2.025727081373156491e-01 2.025064119156413378e-01 2.024567349689680440e-01 2.024236385299575114e-01 2.024070967665425880e-01 2.024070967665425880e-01
3.062026984842909361e-01 3.062026984842909361e-01 3.060146312898514021e-01 3.056397358895492355e-01 3.050805598395968654e-01 3.043410785659906859e-01 3.034268282858925692e-01 3.023450074913998642e-01 3.011045033938190008e-01 2.997158125769398551e-01 2.981908466147545345e-01 2.965426371299900721e-01 2.947849732207899476e-01 2.929320126210235853e-01 2.909979061045913085e-01 2.889964656032559254e-01 2.869408944963049990e-01 2.848435870467743714e-01 2.827159950244575448e-01 2.805685538034801141e-01 2.784106573660426465e-01 2.762506709732503452e-01 2.740959709971761971e-01 2.719530028830082213e-01 2.698273499484901694e-01 2.677238074299400084e-01 2.656464576899102426e-01 2.635987437472646078e-01 2.615835392708701357e-01 2.596032139190110888e-01 2.576596934465798516e-01 2.557545143817709365e-01 2.538888733306216561e-01 2.520636711328033130e-01 2.502795521908183773e-01 2.485369393467740662e-01 2.468360647008574771e-01 2.451769967643270265e-01 2.435596643250204363e-01 2.419838773805245979e-01 2.404493454670466324e-01 2.389556936832185341e-01 2.375024766792283859e-01 2.360891908538670925e-01 2.347152849759212845e-01 2.333801694221769862e-01 2.320832242022461966e-01 2.308238059205069415e-01 2.296012538075783427e-01 2.284148949378107529e-01 2.272640487351278715e-01 2.261480308570235076e-01 2.250661565354739047e-01 2.240177434437898574e-01 2.230021141498762793e-01 2.220185982088583587e-01 2.210665339414396025e-01 2.201452699385854084e-01 2.192541663280649644e-01 2.183925958339540396e-01 2.175599446563251382e-01 2.167556131949547327e-01 2.159790166379100262e-01 2.152295854332738068e-01 2.145067656599947137e-01 2.138100193118546433e-01 2.131388245068045750e-01 2.124926756323904375e-01 2.118710834366562545e-01 2.112735750727388895e-01 2.106996941043435823e-01 2.101490004783909682e-01 2.096210704703383998e-01 2.091154966069873888e-01 2.086318875709858300e-01 2.081698680907007604e-01 2.077290788186744175e-01 2.073091762014689643e-01 2.069098323433463948e-01 2.065307348659178033e-01 2.061715867656223056e-01 2.058321062706547078e-01 2.055120266987510436e-01 2.052110963170546976e-01 2.049290782051278181e-01 2.046657501220269515e-01 2.044209043782422019e-01 2.041943477131880624e-01 2.039859011788408005e-01 2.037954000300347124e-01 2.036226936218566708e-01 2.034676453145150832e-01 2.033301323860055299e-01 2.032100459528448921e-01 2.031072908991051751e-01 2.030217858139397591e-01 2.029534629377620913e-01 2.029022681172086284e-01 2.028681607689893085e-01 2.028511138527074598e-01 2.028511138527074598e-01
3.121752176755558938e-01 3.121752176755558938e-01 3.119727376855747636e-01 3.115688786125652143e-01 3.109659681727826031e-01 3.101677824195321898e-01 3.091798066121154154e-01 3.080094628834376125e-01 3.066662317980148877e-01 3.051616140841083014e-01 3.035089143998193628e-01 3.017228694810260015e-01 2.998191738510945781e-01 2.978139686896015270e-01 2.957233539904833286e-01 2.935629675021992346e-01 2.913476539918913866e-01 2.890912308157025379e-01 2.868063432932160262e-01 2.845043962823084471e-01 2.821955456335284995e-01 2.798887334571571461e-01 2.775917530593538518e-01 2.753113320209298331e-01 2.730532245779825340e-01 2.708223068776766662e-01 2.686226706823488519e-01 2.664577126584021238e-01 2.643302175534501530e-01 2.622424344018975950e-01 2.601961454758422443e-01 2.581927280786691647e-01 2.562332095160883561e-01 2.543183157154894625e-01 2.524485140310249731e-01 2.506240507920680094e-01 2.488449841432666954e-01 2.471112126970182177e-01 2.454225004818059441e-01 2.437784986278260790e-01 2.421787641881613107e-01 2.406227764516147838e-01 2.391099510634900616e-01 2.376396522337851369e-01 2.362112032787549720e-01 2.348238957116490500e-01 2.334769970715229459e-01 2.321697576551764175e-01 2.309014162962311767e-01 2.296712053168728784e-01 2.284783547615803490e-01 2.273220960080022390e-01 2.262016648377755124e-01 2.251163040393085180e-01 2.240652656051643765e-01 2.230478125785166910e-01 2.220632205960465511e-01 2.211107791684774615e-01 2.201897927345733141e-01 2.192995815197608944e-01 2.184394822264819624e-01 2.176088485798527428e-01 2.168070517491449689e-01 2.160334806629320148e-01 2.152875422334306899e-01 2.145686615035449774e-01 2.138762817283660911e-01 2.132098644013525890e-01 2.125688892340841518e-01 2.119528540973231179e-01 2.113612749301060356e-01 2.107936856227129174e-01 2.102496378785879971e-01 2.097287010596234347e-01 2.092304620186319075e-01 2.087545249223270172e-01 2.083005110676886817e-01 2.078680586942044384e-01 2.074568227941410992e-01 2.070664749227099088e-01 2.066967030097318636e-01 2.063472111741894988e-01 2.060177195428574970e-01 2.057079640740372417e-01 2.054176963872733075e-01 2.051466835998067562e-01 2.048947081704052542e-01 2.046615677511211262e-01 2.044470750474403631e-01 2.042510576872190453e-01 2.040733580987413032e-01 2.039138333981768691e-01 2.037723552866782251e-01 2.036488099573098287e-01 2.035430980119741773e-01 2.034551343884697661e-01 2.033848482977883287e-01 2.033321831717406769e-01 2.032970966209802222e-01 2.032795604034763615e-01 2.032795604034763615e-01
3.182360137289047541e-01 3.182360137289047541e-01 3.180197756458286729e-01 3.175880742661693068e-01 3.169426716226817486e-01 3.160866983116979445e-01 3.150251196764787820e-01 3.137651730561406005e-01 3.123166551759339882e-01 3.106919653096125722e-01 3.089058688285987175e-01 3.069750165931569019e-01 3.049173083458692202e-01 3.027512060877819433e-01 3.004950897513499752e-01 2.981667168611326635e-01 2.957828148315450045e-01 2.933588080442417478e-01 2.909086649296917515e-01 2.884448421612551550e-01 2.859783013397613760e-01 2.835185756301502602e-01 2.810738676682101866e-01 2.786511643366930135e-01 2.762563579646727385e-01 2.738943668017468913e-01 2.715692501856195595e-01 2.692843157172601365e-01 2.670422170961736508e-01 2.648450421731317062e-01 2.626943913607999725e-01 2.605914468958844821e-01 2.585370336406663805e-01 2.565316721996890870e-01 2.545756251466116948e-01 2.526689371331795053e-01 2.508114696048158176e-01 2.490029307874182252e-01 2.472429015452714263e-01 2.455308576453393565e-01 2.438661889014648587e-01 2.422482156147058585e-01 2.406762026739278082e-01 2.391493716340221398e-01 2.376669110476143931e-01 2.362279852895536048e-01 2.348317420814263756e-01 2.334773188953762346e-01 2.321638483921969476e-01 2.308904630275688263e-01 2.296562989420423972e-01 2.284604992345737606e-01 2.273022167057671961e-01 2.261806161451998254e-01 2.250948762270313097e-01 2.240441910693286021e-01 2.230277715049682474e-01 2.220448461054487510e-01 2.210946619933128743e-01 2.201764854740165256e-01 2.192896025138869887e-01 2.184333190871888819e-01 2.176069614121882989e-01 2.168098760933994951e-01 2.160414301848662399e-01 2.153010111873053245e-01 2.145880269901962178e-01 2.139019057683866354e-01 2.132420958414780188e-01 2.126080655031209743e-01 2.119993028263717494e-01 2.114153154504117282e-01 2.108556303531958775e-01 2.103197936139614699e-01 2.098073701689738002e-01 2.093179435634126839e-01 2.088511157018855258e-01 2.084065065996990873e-01 2.079837541367091092e-01 2.075825138153019889e-01 2.072024585238306238e-01 2.068432783066272151e-01 2.065046801415416911e-01 2.061863877258115207e-01 2.058881412709348546e-01 2.056096973071148415e-01 2.053508284977453580e-01 2.051113234643333338e-01 2.048909866221789444e-01 2.046896380270817328e-01 2.045071132332904051e-01 2.043432631628713247e-01 2.041979539866404791e-01 2.040710670167703855e-01 2.039624986111608362e-01 2.038721600896473141e-01 2.037999776620983416e-01 2.037458923684430656e-01 2.037098600306632701e-01 2.036918512167674444e-01 2.036918512167674444e-01
3.243380718527560380e-01 3.243380718527560380e-01 3.241097972012996764e-01 3.236534106003499667e-01 3.229695754043704903e-01 3.220600745029108536e-01 3.209285933099252919e-01 3.195814951327471398e-01 3.180283902156888498e-01 3.162823302026747663e-01 3.143595572304634378e-01 3.122788649030119879e-01 3.100607209341396664e-01 3.077263254115463198e-01 3.052967469189299399e-01 3.027922226220510216e-01 3.002316542519019027e-01 2.976322928086854724e-01 2.950095829694165395e-01 2.923771301552481883e-01 2.897467540198355174e-01 2.871285974197335666e-01 2.845312667299320086e-01 2.819619859525509531e-01 2.794267526414648817e-01 2.769304880064431540e-01 2.744771767406682939e-01 2.720699943312153146e-01 2.697114210844402393e-01 2.674033430273382583e-01 2.651471403942309291e-01 2.629437646990304134e-01 2.607938055163535052e-01 2.586975481126545517e-01 2.566550230240194908e-01 2.546660485986009803e-01 2.527302674271023619e-01 2.508471774856165237e-01 2.490161587182715963e-01 2.472364956963351845e-01 2.455073969075474982e-01 2.438280111551754392e-01 2.421974414805630194e-01 2.406147569653560858e-01 2.390790027194319434e-01 2.375892083171362579e-01 2.361443949069504666e-01 2.347435811874629963e-01 2.333857884148255735e-01 2.320700445831245240e-01 2.307953878987578644e-01 2.295608696524937542e-01 2.283655565779853236e-01 2.272085327727711435e-01 2.260889012468858816e-01 2.250057851548764587e-01 2.239583287590356242e-01 2.229456981648332559e-01 2.219670818636723664e-01 2.210216911130888362e-01 2.201087601802153015e-01 2.192275464706509303e-01 2.183773305617213167e-01 2.175574161564006737e-01 2.167671299718456623e-01 2.160058215744931620e-01 2.152728631719562635e-01 2.145676493704809507e-01 2.138895969054603330e-01 2.132381443514092534e-01 2.126127518168706709e-01 2.120129006289162010e-01 2.114380930112151058e-01 2.108878517590451751e-01 2.103617199141118999e-01 2.098592604416012752e-01 2.093800559115129301e-01 2.089237081859988965e-01 2.084898381141531698e-01 2.080780852354608135e-01 2.076881074929121385e-01 2.073195809566128756e-01 2.069721995585740437e-01 2.066456748392406784e-01 2.063397357062090598e-01 2.060541282054961787e-01 2.057886153056458223e-01 2.055429766948968229e-01 2.053170085915810017e-01 2.051105235678820082e-01 2.049233503870444562e-01 2.047553338540992196e-01 2.046063346801462179e-01 2.044762293602182812e-01 2.043649100647382810e-01 2.042722845445705260e-01 2.041982760496621474e-01 2.041428232612659266e-01 2.041058802377358761e-01 2.040874163738821967e-01 2.040874163738821967e-01
3.304134025814777775e-01 3.304134025814777775e-01 3.301763192940913028e-01 3.297012989470182176e-01 3.289871386783090323e-01 3.280332342265360190e-01 3.268408274721822382e-01 3.254143107902898735e-01 3.237622666513276792e-01 3.218979361848275933e-01 3.198389689151689974e-01 3.176065474744120265e-01 3.152241481529763911e-01 3.127162262515739699e-01 3.101070445336926995e-01 3.074197612874950414e-01 3.046758074677045625e-01 3.018945267715740788e-01 2.990930264199500588e-01 2.962861808987883872e-01 2.934867367718879128e-01 2.907054771340324972e-01 2.879514152864423582e-01 2.852319968200219269e-01 2.825532968300902836e-01 2.799202044933007949e-01 2.773365910393070233e-01 2.748054596430848373e-01 2.723290773121054831e-01 2.699090897391032695e-01 2.675466205557681665e-01 2.652423566118993770e-01 2.629966209258273735e-01 2.608094348766645809e-01 2.586805710833136596e-01 2.566095982680383081e-01 2.545959192511953462e-01 2.526388030784202376e-01 2.507374121473785467e-01 2.488908250804473532e-01 2.470980559829155931e-01 2.453580706330204808e-01 2.436698000693826027e-01 2.420321519719224879e-01 2.404440201728427484e-01 2.389042925834823083e-01 2.374118577796159868e-01 2.359656104510311492e-01 2.345644558900257248e-01 2.332073136670118063e-01 2.318931206189853156e-01 2.306208332576037690e-01 2.293894296875017003e-01 2.281979111118071502e-01 2.270453029902368414e-01 2.259306559053181340e-01 2.248530461839432504e-01 2.238115763143782577e-01 2.228053751928321113e-01 2.218335982285769004e-01 2.208954273322601691e-01 2.199900708083520062e-01 2.191167631695174756e-01 2.182747648880239144e-01 2.174633620970065906e-01 2.166818662524690187e-01 2.159296137652329806e-01 2.152059656106375396e-01 2.145103069225789694e-01 2.138420465774528711e-01 2.132006167726809842e-01 2.125854726037584852e-01 2.119960916431134768e-01 2.114319735235340725e-01 2.108926395284469180e-01 2.103776321909436031e-01 2.098865149031117761e-01 2.094188715369464937e-01 2.089743060778751771e-01 2.085524422717254800e-01 2.081529232857966816e-01 2.077754113845458883e-01 2.074195876202870048e-01 2.070851515391922970e-01 2.067718209028084064e-01 2.064793314252287015e-01 2.062074365260082587e-01 2.059559070988636609e-01 2.057245312961629713e-01 2.055131143291868134e-01 2.053214782841183972e-01 2.051494619537070352e-01 2.049969206845401459e-01 2.048637262398536885e-01 2.047497666778080039e-01 2.046549462451585644e-01 2.045791852862556270e-01 2.045224201673104814e-01 2.044846032158760818e-01 2.044657026754975182e-01 2.044657026754975182e-01
3.363691275224353072e-01 3.363691275224353072e-01 3.361284030887585761e-01 3.356445665288139146e-01 3.349135381918296739e-01 3.339309000463464017e-01 3.326937754247411005e-01 3.312029296495605513e-01 3.294645867918111204e-01 3.274913928849483291e-01 3.253022013279699420e-01 3.229208388421619391e-01 3.203743184814293876e-01 3.176909824210465971e-01 3.148989042191502885e-01 3.120246995973763871e-01 3.090927598167934609e-01 3.061248470856897108e-01 3.031399641983588134e-01 3.001544118983338061e-01 2.971819619563975112e-01 2.942340919899721907e-01 2.913202446784530220e-01 2.884480873587533245e-01 2.856237577797490212e-01 2.828520885421448305e-01 2.801368071484778288e-01 2.774807112974527756e-01 2.748858206137639870e-01 2.723535068080484844e-01 2.698846045924954695e-01 2.674795057255477393e-01 2.651382384479304966e-01 2.628605343803157024e-01 2.606458847282533964e-01 2.584935874107920362e-01 2.564027865110470317e-01 2.543725052476755177e-01 2.524016734888431812e-01 2.504891506751866226e-01 2.486337448843417286e-01 2.468342286549371212e-01 2.450893520903974221e-01 2.433978536802791082e-01 2.417584692071031160e-01 2.401699390479016816e-01 2.386310141302892263e-01 2.371404607613542270e-01 2.356970645128240449e-01 2.342996333166997014e-01 2.329469999010061743e-01 2.316380236746931609e-01 2.303715921534129907e-01 2.291466220033649970e-01 2.279620597681720484e-01 2.268168823334846818e-01 2.257100971753547569e-01 2.246407424311469558e-01 2.236078868256199947e-01 2.226106294796416918e-01 2.216480996246427138e-01 2.207194562422343243e-01 2.198238876453106339e-01 2.189606110143330620e-01 2.181288719002772436e-01 2.173279437038530826e-01 2.165571271390236974e-01 2.158157496875127701e-01 2.151031650498580194e-01 2.144187525976158359e-01 2.137619168305135153e-01 2.131320868416648195e-01 2.125287157933925253e-01 2.119512804057158972e-01 2.113992804591545149e-01 2.108722383131604594e-01 2.103696984412019577e-01 2.098912269832839683e-01 2.094364113164927932e-01 2.090048596439853801e-01 2.085962006027092808e-01 2.082100828900264322e-01 2.078461749093253597e-01 2.075041644346317660e-01 2.071837582941701561e-01 2.068846820727863189e-01 2.066066798331033516e-01 2.063495138552626229e-01 2.061129643950808943e-01 2.058968294604481553e-01 2.057009246057834861e-01 2.055250827443672601e-01 2.053691539783722153e-01 2.052330054464251707e-01 2.051165211885376816e-01 2.050196020282591958e-01 2.049421654719228991e-01 2.048841456248654269e-01 2.048454931245231314e-01 2.048261750903258849e-01 2.048261750903258849e-01
3.420865273456533129e-01 3.420865273456533129e-01 3.418495111815378906e-01 3.413709916921938703e-01 3.406428497386526644e-01 3.396550916189739477e-01 3.383984898894434323e-01 3.368678179298765785e-01 3.350649363824426685e-01 3.330006569117544557e-01 3.306946346112887292e-01 3.281735795920982524e-01 3.254686463081655767e-01 3.226128020515973138e-01 3.196386543183348805e-01 3.165769088047025726e-01 3.134554326742489683e-01 3.102988064078273656e-01 3.071282260388929486e-01 3.039616319203525818e-01 3.008139675768218835e-01 2.976975003096805072e-01 2.946221587638570005e-01 2.915958603184258813e-01 2.886248134444993063e-01 2.857137882194538125e-01 2.828663531641197326e-01 2.800850794519217923e-01 2.773717150557622468e-01 2.747273320627507398e-01 2.721524505433750019e-01 2.696471422336755297e-01 2.672111170164090388e-01 2.648437948548262866e-01 2.625443654897403611e-01 2.603118378838600311e-01 2.581450811000879364e-01 2.560428580376701846e-01 2.540038532221797762e-01 2.520266956502910660e-01 2.501099775249638890e-01 2.482522695774287136e-01 2.464521335556676407e-01 2.447081323616198401e-01 2.430188382381071877e-01 2.413828393388947613e-01 2.397987449591290621e-01 2.382651896567209715e-01 2.367808364564834289e-01 2.353443792966350145e-01 2.339545448505266634e-01 2.326100938342142987e-01 2.313098218920080773e-01 2.300525601367398587e-01 2.288371754086796772e-01 2.276625703063555606e-01 2.265276830336326319e-01 2.254314870999780951e-01 2.243729909046456861e-01 2.233512372303298743e-01 2.223653026675173339e-01 2.214142969871424615e-01 2.204973624761316087e-01 2.196136732478853049e-01 2.187624345376349977e-01 2.179428819908339476e-01 2.171542809512653216e-01 2.163959257543064396e-01 2.156671390297558444e-01 2.149672710177640000e-01 2.142956989006879198e-01 2.136518261530864216e-01 2.130350819115794103e-01 2.124449203658742846e-01 2.118808201719237228e-01 2.113422838878961652e-01 2.108288374334086057e-01 2.103400295722839819e-01 2.098754314189403281e-01 2.094346359683986747e-01 2.090172576497988099e-01 2.086229319032356089e-01 2.082513147796717090e-01 2.079020825636397618e-01 2.075749314184144323e-01 2.072695770533210802e-01 2.069857544128298477e-01 2.067232173870858503e-01 2.064817385435257502e-01 2.062611088792427050e-01 2.060611375937686507e-01 2.058816518819634733e-01 2.057224967467156940e-01 2.055835348311828292e-01 2.054646462703207943e-01 2.053657285614765848e-01 2.052866964538454242e-01 2.052274818566190706e-01 2.051880337656794562e-01 2.051683182087224722e-01 2.051683182087224722e-01
3.474262719276935973e-01 3.474262719276935973e-01 3.472022538238339617e-01 3.467471775052758942e-01 3.460478337989074116e-01 3.450868136264959585e-01 3.438458662360309170e-01 3.423106094636954033e-01 3.404756590738912125e-01 3.383481615525760211e-01 3.359479073318129005e-01 3.333046620462550291e-01 3.304543405108035792e-01 3.274353157251280733e-01 3.242855084879525118e-01 3.210404155669774329e-01 3.177319748001614097e-01 3.143880700912532467e-01 3.110324743297948058e-01 3.076850622641777999e-01 3.043621691199413504e-01 3.010770106237809496e-01 2.978401113721857452e-01 2.946597108993285752e-01 2.915421318279658447e-01 2.884921039940472887e-01 2.855130440919675383e-01 2.826072934947445603e-01 2.797763183981423762e-01 2.770208769581398167e-01 2.743411580549709461e-01 2.717368959881265034e-01 2.692074649461376201e-01 2.667519565967319539e-01 2.643692436590264760e-01 2.620580318759246352e-01 2.598169024125938087e-01 2.576443463678544932e-01 2.555387927968891248e-01 2.534986314010092556e-01 2.515222308376449112e-01 2.496079534355528651e-01 2.477541669611812714e-01 2.459592539674519962e-01 2.442216191618273302e-01 2.425396951529128209e-01 2.409119468710686773e-01 2.393368749061088041e-01 2.378130179621187335e-01 2.363389545940429437e-01 2.349133043616077332e-01 2.335347285122098271e-01 2.322019302847056210e-01 2.309136549098029789e-01 2.296686893693802300e-01 2.284658619660191736e-01 2.273040417449287975e-01 2.261821378029076623e-01 2.250990985127771238e-01 2.240539106865684638e-01 2.230455986965006743e-01 2.220732235692557954e-01 2.211358820661591118e-01 2.202327057594507254e-01 2.193628601128501943e-01 2.185255435729665519e-01 2.177199866767445813e-01 2.169454511790174789e-01 2.162012292033118899e-01 2.154866424182889928e-01 2.148010412415843340e-01 2.141438040722974667e-01 2.135143365529697801e-01 2.129120708615483415e-01 2.123364650335675674e-01 2.117870023145607961e-01 2.112631905425423062e-01 2.107645615602697364e-01 2.102906706568905548e-01 2.098410960385027058e-01 2.094154383271022435e-01 2.090133200873544039e-01 2.086343853806024162e-01 2.082782993455140064e-01 2.079447478047698472e-01 2.076334368972005406e-01 2.073440927347954543e-01 2.070764610840238884e-01 2.068303070709332225e-01 2.066054149095163661e-01 2.064015876528679794e-01 2.062186469666831279e-01 2.060564329246850068e-01 2.059148038256020108e-01 2.057936360313523672e-01 2.056928238261289954e-01 2.056122792961168622e-01 2.055519322296114892e-01 2.055117300373459355e-01 2.054916376928701272e-01 2.054916376928701272e-01
3.522428619290720042e-01 3.522428619290720042e-01 3.520420462708749310e-01 3.516307362257774516e-01 3.509901622952698030e-01 3.500941351436626658e-01 3.489126746106201438e-01 3.474183354500527954e-01 3.455945360250824994e-01 3.434422808526528259e-01 3.409805615124805178e-01 3.382422215522406517e-01 3.352684103593018272e-01 3.321035565027989356e-01 3.287915927274212002e-01 3.253734940067211090e-01 3.218859097937435410e-01 3.183605997942740573e-01 3.148244048066478062e-01 3.112995396793242220e-01 3.078040548321832603e-01 3.043523637356916334e-01 3.009557727243618586e-01 2.976229771302801863e-01 2.943605060933518480e-01 2.911731099241917087e-01 2.880640906491915287e-01 2.850355799744435648e-01 2.820887705334353956e-01 2.792241067307465463e-01 2.764414412824741096e-01 2.737401630119064011e-01 2.711193007837252589e-01 2.685776077648398541e-01 2.661136295449044176e-01 2.637257590625988746e-01 2.614122807741310339e-01 2.591714060671698183e-01 2.570013015603835882e-01 2.549001116276490286e-01 2.528659762380232601e-01 2.508970449994122331e-01 2.489914881279868542e-01 2.471475049302966631e-01 2.453633302751539735e-01 2.436372394430751376e-01 2.419675516685507455e-01 2.403526326315103545e-01 2.387908961064951763e-01 2.372808049391508800e-01 2.358208714880215273e-01 2.344096576438753077e-01 2.330457745178277640e-01 2.317278818724379241e-01 2.304546873560106013e-01 2.292249455889674992e-01 2.280374571418549157e-01 2.268910674369704894e-01 2.257846655993845930e-01 2.247171832780622824e-01 2.236875934536481092e-01 2.226949092460832613e-01 2.217381827324627075e-01 2.208165037832741651e-01 2.199289989233220166e-01 2.190748302221367516e-01 2.182531942174517348e-01 2.174633208743399215e-01 2.167044725818036699e-01 2.159759431879703928e-01 2.152770570745284884e-01 2.146071682706317263e-01 2.139656596061762506e-01 2.133519419041019771e-01 2.127654532111788455e-01 2.122056580665902525e-01 2.116720468075204142e-01 2.111641349108788757e-01 2.106814623702432943e-01 2.102235931070768060e-01 2.097901144152646002e-01 2.093806364380151053e-01 2.089947916761891455e-01 2.086322345271384160e-01 2.082926408531678986e-01 2.079757075787691256e-01 2.076811523158118566e-01 2.074087130159226744e-01 2.071581476493249419e-01 2.069292339094594702e-01 2.067217689427541527e-01 2.065355691029572838e-01 2.063704697295011548e-01 2.062263249494079298e-01 2.061030075023022323e-01 2.060004085881418368e-01 2.059184377373284025e-01 2.058570227029075661e-01 2.058161093746180559e-01 2.057956617145972056e-01 2.057956617145972056e-01
3.564083989798717544e-01 3.564083989798717544e-01 3.562400381026750162e-01 3.558915460423952015e-01 3.553392662010007585e-01 3.545481567479329965e-01 3.534745540358698590e-01 3.520735726292275602e-01 3.503121800737618585e-01 3.481823674196842244e-01 3.457013463078357773e-01 3.429048151828364421e-01 3.398391789127218621e-01 3.365550987419838602e-01 3.331028692657087564e-01 3.295294519942851275e-01 3.258768185550551810e-01 3.221812468012034136e-01 3.184732591064439178e-01 3.147779556269218459e-01 3.111155597868022205e-01 3.075020501954828234e-01 3.039497988354978308e-01 3.004681691155355883e-01 2.970640506398245506e-01 2.937423224959780921e-01 2.905062457634741691e-01 2.873577907252924390e-01 2.842979064075709661e-01 2.813267406293291639e-01 2.784438184206387001e-01 2.756481859100457510e-01 2.729385258595086183e-01 2.703132500897641455e-01 2.677705731695921854e-01 2.653085709735605868e-01 2.629252270539237379e-01 2.606184692194184471e-01 2.583861982563485094e-01 2.562263103528647501e-01 2.541367144828665658e-01 2.521153457596219116e-01 2.501601755705774588e-01 2.482692191450385777e-01 2.464405410780016736e-01 2.446722592303523791e-01 2.429625473428896065e-01 2.413096366352157629e-01 2.397118166071830481e-01 2.381674352177190201e-01 2.366748985813825201e-01 2.352326702952670656e-01 2.338392704865298877e-01 2.324932746528310945e-01 2.311933123534506140e-01 2.299380657971476227e-01 2.287262683633745630e-01 2.275567030858369755e-01 2.264282011212286894e-01 2.253396402210069149e-01 2.242899432200661236e-01 2.232780765529378819e-01 2.223030488055491027e-01 2.213639093084815435e-01 2.204597467760050500e-01 2.195896879938198654e-01 2.187528965573820039e-01 2.179485716618439761e-01 2.171759469439823176e-01 2.164342893759686748e-01 2.157228982104439363e-01 2.150411039760552756e-01 2.143882675223894585e-01 2.137637791130783393e-01 2.131670575657387268e-01 2.125975494373382457e-01 2.120547282535421296e-01 2.115380937805811656e-01 2.110471713381886771e-01 2.105815111521776584e-01 2.101406877452644539e-01 2.097242993647902287e-01 2.093319674460430713e-01 2.089633361099405839e-01 2.086180716938939861e-01 2.082958623147378729e-01 2.079964174626751650e-01 2.077194676252526462e-01 2.074647639404469945e-01 2.072320778780113171e-01 2.070212009482937932e-01 2.068319444378073080e-01 2.066641391708927689e-01 2.065176352968831341e-01 2.063923021022356641e-01 2.062880278471640461e-01 2.062047196263613047e-01 2.061423032534641653e-01 2.061007231689709618e-01 2.060799423713803868e-01 2.060799423713803868e-01
3.598400368972287100e-01 3.598400368972287100e-01 3.597101781424540401e-01 3.594378736296791055e-01 3.589967582066457830e-01 3.583449870863207876e-01 3.574251430713197286e-01 3.561705647772951400e-01 3.545245799141116261e-01 3.524679660718785246e-01 3.500158576075007577e-01 3.472062580486552363e-01 3.440898989450750234e-01 3.407228386700106304e-01 3.371613217026795950e-01 3.334583705565831169e-01 3.296617315956529293e-01 3.258128679546111184e-01 3.219467190830280767e-01 3.180919733460634835e-01 3.142716421586378428e-01 3.105037755843358394e-01 3.068022098338328840e-01 3.031772794487482270e-01 2.996364585110840029e-01 2.961849165328471756e-01 2.928259877910094344e-01 2.895615600994445038e-01 2.863923923622151424e-01 2.833183712467251536e-01 2.803387169930868783e-01 2.774521474056611536e-01 2.746570078556571093e-01 2.719513738848189921e-01 2.693331318538127461e-01 2.668000420734673583e-01 2.643497880042293691e-01 2.619800144016707355e-01 2.596883567076890831e-01 2.574724635194043376e-01 2.553300135922798586e-01 2.532587285339985561e-01 2.512563821067325676e-01 2.493208068656174170e-01 2.474498987105735182e-01 2.456416198091267433e-01 2.438940002530836093e-01 2.422051387367390174e-01 2.405732024846100325e-01 2.389964266092979295e-01 2.374731130424142245e-01 2.360016291515530662e-01 2.345804061324551493e-01 2.332079372465268585e-01 2.318827759587606119e-01 2.306035340190524530e-01 2.293688795203171205e-01 2.281775349591511903e-01 2.270282753187108926e-01 2.259199261886246923e-01 2.248513619329244317e-01 2.238215039139225260e-01 2.228293187775642337e-01 2.218738168038825176e-01 2.209540503247014176e-01 2.200691122095773666e-01 2.192181344200745119e-01 2.184002866317882319e-01 2.176147749230187001e-01 2.168608405286170104e-01 2.161377586572527099e-01 2.154448373701690622e-01 2.147814165193680791e-01 2.141468667431040140e-01 2.135405885165388151e-01 2.129620112554171107e-01 2.124105924706564674e-01 2.118858169717923734e-01 2.113871961172868463e-01 2.109142671097865018e-01 2.104665923344920253e-01 2.100437587388945815e-01 2.096453772522239301e-01 2.092710822430426387e-01 2.089205310135156257e-01 2.085934033289771894e-01 2.082894009815067227e-01 2.080082473863157921e-01 2.077496872098364145e-01 2.075134860284870708e-01 2.072994300171769055e-01 2.071073256666893236e-01 2.069369995291682196e-01 2.067882979910050656e-01 2.066610870725040516e-01 2.065552522537733027e-01 2.064706983263660811e-01 2.064073492702624413e-01 2.063651481558578527e-01 2.063440570706876476e-01 2.063440570706876476e-01
3.625202394441183196e-01 3.625202394441183196e-01 3.624300097771075979e-01 3.622379077931775493e-01 3.619183412119880150e-01 3.614272217091141215e-01 3.606965132911805205e-01 3.596343240524135787e-01 3.581488306155389822e-01 3.562111537751578849e-01 3.538362053820164332e-01 3.510632526374905527e-01 3.479447832978193600e-01 3.445397388928139182e-01 3.409086599500217307e-01 3.371099753062764548e-01 3.331973414613140783e-01 3.292180246844668701e-01 3.252122111430898466e-01 3.212130320066705624e-01 3.172470608820764926e-01 3.133350681203184718e-01 3.094928701228699119e-01 3.057321677295079532e-01 3.020613137960604377e-01 2.984859827959590595e-01 2.950097360266806801e-01 2.916344877211560216e-01 2.883608830125310996e-01 2.851886006252326577e-01 2.821165930087625728e-01 2.791432754472125688e-01 2.762666740958773515e-01 2.734845412639685391e-01 2.707944447525307274e-01 2.681938367408910340e-01 2.656801066093767427e-01 2.632506211787573047e-01 2.609027551140946644e-01 2.586339136552271989e-01 2.564415493718283368e-01 2.543231742746231427e-01 2.522763683261986523e-01 2.502987851686867549e-01 2.483881557082831260e-01 2.465422900576025311e-01 2.447590782279781829e-01 2.430364898784434791e-01 2.413725733611763180e-01 2.397654542506337527e-01 2.382133335023329523e-01 2.367144853547986927e-01 2.352672550626980774e-01 2.338700565291232381e-01 2.325213698892049374e-01 2.312197390848331202e-01 2.299637694605037586e-01 2.287521254026521067e-01 2.275835280388263659e-01 2.264567530083559654e-01 2.253706283125027909e-01 2.243240322492342231e-01 2.233158914355564129e-01 2.223451789186551286e-01 2.214109123758071784e-01 2.205121524020574320e-01 2.196480008839460374e-01 2.188175994570525917e-01 2.180201280447650880e-01 2.172548034754456514e-01 2.165208781750223854e-01 2.158176389319647059e-01 2.151444057315927416e-01 2.145005306566968306e-01 2.138853968515099790e-01 2.132984175461595799e-01 2.127390351388319112e-01 2.122067203329957019e-01 2.117009713271554294e-01 2.112213130547354600e-01 2.107672964718217690e-01 2.103384978906227831e-01 2.099345183566379558e-01 2.095549830676514402e-01 2.091995408327896877e-01 2.088678635700073061e-01 2.085596458404799791e-01 2.082746044184951018e-01 2.080124778955463882e-01 2.077730263174376313e-01 2.075560308533071219e-01 2.073612934955809672e-01 2.071886367899600789e-01 2.070379035946351420e-01 2.069089568680143321e-01 2.068016794843353101e-01 2.067159740766150444e-01 2.066517629064746342e-01 2.066089877604554981e-01 2.065876098725218379e-01 2.065876098725218379e-01
3.644997821034464125e-01 3.644997821034464125e-01 3.644450846293234014e-01 3.643266686438397794e-01 3.641235740653231967e-01 3.637960205318528928e-01 3.632729875473194037e-01 3.624368639134867287e-01 3.611370521445051995e-01 3.593486363758412461e-01 3.570918924402043948e-01 3.544050120962702333e-01 3.513371693047350197e-01 3.479454611009958342e-01 3.442915211095949335e-01 3.404376126977826655e-01 3.364429948363406586e-01 3.323612167932327721e-01 3.282385716022388489e-01 3.241135932670620168e-01 3.200173166672740099e-01 3.159739976862923627e-01 3.120020460474272617e-01 3.081150004001254605e-01 3.043224447086328999e-01 3.006308164349287271e-01 2.970440903016710599e-01 2.935643405275962237e-01 2.901921938816761082e-01 2.869271894292358405e-01 2.837680610682272175e-01 2.807129575521869480e-01 2.777596126553336098e-01 2.749054759915400825e-01 2.721478130150360442e-01 2.694837810123976718e-01 2.669104864647688924e-01 2.644250279978676565e-01 2.620245282101189011e-01 2.597061569373010359e-01 2.574671479386226869e-01 2.553048105421145686e-01 2.532165374398513968e-01 2.511998095541255749e-01 2.492521986869707940e-01 2.473713685037777499e-01 2.455550742765248984e-01 2.438011617151139843e-01 2.421075651400669271e-01 2.404723051914703091e-01 2.388934862237431511e-01 2.373692935006138649e-01 2.358979902773485626e-01 2.344779148360371102e-01 2.331074775232419016e-01 2.317851578265155144e-01 2.305095015163677874e-01 2.292791178725880896e-01 2.280926770079051702e-01 2.269489072974194555e-01 2.258465929187595256e-01 2.247845715052766424e-01 2.237617319126002091e-01 2.227770120974015278e-01 2.218293971061340297e-01 2.209179171707471856e-01 2.200416459078409492e-01 2.191996986173863071e-01 2.183912306769296985e-01 2.176154360271114474e-01 2.168715457443128880e-01 2.161588266962993776e-01 2.154765802768226768e-01 2.148241412152716023e-01 2.142008764576147084e-01 2.136061841150422302e-01 2.130394924768915232e-01 2.125002590846192529e-01 2.119879698637667231e-01 2.115021383110443354e-01 2.110423047338369218e-01 2.106080355396088843e-01 2.101989225728508048e-01 2.098145824973747242e-01 2.094546562219191665e-01 2.091188083671737530e-01 2.088067267724786902e-01 2.085181220405878944e-01 2.082527271190172669e-01 2.080102969166250093e-01 2.077906079541867457e-01 2.075934580478494829e-01 2.074186660244498881e-01 2.072660714677961591e-01 2.071355344951060218e-01 2.070269355629002772e-01 2.069401753017377499e-01 2.068751743792750786e-01 2.068318733912243579e-01 2.068102327798662932e-01 2.068102327798662932e-01
3.658817499747217816e-01 3.658817499747217816e-01 3.658545774970528575e-01 3.657947686668177045e-01 3.656888222806164435e-01 3.655080875876600133e-01 3.651913919174869516e-01 3.646046140948740466e-01 3.634814125254914874e-01 3.618485861141860771e-01 3.597389467330986412e-01 3.571832048695421369e-01 3.542188175004954975e-01 3.508942212381541137e-01 3.472676804972439357e-01 3.434029613996147923e-01 3.393641817122829418e-01 3.352114375836208193e-01 3.309979144673534934e-01 3.267685140581011449e-01 3.225596721956843216e-01 3.183999457332641891e-01 3.143109976849546849e-01 3.103087148443693377e-01 3.064042950525631692e-01 3.026052201938982389e-01 2.989160829437219058e-01 2.953392654506393766e-01 2.918754833202736321e-01 2.885242142553339773e-01 2.852840315923477754e-01 2.821528613562521715e-01 2.791281788433550570e-01 2.762071579509298713e-01 2.733867838865304267e-01 2.706639376644934813e-01 2.680354589606869231e-01 2.654981924211969324e-01 2.630490213558315804e-01 2.606848918382689284e-01 2.584028295306659007e-01 2.561999510080398834e-01 2.540734709409941394e-01 2.520207061758016898e-01 2.500390775060377657e-01 2.481261097424286577e-01 2.462794305439133247e-01 2.444967683628018751e-01 2.427759497724607807e-01 2.411148963811552137e-01 2.395116214859228376e-01 2.379642265821489688e-01 2.364708978151690566e-01 2.350299024377034973e-01 2.336395853196462369e-01 2.322983655435065520e-01 2.310047331086824696e-01 2.297572457600503271e-01 2.285545259505101512e-01 2.273952579427275522e-01 2.262781850520195759e-01 2.252021070298993732e-01 2.241658775860240760e-01 2.231684020450253325e-01 2.222086351338301013e-01 2.212855788945065905e-01 2.203982807173237302e-01 2.195458314885373186e-01 2.187273638473712645e-01 2.179420505467117297e-01 2.171891029121492955e-01 2.164677693941747527e-01 2.157773342085365365e-01 2.151171160599880394e-01 2.144864669448972305e-01 2.138847710284301762e-01 2.133114435922678076e-01 2.127659300490577499e-01 2.122477050200423931e-01 2.117562714725343409e-01 2.112911599141336638e-01 2.108519276407969101e-01 2.104381580360707993e-01 2.100494599189999534e-01 2.096854669384019265e-01 2.093458370113829015e-01 2.090302518041297908e-01 2.087384162531782106e-01 2.084700581255039264e-01 2.082249276159288953e-01 2.080027969804705557e-01 2.078034602043920542e-01 2.076267327038349431e-01 2.074724510600343408e-01 2.073404727852300455e-01 2.072306761194973035e-01 2.071429598578250486e-01 2.070772432068705149e-01 2.070334656709229837e-01 2.070115869667002451e-01 2.070115869667002451e-01
3.667945672101026733e-01 3.667945672101026733e-01 3.667853433766419258e-01 3.667647815682087975e-01 3.667273182893264205e-01 3.666596043840896213e-01 3.665263050344930162e-01 3.662136648246733239e-01 3.652026832864137540e-01 3.637080419384822738e-01 3.617651131909003226e-01 3.593806336302133864e-01 3.565689103528656423e-01 3.533625870315498796e-01 3.498122211740495313e-01 3.459806769683586025e-01 3.419359415350226028e-01 3.377446443021904776e-01 3.334674227708948613e-01 3.291563558273368217e-01 3.248541227503327633e-01 3.205943386059560418e-01 3.164025450976309384e-01 3.122974667551373096e-01 3.082922856338004003e-01 3.043958023989889461e-01 3.006134288559529355e-01 2.969480023981410088e-01 2.934004360494033015e-01 2.899702272789089208e-01 2.866558506813531304e-01 2.834550578121761699e-01 2.803651041858195025e-01 2.773829198674449548e-01 2.745052367733680221e-01 2.717286829570057516e-01 2.690498518343710788e-01 2.664653524549225327e-01 2.639718454793141267e-01 2.615660684103015554e-01 2.592448527684674819e-01 2.570051352528440192e-01 2.548439644312091579e-01 2.527585041289676648e-01 2.507460344005026376e-01 2.488039507507806281e-01 2.469297621110819740e-01 2.451210879483630145e-01 2.433756547933201564e-01 2.416912924004965546e-01 2.400659296992585789e-01 2.384975906530426293e-01 2.369843901128049768e-01 2.355245297267116455e-01 2.341162939500018858e-01 2.327580461852664928e-01 2.314482250730618140e-01 2.301853409450412558e-01 2.289679724460180477e-01 2.277947633271138750e-01 2.266644194090366715e-01 2.255757057123063125e-01 2.245274437496797559e-01 2.235185089749789078e-01 2.225478283818526637e-01 2.216143782456209688e-01 2.207171820011848140e-01 2.198553082499757061e-01 2.190278688890228143e-01 2.182340173554064844e-01 2.174729469796098380e-01 2.167438894415623929e-01 2.160461133234760911e-01 2.153789227538877027e-01 2.147416561376467858e-01 2.141336849669039366e-01 2.135544127084679500e-01 2.130032737632040485e-01 2.124797324934374343e-01 2.119832823146063083e-01 2.115134448476735374e-01 2.110697691290634170e-01 2.106518308751242907e-01 2.102592317983490999e-01 2.098915989727980769e-01 2.095485842463697956e-01 2.092298636977576176e-01 2.089351371361101439e-01 2.086641276415807378e-01 2.084165811451150763e-01 2.081922660459759322e-01 2.079909728656493817e-01 2.078125139369128016e-01 2.076567231269768887e-01 2.075234555937373604e-01 2.074125875742929559e-01 2.073240162049998780e-01 2.072576593724462235e-01 2.072134555948358658e-01 2.071913639333775592e-01 2.071913639333775592e-01
3.673657162615046046e-01 3.673657162615046046e-01 3.673657162615046046e-01 3.673657162615046046e-01 3.673657162615046046e-01 3.673657162615046046e-01 3.673657162615046046e-01 3.673657162615046046e-01 3.663109231366790675e-01 3.649416073474064937e-01 3.631934403997919558e-01 3.610188810895752498e-01 3.584013906899842228e-01 3.553554105976631239e-01 3.519220583118500834e-01 3.481617621796697648e-01 3.441453479510399038e-01 3.399455851697829045e-01 3.356306979054608508e-01 3.312603924196778071e-01 3.268841622783101863e-01 3.225412426308836289e-01 3.182615417403850677e-01 3.140670156667474400e-01 3.099731349385059231e-01 3.059902484793678434e-01 3.021247586898381798e-01 2.983800866594891743e-01 2.947574402550169337e-01 2.912564120897402353e-01 2.878754378042542861e-01 2.846121432029557474e-01 2.814636047790880502e-01 2.784265436894801105e-01 2.754974690869878562e-01 2.726727831776705746e-01 2.699488574923955553e-01 2.673220875922343032e-01 2.647889316688886163e-01 2.623459371563704456e-01 2.599897584492239511e-01 2.577171680514662722e-01 2.555250628997124407e-01 2.534104671673214071e-01 2.513705325283097647e-01 2.494025366132528176e-01 2.475038802040872565e-01 2.456720835753649079e-01 2.439047822846416302e-01 2.421997226357320565e-01 2.405547569791202378e-01 2.389678389690589877e-01 2.374370188632231593e-01 2.359604389254826018e-01 2.345363289733964351e-01 2.331630020978550100e-01 2.318388505717547954e-01 2.305623419567985055e-01 2.293320154118057841e-01 2.281464782017878778e-01 2.270044024041043274e-01 2.259045218059821392e-01 2.248456289863145219e-01 2.238265725738034229e-01 2.228462546730343441e-01 2.219036284498642764e-01 2.209976958675164693e-01 2.201275055649138668e-01 2.192921508690382493e-01 2.184907679334187058e-01 2.177225339952154060e-01 2.169866657437559410e-01 2.162824177937814341e-01 2.156090812570614357e-01 2.149659824064393265e-01 2.143524814267560585e-01 2.137679712474741811e-01 2.132118764521878651e-01 2.126836522605410340e-01 2.121827835784075855e-01 2.117087841124878633e-01 2.112611955457696922e-01 2.108395867705725457e-01 2.104435531761496003e-01 2.100727159880636796e-01 2.097267216567774428e-01 2.094052412931113605e-01 2.091079701484219178e-01 2.088346271375395302e-01 2.085849544026820990e-01 2.083587169167272768e-01 2.081557021243831962e-01 2.079757196199463198e-01 2.078186008604784585e-01 2.076841989133670630e-01 2.075723882373652629e-01 2.074830644963295834e-01 2.074161444049958947e-01 2.073715656062447010e-01 2.073492865794273887e-01 2.073492865794273887e-01
3.673657162615046046e-01 3.673657162615046046e-01 3.673657162615046046e-01 3.673657162615046046e-01 3.673657162615046046e-01 3.673657162615046046e-01 3.673657162615046046e-01 3.673657162615046046e-01 3.666585714710547950e-01 3.655825754923608395e-01 3.640983142216251967e-01 3.621674469955334930e-01 3.597687347778653622e-01 3.569073555757837357e-01 3.536167934579969030e-01 3.499542740646054972e-01 3.459921734539139204e-01 3.418084139280260780e-01 3.374783082561932379e-01 3.330690896628463737e-01 3.286372001767920992e-01 3.242277276979590450e-01 3.198751941030603674e-01 3.156050081985194988e-01 3.114351116696264521e-01 3.073775470042293678e-01 3.034398215513715025e-01 2.996260307766019371e-01 2.959377506981509254e-01 2.923747298493521440e-01 2.889354166313155559e-01 2.856173561415449313e-01 2.824174858335670724e-01 2.793323539454816706e-01 2.763582795805920589e-01 2.734914690241908031e-01 2.707280994062480350e-01 2.680643780972299939e-01 2.654965841319702480e-01 2.630210963685211123e-01 2.606344118932302223e-01 2.583331572874602022e-01 2.561140947021297021e-01 2.539741241870467348e-01 2.519102833498207961e-01 2.499197451416585447e-01 2.479998143603650840e-01 2.461479233064134409e-01 2.443616269126016316e-01 2.426385975816614804e-01 2.409766199018232857e-01 2.393735853622804277e-01 2.378274871546504077e-01 2.363364151198307783e-01 2.348985508798298039e-01 2.335121631794954689e-01 2.321756034522899081e-01 2.308873016164043890e-01 2.296457621018466178e-01 2.284495601051157176e-01 2.272973380652983377e-01 2.261878023535570104e-01 2.251197201668025949e-01 2.240919166156707387e-01 2.231032719966213884e-01 2.221527192379447457e-01 2.212392415096164355e-01 2.203618699872354758e-01 2.195196817606581419e-01 2.187117978783795214e-01 2.179373815191866792e-01 2.171956362830914644e-01 2.164858045940428466e-01 2.158071662073987040e-01 2.151590368156068855e-01 2.145407667460000611e-01 2.139517397450357017e-01 2.133913718437277229e-01 2.128591102994014661e-01 2.123544326092692835e-01 2.118768455916689164e-01 2.114258845311269008e-01 2.110011123837123304e-01 2.106021190394279929e-01 2.102285206386491356e-01 2.098799589398692433e-01 2.095561007362403971e-01 2.092566373186145467e-01 2.089812839829950086e-01 2.087297795804949896e-01 2.085018861080843444e-01 2.082973883385708380e-01 2.081160934884233038e-01 2.079578309221966070e-01 2.078224518924609021e-01 2.077098293142765617e-01 2.076198575733874396e-01 2.075524523674329991e-01 2.075075505796014630e-01 2.074851101842662970e-01 2.074851101842662970e-01
3.673657162615046046e-01 3.673657162615046046e-01 3.673657162615046046e-01 3.673657162615046046e-01 3.673657162615046046e-01 3.673657162615046046e-01 3.673657162615046046e-01 3.673657162615046046e-01 3.668104415993818646e-01 3.659303965678371573e-01 3.646610043581466343e-01 3.629477163196196954e-01 3.607553172212688564e-01 3.580762259581432017e-01 3.549339911784177293e-01 3.513803745425950198e-01 3.474871761023485273e-01 3.433357566213791623e-01 3.390073267829327164e-01 3.345759216437104167e-01 3.301045410288775406e-01 3.256439416565761746e-01 3.212331891554244256e-01 3.169011328918759363e-01 3.126682009148334385e-01 3.085481570971950194e-01 3.045496474277905041e-01 3.006774782891036835e-01 2.969336317785809531e-01 2.933180507993893293e-01 2.898292348500765558e-01 2.864646860244262072e-01 2.832212393753106294e-01 2.800953054571282408e-01 2.770830469048015665e-01 2.741805058444666265e-01 2.713836948550040207e-01 2.686886610225689975e-01 2.660915302035636310e-01 2.635885367815610780e-01 2.611760428349683139e-01 2.588505496135491413e-01 2.566087034659804700e-01 2.544472978004195252e-01 2.523632722451371602e-01 2.503537098689074258e-01 2.484158330930502090e-01 2.465469987581103972e-01 2.447446926828346914e-01 2.430065239601018612e-01 2.413302191654451145e-01 2.397136166026206106e-01 2.381546606727643345e-01 2.366513964256672931e-01 2.352019643310643005e-01 2.338045952927161331e-01 2.324576059170626596e-01 2.311593940403022240e-01 2.299084345121224782e-01 2.287032752303883032e-01 2.275425334184428272e-01 2.264248921349691634e-01 2.253490970053423081e-01 2.243139531628889904e-01 2.233183223883258572e-01 2.223611204357605897e-01 2.214413145339352851e-01 2.205579210518057443e-01 2.197100033180517109e-01 2.188966695846499833e-01 2.181170711252134187e-01 2.173704004593681183e-01 2.166558896950064872e-01 2.159728089808087559e-01 2.153204650619519045e-01 2.146981999324374113e-01 2.141053895779453931e-01 2.135414428035827816e-01 2.130058001413148716e-01 2.124979328322753880e-01 2.120173418795224252e-01 2.115635571671576898e-01 2.111361366420573538e-01 2.107346655547605863e-01 2.103587557563547650e-01 2.100080450484552719e-01 2.096821965836281609e-01 2.093808983138356061e-01 2.091038624846988103e-01 2.088508251735779198e-01 2.086215458696576153e-01 2.084158070944069352e-01 2.082334140609506945e-01 2.080741943710497088e-01 2.079379977485401598e-01 2.078246958082259899e-01 2.077341818593578526e-01 2.076663707429660943e-01 2.076211987024419725e-01 2.075986232868893278e-01 2.075986232868893278e-01
3.673657162615046046e-01 3.673657162615046046e-01 3.673657162615046046e-01 3.673657162615046046e-01 3.673657162615046046e-01 3.673657162615046046e-01 3.673657162615046046e-01 3.673657162615046046e-01 3.668897469766383423e-01 3.661310272810077149e-01 3.650133182602594561e-01 3.634683926384159602e-01 3.614464892612055391e-01 3.589260590257581929e-01 3.559191602215067696e-01 3.524701853873958290e-01 3.486483007670054812e-01 3.445363779180322661e-01 3.402199221008979091e-01 3.357785479467637058e-01 3.312809337979350510e-01 3.267828948154499757e-01 3.223276261874882254e-01 3.179471423391322937e-01 3.136641794285083273e-01 3.094941127498812006e-01 3.054466650041307019e-01 3.015273252309561558e-01 2.977384766786712045e-01 2.940802675259112653e-01 2.905512696646090354e-01 2.871489699388548034e-01 2.838701324012783966e-01 2.807110629882289543e-01 2.776678012285274666e-01 2.747362578276173473e-01 2.719123123322026991e-01 2.691918814803294646e-01 2.665709661046492540e-01 2.640456824028671878e-01 2.616122818612192091e-01 2.592671629854800819e-01 2.570068771588419620e-01 2.548281303303401857e-01 2.527277817838522456e-01 2.507028409033662530e-01 2.487504626037039812e-01 2.468679419140147602e-01 2.450527080671153213e-01 2.433023183486403007e-01 2.416144518868060531e-01 2.399869035096329206e-01 2.384175777567266452e-01 2.369044831035387599e-01 2.354457264346682122e-01 2.340395077872351737e-01 2.326841153741544821e-01 2.313779208891411643e-01 2.301193750896727286e-01 2.289070036502926508e-01 2.277394032760956810e-01 2.266152380646587194e-01 2.255332361037927225e-01 2.244921862921173406e-01 2.234909353694395917e-01 2.225283851441569039e-01 2.216034899053116458e-01 2.207152540074482083e-01 2.198627296170167778e-01 2.190450146096965256e-01 2.182612506086588633e-01 2.175106211544322876e-01 2.167923499976618928e-01 2.161056995066657493e-01 2.154499691822708007e-01 2.148244942729681251e-01 2.142286444839453519e-01 2.136618227740496589e-01 2.131234642351911013e-01 2.126130350491298449e-01 2.121300315169889483e-01 2.116739791572102014e-01 2.112444318680184729e-01 2.108409711507814588e-01 2.104632053909571143e-01 2.101107691935973076e-01 2.097833227706414616e-01 2.094805513774737060e-01 2.092021647964484032e-01 2.089478968652993263e-01 2.087175050485482464e-01 2.085107700502162875e-01 2.083274954663187351e-01 2.081675074757892707e-01 2.080306545686401165e-01 2.079168073103140335e-01 2.078258581413298112e-01 2.077577212114603278e-01 2.077123322478165446e-01 2.076896484563410250e-01 2.076896484563410250e-01
3.673657162615046046e-01 3.673657162615046046e-01 3.673657162615046046e-01 3.673657162615046046e-01 3.673657162615046046e-01 3.673657162615046046e-01 3.673657162615046046e-01 3.673657162615046046e-01 3.669347294314737051e-01 3.662500386078827996e-01 3.652323522903824227e-01 3.638059925049265675e-01 3.619107565124888293e-01 3.595135601554704796e-01 3.566160101197834997e-01 3.532549937883618374e-01 3.494960488782906105e-01 3.454220942938558969e-01 3.411213484491463221e-01 3.366775413191600008e-01 3.321637969447505667e-01 3.276400154181384194e-01 3.231527880281953036e-01 3.187367624204642813e-01 3.144166107402400212e-01 3.102090692079186307e-01 3.061247766729445208e-01 3.021698091655515839e-01 2.983469012149278510e-01 2.946563879918251971e-01 2.910969167180121331e-01 2.876659757037383081e-01 2.843602832348697818e-01 2.811760707137701543e-01 2.781092869827478942e-01 2.751557443896933686e-01 2.723112220462355348e-01 2.695715377719795636e-01 2.669325972198896002e-01 2.643904264362827994e-01 2.619411924473172282e-01 2.595812152385065796e-01 2.573069735927600021e-01 2.551151065908060511e-01 2.530024120921986475e-01 2.509658431585626848e-01 2.490025031188352611e-01 2.471096397837781455e-01 2.452846391754975597e-01 2.435250190336158138e-01 2.418284222831999231e-01 2.401926105933351596e-01 2.386154581140020325e-01 2.370949454487758790e-01 2.356291538989265799e-01 2.342162599986239990e-01 2.328545303495798136e-01 2.315423167554009898e-01 2.302780516503369623e-01 2.290602438133162999e-01 2.278874743557132709e-01 2.267583929698005762e-01 2.256717144240648620e-01 2.246262152912885668e-01 2.236207308953843675e-01 2.226541524633006697e-01 2.217254244688138809e-01 2.208335421556288092e-01 2.199775492278761846e-01 2.191565356967926925e-01 2.183696358730786435e-01 2.176160264951260692e-01 2.168949249839851601e-01 2.162055878166005696e-01 2.155473090094606192e-01 2.149194187053978522e-01 2.143212818568313582e-01 2.137522969992624033e-01 2.132118951093184278e-01 2.126995385420951401e-01 2.122147200429655434e-01 2.117569618294214140e-01 2.113258147388699104e-01 2.109208574386524926e-01 2.105416956948646390e-01 2.101879616968466702e-01 2.098593134344906297e-01 2.095554341257572228e-01 2.092760316920368457e-01 2.090208382792067554e-01 2.087896098224443497e-01 2.085821256530497603e-01 2.083981881457149521e-01 2.082376224048463342e-01 2.081002759887138898e-01 2.079860186703547109e-01 2.078947422343058460e-01 2.078263603083861655e-01 2.077808082298837344e-01 2.077580429456380717e-01 2.077580429456380717e-01
3.673657162615046046e-01 3.673657162615046046e-01 3.673657162615046046e-01 3.673657162615046046e-01 3.673657162615046046e-01 3.673657162615046046e-01 3.673657162615046046e-01 3.673657162615046046e-01 3.669598906980219843e-01 3.663179064568914400e-01 3.653604965378272618e-01 3.640086499584418989e-01 3.621960284898110838e-01 3.598818517185600752e-01 3.570601384611654106e-01 3.537618682958380001e-01 3.500492864842635332e-01 3.460047037487997690e-01 3.417178005015923947e-01 3.372749493402548149e-01 3.327522931695259811e-01 3.282125829004337025e-01 3.237048172051182893e-01 3.192655285062858117e-01 3.149207838167344953e-01 3.106883050186804995e-01 3.065793979829905536e-01 3.026005690803235115e-01 2.987548133387903926e-01 2.950426078844149425e-01 2.914626612141182904e-01 2.880124694392166562e-01 2.846887243353130592e-01 2.814876097638192021e-01 2.784050150639281740e-01 2.754366872148559797e-01 2.725783381169831765e-01 2.698257191255550858e-01 2.671746717830876805e-01 2.646211613193378831e-01 2.621612977299302427e-01 2.597913479517641733e-01 2.575077417050132822e-01 2.553070728769624154e-01 2.531860978144013785e-01 2.511417315189030108e-01 2.491710424664722867e-01 2.472712465730212139e-01 2.454397006804175663e-01 2.436738958302278324e-01 2.419714505133538918e-01 2.403301040259399890e-01 2.387477100196539470e-01 2.372222303036276847e-01 2.357517289329862653e-01 2.343343666027815908e-01 2.329683953546484720e-01 2.316521535954024491e-01 2.303840614212101512e-01 2.291626162372157882e-01 2.279863886601080913e-01 2.268540186896936817e-01 2.257642121348379938e-01 2.247157372789255481e-01 2.237074217701503220e-01 2.227381497223387130e-01 2.218068590125703843e-01 2.209125387625194004e-01 2.200542269911593130e-01 2.192310084272193205e-01 2.184420124705281629e-01 2.176864112921178818e-01 2.169634180636733911e-01 2.162722853075990104e-01 2.156123033596185901e-01 2.149827989364444802e-01 2.143831338016220500e-01 2.138127035231973672e-01 2.132709363173583006e-01 2.127572919726669898e-01 2.122712608499367215e-01 2.118123629532121521e-01 2.113801470676836824e-01 2.109741899607182336e-01 2.105940956425099986e-01 2.102394946831545597e-01 2.099100435832302602e-01 2.096054241952290398e-01 2.093253431934200548e-01 2.090695315899588902e-01 2.088377442952607799e-01 2.086297597208611743e-01 2.084453794231671264e-01 2.082844277866841565e-01 2.081467517454667349e-01 2.080322205417013126e-01 2.079407255204798188e-01 2.078721799599699549e-01 2.078265189363261156e-01 2.078036992228225466e-01 2.078036992228225466e-01
3.673657162615046046e-01 3.673657162615046046e-01 3.673657162615046046e-01 3.673657162615046046e-01 3.673657162615046046e-01 3.673657162615046046e-01 3.673657162615046046e-01 3.673657162615046046e-01 3.669713103700568690e-01 3.663489462601340896e-01 3.654198421558221277e-01 3.641038006419999862e-01 3.623317369592065074e-01 3.600591120423929925e-01 3.572760288650801419e-01 3.540102654951014505e-01 3.503221515803814357e-01 3.462934804674778766e-01 3.420145378938685976e-01 3.375729720905699116e-01 3.330464435453893701e-01 3.284991636242969304e-01 3.239813773840323208e-01 3.195305993876570994e-01 3.151736266338368564e-01 3.109286985366377376e-01 3.068074722995765002e-01 3.028166818635751878e-01 2.989594608886138039e-01 2.952363629994175231e-01 2.916461308687965381e-01 2.881862667008438517e-01 2.848534503098754667e-01 2.816438424906965166e-01 2.785533031542407612e-01 2.755775466786708483e-01 2.727122512954063271e-01 2.699531349789745516e-01 2.672960070228331819e-01 2.647368020348530027e-01 2.622716012779794936e-01 2.598966449532423839e-01 2.576083380492635855e-01 2.554032516706552514e-01 2.532781212372611224e-01 2.512298425655464795e-01 2.492554665649125145e-01 2.473521930777577704e-01 2.455173642427198877e-01 2.437484576510690892e-01 2.420430794860703727e-01 2.403989577764779617e-01 2.388139358525098177e-01 2.372859660614826949e-01 2.358131037777146666e-01 2.343935017250660113e-01 2.330254046189244865e-01 2.317071441263207909e-01 2.304371341372748183e-01 2.292138663367404017e-01 2.280359060641512225e-01 2.269018884461828089e-01 2.258105147876755814e-01 2.247605492054939869e-01 2.237508154902868307e-01 2.227801941815419351e-01 2.218476198419193357e-01 2.209520785175344004e-01 2.200926053716089625e-01 2.192682824796750030e-01 2.184782367752876875e-01 2.177216381359564079e-01 2.169976975997376101e-01 2.163056657036282471e-01 2.156448309355649962e-01 2.150145182924569909e-01 2.144140879372694597e-01 2.138429339487230851e-01 2.133004831576827687e-01 2.127861940647925165e-01 2.122995558343457323e-01 2.118400873598001721e-01 2.114073363967186314e-01 2.110008787592781154e-01 2.106203175768106839e-01 2.102652826071457481e-01 2.099354296038095369e-01 2.096304397343934367e-01 2.093500190476541012e-01 2.090938979871330705e-01 2.088618309492983327e-01 2.086535958844115135e-01 2.084689939385112323e-01 2.083078491350833783e-01 2.081700080951547627e-01 2.080553397947089711e-01 2.079637353584758153e-01 2.078951078892908033e-01 2.078493923323642412e-01 2.078265453739381596e-01 2.078265453739381596e-01
3.673657162615046046e-01 3.673657162615046046e-01 3.673657162615046046e-01 3.673657162615046046e-01 3.673657162615046046e-01 3.673657162615046046e-01 3.673657162615046046e-01 3.673657162615046046e-01 3.669713103700568690e-01 3.663489462601340896e-01 3.654198421558221277e-01 3.641038006419999862e-01 3.623317369592065074e-01 3.600591120423929925e-01 3.572760288650801419e-01 3.540102654951014505e-01 3.503221515803814357e-01 3.462934804674778766e-01 3.420145378938685976e-01 3.375729720905699116e-01 3.330464435453893701e-01 3.284991636242969304e-01 3.239813773840323208e-01 3.195305993876570994e-01 3.151736266338368564e-01 3.109286985366377376e-01 3.068074722995765002e-01 3.028166818635751878e-01 2.989594608886138039e-01 2.952363629994175231e-01 2.916461308687965381e-01 2.881862667008438517e-01 2.848534503098754667e-01 2.816438424906965166e-01 2.785533031542407612e-01 2.755775466786708483e-01 2.727122512954063271e-01 2.699531349789745516e-01 2.672960070228331819e-01 2.647368020348530027e-01 2.622716012779794936e-01 2.598966449532423839e-01 2.576083380492635855e-01 2.554032516706552514e-01 2.532781212372611224e-01 2.512298425655464795e-01 2.492554665649125145e-01 2.473521930777577704e-01 2.455173642427198877e-01 2.437484576510690892e-01 2.420430794860703727e-01 2.403989577764779617e-01 2.388139358525098177e-01 2.372859660614826949e-01 2.358131037777146666e-01 2.343935017250660113e-01 2.330254046189244865e-01 2.317071441263207909e-01 2.304371341372748183e-01 2.292138663367404017e-01 2.280359060641512225e-01 2.269018884461828089e-01 2.258105147876755814e-01 2.247605492054939869e-01 2.237508154902868307e-01 2.227801941815419351e-01 2.218476198419193357e-01 2.209520785175344004e-01 2.200926053716089625e-01 2.192682824796750030e-01 2.184782367752876875e-01 2.177216381359564079e-01 2.169976975997376101e-01 2.163056657036282471e-01 2.156448309355649962e-01 2.150145182924569909e-01 2.144140879372694597e-01 2.138429339487230851e-01 2.133004831576827687e-01 2.127861940647925165e-01 2.122995558343457323e-01 2.118400873598001721e-01 2.114073363967186314e-01 2.110008787592781154e-01 2.106203175768106839e-01 2.102652826071457481e-01 2.099354296038095369e-01 2.096304397343934367e-01 2.093500190476541012e-01 2.090938979871330705e-01 2.088618309492983327e-01 2.086535958844115135e-01 2.084689939385112323e-01 2.083078491350833783e-01 2.081700080951547627e-01 2.080553397947089711e-01 2.079637353584758153e-01 2.078951078892908033e-01 2.078493923323642412e-01 2.078265453739381596e-01 2.078265453739381596e-01
