1.000000000000000036e-10 1.000000000000000036e-10 1.000000000000000036e-10 1.000000000000000036e-10 1.000000000000000036e-10 1.000000000000000036e-10 1.000000000000000036e-10 1.000000000000000036e-10 1.000000000000000036e-10 1.000000000000000036e-10 1.000000000000000036e-10 1.000000000000000036e-10 2.465015039847553282e+23 1.374101825552131083e+23 1.124423819265821502e+23 1.044895361684136431e+23 1.016596412231285243e+23 1.006101662604728132e+23 1.002136764595889001e+23 1.000616371413239988e+23 1.000018802024395215e+23 9.997713634611279220e+22 9.996576966719947827e+22 9.995959457460580568e+22 9.995551125948855013e+22 9.995234350465574293e+22 9.994964238735697039e+22 9.994723376306191755e+22 9.994504720360761459e+22 9.994305140743487881e+22 9.994122986017095103e+22 9.993957169381647581e+22 9.993806827361688093e+22 9.993671193584438608e+22 9.993549552805571094e+22 9.993441224505227529e+22 9.993345557120927400e+22 9.993261925921815580e+22 9.993189732000172134e+22 9.993128401509874349e+22 9.993077384886385377e+22 9.993036155991840994e+22 9.993004211196074236e+22 9.992981068419983580e+22 9.992966266167277860e+22 9.992959362565056076e+22 9.992959934427497811e+22 9.992967576353480534e+22 9.992981899863581419e+22 9.993002532580317410e+22 9.993029117453262651e+22 9.993061312028649036e+22 9.993098787763090830e+22 9.993141229379257369e+22 9.993188334262257346e+22 9.993239811893748354e+22 9.993295383322137566e+22 9.993354780665811724e+22 9.993417746647767371e+22 9.993484034158956957e+22 9.993553405848127852e+22 9.993625633736449694e+22 9.993700498854775882e+22 9.993777790901697066e+22 9.993857307920859922e+22 9.993938855996229157e+22 9.994022248962974129e+22 9.994107308134075728e+22 9.994193862040022837e+22 9.994281746181444023e+22 9.994370802793406110e+22 9.994460880620270649e+22 9.994551834700383519e+22 9.994643526160008767e+22 9.994735822015421219e+22 9.994828594982889403e+22 9.994921723295766990e+22 9.995015090527951179e+22 9.995108585424035198e+22 9.995202101734468800e+22 9.995295538056288797e+22 9.995388797678958254e+22 9.995481788434361405e+22 9.995574422551368670e+22 9.995666616514285614e+22 9.995758290924986171e+22 9.995849370368835846e+22 9.995939783283391542e+22 9.996029461830869556e+22 9.996118341773017743e+22 9.996206362349242470e+22 9.996293466157025644e+22 9.996379599035145231e+22 9.996464709949216050e+22 9.996548750879624685e+22 9.996631676711670592e+22 9.996713445127881543e+22 9.996794016502516810e+22 9.996873353797974570e+22 9.996951422463276325e+22 9.997028190334505871e+22 9.997103627537078655e+22 9.997177706389930456e+22 9.997250401311465983e+22 9.997321688727460354e+22 9.997391546980564468e+22 9.997459956241756534e+22 9.997526898423400864e+22 9.997592357094173966e+22 9.997656317395691844e+22 9.997718765960811669e+22 9.997779690833679955e+22 9.997839081391691661e+22 9.997896928269056554e+22 9.997953223281905710e+22 9.998007959355533767e+22 9.998061130453157832e+22 9.998112731506515168e+22 9.998162758348210753e+22 9.998211207645851602e+22 9.998258076837924255e+22 9.998303364071697259e+22 9.998347068142725890e+22 9.998389188436115115e+22 9.998429724870138082e+22 9.998468677840956870e+22 9.998506048169999073e+22 9.998541837052560802e+22 9.998576046008823919e+22 9.998608676836502353e+22 9.998639731565543608e+22 9.998669212414786509e+22 9.998697121750496313e+22 9.998723462046946637e+22 9.998748235849075052e+22 9.998771445736841570e+22 9.998793094292039952e+22 9.998813184066821974e+22 9.998831717554337297e+22 1.000000000000000036e-10 1.000000000000000036e-10 1.000000000000000036e-10 1.000000000000000036e-10 1.000000000000000036e-10 1.000000000000000036e-10 1.000000000000000036e-10 1.000000000000000036e-10 1.000000000000000036e-10 1.000000000000000036e-10 1.000000000000000036e-10 1.000000000000000036e-10
1.000000000000000036e-10 1.000000000000000036e-10 1.000000000000000036e-10 1.000000000000000036e-10 1.000000000000000036e-10 1.000000000000000036e-10 1.000000000000000036e-10 1.000000000000000036e-10 1.000000000000000036e-10 1.000000000000000036e-10 1.000000000000000036e-10 1.000000000000000036e-10 2.465015039847553282e+23 1.374101825552131083e+23 1.124423819265821502e+23 1.044895361684136431e+23 1.016596412231285243e+23 1.006101662604728132e+23 1.002136764595889001e+23 1.000616371413239988e+23 1.000018802024395215e+23 9.997713634611279220e+22 9.996576966719947827e+22 9.995959457460580568e+22 9.995551125948855013e+22 9.995234350465574293e+22 9.994964238735697039e+22 9.994723376306191755e+22 9.994504720360761459e+22 9.994305140743487881e+22 9.994122986017095103e+22 9.993957169381647581e+22 9.993806827361688093e+22 9.993671193584438608e+22 9.993549552805571094e+22 9.993441224505227529e+22 9.993345557120927400e+22 9.993261925921815580e+22 9.993189732000172134e+22 9.993128401509874349e+22 9.993077384886385377e+22 9.993036155991840994e+22 9.993004211196074236e+22 9.992981068419983580e+22 9.992966266167277860e+22 9.992959362565056076e+22 9.992959934427497811e+22 9.992967576353480534e+22 9.992981899863581419e+22 9.993002532580317410e+22 9.993029117453262651e+22 9.993061312028649036e+22 9.993098787763090830e+22 9.993141229379257369e+22 9.993188334262257346e+22 9.993239811893748354e+22 9.993295383322137566e+22 9.993354780665811724e+22 9.993417746647767371e+22 9.993484034158956957e+22 9.993553405848127852e+22 9.993625633736449694e+22 9.993700498854775882e+22 9.993777790901697066e+22 9.993857307920859922e+22 9.993938855996229157e+22 9.994022248962974129e+22 9.994107308134075728e+22 9.994193862040022837e+22 9.994281746181444023e+22 9.994370802793406110e+22 9.994460880620270649e+22 9.994551834700383519e+22 9.994643526160008767e+22 9.994735822015421219e+22 9.994828594982889403e+22 9.994921723295766990e+22 9.995015090527951179e+22 9.995108585424035198e+22 9.995202101734468800e+22 9.995295538056288797e+22 9.995388797678958254e+22 9.995481788434361405e+22 9.995574422551368670e+22 9.995666616514285614e+22 9.995758290924986171e+22 9.995849370368835846e+22 9.995939783283391542e+22 9.996029461830869556e+22 9.996118341773017743e+22 9.996206362349242470e+22 9.996293466157025644e+22 9.996379599035145231e+22 9.996464709949216050e+22 9.996548750879624685e+22 9.996631676711670592e+22 9.996713445127881543e+22 9.996794016502516810e+22 9.996873353797974570e+22 9.996951422463276325e+22 9.997028190334505871e+22 9.997103627537078655e+22 9.997177706389930456e+22 9.997250401311465983e+22 9.997321688727460354e+22 9.997391546980564468e+22 9.997459956241756534e+22 9.997526898423400864e+22 9.997592357094173966e+22 9.997656317395691844e+22 9.997718765960811669e+22 9.997779690833679955e+22 9.997839081391691661e+22 9.997896928269056554e+22 9.997953223281905710e+22 9.998007959355533767e+22 9.998061130453157832e+22 9.998112731506515168e+22 9.998162758348210753e+22 9.998211207645851602e+22 9.998258076837924255e+22 9.998303364071697259e+22 9.998347068142725890e+22 9.998389188436115115e+22 9.998429724870138082e+22 9.998468677840956870e+22 9.998506048169999073e+22 9.998541837052560802e+22 9.998576046008823919e+22 9.998608676836502353e+22 9.998639731565543608e+22 9.998669212414786509e+22 9.998697121750496313e+22 9.998723462046946637e+22 9.998748235849075052e+22 9.998771445736841570e+22 9.998793094292039952e+22 9.998813184066821974e+22 9.998831717554337297e+22 1.000000000000000036e-10 1.000000000000000036e-10 1.000000000000000036e-10 1.000000000000000036e-10 1.000000000000000036e-10 1.000000000000000036e-10 1.000000000000000036e-10 1.000000000000000036e-10 1.000000000000000036e-10 1.000000000000000036e-10 1.000000000000000036e-10 1.000000000000000036e-10
1.000000000000000036e-10 1.000000000000000036e-10 1.000000000000000036e-10 1.000000000000000036e-10 1.000000000000000036e-10 1.000000000000000036e-10 1.000000000000000036e-10 1.000000000000000036e-10 1.000000000000000036e-10 1.000000000000000036e-10 1.000000000000000036e-10 1.000000000000000036e-10 2.465053047559310929e+23 1.374126757114693026e+23 1.124437135648879081e+23 1.044901009731723471e+23 1.016597784613729568e+23 1.006100917005597100e+23 1.002135049491317113e+23 1.000614231593425431e+23 1.000016479693515606e+23 9.997689656688959816e+22 9.996552741881866145e+22 9.995935261847639084e+22 9.995527132268196581e+22 9.995210675762409505e+22 9.994940963399727369e+22 9.994700553572360756e+22 9.994482382658499877e+22 9.994283304698193012e+22 9.994101656535322486e+22 9.993936342935313108e+22 9.993786494558916313e+22 9.993651341132082604e+22 9.993530164975562968e+22 9.993422284210429126e+22 9.993327046690309826e+22 9.993243827649032225e+22 9.993172028522351297e+22 9.993111076061379664e+22 9.993060421461041427e+22 9.993019539438556729e+22 9.992987927266587574e+22 9.992965103782759655e+22 9.992950608397925876e+22 9.992944000120321265e+22 9.992944856608994125e+22 9.992952773264440662e+22 9.992967362362216127e+22 9.992988252231505543e+22 9.993015086479912311e+22 9.993047523264067063e+22 9.993085234604691109e+22 9.993127905744559224e+22 9.993175234546665678e+22 9.993226930931110406e+22 9.993282716347437102e+22 9.993342323280339534e+22 9.993405494786798282e+22 9.993471984061362943e+22 9.993541554028440610e+22 9.993613976958832476e+22 9.993689034108777057e+22 9.993766515380146143e+22 9.993846218999181240e+22 9.993927951213349411e+22 9.994011526003852260e+22 9.994096764813353524e+22 9.994183496287116696e+22 9.994271556026851394e+22 9.994360786355894406e+22 9.994451036095213732e+22 9.994542160349076285e+22 9.994634020299696452e+22 9.994726483010306808e+22 9.994819421235818843e+22 9.994912713240441206e+22 9.995006242622240352e+22 9.995099898143328279e+22 9.995193573565912213e+22 9.995287167493597246e+22 9.995380583217450346e+22 9.995473728566743532e+22 9.995566515763678282e+22 9.995658861282310960e+22 9.995750685711170902e+22 9.995841913619274216e+22 9.995932473425457788e+22 9.996022297270830498e+22 9.996111320894138640e+22 9.996199483509983465e+22 9.996286727689568728e+22 9.996372999244192992e+22 9.996458247110792105e+22 9.996542423240327089e+22 9.996625482487859826e+22 9.996707382505254368e+22 9.996788083635579467e+22 9.996867548809822994e+22 9.996945743445567629e+22 9.997022635347287212e+22 9.997098194608970111e+22 9.997172393518281051e+22 9.997245206462620448e+22 9.997316609837180230e+22 9.997386581954420697e+22 9.997455102955582443e+22 9.997522154723921311e+22 9.997587720799558985e+22 9.997651786296160630e+22 9.997714337819426134e+22 9.997775363387012468e+22 9.997834852350605184e+22 9.997892795319392508e+22 9.997949184085406725e+22 9.998004011550555033e+22 9.998057271655554613e+22 9.998108959310454823e+22 9.998159070326937774e+22 9.998207601352595263e+22 9.998254549806824712e+22 9.998299913818426311e+22 9.998343692165392944e+22 9.998385884216228525e+22 9.998426489873163826e+22 9.998465509517301698e+22 9.998502943955684950e+22 9.998538794370025180e+22 9.998573062267706592e+22 9.998605749434279631e+22 9.998636857888367182e+22 9.998666389838045485e+22 9.998694347639602387e+22 9.998720733757922974e+22 9.998745550729229055e+22 9.998768801125394022e+22 9.998790487520732355e+22 9.998810612460490326e+22 9.998829178431433867e+22 1.000000000000000036e-10 1.000000000000000036e-10 1.000000000000000036e-10 1.000000000000000036e-10 1.000000000000000036e-10 1.000000000000000036e-10 1.000000000000000036e-10 1.000000000000000036e-10 1.000000000000000036e-10 1.000000000000000036e-10 1.000000000000000036e-10 1.000000000000000036e-10
1.000000000000000036e-10 1.000000000000000036e-10 1.000000000000000036e-10 1.000000000000000036e-10 1.000000000000000036e-10 1.000000000000000036e-10 1.000000000000000036e-10 1.000000000000000036e-10 1.000000000000000036e-10 1.000000000000000036e-10 1.000000000000000036e-10 1.000000000000000036e-10 2.465131387066349278e+23 1.374177438554502180e+23 1.124463521780493934e+23 1.044911634186000589e+23 1.016599856686115125e+23 1.006098916918609094e+23 1.002131284920102143e+23 1.000609748205204312e+23 1.000011714805583630e+23 9.997640991792765390e+22 9.996503865604049574e+22 9.995886606943090482e+22 9.995478978570591037e+22 9.995163221111496665e+22 9.994894347701859018e+22 9.994654870521084117e+22 9.994437688781079105e+22 9.994239627527972297e+22 9.994059001828318013e+22 9.993894700704524665e+22 9.993745843888452115e+22 9.993611653884405613e+22 9.993491408571359822e+22 9.993384423668637395e+22 9.993290046096511966e+22 9.993207651190648393e+22 9.993136641200765062e+22 9.993076444165473252e+22 9.993026512866060009e+22 9.992986323778499353e+22 9.992955376015957505e+22 9.992933190274140183e+22 9.992919307794901893e+22 9.992913289360305868e+22 9.992914714326236293e+22 9.992923179701020446e+22 9.992938299272486663e+22 9.992959702783845676e+22 9.992987035158527869e+22 9.993019955773035250e+22 9.993058137775018082e+22 9.993101267445499088e+22 9.993149043601683408e+22 9.993201177038401464e+22 9.993257390005557395e+22 9.993317415718729286e+22 9.993380997900803873e+22 9.993447890351897654e+22 9.993517856546007443e+22 9.993590669251607056e+22 9.993666110174440246e+22 9.993743969621441197e+22 9.993824046182779427e+22 9.993906146431836199e+22 9.993990084640694809e+22 9.994075682510559248e+22 9.994162768915358076e+22 9.994251179657971473e+22 9.994340757237605073e+22 9.994431350627805587e+22 9.994522815063927030e+22 9.994615011839633156e+22 9.994707808111457993e+22 9.994801076710966454e+22 9.994894695964021778e+22 9.994988549516101157e+22 9.995082526164255139e+22 9.995176519693920685e+22 9.995270428721393172e+22 9.995364156540729269e+22 9.995457610975587336e+22 9.995550704234564210e+22 9.995643352771132287e+22 9.995735477146782741e+22 9.995827001897780878e+22 9.995917855405218202e+22 9.996007969767800858e+22 9.996097280678104243e+22 9.996185727301006970e+22 9.996273252155092736e+22 9.996359800996372467e+22 9.996445322704553247e+22 9.996529769171402726e+22 9.996613095191573063e+22 9.996695258355288821e+22 9.996776218943286359e+22 9.996855939823670867e+22 9.996934386350900747e+22 9.997011526266283622e+22 9.997087329600824515e+22 9.997161768579604100e+22 9.997234817528004136e+22 9.997306452779872341e+22 9.997376652587198893e+22 9.997445397031794455e+22 9.997512667938504992e+22 9.997578448790355968e+22 9.997642724645162870e+22 9.997705482054099639e+22 9.997766708981869314e+22 9.997826394728637976e+22 9.997884529853627944e+22 9.997941106100455814e+22 9.997996116324371346e+22 9.998049554420949267e+22 9.998101415256782589e+22 9.998151694601816742e+22 9.998200389063576178e+22 9.998247496022988161e+22 9.998293013572105745e+22 9.998336940453847368e+22 9.998379276003201096e+22 9.998420020090537771e+22 9.998459173066682401e+22 9.998496735709935069e+22 9.998532709174796406e+22 9.998567094942969731e+22 9.998599894775775835e+22 9.998631110669010521e+22 9.998660744809375859e+22 9.998688799533006900e+22 9.998715277286166023e+22 9.998740180587519358e+22 9.998763511992787193e+22 9.998785274061306986e+22 9.998805469324389856e+22 9.998824100256255731e+22 1.000000000000000036e-10 1.000000000000000036e-10 1.000000000000000036e-10 1.000000000000000036e-10 1.000000000000000036e-10 1.000000000000000036e-10 1.000000000000000036e-10 1.000000000000000036e-10 1.000000000000000036e-10 1.000000000000000036e-10 1.000000000000000036e-10 1.000000000000000036e-10
1.000000000000000036e-10 1.000000000000000036e-10 1.000000000000000036e-10 1.000000000000000036e-10 1.000000000000000036e-10 1.000000000000000036e-10 1.000000000000000036e-10 1.000000000000000036e-10 1.000000000000000036e-10 1.000000000000000036e-10 1.000000000000000036e-10 1.000000000000000036e-10 2.465254073503580747e+23 1.374254092934171203e+23 1.124500906786490816e+23 1.044924618631783907e+23 1.016600451614841630e+23 1.006094178254860415e+23 1.002124569229775014e+23 1.000602407828981474e+23 1.000004222669022078e+23 9.997566053852017118e+22 9.996429429958741747e+22 9.995812953889184311e+22 9.995406335430585483e+22 9.995091783151420808e+22 9.994824268781024235e+22 9.994586258102813511e+22 9.994370606650344709e+22 9.994174102822884003e+22 9.993995033244960660e+22 9.993832266132264006e+22 9.993684906789467849e+22 9.993552168307834172e+22 9.993433322943918427e+22 9.993327683581624975e+22 9.993234596307070983e+22 9.993153437025735960e+22 9.993083609514390428e+22 9.993024543966412302e+22 9.992975695704908995e+22 9.992936543960926729e+22 9.992906590691644985e+22 9.992885359438447038e+22 9.992872394229909815e+22 9.992867258535779710e+22 9.992869534274407314e+22 9.992878820876135852e+22 9.992894734402205411e+22 9.992916906718448216e+22 9.992944984721248276e+22 9.992978629614136354e+22 9.993017516231612799e+22 9.993061332407607833e+22 9.993109778385801000e+22 9.993162566268350366e+22 9.993219419500786693e+22 9.993280072390134884e+22 9.993344269653502853e+22 9.993411765995042347e+22 9.993482325708922841e+22 9.993555722306194506e+22 9.993631738163308895e+22 9.993710164191386324e+22 9.993790799523409717e+22 9.993873451218724140e+22 9.993957933983097212e+22 9.994044069903041823e+22 9.994131688193277087e+22 9.994220624956418215e+22 9.994310722953534662e+22 9.994401831385274568e+22 9.994493805682146201e+22 9.994586507303391016e+22 9.994679803544208409e+22 9.994773567350042001e+22 9.994867677137776463e+22 9.994962016623353292e+22 9.995056474655085822e+22 9.995150945052416750e+22 9.995245326449728972e+22 9.995339522145075488e+22 9.995433439952781496e+22 9.995526992060589749e+22 9.995620094890354305e+22 9.995712668962520878e+22 9.995804638763769712e+22 9.995895932617955161e+22 9.995986482559935998e+22 9.996076224212494398e+22 9.996165096665622197e+22 9.996253042358501560e+22 9.996340006964055926e+22 9.996425939275638374e+22 9.996510791096157707e+22 9.996594517129207742e+22 9.996677074872365901e+22 9.996758424512578873e+22 9.996838528823517931e+22 9.996917353064529763e+22 9.996994864882103878e+22 9.997071034212589922e+22 9.997145833186924901e+22 9.997219236037330049e+22 9.997291219005416984e+22 9.997361760252397722e+22 9.997430839770705664e+22 9.997498439297509045e+22 9.997564542229945726e+22 9.997629133541941759e+22 9.997692199702838536e+22 9.997753728597712752e+22 9.997813709449273436e+22 9.997872132741725264e+22 9.997928990146059620e+22 9.997984274447278381e+22 9.998037979473209878e+22 9.998090100025187107e+22 9.998140631810450653e+22 9.998189571376220943e+22 9.998236916045738462e+22 9.998282663855865935e+22 9.998326813496772552e+22 9.998369364253071114e+22 9.998410315947355983e+22 9.998449668884878538e+22 9.998487423800792895e+22 9.998523581808747164e+22 9.998558144351823515e+22 9.998591113154968053e+22 9.998622490179678922e+22 9.998652277580434191e+22 9.998680477663299109e+22 9.998707092846345296e+22 9.998732125621987574e+22 9.998755578521642756e+22 9.998777454082012479e+22 9.998797754813740011e+22 9.998816483171929319e+22 1.000000000000000036e-10 1.000000000000000036e-10 1.000000000000000036e-10 1.000000000000000036e-10 1.000000000000000036e-10 1.000000000000000036e-10 1.000000000000000036e-10 1.000000000000000036e-10 1.000000000000000036e-10 1.000000000000000036e-10 1.000000000000000036e-10 1.000000000000000036e-10
1.000000000000000036e-10 1.000000000000000036e-10 1.000000000000000036e-10 1.000000000000000036e-10 1.000000000000000036e-10 1.000000000000000036e-10 1.000000000000000036e-10 1.000000000000000036e-10 1.000000000000000036e-10 1.000000000000000036e-10 1.000000000000000036e-10 1.000000000000000036e-10 2.465422837567141330e+23 1.374350327561850559e+23 1.124539678698463423e+23 1.044931269629333744e+23 1.016593419852673272e+23 1.006082960345229720e+23 1.002112836395015487e+23 1.000591132612377256e+23 9.999934538714196633e+22 9.997462020531683328e+22 9.996327935973367008e+22 9.995713468542749560e+22 9.995308718774832805e+22 9.994996075496384915e+22 9.994730560509005372e+22 9.994494627927335056e+22 9.994281100105874827e+22 9.994086730117175837e+22 9.993909774697121815e+22 9.993749079514130730e+22 9.993603734210689263e+22 9.993472941879717790e+22 9.993355969139399092e+22 9.993252126456939964e+22 9.993160759809878786e+22 9.993081246600924024e+22 9.993012993183053146e+22 9.992955433016518666e+22 9.992908025098911770e+22 9.992870252539614016e+22 9.992841621233447679e+22 9.992821658617760868e+22 9.992809912506686164e+22 9.992805949999625011e+22 9.992809356460647724e+22 9.992819734566159988e+22 9.992836703416633157e+22 9.992859897709752589e+22 9.992888966969813264e+22 9.992923574830987058e+22 9.992963398369342915e+22 9.993008127480952363e+22 9.993057464302261869e+22 9.993111122669141701e+22 9.993168827612098095e+22 9.993230314884258018e+22 9.993295330519774396e+22 9.993363630419912058e+22 9.993434979964621632e+22 9.993509153647789448e+22 9.993585934733351584e+22 9.993665114931693250e+22 9.993746494093744774e+22 9.993829879921522613e+22 9.993915087693987971e+22 9.994001940006902641e+22 9.994090266525193942e+22 9.994179903747249930e+22 9.994270694779879896e+22 9.994362489123247227e+22 9.994455142465018003e+22 9.994548516482634796e+22 9.994642478653646884e+22 9.994736902072999661e+22 9.994831665276972853e+22 9.994926652073349795e+22 9.995021751377119832e+22 9.995116857051374944e+22 9.995211867753303297e+22 9.995306686784610291e+22 9.995401221946154051e+22 9.995495385396513499e+22 9.995589093514413500e+22 9.995682266764493718e+22 9.995774829566364117e+22 9.995866710166765935e+22 9.995957840514594845e+22 9.996048156138813155e+22 9.996137596028787989e+22 9.996226102517297054e+22 9.996313621165750668e+22 9.996400100651873337e+22 9.996485492659447241e+22 9.996569751770181403e+22 9.996652835357726658e+22 9.996734703483512632e+22 9.996815318794639927e+22 9.996894646423594310e+22 9.996972653889819823e+22 9.997049311003075307e+22 9.997124589768560922e+22 9.997198464293811310e+22 9.997270910697296678e+22 9.997341907018780456e+22 9.997411433131222132e+22 9.997479470654643031e+22 9.997546002871399691e+22 9.997611014643337973e+22 9.997674492330418530e+22 9.997736423711253201e+22 9.997796797905206719e+22 9.997855605296184531e+22 9.997912837457999351e+22 9.997968487081917075e+22 9.998022547905195907e+22 9.998075014642021276e+22 9.998125882915813117e+22 9.998175149193269608e+22 9.998222810720506374e+22 9.998268865460663694e+22 9.998313312033305526e+22 9.998356149656001236e+22 9.998397378087172335e+22 9.998436997571407145e+22 9.998475008786147836e+22 9.998511412790449458e+22 9.998546210975763975e+22 9.998579405018378535e+22 9.998610996833999546e+22 9.998640988534103396e+22 9.998669382384505114e+22 9.998696180765581273e+22 9.998721386134697411e+22 9.998745000990734287e+22 9.998767027840276759e+22 9.998787469166186699e+22 9.998806327398122075e+22 1.000000000000000036e-10 1.000000000000000036e-10 1.000000000000000036e-10 1.000000000000000036e-10 1.000000000000000036e-10 1.000000000000000036e-10 1.000000000000000036e-10 1.000000000000000036e-10 1.000000000000000036e-10 1.000000000000000036e-10 1.000000000000000036e-10 1.000000000000000036e-10
1.000000000000000036e-10 1.000000000000000036e-10 1.000000000000000036e-10 1.000000000000000036e-10 1.000000000000000036e-10 1.000000000000000036e-10 1.000000000000000036e-10 1.000000000000000036e-10 1.000000000000000036e-10 1.000000000000000036e-10 1.000000000000000036e-10 1.000000000000000036e-10 2.465616624624714216e+23 1.374429602253982956e+23 1.124543920530163499e+23 1.044904996962877445e+23 1.016562370179885286e+23 1.006056344551520721e+23 1.002091625032913519e+23 1.000573803171088370e+23 9.999784235130188045e+22 9.997324279821840364e+22 9.996197145704147609e+22 9.995587004482857835e+22 9.995185509149903841e+22 9.994875753862416197e+22 9.994613035838924757e+22 9.994379890142870923e+22 9.994169142631853353e+22 9.993977525228204039e+22 9.993803270362563294e+22 9.993645203693182019e+22 9.993502400792307853e+22 9.993374056138124820e+22 9.993259432105742015e+22 9.993157838189834640e+22 9.993068621733633301e+22 9.992991163111400119e+22 9.992924872700173117e+22 9.992869188628295713e+22 9.992823574908594081e+22 9.992787519800650760e+22 9.992760534335084089e+22 9.992742150967733623e+22 9.992731922345437535e+22 9.992729420170600959e+22 9.992734234155109738e+22 9.992745971055169058e+22 9.992764253779735347e+22 9.992788720566372454e+22 9.992819024218384918e+22 9.992854831397792540e+22 9.992895821969846226e+22 9.992941688393870764e+22 9.992992135156991839e+22 9.993046878246917059e+22 9.993105644660148771e+22 9.993168171942764819e+22 9.993234207761111397e+22 9.993303509499483731e+22 9.993375843882621941e+22 9.993450986621191691e+22 9.993528722077602179e+22 9.993608842951346094e+22 9.993691149981308053e+22 9.993775451664236203e+22 9.993861563987826783e+22 9.993949310177010673e+22 9.994038520452821182e+22 9.994129031802232452e+22 9.994220687758555768e+22 9.994313338191274731e+22 9.994406839104711950e+22 9.994501052444785718e+22 9.994595845912938938e+22 9.994691092787319171e+22 9.994786671750193086e+22 9.994882466721009815e+22 9.994978366695222228e+22 9.995074265587988719e+22 9.995170062082500461e+22 9.995265659482882127e+22 9.995360965571036945e+22 9.995455892467316949e+22 9.995550356494704706e+22 9.995644278046491410e+22 9.995737581456904421e+22 9.995830194874930849e+22 9.995922050140733230e+22 9.996013082664731096e+22 9.996103231309474274e+22 9.996192438273598240e+22 9.996280648978173578e+22 9.996367811955441166e+22 9.996453878739392843e+22 9.996538803758658958e+22 9.996622544231080342e+22 9.996705060060488165e+22 9.996786313735158156e+22 9.996866270228278097e+22 9.996944896899879954e+22 9.997022163400953063e+22 9.997098041578859214e+22 9.997172505384831471e+22 9.997245530782877247e+22 9.997317095660399362e+22 9.997387179740674340e+22 9.997455764496773546e+22 9.997522833067167082e+22 9.997588370173154715e+22 9.997652362037637310e+22 9.997714796305782407e+22 9.997775661967303770e+22 9.997834949280427042e+22 9.997892649697298245e+22 9.997948755791529692e+22 9.998003261186963931e+22 9.998056160488481148e+22 9.998107449214388666e+22 9.998157123730612316e+22 9.998205181186547070e+22 9.998251619452808541e+22 9.998296437060682331e+22 9.998339633143381964e+22 9.998381207379273109e+22 9.998421159936607755e+22 9.998459491420602158e+22 9.998496202821820062e+22 9.998531295467082560e+22 9.998564770971594313e+22 9.998596631193638352e+22 9.998626878190858011e+22 9.998655514178473270e+22 9.998682541489704980e+22 9.998707962538021093e+22 9.998731779781370996e+22 9.998753995688647852e+22 9.998774612707852157e+22 9.998793633236681281e+22 1.000000000000000036e-10 1.000000000000000036e-10 1.000000000000000036e-10 1.000000000000000036e-10 1.000000000000000036e-10 1.000000000000000036e-10 1.000000000000000036e-10 1.000000000000000036e-10 1.000000000000000036e-10 1.000000000000000036e-10 1.000000000000000036e-10 1.000000000000000036e-10
1.000000000000000036e-10 1.000000000000000036e-10 1.000000000000000036e-10 1.000000000000000036e-10 1.000000000000000036e-10 1.000000000000000036e-10 1.000000000000000036e-10 1.000000000000000036e-10 1.000000000000000036e-10 1.000000000000000036e-10 1.000000000000000036e-10 1.000000000000000036e-10 2.465690776257680323e+23 1.374335079912071506e+23 1.124391960693642342e+23 1.044769432565305259e+23 1.016466042930894607e+23 1.005994286173430407e+23 1.002051883695278234e+23 1.000546515427415388e+23 9.999574815891171731e+22 9.997145812341963830e+22 9.996033967871325163e+22 9.995432120861888558e+22 9.995035993869792995e+22 9.994730454951255238e+22 9.994471517489888598e+22 9.994241976568452743e+22 9.994034734536974349e+22 9.993846532939971769e+22 9.993675594013493900e+22 9.993520730893874889e+22 9.993381009848508665e+22 9.993255620292834545e+22 9.993143823289694762e+22 9.993044929912118025e+22 9.992958291146398342e+22 9.992883292396397475e+22 9.992819349934197388e+22 9.992765908262451780e+22 9.992722437968388896e+22 9.992688433887890847e+22 9.992663413492892775e+22 9.992646915453276809e+22 9.992638498343451047e+22 9.992637739471722670e+22 9.992644233816092285e+22 9.992657593053336306e+22 9.992677444670408412e+22 9.992703431148749770e+22 9.992735209214256873e+22 9.992772449145100593e+22 9.992814834132908507e+22 9.992862059690378186e+22 9.992913833102469287e+22 9.992969872915757112e+22 9.993029908463316946e+22 9.993093679420897912e+22 9.993160935392606264e+22 9.993231435522757781e+22 9.993304948131419600e+22 9.993381250372170102e+22 9.993460127909692834e+22 9.993541374615543507e+22 9.993624792280585155e+22 9.993710190342750968e+22 9.993797385628500676e+22 9.993886202107309484e+22 9.993976470657708117e+22 9.994068028844038475e+22 9.994160720703248767e+22 9.994254396540444685e+22 9.994348912733204985e+22 9.994444131543034102e+22 9.994539920934384645e+22 9.994636154400019998e+22 9.994732710792337870e+22 9.994829474160384672e+22 9.994926333592107745e+22 9.995023183061165959e+22 9.995119921278597307e+22 9.995216451548170787e+22 9.995312681626096999e+22 9.995408523584035462e+22 9.995503893675547977e+22 9.995598712205956088e+22 9.995692903404918119e+22 9.995786395302024446e+22 9.995879119604966385e+22 9.995971011580307230e+22 9.996062009936685983e+22 9.996152056710208841e+22 9.996241097152167674e+22 9.996329079618823782e+22 9.996415955463206601e+22 9.996501678928925662e+22 9.996586207045844835e+22 9.996669499527581925e+22 9.996751518670858800e+22 9.996832229256618154e+22 9.996911598452848198e+22 9.996989595719009567e+22 9.997066192712386583e+22 9.997141363195773977e+22 9.997215082947066148e+22 9.997287329670215447e+22 9.997358082908143328e+22 9.997427323956938303e+22 9.997495035781803776e+22 9.997561202934779216e+22 9.997625811473686069e+22 9.997688848883008091e+22 9.997750303996444357e+22 9.997810166920814526e+22 9.997868428961784424e+22 9.997925082551343173e+22 9.997980121176733227e+22 9.998033539311301401e+22 9.998085332346824609e+22 9.998135496527734794e+22 9.998184028887108813e+22 9.998230927184164920e+22 9.998276189843809423e+22 9.998319815897849319e+22 9.998361804928053779e+22 9.998402157010947041e+22 9.998440872664638056e+22 9.998477952797314436e+22 9.998513398657806710e+22 9.998547211787932638e+22 9.998579393976806146e+22 9.998609947217084023e+22 9.998638873663197361e+22 9.998666175591520770e+22 9.998691855362534723e+22 9.998715915385118602e+22 9.998738358082551677e+22 9.998759185860938380e+22 9.998778401079448882e+22 1.000000000000000036e-10 1.000000000000000036e-10 1.000000000000000036e-10 1.000000000000000036e-10 1.000000000000000036e-10 1.000000000000000036e-10 1.000000000000000036e-10 1.000000000000000036e-10 1.000000000000000036e-10 1.000000000000000036e-10 1.000000000000000036e-10 1.000000000000000036e-10
1.000000000000000036e-10 1.000000000000000036e-10 1.000000000000000036e-10 1.000000000000000036e-10 1.000000000000000036e-10 1.000000000000000036e-10 1.000000000000000036e-10 1.000000000000000036e-10 1.000000000000000036e-10 1.000000000000000036e-10 1.000000000000000036e-10 1.000000000000000036e-10 2.464870888973275318e+23 1.373447934776663668e+23 1.123696297353037050e+23 1.044319072279223945e+23 1.016208005902790883e+23 1.005855344824553025e+23 1.001976851300546029e+23 1.000502741677977203e+23 9.999281269661369788e+22 9.996916967504943147e+22 9.995834554700465911e+22 9.995247197381944410e+22 9.994859451570273334e+22 9.994559853951118108e+22 9.994305877207338399e+22 9.994080868092002855e+22 9.993877922443978552e+22 9.993693841032780710e+22 9.993526859170610309e+22 9.993375790077390619e+22 9.993239698681764197e+22 9.993117775044328135e+22 9.993009283358989379e+22 9.992913539910162448e+22 9.992829902385318776e+22 9.992757763839691955e+22 9.992696548717394867e+22 9.992645709892187220e+22 9.992604726290207788e+22 9.992573100893339753e+22 9.992550359017891824e+22 9.992536046807682122e+22 9.992529729899761290e+22 9.992530992233718376e+22 9.992539434982233971e+22 9.992554675584737739e+22 9.992576346870778744e+22 9.992604096260878002e+22 9.992637585035605574e+22 9.992676487664621113e+22 9.992720491189018978e+22 9.992769294651188104e+22 9.992822608566779327e+22 9.992880154434914694e+22 9.992941664282593775e+22 9.993006880239710005e+22 9.993075554142162151e+22 9.993147447160270855e+22 9.993222329449824282e+22 9.993299979824195961e+22 9.993380185445347046e+22 9.993462741531964840e+22 9.993547451083548053e+22 9.993634124618722496e+22 9.993722579926770516e+22 9.993812641831194722e+22 9.993904141964314411e+22 9.993996918551884700e+22 9.994090816207107549e+22 9.994185685733101850e+22 9.994281383933330955e+22 9.994377773429074952e+22 9.994474722483590346e+22 9.994572104832693725e+22 9.994669799520677239e+22 9.994767690741676664e+22 9.994865667685752190e+22 9.994963624389839631e+22 9.995061459592486584e+22 9.995159076592734228e+22 9.995256383112713601e+22 9.995353291163483242e+22 9.995449716914225624e+22 9.995545580564334300e+22 9.995640806218458884e+22 9.995735321764115251e+22 9.995829058751921390e+22 9.995921952278136750e+22 9.996013940869565514e+22 9.996104966370640894e+22 9.996194973832588139e+22 9.996283911404515230e+22 9.996371730226545374e+22 9.996458384324858741e+22 9.996543830508378364e+22 9.996628028267413950e+22 9.996710939673743485e+22 9.996792529282842336e+22 9.996872764037268295e+22 9.996951613172051503e+22 9.997029048121391317e+22 9.997105042427267462e+22 9.997179571649405098e+22 9.997252613276783398e+22 9.997324146640947669e+22 9.997394152830556281e+22 9.997462614607947576e+22 9.997529516326777153e+22 9.997594843851458714e+22 9.997658584478401744e+22 9.997720726858421921e+22 9.997781260921042318e+22 9.997840177800393471e+22 9.997897469762532803e+22 9.997953130134799122e+22 9.998007153236390183e+22 9.998059534310914916e+22 9.998110269460601582e+22 9.998159355582195381e+22 9.998206790304488489e+22 9.998252571927799608e+22 9.998296699365094326e+22 9.998339172085039890e+22 9.998379990056682337e+22 9.998419153696096623e+22 9.998456663814969491e+22 9.998492521570853349e+22 9.998526728419478707e+22 9.998559286068912115e+22 9.998590196435782730e+22 9.998619461603200021e+22 9.998647083780939763e+22 9.998673065267440281e+22 9.998697408413889148e+22 9.998720115590334880e+22 9.998741189153682725e+22 9.998760631417967110e+22 1.000000000000000036e-10 1.000000000000000036e-10 1.000000000000000036e-10 1.000000000000000036e-10 1.000000000000000036e-10 1.000000000000000036e-10 1.000000000000000036e-10 1.000000000000000036e-10 1.000000000000000036e-10 1.000000000000000036e-10 1.000000000000000036e-10 1.000000000000000036e-10
1.000000000000000036e-10 1.000000000000000036e-10 1.000000000000000036e-10 1.000000000000000036e-10 1.000000000000000036e-10 1.000000000000000036e-10 1.000000000000000036e-10 1.000000000000000036e-10 1.000000000000000036e-10 1.000000000000000036e-10 1.000000000000000036e-10 1.000000000000000036e-10 2.459091188329320221e+23 1.369422383139221039e+23 1.121301457078041476e+23 1.043048457703063112e+23 1.015586565736991535e+23 1.005564232068581965e+23 1.001839667398533815e+23 1.000433153759883569e+23 9.998871505926296175e+22 9.996626595001843424e+22 9.995594907235986807e+22 9.995030730511066805e+22 9.994655299608741570e+22 9.994363743534818368e+22 9.994116082290721921e+22 9.993896624433246346e+22 9.993698819438927046e+22 9.993519594376310607e+22 9.993357229120000990e+22 9.993210554102064978e+22 9.993078643697866978e+22 9.992960696218191659e+22 9.992855984759324331e+22 9.992763835397012088e+22 9.992683616257496737e+22 9.992614731156537370e+22 9.992556615334546427e+22 9.992508732278290409e+22 9.992470571188135920e+22 9.992441644876944953e+22 9.992421487984469082e+22 9.992409655434929399e+22 9.992405721088772591e+22 9.992409276553245177e+22 9.992419930124168934e+22 9.992437305838833500e+22 9.992461042622098152e+22 9.992490793513582907e+22 9.992526224963944841e+22 9.992567016191559100e+22 9.992612858592585004e+22 9.992663455197245001e+22 9.992718520167756412e+22 9.992777778332857637e+22 9.992840964755377095e+22 9.992907824328957598e+22 9.992978111401595765e+22 9.993051589422954735e+22 9.993128030613101399e+22 9.993207215651082679e+22 9.993288933381089368e+22 9.993372980534779786e+22 9.993459161468288526e+22 9.993547287912863341e+22 9.993637178737395394e+22 9.993728659722378150e+22 9.993821563344097011e+22 9.993915728568215876e+22 9.994011000651950273e+22 9.994107230954085522e+22 9.994204276752514443e+22 9.994302001068329927e+22 9.994400272496036151e+22 9.994498965039714035e+22 9.994597957954189656e+22 9.994697135591323075e+22 9.994796387250739767e+22 9.994895607034680862e+22 9.994994693707014131e+22 9.995093550555571893e+22 9.995192085258211793e+22 9.995290209751885729e+22 9.995387840104688412e+22 9.995484896390791614e+22 9.995581302568052693e+22 9.995676986357993754e+22 9.995771879128285630e+22 9.995865915777412917e+22 9.995959034621464674e+22 9.996051177283037377e+22 9.996142288582068929e+22 9.996232316428492997e+22 9.996321211716916688e+22 9.996408928222809843e+22 9.996495422500674050e+22 9.996580653783533696e+22 9.996664583884416798e+22 9.996747177099350822e+22 9.996828400111625175e+22 9.996908221898196150e+22 9.996986613636922343e+22 9.997063548616004600e+22 9.997139002144459430e+22 9.997212951464258411e+22 9.997285375664200666e+22 9.997356255594822186e+22 9.997425573785263040e+22 9.997493314361525430e+22 9.997559462966020224e+22 9.997624006679032811e+22 9.997686933941507641e+22 9.997748234479481966e+22 9.997807899230022821e+22 9.997865920268898769e+22 9.997922290739719648e+22 9.997977004784782567e+22 9.998030057477676152e+22 9.998081444757284009e+22 9.998131163363865212e+22 9.998179210776502128e+22 9.998225585152459171e+22 9.998270285268335041e+22 9.998313310462854090e+22 9.998354660581689419e+22 9.998394335923863028e+22 9.998432337190108896e+22 9.998468665433183905e+22 9.998503322009978955e+22 9.998536308535581265e+22 9.998567626839133520e+22 9.998597278921939485e+22 9.998625266917265795e+22 9.998651593052249286e+22 9.998676259611916580e+22 9.998699268904985402e+22 9.998720623231902312e+22 9.998740324854930604e+22 1.000000000000000036e-10 1.000000000000000036e-10 1.000000000000000036e-10 1.000000000000000036e-10 1.000000000000000036e-10 1.000000000000000036e-10 1.000000000000000036e-10 1.000000000000000036e-10 1.000000000000000036e-10 1.000000000000000036e-10 1.000000000000000036e-10 1.000000000000000036e-10
1.000000000000000036e-10 1.000000000000000036e-10 1.000000000000000036e-10 1.000000000000000036e-10 1.000000000000000036e-10 1.000000000000000036e-10 1.000000000000000036e-10 1.000000000000000036e-10 1.000000000000000036e-10 1.000000000000000036e-10 1.000000000000000036e-10 1.000000000000000036e-10 2.426394493912126325e+23 1.353835439220437968e+23 1.114118436975642180e+23 1.039890655297508779e+23 1.014253200414116508e+23 1.005011823914646881e+23 1.001607125723089543e+23 1.000327807986833136e+23 9.998315854096305331e+22 9.996265745101285333e+22 9.995312260484184408e+22 9.994781857146704023e+22 9.994423304486906547e+22 9.994142128418236819e+22 9.993902244510273267e+22 9.993689412953110164e+22 9.993497623661170288e+22 9.993324007571894095e+22 9.993166925732067987e+22 9.993025245933120730e+22 9.992898064776441312e+22 9.992784597817249025e+22 9.992684133814830000e+22 9.992596013924729278e+22 9.992519620955532689e+22 9.992454372951628710e+22 9.992399718825681381e+22 9.992355135092436867e+22 9.992320123276779481e+22 9.992294207781162975e+22 9.992276934090461859e+22 9.992267867236767210e+22 9.992266590470106042e+22 9.992272704095859088e+22 9.992285824448840755e+22 9.992305582981204096e+22 9.992331625445163899e+22 9.992363611156926536e+22 9.992401212329357738e+22 9.992444113464021588e+22 9.992492010794735632e+22 9.992544611776253343e+22 9.992601634612388141e+22 9.992662807819097788e+22 9.992727869818549567e+22 9.992796568560810852e+22 9.992868661170388389e+22 9.992943913614960493e+22 9.993022100393970106e+22 9.993103004245552005e+22 9.993186415869678531e+22 9.993272133666253832e+22 9.993359963486621480e+22 9.993449718397540919e+22 9.993541218456236877e+22 9.993634290495852328e+22 9.993728767920108785e+22 9.993824490506858529e+22 9.993921304219329180e+22 9.994019061024423097e+22 9.994117618718423908e+22 9.994216840757835203e+22 9.994316596096810982e+22 9.994416759029228372e+22 9.994517209035786787e+22 9.994617830635764449e+22 9.994718513242596757e+22 9.994819151023570105e+22 9.994919642763085899e+22 9.995019891729170956e+22 9.995119805543160480e+22 9.995219296052306982e+22 9.995318279205363804e+22 9.995416674930259080e+22 9.995514407014757722e+22 9.995611402989104792e+22 9.995707594010819717e+22 9.995802914751924876e+22 9.995897303287660649e+22 9.995990700987611349e+22 9.996083052408260579e+22 9.996174305187462539e+22 9.996264409940614552e+22 9.996353320158517369e+22 9.996440992106760530e+22 9.996527384726688131e+22 9.996612459537837641e+22 9.996696180542111796e+22 9.996778514129217179e+22 9.996859428983681529e+22 9.996938895993214914e+22 9.997016888158611046e+22 9.997093380505265924e+22 9.997168349995656125e+22 9.997241775443810242e+22 9.997313637430958070e+22 9.997383918222573987e+22 9.997452601687015843e+22 9.997519673215653668e+22 9.997585119644429477e+22 9.997648929177022654e+22 9.997711091309271948e+22 9.997771596755528529e+22 9.997830437376287467e+22 9.997887606107503644e+22 9.997943096891491431e+22 9.997996904609505450e+22 9.998049025015856444e+22 9.998099454673808890e+22 9.998148190893151302e+22 9.998195231669471098e+22 9.998240575625035042e+22 9.998284221951775238e+22 9.998326170355756538e+22 9.998366421003601864e+22 9.998404974470643896e+22 9.998441831691083317e+22 9.998476993910032826e+22 9.998510462637257313e+22 9.998542239603098439e+22 9.998572326716237991e+22 9.998600726023410758e+22 9.998627439671123955e+22 9.998652469869418434e+22 9.998675818857716987e+22 9.998697488872578535e+22 9.998717482117551148e+22 1.000000000000000036e-10 1.000000000000000036e-10 1.000000000000000036e-10 1.000000000000000036e-10 1.000000000000000036e-10 1.000000000000000036e-10 1.000000000000000036e-10 1.000000000000000036e-10 1.000000000000000036e-10 1.000000000000000036e-10 1.000000000000000036e-10 1.000000000000000036e-10
1.000000000000000036e-10 1.000000000000000036e-10 1.000000000000000036e-10 1.000000000000000036e-10 1.000000000000000036e-10 1.000000000000000036e-10 1.000000000000000036e-10 1.000000000000000036e-10 1.000000000000000036e-10 1.000000000000000036e-10 1.000000000000000036e-10 1.000000000000000036e-10 2.248717910901987664e+23 1.300491689318791103e+23 1.095647383379059535e+23 1.033224213851864480e+23 1.011814103775824073e+23 1.004106084839888068e+23 1.001258840411128568e+23 1.000182580979618525e+23 9.997607526088244933e+22 9.995834026654579242e+22 9.994987062887014885e+22 9.994500990979228566e+22 9.994163802640876149e+22 9.993895312858569664e+22 9.993664661394122447e+22 9.993459531651935843e+22 9.993274632690584257e+22 9.993107374544629898e+22 9.992956236040096449e+22 9.992820143188150636e+22 9.992698228393225119e+22 9.992589734130728147e+22 9.992493972110915613e+22 9.992410304245572357e+22 9.992338132545747445e+22 9.992276892943505791e+22 9.992226051026389775e+22 9.992185098831194279e+22 9.992153552302329194e+22 9.992130949209652829e+22 9.992116847406280501e+22 9.992110823348406269e+22 9.992112470821890425e+22 9.992121399835476623e+22 9.992137235649932978e+22 9.992159617918712991e+22 9.992188199922172953e+22 9.992222647879709439e+22 9.992262640328405051e+22 9.992307867558210018e+22 9.992358031095938784e+22 9.992412843231509951e+22 9.992472026581122941e+22 9.992535313682853265e+22 9.992602446620759006e+22 9.992673176674560796e+22 9.992747263991794893e+22 9.992824477280310290e+22 9.992904593518865102e+22 9.992987397684199843e+22 9.993072682492943453e+22 9.993160248156815255e+22 9.993249902150201796e+22 9.993341458988613711e+22 9.993434740017447148e+22 9.993529573209835097e+22 9.993625792973036637e+22 9.993723239962498407e+22 9.993821760903194031e+22 9.993921208417107365e+22 9.994021440857228653e+22 9.994122322146598951e+22 9.994223721622884319e+22 9.994325513887310414e+22 9.994427578658069886e+22 9.994529800628016356e+22 9.994632069325760810e+22 9.994734278980319733e+22 9.994836328389237801e+22 9.994938120789604644e+22 9.995039563731693889e+22 9.995140568955650625e+22 9.995241052270361575e+22 9.995340933434880452e+22 9.995440136041856500e+22 9.995538587403253134e+22 9.995636218438026160e+22 9.995732963561452863e+22 9.995828760576808242e+22 9.995923550568156915e+22 9.996017277795170045e+22 9.996109889589678703e+22 9.996201336253322782e+22 9.996291570957231640e+22 9.996380549642857323e+22 9.996468230924317753e+22 9.996554575992397496e+22 9.996639548519529998e+22 9.996723114566559885e+22 9.996805242490770267e+22 9.996885902855060953e+22 9.996965068338876541e+22 9.997042713650196487e+22 9.997118815438998235e+22 9.997193352212201760e+22 9.997266304249847244e+22 9.997337653522656867e+22 9.997407383611150172e+22 9.997475479626088186e+22 9.997541928130424131e+22 9.997606717062524174e+22 9.997669835661195084e+22 9.997731274391851054e+22 9.997791024874505896e+22 9.997849079813088949e+22 9.997905432926477301e+22 9.997960078881046344e+22 9.998013013224820887e+22 9.998064232323369402e+22 9.998113733297324006e+22 9.998161513961512711e+22 9.998207572765915375e+22 9.998251908738285620e+22 9.998294521428757499e+22 9.998335410855913456e+22 9.998374577454956151e+22 9.998412022027625116e+22 9.998447745693962260e+22 9.998481749846179552e+22 9.998514036104073576e+22 9.998544606272738558e+22 9.998573462302173535e+22 9.998600606248679663e+22 9.998626040238566067e+22 9.998649766433674337e+22 9.998671786999068964e+22 9.998692104072776280e+22 1.000000000000000036e-10 1.000000000000000036e-10 1.000000000000000036e-10 1.000000000000000036e-10 1.000000000000000036e-10 1.000000000000000036e-10 1.000000000000000036e-10 1.000000000000000036e-10 1.000000000000000036e-10 1.000000000000000036e-10 1.000000000000000036e-10 1.000000000000000036e-10
2.466687743980518171e+23 2.466687743980518171e+23 2.466717072311918306e+23 2.466777795922123502e+23 2.466873377344196035e+23 2.467004605062420932e+23 2.467148886999519744e+23 2.467158934453283738e+23 2.466255151675618372e+23 2.460358678328885358e+23 2.427469708657009099e+23 2.249381640881804505e+23 1.444361137324996103e+23 1.161245034417669485e+23 1.060172275356911062e+23 1.022577208220347049e+23 1.008341146917305603e+23 1.002909803899359592e+23 1.000822620358415745e+23 1.000008056316289855e+23 9.996784777842944639e+22 9.995345154849448867e+22 9.994624391420711220e+22 9.994190201875506764e+22 9.993877814473243650e+22 9.993623942853252927e+22 9.993403836416119747e+22 9.993207420962109129e+22 9.993030251187327415e+22 9.992870073682978931e+22 9.992725515709655391e+22 9.992595580439763511e+22 9.992479449093428268e+22 9.992376400615190613e+22 9.992285776952659699e+22 9.992206966472015086e+22 9.992139394920598628e+22 9.992082519775578056e+22 9.992035826286146355e+22 9.991998824477929714e+22 9.991971046773634367e+22 9.991952046046547280e+22 9.991941393995661102e+22 9.991938679769934070e+22 9.991943508789380199e+22 9.991955501723878739e+22 9.991974293600567558e+22 9.991999533016498464e+22 9.992030881438307556e+22 9.992068012575153350e+22 9.992110611812742437e+22 9.992158375699678233e+22 9.992211011478234123e+22 9.992268236653930637e+22 9.992329778598143590e+22 9.992395374180214977e+22 9.992464769425048443e+22 9.992537719193449634e+22 9.992613986882525384e+22 9.992693344144282826e+22 9.992775570619915200e+22 9.992860453689160316e+22 9.992947788232054014e+22 9.993037376403135686e+22 9.993129027415887892e+22 9.993222557337217139e+22 9.993317788890727606e+22 9.993414551268150267e+22 9.993512679948108694e+22 9.993612016521755125e+22 9.993712408524744976e+22 9.993813709274675675e+22 9.993915777714229766e+22 9.994018478258678399e+22 9.994121680648337464e+22 9.994225259804942873e+22 9.994329095691827570e+22 9.994433073177943867e+22 9.994537081904799993e+22 9.994641016156889652e+22 9.994744774734621390e+22 9.994848260830294704e+22 9.994951381906190080e+22 9.995054049575418882e+22 9.995156179484702618e+22 9.995257691199319835e+22 9.995358508090081359e+22 9.995458557222122527e+22 9.995557769245512381e+22 9.995656078287426499e+22 9.995753421846254243e+22 9.995849740686915640e+22 9.995944978737800623e+22 9.996039082989500078e+22 9.996132003394254956e+22 9.996223692767547831e+22 9.996314106690484673e+22 9.996403203413689919e+22 9.996490943762797062e+22 9.996577291044620390e+22 9.996662210955282953e+22 9.996745671489077694e+22 9.996827642848892210e+22 9.996908097357992480e+22 9.996987009372709192e+22 9.997064355196868913e+22 9.997140112997203365e+22 9.997214262720213287e+22 9.997286786010295619e+22 9.997357666129331985e+22 9.997426887877407959e+22 9.997494437515277160e+22 9.997560302687764873e+22 9.997624472349077563e+22 9.997686936689214646e+22 9.997747687061942226e+22 9.997806715914501593e+22 9.997864016718425018e+22 9.997919583902265822e+22 9.997973412785860221e+22 9.998025499515912874e+22 9.998075841003706437e+22 9.998124434863995591e+22 9.998171279356023380e+22 9.998216373325928386e+22 9.998259716151069534e+22 9.998301307686310484e+22 9.998341148211615996e+22 9.998379238382054146e+22 9.998415579179323595e+22 9.998450171865268958e+22 9.998483017937367492e+22 9.998514119086037795e+22 9.998543477154020485e+22 9.998571094097798994e+22 9.998596971950827268e+22 9.998621112789112979e+22 9.998643518698433177e+22 9.998664191744217501e+22 9.998683133942731637e+22 9.998700347235268926e+22 9.998715833463820046e+22 9.998729594349024392e+22 9.998741631470527316e+22 9.998751946249213051e+22 9.998760539931751219e+22 9.998767413577428396e+22 9.998772568046934216e+22 9.998776003993556694e+22 9.998777721856473013e+22 9.998777721856473013e+22
1.375245133263298856e+23 1.375245133263298856e+23 1.375264236533599196e+23 1.375303094747877763e+23 1.375361571695866539e+23 1.375432654951812547e+23 1.375478760986983394e+23 1.375341155838832987e+23 1.374397013888710256e+23 1.370290713612768783e+23 1.354573713618871234e+23 1.300996821678616037e+23 1.161406601460805628e+23 1.074362744464042938e+23 1.031935262427678989e+23 1.013059282944395061e+23 1.005048119002922169e+23 1.001738162023908749e+23 1.000386142828766555e+23 9.998299830750396652e+22 9.995926775144092638e+22 9.994824647868502822e+22 9.994233038391201497e+22 9.993852891773685622e+22 9.993566935507536760e+22 9.993328971148107239e+22 9.993120468380465024e+22 9.992933660843323267e+22 9.992764990230182547e+22 9.992612567684678995e+22 9.992475188879422181e+22 9.992351948928636787e+22 9.992242089073971508e+22 9.992144933373676303e+22 9.992059860773336043e+22 9.991986291443168497e+22 9.991923679145830541e+22 9.991871506362264453e+22 9.991829280827308507e+22 9.991796532884052482e+22 9.991772813373148129e+22 9.991757691901632001e+22 9.991750755397521323e+22 9.991751606886355645e+22 9.991759864443255023e+22 9.991775160286537633e+22 9.991797139986051603e+22 9.991825461765492808e+22 9.991859795882391110e+22 9.991899824072833158e+22 9.991945239050397417e+22 9.991995744051194652e+22 9.992051052417893637e+22 9.992110887217418732e+22 9.992174980887678760e+22 9.992243074909708327e+22 9.992314919501832598e+22 9.992390273333447990e+22 9.992468903256043133e+22 9.992550584049659911e+22 9.992635098183197367e+22 9.992722235586892530e+22 9.992811793436109072e+22 9.992903575945262766e+22 9.992997394170541559e+22 9.993093065821411869e+22 9.993190415079345802e+22 9.993289272423638421e+22 9.993389474463472838e+22 9.993490863775838896e+22 9.993593288748719879e+22 9.993696603429377828e+22 9.993800667376811350e+22 9.993905345518815412e+22 9.994010508012368062e+22 9.994116030108161121e+22 9.994221792017951123e+22 9.994327678785319390e+22 9.994433580159042637e+22 9.994539390469104311e+22 9.994645008505546316e+22 9.994750337399156166e+22 9.994855284504726077e+22 9.994959761285949528e+22 9.995063683202629711e+22 9.995166969599478465e+22 9.995269543596690244e+22 9.995371331982130047e+22 9.995472265105059820e+22 9.995572276771425144e+22 9.995671304140541133e+22 9.995769287623034955e+22 9.995866170780286557e+22 9.995961900225125994e+22 9.996056425523674979e+22 9.996149699098597707e+22 9.996241676133380129e+22 9.996332314477989986e+22 9.996421574555568649e+22 9.996509419270354397e+22 9.996595813916806952e+22 9.996680726089874538e+22 9.996764125596447094e+22 9.996845984367940259e+22 9.996926276374229942e+22 9.997004977538526400e+22 9.997082065653743170e+22 9.997157520299892775e+22 9.997231322762886670e+22 9.997303455954496179e+22 9.997373904333627091e+22 9.997442653829038762e+22 9.997509691763281258e+22 9.997575006777924334e+22 9.997638588760496013e+22 9.997700428772548595e+22 9.997760518979284946e+22 9.997818852580713195e+22 9.997875423744274465e+22 9.997930227539062764e+22 9.997983259871578318e+22 9.998034517423091509e+22 9.998083997588771779e+22 9.998131698418234216e+22 9.998177618558173210e+22 9.998221757196316495e+22 9.998264114007457871e+22 9.998304689101164302e+22 9.998343482971380515e+22 9.998380496447704610e+22 9.998415730648843026e+22 9.998449186937783504e+22 9.998480866878899094e+22 9.998510772197140935e+22 9.998538904739197328e+22 9.998565266436525130e+22 9.998589859270634347e+22 9.998612685240293707e+22 9.998633746330910563e+22 9.998653044485939161e+22 9.998670581580369284e+22 9.998686359396652627e+22 9.998700379602321985e+22 9.998712643730122002e+22 9.998723153160257195e+22 9.998731909104831090e+22 9.998738912594332169e+22 9.998744164466599500e+22 9.998747665357867057e+22 9.998749415695948815e+22 9.998749415695948815e+22
1.125074281165070963e+23 1.125074281165070963e+23 1.125084381742774406e+23 1.125104246200483730e+23 1.125131605488986415e+23 1.125156490278324215e+23 1.125142335110128861e+23 1.124966182722507805e+23 1.124237714645222372e+23 1.121795032134705459e+23 1.114535678102032855e+23 1.095940606798967341e+23 1.060302522846578433e+23 1.031966964308429232e+23 1.015228242014690481e+23 1.006664551434836760e+23 1.002627992122506504e+23 1.000815568220878914e+23 1.000020856904751964e+23 9.996712149897788470e+22 9.995107984478767677e+22 9.994297659582568622e+22 9.993822103171899379e+22 9.993492794181989853e+22 9.993233026712619870e+22 9.993011554162211344e+22 9.992815413111339300e+22 9.992638954101989704e+22 9.992479458561460535e+22 9.992335398107003381e+22 9.992205744319154776e+22 9.992089693628560677e+22 9.991986555823172092e+22 9.991895707191465529e+22 9.991816569459559314e+22 9.991748599270927761e+22 9.991691282182510005e+22 9.991644128755207635e+22 9.991606671732508931e+22 9.991578463861690545e+22 9.991559076141454066e+22 9.991548096376661135e+22 9.991545127966293675e+22 9.991549788874560923e+22 9.991561710747162929e+22 9.991580538145581774e+22 9.991605927876749584e+22 9.991637548401534226e+22 9.991675079307822314e+22 9.991718210837596340e+22 9.991766643459241489e+22 9.991820087478180014e+22 9.991878262679628939e+22 9.991940897999281770e+22 9.992007731218129250e+22 9.992078508677681224e+22 9.992152985013661886e+22 9.992230922905606475e+22 9.992312092840532378e+22 9.992396272889225019e+22 9.992483248493694026e+22 9.992572812264816509e+22 9.992664763788939389e+22 9.992758909442752879e+22 9.992855062215497299e+22 9.992953041538130746e+22 9.993052673118591936e+22 9.993153788782614623e+22 9.993256226319950991e+22 9.993359829335024232e+22 9.993464447102255261e+22 9.993569934425315292e+22 9.993676151500022428e+22 9.993782963780763150e+22 9.993890241849977314e+22 9.993997861290795598e+22 9.994105702562055953e+22 9.994213650876391961e+22 9.994321596080008987e+22 9.994429432535364456e+22 9.994537059005260785e+22 9.994644378539434757e+22 9.994751298362534370e+22 9.994857729764087143e+22 9.994963587989854224e+22 9.995068792134837050e+22 9.995173265037752009e+22 9.995276933176818768e+22 9.995379726566842119e+22 9.995481578657635998e+22 9.995582426233593397e+22 9.995682209314494428e+22 9.995780871057425039e+22 9.995878357659853364e+22 9.995974618263610353e+22 9.996069604860325003e+22 9.996163272197518918e+22 9.996255577686043053e+22 9.996346481308366746e+22 9.996435945528131741e+22 9.996523935200459515e+22 9.996610417483617560e+22 9.996695361751608407e+22 9.996778739507810586e+22 9.996860524299755402e+22 9.996940691635078116e+22 9.997019218898479114e+22 9.997096085269886324e+22 9.997171271643815530e+22 9.997244760549957095e+22 9.997316536074861596e+22 9.997386583785080042e+22 9.997454890651345958e+22 9.997521444974316067e+22 9.997586236311396470e+22 9.997649255405303575e+22 9.997710494113517588e+22 9.997769945339875086e+22 9.997827602966876311e+22 9.997883461790113097e+22 9.997937517453914826e+22 9.997989766388712368e+22 9.998040205749900227e+22 9.998088833358550899e+22 9.998135647643531792e+22 9.998180647585657232e+22 9.998223832663283309e+22 9.998265202799914307e+22 9.998304758313547255e+22 9.998342499867855264e+22 9.998378428425199577e+22 9.998412545201760580e+22 9.998444851624286146e+22 9.998475349289056233e+22 9.998504039922842311e+22 9.998530925345708913e+22 9.998556007435971068e+22 9.998579288097331085e+22 9.998600769227812189e+22 9.998620452691118129e+22 9.998638340290009419e+22 9.998654433741748201e+22 9.998668734655849982e+22 9.998681244513811720e+22 9.998691964651423610e+22 9.998700896242891122e+22 9.998708040287310892e+22 9.998713397597525613e+22 9.998716968791082795e+22 9.998718754283460126e+22 9.998718754283460126e+22
1.045191551912316418e+23 1.045191551912316418e+23 1.045195804794824740e+23 1.045203596968091944e+23 1.045212214752428142e+23 1.045212773308629013e+23 1.045178298218690411e+23 1.045031607245862401e+23 1.044565435865145404e+23 1.043270724590524537e+23 1.040074434015926755e+23 1.033349410279128333e+23 1.022631897586430242e+23 1.013067357827756143e+23 1.006657287219424998e+23 1.002999562966026473e+23 1.001107752752063814e+23 1.000186036798423355e+23 9.997495127381598064e+22 9.995413621217567965e+22 9.994366522555594755e+22 9.993779363692848716e+22 9.993398031915386562e+22 9.993113033501094969e+22 9.992877897947533437e+22 9.992672934756726132e+22 9.992489633450776383e+22 9.992324101130000374e+22 9.992174347651469699e+22 9.992039175444681772e+22 9.991917728319547847e+22 9.991809307898636822e+22 9.991713297963064440e+22 9.991629132221682968e+22 9.991556279654513692e+22 9.991494237108025321e+22 9.991442525012367088e+22 9.991400684549237113e+22 9.991368275575884795e+22 9.991344874997930577e+22 9.991330075443965880e+22 9.991323484160325478e+22 9.991324722076007688e+22 9.991333423001909592e+22 9.991349232938617563e+22 9.991371809472692565e+22 9.991400821244991793e+22 9.991435947478631632e+22 9.991476877556226982e+22 9.991523310638315287e+22 9.991574955316212453e+22 9.991631529293742342e+22 9.991692759094004600e+22 9.991758379786822065e+22 9.991828134734758884e+22 9.991901775354553539e+22 9.991979060892648079e+22 9.992059758212489937e+22 9.992143641592581220e+22 9.992230492534346036e+22 9.992320099577948537e+22 9.992412258126185837e+22 9.992506770275039812e+22 9.992603444650550546e+22 9.992702096251194389e+22 9.992802546295741455e+22 9.992904622075461763e+22 9.993008156810837754e+22 9.993112989512444255e+22 9.993218964845027865e+22 9.993325932995366250e+22 9.993433749543065118e+22 9.993542275334324775e+22 9.993651376358246738e+22 9.993760923625646876e+22 9.993870793050339829e+22 9.993980865332314217e+22 9.994091025843030170e+22 9.994201164512631141e+22 9.994311175718751227e+22 9.994420958176998536e+22 9.994530414833106210e+22 9.994639452756306507e+22 9.994747983034164498e+22 9.994855920668753946e+22 9.994963184473922024e+22 9.995069696973911307e+22 9.995175384302755198e+22 9.995280176105184979e+22 9.995384005438285126e+22 9.995486808674009298e+22 9.995588525403095538e+22 9.995689098339635796e+22 9.995788473226549736e+22 9.995886598742068534e+22 9.995983426407208531e+22 9.996078910493994831e+22 9.996173007934659651e+22 9.996265678231793618e+22 9.996356883369241975e+22 9.996446587724225525e+22 9.996534757980139369e+22 9.996621363040279436e+22 9.996706373942785343e+22 9.996789763776455691e+22 9.996871507597397171e+22 9.996951582346997400e+22 9.997029966770768498e+22 9.997106641338376808e+22 9.997181588164699383e+22 9.997254790932163933e+22 9.997326234814192707e+22 9.997395906399735225e+22 9.997463793619401546e+22 9.997529885672548493e+22 9.997594172955751665e+22 9.997656646992842772e+22 9.997717300366034128e+22 9.997776126648737648e+22 9.997833120339804868e+22 9.997888276799038685e+22 9.997941592184605953e+22 9.997993063391805676e+22 9.998042687993541768e+22 9.998090464182403072e+22 9.998136390714528471e+22 9.998180466855027252e+22 9.998222692325437892e+22 9.998263067252775662e+22 9.998301592120462619e+22 9.998338267721233963e+22 9.998373095111663393e+22 9.998406075569097671e+22 9.998437210550106168e+22 9.998466501651180238e+22 9.998493950571298213e+22 9.998519559076740229e+22 9.998543328967788803e+22 9.998565262047627235e+22 9.998585360093288176e+22 9.998603624828951016e+22 9.998620057901066302e+22 9.998634660855990033e+22 9.998647435119721814e+22 9.998658381979510322e+22 9.998667502568443426e+22 9.998674797851514713e+22 9.998680268614409598e+22 9.998683915454349994e+22 9.998685738773237465e+22 9.998685738773237465e+22
1.016664954793041383e+23 1.016664954793041383e+23 1.016666046676435793e+23 1.016667542343822051e+23 1.016667224659046622e+23 1.016658852077919420e+23 1.016625826168621110e+23 1.016526429764532547e+23 1.016263281127759429e+23 1.015632958867901723e+23 1.014284564806919866e+23 1.011823110908373778e+23 1.008325171551892417e+23 1.005017055829575074e+23 1.002596320544663808e+23 1.001087747416864126e+23 1.000239500829203817e+23 9.997912011687338600e+22 9.995600625609648531e+22 9.994387171915988363e+22 9.993704568174477627e+22 9.993273720446526685e+22 9.992963861392565417e+22 9.992715764250711373e+22 9.992503140390616957e+22 9.992314359373167696e+22 9.992144153786164707e+22 9.991989972129202727e+22 9.991850413211731676e+22 9.991724566063557797e+22 9.991611735074426952e+22 9.991511326197060888e+22 9.991422799605479244e+22 9.991345649531320952e+22 9.991279395185622201e+22 9.991223576240396750e+22 9.991177750239789030e+22 9.991141490881560419e+22 9.991114386736123635e+22 9.991096040220278758e+22 9.991086066741383948e+22 9.991084093968222677e+22 9.991089761201774238e+22 9.991102718826993051e+22 9.991122627831574351e+22 9.991149159379631709e+22 9.991181994431498473e+22 9.991220823401613492e+22 9.991265345848320459e+22 9.991315270190108141e+22 9.991370313444610592e+22 9.991430200986416290e+22 9.991494666321035421e+22 9.991563450872532199e+22 9.991636303783287115e+22 9.991712981723922825e+22 9.991793248712231014e+22 9.991876875940041589e+22 9.991963641607173544e+22 9.992053330761546413e+22 9.992145735144965774e+22 9.992240653043938571e+22 9.992337889145118943e+22 9.992437254394827558e+22 9.992538565862491790e+22 9.992641646607540316e+22 9.992746325549433383e+22 9.992852437340793497e+22 9.992959822243151688e+22 9.993068326005339534e+22 9.993177799744015250e+22 9.993288099826687908e+22 9.993399087756350587e+22 9.993510630058537832e+22 9.993622598169555842e+22 9.993734868326709146e+22 9.993847321460070783e+22 9.993959843085462117e+22 9.994072323198831873e+22 9.994184656172175327e+22 9.994296740650148063e+22 9.994408479448275249e+22 9.994519779451875623e+22 9.994630551516106195e+22 9.994740710366936406e+22 9.994850174503202744e+22 9.994958866099164991e+22 9.995066710908260372e+22 9.995173638167409669e+22 9.995279580502370235e+22 9.995384473833510116e+22 9.995488257282637457e+22 9.995590873080521137e+22 9.995692266474958330e+22 9.995792385639795026e+22 9.995891181584615945e+22 9.995988608065103882e+22 9.996084621494274805e+22 9.996179180854244803e+22 9.996272247609184852e+22 9.996363785618607781e+22 9.996453761051752451e+22 9.996542142302607167e+22 9.996628899906080630e+22 9.996714006454714814e+22 9.996797436516547061e+22 9.996879166553676841e+22 9.996959174842132726e+22 9.997037441392437310e+22 9.997113947871351564e+22 9.997188677524647628e+22 9.997261615101072795e+22 9.997332746777276501e+22 9.997402060084134858e+22 9.997469543834216038e+22 9.997535188050368057e+22 9.997598983895851729e+22 9.997660923605775548e+22 9.997721000419663020e+22 9.997779208515717851e+22 9.997835542946533658e+22 9.997889999576236451e+22 9.997942575019103512e+22 9.997993266579947232e+22 9.998042072196087756e+22 9.998088990380941273e+22 9.998134020169244082e+22 9.998177161064253017e+22 9.998218412986598425e+22 9.998257776224888685e+22 9.998295251388432017e+22 9.998330839361451459e+22 9.998364541259648650e+22 9.998396358388572855e+22 9.998426292203768355e+22 9.998454344273396498e+22 9.998480516242453247e+22 9.998504809799407685e+22 9.998527226644821914e+22 9.998547768461980860e+22 9.998566436889991682e+22 9.998583233498809211e+22 9.998598159766395447e+22 9.998611217058477847e+22 9.998622406610094391e+22 9.998631729509660256e+22 9.998639186685284319e+22 9.998644778893218048e+22 9.998648506708703524e+22 9.998650370518984058e+22 9.998650370518984058e+22
1.006029005233319586e+23 1.006029005233319586e+23 1.006028623427749471e+23 1.006027349470543012e+23 1.006023690331881891e+23 1.006013872755704144e+23 1.005988886826194253e+23 1.005928472839720891e+23 1.005790758822069550e+23 1.005499753440966240e+23 1.004945566812629212e+23 1.004036198190752633e+23 1.002836738477301275e+23 1.001666870685287192e+23 1.000753250979943799e+23 1.000139533503078754e+23 9.997659244244382201e+22 9.995507778371490257e+22 9.994284497753260583e+22 9.993564321367878900e+22 9.993104504204364559e+22 9.992777511230584652e+22 9.992520142680339828e+22 9.992302330919324851e+22 9.992110116240095183e+22 9.991937040509538035e+22 9.991780025980132367e+22 9.991637480773965683e+22 9.991508455485240613e+22 9.991392277429523736e+22 9.991288395484896218e+22 9.991196315477445758e+22 9.991115573647334441e+22 9.991045725805331717e+22 9.990986342826796437e+22 9.990937008654622759e+22 9.990897319280247413e+22 9.990866882104330394e+22 9.990845315451619954e+22 9.990832248157598908e+22 9.990827319198488304e+22 9.990830177353948201e+22 9.990840480898519505e+22 9.990857897318758429e+22 9.990882103053791946e+22 9.990912783255859941e+22 9.990949631569382762e+22 9.990992349925086331e+22 9.991040648347587602e+22 9.991094244774279486e+22 9.991152864883986819e+22 9.991216241933557957e+22 9.991284116602031283e+22 9.991356236840307995e+22 9.991432357726577807e+22 9.991512241325957395e+22 9.991595656554532884e+22 9.991682379046616826e+22 9.991772191025620687e+22 9.991864881177348276e+22 9.991960244526351018e+22 9.992058082314533051e+22 9.992158201881947433e+22 9.992260416549655937e+22 9.992364545504682652e+22 9.992470413686375186e+22 9.992577851674869734e+22 9.992686695580853024e+22 9.992796786936805694e+22 9.992907972589844536e+22 9.993020104595469029e+22 9.993133040112995664e+22 9.993246641301799253e+22 9.993360775218698440e+22 9.993475313716515622e+22 9.993590133343470695e+22 9.993705115243472382e+22 9.993820145057263518e+22 9.993935112824465601e+22 9.994049912886368246e+22 9.994164443789317584e+22 9.994278608188918360e+22 9.994392312754907120e+22 9.994505468076547165e+22 9.994617988568743254e+22 9.994729792378631094e+22 9.994840801292874836e+22 9.994950940645367218e+22 9.995060139225572285e+22 9.995168329187364700e+22 9.995275445958412652e+22 9.995381428150043935e+22 9.995486217467778092e+22 9.995589758622116925e+22 9.995691999240333243e+22 9.995792889778318344e+22 9.995892383433266666e+22 9.995990436057038245e+22 9.996087006069860073e+22 9.996182054374755585e+22 9.996275544272866692e+22 9.996367441379007345e+22 9.996457713538238828e+22 9.996546330743196667e+22 9.996633265051929254e+22 9.996718490506744771e+22 9.996801983053860071e+22 9.996883720463885061e+22 9.996963682253179506e+22 9.997041849606223167e+22 9.997118205299007685e+22 9.997192733623305896e+22 9.997265420312268243e+22 9.997336252466678517e+22 9.997405218483051744e+22 9.997472307982215256e+22 9.997537511739681564e+22 9.997600821617026191e+22 9.997662230494548958e+22 9.997721732205715338e+22 9.997779321472537330e+22 9.997834993842749492e+22 9.997888745628335551e+22 9.997940573845710910e+22 9.997990476157482225e+22 9.998038450815819265e+22 9.998084496607522954e+22 9.998128612800955679e+22 9.998170799094605703e+22 9.998211055567398083e+22 9.998249382631074221e+22 9.998285780984306178e+22 9.998320251568815866e+22 9.998352795527366574e+22 9.998383414163851654e+22 9.998412108905324321e+22 9.998438881266314196e+22 9.998463732814724255e+22 9.998486665140531259e+22 9.998507679826069946e+22 9.998526778418723081e+22 9.998543962405916692e+22 9.998559233191989320e+22 9.998572592077705367e+22 9.998584040241697810e+22 9.998593578724363757e+22 9.998601208413932644e+22 9.998606930034948676e+22 9.998610744138905787e+22 9.998612651097429377e+22 9.998612651097429377e+22
1.001973027514364786e+23 1.001973027514364786e+23 1.001972051212437658e+23 1.001969769960399459e+23 1.001965290162005790e+23 1.001956547653642328e+23 1.001939059878341462e+23 1.001903704204733621e+23 1.001833569663539342e+23 1.001701574865313176e+23 1.001474352771517697e+23 1.001131763332192141e+23 1.000702687308628969e+23 1.000276498069662005e+23 9.999256702679106611e+22 9.996730158718819867e+22 9.995060168582432083e+22 9.994000532945128915e+22 9.993324822964410620e+22 9.992872251909048212e+22 9.992544029945405584e+22 9.992284981121741174e+22 9.992066295053223880e+22 9.991873624981546153e+22 9.991700026720989584e+22 9.991542148015411167e+22 9.991398305160700625e+22 9.991267560769494765e+22 9.991149299956070534e+22 9.991043042928569300e+22 9.990948365328035558e+22 9.990864865939612815e+22 9.990792154483449764e+22 9.990729847550884446e+22 9.990677567642972193e+22 9.990634943261750329e+22 9.990601609267517378e+22 9.990577207229235279e+22 9.990561385691263638e+22 9.990553800352614213e+22 9.990554114173003052e+22 9.990561997424338089e+22 9.990577127702948060e+22 9.990599189913744808e+22 9.990627876234685789e+22 9.990662886067294700e+22 9.990703925977090621e+22 9.990750709626732492e+22 9.990802957703484486e+22 9.990860397842606221e+22 9.990922764546999950e+22 9.990989799104730418e+22 9.991061249503851971e+22 9.991136870345666986e+22 9.991216422756326729e+22 9.991299674297494353e+22 9.991386398875469428e+22 9.991476376650149737e+22 9.991569393942624050e+22 9.991665243142810187e+22 9.991763722616494149e+22 9.991864636612013562e+22 9.991967795166966291e+22 9.992073014014778121e+22 9.992180114491322453e+22 9.992288923441333640e+22 9.992399273125363896e+22 9.992511001126594255e+22 9.992623950257972681e+22 9.992737968469405860e+22 9.992852908755605311e+22 9.992968629063613048e+22 9.993084992201016790e+22 9.993201865744416820e+22 9.993319121947914666e+22 9.993436637652225884e+22 9.993554294193611656e+22 9.993671977313692864e+22 9.993789577068965528e+22 9.993906987740930297e+22 9.994024107746334343e+22 9.994140839547760542e+22 9.994257089564389461e+22 9.994372768083054952e+22 9.994487789169628571e+22 9.994602070580487887e+22 9.994715533674400868e+22 9.994828103324611589e+22 9.994939707831154115e+22 9.995050278833585809e+22 9.995159751223802855e+22 9.995268063059258429e+22 9.995375155476608686e+22 9.995480972605410771e+22 9.995585461482451632e+22 9.995688571966326833e+22 9.995790256652326378e+22 9.995890470787894320e+22 9.995989172188398748e+22 9.996086321153527566e+22 9.996181880383969480e+22 9.996275814898893586e+22 9.996368091953710812e+22 9.996458680958749717e+22 9.996547553398393668e+22 9.996634682750783403e+22 9.996720044408618510e+22 9.996803615600311219e+22 9.996885375312250851e+22 9.996965304211799749e+22 9.997043384571131435e+22 9.997119600192204571e+22 9.997193936332476803e+22 9.997266379631949041e+22 9.997336918040974773e+22 9.997405540749480349e+22 9.997472238117307653e+22 9.997537001605608715e+22 9.997599823709748593e+22 9.997660697893518547e+22 9.997719618524550477e+22 9.997776580811373832e+22 9.997831580741886856e+22 9.997884615023285764e+22 9.997935681023567620e+22 9.997984776714769662e+22 9.998031900617857827e+22 9.998077051749180585e+22 9.998120229568946110e+22 9.998161433931093639e+22 9.998200665035503567e+22 9.998237923381668846e+22 9.998273209724547419e+22 9.998306525032310479e+22 9.998337870446006685e+22 9.998367247241301721e+22 9.998394656792482782e+22 9.998420100538155873e+22 9.998443579949501645e+22 9.998465096500338124e+22 9.998484651639639638e+22 9.998502246766142816e+22 9.998517883205093373e+22 9.998531562187462489e+22 9.998543284831290550e+22 9.998553052125312582e+22 9.998560864915031484e+22 9.998566723890854861e+22 9.998570629578812188e+22 9.998572582333560390e+22 9.998572582333560390e+22
1.000387574442943631e+23 1.000387574442943631e+23 1.000386405635369782e+23 1.000383873426851323e+23 1.000379481033372315e+23 1.000372170712609530e+23 1.000359839488486314e+23 1.000338586253581825e+23 1.000301866500566978e+23 1.000240329697629024e+23 1.000144067567335296e+23 1.000009174952859895e+23 9.998467449866952901e+22 9.996832129683633157e+22 9.995419031447067951e+22 9.994325388092863886e+22 9.993532802556898994e+22 9.992970600859330360e+22 9.992563875552013215e+22 9.992254520450782698e+22 9.992004340036786559e+22 9.991790802142201958e+22 9.991601602832708613e+22 9.991430387224209365e+22 9.991273982955893870e+22 9.991130808779425605e+22 9.991000031177413650e+22 9.990881145477117929e+22 9.990773779555315771e+22 9.990677607336143906e+22 9.990592313636713975e+22 9.990517581772531486e+22 9.990453090609433621e+22 9.990398515150387465e+22 9.990353528174712927e+22 9.990317801967862363e+22 9.990291009823321987e+22 9.990272827251858237e+22 9.990262932923147407e+22 9.990261009388843460e+22 9.990266743633870638e+22 9.990279827496494747e+22 9.990299957987955966e+22 9.990326837534850967e+22 9.990360174162143819e+22 9.990399681629464088e+22 9.990445079530939666e+22 9.990496093365379216e+22 9.990552454582830629e+22 9.990613900611662800e+22 9.990680174869247689e+22 9.990751026759529293e+22 9.990826211658902274e+22 9.990905490892665127e+22 9.990988631703136764e+22 9.991075407210817257e+22 9.991165596369305784e+22 9.991258983915267608e+22 9.991355360313669897e+22 9.991454521699118508e+22 9.991556269814079239e+22 9.991660411943703387e+22 9.991766760848567881e+22 9.991875134695034742e+22 9.991985356983659345e+22 9.992097256475993099e+22 9.992210667120003698e+22 9.992325427974181696e+22 9.992441383130690801e+22 9.992558381637367235e+22 9.992676277419304708e+22 9.992794929199077078e+22 9.992914200417256289e+22 9.993033959151500893e+22 9.993154078035832472e+22 9.993274434179178902e+22 9.993394909083608914e+22 9.993515388562390489e+22 9.993635762657648286e+22 9.993755925557838191e+22 9.993875775515033967e+22 9.993995214761935399e+22 9.994114149428866371e+22 9.994232489460694096e+22 9.994350148533374209e+22 9.994467043970589812e+22 9.994583096660551585e+22 9.994698230972302964e+22 9.994812374672421264e+22 9.994925458841349705e+22 9.995037417790333413e+22 9.995148188977714535e+22 9.995257712925898441e+22 9.995365933138053169e+22 9.995472796015288700e+22 9.995578250773660067e+22 9.995682249361591579e+22 9.995784746377638262e+22 9.995885698988195289e+22 9.995985066845860056e+22 9.996082812007925101e+22 9.996178898855352546e+22 9.996273294012260234e+22 9.996365966265624297e+22 9.996456886485825618e+22 9.996546027547572096e+22 9.996633364251399737e+22 9.996718873246017624e+22 9.996802532951146155e+22 9.996884323481227677e+22 9.996964226569967606e+22 9.997042225495692594e+22 9.997118305007641507e+22 9.997192451253142238e+22 9.997264651705892471e+22 9.997334895095309140e+22 9.997403171336968418e+22 9.997469471464189906e+22 9.997533787560964679e+22 9.997596112695926876e+22 9.997656440858036562e+22 9.997714766893326270e+22 9.997771086443209504e+22 9.997825395884289111e+22 9.997877692269695756e+22 9.997927973272023571e+22 9.997976237127881458e+22 9.998022482584236196e+22 9.998066708846371196e+22 9.998108915527685715e+22 9.998149102601349628e+22 9.998187270353838932e+22 9.998223419340343581e+22 9.998257550342109738e+22 9.998289664325947962e+22 9.998319762405501331e+22 9.998347845804937865e+22 9.998373915824480059e+22 9.998397973807979561e+22 9.998420021113273503e+22 9.998440059083815911e+22 9.998458089023345787e+22 9.998474112172454366e+22 9.998488129687338457e+22 9.998500142621113975e+22 9.998510151907206496e+22 9.998518158345246658e+22 9.998524162589114709e+22 9.998528165137577148e+22 9.998530166327069167e+22 9.998530166327069167e+22
9.997372845182191193e+22 9.997372845182191193e+22 9.997360908565412735e+22 9.997335937522595371e+22 9.997295286477945569e+22 9.997233742395825403e+22 9.997141789247335825e+22 9.997003280686301525e+22 9.996793575549508885e+22 9.996481058213878510e+22 9.996036897620920317e+22 9.995455917801055715e+22 9.994778988462175420e+22 9.994088360112555662e+22 9.993460798381714781e+22 9.992935334686980519e+22 9.992513933876136824e+22 9.992178185591091049e+22 9.991904839786025085e+22 9.991674189497994576e+22 9.991472475044617545e+22 9.991291224537023539e+22 9.991125683689401981e+22 9.990973368993058914e+22 9.990833045666552768e+22 9.990704103537685771e+22 9.990586212937446824e+22 9.990479150604768772e+22 9.990382719097547155e+22 9.990296713737887390e+22 9.990220911977707025e+22 9.990155072433918312e+22 9.990098937532549326e+22 9.990052237081978916e+22 9.990014691704432702e+22 9.989986015776852882e+22 9.989965919830236411e+22 9.989954112464448861e+22 9.989950301864005625e+22 9.989954196995899707e+22 9.989965508558371737e+22 9.989983949735634718e+22 9.990009236800234796e+22 9.990041089596248503e+22 9.990079231927930323e+22 9.990123391872242024e+22 9.990173302031101460e+22 9.990228699733484267e+22 9.990289327196835781e+22 9.990354931654938591e+22 9.990425265457240369e+22 9.990500086144661717e+22 9.990579156505090169e+22 9.990662244611830212e+22 9.990749123847275938e+22 9.990839572913926963e+22 9.990933375834494127e+22 9.991030321942447207e+22 9.991130205864335088e+22 9.991232827494822943e+22 9.991337991965468158e+22 9.991445509607998358e+22 9.991555195912687138e+22 9.991666871482305636e+22 9.991780361982651557e+22 9.991895498089461029e+22 9.992012115432325723e+22 9.992130054536267878e+22 9.992249160760830617e+22 9.992369284237057694e+22 9.992490279802788800e+22 9.992612006936028853e+22 9.992734329687183144e+22 9.992857116609772467e+22 9.992980240689876540e+22 9.993103579274715070e+22 9.993227013999977248e+22 9.993350430716663012e+22 9.993473719416644226e+22 9.993596774157789639e+22 9.993719492988410370e+22 9.993841777870970552e+22 9.993963534605291304e+22 9.994084672751370502e+22 9.994205105551472748e+22 9.994324749852113633e+22 9.994443526025527270e+22 9.994561357890618760e+22 9.994678172634017327e+22 9.994793900730520437e+22 9.994908475863549660e+22 9.995021834845260926e+22 9.995133917536597731e+22 9.995244666767330928e+22 9.995354028255848536e+22 9.995461950528975746e+22 9.995568384842066716e+22 9.995673285098692044e+22 9.995776607770834580e+22 9.995878311819145642e+22 9.995978358613154254e+22 9.996076711852112242e+22 9.996173337485877916e+22 9.996268203636011146e+22 9.996361280517695550e+22 9.996452540361709348e+22 9.996541957337050513e+22 9.996629507474083702e+22 9.996715168588348208e+22 9.996798920204785340e+22 9.996880743483068069e+22 9.996960621143435667e+22 9.997038537393330297e+22 9.997114477855073790e+22 9.997188429494316171e+22 9.997260380549695511e+22 9.997330320463346690e+22 9.997398239812552701e+22 9.997464130242885766e+22 9.997527984401902102e+22 9.997589795874905312e+22 9.997649559121476505e+22 9.997707269413754267e+22 9.997762922775930995e+22 9.997816515925369894e+22 9.997868046215384610e+22 9.997917511579376130e+22 9.997964910477018189e+22 9.998010241841721088e+22 9.998053505030303410e+22 9.998094699774091461e+22 9.998133826132250093e+22 9.998170884446729168e+22 9.998205875299417902e+22 9.998238799471075918e+22 9.998269657902450370e+22 9.998298451657476801e+22 9.998325181888431181e+22 9.998349849803487812e+22 9.998372456636280419e+22 9.998393003617807027e+22 9.998411491950322935e+22 9.998427922783859324e+22 9.998442297194802106e+22 9.998454616166883341e+22 9.998464880574440931e+22 9.998473091168030478e+22 9.998479248562585600e+22 9.998483353227668698e+22 9.998485405480360765e+22 9.998485405480360765e+22
9.994423810203288443e+22 9.994423810203288443e+22 9.994412289056015647e+22 9.994388642550859694e+22 9.994351490963512020e+22 9.994298312601727559e+22 9.994224879602975638e+22 9.994124630101282993e+22 9.993988447394782721e+22 9.993805829285999123e+22 9.993568677991081312e+22 9.993277770477891014e+22 9.992948320910635015e+22 9.992607438927310304e+22 9.992281529293790931e+22 9.991986428401585593e+22 9.991726212733644833e+22 9.991497417916974262e+22 9.991293858248709793e+22 9.991109701549860848e+22 9.990940673436393092e+22 9.990784113556422918e+22 9.990638575895643475e+22 9.990503374813667944e+22 9.990378233613266400e+22 9.990263059069868494e+22 9.990157815020623023e+22 9.990062460150494737e+22 9.989976922442795739e+22 9.989901092447995298e+22 9.989834825121509514e+22 9.989777944879377783e+22 9.989730251324569892e+22 9.989691524571757281e+22 9.989661529813130045e+22 9.989640021087433733e+22 9.989626744334952746e+22 9.989621439856239863e+22 9.989623844288187073e+22 9.989633692195565968e+22 9.989650717357531516e+22 9.989674653812867780e+22 9.989705236712606034e+22 9.989742203019168265e+22 9.989785292081716632e+22 9.989834246111131546e+22 9.989888810573410546e+22 9.989948734515142931e+22 9.990013770833487043e+22 9.990083676499246842e+22 9.990158212740896155e+22 9.990237145195268276e+22 9.990320244029923944e+22 9.990407284041504417e+22 9.990498044733144904e+22 9.990592310374033680e+22 9.990689870043264372e+22 9.990790517660202723e+22 9.990894052002892874e+22 9.991000276716346986e+22 9.991109000311256750e+22 9.991220036155151797e+22 9.991333202456107339e+22 9.991448322240197270e+22 9.991565223323717809e+22 9.991683738279961900e+22 9.991803704401854674e+22 9.991924963660565735e+22 9.992047362660713995e+22 9.992170752592128141e+22 9.992294989179046907e+22 9.992419932626426947e+22 9.992545447564255900e+22 9.992671402989608921e+22 9.992797672206641607e+22 9.992924132764977358e+22 9.993050666396680402e+22 9.993177158951289383e+22 9.993303500330043965e+22 9.993429584418512568e+22 9.993555309018221851e+22 9.993680575777292996e+22 9.993805290119948875e+22 9.993929361175321615e+22 9.994052701705302180e+22 9.994175228031765840e+22 9.994296859963012468e+22 9.994417520719515615e+22 9.994537136859196791e+22 9.994655638202236692e+22 9.994772957755284128e+22 9.994889031635133111e+22 9.995003798992378135e+22 9.995117201934438629e+22 9.995229185448439133e+22 9.995339697323790828e+22 9.995448688074732811e+22 9.995556110862645199e+22 9.995661921418222974e+22 9.995766077963948471e+22 9.995868541136073969e+22 9.995969273907312276e+22 9.996068241509148158e+22 9.996165411354706759e+22 9.996260752961526406e+22 9.996354237875064563e+22 9.996445839592331307e+22 9.996535533485890208e+22 9.996623296728446429e+22 9.996709108218176366e+22 9.996792948504243523e+22 9.996874799713364633e+22 9.996954645477036812e+22 9.997032470859257951e+22 9.997108262285673182e+22 9.997182007473041782e+22 9.997253695360177118e+22 9.997323316039611371e+22 9.997390860690609144e+22 9.997456321513159184e+22 9.997519691663294857e+22 9.997580965189706475e+22 9.997640136971764577e+22 9.997697202658910562e+22 9.997752158611438148e+22 9.997805001842954233e+22 9.997855729964410103e+22 9.997904341129687885e+22 9.997950833983039209e+22 9.997995207608104282e+22 9.998037461478898926e+22 9.998077595412637050e+22 9.998115609524321439e+22 9.998151504183492084e+22 9.998185279972826730e+22 9.998216937648944264e+22 9.998246478105045212e+22 9.998273902335963116e+22 9.998299211405180535e+22 9.998322406414203906e+22 9.998343488473976852e+22 9.998362458678630547e+22 9.998379318081814423e+22 9.998394067674766665e+22 9.998406708367226778e+22 9.998417240970562739e+22 9.998425666183067442e+22 9.998431984578055268e+22 9.998436196593983658e+22 9.998438302527262399e+22 9.998438302527262399e+22
9.992830401316762996e+22 9.992830401316762996e+22 9.992819559880493472e+22 9.992797548724524941e+22 9.992763654831812169e+22 9.992716667098544839e+22 9.992654723064587197e+22 9.992575189180273918e+22 9.992474756506893209e+22 9.992350055064517214e+22 9.992199059573162220e+22 9.992023085186475989e+22 9.991828173718776132e+22 9.991624067682628377e+22 9.991420636795644779e+22 9.991224810808366701e+22 9.991039818266287958e+22 9.990866170135663188e+22 9.990703086943268871e+22 9.990549553865140732e+22 9.990404827105736209e+22 9.990268544212344085e+22 9.990140644439228626e+22 9.990021241304930635e+22 9.989910514411194915e+22 9.989808638732408770e+22 9.989715747161633299e+22 9.989631915835010528e+22 9.989557162642582484e+22 9.989491452219007959e+22 9.989434703398120823e+22 9.989386797009874400e+22 9.989347583049442158e+22 9.989316886873775066e+22 9.989294514388160479e+22 9.989280256316251780e+22 9.989273891688731063e+22 9.989275190687319038e+22 9.989283916964852610e+22 9.989299829543534592e+22 9.989322684373498488e+22 9.989352235618303948e+22 9.989388236719427630e+22 9.989430441281729436e+22 9.989478603812643222e+22 9.989532480341474175e+22 9.989591828939905224e+22 9.989656410159952848e+22 9.989725987403304062e+22 9.989800327233104196e+22 9.989879199636391146e+22 9.989962378245252632e+22 9.990049640522497969e+22 9.990140767916667804e+22 9.990235545990596238e+22 9.990333764527451223e+22 9.990435217616627198e+22 9.990539703722447785e+22 9.990647025737612971e+22 9.990756991023189275e+22 9.990869411437053844e+22 9.990984103351869558e+22 9.991100887663622960e+22 9.991219589792182934e+22 9.991340039674559621e+22 9.991462071751514522e+22 9.991585524948509970e+22 9.991710242651242915e+22 9.991836072676657254e+22 9.991962867239471599e+22 9.992090482915235856e+22 9.992218780599498834e+22 9.992347625464170702e+22 9.992476886910786706e+22 9.992606438521266032e+22 9.992736158006251409e+22 9.992865927151172033e+22 9.992995631760397251e+22 9.993125161599469250e+22 9.993254410335636213e+22 9.993383275476739634e+22 9.993511658308772875e+22 9.993639463831797236e+22 9.993766600694947014e+22 9.993892981129974959e+22 9.994018520883940400e+22 9.994143139150553521e+22 9.994266758501059946e+22 9.994389304813658990e+22 9.994510707202772592e+22 9.994630897947069383e+22 9.994749812417112939e+22 9.994867389002144337e+22 9.994983569036676799e+22 9.995098296726290065e+22 9.995211519073095936e+22 9.995323185800873299e+22 9.995433249279917949e+22 9.995541664451451159e+22 9.995648388752187641e+22 9.995753382038356571e+22 9.995856606510031307e+22 9.995958026635199067e+22 9.996057609074013477e+22 9.996155322603115905e+22 9.996251138040163153e+22 9.996345028168595066e+22 9.996436967662672255e+22 9.996526933013057398e+22 9.996614902452512306e+22 9.996700855882517735e+22 9.996784774800092850e+22 9.996866642225542463e+22 9.996946442630722696e+22 9.997024161868184080e+22 9.997099787101277677e+22 9.997173306734764517e+22 9.997244710346923232e+22 9.997313988622387511e+22 9.997381133286178082e+22 9.997446137038912461e+22 9.997508993493331712e+22 9.997569697112068719e+22 9.997628243146805608e+22 9.997684627578815303e+22 9.997738847061257958e+22 9.997790898862655170e+22 9.997840780812390865e+22 9.997888491247582891e+22 9.997934028961870565e+22 9.997977393155960472e+22 9.998018583390049639e+22 9.998057599538035478e+22 9.998094441743911800e+22 9.998129110379879465e+22 9.998161606006785704e+22 9.998191929336491147e+22 9.998220081196402790e+22 9.998246062496241680e+22 9.998269874196870857e+22 9.998291517281713678e+22 9.998310992729963967e+22 9.998328301492572783e+22 9.998343444470305495e+22 9.998356422494241633e+22 9.998367236308660440e+22 9.998375886556364171e+22 9.998382373766319990e+22 9.998386698343883892e+22 9.998388860563514353e+22 9.998388860563514353e+22
9.991757694260092495e+22 9.991757694260092495e+22 9.991747644947980039e+22 9.991727371083866702e+22 9.991696509408827251e+22 9.991654485849649290e+22 9.991600494377148665e+22 9.991533509636888147e+22 9.991452396674052470e+22 9.991356202936124729e+22 9.991244677564512338e+22 9.991118896343437174e+22 9.990981609923316128e+22 9.990836860710213491e+22 9.990688910037521269e+22 9.990541246678302091e+22 9.990396213982724830e+22 9.990255187746857209e+22 9.990118963769234371e+22 9.989988090491297805e+22 9.989863055191763950e+22 9.989744345756281812e+22 9.989632444096474356e+22 9.989527797230690579e+22 9.989430790968170460e+22 9.989341734721854374e+22 9.989260857253328794e+22 9.989188310075666806e+22 9.989124175077065517e+22 9.989068473806431139e+22 9.989021176848252404e+22 9.988982212468203638e+22 9.988951474198248266e+22 9.988928827301571225e+22 9.988914114192866279e+22 9.988907158942637674e+22 9.988907771005626011e+22 9.988915748303841473e+22 9.988930879779529294e+22 9.988952947513415749e+22 9.988981728488100934e+22 9.989016996061390255e+22 9.989058521201117653e+22 9.989106073524606547e+22 9.989159422175982335e+22 9.989218336569351052e+22 9.989282587020075676e+22 9.989351945282227536e+22 9.989426185006842538e+22 9.989505082133504747e+22 9.989588415224600540e+22 9.989675965751313092e+22 9.989767518337630208e+22 9.989862860968244229e+22 9.989961785165145650e+22 9.990064086137301054e+22 9.990169562906644972e+22 9.990278018412697564e+22 9.990389259599905135e+22 9.990503097488030617e+22 9.990619347228931024e+22 9.990737828150498663e+22 9.990858363789319655e+22 9.990980781913522831e+22 9.991104914536805486e+22 9.991230597924065483e+22 9.991357672590397984e+22 9.991485983293362825e+22 9.991615379019334576e+22 9.991745712964883186e+22 9.991876842513232193e+22 9.992008629206260908e+22 9.992140938712870971e+22 9.992273640793500864e+22 9.992406609261387317e+22 9.992539721940878964e+22 9.992672860622829073e+22 9.992805911017612640e+22 9.992938762705606751e+22 9.993071309085488238e+22 9.993203447320544910e+22 9.993335078283203366e+22 9.993466106497518377e+22 9.993596440080197616e+22 9.993725990680161734e+22 9.993854673416555908e+22 9.993982406815444369e+22 9.994109112745303684e+22 9.994234716351378542e+22 9.994359145988967157e+22 9.994482333155538973e+22 9.994604212422263492e+22 9.994724721364451931e+22 9.994843800491285860e+22 9.994961393174742198e+22 9.995077445578175965e+22 9.995191906583926591e+22 9.995304727720917520e+22 9.995415863091235756e+22 9.995525269296931196e+22 9.995632905366005613e+22 9.995738732678609686e+22 9.995842714892773622e+22 9.995944817870248503e+22 9.996045009602178187e+22 9.996143260134831607e+22 9.996239541495596791e+22 9.996333827618958108e+22 9.996426094272939924e+22 9.996516318985781772e+22 9.996604480972897072e+22 9.996690561064548224e+22 9.996774541633946177e+22 9.996856406525905312e+22 9.996936140986327132e+22 9.997013731592472468e+22 9.997089166183720236e+22 9.997162433793852912e+22 9.997233524583806743e+22 9.997302429775686953e+22 9.997369141587863405e+22 9.997433653171378245e+22 9.997495958547491036e+22 9.997556052546587879e+22 9.997613930748518282e+22 9.997669589424509079e+22 9.997723025480340000e+22 9.997774236401503987e+22 9.997823220199701296e+22 9.997869975361148892e+22 9.997914500796914860e+22 9.997956795794641964e+22 9.997996859972650218e+22 9.998034693235707111e+22 9.998070295732837941e+22 9.998103667817268537e+22 9.998134810008377885e+22 9.998163722955994536e+22 9.998190407406617362e+22 9.998214864172005248e+22 9.998237094100118956e+22 9.998257098048128261e+22 9.998274876858079956e+22 9.998290431334597578e+22 9.998303762225225217e+22 9.998314870203088267e+22 9.998323755851936537e+22 9.998330419653688846e+22 9.998334861978614995e+22 9.998337083077735691e+22 9.998337083077735691e+22
9.990888124189091928e+22 9.990888124189091928e+22 9.990878917878775546e+22 9.990860416306140466e+22 9.990832443574445094e+22 9.990794742680104259e+22 9.990746990643354010e+22 9.990688834890186411e+22 9.990619970428522935e+22 9.990540278135420617e+22 9.990450023376235790e+22 9.990350059788350102e+22 9.990241917724472535e+22 9.990127660635264752e+22 9.990009538178462410e+22 9.989889642085311788e+22 9.989769727607167779e+22 9.989651207161195476e+22 9.989535231169595336e+22 9.989422775008716286e+22 9.989314694633192266e+22 9.989211749296515527e+22 9.989114604564810144e+22 9.989023828845013657e+22 9.988939891306389727e+22 9.988863164008067026e+22 9.988793928034232251e+22 9.988732382270816938e+22 9.988678653366008126e+22 9.988632805764654275e+22 9.988594851128534473e+22 9.988564756797068201e+22 9.988542453175053346e+22 9.988527840068439219e+22 9.988520792058852331e+22 9.988521163033652756e+22 9.988528789992526735e+22 9.988543496242522908e+22 9.988565094082190456e+22 9.988593387058911563e+22 9.988628171872420862e+22 9.988669239983819299e+22 9.988716378979273225e+22 9.988769373729742809e+22 9.988828007379621433e+22 9.988892062192003711e+22 9.988961320273192786e+22 9.989035564195151820e+22 9.989114577531083057e+22 9.989198145317146880e+22 9.989286054450865321e+22 9.989378094035212698e+22 9.989474055675568980e+22 9.989573733736042096e+22 9.989676925560427223e+22 9.989783431662317810e+22 9.989893055888069388e+22 9.990005605556032006e+22 9.990120891574957113e+22 9.990238728543756563e+22 9.990358934834878664e+22 9.990481332663344746e+22 9.990605748142328722e+22 9.990732011327621746e+22 9.990859956251500374e+22 9.990989420947036753e+22 9.991120247464600692e+22 9.991252281880115728e+22 9.991385374296929783e+22 9.991519378841270223e+22 9.991654153652157389e+22 9.991789560866014862e+22 9.991925466596847177e+22 9.992061740911761870e+22 9.992198257802943136e+22 9.992334895155645933e+22 9.992471534713030941e+22 9.992608062037873918e+22 9.992744366471369248e+22 9.992880341089304497e+22 9.993015882655775431e+22 9.993150891574537119e+22 9.993285271838298158e+22 9.993418930975879148e+22 9.993551779997587761e+22 9.993683733338929496e+22 9.993814708802380680e+22 9.993944627497928334e+22 9.994073413782076601e+22 9.994200995195361690e+22 9.994327302398851783e+22 9.994452269109333302e+22 9.994575832033379798e+22 9.994697930800674269e+22 9.994818507895949020e+22 9.994937508590541341e+22 9.995054880872964345e+22 9.995170575378801702e+22 9.995284545319949723e+22 9.995396746413428284e+22 9.995507136809564268e+22 9.995615677020002216e+22 9.995722329845225069e+22 9.995827060301744413e+22 9.995929835549488683e+22 9.996030624818693092e+22 9.996129399337083155e+22 9.996226132256794817e+22 9.996320798581898556e+22 9.996413375095623175e+22 9.996503840288227197e+22 9.996592174285259486e+22 9.996678358775915505e+22 9.996762376942329738e+22 9.996844213389215400e+22 9.996923854074389987e+22 9.997001286239768910e+22 9.997076498343635871e+22 9.997149479993337709e+22 9.997220221879408656e+22 9.997288715710528435e+22 9.997354954149601057e+22 9.997418930751224467e+22 9.997480639900441956e+22 9.997540076752587457e+22 9.997597237174993106e+22 9.997652117689847723e+22 9.997704715418785022e+22 9.997755028029246852e+22 9.997803053682287601e+22 9.997848790982323077e+22 9.997892238928751729e+22 9.997933396869297209e+22 9.997972264455412856e+22 9.998008841599909154e+22 9.998043128436129740e+22 9.998075125279669145e+22 9.998104832592266553e+22 9.998132250947447738e+22 9.998157380999052683e+22 9.998180223451494613e+22 9.998200779032644656e+22 9.998219048469127391e+22 9.998235032463718587e+22 9.998248731675333335e+22 9.998260146701690156e+22 9.998269278063979974e+22 9.998276126194256367e+22 9.998280691425553783e+22 9.998282973983977085e+22 9.998282973983977085e+22
9.990100578546541920e+22 9.990100578546541920e+22 9.990092235265754425e+22 9.990075509871329935e+22 9.990050330544987911e+22 9.990016604909860395e+22 9.989974240926806468e+22 9.989923179787182722e+22 9.989863445466872336e+22 9.989795213579419176e+22 9.989718893155126031e+22 9.989635198041171427e+22 9.989545169201685489e+22 9.989450116932181164e+22 9.989351495441330051e+22 9.989250768476976447e+22 9.989149317548583420e+22 9.989048403637394683e+22 9.988949163742297745e+22 9.988852619277947948e+22 9.988759683013264645e+22 9.988671161483270082e+22 9.988587755044598501e+22 9.988510058550727069e+22 9.988438564401749950e+22 9.988373668293473888e+22 9.988315677089769456e+22 9.988264817922254517e+22 9.988221247674088686e+22 9.988185062219018404e+22 9.988156305019320979e+22 9.988134974881324335e+22 9.988121032803645129e+22 9.988114407936314940e+22 9.988115002717586326e+22 9.988122697274532823e+22 9.988137353179819934e+22 9.988158816653099926e+22 9.988186921288472094e+22 9.988221490378714382e+22 9.988262338899408952e+22 9.988309275204531519e+22 9.988362102479309609e+22 9.988420619987222685e+22 9.988484624143056110e+22 9.988553909438250169e+22 9.988628269240502190e+22 9.988707496486185730e+22 9.988791384281015176e+22 9.988879726421776898e+22 9.988972317850104286e+22 9.989068955047720439e+22 9.989169436380426456e+22 9.989273562397870024e+22 9.989381136094593863e+22 9.989491963136984482e+22 9.989605852060520232e+22 9.989722614440650605e+22 9.989842065040432379e+22 9.989964021937430803e+22 9.990088306632679227e+22 9.990214744142841381e+22 9.990343163078057656e+22 9.990473395706784016e+22 9.990605278008618412e+22 9.990738649716888070e+22 9.990873354351566389e+22 9.991009239243556284e+22 9.991146155551141921e+22 9.991283958269555088e+22 9.991422506233751824e+22 9.991561662115587136e+22 9.991701292415352570e+22 9.991841267448567510e+22 9.991981461328047689e+22 9.992121751941779397e+22 9.992262020927057402e+22 9.992402153640831222e+22 9.992542039126801646e+22 9.992681570079472196e+22 9.992820642805133712e+22 9.992959157180436369e+22 9.993097016608007232e+22 9.993234127970131719e+22 9.993370401579864791e+22 9.993505751130519791e+22 9.993640093642486343e+22 9.993773349409006394e+22 9.993905441939717200e+22 9.994036297902667596e+22 9.994165847065074283e+22 9.994294022232214182e+22 9.994420759185550056e+22 9.994545996619071042e+22 9.994669676074814459e+22 9.994791741877382650e+22 9.994912141067265298e+22 9.995030823333306093e+22 9.995147740944686226e+22 9.995262848681622739e+22 9.995376103765999773e+22 9.995487465790952912e+22 9.995596896650450174e+22 9.995704360467923416e+22 9.995809823525112801e+22 9.995913254190496874e+22 9.996014622847299853e+22 9.996113901821750569e+22 9.996211065311411883e+22 9.996306089313337292e+22 9.996398951552521129e+22 9.996489631410639025e+22 9.996578109855222884e+22 9.996664369369146248e+22 9.996748393880576066e+22 9.996830168693734795e+22 9.996909680420127244e+22 9.996986916910701897e+22 9.997061867188720239e+22 9.997134521383803840e+22 9.997204870666511607e+22 9.997272907184760842e+22 9.997338624000587203e+22 9.997402015028792105e+22 9.997463074976595077e+22 9.997521799284878266e+22 9.997578184070727834e+22 9.997632226071637970e+22 9.997683922591372490e+22 9.997733271447463893e+22 9.997780270920443835e+22 9.997824919705002967e+22 9.997867216862929171e+22 9.997907161778136233e+22 9.997944754113489351e+22 9.997979993769954299e+22 9.998012880847744742e+22 9.998043415609491220e+22 9.998071598445982070e+22 9.998097429843879028e+22 9.998120910355788359e+22 9.998142040572835135e+22 9.998160821099383331e+22 9.998177252530435234e+22 9.998191335431275649e+22 9.998203070319652818e+22 9.998212457650511151e+22 9.998219497803250611e+22 9.998224191071370137e+22 9.998226537654790390e+22 9.998226537654790390e+22
9.989348557521039445e+22 9.989348557521039445e+22 9.989341077421814291e+22 9.989326108378660654e+22 9.989303638605810788e+22 9.989273665292490454e+22 9.989236212798992469e+22 9.989191357525092676e+22 9.989139259535050093e+22 9.989080199496337247e+22 9.989014615958577218e+22 9.988943132954065476e+22 9.988866564765024204e+22 9.988785889132597897e+22 9.988702193835484748e+22 9.988616614802180853e+22 9.988530283442633441e+22 9.988444290291559144e+22 9.988359662637977646e+22 9.988277350727931239e+22 9.988198218551474625e+22 9.988123037630425832e+22 9.988052483677250755e+22 9.987987136299359692e+22 9.987927481625546955e+22 9.987873917349767256e+22 9.987826759471625509e+22 9.987786249994377573e+22 9.987752564950531310e+22 9.987725822288842667e+22 9.987706089318472116e+22 9.987693389537895409e+22 9.987687708775235453e+22 9.987689000630786143e+22 9.987697191253151895e+22 9.987712183501762173e+22 9.987733860558096774e+22 9.987762089049407147e+22 9.987796721747494332e+22 9.987837599898149899e+22 9.987884555233170293e+22 9.987937411709134071e+22 9.987995987011902112e+22 9.988060093860326408e+22 9.988129541137926980e+22 9.988204134876748081e+22 9.988283679114214244e+22 9.988367976640575386e+22 9.988456829651963295e+22 9.988550040321816894e+22 9.988647411301192250e+22 9.988748746157666284e+22 9.988853849760246373e+22 9.988962528617186302e+22 9.989074591172535307e+22 9.989189848066396311e+22 9.989308112362899767e+22 9.989429199750084061e+22 9.989552928714329896e+22 9.989679120692583334e+22 9.989807600204744806e+22 9.989938194967913562e+22 9.990070735994804503e+22 9.990205057678033551e+22 9.990340997861118837e+22 9.990478397898237778e+22 9.990617102703001810e+22 9.990756960788116039e+22 9.990897824296069811e+22 9.991039549022119815e+22 9.991181994429839206e+22 9.991325023660219249e+22 9.991468503534843566e+22 9.991612304553044397e+22 9.991756300884500493e+22 9.991900370356540119e+22 9.992044394437561811e+22 9.992188258215921923e+22 9.992331850375312389e+22 9.992475063166539766e+22 9.992617792376039434e+22 9.992759937291086358e+22 9.992901400662484242e+22 9.993042088664137466e+22 9.993181910850420185e+22 9.993320780110990252e+22 9.993458612623237553e+22 9.993595327802861683e+22 9.993730848252224969e+22 9.993865099706989176e+22 9.993998010980863102e+22 9.994129513908690905e+22 9.994259543288230130e+22 9.994388036819968485e+22 9.994514935046063155e+22 9.994640181287837290e+22 9.994763721581996383e+22 9.994885504615863183e+22 9.995005481661624431e+22 9.995123606509735379e+22 9.995239835401191843e+22 9.995354126959545575e+22 9.995466442121901244e+22 9.995576744069522522e+22 9.995684998157921419e+22 9.995791171846617117e+22 9.995895234628559254e+22 9.995997157959480744e+22 9.996096915186831170e+22 9.996194481479099403e+22 9.996289833754854372e+22 9.996382950612112979e+22 9.996473812258015045e+22 9.996562400438647574e+22 9.996648698369400845e+22 9.996732690665911720e+22 9.996814363275433083e+22 9.996893703409055564e+22 9.996970699474672497e+22 9.997045341010669653e+22 9.997117618620843059e+22 9.997187523910071799e+22 9.997255049421364868e+22 9.997320188573948209e+22 9.997382935602568102e+22 9.997443285498473952e+22 9.997501233951657689e+22 9.997556777294472256e+22 9.997609912447157666e+22 9.997660636864885398e+22 9.997708948486497291e+22 9.997754845685188919e+22 9.997798327221051877e+22 9.997839392195483376e+22 9.997878040007691312e+22 9.997914270313294804e+22 9.997948082984921229e+22 9.997979478075183936e+22 9.998008455781740341e+22 9.998035016414640105e+22 9.998059160366208359e+22 9.998080888082967350e+22 9.998100200040230709e+22 9.998117096719111946e+22 9.998131578585754265e+22 9.998143646073600396e+22 9.998153299567585106e+22 9.998160539391241906e+22 9.998165365796432039e+22 9.998167778955288065e+22 9.998167778955288065e+22
9.988613910994150333e+22 9.988613910994150333e+22 9.988607279690400609e+22 9.988594026486940094e+22 9.988574175068934688e+22 9.988547772997971424e+22 9.988514905686551613e+22 9.988475714155126456e+22 9.988430415508586837e+22 9.988379324209622208e+22 9.988322870903223353e+22 9.988261614156089655e+22 9.988196240175540260e+22 9.988127547796408920e+22 9.988056420740865248e+22 9.987983793479196082e+22 9.987910617557360863e+22 9.987837832569582676e+22 9.987766342936225120e+22 9.987697000041882321e+22 9.987630589011233341e+22 9.987567819630214486e+22 9.987509321082186236e+22 9.987455640123619043e+22 9.987407242177600396e+22 9.987364514700678136e+22 9.987327772145292516e+22 9.987297261891798801e+22 9.987273170632468070e+22 9.987255630815060558e+22 9.987244726874574894e+22 9.987240501082961687e+22 9.987242958922916141e+22 9.987252073948341548e+22 9.987267792130577688e+22 9.987290035712820249e+22 9.987318706608517048e+22 9.987353689385239524e+22 9.987394853877526089e+22 9.987442057471556426e+22 9.987495147101084870e+22 9.987553960990828030e+22 9.987618330180042359e+22 9.987688079855173658e+22 9.987763030515969216e+22 9.987842998997812563e+22 9.987927799368715652e+22 9.988017243717299392e+22 9.988111142845959425e+22 9.988209306881499752e+22 9.988311545813330716e+22 9.988417669968411859e+22 9.988527490430543069e+22 9.988640819411048779e+22 9.988757470576027632e+22 9.988877259335900384e+22 9.989000003100856445e+22 9.989125521506551045e+22 9.989253636613061214e+22 9.989384173080055015e+22 9.989516958320828193e+22 9.989651822636968182e+22 9.989788599336027816e+22 9.989927124833973725e+22 9.990067238743345568e+22 9.990208783949142740e+22 9.990351606673025742e+22 9.990495556527348882e+22 9.990640486559648422e+22 9.990786253288599506e+22 9.990932716731821038e+22 9.991079740426759963e+22 9.991227191444747216e+22 9.991374940398879664e+22 9.991522861446466214e+22 9.991670832285877063e+22 9.991818734148869790e+22 9.991966451788125569e+22 9.992113873460743740e+22 9.992260890907629322e+22 9.992407399329452943e+22 9.992553297358850988e+22 9.992698487029600826e+22 9.992842873742549634e+22 9.992986366229026649e+22 9.993128876510973788e+22 9.993270319859249237e+22 9.993410614748793694e+22 9.993549682812066883e+22 9.993687448790121841e+22 9.993823840481541777e+22 9.993958788689734454e+22 9.994092227168253562e+22 9.994224092564556454e+22 9.994354324361862709e+22 9.994482864820053030e+22 9.994609658914692452e+22 9.994734654275083829e+22 9.994857801120942234e+22 9.994979052198165060e+22 9.995098362713410948e+22 9.995215690267948902e+22 9.995330994790549422e+22 9.995444238469739787e+22 9.995555385685505684e+22 9.995664402940310009e+22 9.995771258789895235e+22 9.995875923773426447e+22 9.995978370343839046e+22 9.996078572797564027e+22 9.996176507204684428e+22 9.996272151338576721e+22 9.996365484606332338e+22 9.996456487978826885e+22 9.996545143921633237e+22 9.996631436325844052e+22 9.996715350439845534e+22 9.996796872801495548e+22 9.996875991171110378e+22 9.996952694465109164e+22 9.997026972690602892e+22 9.997098816881201408e+22 9.997168219033468037e+22 9.997235172044929447e+22 9.997299669653023359e+22 9.997361706375635062e+22 9.997421277452917382e+22 9.997478378790640733e+22 9.997533006905053125e+22 9.997585158869641016e+22 9.997634832263165247e+22 9.997682025120164898e+22 9.997726735882736212e+22 9.997768963354509338e+22 9.997808706656737323e+22 9.997845965186384947e+22 9.997880738576094934e+22 9.997913026656987827e+22 9.997942829423015441e+22 9.997970146997986918e+22 9.997994979605010711e+22 9.998017327538154504e+22 9.998037191136475768e+22 9.998054570760808799e+22 9.998069466772878760e+22 9.998081879516989358e+22 9.998091809304099579e+22 9.998099256398942149e+22 9.998104221009306242e+22 9.998106703278103541e+22 9.998106703278103541e+22
9.987889277486881571e+22 9.987889277486881571e+22 9.987883469906854806e+22 9.987871875188610879e+22 9.987854537931132135e+22 9.987831534083956015e+22 9.987802981124524527e+22 9.987769050430780421e+22 9.987729980695480841e+22 9.987686090781658553e+22 9.987637789941196390e+22 9.987585583018307643e+22 9.987530068514032530e+22 9.987471928539752694e+22 9.987411911559581427e+22 9.987350810506960044e+22 9.987289439387055135e+22 9.987228610877843099e+22 9.987169116460272740e+22 9.987111709824231303e+22 9.987057093842319704e+22 9.987005911143706264e+22 9.986958738124237806e+22 9.986916082053552695e+22 9.986878380802742996e+22 9.986846004641118814e+22 9.986819259543573024e+22 9.986798391497356372e+22 9.986783591378751114e+22 9.986775000062041994e+22 9.986772713512879365e+22 9.986776787696688615e+22 9.986787243194506753e+22 9.986804069466567921e+22 9.986827228739057536e+22 9.986856659511770140e+22 9.986892279700773877e+22 9.986933989438633542e+22 9.986981673559965198e+22 9.987035203801672424e+22 9.987094440747279686e+22 9.987159235543369043e+22 9.987229431414170164e+22 9.987304864998120594e+22 9.987385367527760383e+22 9.987470765871717994e+22 9.987560883456235799e+22 9.987655541079784450e+22 9.987754557635006615e+22 9.987857750748272840e+22 9.987964937347048407e+22 9.988075934163726552e+22 9.988190558183028163e+22 9.988308627039645283e+22 9.988429959372020593e+22 9.988554375136727269e+22 9.988681695888015989e+22 9.988811745026465019e+22 9.988944348019565370e+22 9.989079332597816256e+22 9.989216528928196474e+22 9.989355769767665861e+22 9.989496890598790634e+22 9.989639729748794514e+22 9.989784128493857643e+22 9.989929931150218546e+22 9.990076985152939806e+22 9.990225141123555472e+22 9.990374252927851797e+22 9.990524177724027909e+22 9.990674776002528281e+22 9.990825911618246594e+22 9.990977451815057385e+22 9.991129267244358225e+22 9.991281231976729883e+22 9.991433223508509642e+22 9.991585122762683843e+22 9.991736814084987185e+22 9.991888185235373189e+22 9.992039127375062185e+22 9.992189535049661756e+22 9.992339306168482110e+22 9.992488341980024563e+22 9.992636547044570930e+22 9.992783829203058426e+22 9.992930099543352436e+22 9.993075272363454077e+22 9.993219265132117361e+22 9.993361998446956485e+22 9.993503395989984536e+22 9.993643384481073490e+22 9.993781893629150967e+22 9.993918856081363593e+22 9.994054207370463648e+22 9.994187885860140509e+22 9.994319832688868983e+22 9.994449991712172199e+22 9.994578309443285628e+22 9.994704734992314506e+22 9.994829220004609445e+22 9.994951718597368689e+22 9.995072187295648134e+22 9.995190584966995614e+22 9.995306872755523158e+22 9.995421014015145411e+22 9.995532974241826524e+22 9.995642721005823695e+22 9.995750223883019695e+22 9.995855454385909793e+22 9.995958385894575256e+22 9.996058993587252521e+22 9.996157254370857058e+22 9.996253146811834407e+22 9.996346651066519624e+22 9.996437748812434584e+22 9.996526423179499720e+22 9.996612658681651764e+22 9.996696441149401019e+22 9.996777757662413796e+22 9.996856596483472255e+22 9.996932946992664098e+22 9.997006799622983228e+22 9.997078145796656857e+22 9.997146977862715808e+22 9.997213289035749288e+22 9.997277073335777021e+22 9.997338325529929974e+22 9.997397041075248431e+22 9.997453216063038685e+22 9.997506847165127223e+22 9.997557931581524201e+22 9.997606466990254535e+22 9.997652451498670424e+22 9.997695883597084151e+22 9.997736762113964533e+22 9.997775086173935161e+22 9.997810855157012470e+22 9.997844068660791581e+22 9.997874726464766188e+22 9.997902828496495627e+22 9.997928374800813654e+22 9.997951365511016926e+22 9.997971800822647253e+22 9.997989680969829004e+22 9.998005006204047616e+22 9.998017776775645993e+22 9.998027992917748587e+22 9.998035654832983900e+22 9.998040762682653121e+22 9.998043316578797853e+22 9.998043316578797853e+22
9.987171421896995294e+22 9.987171421896995294e+22 9.987166405547198618e+22 9.987156399699474042e+22 9.987141460767217077e+22 9.987121679910981075e+22 9.987097190228834648e+22 9.987068175232922550e+22 9.987034877645570441e+22 9.986997607316766851e+22 9.986956746906955206e+22 9.986912753984059998e+22 9.986866158478156628e+22 9.986817555080734887e+22 9.986767591054776467e+22 9.986716950713582014e+22 9.986666338213219533e+22 9.986616460241739239e+22 9.986568009864449307e+22 9.986521652398946202e+22 9.986478013844565053e+22 9.986437672096933452e+22 9.986401150934988725e+22 9.986368916573884147e+22 9.986341376444649492e+22 9.986318879789701661e+22 9.986301719646010606e+22 9.986290135814836008e+22 9.986284318467510030e+22 9.986284412101576989e+22 9.986290519625594149e+22 9.986302706409935156e+22 9.986321004191292798e+22 9.986345414758440423e+22 9.986375913377780413e+22 9.986412451939496650e+22 9.986454961821718885e+22 9.986503356479794106e+22 9.986557533775531187e+22 9.986617378064393935e+22 9.986682762060993292e+22 9.986753548502890552e+22 9.986829591633074114e+22 9.986910738519955603e+22 9.986996830232165902e+22 9.987087702884394782e+22 9.987183188568544851e+22 9.987283116183118257e+22 9.987387312172677516e+22 9.987495601187091120e+22 9.987607806669959148e+22 9.987723751383978371e+22 9.987843257880385526e+22 9.987966148918454832e+22 9.988092247840698610e+22 9.988221378908460260e+22 9.988353367601895912e+22 9.988488040888409889e+22 9.988625227462485003e+22 9.988764757960075248e+22 9.988906465149780492e+22 9.989050184103459029e+22 9.989195752347834882e+22 9.989343009999203756e+22 9.989491799882641860e+22 9.989641967637375222e+22 9.989793361808950349e+22 9.989945833930167524e+22 9.990099238590967972e+22 9.990253433498702656e+22 9.990408279529279298e+22 9.990563640770066750e+22 9.990719384555145606e+22 9.990875381493240588e+22 9.991031505489428585e+22 9.991187633760315323e+22 9.991343646843902047e+22 9.991499428603684192e+22 9.991654866228253766e+22 9.991809850225742735e+22 9.991964274414145923e+22 9.992118035907520076e+22 9.992271035098106062e+22 9.992423175634966440e+22 9.992574364398930362e+22 9.992724511474496779e+22 9.992873530118417416e+22 9.993021336725394083e+22 9.993167850790880228e+22 9.993312994871543752e+22 9.993456694542723344e+22 9.993598878353905104e+22 9.993739477781669164e+22 9.993878427180777393e+22 9.994015663732866993e+22 9.994151127393597234e+22 9.994284760837766146e+22 9.994416509402828348e+22 9.994546321030837489e+22 9.994674146208955918e+22 9.994799937908558424e+22 9.994923651523023995e+22 9.995045244804584702e+22 9.995164677799867633e+22 9.995281912784816072e+22 9.995396914198468153e+22 9.995509648576156690e+22 9.995620084482301336e+22 9.995728192442182350e+22 9.995833944873947575e+22 9.995937316019829211e+22 9.996038281877365614e+22 9.996136820130532504e+22 9.996232910080906048e+22 9.996326532578997069e+22 9.996417669955800007e+22 9.996506305954526423e+22 9.996592425663120330e+22 9.996676015446914446e+22 9.996757062882460854e+22 9.996835556691663651e+22 9.996911486676961853e+22 9.996984843657505512e+22 9.997055619406348524e+22 9.997123806588904774e+22 9.997189398702434392e+22 9.997252390017088618e+22 9.997312775518437769e+22 9.997370550851286021e+22 9.997425712265363561e+22 9.997478256562644451e+22 9.997528181046317049e+22 9.997575483471896877e+22 9.997620162000020570e+22 9.997662215151514812e+22 9.997701641764314127e+22 9.997738440952761025e+22 9.997772612068904324e+22 9.997804154666335863e+22 9.997833068466240120e+22 9.997859353325744003e+22 9.997883009208909038e+22 9.997904036160204911e+22 9.997922434280273111e+22 9.997938203704611465e+22 9.997951344584589050e+22 9.997961857071351805e+22 9.997969741302045082e+22 9.997974997389148370e+22 9.997977625412113531e+22 9.997977625412113531e+22
9.986458709992829406e+22 9.986458709992829406e+22 9.986454447696094691e+22 9.986445953310772743e+22 9.986433289169851436e+22 9.986416553365362390e+22 9.986395884705996289e+22 9.986371468416485897e+22 9.986343541832700815e+22 9.986312399226424158e+22 9.986278394851527911e+22 9.986241943382317964e+22 9.986203517150714187e+22 9.986163639978996164e+22 9.986122877885208750e+22 9.986081827373645090e+22 9.986041102291671240e+22 9.986001320294619913e+22 9.985963089857119833e+22 9.985926998571747587e+22 9.985893603244692105e+22 9.985863422066633264e+22 9.985836928931382637e+22 9.985814549806099254e+22 9.985796660938613876e+22 9.985783588616266580e+22 9.985775610162609285e+22 9.985772955866299053e+22 9.985775811562987481e+22 9.985784321633711188e+22 9.985798592226580339e+22 9.985818694552926133e+22 9.985844668147397401e+22 9.985876524014430165e+22 9.985914247610743390e+22 9.985957801632709004e+22 9.986007128594412732e+22 9.986062153192275182e+22 9.986122784460086916e+22 9.986188917723903086e+22 9.986260436368519856e+22 9.986337213429526508e+22 9.986419113025359944e+22 9.986505991643533305e+22 9.986597699294913469e+22 9.986694080549343357e+22 9.986794975464146757e+22 9.986900220417085224e+22 9.987009648853418980e+22 9.987123091956304341e+22 9.987240379248508561e+22 9.987361339132825777e+22 9.987485799377579436e+22 9.987613587552876888e+22 9.987744531422872443e+22 9.987878459298377472e+22 9.988015200354020255e+22 9.988154584913446909e+22 9.988296444705690668e+22 9.988440613095642182e+22 9.988586925290832056e+22 9.988735218527236837e+22 9.988885332235601628e+22 9.989037108190396600e+22 9.989190390642571739e+22 9.989345026438141575e+22 9.989500865123123305e+22 9.989657759036559747e+22 9.989815563392232771e+22 9.989974136350161083e+22 9.990133339078625591e+22 9.990293035807408547e+22 9.990453093873026597e+22 9.990613383756377175e+22 9.990773779113419001e+22 9.990934156799423545e+22 9.991094396887047445e+22 9.991254382678688924e+22 9.991414000713661730e+22 9.991573140770366108e+22 9.991731695863453450e+22 9.991889562236880526e+22 9.992046639352584864e+22 9.992202829875224196e+22 9.992358039653122572e+22 9.992512177695770437e+22 9.992665156147736058e+22 9.992816890259476526e+22 9.992967298355130532e+22 9.993116301797294604e+22 9.993263824949109955e+22 9.993409795133696849e+22 9.993554142591142855e+22 9.993696800432974515e+22 9.993837704594701314e+22 9.993976793785854801e+22 9.994114009438319804e+22 9.994249295652692636e+22 9.994382599142723342e+22 9.994513869178506366e+22 9.994643057527550588e+22 9.994770118394971895e+22 9.994895008362053344e+22 9.995017686323689633e+22 9.995138113424689044e+22 9.995256252995291893e+22 9.995372070485457528e+22 9.995485533398757068e+22 9.995596611225410496e+22 9.995705275374932853e+22 9.995811499108184831e+22 9.995915257469299222e+22 9.996016527217265109e+22 9.996115286757564062e+22 9.996211516073750980e+22 9.996305196659187594e+22 9.996396311449086355e+22 9.996484844752829468e+22 9.996570782186933846e+22 9.996654110608344901e+22 9.996734818048684956e+22 9.996812893649120736e+22 9.996888327596343191e+22 9.996961111059260349e+22 9.997031236127065899e+22 9.997098695748532516e+22 9.997163483672338655e+22 9.997225594389299567e+22 9.997285023075566354e+22 9.997341765537796352e+22 9.997395818159865332e+22 9.997447177851502382e+22 9.997495841998620957e+22 9.997541808415812511e+22 9.997585075300390352e+22 9.997625641189297357e+22 9.997663504917580690e+22 9.997698665579166669e+22 9.997731122490373675e+22 9.997760875155191706e+22 9.997787923233541561e+22 9.997812266511550644e+22 9.997833904874714458e+22 9.997852838283363274e+22 9.997869066750907122e+22 9.997882590324714793e+22 9.997893409069517819e+22 9.997901523053720266e+22 9.997906932338324092e+22 9.997909636968631134e+22 9.997909636968631134e+22
9.985750151904803737e+22 9.985750151904803737e+22 9.985746603978416508e+22 9.985739539652685070e+22 9.985729023300794004e+22 9.985715154620998746e+22 9.985698071966309050e+22 9.985677956077058838e+22 9.985655033661734519e+22 9.985629580205744351e+22 9.985601921389442158e+22 9.985572432579415297e+22 9.985541536031112063e+22 9.985509695693741516e+22 9.985477409799966766e+22 9.985445201688923839e+22 9.985413609497397559e+22 9.985383175428422972e+22 9.985354435279690347e+22 9.985327908808552769e+22 9.985304091363334370e+22 9.985283447045697097e+22 9.985266403513497079e+22 9.985253348399419438e+22 9.985244627222013569e+22 9.985240542598888686e+22 9.985241354540393955e+22 9.985247281595039298e+22 9.985258502629245950e+22 9.985275159049596096e+22 9.985297357303664817e+22 9.985325171527401026e+22 9.985358646235812069e+22 9.985397798980407630e+22 9.985442622918048193e+22 9.985493089254955916e+22 9.985549149542413238e+22 9.985610737813287653e+22 9.985677772554545765e+22 9.985750158517818570e+22 9.985827788374054378e+22 9.985910544219648085e+22 9.985998298944129886e+22 9.986090917469473053e+22 9.986188257871310252e+22 9.986290172392466966e+22 9.986396508358475724e+22 9.986507109004085507e+22 9.986621814219527422e+22 9.986740461224188707e+22 9.986862885174681115e+22 9.986988919714324939e+22 9.987118397469060026e+22 9.987251150495677625e+22 9.987387010686938146e+22 9.987525810137468817e+22 9.987667381474662390e+22 9.987811558157955839e+22 9.987958174748859643e+22 9.988107067155322975e+22 9.988258072852335637e+22 9.988411031080907519e+22 9.988565783027760968e+22 9.988722171986823243e+22 9.988880043504728592e+22 9.989039245511385258e+22 9.989199628436733166e+22 9.989361045315086451e+22 9.989523351877965159e+22 9.989686406636145895e+22 9.989850070952082355e+22 9.990014209102996046e+22 9.990178688335715972e+22 9.990343378913581020e+22 9.990508154156003990e+22 9.990672890471168711e+22 9.990837467382423958e+22 9.991001767548718101e+22 9.991165676779087908e+22 9.991329084042194715e+22 9.991491881470632814e+22 9.991653964360580491e+22 9.991815231166896040e+22 9.991975583494074846e+22 9.992134926083018877e+22 9.992293166794100074e+22 9.992450216586537809e+22 9.992605989494278272e+22 9.992760402598583861e+22 9.992913375997478516e+22 9.993064832772213414e+22 9.993214698950694325e+22 9.993362903468597051e+22 9.993509378127553574e+22 9.993654057550823293e+22 9.993796879137068443e+22 9.993937783011443474e+22 9.994076711974850685e+22 9.994213611451174198e+22 9.994348429432889908e+22 9.994481116424410497e+22 9.994611625384467445e+22 9.994739911666488155e+22 9.994865932957919478e+22 9.994989649218237576e+22 9.995111022615610576e+22 9.995230017462890136e+22 9.995346600152445380e+22 9.995460739090243545e+22 9.995572404629383676e+22 9.995681569002991124e+22 9.995788206256759715e+22 9.995892292180988920e+22 9.995993804242711636e+22 9.996092721517623981e+22 9.996189024621902692e+22 9.996282695644551001e+22 9.996373718079617001e+22 9.996462076759143508e+22 9.996547757786408157e+22 9.996630748469888287e+22 9.996711037258076416e+22 9.996788613674797367e+22 9.996863468255936355e+22 9.996935592486933784e+22 9.997004978741533318e+22 9.997071620221922443e+22 9.997135510900087718e+22 9.997196645460720222e+22 9.997255019245884303e+22 9.997310628200998293e+22 9.997363468822969424e+22 9.997413538110036666e+22 9.997460833513375164e+22 9.997505352891098150e+22 9.997547094464100984e+22 9.997586056774144963e+22 9.997622238644283218e+22 9.997655639141519668e+22 9.997686257541895632e+22 9.997714093298101413e+22 9.997739146009305835e+22 9.997761415394050966e+22 9.997780901265191993e+22 9.997797603507924107e+22 9.997811522060225295e+22 9.997822656896069062e+22 9.997831008011646979e+22 9.997836575413772275e+22 9.997839359111804957e+22 9.997839359111804957e+22
9.985045039995316234e+22 9.985045039995316234e+22 9.985042165890008744e+22 9.985036449172949461e+22 9.985027953711290253e+22 9.985016777383379730e+22 9.985003054239044547e+22 9.984986956848169799e+22 9.984968698431103461e+22 9.984948534329617259e+22 9.984926762392015916e+22 9.984903721914347186e+22 9.984879790907678576e+22 9.984855381630579743e+22 9.984830934515094179e+22 9.984806910788544076e+22 9.984783784223188399e+22 9.984762032509729060e+22 9.984742128749455501e+22 9.984724533503018716e+22 9.984709687739878369e+22 9.984698006919383194e+22 9.984689876321827815e+22 9.984685647645650819e+22 9.984685636807500497e+22 9.984690122824023330e+22 9.984699347621705993e+22 9.984713516606736984e+22 9.984732799829085363e+22 9.984757333586756606e+22 9.984787222334674043e+22 9.984822540784632647e+22 9.984863336102142935e+22 9.984909630129183916e+22 9.984961421576233602e+22 9.985018688145388785e+22 9.985081388556480623e+22 9.985149464459130333e+22 9.985222842221594673e+22 9.985301434592082788e+22 9.985385142233401708e+22 9.985473855134546002e+22 9.985567453903848682e+22 9.985665810951529982e+22 9.985768791567945538e+22 9.985876254905842060e+22 9.985988054873905142e+22 9.986104040948692628e+22 9.986224058912691192e+22 9.986347951524342976e+22 9.986475559126565283e+22 9.986606720199341742e+22 9.986741271861431527e+22 9.986879050325959691e+22 9.987019891314415108e+22 9.987163630432450039e+22 9.987310103511368624e+22 9.987459146918218485e+22 9.987610597837699967e+22 9.987764294527889493e+22 9.987920076552562069e+22 9.988077784991933242e+22 9.988237262633877425e+22 9.988398354146947970e+22 9.988560906237192123e+22 9.988724767789645038e+22 9.988889789996111757e+22 9.989055826469914988e+22 9.989222733349133694e+22 9.989390369388698272e+22 9.989558596042409325e+22 9.989727277535692063e+22 9.989896280929386627e+22 9.990065476175643070e+22 9.990234736165991429e+22 9.990403936772482820e+22 9.990572956881834423e+22 9.990741678423737683e+22 9.990909986392831427e+22 9.991077768865312984e+22 9.991244917010069874e+22 9.991411325095055144e+22 9.991576890488809062e+22 9.991741513657266418e+22 9.991905098156634590e+22 9.992067550621872633e+22 9.992228780751491118e+22 9.992388701288392557e+22 9.992547227997453681e+22 9.992704279639529148e+22 9.992859777942331326e+22 9.993013647568026783e+22 9.993165816078223907e+22 9.993316213895863468e+22 9.993464774264564063e+22 9.993611433205481184e+22 9.993756129471574206e+22 9.993898804499876885e+22 9.994039402361304960e+22 9.994177869708636717e+22 9.994314155722557463e+22 9.994448212055767908e+22 9.994579992775718496e+22 9.994709454305441192e+22 9.994836555363275663e+22 9.994961256901159315e+22 9.995083522041784880e+22 9.995203316014612113e+22 9.995320606091101025e+22 9.995435361519087806e+22 9.995547553456457777e+22 9.995657154904205977e+22 9.995764140639380308e+22 9.995868487147219373e+22 9.995970172553535265e+22 9.996069176556896702e+22 9.996165480360916183e+22 9.996259066606528758e+22 9.996349919304975437e+22 9.996438023770789957e+22 9.996523366555741848e+22 9.996605935383140211e+22 9.996685719083206207e+22 9.996762707528999187e+22 9.996836891573799092e+22 9.996908262989381396e+22 9.996976814405367470e+22 9.997042539250472452e+22 9.997105431694553383e+22 9.997165486592831678e+22 9.997222699431340330e+22 9.997277066274370958e+22 9.997328583713669041e+22 9.997377248819602155e+22 9.997423059094531054e+22 9.997466012427883643e+22 9.997506107053931758e+22 9.997543341511487259e+22 9.997577714606067732e+22 9.997609225374530116e+22 9.997637873051999456e+22 9.997663657041586029e+22 9.997686576886504961e+22 9.997706632244821492e+22 9.997723822867098685e+22 9.997738148576477839e+22 9.997749609251721760e+22 9.997758204812989353e+22 9.997763935210418733e+22 9.997766800415550708e+22 9.997766800415550708e+22
9.984342811452488286e+22 9.984342811452488286e+22 9.984340570924108271e+22 9.984336120447995216e+22 9.984329521748484764e+22 9.984320868728086043e+22 9.984310288798515515e+22 9.984297944262518820e+22 9.984284033451558961e+22 9.984268791307529355e+22 9.984252489110837107e+22 9.984235433113843401e+22 9.984217961929231460e+22 9.984200442639928839e+22 9.984183265725538055e+22 9.984166839017527470e+22 9.984151580987339938e+22 9.984137913721029237e+22 9.984126255942191389e+22 9.984117016413322871e+22 9.984110587986280920e+22 9.984107342494835933e+22 9.984107626602698061e+22 9.984111758643889281e+22 9.984120026430068648e+22 9.984132685950586611e+22 9.984149960861897300e+22 9.984172042643756076e+22 9.984199091297676847e+22 9.984231236466334761e+22 9.984268578863193050e+22 9.984311191916148425e+22 9.984359123543181283e+22 9.984412397994274246e+22 9.984471017706730658e+22 9.984534965134515241e+22 9.984604204521892715e+22 9.984678683601253538e+22 9.984758335202025433e+22 9.984843078762649512e+22 9.984932821742302475e+22 9.985027460932385007e+22 9.985126883669407118e+22 9.985230968953342263e+22 9.985339588475921367e+22 9.985452607564149896e+22 9.985569886044852899e+22 9.985691279035640211e+22 9.985816637668021240e+22 9.985945809748306480e+22 9.986078640361003444e+22 9.986214972419723389e+22 9.986354647170142123e+22 9.986497504649143753e+22 9.986643384103764545e+22 9.986792124373735257e+22 9.986943564240613330e+22 9.987097542746390607e+22 9.987253899484316303e+22 9.987412474864310891e+22 9.987573110355074744e+22 9.987735648704888046e+22 9.987899934142836716e+22 9.988065812562163899e+22 9.988233131686990184e+22 9.988401741224056822e+22 9.988571493000193193e+22 9.988742241087082254e+22 9.988913841913864179e+22 9.989086154368754280e+22 9.989259039890257373e+22 9.989432362548752024e+22 9.989605989119221459e+22 9.989779789145488490e+22 9.989953634996583609e+22 9.990127401915935778e+22 9.990300968063290311e+22 9.990474214550405749e+22 9.990647025470502915e+22 9.990819287921618793e+22 9.990990892024863497e+22 9.991161730937004858e+22 9.991331700858434250e+22 9.991500701035929797e+22 9.991668633761434986e+22 9.991835404365893049e+22 9.992000921209517847e+22 9.992165095667768125e+22 9.992327842113644187e+22 9.992489077896268428e+22 9.992648723316320135e+22 9.992806701597799429e+22 9.992962938856769638e+22 9.993117364067210625e+22 9.993269909023791828e+22 9.993420508301999525e+22 9.993569099215722355e+22 9.993715621772216238e+22 9.993860018624712095e+22 9.994002235023033788e+22 9.994142218761808537e+22 9.994279920126971085e+22 9.994415291840259634e+22 9.994548289002034063e+22 9.994678869032612712e+22 9.994806991612025399e+22 9.994932618618597068e+22 9.995055714066026516e+22 9.995176244039857786e+22 9.995294176632590932e+22 9.995409481878215642e+22 9.995522131685971434e+22 9.995632099773676677e+22 9.995739361600529131e+22 9.995843894299537388e+22 9.995945676610158671e+22 9.996044688810455125e+22 9.996140912649632639e+22 9.996234331280786011e+22 9.996324929193964575e+22 9.996412692149595170e+22 9.996497607112811086e+22 9.996579662188296064e+22 9.996658846556014143e+22 9.996735150407904186e+22 9.996808564885832702e+22 9.996879082020570084e+22 9.996946694672154309e+22 9.997011396471660583e+22 9.997073181764769494e+22 9.997132045556452531e+22 9.997187983458011447e+22 9.997240991635602407e+22 9.997291066760681121e+22 9.997338205962837059e+22 9.997382406784364105e+22 9.997423667137248808e+22 9.997461985262413493e+22 9.997497359691286367e+22 9.997529789209990555e+22 9.997559272825583305e+22 9.997585809735551654e+22 9.997609399299266000e+22 9.997630041012443493e+22 9.997647734484418272e+22 9.997662479417909812e+22 9.997674275591723942e+22 9.997683122846356315e+22 9.997689021072404382e+22 9.997691970201735869e+22 9.997691970201735869e+22
9.983642995577004333e+22 9.983642995577004333e+22 9.983641349481795315e+22 9.983638086409289256e+22 9.983633264933178075e+22 9.983626973691112745e+22 9.983619332134970327e+22 9.983610491244102078e+22 9.983600633990808915e+22 9.983589975335929014e+22 9.983578761548733088e+22 9.983567268686297930e+22 9.983555800134182974e+22 9.983544683191708156e+22 9.983534264774315685e+22 9.983524906386720188e+22 9.983516978585726144e+22 9.983510855189758004e+22 9.983506907501917792e+22 9.983505498796124537e+22 9.983506979277369455e+22 9.983511681675139901e+22 9.983519917571301179e+22 9.983531974508392376e+22 9.983548113874864990e+22 9.983568569525967258e+22 9.983593547070143726e+22 9.983623223735064147e+22 9.983657748719315871e+22 9.983697243935595928e+22 9.983741805056486906e+22 9.983791502782520885e+22 9.983846384262052001e+22 9.983906474604910294e+22 9.983971778440280303e+22 9.984042281481522066e+22 9.984117952067784199e+22 9.984198742661133867e+22 9.984284591283503523e+22 9.984375422882589494e+22 9.984471150621459533e+22 9.984571677088094460e+22 9.984676895424531713e+22 9.984786690376778488e+22 9.984900939267935568e+22 9.985019512897855396e+22 9.985142276373161286e+22 9.985269089871808640e+22 9.985399809346582138e+22 9.985534287171459796e+22 9.985672372735460980e+22 9.985813912987897535e+22 9.985958752938447235e+22 9.986106736116193506e+22 9.986257704990450018e+22 9.986411501356952060e+22 9.986567966691907810e+22 9.986726942476736450e+22 9.986888270495726174e+22 9.987051793109012919e+22 9.987217353502753817e+22 9.987384795918272089e+22 9.987553965862223557e+22 9.987724710298611876e+22 9.987896877824531549e+22 9.988070318830999359e+22 9.988244885649503342e+22 9.988420432685542723e+22 9.988596816540262728e+22 9.988773896120887253e+22 9.988951532740358753e+22 9.989129590207655025e+22 9.989307934908732565e+22 9.989486435878812883e+22 9.989664964866862377e+22 9.989843396392277508e+22 9.990021607794597377e+22 9.990199479276398025e+22 9.990376893939657055e+22 9.990553737816328425e+22 9.990729899892969728e+22 9.990905272129878281e+22 9.991079749475197413e+22 9.991253229873736240e+22 9.991425614271242830e+22 9.991596806614251523e+22 9.991766713845034674e+22 9.991935245893009356e+22 9.992102315661927960e+22 9.992267839012881197e+22 9.992431734744177181e+22 9.992593924567272836e+22 9.992754333079760903e+22 9.992912887734471334e+22 9.993069518806299391e+22 9.993224159355379646e+22 9.993376745187860860e+22 9.993527214813850527e+22 9.993675509402906604e+22 9.993821572736903597e+22 9.993965351160876997e+22 9.994106793531663188e+22 9.994245851164336508e+22 9.994382477777035697e+22 9.994516629433738487e+22 9.994648264485746036e+22 9.994777343511471168e+22 9.994903829254916329e+22 9.995027686562982160e+22 9.995148882321687236e+22 9.995267385391369421e+22 9.995383166541226207e+22 9.995496198382979278e+22 9.995606455304364596e+22 9.995713913401743350e+22 9.995818550412880694e+22 9.995920345649249675e+22 9.996019279928769695e+22 9.996115335508221179e+22 9.996208496016252469e+22 9.996298746386794414e+22 9.996386072792778618e+22 9.996470462580766697e+22 9.996551904206386522e+22 9.996630387170471418e+22 9.996705901956447601e+22 9.996778439968890972e+22 9.996847993473416036e+22 9.996914555537645267e+22 9.996978119974250453e+22 9.997038681285081222e+22 9.997096234607504785e+22 9.997150775662317719e+22 9.997202300703553565e+22 9.997250806470674481e+22 9.997296290142497643e+22 9.997338749293649986e+22 9.997378181853073113e+22 9.997414586065224309e+22 9.997447960453441808e+22 9.997478303786068240e+22 9.997505615045025228e+22 9.997529893397089118e+22 9.997551138167879578e+22 9.997569348818712081e+22 9.997584524926081040e+22 9.997596666164045414e+22 9.997605772289588907e+22 9.997611843130850751e+22 9.997614878578151575e+22 9.997614878578151575e+22
9.982945192828231431e+22 9.982945192828231431e+22 9.982944103629509676e+22 9.982941952567570072e+22 9.982938794493513774e+22 9.982934712085508207e+22 9.982929816197988037e+22 9.982924246119908534e+22 9.982918169591651972e+22 9.982911782423995246e+22 9.982905307576008914e+22 9.982898993580498695e+22 9.982893112252207569e+22 9.982887955673606049e+22 9.982883832514407196e+22 9.982881063799174988e+22 9.982879978283736655e+22 9.982880907629671167e+22 9.982884181576432117e+22 9.982890123299934280e+22 9.982899045123446591e+22 9.982911244709056741e+22 9.982927001818408524e+22 9.982946575689931398e+22 9.982970203041920608e+22 9.982998096680969463e+22 9.983030444669915051e+22 9.983067409995476553e+22 9.983109130665365130e+22 9.983155720163211556e+22 9.983207268189575578e+22 9.983263841623763583e+22 9.983325485646603511e+22 9.983392224973320251e+22 9.983464065152192820e+22 9.983540993894182289e+22 9.983622982404574649e+22 9.983709986694742671e+22 9.983801948857345193e+22 9.983898798293088888e+22 9.984000452880913924e+22 9.984106820086751507e+22 9.984217798007611982e+22 9.984333276351182982e+22 9.984453137350419232e+22 9.984577256615836857e+22 9.984705503927250348e+22 9.984837743967616369e+22 9.984973837002747570e+22 9.985113639509728376e+22 9.985257004756968774e+22 9.985403783340276633e+22 9.985553823676696730e+22 9.985706972460399722e+22 9.985863075082443057e+22 9.986021976017903550e+22 9.986183519182564360e+22 9.986347548261325629e+22 9.986513907010816809e+22 9.986682439538119908e+22 9.986852990557318283e+22 9.987025405625724882e+22 9.987199531361095175e+22 9.987375215641658550e+22 9.987552307789615753e+22 9.987730658740068680e+22 9.987910121195575443e+22 9.988090549768228228e+22 9.988271801109163331e+22 9.988453734027286807e+22 9.988636209597098282e+22 9.988819091256879612e+22 9.989002244897609089e+22 9.989185538943029032e+22 9.989368844421692182e+22 9.989552035031181532e+22 9.989734987195018641e+22 9.989917580112710074e+22 9.990099695803119855e+22 9.990281219141568928e+22 9.990462037891188418e+22 9.990642042728261616e+22 9.990821127262482465e+22 9.990999188051617173e+22 9.991176124611630937e+22 9.991351839421751309e+22 9.991526237925021843e+22 9.991699228524446692e+22 9.991870722575113703e+22 9.992040634371943694e+22 9.992208881133785658e+22 9.992375382983727016e+22 9.992540062925828653e+22 9.992702846818360230e+22 9.992863663343732051e+22 9.993022443975469118e+22 9.993179122941896845e+22 9.993333637187152485e+22 9.993485926329374632e+22 9.993635932616300639e+22 9.993783600878365914e+22 9.993928878479565128e+22 9.994071715266065282e+22 9.994212063512733365e+22 9.994349877867729597e+22 9.994485115295526971e+22 9.994617735017890683e+22 9.994747698453814025e+22 9.994874969157833589e+22 9.994999512757014050e+22 9.995121296887275271e+22 9.995240291128283287e+22 9.995356466937886618e+22 9.995469797585742253e+22 9.995580258086654732e+22 9.995687825133188782e+22 9.995792477028308799e+22 9.995894193617981407e+22 9.995992956223643818e+22 9.996088747574957389e+22 9.996181551742987325e+22 9.996271354073734709e+22 9.996358141122341293e+22 9.996441900588034163e+22 9.996522621249900878e+22 9.996600292903748423e+22 9.996674906300108033e+22 9.996746453083442958e+22 9.996814925732683291e+22 9.996880317503514031e+22 9.996942622371961687e+22 9.997001834979962284e+22 9.997057950582654055e+22 9.997110964997597849e+22 9.997160874556265805e+22 9.997207676057266474e+22 9.997251366722276111e+22 9.997291944153875848e+22 9.997329406296214156e+22 9.997363751397655734e+22 9.997394977976554304e+22 9.997423084789285310e+22 9.997448070800966314e+22 9.997469935159083218e+22 9.997488677169998804e+22 9.997504296277962759e+22 9.997516792047408356e+22 9.997526164147824440e+22 9.997532412341922457e+22 9.997535536476501259e+22 9.997535536476501259e+22
9.982249065693236219e+22 9.982249065693236219e+22 9.982248497755871144e+22 9.982247387273652024e+22 9.982245785103534916e+22 9.982243767674852082e+22 9.982241437067087813e+22 9.982238920964593366e+22 9.982236372382079831e+22 9.982233969051290095e+22 9.982231912369570710e+22 9.982230425835371338e+22 9.982229752929495443e+22 9.982230154443384003e+22 9.982231905299509281e+22 9.982235290950543029e+22 9.982240603477281394e+22 9.982248137527095670e+22 9.982258186243202561e+22 9.982271037329922169e+22 9.982286969382688837e+22 9.982306248587945915e+22 9.982329125867341480e+22 9.982355834512075443e+22 9.982386588323123351e+22 9.982421580249998505e+22 9.982460981499088234e+22 9.982504941070604409e+22 9.982553585672313320e+22 9.982607019955438433e+22 9.982665327016418266e+22 9.982728569110604127e+22 9.982796788529044128e+22 9.982870008593425786e+22 9.982948234730951986e+22 9.983031455597154481e+22 9.983119644219329951e+22 9.983212759139471065e+22 9.983310745539952247e+22 9.983413536338914102e+22 9.983521053246728071e+22 9.983633207776115687e+22 9.983749902202860628e+22 9.983871030473826868e+22 9.983996479062311489e+22 9.984126127770403288e+22 9.984259850479727962e+22 9.984397515851965661e+22 9.984538987981610523e+22 9.984684127003062619e+22 9.984832789654377647e+22 9.984984829800653993e+22 9.985140098919246594e+22 9.985298446549334255e+22 9.985459720708613682e+22 9.985623768278704010e+22 9.985790435362321990e+22 9.985959567613469340e+22 9.986131010543229390e+22 9.986304609802434642e+22 9.986480211443067545e+22 9.986657662160203049e+22 9.986836809515148929e+22 9.987017502142211555e+22 9.987199589939001531e+22 9.987382924242418296e+22 9.987567357990714684e+22 9.987752745872941646e+22 9.987938944466016430e+22 9.988125812361011397e+22 9.988313210278680252e+22 9.988501001175052163e+22 9.988689050337912501e+22 9.988877225474279237e+22 9.989065396789791058e+22 9.989253437060010528e+22 9.989441221694590235e+22 9.989628628793894214e+22 9.989815539199458777e+22 9.990001836537559594e+22 9.990187407256785938e+22 9.990372140659885526e+22 9.990555928929876574e+22 9.990738667150599887e+22 9.990920253322413946e+22 9.991100588372885347e+22 9.991279576162368907e+22 9.991457123485282730e+22 9.991633140067046366e+22 9.991807538556401877e+22 9.991980234514065732e+22 9.992151146397048819e+22 9.992320195539463307e+22 9.992487306129584842e+22 9.992652405183473726e+22 9.992815422515032621e+22 9.992976290703161793e+22 9.993134945055666287e+22 9.993291323570287490e+22 9.993445366892741630e+22 9.993597018272498398e+22 9.993746223515735949e+22 9.993892930935935363e+22 9.994037091302500414e+22 9.994178657786931236e+22 9.994317585907363873e+22 9.994453833471064696e+22 9.994587360515569222e+22 9.994718129247893219e+22 9.994846103982857991e+22 9.994971251079776515e+22 9.995093538878295690e+22 9.995212937633335974e+22 9.995329419449135111e+22 9.995442958212815389e+22 9.995553529527258002e+22 9.995661110643958953e+22 9.995765680395391703e+22 9.995867219127641624e+22 9.995965708632827363e+22 9.996061132082112784e+22 9.996153473958871564e+22 9.996242719992687310e+22 9.996328857093561700e+22 9.996411873287463135e+22 9.996491757652638748e+22 9.996568500256882714e+22 9.996642092096311158e+22 9.996712525035225901e+22 9.996779791747689480e+22 9.996843885660532952e+22 9.996904800898222601e+22 9.996962532229459739e+22 9.997017075015756861e+22 9.997068425162171351e+22 9.997116579070015544e+22 9.997161533591989413e+22 9.997203285989475851e+22 9.997241833892543778e+22 9.997277175262167538e+22 9.997309308355139024e+22 9.997338231691915821e+22 9.997363944026645358e+22 9.997386444320487453e+22 9.997405731717639674e+22 9.997421805524030272e+22 9.997434665189257511e+22 9.997444310291300588e+22 9.997450740524453462e+22 9.997453955689943033e+22 9.997453955689943033e+22
9.981554333921500253e+22 9.981554333921500253e+22 9.981554253654096295e+22 9.981554116517327326e+22 9.981553969306006245e+22 9.981553882184055941e+22 9.981553948582555838e+22 9.981554284958254000e+22 9.981555030337696616e+22 9.981556345570623436e+22 9.981558412224865973e+22 9.981561431072576215e+22 9.981565620143215608e+22 9.981571212348058973e+22 9.981578452713700380e+22 9.981587595291126242e+22 9.981598899831927367e+22 9.981612628338582906e+22 9.981629041604313901e+22 9.981648395853529665e+22 9.981670939585478132e+22 9.981696910704570165e+22 9.981726534001694972e+22 9.981760019026781877e+22 9.981797558372913906e+22 9.981839326370894289e+22 9.981885478178770439e+22 9.981936149237228739e+22 9.981991455054225421e+22 9.982051491276388722e+22 9.982116334004210762e+22 9.982186040306817827e+22 9.982260648895797055e+22 9.982340180920515323e+22 9.982424640851157818e+22 9.982514017421102573e+22 9.982608284603342704e+22 9.982707402601561850e+22 9.982811318838578958e+22 9.982919968930220370e+22 9.983033277633792888e+22 9.983151159764514033e+22 9.983273521074599572e+22 9.983400259091238486e+22 9.983531263912109828e+22 9.983666418957054011e+22 9.983805601676447135e+22 9.983948684216274990e+22 9.984095534041921697e+22 9.984246014521401095e+22 9.984399985470596134e+22 9.984557303661700789e+22 9.984717823296953280e+22 9.984881396450485862e+22 9.985047873478824716e+22 9.985217103403378593e+22 9.985388934265716500e+22 9.985563213458033554e+22 9.985739788030210946e+22 9.985918504975181283e+22 9.986099211493772047e+22 9.986281755240844126e+22 9.986465984553661602e+22 9.986651748663806447e+22 9.986838897893834333e+22 9.987027283839134623e+22 9.987216759536871906e+22 9.987407179621972155e+22 9.987598400471386659e+22 9.987790280337182320e+22 9.987982679469209944e+22 9.988175460227905854e+22 9.988368487187778791e+22 9.988561627232061935e+22 9.988754749638947792e+22 9.988947726159981419e+22 9.989140431090870334e+22 9.989332741335196002e+22 9.989524536460956402e+22 9.989715698750884256e+22 9.989906113246264086e+22 9.990095667784831939e+22 9.990284253032833299e+22 9.990471762511423708e+22 9.990658092617987575e+22 9.990843142642007749e+22 9.991026814776091502e+22 9.991209014122204942e+22 9.991389648693233294e+22 9.991568629410286482e+22 9.991745870095390972e+22 9.991921287460287624e+22 9.992094801091062084e+22 9.992266333429213377e+22 9.992435809748635563e+22 9.992603158129353005e+22 9.992768309427747527e+22 9.992931197243425083e+22 9.993091757883129646e+22 9.993249930321538213e+22 9.993405656159259040e+22 9.993558879578194182e+22 9.993709547294236135e+22 9.993857608507650893e+22 9.994003014851145761e+22 9.994145720335883620e+22 9.994285681295453743e+22 9.994422856328122938e+22 9.994557206237343541e+22 9.994688693970857152e+22 9.994817284558295138e+22 9.994942945047658417e+22 9.995065644440851002e+22 9.995185353628045856e+22 9.995302045321705134e+22 9.995415693989523331e+22 9.995526275787494575e+22 9.995633768492194752e+22 9.995738151433367296e+22 9.995839405426124784e+22 9.995937512703803156e+22 9.996032456850693476e+22 9.996124222735639380e+22 9.996212796445983506e+22 9.996298165222446727e+22 9.996380317394857991e+22 9.996459242319053534e+22 9.996534930314811251e+22 9.996607372605189312e+22 9.996676561257388153e+22 9.996742489125117388e+22 9.996805149792710898e+22 9.996864537521079032e+22 9.996920647195655615e+22 9.996973474276161932e+22 9.997023014748976212e+22 9.997069265081434164e+22 9.997112222178463239e+22 9.997151883341991825e+22 9.997188246232556267e+22 9.997221308833795251e+22 9.997251069419433912e+22 9.997277526523136862e+22 9.997300678911298896e+22 9.997320525558533482e+22 9.997337065626135849e+22 9.997350298443683411e+22 9.997360223493458126e+22 9.997366840398108531e+22 9.997370148911237720e+22 9.997370148911237720e+22
9.980860771367662702e+22 9.980860771367662702e+22 9.980861147259232636e+22 9.980861920467073630e+22 9.980863133791689061e+22 9.980864851293792895e+22 9.980867158077831591e+22 9.980870159929767363e+22 9.980873982755781319e+22 9.980878771770413915e+22 9.980884690387639625e+22 9.980891918782739094e+22 9.980900652111033585e+22 9.980911098390900638e+22 9.980923476082578529e+22 9.980938011414849441e+22 9.980954935530436428e+22 9.980974481532394668e+22 9.980996881520434715e+22 9.981022363703879034e+22 9.981051149672210288e+22 9.981083451891066811e+22 9.981119471477192865e+22 9.981159396288686457e+22 9.981203399350685794e+22 9.981251637621012457e+22 9.981304251087364240e+22 9.981361362177195036e+22 9.981423075453402979e+22 9.981489477564537346e+22 9.981560637415390970e+22 9.981636606523105031e+22 9.981717419525181486e+22 9.981803094807841813e+22 9.981893635225939031e+22 9.981989028888829336e+22 9.982089249990129589e+22 9.982194259662771480e+22 9.982304006843509663e+22 9.982418429134467026e+22 9.982537453651462875e+22 9.982660997851683330e+22 9.982788970334553480e+22 9.982921271611791455e+22 9.983057794843986939e+22 9.983198426541752897e+22 9.983343047230920380e+22 9.983491532081316705e+22 9.983643751499997748e+22 9.983799571689313508e+22 9.983958855171474614e+22 9.984121461280279101e+22 9.984287246622086555e+22 9.984456065507056314e+22 9.984627770352777088e+22 9.984802212061217450e+22 9.984979240371065822e+22 9.985158704186664577e+22 9.985340451885046510e+22 9.985524331602526601e+22 9.985710191501728180e+22 9.985897880021058454e+22 9.986087246106826323e+22 9.986278139429819462e+22 9.986470410586810430e+22 9.986663911288340690e+22 9.986858494533037562e+22 9.987054014770052910e+22 9.987250328049432291e+22 9.987447292161988284e+22 9.987644766768369290e+22 9.987842613518625722e+22 9.988040696162533612e+22 9.988238880650811566e+22 9.988437035228230949e+22 9.988635030518667988e+22 9.988832739602473576e+22 9.989030038086642303e+22 9.989226804168027328e+22 9.989422918689614515e+22 9.989618265190872541e+22 9.989812729951360228e+22 9.990006202028819218e+22 9.990198573291366095e+22 9.990389738444114467e+22 9.990579595050557532e+22 9.990768043548789965e+22 9.990954987262741945e+22 9.991140332408509196e+22 9.991323988096228681e+22 9.991505866327286874e+22 9.991685881987303526e+22 9.991863952834800334e+22 9.992039999485992396e+22 9.992213945395553134e+22 9.992385716833733522e+22 9.992555242859733293e+22 9.992722455291736831e+22 9.992887288673565095e+22 9.993049680238215378e+22 9.993209569868300629e+22 9.993366900053690339e+22 9.993521615846272454e+22 9.993673664812319506e+22 9.993822996982297893e+22 9.993969564798445788e+22 9.994113323060227054e+22 9.994254228867734988e+22 9.994392241563466990e+22 9.994527322672247026e+22 9.994659435839685132e+22 9.994788546769412162e+22 9.994914623159091488e+22 9.995037634635224423e+22 9.995157552687440567e+22 9.995274350601875489e+22 9.995388003393919255e+22 9.995498487740916302e+22 9.995605781914254626e+22 9.995709865711761988e+22 9.995810720390045080e+22 9.995908328596989752e+22 9.996002674304836698e+22 9.996093742743913130e+22 9.996181520336693284e+22 9.996265994633219565e+22 9.996347154247246781e+22 9.996424988793515488e+22 9.996499488826630917e+22 9.996570645781055904e+22 9.996638451912805030e+22 9.996702900242865141e+22 9.996763984502478130e+22 9.996821699080235673e+22 9.996876038971381829e+22 9.996926999729154084e+22 9.996974577418593999e+22 9.997018768572612713e+22 9.997059570150507597e+22 9.997096979499154879e+22 9.997130994316796022e+22 9.997161612619597375e+22 9.997188832710882440e+22 9.997212653153496439e+22 9.997233072744974359e+22 9.997250090495436967e+22 9.997263705609102321e+22 9.997273917468147764e+22 9.997280725620491079e+22 9.997284129769900317e+22 9.997284129769900317e+22
9.980168203445364746e+22 9.980168203445364746e+22 9.980169006030149544e+22 9.980170630719697899e+22 9.980173116475231856e+22 9.980176521529303813e+22 9.980180923101080453e+22 9.980186416964923346e+22 9.980193116836760597e+22 9.980201153542081217e+22 9.980210673935742455e+22 9.980221839553237667e+22 9.980234824986487318e+22 9.980249815994123839e+22 9.980267007371832092e+22 9.980286600625475342e+22 9.980308801501718905e+22 9.980333817440762226e+22 9.980361855020308208e+22 9.980393117459292986e+22 9.980427802245413103e+22 9.980466098941783022e+22 9.980508187217494645e+22 9.980554235133755916e+22 9.980604397705014700e+22 9.980658815742542191e+22 9.980717614976910701e+22 9.980780905447450634e+22 9.980848781139634448e+22 9.980921319846944807e+22 9.980998583230752463e+22 9.981080617050561734e+22 9.981167451537216320e+22 9.981259101882592684e+22 9.981355568821068156e+22 9.981456839281089289e+22 9.981562887086501423e+22 9.981673673690894146e+22 9.981789148930670120e+22 9.981909251784303025e+22 9.982033911128072284e+22 9.982163046480818785e+22 9.982296568730737233e+22 9.982434380840410127e+22 9.982576378526033353e+22 9.982722450909009700e+22 9.982872481138173857e+22 9.983026346981794932e+22 9.983183921389715535e+22 9.983345073025124087e+22 9.983509666767114653e+22 9.983677564184609738e+22 9.983848623982711407e+22 9.984022702422591380e+22 9.984199653715911639e+22 9.984379330395614321e+22 9.984561583663515435e+22 9.984746263716437164e+22 9.984933220052088390e+22 9.985122301755591020e+22 9.985313357767722507e+22 9.985506237136649585e+22 9.985700789252819360e+22 9.985896864069356565e+22 9.986094312307775714e+22 9.986292985650528177e+22 9.986492736920684488e+22 9.986693420249641071e+22 9.986894891233428531e+22 9.987097007078639875e+22 9.987299626737688432e+22 9.987502611034586638e+22 9.987705822781769148e+22 9.987909126887735453e+22 9.988112390456568971e+22 9.988315482879416494e+22 9.988518275918521906e+22 9.988720643783250464e+22 9.988922463200033007e+22 9.989123613474614464e+22 9.989323976548455494e+22 9.989523437048396408e+22 9.989721882330329933e+22 9.989919202517265364e+22 9.990115290531398209e+22 9.990310042120732279e+22 9.990503355880594788e+22 9.990695133269707247e+22 9.990885278621439623e+22 9.991073699150200780e+22 9.991260304953283969e+22 9.991445009007742917e+22 9.991627727163447732e+22 9.991808378131459971e+22 9.991986883468646259e+22 9.992163167558062362e+22 9.992337157585738557e+22 9.992508783513708580e+22 9.992677978049565688e+22 9.992844676612671668e+22 9.993008817297054027e+22 9.993170340831402394e+22 9.993329190535895712e+22 9.993485312276638676e+22 9.993638654417158799e+22 9.993789167767539574e+22 9.993936805531409501e+22 9.994081523250656130e+22 9.994223278748170453e+22 9.994362032068755875e+22 9.994497745418639639e+22 9.994630383103184051e+22 9.994759911463473644e+22 9.994886298811674237e+22 9.995009515365519589e+22 9.995129533181858519e+22 9.995246326089660131e+22 9.995359869622465384e+22 9.995470140950662506e+22 9.995577118813411764e+22 9.995680783450803431e+22 9.995781116536148302e+22 9.995878101108466175e+22 9.995971721505714209e+22 9.996061963298530342e+22 9.996148813224879325e+22 9.996232259125608081e+22 9.996312289881230829e+22 9.996388895349818157e+22 9.996462066306594007e+22 9.996531794384705395e+22 9.996598072018008749e+22 9.996660892385572553e+22 9.996720249358037234e+22 9.996776137446209775e+22 9.996828551751743727e+22 9.996877487920072412e+22 9.996922942095934200e+22 9.996964910881214720e+22 9.997003391295476780e+22 9.997038380739129351e+22 9.997069876959475506e+22 9.997097878019441374e+22 9.997122382269455847e+22 9.997143388322063293e+22 9.997160895029678650e+22 9.997174901465426166e+22 9.997185406907149032e+22 9.997192410824551327e+22 9.997195912869509176e+22 9.997195912869509176e+22
9.979476504844618747e+22 9.979476504844618747e+22 9.979477706620541914e+22 9.979480127885487689e+22 9.979483803969731219e+22 9.979488787619900083e+22 9.979495148677573168e+22 9.979502973614993021e+22 9.979512364903992551e+22 9.979523440194262086e+22 9.979536331281812318e+22 9.979551182855662574e+22 9.979568151021157247e+22 9.979587401610172983e+22 9.979609108300599132e+22 9.979633450579368975e+22 9.979660611593021528e+22 9.979690775936588631e+22 9.979724127435187290e+22 9.979760846973138528e+22 9.979801110421504734e+22 9.979845086709657738e+22 9.979892936077824387e+22 9.979944808538102458e+22 9.980000842562594773e+22 9.980061164006622311e+22 9.980125885267304881e+22 9.980195104670404208e+22 9.980268906071653666e+22 9.980347358655743735e+22 9.980430516912308775e+22 9.980518420766973860e+22 9.980611095845468425e+22 9.980708553848410813e+22 9.980810793016520344e+22 9.980917798666723184e+22 9.981029543781868136e+22 9.981145989638838760e+22 9.981267086461782668e+22 9.981392774088869963e+22 9.981522982643447313e+22 9.981657633201524520e+22 9.981796638449459842e+22 9.981939903327030687e+22 9.982087325652061100e+22 9.982238796723415050e+22 9.982394201901419305e+22 9.982553421163276534e+22 9.982716329633748772e+22 9.982882798090238873e+22 9.983052693442689342e+22 9.983225879188664327e+22 9.983402215844126445e+22 9.983581561350586263e+22 9.983763771459840770e+22 9.983948700096695108e+22 9.984136199701071816e+22 9.984326121550351486e+22 9.984518316062735021e+22 9.984712633082850574e+22 9.984908922150485964e+22 9.985107032753058926e+22 9.985306814563175786e+22 9.985508117661644279e+22 9.985710792746764285e+22 9.985914691331122895e+22 9.986119665925764625e+22 9.986325570212963182e+22 9.986532259207789412e+22 9.986739589409591106e+22 9.986947418943086028e+22 9.987155607690254326e+22 9.987364017412916222e+22 9.987572511866708034e+22 9.987780956906949758e+22 9.987989220586145867e+22 9.988197173244228272e+22 9.988404687590997885e+22 9.988611638781888850e+22 9.988817904486604132e+22 9.989023364951090554e+22 9.989227903053438806e+22 9.989431404353104432e+22 9.989633757134543703e+22 9.989834852444868392e+22 9.990034584125643633e+22 9.990232848839597254e+22 9.990429546091680209e+22 9.990624578245214654e+22 9.990817850532690081e+22 9.991009271062125242e+22 9.991198750818406970e+22 9.991386203660015265e+22 9.991571546311622866e+22 9.991754698352139803e+22 9.991935582198729749e+22 9.992114123086809897e+22 9.992290249046145106e+22 9.992463890873348365e+22 9.992634982100782547e+22 9.992803458961999344e+22 9.992969260354012342e+22 9.993132327796421008e+22 9.993292605387553374e+22 9.993450039757956239e+22 9.993604580021157390e+22 9.993756177722072315e+22 9.993904786782917807e+22 9.994050363447184458e+22 9.994192866221621038e+22 9.994332255816354942e+22 9.994468495083480862e+22 9.994601548954144552e+22 9.994731384374338100e+22 9.994857970239738898e+22 9.994981277329347366e+22 9.995101278238683431e+22 9.995217947312228034e+22 9.995331260575384810e+22 9.995441195666555850e+22 9.995547731768722535e+22 9.995650849541427351e+22 9.995750531052951988e+22 9.995846759712914879e+22 9.995939520205632097e+22 9.996028798423917815e+22 9.996114581404247078e+22 9.996196857262824541e+22 9.996275615132579319e+22 9.996350845102307305e+22 9.996422538156513113e+22 9.996490686117523646e+22 9.996555281589151885e+22 9.996616317902501446e+22 9.996673789063529392e+22 9.996727689703216225e+22 9.996778015029680354e+22 9.996824760783007121e+22 9.996867923192372947e+22 9.996907498936081999e+22 9.996943485103956715e+22 9.996975879162892491e+22 9.997004678925056475e+22 9.997029882519205236e+22 9.997051488364935093e+22 9.997069495150078172e+22 9.997083901811049575e+22 9.997094707516761388e+22 9.997101911655368675e+22 9.997105513824453132e+22 9.997105513824453132e+22
9.978785597400576688e+22 9.978785597400576688e+22 9.978787172718715968e+22 9.978790339375927185e+22 9.978795129309323749e+22 9.978801590157136049e+22 9.978809784921761199e+22 9.978819791497058268e+22 9.978831702043242634e+22 9.978845622194482971e+22 9.978861670087446757e+22 9.978879975204779668e+22 9.978900677035152953e+22 9.978923923560185043e+22 9.978949869588150275e+22 9.978978674962252746e+22 9.979010502679163883e+22 9.979045516958401089e+22 9.979083881305992069e+22 9.979125756616401276e+22 9.979171299353562605e+22 9.979220659848765401e+22 9.979273980746087688e+22 9.979331395619045927e+22 9.979393027775626058e+22 9.979458989259925068e+22 9.979529380053067288e+22 9.979604287469071945e+22 9.979683785736885738e+22 9.979767935755754249e+22 9.979856785008243822e+22 9.979950367613811216e+22 9.980048704504825119e+22 9.980151803706826188e+22 9.980259660705939692e+22 9.980372258886561196e+22 9.980489570024479208e+22 9.980611554821615387e+22 9.980738163470547655e+22 9.980869336238137541e+22 9.981005004059416776e+22 9.981145089134431725e+22 9.981289505521267638e+22 9.981438159721130571e+22 9.981590951250675263e+22 9.981747773198981870e+22 9.981908512766831047e+22 9.982073051786644973e+22 9.982241267221706834e+22 9.982413031644680579e+22 9.982588213694442766e+22 9.982766678511739889e+22 9.982948288153694660e+22 9.983132901987625992e+22 9.983320377064885636e+22 9.983510568474922870e+22 9.983703329681031823e+22 9.983898512837635473e+22 9.984095969090713577e+22 9.984295548861414795e+22 9.984497102114327731e+22 9.984700478610306866e+22 9.984905528145556275e+22 9.985112100776880531e+22 9.985320047033854407e+22 9.985529218119186461e+22 9.985739466097006372e+22 9.985950644069872959e+22 9.986162606345729291e+22 9.986375208594053267e+22 9.986588307992698526e+22 9.986801763365214277e+22 9.987015435309388975e+22 9.987229186317039645e+22 9.987442880885880678e+22 9.987656385623045964e+22 9.987869569341373337e+22 9.988082303147934587e+22 9.988294460525780769e+22 9.988505917408416262e+22 9.988716552247905878e+22 9.988926246076255987e+22 9.989134882560527670e+22 9.989342348051980537e+22 9.989548531629064349e+22 9.989753325134669467e+22 9.989956623207745192e+22 9.990158323309598055e+22 9.990358325744623419e+22 9.990556533675784143e+22 9.990752853135500666e+22 9.990947193031096900e+22 9.991139465145795111e+22 9.991329584135140698e+22 9.991517467518632041e+22 9.991703035667293615e+22 9.991886211787152110e+22 9.992066921898175994e+22 9.992245094809943513e+22 9.992420662093121428e+22 9.992593558047566489e+22 9.992763719666766132e+22 9.992931086599400194e+22 9.993095601107267014e+22 9.993257208020728178e+22 9.993415854691004187e+22 9.993571490940077684e+22 9.993724069007966024e+22 9.993873543497822870e+22 9.994019871318940949e+22 9.994163011627525131e+22 9.994302925766416925e+22 9.994439577202248699e+22 9.994572931462009035e+22 9.994702956068012556e+22 9.994829620471854740e+22 9.994952895987640277e+22 9.995072755724344046e+22 9.995189174517813058e+22 9.995302128862417755e+22 9.995411596842471784e+22 9.995517558063871558e+22 9.995619993585708958e+22 9.995718885852501456e+22 9.995814218626838299e+22 9.995905976922771607e+22 9.995994146940135250e+22 9.996078715999877071e+22 9.996159672480703080e+22 9.996237005756973240e+22 9.996310706138229663e+22 9.996380764810266647e+22 9.996447173778123365e+22 9.996509925810969038e+22 9.996569014389165785e+22 9.996624433653442046e+22 9.996676178356453402e+22 9.996724243816643559e+22 9.996768625874932282e+22 9.996809320853973605e+22 9.996846325519937333e+22 9.996879637047392652e+22 9.996909252987162984e+22 9.996935171236935657e+22 9.996957390015117971e+22 9.996975907837887644e+22 9.996990723499177594e+22 9.997001836054264467e+22 9.997009244806249552e+22 9.997012949296173652e+22 9.997012949296173652e+22
9.978095448081379937e+22 9.978095448081379937e+22 9.978097373019235575e+22 9.978101237346406184e+22 9.978107069858302027e+22 9.978114913475524506e+22 9.978124824906223007e+22 9.978136874180584197e+22 9.978151144046768370e+22 9.978167729219296874e+22 9.978186735473327394e+22 9.978208278582840735e+22 9.978232483106339475e+22 9.978259481030602994e+22 9.978289410289427074e+22 9.978322413181082796e+22 9.978358634713051247e+22 9.978398220907640468e+22 9.978441317102864512e+22 9.978488066284362033e+22 9.978538607482053119e+22 9.978593074261828986e+22 9.978651593338618118e+22 9.978714283331256792e+22 9.978781253673877609e+22 9.978852603692959610e+22 9.978928421853142083e+22 9.979008785170302186e+22 9.979093758785922007e+22 9.979183395693463916e+22 9.979277736605025252e+22 9.979376809944464700e+22 9.979480631952922588e+22 9.979589206891380605e+22 9.979702527326087545e+22 9.979820574482635738e+22 9.979943318655637180e+22 9.980070719661854320e+22 9.980202727326204140e+22 9.980339281990946652e+22 9.980480315039714535e+22 9.980625749429456575e+22 9.980775500224083997e+22 9.980929475125145554e+22 9.981087574995008225e+22 9.981249694369979983e+22 9.981415721960181911e+22 9.981585541134741930e+22 9.981759030390717992e+22 9.981936063804890048e+22 9.982116511467647376e+22 9.982300239899184333e+22 9.982487112447133798e+22 9.982676989666579500e+22 9.982869729682462343e+22 9.983065188534429365e+22 9.983263220505115204e+22 9.983463678432309045e+22 9.983666414005017117e+22 9.983871278045049808e+22 9.984078120773566333e+22 9.984286792064162385e+22 9.984497141682497441e+22 9.984709019513151239e+22 9.984922275774521462e+22 9.985136761221787786e+22 9.985352327339081466e+22 9.985568826520585319e+22 9.985786112241803932e+22 9.986004039220646747e+22 9.986222463569276961e+22 9.986441242936961139e+22 9.986660236643979913e+22 9.986879305807106461e+22 9.987098313457382562e+22 9.987317124649427193e+22 9.987535606563490654e+22 9.987753628600125044e+22 9.987971062467635498e+22 9.988187782262443056e+22 9.988403664543124187e+22 9.988618588397350211e+22 9.988832435502728190e+22 9.989045090181380571e+22 9.989256439448495089e+22 9.989466373054611744e+22 9.989674783522661859e+22 9.989881566178905267e+22 9.990086619178659847e+22 9.990289843526489552e+22 9.990491143091414630e+22 9.990690424616662545e+22 9.990887597724833677e+22 9.991082574918151307e+22 9.991275271573886468e+22 9.991465605935546552e+22 9.991653499099394815e+22 9.991838874996876247e+22 9.992021660373052136e+22 9.992201784760877240e+22 9.992379180451886635e+22 9.992553782463027164e+22 9.992725528500363277e+22 9.992894358919221084e+22 9.993060216681109494e+22 9.993223047308050956e+22 9.993382798833717818e+22 9.993539421752144377e+22 9.993692868963971000e+22 9.993843095720478691e+22 9.993990059565212762e+22 9.994133720274289505e+22 9.994274039794367463e+22 9.994410982179434240e+22 9.994544513526167241e+22 9.994674601908141818e+22 9.994801217309014334e+22 9.994924331554973732e+22 9.995043918246587453e+22 9.995159952690092022e+22 9.995272411828799406e+22 9.995381274174008433e+22 9.995486519736469868e+22 9.995588129957906848e+22 9.995686087643159436e+22 9.995780376892845903e+22 9.995870983037171584e+22 9.995957892570553097e+22 9.996041093087331405e+22 9.996120573219050199e+22 9.996196322573131815e+22 9.996268331673284562e+22 9.996336591901562608e+22 9.996401095442585092e+22 9.996461835229624218e+22 9.996518804893250198e+22 9.996571998711813295e+22 9.996621411564970941e+22 9.996667038889355615e+22 9.996708876637178744e+22 9.996746921237502178e+22 9.996781169560534594e+22 9.996811618884763255e+22 9.996838266867129149e+22 9.996861111516465306e+22 9.996880151170097611e+22 9.996895384473494041e+22 9.996906810363443832e+22 9.996914428054484707e+22 9.996918237028628509e+22 9.996918237028628509e+22
9.977406067087971765e+22 9.977406067087971765e+22 9.977408319314975313e+22 9.977412836776024107e+22 9.977419645378688031e+22 9.977428783715823544e+22 9.977440302736674809e+22 9.977454265298564678e+22 9.977470745592915925e+22 9.977489828440566242e+22 9.977511608453496308e+22 9.977536189063450801e+22 9.977563681422700236e+22 9.977594203186560342e+22 9.977627877193260047e+22 9.977664830060549164e+22 9.977705190723251968e+22 9.977749088938761178e+22 9.977796653788847669e+22 9.977848012207036983e+22 9.977903287558807224e+22 9.977962598300316074e+22 9.978026056737299523e+22 9.978093767901936248e+22 9.978165828560978602e+22 9.978242326363396217e+22 9.978323339131946323e+22 9.978408934298224479e+22 9.978499168477739640e+22 9.978594087178302652e+22 9.978693724632903372e+22 9.978798103746394351e+22 9.978907236144414877e+22 9.979021122312393563e+22 9.979139751812538145e+22 9.979263103566852024e+22 9.979391146195012289e+22 9.979523838396256066e+22 9.979661129366277561e+22 9.979802959239814368e+22 9.979949259551858177e+22 9.980099953710528987e+22 9.980254957476026044e+22 9.980414179440865575e+22 9.980577521507217755e+22 9.980744879358297820e+22 9.980916142920939078e+22 9.981091196817354680e+22 9.981269920804546334e+22 9.981452190200017768e+22 9.981637876293187299e+22 9.981826846741679099e+22 9.982018965952484763e+22 9.982214095447735140e+22 9.982412094215087456e+22 9.982612819043086762e+22 9.982816124841667802e+22 9.983021864948142912e+22 9.983229891419048405e+22 9.983440055308377915e+22 9.983652206932623832e+22 9.983866196122980791e+22 9.984081872465234703e+22 9.984299085528005031e+22 9.984517685079276572e+22 9.984737521292212280e+22 9.984958444940399791e+22 9.985180307582655817e+22 9.985402961738494011e+22 9.985626261053630526e+22 9.985850060456805689e+22 9.986074216307621469e+22 9.986298586535666542e+22 9.986523030771826531e+22 9.986747410471207305e+22 9.986971589028391105e+22 9.987195431885327460e+22 9.987418806631650873e+22 9.987641583097901744e+22 9.987863633441939102e+22 9.988084832228246500e+22 9.988305056501028671e+22 9.988524185850354021e+22 9.988742102472339541e+22 9.988958691222992244e+22 9.989173839665903436e+22 9.989387438114268932e+22 9.989599379666840951e+22 9.989809560238551571e+22 9.990017878585294350e+22 9.990224236323531863e+22 9.990428537944650285e+22 9.990630690823883194e+22 9.990830605224707201e+22 9.991028194298051743e+22 9.991223374076895140e+22 9.991416063466374431e+22 9.991606184229194223e+22 9.991793660967114716e+22 9.991978421098065900e+22 9.992160394829354343e+22 9.992339515127041412e+22 9.992515717681758024e+22 9.992688940870813300e+22 9.992859125717251444e+22 9.993026215845601844e+22 9.993190157434686433e+22 9.993350899167569904e+22 9.993508392179078896e+22 9.993662590000687166e+22 9.993813448503365678e+22 9.993960925838063750e+22 9.994104982374772533e+22 9.994245580639469516e+22 9.994382685249907091e+22 9.994516262849909621e+22 9.994646282042744399e+22 9.994772713323467532e+22 9.994895529010706094e+22 9.995014703177636669e+22 9.995130211583151781e+22 9.995242031602273039e+22 9.995350142157342743e+22 9.995454523648775920e+22 9.995555157886745182e+22 9.995652028023316886e+22 9.995745118485261740e+22 9.995834414908162284e+22 9.995919904071402861e+22 9.996001573834547056e+22 9.996079413075297226e+22 9.996153411629019352e+22 9.996223560230156999e+22 9.996289850455328031e+22 9.996352274668961399e+22 9.996410825970851565e+22 9.996465498146068444e+22 9.996516285617630557e+22 9.996563183401480015e+22 9.996606187064378419e+22 9.996645292684544154e+22 9.996680496815287776e+22 9.996711796451554886e+22 9.996739188999675131e+22 9.996762672250332434e+22 9.996782244354518208e+22 9.996797903803135295e+22 9.996809649409554697e+22 9.996817480296108235e+22 9.996821395883334356e+22 9.996821395883334356e+22
9.976717506063864378e+22 9.976717506063864378e+22 9.976720064705312116e+22 9.976725193674145871e+22 9.976732916239364312e+22 9.976743267045727221e+22 9.976756291799337035e+22 9.976772046842527692e+22 9.976790598614968697e+22 9.976812022998383985e+22 9.976836404544724481e+22 9.976863835589951934e+22 9.976894415259101351e+22 9.976928248372287400e+22 9.976965444264875210e+22 9.977006115538649848e+22 9.977050376764452661e+22 9.977098343158042853e+22 9.977150129253169024e+22 9.977205847595530007e+22 9.977265607480384999e+22 9.977329513755265991e+22 9.977397665705927010e+22 9.977470156041159809e+22 9.977547069987772118e+22 9.977628484504093563e+22 9.977714467616188478e+22 9.977805077877718463e+22 9.977900363951364270e+22 9.978000364307453313e+22 9.978105107032748065e+22 9.978214609741536874e+22 9.978328879579532991e+22 9.978447913310948321e+22 9.978571697478267883e+22 9.978700208625099892e+22 9.978833413572241496e+22 9.978971269737835030e+22 9.979113725493028218e+22 9.979260720545741249e+22 9.979412186345094984e+22 9.979568046500965515e+22 9.979728217212767856e+22 9.979892607703185569e+22 9.980061120652734208e+22 9.980233652632118572e+22 9.980410094529400747e+22 9.980590331969870076e+22 9.980774245727106761e+22 9.980961712123438904e+22 9.981152603419187347e+22 9.981346788189698366e+22 9.981544131689796810e+22 9.981744496205258713e+22 9.981947741391311759e+22 9.982153724597918656e+22 9.982362301182314860e+22 9.982573324808406381e+22 9.982786647733985660e+22 9.983002121085327612e+22 9.983219595119967810e+22 9.983438919477927870e+22 9.983659943421388050e+22 9.983882516063627457e+22 9.984106486587295636e+22 9.984331704452319176e+22 9.984558019593990308e+22 9.984785282611247527e+22 9.985013344945970348e+22 9.985242059052749632e+22 9.985471278560247493e+22 9.985700858423859898e+22 9.985930655070233926e+22 9.986160526533515543e+22 9.986390332583988901e+22 9.986619934848843776e+22 9.986849196925589547e+22 9.987077984488268392e+22 9.987306165386281484e+22 9.987533609736512681e+22 9.987760190008442696e+22 9.987985781102658087e+22 9.988210260422850668e+22 9.988433507941173166e+22 9.988655406257608747e+22 9.988875840653067551e+22 9.989094699136273980e+22 9.989311872484828932e+22 9.989527254280767432e+22 9.989740740939782868e+22 9.989952231735594215e+22 9.990161628818414397e+22 9.990368837228239520e+22 9.990573764903138492e+22 9.990776322682200785e+22 9.990976424303734555e+22 9.991173986398872850e+22 9.991368928480170135e+22 9.991561172925984381e+22 9.991750644960632976e+22 9.991937272630042270e+22 9.992120986773665874e+22 9.992301720992532451e+22 9.992479411613417970e+22 9.992653997649837005e+22 9.992825420759438669e+22 9.992993625198347420e+22 9.993158557772534304e+22 9.993320167786456862e+22 9.993478406989001261e+22 9.993633229517238357e+22 9.993784591837696727e+22 9.993932452685719745e+22 9.994076773003311029e+22 9.994217515874824015e+22 9.994354646461712014e+22 9.994488131935827028e+22 9.994617941411861260e+22 9.994744045878800443e+22 9.994866418130964447e+22 9.994985032698437199e+22 9.995099865777551966e+22 9.995210895161166922e+22 9.995318100169163853e+22 9.995421461579409916e+22 9.995520961559252907e+22 9.995616583597603737e+22 9.995708312438376183e+22 9.995796134014559139e+22 9.995880035384016922e+22 9.995960004666390164e+22 9.996036030981996544e+22 9.996108104392211274e+22 9.996176215841963193e+22 9.996240357104354853e+22 9.996300520727463644e+22 9.996356699983560520e+22 9.996408888820806713e+22 9.996457081817668361e+22 9.996501274140047363e+22 9.996541461501108342e+22 9.996577640124610354e+22 9.996609806710490110e+22 9.996637958404369390e+22 9.996662092769776999e+22 9.996682207763966093e+22 9.996698301716808440e+22 9.996710373313431680e+22 9.996718421579998953e+22 9.996722445873234890e+22 9.996722445873234890e+22
9.976029856412645877e+22 9.976029856412645877e+22 9.976032701915588461e+22 9.976038403405643147e+22 9.976046981753327741e+22 9.976058468018855870e+22 9.976072903155502390e+22 9.976090337610825728e+22 9.976110830824873106e+22 9.976134450624546524e+22 9.976161272515468355e+22 9.976191378874774113e+22 9.976224858050654110e+22 9.976261803377787562e+22 9.976302312120289067e+22 9.976346484356894478e+22 9.976394421825312706e+22 9.976446226744357788e+22 9.976502000633502289e+22 9.976561843149593798e+22 9.976625850959942753e+22 9.976694116669422830e+22 9.976766727817429988e+22 9.976843765957621973e+22 9.976925305831234417e+22 9.977011414640842139e+22 9.977102151429457864e+22 9.977197566566308879e+22 9.977297701338476236e+22 9.977402587645442051e+22 9.977512247791493264e+22 9.977626694369578005e+22 9.977745930229601691e+22 9.977869948522843026e+22 9.977998732814212032e+22 9.978132257254073906e+22 9.978270486801240031e+22 9.978413377489341514e+22 9.978560876728891212e+22 9.978712923638576710e+22 9.978869449399118646e+22 9.979030377624312270e+22 9.979195624744244216e+22 9.979365100396189896e+22 9.979538707819604528e+22 9.979716344251927862e+22 9.979897901322436031e+22 9.980083265442071917e+22 9.980272318187146786e+22 9.980464936675710285e+22 9.980660993935238234e+22 9.980860359260858063e+22 9.981062898563388801e+22 9.981268474706638615e+22 9.981476947833926346e+22 9.981688175683335461e+22 9.981902013891871559e+22 9.982118316288360684e+22 9.982336935175365276e+22 9.982557721600161376e+22 9.982780525614869355e+22 9.983005196526191169e+22 9.983231583134827938e+22 9.983459533964608065e+22 9.983688897482141257e+22 9.983919522306676333e+22 9.984151257410807058e+22 9.984383952311826357e+22 9.984617457254603004e+22 9.984851623385390226e+22 9.985086302917678544e+22 9.985321349289564386e+22 9.985556617313006911e+22 9.985791963315526697e+22 9.986027245273915117e+22 9.986262322940697641e+22 9.986497057963008800e+22 9.986731313994356962e+22 9.986964956799299066e+22 9.987197854351053816e+22 9.987429876922373793e+22 9.987660897169577502e+22 9.987890790210152379e+22 9.988119433693680475e+22 9.988346707866439123e+22 9.988572495629721901e+22 9.988796682592101335e+22 9.989019157115380013e+22 9.989239810354832422e+22 9.989458536293465693e+22 9.989675231770720390e+22 9.989889796505275780e+22 9.990102133112785024e+22 9.990312147117820556e+22 9.990519746960932261e+22 9.990724844000427534e+22 9.990927352509297695e+22 9.991127189667089429e+22 9.991324275547642318e+22 9.991518533101531483e+22 9.991709888135010504e+22 9.991898269283984920e+22 9.992083607984459167e+22 9.992265838438873091e+22 9.992444897578989073e+22 9.992620725024826432e+22 9.992793263040933292e+22 9.992962456488759421e+22 9.993128252776723880e+22 9.993290601807199024e+22 9.993449455921045019e+22 9.993604769839649600e+22 9.993756500605071996e+22 9.993904607517984005e+22 9.994049052073995429e+22 9.994189797898462849e+22 9.994326810679917622e+22 9.994460058102301039e+22 9.994589509776525020e+22 9.994715137171058065e+22 9.994836913542247796e+22 9.994954813864091530e+22 9.995068814758342400e+22 9.995178894424154099e+22 9.995285032568666823e+22 9.995387210337615033e+22 9.995485410246943520e+22 9.995579616115185156e+22 9.995669812997024802e+22 9.995755987118032578e+22 9.995838125811004395e+22 9.995916217453740294e+22 9.995990251408752168e+22 9.996060217964838781e+22 9.996126108280887129e+22 9.996187914331883359e+22 9.996245628857143316e+22 9.996299245311510970e+22 9.996348757818706022e+22 9.996394161127996732e+22 9.996435450573129305e+22 9.996472622035146218e+22 9.996505671907326873e+22 9.996534597064134649e+22 9.996559394832959039e+22 9.996580062969469914e+22 9.996596599636141015e+22 9.996609003384613739e+22 9.996617273141203304e+22 9.996621408195978461e+22 9.996621408195978461e+22
9.975343247718955667e+22 9.975343247718955667e+22 9.975346361722847468e+22 9.975352599126818265e+22 9.975361978631214386e+22 9.975374528056013724e+22 9.975390284063396017e+22 9.975409291786669418e+22 9.975431604365648986e+22 9.975457282389168253e+22 9.975486393247059254e+22 9.975519010395434621e+22 9.975555212541422259e+22 9.975595082755573442e+22 9.975638707522460294e+22 9.975686175742250241e+22 9.975737577697583510e+22 9.975793004001499074e+22 9.975852544542812144e+22 9.975916287445876448e+22 9.975984318060282092e+22 9.976056717995997869e+22 9.976133564216950286e+22 9.976214928204910874e+22 9.976300875202348817e+22 9.976391463541448009e+22 9.976486744063492909e+22 9.976586759630653227e+22 9.976691544730096999e+22 9.976801125168693903e+22 9.976915517854418207e+22 9.977034730659991939e+22 9.977158762362601000e+22 9.977287602653691380e+22 9.977421232211523902e+22 9.977559622829699446e+22 9.977702737594579681e+22 9.977850531104890762e+22 9.978002949726812504e+22 9.978159931878682709e+22 9.978321408339513390e+22 9.978487302576456860e+22 9.978657531086448571e+22 9.978832003747837431e+22 9.979010624178904839e+22 9.979193290099630119e+22 9.979379893694440774e+22 9.979570321973444398e+22 9.979764457130496413e+22 9.979962176896345362e+22 9.980163354885647814e+22 9.980367860936930125e+22 9.980575561444701818e+22 9.980786319682789442e+22 9.980999996119055335e+22 9.981216448720568477e+22 9.981435533249458943e+22 9.981657103549075135e+22 9.981881011820594777e+22 9.982107108890005786e+22 9.982335244465517416e+22 9.982565267385549324e+22 9.982797025857464644e+22 9.983030367687053777e+22 9.983265140499020566e+22 9.983501191948692305e+22 9.983738369924909970e+22 9.983976522744598626e+22 9.984215499338784807e+22 9.984455149430510505e+22 9.984695323704729325e+22 9.984935873970303926e+22 9.985176653314176896e+22 9.985417516247959994e+22 9.985658318847037407e+22 9.985898918882359168e+22 9.986139175944824082e+22 9.986378951562554140e+22 9.986618109311285251e+22 9.986856514917562214e+22 9.987094036355216101e+22 9.987330543935137461e+22 9.987565910388189325e+22 9.987800010941952898e+22 9.988032723390322809e+22 9.988263928157441727e+22 9.988493508354903953e+22 9.988721349832944386e+22 9.988947341225393075e+22 9.989171373988833237e+22 9.989393342435716130e+22 9.989613143761808576e+22 9.989830678067894288e+22 9.990045848375968924e+22 9.990258560640066414e+22 9.990468723751827328e+22 9.990676249540708585e+22 9.990881052769426761e+22 9.991083051124467224e+22 9.991282165201811748e+22 9.991478318488119516e+22 9.991671437337656767e+22 9.991861450944783843e+22 9.992048291312635478e+22 9.992231893217573234e+22 9.992412194170366381e+22 9.992589134373597898e+22 9.992762656675803955e+22 9.992932706522509607e+22 9.993099231904437528e+22 9.993262183302805900e+22 9.993421513632247290e+22 9.993577178181484413e+22 9.993729134551700708e+22 9.993877342593337210e+22 9.994021764340887899e+22 9.994162363946522326e+22 9.994299107612349275e+22 9.994431963521636893e+22 9.994560901769329849e+22 9.994685894291878629e+22 9.994806914796750058e+22 9.994923938691847238e+22 9.995036943014788543e+22 9.995145906362668129e+22 9.995250808822076486e+22 9.995351631899973281e+22 9.995448358455263153e+22 9.995540972631597934e+22 9.995629459791244218e+22 9.995713806450481011e+22 9.995794000216670077e+22 9.995870029727009027e+22 9.995941884589299361e+22 9.996009555324818371e+22 9.996073033313435832e+22 9.996132310741161712e+22 9.996187380550388312e+22 9.996238236392690916e+22 9.996284872584326231e+22 9.996327284065086262e+22 9.996365466359735884e+22 9.996399415543032342e+22 9.996429128207608630e+22 9.996454601435425381e+22 9.996475832772628526e+22 9.996492820207762407e+22 9.996505562153685615e+22 9.996514057432800323e+22 9.996518305266143750e+22 9.996518305266143750e+22
9.974657846266757644e+22 9.974657846266757644e+22 9.974661211480238168e+22 9.974667950322795047e+22 9.974678079539816222e+22 9.974691624034528710e+22 9.974708616610161308e+22 9.974729097626481433e+22 9.974753114571211067e+22 9.974780721548377037e+22 9.974811978685932687e+22 9.974846951467195879e+22 9.974885709992071004e+22 9.974928328175289316e+22 9.974974882891579576e+22 9.975025453078499715e+22 9.975080118809473843e+22 9.975138960350382549e+22 9.975202057213510785e+22 9.975269487223327058e+22 9.975341325607151600e+22 9.975417644123922262e+22 9.975498510242516933e+22 9.975583986379237464e+22 9.975674129203128907e+22 9.975768989014714168e+22 9.975868609202907146e+22 9.975973025782109202e+22 9.976082267010007407e+22 9.976196353085183676e+22 9.976315295921748102e+22 9.976439098997724938e+22 9.976567757272371115e+22 9.976701257167352208e+22 9.976839576606277947e+22 9.976982685106391378e+22 9.977130543916868488e+22 9.977283106197703596e+22 9.977440317233482957e+22 9.977602114676835589e+22 9.977768428816524798e+22 9.977939182865474388e+22 9.978114293264691285e+22 9.978293669999146959e+22 9.978477216922575936e+22 9.978664832087710132e+22 9.978856408079934056e+22 9.979051832351933229e+22 9.979250987557252078e+22 9.979453751881528194e+22 9.979659999369706760e+22 9.979869600248547299e+22 9.980082421243070487e+22 9.980298325886673250e+22 9.980517174823954153e+22 9.980738826106210510e+22 9.980963135478857256e+22 9.981189956661005831e+22 9.981419141616595737e+22 9.981650540817337129e+22 9.981884003497241320e+22 9.982119377898838163e+22 9.982356511510924309e+22 9.982595251298253354e+22 9.982835443922787054e+22 9.983076935956975688e+22 9.983319574088889716e+22 9.983563205319481256e+22 9.983807677152037437e+22 9.984052837773704849e+22 9.984298536229623615e+22 9.984544622589166119e+22 9.984790948105109163e+22 9.985037365365078544e+22 9.985283728435755929e+22 9.985529893000139978e+22 9.985775716487360047e+22 9.986021058195379716e+22 9.986265779407113578e+22 9.986509743499225806e+22 9.986752816044202734e+22 9.986994864905744758e+22 9.987235760327219164e+22 9.987475375013818165e+22 9.987713584207970802e+22 9.987950265757993638e+22 9.988185300181033838e+22 9.988418570718932265e+22 9.988649963388305146e+22 9.988879367024567491e+22 9.989106673319515731e+22 9.989331776853249727e+22 9.989554575120165713e+22 9.989774968549355710e+22 9.989992860519212096e+22 9.990208157366801033e+22 9.990420768391535002e+22 9.990630605854038662e+22 9.990837584969711432e+22 9.991041623897416296e+22 9.991242643723482720e+22 9.991440568441105914e+22 9.991635324925123966e+22 9.991826842903006675e+22 9.992015054921234016e+22 9.992199896308211778e+22 9.992381305133212683e+22 9.992559222162200304e+22 9.992733590809888162e+22 9.992904357088936644e+22 9.993071469556512535e+22 9.993234879257719603e+22 9.993394539666864918e+22 9.993550406626502194e+22 9.993702438284310872e+22 9.993850595028216945e+22 9.993994839420134700e+22 9.994135136128109589e+22 9.994271451857355486e+22 9.994403755280612458e+22 9.994532016967519725e+22 9.994656209313834258e+22 9.994776306470224921e+22 9.994892284270982726e+22 9.995004120163113606e+22 9.995111793135751633e+22 9.995215283650192998e+22 9.995314573570742000e+22 9.995409646096593872e+22 9.995500485694892016e+22 9.995587078035390805e+22 9.995669409926396825e+22 9.995747469252807256e+22 9.995821244915985364e+22 9.995890726775605638e+22 9.995955905594112816e+22 9.996016772983262963e+22 9.996073321353667674e+22 9.996125543866566286e+22 9.996173434388953537e+22 9.996216987451359704e+22 9.996256198208815052e+22 9.996291062405105975e+22 9.996321576340223846e+22 9.996347736841288417e+22 9.996369541236739434e+22 9.996386987334475920e+22 9.996400073403144549e+22 9.996408798157214633e+22 9.996413160746010857e+22 9.996413160746010857e+22
9.973973853648421755e+22 9.973973853648421755e+22 9.973977453732856594e+22 9.973984661437622203e+22 9.973995491754739814e+22 9.974009966972953952e+22 9.974028116439321490e+22 9.974049976242021597e+22 9.974075588816399866e+22 9.974105002475669317e+22 9.974138270869872024e+22 9.974175452377218495e+22 9.974216609433472152e+22 9.974261807806401846e+22 9.974311115823857113e+22 9.974364603564905044e+22 9.974422342025113449e+22 9.974484402267001297e+22 9.974550854568081621e+22 9.974621767578101691e+22 9.974697207497346987e+22 9.974777237286721212e+22 9.974861915919915313e+22 9.974951297685968545e+22 9.975045431549615302e+22 9.975144360575143772e+22 9.975248121417652031e+22 9.975356743884120837e+22 9.975470250565375204e+22 9.975588656538305587e+22 9.975711969136815269e+22 9.975840187788824674e+22 9.975973303915718797e+22 9.976111300890201162e+22 9.976254154047792926e+22 9.976401830747568079e+22 9.976554290476373508e+22 9.976711484992441968e+22 9.976873358502792685e+22 9.977039847870062553e+22 9.977210882844425978e+22 9.977386386316177546e+22 9.977566274585450932e+22 9.977750457645404887e+22 9.977938839475953703e+22 9.978131318345072588e+22 9.978327787115287203e+22 9.978528133553357586e+22 9.978732240640925080e+22 9.978939986884961291e+22 9.979151246626233988e+22 9.979365890344949383e+22 9.979583784962522245e+22 9.979804794138452086e+22 9.980028778562078953e+22 9.980255596238274245e+22 9.980485102766876996e+22 9.980717151615538378e+22 9.980951594385603664e+22 9.981188281070929314e+22 9.981427060309532816e+22 9.981667779627827016e+22 9.981910285677594935e+22 9.982154424465476918e+22 9.982400041575102651e+22 9.982646982381676790e+22 9.982895092259409101e+22 9.983144216781336137e+22 9.983394201911965621e+22 9.983644894192543885e+22 9.983896140919102400e+22 9.984147790313268288e+22 9.984399691685926063e+22 9.984651695593641686e+22 9.984903653988236473e+22 9.985155420358930386e+22 9.985406849867947232e+22 9.985657799478711052e+22 9.985908128077341681e+22 9.986157696587216296e+22 9.986406368076776446e+22 9.986654007860422876e+22 9.986900483592617250e+22 9.987145665355590087e+22 9.987389425739925081e+22 9.987631639919147247e+22 9.987872185717237796e+22 9.988110943670179673e+22 9.988347797080696580e+22 9.988582632067141783e+22 9.988815337605835417e+22 9.989045805567481112e+22 9.989273930747574695e+22 9.989499610890700954e+22 9.989722746709381166e+22 9.989943241896921085e+22 9.990161003135073098e+22 9.990375940095935408e+22 9.990587965438774424e+22 9.990796994801795544e+22 9.991002946788872369e+22 9.991205742951440738e+22 9.991405307765941758e+22 9.991601568606666201e+22 9.991794455714302263e+22 9.991983902160745346e+22 9.992169843809569263e+22 9.992352219273187295e+22 9.992530969866327294e+22 9.992706039556496949e+22 9.992877374910992954e+22 9.993044925041522770e+22 9.993208641546049762e+22 9.993368478448066390e+22 9.993524392134035322e+22 9.993676341288701526e+22 9.993824286828671271e+22 9.993968191834794911e+22 9.994108021482932352e+22 9.994243742974010511e+22 9.994375325463164748e+22 9.994502739988341745e+22 9.994625959398685960e+22 9.994744958282600599e+22 9.994859712896288424e+22 9.994970201092300944e+22 9.995076402248894592e+22 9.995178297200037855e+22 9.995275868166393168e+22 9.995369098687729893e+22 9.995457973556352333e+22 9.995542478752473888e+22 9.995622601381128018e+22 9.995698329611204873e+22 9.995769652616444143e+22 9.995836560518927719e+22 9.995899044334869152e+22 9.995957095923144511e+22 9.996010707936492493e+22 9.996059873775638807e+22 9.996104587546497489e+22 9.996144844020338446e+22 9.996180638597565435e+22 9.996211967274331092e+22 9.996238826613163373e+22 9.996261213716668953e+22 9.996279126205100406e+22 9.996292562197340907e+22 9.996301520295923863e+22 9.996305999575597554e+22 9.996305999575597554e+22
9.973291505456230328e+22 9.973291505456230328e+22 9.973295324916748177e+22 9.973302970588101765e+22 9.973314455897083635e+22 9.973329800799648639e+22 9.973349031560870678e+22 9.973372180462864800e+22 9.973399285442697966e+22 9.973430389662425914e+22 9.973465541014658535e+22 9.973504791567678623e+22 9.973548196955806499e+22 9.973595815720993266e+22 9.973647708613697444e+22 9.973703937861153404e+22 9.973764566412611394e+22 9.973829657171474566e+22 9.973899272224520117e+22 9.973973472078564478e+22 9.974052314914434213e+22 9.974135855868087475e+22 9.974224146346922318e+22 9.974317233389584987e+22 9.974415159075171992e+22 9.974517959987201416e+22 9.974625666736124959e+22 9.974738303542888917e+22 9.974855887884725204e+22 9.974978430203065061e+22 9.975105933672781867e+22 9.975238394030820268e+22 9.975375799461317548e+22 9.975518130534006076e+22 9.975665360192533011e+22 9.975817453788058354e+22 9.975974369154618203e+22 9.976136056721495189e+22 9.976302459658772572e+22 9.976473514051533747e+22 9.976649149099438978e+22 9.976829287337409538e+22 9.977013844874281930e+22 9.977202731646236125e+22 9.977395851681987979e+22 9.977593103377366830e+22 9.977794379776630823e+22 9.977999568858882507e+22 9.978208553827272806e+22 9.978421213399777018e+22 9.978637422100031209e+22 9.978857050546943872e+22 9.979079965742307738e+22 9.979306031355312839e+22 9.979535108003252824e+22 9.979767053528050382e+22 9.980001723267828364e+22 9.980238970323212855e+22 9.980478645818069562e+22 9.980720599154302753e+22 9.980964678260574126e+22 9.981210729834747003e+22 9.981458599579799152e+22 9.981708132433346848e+22 9.981959172790377513e+22 9.982211564719400655e+22 9.982465152171775518e+22 9.982719779184257375e+22 9.982975290074779248e+22 9.983231529631343234e+22 9.983488343294007994e+22 9.983745577330183818e+22 9.984003079002760466e+22 9.984260696731705305e+22 9.984518280248479135e+22 9.984775680743784736e+22 9.985032751008275707e+22 9.985289345566618157e+22 9.985545320804376799e+22 9.985800535088383079e+22 9.986054848880132384e+22 9.986308124842285806e+22 9.986560227938583498e+22 9.986811025526864268e+22 9.987060387445439726e+22 9.987308186092851482e+22 9.987554296500828556e+22 9.987798596400832525e+22 9.988040966284182028e+22 9.988281289455367409e+22 9.988519452079463124e+22 9.988755343223015499e+22 9.988988854888805119e+22 9.989219882044347961e+22 9.989448322644811396e+22 9.989674077649689064e+22 9.989897051034036575e+22 9.990117149793811694e+22 9.990334283946033729e+22 9.990548366523463474e+22 9.990759313564201334e+22 9.990967044096238866e+22 9.991171480117305986e+22 9.991372546569874597e+22 9.991570171311994752e+22 9.991764285083564061e+22 9.991954821468773574e+22 9.992141716854637855e+22 9.992324910385726698e+22 9.992504343915709176e+22 9.992679961955510360e+22 9.992851711618562235e+22 9.993019542563214223e+22 9.993183406932662367e+22 9.993343259292662235e+22 9.993499056566956773e+22 9.993650757971135483e+22 9.993798324944690060e+22 9.993941721081893932e+22 9.994080912061435268e+22 9.994215865575162459e+22 9.994346551256410174e+22 9.994472940607718084e+22 9.994595006928331473e+22 9.994712725242025660e+22 9.994826072224958933e+22 9.994935026134201611e+22 9.995039566736994913e+22 9.995139675240890630e+22 9.995235334225103788e+22 9.995326527573165552e+22 9.995413240407518924e+22 9.995495459025218385e+22 9.995573170836159542e+22 9.995646364303290165e+22 9.995715028884943536e+22 9.995779154980012189e+22 9.995838733875458710e+22 9.995893757696708864e+22 9.995944219361046168e+22 9.995990112533940797e+22 9.996031431588784269e+22 9.996068171569682606e+22 9.996100328157737491e+22 9.996127897640897610e+22 9.996150876887464070e+22 9.996169263322998243e+22 9.996183054911093395e+22 9.996192250138070509e+22 9.996196848001225851e+22 9.996196848001225851e+22
9.972611070048945675e+22 9.972611070048945675e+22 9.972615094132484866e+22 9.972623148352039551e+22 9.972635244744359595e+22 9.972651401194512581e+22 9.972671641233027131e+22 9.972695993767017893e+22 9.972724492747625883e+22 9.972757176775673381e+22 9.972794088649430716e+22 9.972835274857821870e+22 9.972880785024845296e+22 9.972930671310558514e+22 9.972984987775567240e+22 9.973043789716614074e+22 9.973107132981546320e+22 9.973175073271989456e+22 9.973247665443104725e+22 9.973324962808859722e+22 9.973407016461841465e+22 9.973493874615782474e+22 9.973585581978082817e+22 9.973682179159475251e+22 9.973783702126368234e+22 9.973890181700455393e+22 9.974001643109414968e+22 9.974118105591026234e+22 9.974239582052071925e+22 9.974366078782476281e+22 9.974497595224177089e+22 9.974634123793394565e+22 9.974775649754097595e+22 9.974922151140414141e+22 9.975073598724974313e+22 9.975229956029441429e+22 9.975391179374466171e+22 9.975557217964884650e+22 9.975728014006903898e+22 9.975903502853446251e+22 9.976083613174669613e+22 9.976268267149767947e+22 9.976457380677632708e+22 9.976650863602914086e+22 9.976848619955272496e+22 9.977050548199144345e+22 9.977256541491936677e+22 9.977466487948551861e+22 9.977680270910757536e+22 9.977897769219430495e+22 9.978118857488810482e+22 9.978343406380918401e+22 9.978571282879808432e+22 9.978802350564075320e+22 9.979036469877430603e+22 9.979273498396066002e+22 9.979513291092825788e+22 9.979755700597235175e+22 9.980000577451215290e+22 9.980247770360105560e+22 9.980497126438409653e+22 9.980748491450551894e+22 9.981001710045946184e+22 9.981256625988360680e+22 9.981513082379410447e+22 9.981770921876181431e+22 9.982029986902537824e+22 9.982290119854391296e+22 9.982551163298532819e+22 9.982812960165198194e+22 9.983075353934097180e+22 9.983338188813901182e+22 9.983601309915270034e+22 9.983864563417223266e+22 9.984127796726773632e+22 9.984390858631881635e+22 9.984653599447882033e+22 9.984915871156793455e+22 9.985177527540165430e+22 9.985438424304961192e+22 9.985698419202731278e+22 9.985957372141816198e+22 9.986215145292970747e+22 9.986471603187935189e+22 9.986726612811434793e+22 9.986980043686461781e+22 9.987231767952403464e+22 9.987481660437031603e+22 9.987729598721549350e+22 9.987975463199074943e+22 9.988219137126597394e+22 9.988460506670687689e+22 9.988699460946594732e+22 9.988935892051177347e+22 9.989169695089603536e+22 9.989400768196348844e+22 9.989629012549594566e+22 9.989854332380544133e+22 9.990076634976548710e+22 9.990295830679031854e+22 9.990511832875874333e+22 9.990724557988661769e+22 9.990933925454982991e+22 9.991139857705851263e+22 9.991342280138392653e+22 9.991541121084108571e+22 9.991736311773059770e+22 9.991927786293678205e+22 9.992115481549151299e+22 9.992299337209809889e+22 9.992479295662370429e+22 9.992655301955984504e+22 9.992827303745365737e+22 9.992995251230987413e+22 9.993159097097458077e+22 9.993318796448838661e+22 9.993474306742825465e+22 9.993625587722612847e+22 9.993772601347725800e+22 9.993915311723225127e+22 9.994053685028266705e+22 9.994187689443845367e+22 9.994317295079946558e+22 9.994442473902508396e+22 9.994563199660593460e+22 9.994679447813434743e+22 9.994791195458119139e+22 9.994898421258109793e+22 9.995001105372390883e+22 9.995099229386066992e+22 9.995192776242061378e+22 9.995281730174488622e+22 9.995366076643902960e+22 9.995445802274242796e+22 9.995520894792159252e+22 9.995591342968564351e+22 9.995657136562791409e+22 9.995718266269162956e+22 9.995774723666717809e+22 9.995826501171726516e+22 9.995873591993313945e+22 9.995915990092210818e+22 9.995953690143281801e+22 9.995986687500982891e+22 9.996014978168687637e+22 9.996038558771620453e+22 9.996057426533512800e+22 9.996071579256918481e+22 9.996081015307617541e+22 9.996085733602682628e+22 9.996085733602682628e+22
9.971932847385174501e+22 9.971932847385174501e+22 9.971937061985685026e+22 9.971945496623027375e+22 9.971958162106845705e+22 9.971975074494751021e+22 9.971996254905077386e+22 9.972021729269575687e+22 9.972051528027353593e+22 9.972085685763021210e+22 9.972124240791941520e+22 9.972167234696581952e+22 9.972214711818490216e+22 9.972266718711555031e+22 9.972323303562180506e+22 9.972384515583640391e+22 9.972450404391343201e+22 9.972521019366972378e+22 9.972596409019039482e+22 9.972676620347723953e+22 9.972761698221532434e+22 9.972851684773184773e+22 9.972946618820890670e+22 9.973046535321702682e+22 9.973151464861438522e+22 9.973261433185845117e+22 9.973376460776457162e+22 9.973496562473027555e+22 9.973621747144895286e+22 9.973752017410997197e+22 9.973887369409295339e+22 9.974027792614002629e+22 9.974173269699645460e+22 9.974323776449834228e+22 9.974479281708346009e+22 9.974639747369798101e+22 9.974805128407298553e+22 9.974975372933610865e+22 9.975150422293217280e+22 9.975330211181848062e+22 9.975514667790807492e+22 9.975703713972830077e+22 9.975897265427170145e+22 9.976095231900807646e+22 9.976297517403787074e+22 9.976504020436293727e+22 9.976714634225172192e+22 9.976929246968571704e+22 9.977147742086386365e+22 9.977369998475500349e+22 9.977595890768173806e+22 9.977825289592445390e+22 9.978058061833531346e+22 9.978294070895248094e+22 9.978533176960639566e+22 9.978775237250911725e+22 9.979020106282472938e+22 9.979267636120957800e+22 9.979517676632226031e+22 9.979770075729631799e+22 9.980024679617335289e+22 9.980281333029176712e+22 9.980539879463048970e+22 9.980800161410232143e+22 9.981062020579798811e+22 9.981325298117635578e+22 9.981589834819768733e+22 9.981855471340517484e+22 9.982122048394375882e+22 9.982389406952230748e+22 9.982657388431408942e+22 9.982925834879674771e+22 9.983194589152870505e+22 9.983463495086263763e+22 9.983732397659380305e+22 9.984001143154444704e+22 9.984269579308108454e+22 9.984537555456589667e+22 9.984804922674128722e+22 9.985071533904629019e+22 9.985337244086704275e+22 9.985601910271543502e+22 9.985865391734346954e+22 9.986127550078636786e+22 9.986388249333843414e+22 9.986647356045989721e+22 9.986904739361476470e+22 9.987160271104270926e+22 9.987413825846215128e+22 9.987665280970343108e+22 9.987914516727923422e+22 9.988161416288737113e+22 9.988405865784693437e+22 9.988647754347184338e+22 9.988886974137931032e+22 9.989123420373768995e+22 9.989356991345050885e+22 9.989587588428212679e+22 9.989815116092575161e+22 9.990039481901035133e+22 9.990260596505651341e+22 9.990478373637646923e+22 9.990692730091982763e+22 9.990903585707167790e+22 9.991110863340148516e+22 9.991314488836537870e+22 9.991514390996242032e+22 9.991710501535104369e+22 9.991902755042438939e+22 9.992091088934624716e+22 9.992275443405418188e+22 9.992455761372739378e+22 9.992631988422344022e+22 9.992804072748848303e+22 9.992971965094096064e+22 9.993135618682949049e+22 9.993294989157402778e+22 9.993450034508521380e+22 9.993600715006879256e+22 9.993746993131828334e+22 9.993888833499441607e+22 9.994026202789837590e+22 9.994159069673800126e+22 9.994287404739144869e+22 9.994411180417107572e+22 9.994530370908645124e+22 9.994644952111474803e+22 9.994754901547420536e+22 9.994860198291007393e+22 9.994960822898992244e+22 9.995056757340956420e+22 9.995147984932072692e+22 9.995234490267105388e+22 9.995316259156512683e+22 9.995393278564852407e+22 9.995465536551285005e+22 9.995533022212913522e+22 9.995595725630494212e+22 9.995653637817150262e+22 9.995706750670227898e+22 9.995755056926058296e+22 9.995798550118083330e+22 9.995837224538494468e+22 9.995871075203284153e+22 9.995900097820932807e+22 9.995924288764845543e+22 9.995943645049573815e+22 9.995958164310733095e+22 9.995967844789242351e+22 9.995972685319022995e+22 9.995972685319022995e+22
9.971257167916125336e+22 9.971257167916125336e+22 9.971261559486488458e+22 9.971270347523383466e+22 9.971283541761003094e+22 9.971301156655687166e+22 9.971323211213167605e+22 9.971349728760451983e+22 9.971380736663890795e+22 9.971416265996262126e+22 9.971456351155464123e+22 9.971501029438954196e+22 9.971550340577783657e+22 9.971604326235433756e+22 9.971663029476835249e+22 9.971726494213550899e+22 9.971794764631511348e+22 9.971867884608300463e+22 9.971945897126229600e+22 9.972028843688581084e+22 9.972116763745564020e+22 9.972209694135958477e+22 9.972307668551073373e+22 9.972410717025574742e+22 9.972518865460440701e+22 9.972632135181673693e+22 9.972750542538071763e+22 9.972874098540323799e+22 9.973002808543082971e+22 9.973136671970957879e+22 9.973275682088352639e+22 9.973419825812981416e+22 9.973569083571752141e+22 9.973723429197777889e+22 9.973882829866559708e+22 9.974047246069174947e+22 9.974216631620130675e+22 9.974390933697323650e+22 9.974570092911608726e+22 9.974754043403083291e+22 9.974942712961846320e+22 9.975136023170383243e+22 9.975333889565256371e+22 9.975536221815723524e+22 9.975742923917102154e+22 9.975953894396818725e+22 9.976169026531185446e+22 9.976388208571218238e+22 9.976611323975856816e+22 9.976838251651026597e+22 9.977068866193404933e+22 9.977303038137564607e+22 9.977540634205350370e+22 9.977781517556834212e+22 9.978025548041557534e+22 9.978272582449602180e+22 9.978522474761773960e+22 9.978775076398130266e+22 9.979030236464434014e+22 9.979287801996047391e+22 9.979547618198814091e+22 9.979809528686450206e+22 9.980073375714260917e+22 9.980339000408654479e+22 9.980606242992443464e+22 9.980874943005376224e+22 9.981144939519900280e+22 9.981416071351753297e+22 9.981688177265307812e+22 9.981961096173493577e+22 9.982234667331884784e+22 9.982508730527198793e+22 9.982783126259802046e+22 9.983057695919926202e+22 9.983332281957936739e+22 9.983606728048068526e+22 9.983880879245876632e+22 9.984154582139033302e+22 9.984427684991568393e+22 9.984700037881388859e+22 9.984971492831025273e+22 9.985241903931679205e+22 9.985511127460146997e+22 9.985779021989129958e+22 9.986045448490444443e+22 9.986310270431373400e+22 9.986573353863978208e+22 9.986834567507570432e+22 9.987093782824377070e+22 9.987350874087971462e+22 9.987605718445281876e+22 9.987858195971488245e+22 9.988108189718414361e+22 9.988355585756199125e+22 9.988600273208461597e+22 9.988842144280909500e+22 9.989081094283726737e+22 9.989317021647807028e+22 9.989549827934602134e+22 9.989779417840529231e+22 9.990005699195096898e+22 9.990228582953779829e+22 9.990447983185367138e+22 9.990663817053943628e+22 9.990876004795844605e+22 9.991084469691996963e+22 9.991289138035346217e+22 9.991489939093837578e+22 9.991686805069451022e+22 9.991879671053045413e+22 9.992068474975486476e+22 9.992253157555427711e+22 9.992433662243638555e+22 9.992609935164487133e+22 9.992781925054664829e+22 9.992949583199310394e+22 9.993112863366036901e+22 9.993271721736895096e+22 9.993426116838716080e+22 9.993576009472022885e+22 9.993721362638625047e+22 9.993862141468459873e+22 9.993998313145645190e+22 9.994129846834260292e+22 9.994256713603846714e+22 9.994378886355222738e+22 9.994496339746413661e+22 9.994609050119409186e+22 9.994716995427588532e+22 9.994820155164365265e+22 9.994918510293013234e+22 9.995012043178292701e+22 9.995100737519485767e+22 9.995184578285584305e+22 9.995263551652633772e+22 9.995337644943427502e+22 9.995406846569761210e+22 9.995471145977376879e+22 9.995530533593698376e+22 9.995585000778877213e+22 9.995634539779794456e+22 9.995679143687387873e+22 9.995718806397752286e+22 9.995753522576335307e+22 9.995783287626297193e+22 9.995808097660153994e+22 9.995827949475819684e+22 9.995842840536106087e+22 9.995852768952427164e+22 9.995857733472600300e+22 9.995857733472600300e+22
9.970584391530623638e+22 9.970584391530623638e+22 9.970588947000819345e+22 9.970598062368078850e+22 9.970611746432335479e+22 9.970630012259300855e+22 9.970652877020744122e+22 9.970680361783498323e+22 9.970712491249130013e+22 9.970749293446615899e+22 9.970790799380834995e+22 9.970837042640203232e+22 9.970888058967805867e+22 9.970943885799891508e+22 9.971004561777306160e+22 9.971070126234806518e+22 9.971140618674287254e+22 9.971216078227520881e+22 9.971296543114827452e+22 9.971382050105472319e+22 9.971472633985838455e+22 9.971568327040934976e+22 9.971669158554442819e+22 9.971775154332441457e+22 9.971886336254549583e+22 9.972002721856618706e+22 9.972124323947481137e+22 9.972251150262445120e+22 9.972383203155026903e+22 9.972520479327817354e+22 9.972662969603033399e+22 9.972810658732589869e+22 9.972963525246883096e+22 9.973121541341537999e+22 9.973284672800284895e+22 9.973452878952556764e+22 9.973626112663832284e+22 9.973804320356458037e+22 9.973987442058971841e+22 9.974175411481554924e+22 9.974368156115270841e+22 9.974565597353123145e+22 9.974767650630470625e+22 9.974974225582899226e+22 9.975185226219379701e+22 9.975400551109013117e+22 9.975620093579465064e+22 9.975843741925467855e+22 9.976071379625827107e+22 9.976302885567716341e+22 9.976538134276523164e+22 9.976776996150731971e+22 9.977019337700131891e+22 9.977265021786752706e+22 9.977513907867555673e+22 9.977765852238023596e+22 9.978020708275933780e+22 9.978278326684825629e+22 9.978538555736258616e+22 9.978801241510575394e+22 9.979066228135660041e+22 9.979333358023022005e+22 9.979602472101058131e+22 9.979873410044999500e+22 9.980146010503205880e+22 9.980420111319393370e+22 9.980695549750781831e+22 9.980972162681553080e+22 9.981249786831582947e+22 9.981528258960111645e+22 9.981807416064166226e+22 9.982087095571589156e+22 9.982367135528310643e+22 9.982647374779940182e+22 9.982927653147147187e+22 9.983207811595114224e+22 9.983487692396578000e+22 9.983767139288508426e+22 9.984045997622165714e+22 9.984324114506622750e+22 9.984601338945467528e+22 9.984877521966689000e+22 9.985152516745729566e+22 9.985426178721477716e+22 9.985698365705475955e+22 9.985968937983750124e+22 9.986237758412010029e+22 9.986504692503442935e+22 9.986769608509653569e+22 9.987032377494532522e+22 9.987292873400985951e+22 9.987550973110994652e+22 9.987806556498539472e+22 9.988059506475745359e+22 9.988309709032396738e+22 9.988557053268569201e+22 9.988801431420968056e+22 9.989042738882797581e+22 9.989280874217167703e+22 9.989515739164512879e+22 9.989747238644097011e+22 9.989975280749426560e+22 9.990199776738294943e+22 9.990420641017201531e+22 9.990637791120505962e+22 9.990851147684748932e+22 9.991060634417686485e+22 9.991266178063244093e+22 9.991467708361548287e+22 9.991665158005208593e+22 9.991858462591431999e+22 9.992047560570584013e+22 9.992232393191332197e+22 9.992412904442523183e+22 9.992589040992361906e+22 9.992760752124750463e+22 9.992927989673363715e+22 9.993090707953563992e+22 9.993248863692735382e+22 9.993402415958650048e+22 9.993551326086878252e+22 9.993695557607044101e+22 9.993835076168406847e+22 9.993969849464866734e+22 9.994099847159907090e+22 9.994225040811444142e+22 9.994345403797047607e+22 9.994460911239735070e+22 9.994571539934494484e+22 9.994677268276086781e+22 9.994778076187717534e+22 9.994873945051780612e+22 9.994964857641868512e+22 9.995050798056992250e+22 9.995131751657963835e+22 9.995207705006045345e+22 9.995278645804299138e+22 9.995344562841540205e+22 9.995405445939340299e+22 9.995461285902125787e+22 9.995512074470305458e+22 9.995557804277055776e+22 9.995598468808414593e+22 9.995634062367176576e+22 9.995664580040345413e+22 9.995690017670526979e+22 9.995710371831335617e+22 9.995725639806652462e+22 9.995735819573974060e+22 9.995740909791903272e+22 9.995740909791903272e+22
9.969914906545579727e+22 9.969914906545579727e+22 9.969919613246732920e+22 9.969929030672737475e+22 9.969943166821045633e+22 9.969962033563267446e+22 9.969985646496967557e+22 9.970014024749957304e+22 9.970047190739028279e+22 9.970085169885167485e+22 9.970127990288087725e+22 9.970175682363130066e+22 9.970228278444393759e+22 9.970285812357949030e+22 9.970348318969692789e+22 9.970415833712979398e+22 9.970488392100641925e+22 9.970566029227150069e+22 9.970648779266130864e+22 9.970736674968573890e+22 9.970829747167282646e+22 9.970928024292105283e+22 9.971031531901321793e+22 9.971140292233079973e+22 9.971254323780834558e+22 9.971373640896334529e+22 9.971498253422750702e+22 9.971628166360327625e+22 9.971763379566165361e+22 9.971903887489253560e+22 9.972049678941244359e+22 9.972200736903396957e+22 9.972357038368816418e+22 9.972518554219760216e+22 9.972685249138729052e+22 9.972857081551875631e+22 9.973034003603498258e+22 9.973215961159592575e+22 9.973402893838829014e+22 9.973594735068941019e+22 9.973791412166472185e+22 9.973992846438357271e+22 9.974198953302746674e+22 9.974409642427856349e+22 9.974624817886621860e+22 9.974844378325514086e+22 9.975068217146060308e+22 9.975296222697285589e+22 9.975528278477744007e+22 9.975764263345909976e+22 9.976004051737352602e+22 9.976247513887907879e+22 9.976494516061684420e+22 9.976744920782582317e+22 9.976998587069041633e+22 9.977255370670653152e+22 9.977515124306163322e+22 9.977777697902056335e+22 9.978042938831213376e+22 9.978310692150743086e+22 9.978580800838936245e+22 9.978853106030358194e+22 9.979127447248882683e+22 9.979403662638237667e+22 9.979681589189460728e+22 9.979961062965210461e+22 9.980241919320217407e+22 9.980523993117901403e+22 9.980807118942593299e+22 9.981091131307146294e+22 9.981375864855777509e+22 9.981661154561733794e+22 9.981946835919620696e+22 9.982232745132188238e+22 9.982518719291279907e+22 9.982804596552931423e+22 9.983090216306161274e+22 9.983375419335650994e+22 9.983660047977769914e+22 9.983943946270144043e+22 9.984226960094389915e+22 9.984508937312223101e+22 9.984789727894376022e+22 9.985069184042746144e+22 9.985347160305288033e+22 9.985623513683957960e+22 9.985898103735358744e+22 9.986170792664284476e+22 9.986441445410084592e+22 9.986709929725724826e+22 9.986976116249863809e+22 9.987239878571613120e+22 9.987501093288343188e+22 9.987759640056449466e+22 9.988015401635157744e+22 9.988268263923370269e+22 9.988518115989982177e+22 9.988764850097393081e+22 9.989008361718540979e+22 9.989248549547661486e+22 9.989485315504822708e+22 9.989718564734173708e+22 9.989948205596757144e+22 9.990174149657324054e+22 9.990396311665763156e+22 9.990614609533305723e+22 9.990828964303693939e+22 9.991039300119191932e+22 9.991245544182796780e+22 9.991447626715116025e+22 9.991645480907883047e+22 9.991839042873246247e+22 9.992028251589660849e+22 9.992213048844259164e+22 9.992393379172526431e+22 9.992569189794758787e+22 9.992740430550222766e+22 9.992907053829133749e+22 9.993069014502745309e+22 9.993226269851405150e+22 9.993378779491689982e+22 9.993526505302080776e+22 9.993669411347941766e+22 9.993807463806019620e+22 9.993940630888429230e+22 9.994068882766877740e+22 9.994192191497009365e+22 9.994310530943176357e+22 9.994423876704223311e+22 9.994532206040158988e+22 9.994635497799918656e+22 9.994733732351087686e+22 9.994826891510833113e+22 9.994914958479269560e+22 9.994997917774605242e+22 9.995075755171140076e+22 9.995148457639228421e+22 9.995216013288699593e+22 9.995278411314717786e+22 9.995335641947027643e+22 9.995387696402427753e+22 9.995434566840527461e+22 9.995476246323401012e+22 9.995512728778615606e+22 9.995544008966232290e+22 9.995570082449610244e+22 9.995590945570353368e+22 9.995606595427226354e+22 9.995617029859095609e+22 9.995622247432361450e+22 9.995622247432361450e+22
9.969249128735613072e+22 9.969249128735613072e+22 9.969253974329415172e+22 9.969263669199450512e+22 9.969278220663984331e+22 9.969297639584353065e+22 9.969321940226909667e+22 9.969351140080658625e+22 9.969385259632771780e+22 9.969424322103397581e+22 9.969468353142899448e+22 9.969517380494163968e+22 9.969571433623302491e+22 9.969630543322811256e+22 9.969694741290874307e+22 9.969764059691483346e+22 9.969838530699979863e+22 9.969918186038626563e+22 9.970003056507169119e+22 9.970093171513376113e+22 9.970188558608014875e+22 9.970289243028880307e+22 9.970395247258487069e+22 9.970506590599007070e+22 9.970623288768139887e+22 9.970745353519130634e+22 9.970872792287562590e+22 9.971005607866966370e+22 9.971143798115191803e+22 9.971287355692344463e+22 9.971436267831530042e+22 9.971590516142242162e+22 9.971750076446534533e+22 9.971914918647608377e+22 9.972085006629709493e+22 9.972260298188789698e+22 9.972440744992347206e+22 9.972626292567276572e+22 9.972816880313844105e+22 9.973012441544798922e+22 9.973212903547270804e+22 9.973418187666142894e+22 9.973628209407214800e+22 9.973842878558349191e+22 9.974062099326972828e+22 9.974285770492573070e+22 9.974513785572292349e+22 9.974746032998635799e+22 9.974982396307619342e+22 9.975222754336177127e+22 9.975466981427591827e+22 9.975714947643899222e+22 9.975966518984169855e+22 9.976221557607694651e+22 9.976479922061051114e+22 9.976741467508471287e+22 9.977006045964493075e+22 9.977273506528191998e+22 9.977543695618491705e+22 9.977816457209648985e+22 9.978091633066574348e+22 9.978369062979236581e+22 9.978648584995820746e+22 9.978930035654112838e+22 9.979213250210330942e+22 9.979498062865621005e+22 9.979784306989301183e+22 9.980071815338547741e+22 9.980360420274400028e+22 9.980649953973520826e+22 9.980940248635581189e+22 9.981231136685722855e+22 9.981522450972078087e+22 9.981814024957934227e+22 9.982105692908450690e+22 9.982397290071386489e+22 9.982688652851975868e+22 9.982979618981539322e+22 9.983270027679811555e+22 9.983559719810598804e+22 9.983848538030690062e+22 9.984136326932223492e+22 9.984422933177783288e+22 9.984708205628527267e+22 9.984991995465348573e+22 9.985274156302529567e+22 9.985554544294352650e+22 9.985833018234303939e+22 9.986109439646963755e+22 9.986383672872547018e+22 9.986655585144091863e+22 9.986925046657370292e+22 9.987191930633593029e+22 9.987456113374628361e+22 9.987717474311444680e+22 9.987975896045216334e+22 9.988231264381636392e+22 9.988483468358216529e+22 9.988732400264934746e+22 9.988977955658425539e+22 9.989220033369527969e+22 9.989458535504787223e+22 9.989693367441562377e+22 9.989924437817646331e+22 9.990151658514931515e+22 9.990374944637532399e+22 9.990594214484858058e+22 9.990809389519621377e+22 9.991020394330909049e+22 9.991227156592753587e+22 9.991429607018604999e+22 9.991627679311489034e+22 9.991821310110650597e+22 9.992010438934506190e+22 9.992195008120546237e+22 9.992374962762202428e+22 9.992550250643141427e+22 9.992720822169095687e+22 9.992886630297642415e+22 9.993047630466392051e+22 9.993203780519304416e+22 9.993355040632092177e+22 9.993501373236651229e+22 9.993642742944618670e+22 9.993779116470987810e+22 9.993910462557250073e+22 9.994036751894964706e+22 9.994157957049632162e+22 9.994274052385501977e+22 9.994385013991219501e+22 9.994490819606747703e+22 9.994591448551805629e+22 9.994686881656031570e+22 9.994777101191135992e+22 9.994862090805170091e+22 9.994941835459326011e+22 9.995016321367205007e+22 9.995085535936972954e+22 9.995149467716574354e+22 9.995208106341870600e+22 9.995261442488475949e+22 9.995309467826573122e+22 9.995352174979963473e+22 9.995389557488343423e+22 9.995421609773756737e+22 9.995448327110878718e+22 9.995469705601437663e+22 9.995485742152703122e+22 9.995496434460331187e+22 9.995501780995310145e+22 9.995501780995310145e+22
9.968587500396603454e+22 9.968587500396603454e+22 9.968592472809649734e+22 9.968602421035007581e+22 9.968617351827533123e+22 9.968637275210884789e+22 9.968662204348137420e+22 9.968692155371357628e+22 9.968727147171217513e+22 9.968767201149094514e+22 9.968812340933632092e+22 9.968862592064958969e+22 9.968917981649056668e+22 9.968978537986399194e+22 9.969044290178030712e+22 9.969115267713381224e+22 9.969191500044106832e+22 9.969273016147867022e+22 9.969359844086904363e+22 9.969452010565476653e+22 9.969549540490666312e+22 9.969652456540449276e+22 9.969760778743266358e+22 9.969874524072447469e+22 9.969993706059015284e+22 9.970118334425613101e+22 9.970248414744264730e+22 9.970383948119984728e+22 9.970524930901861309e+22 9.970671354423056479e+22 9.970823204770436402e+22 9.970980462584273253e+22 9.971143102888355771e+22 9.971311094950005205e+22 9.971484402169751693e+22 9.971662981999813775e+22 9.971846785890364319e+22 9.972035759262715504e+22 9.972229841507892750e+22 9.972428966009394692e+22 9.972633060188713124e+22 9.972842045572042562e+22 9.973055837876897658e+22 9.973274347116955697e+22 9.973497477723730005e+22 9.973725128683763951e+22 9.973957193689734945e+22 9.974193561304300729e+22 9.974434115135386052e+22 9.974678734021636338e+22 9.974927292226909241e+22 9.975179659642760541e+22 9.975435701997755014e+22 9.975695281072775155e+22 9.975958254921373136e+22 9.976224478094174454e+22 9.976493801866808158e+22 9.976766074470278155e+22 9.977041141323287390e+22 9.977318845265796819e+22 9.977599026793070933e+22 9.977881524289790385e+22 9.978166174263619355e+22 9.978452811577469331e+22 9.978741269680425743e+22 9.979031380836392894e+22 9.979322976350279356e+22 9.979615886791284254e+22 9.979909942212645251e+22 9.980204972367829742e+22 9.980500806922649207e+22 9.980797275662739676e+22 9.981094208696445252e+22 9.981391436652519149e+22 9.981688790872721090e+22 9.981986103598465522e+22 9.982283208151807505e+22 9.982579939110355259e+22 9.982876132475743607e+22 9.983171625835732088e+22 9.983466258519509959e+22 9.983759871746241672e+22 9.984052308766653153e+22 9.984343414997264630e+22 9.984633038147773320e+22 9.984921028340800815e+22 9.985207238224446384e+22 9.985491523077250272e+22 9.985773740905870655e+22 9.986053752535007835e+22 9.986331421690035385e+22 9.986606615072031218e+22 9.986879202425334399e+22 9.987149056597756897e+22 9.987416053593376450e+22 9.987680072618074964e+22 9.987940996117899615e+22 9.988198709810337258e+22 9.988453102708619582e+22 9.988704067139345895e+22 9.988951498753292684e+22 9.989195296529794151e+22 9.989435362774775916e+22 9.989671603112876442e+22 9.989903926473265250e+22 9.990132245070209876e+22 9.990356474377878163e+22 9.990576533099827220e+22 9.990792343133962528e+22 9.991003829532171960e+22 9.991210920455854411e+22 9.991413547127114878e+22 9.991611643776052127e+22 9.991805147584367113e+22 9.991993998625602535e+22 9.992178139802328944e+22 9.992357516780349528e+22 9.992532077920737296e+22 9.992701774209380830e+22 9.992866559184766763e+22 9.993026388864024130e+22 9.993181221667735601e+22 9.993331018343913200e+22 9.993475741890750972e+22 9.993615357479495087e+22 9.993749832376819017e+22 9.993879135867478894e+22 9.994003239177247366e+22 9.994122115396865832e+22 9.994235739406518452e+22 9.994344087801824490e+22 9.994447138821218134e+22 9.994544872275146965e+22 9.994637269477085728e+22 9.994724313176724419e+22 9.994805987495867580e+22 9.994882277866720985e+22 9.994953170973003612e+22 9.995018654694084549e+22 9.995078718052576002e+22 9.995133351164979760e+22 9.995182545195967604e+22 9.995226292316577517e+22 9.995264585665751915e+22 9.995297419316310101e+22 9.995324788244598279e+22 9.995346688304458026e+22 9.995363116205367257e+22 9.995374069494904678e+22 9.995379546545458879e+22 9.995379546545458879e+22
9.967930489437583888e+22 9.967930489437583888e+22 9.967935576800175220e+22 9.967945754696181246e+22 9.967961029426208257e+22 9.967981410338834743e+22 9.968006909708882621e+22 9.968037542576842500e+22 9.968073326550998162e+22 9.968114281573867586e+22 9.968160429655584460e+22 9.968211794576339160e+22 9.968268401561105439e+22 9.968330276929457986e+22 9.968397447724421821e+22 9.968469941323477444e+22 9.968547785035897582e+22 9.968631005690260881e+22 9.968719629216159000e+22 9.968813680224026336e+22 9.968913181587155819e+22 9.969018154029514595e+22 9.969128615723246866e+22 9.969244581898873733e+22 9.969366064471610910e+22 9.969493071686325921e+22 9.969625607783802366e+22 9.969763672690054398e+22 9.969907261730746637e+22 9.970056365371697607e+22 9.970210968986659586e+22 9.970371052652807691e+22 9.970536590974543882e+22 9.970707552935137719e+22 9.970883901776398490e+22 9.971065594905553273e+22 9.971252583828856137e+22 9.971444814110817832e+22 9.971642225358351316e+22 9.971844751228443977e+22 9.972052319458215697e+22 9.972264851916248737e+22 9.972482264673744952e+22 9.972704468094230200e+22 9.972931366940535947e+22 9.973162860497761154e+22 9.973398842710853838e+22 9.973639202335750305e+22 9.973883823102557055e+22 9.974132583890124433e+22 9.974385358910218515e+22 9.974642017900943953e+22 9.974902426327855818e+22 9.975166445592005470e+22 9.975433933244170502e+22 9.975704743203888012e+22 9.975978725983214004e+22 9.976255728913652017e+22 9.976535596376069767e+22 9.976818170032506588e+22 9.977103289059673689e+22 9.977390790382868811e+22 9.977680508910224749e+22 9.977972277766649178e+22 9.978265928526544765e+22 9.978561291445227382e+22 9.978858195688317623e+22 9.979156469558659357e+22 9.979455940720335834e+22 9.979756436419390734e+22 9.980057783700782737e+22 9.980359809621269938e+22 9.980662341457784550e+22 9.980965206910985830e+22 9.981268234303642272e+22 9.981571252773708838e+22 9.981874092461480162e+22 9.982176584690807970e+22 9.982478562144265280e+22 9.982779859031534286e+22 9.983080311251361858e+22 9.983379756546527330e+22 9.983678034651839359e+22 9.983974987434963868e+22 9.984270459029900231e+22 9.984564295963062043e+22 9.984856347271878620e+22 9.985146464615736017e+22 9.985434502379328032e+22 9.985720317768408813e+22 9.986003770897745733e+22 9.986284724871450382e+22 9.986563045855598739e+22 9.986838603143311681e+22 9.987111269212191772e+22 9.987380919774302595e+22 9.987647433818710737e+22 9.987910693646706200e+22 9.988170584900031742e+22 9.988426996581825878e+22 9.988679821070761040e+22 9.988928954128623521e+22 9.989174294901065096e+22 9.989415745912165525e+22 9.989653213053138135e+22 9.989886605564443623e+22 9.990115836012895876e+22 9.990340820262905813e+22 9.990561477442594773e+22 9.990777729905233756e+22 9.990989503185612597e+22 9.991196725952154436e+22 9.991399329955072442e+22 9.991597249970557053e+22 9.991790423741309125e+22 9.991978791914116953e+22 9.992162297974111391e+22 9.992340888176734241e+22 9.992514511477206837e+22 9.992683119457919933e+22 9.992846666254177744e+22 9.993005108478517602e+22 9.993158405143866953e+22 9.993306517585957120e+22 9.993449409385055912e+22 9.993587046287884786e+22 9.993719396128985711e+22 9.993846428753133253e+22 9.993968115937946318e+22 9.994084431317504832e+22 9.994195350307335465e+22 9.994300850030709309e+22 9.994400909246717965e+22 9.994495508280198457e+22 9.994584628954102602e+22 9.994668254524195052e+22 9.994746369616170608e+22 9.994818960166034709e+22 9.994886013363205177e+22 9.994947517597189197e+22 9.995003462407359037e+22 9.995053838436512720e+22 9.995098637388035077e+22 9.995137851987236330e+22 9.995171475946183695e+22 9.995199503933218855e+22 9.995221931546176494e+22 9.995238755290260177e+22 9.995249972560050468e+22 9.995255581626183818e+22 9.995255581626183818e+22
9.967278588496687032e+22 9.967278588496687032e+22 9.967283779085634686e+22 9.967294163257783222e+22 9.967309746962767964e+22 9.967330539028072104e+22 9.967356551043688379e+22 9.967387797209966497e+22 9.967424294150114325e+22 9.967466060688783940e+22 9.967513117599440306e+22 9.967565487322176894e+22 9.967623193655132344e+22 9.967686261422207638e+22 9.967754716120506329e+22 9.967828583550532819e+22 9.967907889432928610e+22 9.967992659015268041e+22 9.968082916672651500e+22 9.968178685505780371e+22 9.968279986939897682e+22 9.968386840328582411e+22 9.968499262565242844e+22 9.968617267705808735e+22 9.968740866605368685e+22 9.968870066571428705e+22 9.969004871036036763e+22 9.969145279249060043e+22 9.969291285993900055e+22 9.969442881327314921e+22 9.969600050344392393e+22 9.969762772969146706e+22 9.969931023771479153e+22 9.970104771810517477e+22 9.970283980504256899e+22 9.970468607525388707e+22 9.970658604722465800e+22 9.970853918066116605e+22 9.971054487619356118e+22 9.971260247531057893e+22 9.971471126051538390e+22 9.971687045569344386e+22 9.971907922668069008e+22 9.972133668201797203e+22 9.972364187388420607e+22 9.972599379919352155e+22 9.972839140084531436e+22 9.973083356911601766e+22 9.973331914318141614e+22 9.973584691275885026e+22 9.973841561985588868e+22 9.974102396061959691e+22 9.974367058727343332e+22 9.974635411013189081e+22 9.974907309968603899e+22 9.975182608874874287e+22 9.975461157465291437e+22 9.975742802149279741e+22 9.976027386240365599e+22 9.976314750186781934e+22 9.976604731804517138e+22 9.976897166511682722e+22 9.977191887563924491e+22 9.977488726289939431e+22 9.977787512326734217e+22 9.978088073853942523e+22 9.978390237826731370e+22 9.978693830206702590e+22 9.978998676190316305e+22 9.979304600434438780e+22 9.979611427278605307e+22 9.979918980963206221e+22 9.980227085843807443e+22 9.980535566600573760e+22 9.980844248443023000e+22 9.981152957309299091e+22 9.981461520059969044e+22 9.981769764665768385e+22 9.982077520389355445e+22 9.982384617960473887e+22 9.982690889744610702e+22 9.982996169904535634e+22 9.983300294555010597e+22 9.983603101910128866e+22 9.983904432423297457e+22 9.984204128919585869e+22 9.984502036720686150e+22 9.984798003761828279e+22 9.985091880701165935e+22 9.985383521021177994e+22 9.985672781122337400e+22 9.985959520408633029e+22 9.986243601365560250e+22 9.986524889630056749e+22 9.986803254052717488e+22 9.987078566752322322e+22 9.987350703162552169e+22 9.987619542071589942e+22 9.987884965653787548e+22 9.988146859494437447e+22 9.988405112607251156e+22 9.988659617445002713e+22 9.988910269903211279e+22 9.989156969317455102e+22 9.989399618454238003e+22 9.989638123495587892e+22 9.989872394018043304e+22 9.990102342965595105e+22 9.990327886617501080e+22 9.990548944550879455e+22 9.990765439598396755e+22 9.990977297801308380e+22 9.991184448358358555e+22 9.991386823570544709e+22 9.991584358782063346e+22 9.991776992318219249e+22 9.991964665419850056e+22 9.992147322175063117e+22 9.992324909448761128e+22 9.992497376809560572e+22 9.992664676455289140e+22 9.992826763136679595e+22 9.992983594079936211e+22 9.993135128908542876e+22 9.993281329564166914e+22 9.993422160227544439e+22 9.993557587239370752e+22 9.993687579021301462e+22 9.993812105997859579e+22 9.993931140518911358e+22 9.994044656783633626e+22 9.994152630765682373e+22 9.994255040140277291e+22 9.994351864213041211e+22 9.994443083851211840e+22 9.994528681417264385e+22 9.994608640705220208e+22 9.994682946879821028e+22 9.994751586418753221e+22 9.994814547058355077e+22 9.994871817742486549e+22 9.994923388575428903e+22 9.994969250778126379e+22 9.995009396648820133e+22 9.995043819527487252e+22 9.995072513764417025e+22 9.995095474693239892e+22 9.995112698608296657e+22 9.995124182746322803e+22 9.995129925272837135e+22 9.995129925272837135e+22
9.966632314077137024e+22 9.966632314077137024e+22 9.966637596262228243e+22 9.966648163499423826e+22 9.966664021485689189e+22 9.966685178673880682e+22 9.966711646162792743e+22 9.966743437551835336e+22 9.966780568762123393e+22 9.966823057825135906e+22 9.966870924641387414e+22 9.966924190710855054e+22 9.966982878838026718e+22 9.967047012814182521e+22 9.967116617079682866e+22 9.967191716369759470e+22 9.967272335346730271e+22 9.967358498222223498e+22 9.967450228372674078e+22 9.967547547951511581e+22 9.967650477501690413e+22 9.967759035571318764e+22 9.967873238336026968e+22 9.967993099230732773e+22 9.968118628593700962e+22 9.968249833325324979e+22 9.968386716563962593e+22 9.968529277380885846e+22 9.968677510495714306e+22 9.968831406014220730e+22 9.968990949189156759e+22 9.969156120205318318e+22 9.969326893989174549e+22 9.969503240043489762e+22 9.969685122307052483e+22 9.969872499039310289e+22 9.970065322729677206e+22 9.970263540031057350e+22 9.970467091716903639e+22 9.970675912661091851e+22 9.970889931839902004e+22 9.971109072354994763e+22 9.971333251476594308e+22 9.971562380705750267e+22 9.971796365854651921e+22 9.972035107144046792e+22 9.972278499316470068e+22 9.972526431764316842e+22 9.972778788671883051e+22 9.973035449169952427e+22 9.973296287502223121e+22 9.973561173202424771e+22 9.973829971281097576e+22 9.974102542421271668e+22 9.974378743181976430e+22 9.974658426208596577e+22 9.974941440449554940e+22 9.975227631378072024e+22 9.975516841218562798e+22 9.975808909176618772e+22 9.976103671672030102e+22 9.976400962573966927e+22 9.976700613437945807e+22 9.977002453743311205e+22 9.977306311131436732e+22 9.977612011643196565e+22 9.977919379955663451e+22 9.978228239617469553e+22 9.978538413281784942e+22 9.978849722937173764e+22 9.979161990135004371e+22 9.979475036213779156e+22 9.979788682519135860e+22 9.980102750619777053e+22 9.980417062518582883e+22 9.980731440858430597e+22 9.981045709122744353e+22 9.981359691830104215e+22 9.981673214722746561e+22 9.981986104948724387e+22 9.982298191237304707e+22 9.982609304067522534e+22 9.982919275829619642e+22 9.983227940979076183e+22 9.983535136183246914e+22 9.983840700460276541e+22 9.984144475310356274e+22 9.984446304839019581e+22 9.984746035872421800e+22 9.985043518064781427e+22 9.985338603997605606e+22 9.985631149270917920e+22 9.985921012586340837e+22 9.986208055822266034e+22 9.986492144100854202e+22 9.986773145847162995e+22 9.987050932840376251e+22 9.987325380257340876e+22 9.987596366708374451e+22 9.987863774265628793e+22 9.988127488483949072e+22 9.988387398414753595e+22 9.988643396612739668e+22 9.988895379135796347e+22 9.989143245538382473e+22 9.989386898858448834e+22 9.989626245598349047e+22 9.989861195699685478e+22 9.990091662512653913e+22 9.990317562760053077e+22 9.990538816496034487e+22 9.990755347060372799e+22 9.990967081027848949e+22 9.991173948153844990e+22 9.991375881315711084e+22 9.991572816450820663e+22 9.991764692491302024e+22 9.991951451295550380e+22 9.992133037577721610e+22 9.992309398834425889e+22 9.992480485269595960e+22 9.992646249717857203e+22 9.992806647566434723e+22 9.992961636676125957e+22 9.993111177301704520e+22 9.993255232011684859e+22 9.993393765608313376e+22 9.993526745047807872e+22 9.993654139361011381e+22 9.993775919575019081e+22 9.993892058635907472e+22 9.994002531332908070e+22 9.994107314224480282e+22 9.994206385565838868e+22 9.994299725239236218e+22 9.994387314686536398e+22 9.994469136844382955e+22 9.994545176082416822e+22 9.994615418144457071e+22 9.994679850093365953e+22 9.994738460259042879e+22 9.994791238190228518e+22 9.994838174610427688e+22 9.994879261377444394e+22 9.994914491447287323e+22 9.994943858842273002e+22 9.994967358623532974e+22 9.994984986867826006e+22 9.994996740648999269e+22 9.995002618024167263e+22 9.995002618024167263e+22
9.965992205699431321e+22 9.965992205699431321e+22 9.965997567893127876e+22 9.966008295067526942e+22 9.966024392760832819e+22 9.966045869191457040e+22 9.966072735152175946e+22 9.966105003870384869e+22 9.966142690835989057e+22 9.966185813598072209e+22 9.966234391532600820e+22 9.966288445582801791e+22 9.966347997975026860e+22 9.966413071912202666e+22 9.966483691248141363e+22 9.966559880145032079e+22 9.966641662717784071e+22 9.966729062667959612e+22 9.966822102910477586e+22 9.966920805196569038e+22 9.967025189735935823e+22 9.967135274821194298e+22 9.967251076457615589e+22 9.967372608000989384e+22 9.967499879806241918e+22 9.967632898889339843e+22 9.967771668604275130e+22 9.967916188337852278e+22 9.968066453223036158e+22 9.968222453873273052e+22 9.968384176138110370e+22 9.968551600881661903e+22 9.968724703784307838e+22 9.968903455168206681e+22 9.969087819846748262e+22 9.969277756998209556e+22 9.969473220063113354e+22 9.969674156665348502e+22 9.969880508556476259e+22 9.970092211582509724e+22 9.970309195672745253e+22 9.970531384849652620e+22 9.970758697259082396e+22 9.970991045220137907e+22 9.971228335293174959e+22 9.971470468365597173e+22 9.971717339754155056e+22 9.971968839322730444e+22 9.972224851614713774e+22 9.972485255998920563e+22 9.972749926828072344e+22 9.973018733608803552e+22 9.973291541182353821e+22 9.973568209914898783e+22 9.973848595896630195e+22 9.974132551148603913e+22 9.974419923836807099e+22 9.974710558491968274e+22 9.975004296235031357e+22 9.975300975006817295e+22 9.975600429801640087e+22 9.975902492903664203e+22 9.976206994125750062e+22 9.976513761049500765e+22 9.976822619266508390e+22 9.977133392619528153e+22 9.977445903443439491e+22 9.977759972805044496e+22 9.978075420741238941e+22 9.978392066495144893e+22 9.978709728749528757e+22 9.979028225856858856e+22 9.979347376065878373e+22 9.979666997743918567e+22 9.979986909594690519e+22 9.980306930871052114e+22 9.980626881582459991e+22 9.980946582696566247e+22 9.981265856334897820e+22 9.981584525961979337e+22 9.981902416567958136e+22 9.982219354844127507e+22 9.982535169351354837e+22 9.982849690681058997e+22 9.983162751608668186e+22 9.983474187239197508e+22 9.983783835145028502e+22 9.984091535495581925e+22 9.984397131178962636e+22 9.984700467915254451e+22 9.985001394361694840e+22 9.985299762209472748e+22 9.985595426272325717e+22 9.985888244566805447e+22 9.986178078384258757e+22 9.986464792354778985e+22 9.986748254502773798e+22 9.987028336294948032e+22 9.987304912679897924e+22 9.987577862120288131e+22 9.987847066617437068e+22 9.988112411728146124e+22 9.988373786574554608e+22 9.988631083846918052e+22 9.988884199799368607e+22 9.989133034239288358e+22 9.989377490510131128e+22 9.989617475468251470e+22 9.989852899453791162e+22 9.990083676256099684e+22 9.990309723073846392e+22 9.990530960469998856e+22 9.990747312322325040e+22 9.990958705769352213e+22 9.991165071152440253e+22 9.991366341953962639e+22 9.991562454732108517e+22 9.991753349052634654e+22 9.991938967417881048e+22 9.992119255193427640e+22 9.992294160532383780e+22 9.992463634298399254e+22 9.992627629986730843e+22 9.992786103644726703e+22 9.992939013791277279e+22 9.993086321335729337e+22 9.993227989497140583e+22 9.993363983723279260e+22 9.993494271610271354e+22 9.993618822823467496e+22 9.993737609018658836e+22 9.993850603765492403e+22 9.993957782472216910e+22 9.994059122312243839e+22 9.994154602153258674e+22 9.994244202488711139e+22 9.994327905371919326e+22 9.994405694353287676e+22 9.994477554420432450e+22 9.994543471942172672e+22 9.994603434615579555e+22 9.994657431416985354e+22 9.994705452557001975e+22 9.994747489439408403e+22 9.994783534624477387e+22 9.994813581796363888e+22 9.994837625735226379e+22 9.994855662293482052e+22 9.994867688377162295e+22 9.994873701931455768e+22 9.994873701931455768e+22
9.965358825066927541e+22 9.965358825066927541e+22 9.965364255676978482e+22 9.965375119649375938e+22 9.965391422454089594e+22 9.965413172209844119e+22 9.965440379581556693e+22 9.965473057644921383e+22 9.965511221719331557e+22 9.965554889170851620e+22 9.965604079186533260e+22 9.965658812522485409e+22 9.965719111227644104e+22 9.965784998345827575e+22 9.965856497598499232e+22 9.965933633051266803e+22 9.966016428766689598e+22 9.966104908446574838e+22 9.966199095066648746e+22 9.966299010506709533e+22 9.966404675179298947e+22 9.966516107659494556e+22 9.966633324319137910e+22 9.966756338967867556e+22 9.966885162503614392e+22 9.967019802574958520e+22 9.967160263257320587e+22 9.967306544745255902e+22 9.967458643062342812e+22 9.967616549790128328e+22 9.967780251817558724e+22 9.967949731111728946e+22 9.968124964511002762e+22 9.968305923540669746e+22 9.968492574251951115e+22 9.968684877084265493e+22 9.968882786750841854e+22 9.969086252147454824e+22 9.969295216284216905e+22 9.969509616239587099e+22 9.969729383136540544e+22 9.969954442139845578e+22 9.970184712473998577e+22 9.970420107460974372e+22 9.970660534576862777e+22 9.970905895526644633e+22 9.971156086336157804e+22 9.971410997460274984e+22 9.971670513906353806e+22 9.971934515372095229e+22 9.972202876396771685e+22 9.972475466524791511e+22 9.972752150480837988e+22 9.973032788355531040e+22 9.973317235800641896e+22 9.973605344233167782e+22 9.973896961046939592e+22 9.974191929831430344e+22 9.974490090596595034e+22 9.974791280002700044e+22 9.975095331595140412e+22 9.975402076042233381e+22 9.975711341376488184e+22 9.976022953237704553e+22 9.976336735117490572e+22 9.976652508604730127e+22 9.976970093630902711e+22 9.977289308714915018e+22 9.977609971206771547e+22 9.977931897529287311e+22 9.978254903417646350e+22 9.978578804155874909e+22 9.978903414809940722e+22 9.979228550456907976e+22 9.979554026409654695e+22 9.979879658436835462e+22 9.980205262977438528e+22 9.980530657349744355e+22 9.980855659954272888e+22 9.981180090470278313e+22 9.981503770045620158e+22 9.981826521479567848e+22 9.982148169398459826e+22 9.982468540423760930e+22 9.982787463332518009e+22 9.983104769209774218e+22 9.983420291593131577e+22 9.983733866608951768e+22 9.984045333100329383e+22 9.984354532746643007e+22 9.984661310174643880e+22 9.984965513061132455e+22 9.985266992226956109e+22 9.985565601722670252e+22 9.985861198905656476e+22 9.986153644508796735e+22 9.986442802700730394e+22 9.986728541138017950e+22 9.987010731009120823e+22 9.987289247070140183e+22 9.987563967673064751e+22 9.987834774785989018e+22 9.988101554006026669e+22 9.988364194564951088e+22 9.988622589327416964e+22 9.988876634782830061e+22 9.989126231030324894e+22 9.989371281757236206e+22 9.989611694211965177e+22 9.989847379170597798e+22 9.990078250898329017e+22 9.990304227105513144e+22 9.990525228898905909e+22 9.990741180728457193e+22 9.990952010329552113e+22 9.991157648661784245e+22 9.991358029843678836e+22 9.991553091084671255e+22 9.991742772613669611e+22 9.991927017605543703e+22 9.992105772105134296e+22 9.992278984949495759e+22 9.992446607688605263e+22 9.992608594504929457e+22 9.992764902132009665e+22 9.992915489772766914e+22 9.993060319017608990e+22 9.993199353762396556e+22 9.993332560127305187e+22 9.993459906376209164e+22 9.993581362837278268e+22 9.993696901824916750e+22 9.993806497563477331e+22 9.993910126112733449e+22 9.994007765295871453e+22 9.994099394629870184e+22 9.994184995258418961e+22 9.994264549888340315e+22 9.994338042728524284e+22 9.994405459432860706e+22 9.994466787046609178e+22 9.994522013956428110e+22 9.994571129844514213e+22 9.994614125647001708e+22 9.994650993516391432e+22 9.994681726788394025e+22 9.994706319953620055e+22 9.994724768633430894e+22 9.994737069560800949e+22 9.994743220565728192e+22 9.994743220565728192e+22
9.964732755241895933e+22 9.964732755241895933e+22 9.964738242626426660e+22 9.964749220156985993e+22 9.964765693322777015e+22 9.964787670273236769e+22 9.964815161717938350e+22 9.964848180794099551e+22 9.964886742903171108e+22 9.964930865518076546e+22 9.964980567962395502e+22 9.965035871163527253e+22 9.965096797382072546e+22 9.965163369919498997e+22 9.965235612806834815e+22 9.965313550476748050e+22 9.965397207422021193e+22 9.965486607842889066e+22 9.965581775286528324e+22 9.965682732281226907e+22 9.965789499968280173e+22 9.965902097734445721e+22 9.966020542847377841e+22 9.966144850097230945e+22 9.966275031446383179e+22 9.966411095689847112e+22 9.966553048128382462e+22 9.966700890256537184e+22 9.966854619466930586e+22 9.967014228772721263e+22 9.967179706549232940e+22 9.967351036296102203e+22 9.967528196420728259e+22 9.967711160043645488e+22 9.967899894826404309e+22 9.968094362822267372e+22 9.968294520349806664e+22 9.968500317889384730e+22 9.968711700002296876e+22 9.968928605272557591e+22 9.969150966270441973e+22 9.969378709537651320e+22 9.969611755593381446e+22 9.969850018960572311e+22 9.970093408211567221e+22 9.970341826032616184e+22 9.970595169305903078e+22 9.970853329208901999e+22 9.971116191329564597e+22 9.971383635796528044e+22 9.971655537423862150e+22 9.971931765868781896e+22 9.972212185801922760e+22 9.972496657088784630e+22 9.972785034981822536e+22 9.973077170321964505e+22 9.973372909748905574e+22 9.973672095918938128e+22 9.973974567729847127e+22 9.974280160551638768e+22 9.974588706462512028e+22 9.974900034489133564e+22 9.975213970850444214e+22 9.975530339204242132e+22 9.975848960895666776e+22 9.976169655207048564e+22 9.976492239608171253e+22 9.976816530006537667e+22 9.977142340996645572e+22 9.977469486108020362e+22 9.977797778050939198e+22 9.978127028959824786e+22 9.978457050633047166e+22 9.978787654769363334e+22 9.979118653199837089e+22 9.979449858115106557e+22 9.979781082287569895e+22 9.980112139287782857e+22 9.980442843695012853e+22 9.980773011301306938e+22 9.981102459308812009e+22 9.981431006520293510e+22 9.981758473521844349e+22 9.982084682858648044e+22 9.982409459202282802e+22 9.982732629510485914e+22 9.983054023178376865e+22 9.983373472181499881e+22 9.983690811210318479e+22 9.984005877796063045e+22 9.984318512428117656e+22 9.984628558662328753e+22 9.984935863220908432e+22 9.985240276083442450e+22 9.985541650569227770e+22 9.985839843410857427e+22 9.986134714819277541e+22 9.986426128540279557e+22 9.986713951902692803e+22 9.986998055858024009e+22 9.987278315012518576e+22 9.987554607650531233e+22 9.987826815750846913e+22 9.988094824994977087e+22 9.988358524768300617e+22 9.988617808154124616e+22 9.988872571920787807e+22 9.989122716502365045e+22 9.989368145972868992e+22 9.989608768014573057e+22 9.989844493880651887e+22 9.990075238352203180e+22 9.990300919690425899e+22 9.990521459584069009e+22 9.990736783092207741e+22 9.990946818583088962e+22 9.991151497669319118e+22 9.991350755139532305e+22 9.991544528887068649e+22 9.991732759836037113e+22 9.991915391864804685e+22 9.992092371727923596e+22 9.992263648976082200e+22 9.992429175874884783e+22 9.992588907322795885e+22 9.992742800768440363e+22 9.992890816127650130e+22 9.993032915700660201e+22 9.993169064089824841e+22 9.993299228117726292e+22 9.993423376746986393e+22 9.993541481000782843e+22 9.993653513885529722e+22 9.993759450315245801e+22 9.993859267038427690e+22 9.993952942567114093e+22 9.994040457109073979e+22 9.994121792502709302e+22 9.994196932155331628e+22 9.994265860985042502e+22 9.994328565365960868e+22 9.994385033077710232e+22 9.994435253258491108e+22 9.994479216362807466e+22 9.994516914123263338e+22 9.994548339516840608e+22 9.994573486735970062e+22 9.994592351164004775e+22 9.994604929355699821e+22 9.994611219022433223e+22 9.994611219022433223e+22
9.964114599830032587e+22 9.964114599830032587e+22 9.964120132254935758e+22 9.964131199918177203e+22 9.964147808413289126e+22 9.964169966047538551e+22 9.964197683743010534e+22 9.964230974906114979e+22 9.964269855266433086e+22 9.964314342686480505e+22 9.964364456943596811e+22 9.964420219486316842e+22 9.964481653166745584e+22 9.964548781951449825e+22 9.964621630613139908e+22 9.964700224405767193e+22 9.964784588725337404e+22 9.964874748759701350e+22 9.964970729129514107e+22 9.965072553523604043e+22 9.965180244331028336e+22 9.965293822273143597e+22 9.965413306037761894e+22 9.965538711918413768e+22 9.965670053460768404e+22 9.965807341118804722e+22 9.965950581922781882e+22 9.966099779160725520e+22 9.966254932075736570e+22 9.966416035580070593e+22 9.966583079987794516e+22 9.966756050767176742e+22 9.966934928313394450e+22 9.967119687742908688e+22 9.967310298709629705e+22 9.967506725243709712e+22 9.967708925612664449e+22 9.967916852205529858e+22 9.968130451439580768e+22 9.968349663689578014e+22 9.968574423239196724e+22 9.968804658254288467e+22 9.969040290777381680e+22 9.969281236742860020e+22 9.969527406012234780e+22 9.969778702428630575e+22 9.970035023889742745e+22 9.970296262438639003e+22 9.970562304371293002e+22 9.970833030359990823e+22 9.971108315591895679e+22 9.971388029921697097e+22 9.971672038037386586e+22 9.971960199638366237e+22 9.972252369624746059e+22 9.972548398297125382e+22 9.972848131565806420e+22 9.973151411168445098e+22 9.973458074895493208e+22 9.973767956822153495e+22 9.974080887546335933e+22 9.974396694431633768e+22 9.974715201854282452e+22 9.975036231453606570e+22 9.975359602384959858e+22 9.975685131574326172e+22 9.976012633974081428e+22 9.976341922818916614e+22 9.976672809881249094e+22 9.977005105725774915e+22 9.977338619962048119e+22 9.977673161494687751e+22 9.978008538770658925e+22 9.978344560023020608e+22 9.978681033510400242e+22 9.979017767752104621e+22 9.979354571757875469e+22 9.979691255252251155e+22 9.980027628892881892e+22 9.980363504482431009e+22 9.980698695173740167e+22 9.981033015667884399e+22 9.981366282404851876e+22 9.981698313746403820e+22 9.982028930151191727e+22 9.982357954341427269e+22 9.982685211461418589e+22 9.983010529227429433e+22 9.983333738068851032e+22 9.983654671260688423e+22 9.983973165046988748e+22 9.984289058755434670e+22 9.984602194902992185e+22 9.984912419292414843e+22 9.985219581099966779e+22 9.985523532954084363e+22 9.985824131005181172e+22 9.986121234986738857e+22 9.986414708267695682e+22 9.986704417896278681e+22 9.986990234635455588e+22 9.987272032990234726e+22 9.987549691226839686e+22 9.987823091384121190e+22 9.988092119277459472e+22 9.988356664495095100e+22 9.988616620387733812e+22 9.988871884050861654e+22 9.989122356300964954e+22 9.989367941645247447e+22 9.989608548245513961e+22 9.989844087876435417e+22 9.990074475878446793e+22 9.990299631105913913e+22 9.990519475870419753e+22 9.990733935879988969e+22 9.990942940174243961e+22 9.991146421056269242e+22 9.991344314021075065e+22 9.991536557681244163e+22 9.991723093690236377e+22 9.991903866663500513e+22 9.992078824097977257e+22 9.992247916290196164e+22 9.992411096253065698e+22 9.992568319632737095e+22 9.992719544624280397e+22 9.992864731888095330e+22 9.993003844466384254e+22 9.993136847700417000e+22 9.993263709148857709e+22 9.993384398507417063e+22 9.993498887530284581e+22 9.993607149953273876e+22 9.993709161419635478e+22 9.993804899407948363e+22 9.993894343163175659e+22 9.993977473630480210e+22 9.994054273392617036e+22 9.994124726610582254e+22 9.994188818968107339e+22 9.994246537620040660e+22 9.994297871144898160e+22 9.994342809501552974e+22 9.994381343990414626e+22 9.994413467219341083e+22 9.994439173073797120e+22 9.994458456692206915e+22 9.994471314445905271e+22 9.994477743924168989e+22 9.994477743924168989e+22
9.963504982171393301e+22 9.963504982171393301e+22 9.963510547769628977e+22 9.963521681873323426e+22 9.963538390263787841e+22 9.963560681530436721e+22 9.963588566972456606e+22 9.963622060469099744e+22 9.963661178319250286e+22 9.963705939052168898e+22 9.963756363210409011e+22 9.963812473107073991e+22 9.963874292558999008e+22 9.963941846598417803e+22 9.964015161165075605e+22 9.964094262781494375e+22 9.964179178213563014e+22 9.964269934119648598e+22 9.964366556690342583e+22 9.964469071281870235e+22 9.964577502045820840e+22 9.964691871557760529e+22 9.964812200447477547e+22 9.964938507033207059e+22 9.965070806962456127e+22 9.965209112861552830e+22 9.965353433996147556e+22 9.965503775944513631e+22 9.965660140285699136e+22 9.965822524303929141e+22 9.965990920710793462e+22 9.966165317386419516e+22 9.966345697140824814e+22 9.966532037496157084e+22 9.966724310490551838e+22 9.966922482504377460e+22 9.967126514108681578e+22 9.967336359936751410e+22 9.967551968578103568e+22 9.967773282495453620e+22 9.968000237963982563e+22 9.968232765032962300e+22 9.968470787508862661e+22 9.968714222959950037e+22 9.968962982741367639e+22 9.969216972040232659e+22 9.969476089939893001e+22 9.969740229502756402e+22 9.970009277870663480e+22 9.970283116381969213e+22 9.970561620704742290e+22 9.970844660984590841e+22 9.971132102006861201e+22 9.971423803371672935e+22 9.971719619681207924e+22 9.972019400738287177e+22 9.972322991754978735e+22 9.972630233570795428e+22 9.972940962878992679e+22 9.973255012460504967e+22 9.973572211424313003e+22 9.973892385453567168e+22 9.974215357056272669e+22 9.974540945820148879e+22 9.974868968670256903e+22 9.975199240129081665e+22 9.975531572577999782e+22 9.975865776519395043e+22 9.976201660838705103e+22 9.976539033065679644e+22 9.976877699634259454e+22 9.977217466140141919e+22 9.977558137595630295e+22 9.977899518681197996e+22 9.978241413992870314e+22 9.978583628285296089e+22 9.978925966709589908e+22 9.979268235045886126e+22 9.979610239929626604e+22 9.979951789071630808e+22 9.980292691471330863e+22 9.980632757622683363e+22 9.980971799712860262e+22 9.981309631812713893e+22 9.981646070059591585e+22 9.981980932831474772e+22 9.982314040912758021e+22 9.982645217651117680e+22 9.982974289105763749e+22 9.983301084186366968e+22 9.983625434783088955e+22 9.983947175887354672e+22 9.984266145703367226e+22 9.984582185750395198e+22 9.984895140955919745e+22 9.985204859739441830e+22 9.985511194087271694e+22 9.985813999618225078e+22 9.986113135640301693e+22 9.986408465198772073e+22 9.986699855115360770e+22 9.986987176019012406e+22 9.987270302368572794e+22 9.987549112467099904e+22 9.987823488468507637e+22 9.988093316376445112e+22 9.988358486036131191e+22 9.988618891118724828e+22 9.988874429099278126e+22 9.989125001228023811e+22 9.989370512495594386e+22 9.989610871592295439e+22 9.989845990862021984e+22 9.990075786251022526e+22 9.990300177251769201e+22 9.990519086842407132e+22 9.990732441422256092e+22 9.990940170743431614e+22 9.991142207839311967e+22 9.991338488949918138e+22 9.991528953444632940e+22 9.991713543742967251e+22 9.991892205233307963e+22 9.992064886190157647e+22 9.992231537690406185e+22 9.992392113528899423e+22 9.992546570133410572e+22 9.992694866479957200e+22 9.992836964008076299e+22 9.992972826537089198e+22 9.993102420183247277e+22 9.993225713278208128e+22 9.993342676289224652e+22 9.993453281741313881e+22 9.993557504141668909e+22 9.993655319906589082e+22 9.993746707291196883e+22 9.993831646322459935e+22 9.993910118735241282e+22 9.993982107912097707e+22 9.994047598826728771e+22 9.994106577991598342e+22 9.994159033409522264e+22 9.994204954529665070e+22 9.994244332207996089e+22 9.994277158672518663e+22 9.994303427493030894e+22 9.994323133555986661e+22 9.994336273044067687e+22 9.994342843420938076e+22 9.994342843420938076e+22
9.962904544536276710e+22 9.962904544536276710e+22 9.962910131268875400e+22 9.962921307776327300e+22 9.962938080109929274e+22 9.962960457263879710e+22 9.962988451076730834e+22 9.963022076101242808e+22 9.963061349443617738e+22 9.963106290573464148e+22 9.963156921105996841e+22 9.963213264558092819e+22 9.963275346080276939e+22 9.963343192166674045e+22 9.963416830345133792e+22 9.963496288849957487e+22 9.963581596279706642e+22 9.963672781242769185e+22 9.963769871993084156e+22 9.963872896058999492e+22 9.963981879867616736e+22 9.964096848367474809e+22 9.964217824652025659e+22 9.964344829586497235e+22 9.964477881440537883e+22 9.964616995528878588e+22 9.964762183862234330e+22 9.964913454810436049e+22 9.965070812779653785e+22 9.965234257905410533e+22 9.965403785762861534e+22 9.965579387095610714e+22 9.965761047564371205e+22 9.965948747516245076e+22 9.966142461775553390e+22 9.966342159456897755e+22 9.966547803800416446e+22 9.966759352030391068e+22 9.966976755236475607e+22 9.967199958278114954e+22 9.967428899711844195e+22 9.967663511741139832e+22 9.967903720188609875e+22 9.968149444490146978e+22 9.968400597710113499e+22 9.968657086577533308e+22 9.968918811541996831e+22 9.969185666849066241e+22 9.969457540633885619e+22 9.969734315032694070e+22 9.970015866310854338e+22 9.970302065006756024e+22 9.970592776090732724e+22 9.970887859137813676e+22 9.971187168513486121e+22 9.971490553571569146e+22 9.971797858862997753e+22 9.972108924354834307e+22 9.972423585658272586e+22 9.972741674264968351e+22 9.973063017790297237e+22 9.973387440223251386e+22 9.973714762181339041e+22 9.974044801170289145e+22 9.974377371846985541e+22 9.974712286285399274e+22 9.975049354244228802e+22 9.975388383435679387e+22 9.975729179794487430e+22 9.976071547746550546e+22 9.976415290476210422e+22 9.976760210191639852e+22 9.977106108387795403e+22 9.977452786105937455e+22 9.977800044189424026e+22 9.978147683534941192e+22 9.978495505338982203e+22 9.978843311338514966e+22 9.979190904045894946e+22 9.979538086977250053e+22 9.979884664873934861e+22 9.980230443916805852e+22 9.980575231932898266e+22 9.980918838593962639e+22 9.981261075607099277e+22 9.981601756896478993e+22 9.981940698776658457e+22 9.982277720116802303e+22 9.982612642495808615e+22 9.982945290348331113e+22 9.983275491101162812e+22 9.983603075300469401e+22 9.983927876729474698e+22 9.984249732516447204e+22 9.984568483233492736e+22 9.984883972985663259e+22 9.985196049490772807e+22 9.985504564149752745e+22 9.985809372107952357e+22 9.986110332307243847e+22 9.986407307529215279e+22 9.986700164429625950e+22 9.986988773564298664e+22 9.987273009406556294e+22 9.987552750356778084e+22 9.987827878743805578e+22 9.988098280818963225e+22 9.988363846742712097e+22 9.988624470564185047e+22 9.988880050194130089e+22 9.989130487371511995e+22 9.989375687623913033e+22 9.989615560222367023e+22 9.989850018130710600e+22 9.990078977950159680e+22 9.990302359858985304e+22 9.990520087548203211e+22 9.990732088153199975e+22 9.990938292182084223e+22 9.991138633440647184e+22 9.991333048954821752e+22 9.991521478890846421e+22 9.991703866473217996e+22 9.991880157901414518e+22 9.992050302265138453e+22 9.992214251459002866e+22 9.992371960096613623e+22 9.992523385424607969e+22 9.992668487237124280e+22 9.992807227790666079e+22 9.992939571720281391e+22 9.993065485956664839e+22 9.993184939645370316e+22 9.993297904067597356e+22 9.993404352563572952e+22 9.993504260458163051e+22 9.993597604989599587e+22 9.993684365241265999e+22 9.993764522076821416e+22 9.993838058078764165e+22 9.993904957491199659e+22 9.993965206166262356e+22 9.994018791515010525e+22 9.994065702462678054e+22 9.994105929408358803e+22 9.994139464189601645e+22 9.994166300051696412e+22 9.994186431622065160e+22 9.994199854889327552e+22 9.994206567188068827e+22 9.994206567188068827e+22
9.962313947325095372e+22 9.962313947325095372e+22 9.962319542943550223e+22 9.962330737398647043e+22 9.962347537093195570e+22 9.962369951547809543e+22 9.962397993301335605e+22 9.962431677779266241e+22 9.962471023131275926e+22 9.962516050038996179e+22 9.962566781495593140e+22 9.962623242558936134e+22 9.962685460080102054e+22 9.962753462409294250e+22 9.962827279081658961e+22 9.962906940485015909e+22 9.962992477512068288e+22 9.963083921199922466e+22 9.963181302359046436e+22 9.963284651194759040e+22 9.963393996923563567e+22 9.963509367387248289e+22 9.963630788666950104e+22 9.963758284700221283e+22 9.963891876902943169e+22 9.964031583798984232e+22 9.964177420659258399e+22 9.964329399152681786e+22 9.964487527010767628e+22 9.964651807707424725e+22 9.964822240155825026e+22 9.964998818423643937e+22 9.965181531467726979e+22 9.965370362889580315e+22 9.965565290712205256e+22 9.965766287179139095e+22 9.965973318576411928e+22 9.966186345077300370e+22 9.966405320610874707e+22 9.966630192753556010e+22 9.966860902644295559e+22 9.967097384922938710e+22 9.967339567691531603e+22 9.967587372498080812e+22 9.967840714342393499e+22 9.968099501703514869e+22 9.968363636587793220e+22 9.968633014597129653e+22 9.968907525016576957e+22 9.969187050920438714e+22 9.969471469296039861e+22 9.969760651183935560e+22 9.970054461834303373e+22 9.970352760877948391e+22 9.970655402511043867e+22 9.970962235692949701e+22 9.971273104355711202e+22 9.971587847624580504e+22 9.971906300048144597e+22 9.972228291837610374e+22 9.972553649113681363e+22 9.972882194160573166e+22 9.973213745685882470e+22 9.973548119085376812e+22 9.973885126711998782e+22 9.974224578147937105e+22 9.974566280479068337e+22 9.974910038570873284e+22 9.975255655344734260e+22 9.975602932054430319e+22 9.975951668561307081e+22 9.976301663607981919e+22 9.976652715089485575e+22 9.977004620321392270e+22 9.977357176304191721e+22 9.977710179983270556e+22 9.978063428504003176e+22 9.978416719461192040e+22 9.978769851142755058e+22 9.979122622766645038e+22 9.979474834711021355e+22 9.979826288736880244e+22 9.980176788203182332e+22 9.980526138273620086e+22 9.980874146115258365e+22 9.981220621088147164e+22 9.981565374926361199e+22 9.981908221909645918e+22 9.982248979025861227e+22 9.982587466123875608e+22 9.982923506056935820e+22 9.983256924816181664e+22 9.983587551654686648e+22 9.983915219201497760e+22 9.984239763565967940e+22 9.984561024432367836e+22 9.984878845144808712e+22 9.985193072782501688e+22 9.985503558225521069e+22 9.985810156211362018e+22 9.986112725381888239e+22 9.986411128321696439e+22 9.986705231587295258e+22 9.986994905727880502e+22 9.987280025297547271e+22 9.987560468859393671e+22 9.987836118982047931e+22 9.988106862228110574e+22 9.988372589135800146e+22 9.988633194193453528e+22 9.988888575807369039e+22 9.989138636263468827e+22 9.989383281683095932e+22 9.989622421973051743e+22 9.989855970770613699e+22 9.990083845383732907e+22 9.990305966726790827e+22 9.990522259252257279e+22 9.990732650878811819e+22 9.990937072916133157e+22 9.991135459986910269e+22 9.991327749946358733e+22 9.991513883799644956e+22 9.991693805617619245e+22 9.991867462451527156e+22 9.992034804246509519e+22 9.992195783754654522e+22 9.992350356448246078e+22 9.992498480432777318e+22 9.992640116360979100e+22 9.992775227347496128e+22 9.992903778885141791e+22 9.993025738762587472e+22 9.993141076984133897e+22 9.993249765691881633e+22 9.993351779089966852e+22 9.993447093372451186e+22 9.993535686653718089e+22 9.993617538902581995e+22 9.993692631879935800e+22 9.993760949080359436e+22 9.993822475677716395e+22 9.993877198475231442e+22 9.993925105859814647e+22 9.993966187761182022e+22 9.994000435615779468e+22 9.994027842335439585e+22 9.994048402281370275e+22 9.994062111242955050e+22 9.994068966421980774e+22 9.994068966421980774e+22
9.961733868271216414e+22 9.961733868271216414e+22 9.961739460281061553e+22 9.961750647735680447e+22 9.961767437470714875e+22 9.961789839654610639e+22 9.961817867687056690e+22 9.961851538065203606e+22 9.961890870217980196e+22 9.961935886310310098e+22 9.961986611018540358e+22 9.962043071278444288e+22 9.962105296008499744e+22 9.962173315809568568e+22 9.962247162643790745e+22 9.962326869495003480e+22 9.962412470012842764e+22 9.962503998143493623e+22 9.962601487749231516e+22 9.962704972219966030e+22 9.962814484078816920e+22 9.962930054584938686e+22 9.963051713335789827e+22 9.963179487871641846e+22 9.963313403284735551e+22 9.963453481835217027e+22 9.963599742576604742e+22 9.963752200992322906e+22 9.963910868645710293e+22 9.964075752845133585e+22 9.964246856325812506e+22 9.964424176949970705e+22 9.964607707426495188e+22 9.964797435051349167e+22 9.964993341469550340e+22 9.965195402459679293e+22 9.965403587741485105e+22 9.965617860806789458e+22 9.965838178774570081e+22 9.966064492269668191e+22 9.966296745325826251e+22 9.966534875312280935e+22 9.966778812884417983e+22 9.967028481957351444e+22 9.967283799702606814e+22 9.967544676567005476e+22 9.967811016313377967e+22 9.968082716082149786e+22 9.968359666473204135e+22 9.968641751647191145e+22 9.968928849445342360e+22 9.969220831526906338e+22 9.969517563523274218e+22 9.969818905207835617e+22 9.970124710680459215e+22 9.970434828565670265e+22 9.970749102223632472e+22 9.971067369972499795e+22 9.971389465321569413e+22 9.971715217213855105e+22 9.972044450277339483e+22 9.972376985083579675e+22 9.972712638412990343e+22 9.973051223525532316e+22 9.973392550436036778e+22 9.973736426193134866e+22 9.974082655160916928e+22 9.974431039302338295e+22 9.974781378463608183e+22 9.975133470658608811e+22 9.975487112352635027e+22 9.975842098744704526e+22 9.976198224047426975e+22 9.976555281764057927e+22 9.976913064961824837e+22 9.977271366540989982e+22 9.977629979498928878e+22 9.977988697188779583e+22 9.978347313571986774e+22 9.978705623464270837e+22 9.979063422774609235e+22 9.979420508736799008e+22 9.979776680132939350e+22 9.980131737508909783e+22 9.980485483381095662e+22 9.980837722434340861e+22 9.981188261710659584e+22 9.981536910788739151e+22 9.981883481953693545e+22 9.982227790357185167e+22 9.982569654167730232e+22 9.982908894710942872e+22 9.983245336599830358e+22 9.983578807855082373e+22 9.983909140015163113e+22 9.984236168236550115e+22 9.984559731383707107e+22 9.984879672109497215e+22 9.985195836925568405e+22 9.985508076263155800e+22 9.985816244524302520e+22 9.986120200123836269e+22 9.986419805522086593e+22 9.986714927249025611e+22 9.987005435919127596e+22 9.987291206238457351e+22 9.987572117003333062e+22 9.987848051091105540e+22 9.988118895443547102e+22 9.988384541043036311e+22 9.988644882881813728e+22 9.988899819924900912e+22 9.989149255066568570e+22 9.989393095081496412e+22 9.989631250570067680e+22 9.989863635899071752e+22 9.990090169137548073e+22 9.990310771988460942e+22 9.990525369716681631e+22 9.990733891073588226e+22 9.990936268218420743e+22 9.991132436637431733e+22 9.991322335060552162e+22 9.991505905376399720e+22 9.991683092546022120e+22 9.991853844515561616e+22 9.992018112128276968e+22 9.992175849036536873e+22 9.992327011614093581e+22 9.992471558868420264e+22 9.992609452354652288e+22 9.992740656090318687e+22 9.992865136472080200e+22 9.992982862194059457e+22 9.993093804168702853e+22 9.993197935450194235e+22 9.993295231160938817e+22 9.993385668420682803e+22 9.993469226279842401e+22 9.993545885655827585e+22 9.993615629273754763e+22 9.993678441611232962e+22 9.993734308847354380e+22 9.993783218816367460e+22 9.993825160966010674e+22 9.993860126320807327e+22 9.993888107450255960e+22 9.993909098442189806e+22 9.993923094881352286e+22 9.993930093833210351e+22 9.993930093833210351e+22
9.961165001646568741e+22 9.961165001646568741e+22 9.961170577271885398e+22 9.961181732215142010e+22 9.961198473826473817e+22 9.961220813043900875e+22 9.961248764289290863e+22 9.961282345331044280e+22 9.961321577114223457e+22 9.961366483559616872e+22 9.961417091333200072e+22 9.961473429587618903e+22 9.961535529677614377e+22 9.961603424851534964e+22 9.961677149921095555e+22 9.961756740911908048e+22 9.961842234696882402e+22 9.961933668615714347e+22 9.962031080082493145e+22 9.962134506184330183e+22 9.962243983273780000e+22 9.962359546557793462e+22 9.962481229685461300e+22 9.962609064337646761e+22 9.962743079820705189e+22 9.962883302666852421e+22 9.963029756243326114e+22 9.963182460372861636e+22 9.963341430967083047e+22 9.963506679675074118e+22 9.963678213548711451e+22 9.963856034726174052e+22 9.964040140135347310e+22 9.964230521218055904e+22 9.964427163676229553e+22 9.964630047240991487e+22 9.964839145465181320e+22 9.965054425540100882e+22 9.965275848136446077e+22 9.965503367270206590e+22 9.965736930193011691e+22 9.965976477307262678e+22 9.966221942105921133e+22 9.966473251136140948e+22 9.966730323986937073e+22 9.966993073299979973e+22 9.967261404803049403e+22 9.967535217365481423e+22 9.967814403074682572e+22 9.968098847333179353e+22 9.968388428975104118e+22 9.968683020401109054e+22 9.968982487731079112e+22 9.969286690973251378e+22 9.969595484209079858e+22 9.969908715792464924e+22 9.970226228562622625e+22 9.970547860069041989e+22 9.970873442808218255e+22 9.971202804470192380e+22 9.971535768194556258e+22 9.971872152834469056e+22 9.972211773227795481e+22 9.972554440474342562e+22 9.972899962217934986e+22 9.973248142932845789e+22 9.973598784213159720e+22 9.973951685064144821e+22 9.974306642195175912e+22 9.974663450312740281e+22 9.975021902413040714e+22 9.975381790073330178e+22 9.975742903741006742e+22 9.976105033019972125e+22 9.976467966953344572e+22 9.976831494301848227e+22 9.977195403817434428e+22 9.977559484511280955e+22 9.977923525915576998e+22 9.978287318338979758e+22 9.978650653114598477e+22 9.979013322840631725e+22 9.979375121612758686e+22 9.979735845248380069e+22 9.980095291501794296e+22 9.980453260270500210e+22 9.980809553792183409e+22 9.981163976831783875e+22 9.981516336859165019e+22 9.981866444216494929e+22 9.982214112275609944e+22 9.982559157585186075e+22 9.982901400007530355e+22 9.983240662845092790e+22 9.983576772956583153e+22 9.983909560862771459e+22 9.984238860841990593e+22 9.984564511015441741e+22 9.984886353422462013e+22 9.985204234085609977e+22 9.985518003066334138e+22 9.985827514510531468e+22 9.986132626685019397e+22 9.986433202004735033e+22 9.986729107050933413e+22 9.987020212580661592e+22 9.987306393527973315e+22 9.987587528997047003e+22 9.987863502247264099e+22 9.988134200671113472e+22 9.988399515765025905e+22 9.988659343093277917e+22 9.988913582245649423e+22 9.989162136789179171e+22 9.989404914214053190e+22 9.989641825874735215e+22 9.989872786925877723e+22 9.990097716254125903e+22 9.990316536405932009e+22 9.990529173511734087e+22 9.990735557207056083e+22 9.990935620550943729e+22 9.991129299941991226e+22 9.991316535032646572e+22 9.991497268641959982e+22 9.991671446667317268e+22 9.991839017995507178e+22 9.991999934413565592e+22 9.992154150519735478e+22 9.992301623635040902e+22 9.992442313715553927e+22 9.992576183266245293e+22 9.992703197256227593e+22 9.992823323035964749e+22 9.992936530257013165e+22 9.993042790793997609e+22 9.993142078669977761e+22 9.993234369984557849e+22 9.993319642845821482e+22 9.993397877305890361e+22 9.993469055300526303e+22 9.993533160592810128e+22 9.993590178721457766e+22 9.993640096953552129e+22 9.993682904242274592e+22 9.993718591189444828e+22 9.993747150013176008e+22 9.993768574520786315e+22 9.993782860086926482e+22 9.993790003637216975e+22 9.993790003637216975e+22
9.960608057469570541e+22 9.960608057469570541e+22 9.960613603618239755e+22 9.960624699907161404e+22 9.960641354283414140e+22 9.960663578577586042e+22 9.960691388396477612e+22 9.960724802981344366e+22 9.960763845032512848e+22 9.960808540501962234e+22 9.960858918355171751e+22 9.960915010303926731e+22 9.960976850512260995e+22 9.961044475277446480e+22 9.961117922688300063e+22 9.961197232263305730e+22 9.961282444571073682e+22 9.961373600835775444e+22 9.961470742530039690e+22 9.961573910958405845e+22 9.961683146833726223e+22 9.961798489849472850e+22 9.961919978250678619e+22 9.962047648405994131e+22 9.962181534383658657e+22 9.962321667533754178e+22 9.962468076079222148e+22 9.962620784717765332e+22 9.962779814236990210e+22 9.962945181144558286e+22 9.963116897315263925e+22 9.963294969656520160e+22 9.963479399794190215e+22 9.963670183779301641e+22 9.963867311817483511e+22 9.964070768021777626e+22 9.964280530189439468e+22 9.964496569603556010e+22 9.964718850859867937e+22 9.964947331719123436e+22 9.965181962984780674e+22 9.965422688406570690e+22 9.965669444609184157e+22 9.965922161046365562e+22 9.966180759979539038e+22 9.966445156480875233e+22 9.966715258459740596e+22 9.966990966712420008e+22 9.967272174993844417e+22 9.967558770110635599e+22 9.967850632034890914e+22 9.968147634037162875e+22 9.968449642838261078e+22 9.968756518778381638e+22 9.969068116002695073e+22 9.969384282662513515e+22 9.969704861130428305e+22 9.970029688228882783e+22 9.970358595470596506e+22 9.970691409310085913e+22 9.971027951404920812e+22 9.971368038885694951e+22 9.971711484633715782e+22 9.972058097565217220e+22 9.972407682921036723e+22 9.972760042560854111e+22 9.973114975260752268e+22 9.973472277013415225e+22 9.973831741329760689e+22 9.974193159541101062e+22 9.974556321101203794e+22 9.974921013886964256e+22 9.975287024497315335e+22 9.975654138549110414e+22 9.976022140969741504e+22 9.976390816285321488e+22 9.976759948904056331e+22 9.977129323393948267e+22 9.977498724754413899e+22 9.977867938681183011e+22 9.978236751823812061e+22 9.978604952035664698e+22 9.978972328615475151e+22 9.979338672540474357e+22 9.979703776690503365e+22 9.980067436062820427e+22 9.980429447977284665e+22 9.980789612271798898e+22 9.981147731487457962e+22 9.981503611043790088e+22 9.981857059403215562e+22 9.982207888225231018e+22 9.982555912510005628e+22 9.982900950731109014e+22 9.983242824957877551e+22 9.983581360966967755e+22 9.983916388343247746e+22 9.984247740570343886e+22 9.984575255110787216e+22 9.984898773475576827e+22 9.985218141284126530e+22 9.985533208313747577e+22 9.985843828539803252e+22 9.986149860166208166e+22 9.986451165646611179e+22 9.986747611696813887e+22 9.987039069298330750e+22 9.987325413693673020e+22 9.987606524373593018e+22 9.987882285056505204e+22 9.988152583660855781e+22 9.988417312270190851e+22 9.988676367091864332e+22 9.988929648409561793e+22 9.989177060529730801e+22 9.989418511723030118e+22 9.989653914160549436e+22 9.989883183845573080e+22 9.990106240541213170e+22 9.990323007694262868e+22 9.990533412355954233e+22 9.990737385099733080e+22 9.990934859936659879e+22 9.991125774228839308e+22 9.991310068601331489e+22 9.991487686852986117e+22 9.991658575866273307e+22 9.991822685517181564e+22 9.991979968584952997e+22 9.992130380662394008e+22 9.992273880067209377e+22 9.992410427754134949e+22 9.992539987229301696e+22 9.992662524466015764e+22 9.992778007823291672e+22 9.992886407966692370e+22 9.992987697792242890e+22 9.993081852353592059e+22 9.993168848792789713e+22 9.993248666274717971e+22 9.993321285925580938e+22 9.993386690775826930e+22 9.993444865707402592e+22 9.993495797405858975e+22 9.993539474317056252e+22 9.993575886609265669e+22 9.993605026140229154e+22 9.993626886429518856e+22 9.993641462636309014e+22 9.993648751542793352e+22 9.993648751542793352e+22
9.960063760715838443e+22 9.960063760715838443e+22 9.960069263945191391e+22 9.960080274736440515e+22 9.960096801717203711e+22 9.960118857735431048e+22 9.960146459748124852e+22 9.960179628673987091e+22 9.960218389211488924e+22 9.960262769623293546e+22 9.960312801488980148e+22 9.960368519427379325e+22 9.960429960790823404e+22 9.960497165333444113e+22 9.960570174855817724e+22 9.960649032828279639e+22 9.960733783995686742e+22 9.960824473966323591e+22 9.960921148787625086e+22 9.961023854511428469e+22 9.961132636751905423e+22 9.961247540238638855e+22 9.961368608367912891e+22 9.961495882754858523e+22 9.961629402789093940e+22 9.961769205196604310e+22 9.961915323610188009e+22 9.962067788150868437e+22 9.962226625022626942e+22 9.962391856122317452e+22 9.962563498666801234e+22 9.962741564838915762e+22 9.962926061454103046e+22 9.963116989648729224e+22 9.963314344591523158e+22 9.963518115219041681e+22 9.963728283996178193e+22 9.963944826702043441e+22 9.964167712242045603e+22 9.964396902486300531e+22 9.964632352134721123e+22 9.964874008608430149e+22 9.965121811967868980e+22 9.965375694857009994e+22 9.965635582473310254e+22 9.965901392563148109e+22 9.966173035441840089e+22 9.966450414037763306e+22 9.966733423959786442e+22 9.967021953587001006e+22 9.967315884180048236e+22 9.967615090012935999e+22 9.967919438524369286e+22 9.968228790487599389e+22 9.968543000197400940e+22 9.968861915673631549e+22 9.969185378879535265e+22 9.969513225954244585e+22 9.969845287457971084e+22 9.970181388628772310e+22 9.970521349649876596e+22 9.970864985926287334e+22 9.971212108369488983e+22 9.971562523689385722e+22 9.971916034692046704e+22 9.972272440582373743e+22 9.972631537270547232e+22 9.972993117681394647e+22 9.973356972065332763e+22 9.973722888310333270e+22 9.974090652253670290e+22 9.974460047992597512e+22 9.974830858193401283e+22 9.975202864397400251e+22 9.975575847323740563e+22 9.975949587167782004e+22 9.976323863894640558e+22 9.976698457527006580e+22 9.977073148426805733e+22 9.977447717569961132e+22 9.977821946813760091e+22 9.978195619156431208e+22 9.978568518988114742e+22 9.978940432333288348e+22 9.979311147083878105e+22 9.979680453222947462e+22 9.980048143038299714e+22 9.980414011326275885e+22 9.980777855585063482e+22 9.981139476197346692e+22 9.981498676602625170e+22 9.981855263458241754e+22 9.982209046789921073e+22 9.982559840131102645e+22 9.982907460651415765e+22 9.983251729274230748e+22 9.983592470783078485e+22 9.983929513917525524e+22 9.984262691458232877e+22 9.984591840301175066e+22 9.984916801521878408e+22 9.985237420428958787e+22 9.985553546607968911e+22 9.985865033955222854e+22 9.986171740702274014e+22 9.986473529430908915e+22 9.986770267079421880e+22 9.987061824940059866e+22 9.987348078648325308e+22 9.987628908164044712e+22 9.987904197745327053e+22 9.988173835914739240e+22 9.988437715419101187e+22 9.988695733182752883e+22 9.988947790254679314e+22 9.989193791750199575e+22 9.989433646787374508e+22 9.989667268418951604e+22 9.989894573559605572e+22 9.990115482909695961e+22 9.990329920875484781e+22 9.990537815486252030e+22 9.990739098309193263e+22 9.990933704361866009e+22 9.991121572023327575e+22 9.991302642943766246e+22 9.991476861953593940e+22 9.991644176971874488e+22 9.991804538915255222e+22 9.991957901606730806e+22 9.992104221685851567e+22 9.992243458519690170e+22 9.992375574115767865e+22 9.992500533036700402e+22 9.992618302317370592e+22 9.992728851384493303e+22 9.992832151979488916e+22 9.992928178084245825e+22 9.993016905850855778e+22 9.993098313534963030e+22 9.993172381433178620e+22 9.993239091825116761e+22 9.993298428919583605e+22 9.993350378805956864e+22 9.993394929410162400e+22 9.993432070456110114e+22 9.993461793432097574e+22 9.993484091562691396e+22 9.993498959786259199e+22 9.993506394737882012e+22 9.993506394737882012e+22
9.959532850531827660e+22 9.959532850531827660e+22 9.959538297014747293e+22 9.959549194696870016e+22 9.959565552971636592e+22 9.959587385831755193e+22 9.959614711752858114e+22 9.959647553539975152e+22 9.959685938137437674e+22 9.959729896403961591e+22 9.959779462854281580e+22 9.959834675369257573e+22 9.959895574876515415e+22 9.959962205003765829e+22 9.960034611707219280e+22 9.960112842877880081e+22 9.960196947927991373e+22 9.960286977360810266e+22 9.960382982326216294e+22 9.960485014165431465e+22 9.960593123947494297e+22 9.960707362000501054e+22 9.960827777440627347e+22 9.960954417701710096e+22 9.961087328068010456e+22 9.961226551213390666e+22 9.961372126748795627e+22 9.961524090781054062e+22 9.961682475485057830e+22 9.961847308691596064e+22 9.962018613492755045e+22 9.962196407866819923e+22 9.962380704324225126e+22 9.962571509576105355e+22 9.962768824226702112e+22 9.962972642490566941e+22 9.963182951935797887e+22 9.963399733253572552e+22 9.963622960054987758e+22 9.963852598695267874e+22 9.964088608125640455e+22 9.964330939772775170e+22 9.964579537446084647e+22 9.964834337272180926e+22 9.965095267656375101e+22 9.965362249270691679e+22 9.965635195067661130e+22 9.965914010319464484e+22 9.966198592681294168e+22 9.966488832278374069e+22 9.966784611815390603e+22 9.967085806707677122e+22 9.967392285232718886e+22 9.967703908701252144e+22 9.968020531646460802e+22 9.968342002030413349e+22 9.968668161466344197e+22 9.968998845455717420e+22 9.969333883638690454e+22 9.969673100057085215e+22 9.970016313428284539e+22 9.970363337429045635e+22 9.970713980988086341e+22 9.971068048586226165e+22 9.971425340562775160e+22 9.971785653427370354e+22 9.972148780175835372e+22 9.972514510609172346e+22 9.972882631654548649e+22 9.973252927687444608e+22 9.973625180853573045e+22 9.973999171390345839e+22 9.974374677946087296e+22 9.974751477896903760e+22 9.975129347659944428e+22 9.975508063002536654e+22 9.975887399346145486e+22 9.976267132064768197e+22 9.976647036776898101e+22 9.977026889630599663e+22 9.977406467580978476e+22 9.977785548659586446e+22 9.978163912235280656e+22 9.978541339266037632e+22 9.978917612541407606e+22 9.979292516915177587e+22 9.979665839527874160e+22 9.980037370018951646e+22 9.980406900728363640e+22 9.980774226887209229e+22 9.981139146797499181e+22 9.981501462000679728e+22 9.981860977435116936e+22 9.982217501582024927e+22 9.982570846600411742e+22 9.982920828450559649e+22 9.983267267006276462e+22 9.983609986155964845e+22 9.983948813892873670e+22 9.984283582394036493e+22 9.984614128088771251e+22 9.984940291716518039e+22 9.985261918374251515e+22 9.985578857553919266e+22 9.985890963169934626e+22 9.986198093577235674e+22 9.986500111579893622e+22 9.986796884431032287e+22 9.987088283824055281e+22 9.987374185875548353e+22 9.987654471100689023e+22 9.987929024380633350e+22 9.988197734923492131e+22 9.988460496218139866e+22 9.988717205982225524e+22 9.988967766104000902e+22 9.989212082579132593e+22 9.989450065442385166e+22 9.989681628694989242e+22 9.989906690227902507e+22 9.990125171741634750e+22 9.990336998662860073e+22 9.990542100058356475e+22 9.990740408546992587e+22 9.990931860209568580e+22 9.991116394497710857e+22 9.991293954141817143e+22 9.991464485058365725e+22 9.991627936257530030e+22 9.991784259750880451e+22 9.991933410460213602e+22 9.992075346127332835e+22 9.992210027225571918e+22 9.992337416873246405e+22 9.992457480749437053e+22 9.992570187012469319e+22 9.992675506221283593e+22 9.992773411260303462e+22 9.992863877267807063e+22 9.992946881568130361e+22 9.993022403608269396e+22 9.993090424898668462e+22 9.993150928958668984e+22 9.993203901266958012e+22 9.993249329216846876e+22 9.993287202076950423e+22 9.993317510957083971e+22 9.993340248779723584e+22 9.993355410256846809e+22 9.993362991872861851e+22 9.993362991872861851e+22
9.959016079452347669e+22 9.959016079452347669e+22 9.959021454943331759e+22 9.959032211069174232e+22 9.959048358076603381e+22 9.959069911233508200e+22 9.959096890707077077e+22 9.959129321402550295e+22 9.959167232764237211e+22 9.959210658539293062e+22 9.959259636506881006e+22 9.959314208174039787e+22 9.959374418440476636e+22 9.959440315234697976e+22 9.959511949124113636e+22 9.959589372901340899e+22 9.959672641149886005e+22 9.959761809792154206e+22 9.959856935622190878e+22 9.959958075827015805e+22 9.960065287498891054e+22 9.960178627142020497e+22 9.960298150176479406e+22 9.960423910442613814e+22 9.960555959708464814e+22 9.960694347183524571e+22 9.960839119041030259e+22 9.960990317951846030e+22 9.961147982631947941e+22 9.961312147406317001e+22 9.961482841790636202e+22 9.961660090093516148e+22 9.961843911040343160e+22 9.962034317420620520e+22 9.962231315760168514e+22 9.962434906019169776e+22 9.962645081317125285e+22 9.962861827685509549e+22 9.963085123848707139e+22 9.963314941033507403e+22 9.963551242807682479e+22 9.963793984947225834e+22 9.964043115332756308e+22 9.964298573874339407e+22 9.964560292464652032e+22 9.964828194959839671e+22 9.965102197187490611e+22 9.965382206981076209e+22 9.965668124239843872e+22 9.965959841013471537e+22 9.966257241610384730e+22 9.966560202728677573e+22 9.966868593608647875e+22 9.967182276205709833e+22 9.967501105382370679e+22 9.967824929118440810e+22 9.968153588737876846e+22 9.968486919151041275e+22 9.968824749111440835e+22 9.969166901485165242e+22 9.969513193532392106e+22 9.969863437198946415e+22 9.970217439417481770e+22 9.970575002416347244e+22 9.970935924035495657e+22 9.971299998047966908e+22 9.971667014485718283e+22 9.972036759968920948e+22 9.972409018037531417e+22 9.972783569484060924e+22 9.973160192686487398e+22 9.973538663940474536e+22 9.973918757789844374e+22 9.974300247354320198e+22 9.974682904653989518e+22 9.975066500929324424e+22 9.975450806956178853e+22 9.975835593355026235e+22 9.976220630893669122e+22 9.976605690782907420e+22 9.976990544964381730e+22 9.977374966390254574e+22 9.977758729294102030e+22 9.978141609452457112e+22 9.978523384436897507e+22 9.978903833855833774e+22 9.979282739586232903e+22 9.979659885994307486e+22 9.980035060145662093e+22 9.980408052003997588e+22 9.980778654618588126e+22 9.981146664300512385e+22 9.981511880787001501e+22 9.981874107394396940e+22 9.982233151159506934e+22 9.982588822969186989e+22 9.982940937678490069e+22 9.983289314217227085e+22 9.983633775685199410e+22 9.983974149436130250e+22 9.984310267150553265e+22 9.984641964897806057e+22 9.984969083187292956e+22 9.985291467009488532e+22 9.985608965866539241e+22 9.985921433793295339e+22 9.986228729368560009e+22 9.986530715717268721e+22 9.986827260503769953e+22 9.987118235916608261e+22 9.987403518645319709e+22 9.987682989849254769e+22 9.987956535119390022e+22 9.988224044433152147e+22 9.988485412102784365e+22 9.988740536717871048e+22 9.988989321082072518e+22 9.989231672144917273e+22 9.989467500929040882e+22 9.989696722453141651e+22 9.989919255651245307e+22 9.990135023288760192e+22 9.990343951875811207e+22 9.990545971578125943e+22 9.990741016126330346e+22 9.990929022723479411e+22 9.991109931952067786e+22 9.991283687680188088e+22 9.991450236967892235e+22 9.991609529973690335e+22 9.991761519861984081e+22 9.991906162711770169e+22 9.992043417426610409e+22 9.992173245646995928e+22 9.992295611664615604e+22 9.992410482339636000e+22 9.992517827021014617e+22 9.992617617469811248e+22 9.992709827786582891e+22 9.992794434342521668e+22 9.992871415714800468e+22 9.992940752626535681e+22 9.993002427891177436e+22 9.993056426362261838e+22 9.993102734887746745e+22 9.993141342270219564e+22 9.993172239231886557e+22 9.993195418385848572e+22 9.993210874212436777e+22 9.993218603041749257e+22 9.993218603041749257e+22
9.958514212622889596e+22 9.958514212622889596e+22 9.958519502424026540e+22 9.958530087642934857e+22 9.958545979469648521e+22 9.958567194581656404e+22 9.958593755015482756e+22 9.958625687997123238e+22 9.958663025732297844e+22 9.958705805157814239e+22 9.958754067656345020e+22 9.958807858735972824e+22 9.958867227677140661e+22 9.958932227149331117e+22 9.959002912800056436e+22 9.959079342818962964e+22 9.959161577479922201e+22 9.959249678664262589e+22 9.959343709368259235e+22 9.959443733197834368e+22 9.959549813854010186e+22 9.959662014612023280e+22 9.959780397797539945e+22 9.959905024263007397e+22 9.960035952867085281e+22 9.960173239960393797e+22 9.960316938880251068e+22 9.960467099457169654e+22 9.960623767535630470e+22 9.960786984511769831e+22 9.960956786889717711e+22 9.961133205859256500e+22 9.961316266896063568e+22 9.961505989386525737e+22 9.961702386278435966e+22 9.961905463758833897e+22 9.962115220959864344e+22 9.962331649693762716e+22 9.962554734217271024e+22 9.962784451026221007e+22 9.963020768680203833e+22 9.963263647657697162e+22 9.963513040241431465e+22 9.963768890433656691e+22 9.964031133901186820e+22 9.964299697949292836e+22 9.964574501524325007e+22 9.964855455243727326e+22 9.965142461453098497e+22 9.965435414308962330e+22 9.965734199886532837e+22 9.966038696311088218e+22 9.966348773912098111e+22 9.966664295398652877e+22 9.966985116055085934e+22 9.967311083955515766e+22 9.967642040195980512e+22 9.967977819142807880e+22 9.968318248696030849e+22 9.968663150566480177e+22 9.969012340565164530e+22 9.969365628903597749e+22 9.969722820504029705e+22 9.970083715318035566e+22 9.970448108652342752e+22 9.970815791500593673e+22 9.971186550879930234e+22 9.971560170171161956e+22 9.971936429461415448e+22 9.972315105888173031e+22 9.972695973983636842e+22 9.973078806018348024e+22 9.973463372343193633e+22 9.973849441728739253e+22 9.974236781701125636e+22 9.974625158873559649e+22 9.975014339272671389e+22 9.975404088659021083e+22 9.975794172840886718e+22 9.976184357980852558e+22 9.976574410894423464e+22 9.976964099340262336e+22 9.977353192301334312e+22 9.977741460256578549e+22 9.978128675442720034e+22 9.978514612105661068e+22 9.978899046741376919e+22 9.979281758325569067e+22 9.979662528532362926e+22 9.980041141941380632e+22 9.980417386233244261e+22 9.980791052373232661e+22 9.981161934783143897e+22 9.981529831501116683e+22 9.981894544329585302e+22 9.982255878971128073e+22 9.982613645152633854e+22 9.982967656737276533e+22 9.983317731825138060e+22 9.983663692841916301e+22 9.984005366616430739e+22 9.984342584446780074e+22 9.984675182155628177e+22 9.985003000134618422e+22 9.985325883378345863e+22 9.985643681508256383e+22 9.985956248786727810e+22 9.986263444121309518e+22 9.986565131060377131e+22 9.986861177779548009e+22 9.987151457060080583e+22 9.987435846258905213e+22 9.987714227271692504e+22 9.987986486488257790e+22 9.988252514741675832e+22 9.988512207251057095e+22 9.988765463558658353e+22 9.989012187461570894e+22 9.989252286938756415e+22 9.989485674073791293e+22 9.989712264973552452e+22 9.989931979683765892e+22 9.990144742101550419e+22 9.990350479885426334e+22 9.990549124363711834e+22 9.990740610441080629e+22 9.990924876504346132e+22 9.991101864327494028e+22 9.991271518976830603e+22 9.991433788716283750e+22 9.991588624913370028e+22 9.991735981946708584e+22 9.991875817114680951e+22 9.992008090546364167e+22 9.992132765114564398e+22 9.992249806351835228e+22 9.992359182369301096e+22 9.992460863779061000e+22 9.992554823620132182e+22 9.992641037288598195e+22 9.992719482471770069e+22 9.992790139087246433e+22 9.992852989226320606e+22 9.992908017102843648e+22 9.992955209006830322e+22 9.992994553263833062e+22 9.993026040199624262e+22 9.993049662110659982e+22 9.993065413240195908e+22 9.993073289760402833e+22 9.993073289760402833e+22
9.958028027027964874e+22 9.958028027027964874e+22 9.958033215954620934e+22 9.958043599943946469e+22 9.958059191222453404e+22 9.958080008016075371e+22 9.958106074414728610e+22 9.958137420192953454e+22 9.958174080588304089e+22 9.958216096038689492e+22 9.958263511880747608e+22 9.958316378011234153e+22 9.958374748513840293e+22 9.958438681253984285e+22 9.958508237444122201e+22 9.958583481182970079e+22 9.958664478971162473e+22 9.958751299207174291e+22 9.958844011665988937e+22 9.958942686964749015e+22 9.959047396018196421e+22 9.959158209487351212e+22 9.959275197224960865e+22 9.959398427721026712e+22 9.959527967551526430e+22 9.959663880833441412e+22 9.959806228689338761e+22 9.959955068724178846e+22 9.960110454517005917e+22 9.960272435130274939e+22 9.960441054639067811e+22 9.960616351682188752e+22 9.960798359037351769e+22 9.960987103221973516e+22 9.961182604121115040e+22 9.961384874643976670e+22 9.961593920409905712e+22 9.961809739464769221e+22 9.962032322028507234e+22 9.962261650274032550e+22 9.962497698138161571e+22 9.962740431164056116e+22 9.962989806375711382e+22 9.963245772183829060e+22 9.963508268322783651e+22 9.963777225818024339e+22 9.964052566983472841e+22 9.964334205447870349e+22 9.964622046209258186e+22 9.964915985716661033e+22 9.965215911977759749e+22 9.965521704691558882e+22 9.965833235404619461e+22 9.966150367689924254e+22 9.966472957346751447e+22 9.966800852620368937e+22 9.967133894440212077e+22 9.967471916675132241e+22 9.967814746404375704e+22 9.968162204202843295e+22 9.968514104439293660e+22 9.968870255586137919e+22 9.969230460539468408e+22 9.969594516947972653e+22 9.969962217549428949e+22 9.970333350513469922e+22 9.970707699789540308e+22 9.971085045458470227e+22 9.971465164086914004e+22 9.971847829083231827e+22 9.972232811053683468e+22 9.972619878158226057e+22 9.973008796464416031e+22 9.973399330298841478e+22 9.973791242594829940e+22 9.974184295236059215e+22 9.974578249394472301e+22 9.974972865862488084e+22 9.975367905378356848e+22 9.975763128943831836e+22 9.976158298134081333e+22 9.976553175398588036e+22 9.976947524353047449e+22 9.977341110061233498e+22 9.977733699307000824e+22 9.978125060855355041e+22 9.978514965702787256e+22 9.978903187316161485e+22 9.979289501860097950e+22 9.979673688412679412e+22 9.980055529168923578e+22 9.980434809632414132e+22 9.980811318794405911e+22 9.981184849300969593e+22 9.981555197607456172e+22 9.981922164120915385e+22 9.982285553330110752e+22 9.982645173923342608e+22 9.983000838894251934e+22 9.983352365635593254e+22 9.983699576021328907e+22 9.984042296477041348e+22 9.984380358039294286e+22 9.984713596403441048e+22 9.985041851961158559e+22 9.985364969827260695e+22 9.985682799856307719e+22 9.985995196649511793e+22 9.986302019552223743e+22 9.986603132642376915e+22 9.986898404710302509e+22 9.987187709230225084e+22 9.987470924324211681e+22 9.987747932718517505e+22 9.988018621693296221e+22 9.988282883025694989e+22 9.988540612927216733e+22 9.988791711975356341e+22 9.989036085040599636e+22 9.989273641208694545e+22 9.989504293698904103e+22 9.989727959778922489e+22 9.989944560676668808e+22 9.990154021489555905e+22 9.990356271091678813e+22 9.990551242039602289e+22 9.990738870476819608e+22 9.990919096037684543e+22 9.991091861751313151e+22 9.991257113945524142e+22 9.991414802151698648e+22 9.991564879010648293e+22 9.991707300180241521e+22 9.991842024244719387e+22 9.991969012626613495e+22 9.992088229501336551e+22 9.992199641714724019e+22 9.992303218704189594e+22 9.992398932423541470e+22 9.992486757271868749e+22 9.992566670026702691e+22 9.992638649781976249e+22 9.992702677890558748e+22 9.992758737912145851e+22 9.992806815566202824e+22 9.992846898690546624e+22 9.992878977205440977e+22 9.992903043083568520e+22 9.992919090325700477e+22 9.992927114942577272e+22 9.992927114942577272e+22
9.957558310727174849e+22 9.957558310727174849e+22 9.957563383073023721e+22 9.957573534468660422e+22 9.957588778273568981e+22 9.957609134406445407e+22 9.957634629201458889e+22 9.957665295218234727e+22 9.957701171006881032e+22 9.957742300829439964e+22 9.957788734340330422e+22 9.957840526227223347e+22 9.957897735815416513e+22 9.957960426638183445e+22 9.958028665975881492e+22 9.958102524367394256e+22 9.958182075096545781e+22 9.958267393657341896e+22 9.958358557201390790e+22 9.958455643970923712e+22 9.958558732721235952e+22 9.958667902135898525e+22 9.958783230238463413e+22 9.958904793804111767e+22 9.959032667774686069e+22 9.959166924680513716e+22 9.959307634071922803e+22 9.959454861963829025e+22 9.959608670296153575e+22 9.959769116412603689e+22 9.959936252560510288e+22 9.960110125413772873e+22 9.960290775621116205e+22 9.960478237381526081e+22 9.960672538048097314e+22 9.960873697762167960e+22 9.961081729118347094e+22 9.961296636861711227e+22 9.961518417617769988e+22 9.961747059655481229e+22 9.961982542683775277e+22 9.962224837681589990e+22 9.962473906761285763e+22 9.962729703065222382e+22 9.962992170694893738e+22 9.963261244672236218e+22 9.963536850932213167e+22 9.963818906345907054e+22 9.964107318773053968e+22 9.964401987143231917e+22 9.964702801564174542e+22 9.965009643456339483e+22 9.965322385712174491e+22 9.965640892878958887e+22 9.965965021363923478e+22 9.966294619659791709e+22 9.966629528589847809e+22 9.966969581570876034e+22 9.967314604892471112e+22 9.967664418011280415e+22 9.968018833858909490e+22 9.968377659161769620e+22 9.968740694771825535e+22 9.969107736006463219e+22 9.969478572996476220e+22 9.969852991040417222e+22 9.970230770964595160e+22 9.970611689486810297e+22 9.970995519583060545e+22 9.971382030855903694e+22 9.971770989903239080e+22 9.972162160686439963e+22 9.972555304897011201e+22 9.972950182320349485e+22 9.973346551196111235e+22 9.973744168573802329e+22 9.974142790663225632e+22 9.974542173178509551e+22 9.974942071675351885e+22 9.975342241880413621e+22 9.975742440012488534e+22 9.976142423094764084e+22 9.976541949257353213e+22 9.976940778030031595e+22 9.977338670624354913e+22 9.977735390204862556e+22 9.978130702148958369e+22 9.978524374295302373e+22 9.978916177180104432e+22 9.979305884261474212e+22 9.979693272131268772e+22 9.980078120714605534e+22 9.980460213456676585e+22 9.980839337496896183e+22 9.981215283830488826e+22 9.981587847457143783e+22 9.981956827517387014e+22 9.982322027415992690e+22 9.982683254933294993e+22 9.983040322323957259e+22 9.983393046403778976e+22 9.983741248624518811e+22 9.984084755137082635e+22 9.984423396843304727e+22 9.984757009436513403e+22 9.985085433431590751e+22 9.985408514184140607e+22 9.985726101900006261e+22 9.986038051634787280e+22 9.986344223284003026e+22 9.986644481564647778e+22 9.986938695988065337e+22 9.987226740824648083e+22 9.987508495061375517e+22 9.987783842351905400e+22 9.988052670960136880e+22 9.988314873697701934e+22 9.988570347855724046e+22 9.988818995131510161e+22 9.989060721550481267e+22 9.989295437384081474e+22 9.989523057063865247e+22 9.989743499092683863e+22 9.989956685952982817e+22 9.990162544013129600e+22 9.990361003431947980e+22 9.990551998062222167e+22 9.990735465353383929e+22 9.990911346254063809e+22 9.991079585114798372e+22 9.991240129591529334e+22 9.991392930550220063e+22 9.991537941972921614e+22 9.991675120865835273e+22 9.991804427169980586e+22 9.991925823674282672e+22 9.992039275931875724e+22 9.992144752179998517e+22 9.992242223263653036e+22 9.992331662563177241e+22 9.992413045926466788e+22 9.992486351605743380e+22 9.992551560199272399e+22 9.992608654598249592e+22 9.992657619939001106e+22 9.992698443560906234e+22 9.992731114969826433e+22 9.992755625807451678e+22 9.992771969826765459e+22 9.992780142873457302e+22 9.992780142873457302e+22
9.957105862100645419e+22 9.957105862100645419e+22 9.957110801602087118e+22 9.957120687927262288e+22 9.957135535669387670e+22 9.957155366590094508e+22 9.957180209466713938e+22 9.957210099890277633e+22 9.957245080015746997e+22 9.957285198265913757e+22 9.957330508991699930e+22 9.957381072090489579e+22 9.957436952585490452e+22 9.957498220169069907e+22 9.957564948712950805e+22 9.957637215748705013e+22 9.957715101921960369e+22 9.957798690424062424e+22 9.957888066404586671e+22 9.957983316368895561e+22 9.958084527564090717e+22 9.958191787357678810e+22 9.958305182612173986e+22 9.958424799060020743e+22 9.958550720681706154e+22 9.958683029091507398e+22 9.958821802933169737e+22 9.958967117289866920e+22 9.959119043110542875e+22 9.959277646656100840e+22 9.959442988967589105e+22 9.959615125359342859e+22 9.959794104938355543e+22 9.959979970152877785e+22 9.960172756370972056e+22 9.960372491490942360e+22 9.960579195584731152e+22 9.960792880574932766e+22 9.961013549946733645e+22 9.961241198494512631e+22 9.961475812103842850e+22 9.961717367568918695e+22 9.961965832445008596e+22 9.962221164935742331e+22 9.962483313814892288e+22 9.962752218381843379e+22 9.963027808449808722e+22 9.963310004366240802e+22 9.963598717064191567e+22 9.963893848143448716e+22 9.964195289980337547e+22 9.964502925864906575e+22 9.964816630164094347e+22 9.965136268509446354e+22 9.965461698008001282e+22 9.965792767474875236e+22 9.966129317686007143e+22 9.966471181649486597e+22 9.966818184894101848e+22 9.967170145773569442e+22 9.967526875784675538e+22 9.967888179898288701e+22 9.968253856901350031e+22 9.968623699748649435e+22 9.968997495922883140e+22 9.969375027801497587e+22 9.969756073029198991e+22 9.970140404894695791e+22 9.970527792710222768e+22 9.970918002193004600e+22 9.971310795847103624e+22 9.971705933344703880e+22 9.972103171905756017e+22 9.972502266674776795e+22 9.972902971094152197e+22 9.973305037272407396e+22 9.973708216347354622e+22 9.974112258842526797e+22 9.974516915016563058e+22 9.974921935204739187e+22 9.975327070151753754e+22 9.975732071335481416e+22 9.976136691280765570e+22 9.976540683862936650e+22 9.976943804600547698e+22 9.977345810936778614e+22 9.977746462509297671e+22 9.978145521408125646e+22 9.978542752421161992e+22 9.978937923267379751e+22 9.979330804817115428e+22 9.979721171299663557e+22 9.980108800497905828e+22 9.980493473929721440e+22 9.980874977016556185e+22 9.981253099238789533e+22 9.981627634278124539e+22 9.981998380147057623e+22 9.982365139305537261e+22 9.982727718764924004e+22 9.983085930179560525e+22 9.983439589925960076e+22 9.983788519170062995e+22 9.984132543922762573e+22 9.984471495083868081e+22 9.984805208475145811e+22 9.985133524862381117e+22 9.985456289967204676e+22 9.985773354468775245e+22 9.986084573995909461e+22 9.986389809110123440e+22 9.986688925279815991e+22 9.986981792846093432e+22 9.987268286981193964e+22 9.987548287639028446e+22 9.987821679499233408e+22 9.988088351904850405e+22 9.988348198794059527e+22 9.988601118626688480e+22 9.988847014305641529e+22 9.989085793094625709e+22 9.989317366531313631e+22 9.989541650337872268e+22 9.989758564328344335e+22 9.989968032313956001e+22 9.990169982006652935e+22 9.990364344921374694e+22 9.990551056277520463e+22 9.990730054900255398e+22 9.990901283121884090e+22 9.991064686683987378e+22 9.991220214640587624e+22 9.991367819263058798e+22 9.991507455946611963e+22 9.991639083119614414e+22 9.991762662155302941e+22 9.991878157287011910e+22 9.991985535526431307e+22 9.992084766586241968e+22 9.992175822806490441e+22 9.992258679085641341e+22 9.992333312816407852e+22 9.992399703826263074e+22 9.992457834323684150e+22 9.992507688849446325e+22 9.992549254233773939e+22 9.992582519559143660e+22 9.992607476129323811e+22 9.992624117444180024e+22 9.992632439180743829e+22 9.992632439180743829e+22
9.956671489106053064e+22 9.956671489106053064e+22 9.956676278905533891e+22 9.956685866497956486e+22 9.956700267815429892e+22 9.956719506619541907e+22 9.956743614338697265e+22 9.956772629852736769e+22 9.956806599226889234e+22 9.956845575396334659e+22 9.956889617804217339e+22 9.956938791994954403e+22 9.956993169166225428e+22 9.957052825682384519e+22 9.957117842552724128e+22 9.957188304878110455e+22 9.957264301269668017e+22 9.957345923243427496e+22 9.957433264594748650e+22 9.957526420756835074e+22 9.957625488146941189e+22 9.957730563504903658e+22 9.957841743227508700e+22 9.957959122703216751e+22 9.958082795650420415e+22 9.958212853463726948e+22 9.958349384571350627e+22 9.958492473807243890e+22 9.958642201801183461e+22 9.958798644389703844e+22 9.958961872050720237e+22 9.959131949364459812e+22 9.959308934502743120e+22 9.959492878748766490e+22 9.959683826049121832e+22 9.959881812599488328e+22 9.960086866465187168e+22 9.960299007237657985e+22 9.960518245727447548e+22 9.960744583694118394e+22 9.960978013613667962e+22 9.961218518483068990e+22 9.961466071661847301e+22 9.961720636750505705e+22 9.961982167505117905e+22 9.962250607787260248e+22 9.962525891548695809e+22 9.962807942849515592e+22 9.963096675908993627e+22 9.963391995187533604e+22 9.963693795498596395e+22 9.964001962149548130e+22 9.964316371109316605e+22 9.964636889202043965e+22 9.964963374324695591e+22 9.965295675687398749e+22 9.965633634074809808e+22 9.965977082126864168e+22 9.966325844637434197e+22 9.966679738869200663e+22 9.967038574883252889e+22 9.967402155881758353e+22 9.967770278562218639e+22 9.968142733481941035e+22 9.968519305430798067e+22 9.968899773811432777e+22 9.969283913025067575e+22 9.969671492861613100e+22 9.970062278893060384e+22 9.970456032868305784e+22 9.970852513109031204e+22 9.971251474904295827e+22 9.971652670904067529e+22 9.972055851509368645e+22 9.972460765258925369e+22 9.972867159210884648e+22 9.973274779318672477e+22 9.973683370800540602e+22 9.974092678501410800e+22 9.974502447246708048e+22 9.974912422187435976e+22 9.975322349135400744e+22 9.975731974888707483e+22 9.976141047546312969e+22 9.976549316811671418e+22 9.976956534284513758e+22 9.977362453740867761e+22 9.977766831400679794e+22 9.978169426182744624e+22 9.978569999946856006e+22 9.978968317722788836e+22 9.979364147926101131e+22 9.979757262560562879e+22 9.980147437407191643e+22 9.980534452199774120e+22 9.980918090786965920e+22 9.981298141281031658e+22 9.981674396193245469e+22 9.982046652556055989e+22 9.982414712032317774e+22 9.982778381011609295e+22 9.983137470693914339e+22 9.983491797161007383e+22 9.983841181435672134e+22 9.984185449529181051e+22 9.984524432477384815e+22 9.984857966365473820e+22 9.985185892342426711e+22 9.985508056624713119e+22 9.985824310490384722e+22 9.986134510263631820e+22 9.986438517290389262e+22 9.986736197905278619e+22 9.987027423390525817e+22 9.987312069927572288e+22 9.987590018541289053e+22 9.987861155037661102e+22 9.988125369935829611e+22 9.988382558394134613e+22 9.988632620131466766e+22 9.988875459344074172e+22 9.989110984618453395e+22 9.989339108840834702e+22 9.989559749103781623e+22 9.989772826610453447e+22 9.989978266577054099e+22 9.990175998133875088e+22 9.990365954225578443e+22 9.990548071511174309e+22 9.990722290264124372e+22 9.990888554272946913e+22 9.991046810743199289e+22 9.991197010200752239e+22 9.991339106397102644e+22 9.991473056217150836e+22 9.991598819589663962e+22 9.991716359400973979e+22 9.991825641412185450e+22 9.991926634180473625e+22 9.992019308984073506e+22 9.992103639752530251e+22 9.992179603001096903e+22 9.992247177770734033e+22 9.992306345572963031e+22 9.992357090340601489e+22 9.992399398384177670e+22 9.992433258354094532e+22 9.992458661209009711e+22 9.992475600190429777e+22 9.992484070803287258e+22 9.992484070803287258e+22
9.956256008549559173e+22 9.956256008549559173e+22 9.956260631157786070e+22 9.956269885094142516e+22 9.956283787739953470e+22 9.956302365021458504e+22 9.956325651235920989e+22 9.956353688821889289e+22 9.956386528074994077e+22 9.956424226811253096e+22 9.956466849980530819e+22 9.956514469232498442e+22 9.956567162438293651e+22 9.956625013171218809e+22 9.956688110149881666e+22 9.956756546647692725e+22 9.956830419872576333e+22 9.956909830321188792e+22 9.956994881111581105e+22 9.957085677299042563e+22 9.957182325179056076e+22 9.957284931582025951e+22 9.957393603163901972e+22 9.957508445697177603e+22 9.957629563366067405e+22 9.957757058070198878e+22 9.957891028740355391e+22 9.958031570670286642e+22 9.958178774867559580e+22 9.958332727426927716e+22 9.958493508929035698e+22 9.958661193867254248e+22 9.958835850104698988e+22 9.959017538363948060e+22 9.959206311751050697e+22 9.959402215315215902e+22 9.959605285645754932e+22 9.959815550507059406e+22 9.960033028512262652e+22 9.960257728836199986e+22 9.960489650967835732e+22 9.960728784501955625e+22 9.960975108970208507e+22 9.961228593710702055e+22 9.961489197775808627e+22 9.961756869877330608e+22 9.962031548367912934e+22 9.962313161257867280e+22 9.962601626266028841e+22 9.962896850903514900e+22 9.963198732588665537e+22 9.963507158792181645e+22 9.963822007210611415e+22 9.964143145966447152e+22 9.964470433833730179e+22 9.964803720486999556e+22 9.965142846772245797e+22 9.965487644997998923e+22 9.965837939245077810e+22 9.966193545693056362e+22 9.966554272962089216e+22 9.966919922468347131e+22 9.967290288791199783e+22 9.967665160051186310e+22 9.968044318296493575e+22 9.968427539897058014e+22 9.968814595944432114e+22 9.969205252656212633e+22 9.969599271783545753e+22 9.969996411020424040e+22 9.970396424413683017e+22 9.970799062772054858e+22 9.971204074073554420e+22 9.971611203869889004e+22 9.972020195686816416e+22 9.972430791419612470e+22 9.972842731722408093e+22 9.973255756390842394e+22 9.973669604737063636e+22 9.974084015956153703e+22 9.974498729483476088e+22 9.974913485342283032e+22 9.975328024480726175e+22 9.975742089097920066e+22 9.976155422958572012e+22 9.976567771695606137e+22 9.976978883100419293e+22 9.977388507400377886e+22 9.977796397523510336e+22 9.978202309349626767e+22 9.978606001948176312e+22 9.979007237802484669e+22 9.979405783020068248e+22 9.979801407529323541e+22 9.980193885262163896e+22 9.980582994323066742e+22 9.980968517144048094e+22 9.981350240626193465e+22 9.981727956267381136e+22 9.982101460276805108e+22 9.982470553676151783e+22 9.982835042387843088e+22 9.983194737310470190e+22 9.983549454381899317e+22 9.983899014630131892e+22 9.984243244212616901e+22 9.984581974443695066e+22 9.984915041811572353e+22 9.985242287984235617e+22 9.985563559805362320e+22 9.985878709280564891e+22 9.986187593554192866e+22 9.986490074877462892e+22 9.986786020568240384e+22 9.987075302963096951e+22 9.987357799361937198e+22 9.987633391966047175e+22 9.987901967809784263e+22 9.988163418686703744e+22 9.988417641070291478e+22 9.988664536030423443e+22 9.988904009145481639e+22 9.989135970411037380e+22 9.989360334145583474e+22 9.989577018893689422e+22 9.989785947327408426e+22 9.989987046146011719e+22 9.990180245975107161e+22 9.990365481265370287e+22 9.990542690191032084e+22 9.990711814549334812e+22 9.990872799661016272e+22 9.991025594272147990e+22 9.991170150458063847e+22 9.991306423529707982e+22 9.991434371942667046e+22 9.991553957209646825e+22 9.991665143816279137e+22 9.991767899141040819e+22 9.991862193379333479e+22 9.991947999472259170e+22 9.992025293040271544e+22 9.992094052321692379e+22 9.992154258117264566e+22 9.992205893739644296e+22 9.992248944969156185e+22 9.992283400015386876e+22 9.992309249484996267e+22 9.992326486355800071e+22 9.992335105957199190e+22 9.992335105957199190e+22
9.955860245373378993e+22 9.955860245373378993e+22 9.955864682629933354e+22 9.955873566647615121e+22 9.955886916372954454e+22 9.955904760069814118e+22 9.955927135133466047e+22 9.955954087844774937e+22 9.955985673066193407e+22 9.956021953881759862e+22 9.956063001183580376e+22 9.956108893207757482e+22 9.956159715022878015e+22 9.956215557974818134e+22 9.956276519091420581e+22 9.956342700451381117e+22 9.956414208521333742e+22 9.956491153465882653e+22 9.956573648434728272e+22 9.956661808832007740e+22 9.956755751572092853e+22 9.956855594326798054e+22 9.956961454768419294e+22 9.957073449813445653e+22 9.957191694871080993e+22 9.957316303100919257e+22 9.957447384684029805e+22 9.957585046111138716e+22 9.957729389491625604e+22 9.957880511886709804e+22 9.958038504669904581e+22 9.958203452917485771e+22 9.958375434831637407e+22 9.958554521198193646e+22 9.958740774881381161e+22 9.958934250356347188e+22 9.959134993281526740e+22 9.959343040111392588e+22 9.959558417750379882e+22 9.959781143248482022e+22 9.960011223538593274e+22 9.960248655215502505e+22 9.960493424356423945e+22 9.960745506382241228e+22 9.961004865959085526e+22 9.961271456939044871e+22 9.961545222339263096e+22 9.961826094358034226e+22 9.962113994426637353e+22 9.962408833295647035e+22 9.962710511153954213e+22 9.963018917779231002e+22 9.963333932717914980e+22 9.963655425493238284e+22 9.963983255839466062e+22 9.964317273960703486e+22 9.964657320812343617e+22 9.965003228403604233e+22 9.965354820119178930e+22 9.965711911058516056e+22 9.966074308390678639e+22 9.966441811723327373e+22 9.966814213484019764e+22 9.967191299312323867e+22 9.967572848460862534e+22 9.967958634204152359e+22 9.968348424253286121e+22 9.968741981175306152e+22 9.969139062815636167e+22 9.969539422722370358e+22 9.969942810571149672e+22 9.970348972589018042e+22 9.970757651976535461e+22 9.971168589326725205e+22 9.971581523039724398e+22 9.971996189732377933e+22 9.972412324641577841e+22 9.972829662020438799e+22 9.973247935526596719e+22 9.973666878601880509e+22 9.974086224842199348e+22 9.974505708357575036e+22 9.974925064121202036e+22 9.975344028307236585e+22 9.975762338616672308e+22 9.976179734590876182e+22 9.976595957912373821e+22 9.977010752692607255e+22 9.977423865746150130e+22 9.977835046851331700e+22 9.978244048997001147e+22 9.978650628615160463e+22 9.979054545799559827e+22 9.979455564509899810e+22 9.979853452761928984e+22 9.980247982803302692e+22 9.980638931274989935e+22 9.981026079358956496e+22 9.981409212911574005e+22 9.981788122583511597e+22 9.982162603925668941e+22 9.982532457482100199e+22 9.982897488869650439e+22 9.983257508844775932e+22 9.983612333358056682e+22 9.983961783596406224e+22 9.984305686013591054e+22 9.984643872349512689e+22 9.984976179638374813e+22 9.985302450206512303e+22 9.985622531660185810e+22 9.985936276863724395e+22 9.986243543908751088e+22 9.986544196074751394e+22 9.986838101781748122e+22 9.987125134535330837e+22 9.987405172864675794e+22 9.987678100254522710e+22 9.987943805070702386e+22 9.988202180480741881e+22 9.988453124369698259e+22 9.988696539251477578e+22 9.988932332176862190e+22 9.989160414638159115e+22 9.989380702471403969e+22 9.989593115756583505e+22 9.989797578716120036e+22 9.989994019612817306e+22 9.990182370647061456e+22 9.990362567854124329e+22 9.990534551002157993e+22 9.990698263491148933e+22 9.990853652253402307e+22 9.991000667656037807e+22 9.991139263405790698e+22 9.991269396456918326e+22 9.991391026921997337e+22 9.991504117986576302e+22 9.991608635827759245e+22 9.991704549537084133e+22 9.991791831048117446e+22 9.991870455068940986e+22 9.991940399019987252e+22 9.992001642977152939e+22 9.992054169620859952e+22 9.992097964190897852e+22 9.992133014447435284e+22 9.992159310638192001e+22 9.992176845472216069e+22 9.992185614100006227e+22 9.992185614100006227e+22
9.955485031962672890e+22 9.955485031962672890e+22 9.955489264995087575e+22 9.955497741410464327e+22 9.955510481842804149e+22 9.955527517076040188e+22 9.955548887844872048e+22 9.955574644571371890e+22 9.955604847039331959e+22 9.955639564008620137e+22 9.955678872772325199e+22 9.955722858659605958e+22 9.955771614488044346e+22 9.955825239969166577e+22 9.955883841071066644e+22 9.955947529342900240e+22 9.956016421205601105e+22 9.956090637213550982e+22 9.956170301292249770e+22 9.956255539956993858e+22 9.956346481517402889e+22 9.956443255273046200e+22 9.956545990705015895e+22 9.956654816668395818e+22 9.956769860590312305e+22 9.956891247678193874e+22 9.957019100142628766e+22 9.957153536438937479e+22 9.957294670531218375e+22 9.957442611182723452e+22 9.957597461275481840e+22 9.957759317162415725e+22 9.957928268054498850e+22 9.958104395445064801e+22 9.958287772573521622e+22 9.958478463929944113e+22 9.958676524801753455e+22 9.958882000863571319e+22 9.959094927811055452e+22 9.959315331038770417e+22 9.959543225362398839e+22 9.959778614785325033e+22 9.960021492308787384e+22 9.960271839785290773e+22 9.960529627814393230e+22 9.960794815679870219e+22 9.961067351327080500e+22 9.961347171379260162e+22 9.961634201191307018e+22 9.961928354939632668e+22 9.962229535746206518e+22 9.962537635835463021e+22 9.962852536721931344e+22 9.963174109427131220e+22 9.963502214723829078e+22 9.963836703405423093e+22 9.964177416579262605e+22 9.964524185981590018e+22 9.964876834312224453e+22 9.965235175587472160e+22 9.965599015509185004e+22 9.965968151848274205e+22 9.966342374840875771e+22 9.966721467595657681e+22 9.967105206510250518e+22 9.967493361695558363e+22 9.967885697406112838e+22 9.968281972475009014e+22 9.968681940752156485e+22 9.969085351544055503e+22 9.969491950054252583e+22 9.969901477822596540e+22 9.970313673162563466e+22 9.970728271595229623e+22 9.971145006278899034e+22 9.971563608433127483e+22 9.971983807756416477e+22 9.972405332836458116e+22 9.972827911552164168e+22 9.973251271466606920e+22 9.973675140210101741e+22 9.974099245852778719e+22 9.974523317266047776e+22 9.974947084472329804e+22 9.975370278982312264e+22 9.975792634119848355e+22 9.976213885333281754e+22 9.976633770493602903e+22 9.977052030178618140e+22 9.977468407942928663e+22 9.977882650573860241e+22 9.978294508332670937e+22 9.978703735181447843e+22 9.979110088995030172e+22 9.979513331758534125e+22 9.979913229750123889e+22 9.980309553709058936e+22 9.980702078989477347e+22 9.981090585699584626e+22 9.981474858826786564e+22 9.981854688348782933e+22 9.982229869330950835e+22 9.982600202010193874e+22 9.982965491865696705e+22 9.983325549676913807e+22 9.983680191568794144e+22 9.984029239045426197e+22 9.984372519011496021e+22 9.984709863782819981e+22 9.985041111086096450e+22 9.985366104048201944e+22 9.985684691175670913e+22 9.985996726325058784e+22 9.986302068664257059e+22 9.986600582625798966e+22 9.986892137852113728e+22 9.987176609133981021e+22 9.987453876341960815e+22 9.987723824352187751e+22 9.987986342966343814e+22 9.988241326826782405e+22 9.988488675327372532e+22 9.988728292520569812e+22 9.988960087021071630e+22 9.989183971907006051e+22 9.989399864618949752e+22 9.989607686857285016e+22 9.989807364478744710e+22 9.989998827392125108e+22 9.990182009454466800e+22 9.990356848367440285e+22 9.990523285574932811e+22 9.990681266161864986e+22 9.990830738755555846e+22 9.990971655428842822e+22 9.991103971606701434e+22 9.991227645975492297e+22 9.991342640396424236e+22 9.991448919822762089e+22 9.991546452221540853e+22 9.991635208499873448e+22 9.991715162436414105e+22 9.991786290618172021e+22 9.991848572382618216e+22 9.991901989766062041e+22 9.991946527457507122e+22 9.991982172759228259e+22 9.992008915553267325e+22 9.992026748274791049e+22 9.992035665891861044e+22 9.992035665891861044e+22
9.955131207475348583e+22 9.955131207475348583e+22 9.955135216656072678e+22 9.955143246278827809e+22 9.955155318794283804e+22 9.955171467699226149e+22 9.955191737322827678e+22 9.955216182544086702e+22 9.955244868442570673e+22 9.955277869884669900e+22 9.955315271048634565e+22 9.955357164891440100e+22 9.955403652561579593e+22 9.955454842761541321e+22 9.955510851064934118e+22 9.955571799192290460e+22 9.955637814251249834e+22 9.955709027945689173e+22 9.955785575759564977e+22 9.955867596120465080e+22 9.955955229548555849e+22 9.956048617796268353e+22 9.956147902984162692e+22 9.956253226737981823e+22 9.956364729332372655e+22 9.956482548845804257e+22 9.956606820331702924e+22 9.956737675010008469e+22 9.956875239483268871e+22 9.957019634981239416e+22 9.957170976637241105e+22 9.957329372799635449e+22 9.957494924380952383e+22 9.957667724247056987e+22 9.957847856648655208e+22 9.958035396696452209e+22 9.958230409881505183e+22 9.958432951641565875e+22 9.958643066974214763e+22 9.958860790097090550e+22 9.959086144155008631e+22 9.959319140974097701e+22 9.959559780862199543e+22 9.959808052454943097e+22 9.960063932606402318e+22 9.960327386323515710e+22 9.960598366742576418e+22 9.960876815146771127e+22 9.961162661022934027e+22 9.961455822155920336e+22 9.961756204758990429e+22 9.962063703638169512e+22 9.962378202388834655e+22 9.962699573622606502e+22 9.963027679222576028e+22 9.963362370624915138e+22 9.963703489124815916e+22 9.964050866205114342e+22 9.964404323885085255e+22 9.964763675088130146e+22 9.965128724025963656e+22 9.965499266597728446e+22 9.965875090801964771e+22 9.966255977160003656e+22 9.966641699148716730e+22 9.967032023641065783e+22 9.967426711352973984e+22 9.967825517294678285e+22 9.968228191225222529e+22 9.968634478108697061e+22 9.969044118570689731e+22 9.969456849353622893e+22 9.969872403769862390e+22 9.970290512151311706e+22 9.970710902294243076e+22 9.971133299898414268e+22 9.971557428999561727e+22 9.971983012394000030e+22 9.972409772054737112e+22 9.972837429538100294e+22 9.973265706380259072e+22 9.973694324482716887e+22 9.974123006486364186e+22 9.974551476133302580e+22 9.974979458616010578e+22 9.975406680913406329e+22 9.975832872113292286e+22 9.976257763720784196e+22 9.976681089952707615e+22 9.977102588017118072e+22 9.977521998378404571e+22 9.977939065007374126e+22 9.978353535616255263e+22 9.978765161878781533e+22 9.979173699634985959e+22 9.979578909080979872e+22 9.979980554943878870e+22 9.980378406641500108e+22 9.980772238427557357e+22 9.981161829522046819e+22 9.981546964227476318e+22 9.981927432030739916e+22 9.982303027691325804e+22 9.982673551315860822e+22 9.983038808419627486e+22 9.983398609975060201e+22 9.983752772448022639e+22 9.984101117821970285e+22 9.984443473610590388e+22 9.984779672859397482e+22 9.985109554136596506e+22 9.985432961514122877e+22 9.985749744538810843e+22 9.986059758194562538e+22 9.986362862856244193e+22 9.986658924235359833e+22 9.986947813318366488e+22 9.987229406298463063e+22 9.987503584500661617e+22 9.987770234301563745e+22 9.988029247043937711e+22 9.988280518946725455e+22 9.988523951011261317e+22 9.988759448923892036e+22 9.988986922956283183e+22 9.989206287862970764e+22 9.989417462777636087e+22 9.989620371108248158e+22 9.989814940431524928e+22 9.990001102387490167e+22 9.990178792574575601e+22 9.990347950445550161e+22 9.990508519205143734e+22 9.990660445709607004e+22 9.990803680368635203e+22 9.990938177050378869e+22 9.991063892989373841e+22 9.991180788698574959e+22 9.991288827885362610e+22 9.991387977371892895e+22 9.991478207020192393e+22 9.991559489662646800e+22 9.991631801037712314e+22 9.991695119731047740e+22 9.991749427122971607e+22 9.991794707341779560e+22 9.991830947223428714e+22 9.991858136277644319e+22 9.991876266660722219e+22 9.991885333154956627e+22 9.991885333154956627e+22
9.954799617197967042e+22 9.954799617197967042e+22 9.954803382099070734e+22 9.954810924141996986e+22 9.954822267730919424e+22 9.954837449279572384e+22 9.954856516981664776e+22 9.954879530507449034e+22 9.954906560628527202e+22 9.954937688773610386e+22 9.954973006518385692e+22 9.955012615013208477e+22 9.955056624352616251e+22 9.955105152891217563e+22 9.955158326510660197e+22 9.955216277842888019e+22 9.955279145455097112e+22 9.955347073001816955e+22 9.955420208350102762e+22 9.955498702683378811e+22 9.955582709590054771e+22 9.955672384142644452e+22 9.955767881973300933e+22 9.955869358351182096e+22 9.955976967267444746e+22 9.956090860532929030e+22 9.956211186893739105e+22 9.956338091169174415e+22 9.956471713416660543e+22 9.956612188127682678e+22 9.956759643458182840e+22 9.956914200496964213e+22 9.957075972574857396e+22 9.957245064617029272e+22 9.957421572540790001e+22 9.957605582700340996e+22 9.957797171379770805e+22 9.957996404335506883e+22 9.958203336388444684e+22 9.958418011066242328e+22 9.958640460295686849e+22 9.958870704144729401e+22 9.959108750613566980e+22 9.959354595474059297e+22 9.959608222156081594e+22 9.959869601680081918e+22 9.960138692633822862e+22 9.960415441192128348e+22 9.960699781177806737e+22 9.960991634161923208e+22 9.961290909601448434e+22 9.961597505012622583e+22 9.961911306177647267e+22 9.962232187382831409e+22 9.962560011686224750e+22 9.962894631212378436e+22 9.963235887472561671e+22 9.963583611707830619e+22 9.963937625253439603e+22 9.964297739922244108e+22 9.964663758405164545e+22 9.965035474686861902e+22 9.965412674474682509e+22 9.965795135638960970e+22 9.966182628662953221e+22 9.966574917100604542e+22 9.966971758040719766e+22 9.967372902575299258e+22 9.967778096271428315e+22 9.968187079644179910e+22 9.968599588630024107e+22 9.969015355058747657e+22 9.969434107122845273e+22 9.969855569843253464e+22 9.970279465529947193e+22 9.970705514236674572e+22 9.971133434208395146e+22 9.971562942320812753e+22 9.971993754510945996e+22 9.972425586197694461e+22 9.972858152692135598e+22 9.973291169596176545e+22 9.973724353189440075e+22 9.974157420803549194e+22 9.974590091183251679e+22 9.975022084833968495e+22 9.975453124355405382e+22 9.975882934760516249e+22 9.976311243780217687e+22 9.976737782152606358e+22 9.977162283897420828e+22 9.977584486574895556e+22 9.978004131529260374e+22 9.978420964116739496e+22 9.978834733917956106e+22 9.979245194934807953e+22 9.979652105771973345e+22 9.980055229802975383e+22 9.980454335321133285e+22 9.980849195675504817e+22 9.981239589391979197e+22 9.981625300279939931e+22 9.982006117524630091e+22 9.982381835765711634e+22 9.982752255162107665e+22 9.983117181443904425e+22 9.983476425951247598e+22 9.983829805661175782e+22 9.984177143202377735e+22 9.984518266858564590e+22 9.984853010561243913e+22 9.985181213871623792e+22 9.985502721953106598e+22 9.985817385534291863e+22 9.986125060863194615e+22 9.986425609653353605e+22 9.986718899022393141e+22 9.987004801423352267e+22 9.987283194569831534e+22 9.987553961355192251e+22 9.987816989766445747e+22 9.988072172793554063e+22 9.988319408334798062e+22 9.988558599098421006e+22 9.988789652501582735e+22 9.989012480567023763e+22 9.989226999817862067e+22 9.989433131171438605e+22 9.989630799832340759e+22 9.989819935185596894e+22 9.990000470690149433e+22 9.990172343773460378e+22 9.990335495727581495e+22 9.990489871607163938e+22 9.990635420129935806e+22 9.990772093580181137e+22 9.990899847715451883e+22 9.991018641677022868e+22 9.991128437904633338e+22 9.991229202055511723e+22 9.991320902928483903e+22 9.991403512393057593e+22 9.991477005324192527e+22 9.991541359542531627e+22 9.991596555761019257e+22 9.991642577537255604e+22 9.991679411232754893e+22 9.991707045978295396e+22 9.991725473646414869e+22 9.991734688830378633e+22 9.991734688830378633e+22
9.954491111931654439e+22 9.954491111931654439e+22 9.954494611277012271e+22 9.954501623260670172e+22 9.954512174385540891e+22 9.954526304198891405e+22 9.954544065045503096e+22 9.954565521741527699e+22 9.954590751170961709e+22 9.954619841808114804e+22 9.954652893169258280e+22 9.954690015197443129e+22 9.954731327585067939e+22 9.954776959038723090e+22 9.954827046491867893e+22 9.954881734270652305e+22 9.954941173218872708e+22 9.955005519788062959e+22 9.955074935098908135e+22 9.955149583980401630e+22 9.955229633993000144e+22 9.955315254442240822e+22 9.955406615388972751e+22 9.955503886662395285e+22 9.955607236881761803e+22 9.955716832492594083e+22 9.955832836822531047e+22 9.955955409162051414e+22 9.956084703874831614e+22 9.956220869541740360e+22 9.956364048142632275e+22 9.956514374279294353e+22 9.956671974442496374e+22 9.956836966325784307e+22 9.957009458188122273e+22 9.957189548267194968e+22 9.957377324244347021e+22 9.957572862762467879e+22 9.957776228997100732e+22 9.957987476280810720e+22 9.958206645780949972e+22 9.958433766230223906e+22 9.958668853708969948e+22 9.958911911478771161e+22 9.959162929865564357e+22 9.959421886191241055e+22 9.959688744751855567e+22 9.959963456840918473e+22 9.960245960815631401e+22 9.960536182204418910e+22 9.960834033853457341e+22 9.961139416110101797e+22 9.961452217041161080e+22 9.961772312683814375e+22 9.962099567326842690e+22 9.962433833820092996e+22 9.962774953909905103e+22 9.963122758598330312e+22 9.963477068524068169e+22 9.963837694362894991e+22 9.964204437245540696e+22 9.964577089191056035e+22 9.964955433553564690e+22 9.965339245480655402e+22 9.965728292381367311e+22 9.966122334402146153e+22 9.966521124908826834e+22 9.966924410973278385e+22 9.967331933862770193e+22 9.967743429530802874e+22 9.968158629107754598e+22 9.968577259390091290e+22 9.968999043326630743e+22 9.969423700500869127e+22 9.969850947607928714e+22 9.970280498925111817e+22 9.970712066774955301e+22 9.971145361979983738e+22 9.971580094307973359e+22 9.972015972906983594e+22 9.972452706729476699e+22 9.972890004944602740e+22 9.973327577338072793e+22 9.973765134699125434e+22 9.974202389193769458e+22 9.974639054724083063e+22 9.975074847273035969e+22 9.975509485234403305e+22 9.975942689727556511e+22 9.976374184896815851e+22 9.976803698195094412e+22 9.977230960651892320e+22 9.977655707125206640e+22 9.978077676537603582e+22 9.978496612096177865e+22 9.978912261496649233e+22 9.979324377111535708e+22 9.979732716162614978e+22 9.980137040877630312e+22 9.980537118631714095e+22 9.980932722073614575e+22 9.981323629236945578e+22 9.981709623636846759e+22 9.982090494352369805e+22 9.982466036094981479e+22 9.982836049263564371e+22 9.983200339986101567e+22 9.983558720149078724e+22 9.983911007414341809e+22 9.984257025224457427e+22 9.984596602796889447e+22 9.984929575107423109e+22 9.985255782863412081e+22 9.985575072467814816e+22 9.985887295973677964e+22 9.986192311030779793e+22 9.986489980824081295e+22 9.986780174005150994e+22 9.987062764616753034e+22 9.987337632011739411e+22 9.987604660766268142e+22 9.987863740588295297e+22 9.988114766222035465e+22 9.988357637348600368e+22 9.988592258483768577e+22 9.988818538873404732e+22 9.989036392387088640e+22 9.989245737410363602e+22 9.989446496736570350e+22 9.989638597458326979e+22 9.989821970859752109e+22 9.989996552309362498e+22 9.990162281154639980e+22 9.990319100618729115e+22 9.990466957699121257e+22 9.990605803069866875e+22 9.990735590986738985e+22 9.990856279196392908e+22 9.990967828849606263e+22 9.991070204419209848e+22 9.991163373622751396e+22 9.991247307350764578e+22 9.991321979600099711e+22 9.991387367413554296e+22 9.991443450825229625e+22 9.991490212812537882e+22 9.991527639254388284e+22 9.991555718896256916e+22 9.991574443322101675e+22 9.991583806932939440e+22 9.991583806932939440e+22
9.954206547412397326e+22 9.954206547412397326e+22 9.954209759026844847e+22 9.954216196678404486e+22 9.954225889123058372e+22 9.954238879271895224e+22 9.954255223925461588e+22 9.954274993422673432e+22 9.954298271206633531e+22 9.954325153310747027e+22 9.954355747768708681e+22 9.954390173952733977e+22 9.954428561844783704e+22 9.954471051246060123e+22 9.954517790930467239e+22 9.954568937747908867e+22 9.954624655684155526e+22 9.954685114883403835e+22 9.954750490640537931e+22 9.954820962370154450e+22 9.954896712558677747e+22 9.954977925707125175e+22 9.955064787270882663e+22 9.955157482603233359e+22 9.955256195909018033e+22 9.955361109214641521e+22 9.955472401360107654e+22 9.955590247018441317e+22 9.955714815747839492e+22 9.955846271080587906e+22 9.955984769653306661e+22 9.956130460381989359e+22 9.956283483684823735e+22 9.956443970755655998e+22 9.956612042890289978e+22 9.956787810867068954e+22 9.956971374383270252e+22 9.957162821548049118e+22 9.957362228432248976e+22 9.957569658675177036e+22 9.957785163148284867e+22 9.958008779674482219e+22 9.958240532802936452e+22 9.958480433637535567e+22 9.958728479717947815e+22 9.958984654951590081e+22 9.959248929594456565e+22 9.959521260279443751e+22 9.959801590089435316e+22 9.960089848673467577e+22 9.960385952403527670e+22 9.960689804569848735e+22 9.961001295612118408e+22 9.961320303384589029e+22 9.961646693452457234e+22 9.961980319417398985e+22 9.962321023269679713e+22 9.962668635764827986e+22 9.963022976822354431e+22 9.963383855944445618e+22 9.963751072652507218e+22 9.964124416939236157e+22 9.964503669734433305e+22 9.964888603382291785e+22 9.965278982128508338e+22 9.965674562615233007e+22 9.966075094381984796e+22 9.966480320370890821e+22 9.966889977434797716e+22 9.967303796846352767e+22 9.967721504806724331e+22 9.968142822952569038e+22 9.968567468859868368e+22 9.968995156543213561e+22 9.969425596949577544e+22 9.969858498445255167e+22 9.970293567294835943e+22 9.970730508131514712e+22 9.971169024417439993e+22 9.971608818893469201e+22 9.972049594017451606e+22 9.972491052390319286e+22 9.972932897169262982e+22 9.973374832467491212e+22 9.973816563739849549e+22 9.974257798154028266e+22 9.974698244946714113e+22 9.975137615764578841e+22 9.975575624989349511e+22 9.976011990047242427e+22 9.976446431702148343e+22 9.976878674332557194e+22 9.977308446192093155e+22 9.977735479653713733e+22 9.978159511437255796e+22 9.978580282820857011e+22 9.978997539835759454e+22 9.979411033445139638e+22 9.979820519706738452e+22 9.980225759919764144e+22 9.980626520756118671e+22 9.981022574376366847e+22 9.981413698530691567e+22 9.981799676645150504e+22 9.982180297893636945e+22 9.982555357256116863e+22 9.982924655563164038e+22 9.983287999527766301e+22 9.983645201764350899e+22 9.983996080796099360e+22 9.984340461050541795e+22 9.984678172844318156e+22 9.985009052357482250e+22 9.985332941598138722e+22 9.985649688357592524e+22 9.985959146157133267e+22 9.986261174186630604e+22 9.986555637235722486e+22 9.986842405618230441e+22 9.987121355090377363e+22 9.987392366763391635e+22 9.987655327011257608e+22 9.987910127374214732e+22 9.988156664458194924e+22 9.988394839831647722e+22 9.988624559919558610e+22 9.988845735895794660e+22 9.989058283573899952e+22 9.989262123297552099e+22 9.989457179830584240e+22 9.989643382247436530e+22 9.989820663824917935e+22 9.989988961934909217e+22 9.990148217939547285e+22 9.990298377088634192e+22 9.990439388420104625e+22 9.990571204663771660e+22 9.990693782149214817e+22 9.990807080717449691e+22 9.990911063637731416e+22 9.991005697528985289e+22 9.991090952286740310e+22 9.991166801015600893e+22 9.991233219967801990e+22 9.991290188487708377e+22 9.991337688962952698e+22 9.991375706782076345e+22 9.991404230298948338e+22 9.991423250804230639e+22 9.991432762503603002e+22 9.991432762503603002e+22
9.953946783769739185e+22 9.953946783769739185e+22 9.953949684525031857e+22 9.953955501670522893e+22 9.953964266379710720e+22 9.953976025172753462e+22 9.953990839630365406e+22 9.954008786015564595e+22 9.954029954806148864e+22 9.954054450141131597e+22 9.954082389185437211e+22 9.954113901417391247e+22 9.954149127844115408e+22 9.954188220150622401e+22 9.954231339788948996e+22 9.954278657013533219e+22 9.954330349870106909e+22 9.954386603145047730e+22 9.954447607282550807e+22 9.954513557277439846e+22 9.954584651550511491e+22 9.954661090814583426e+22 9.954743076938064488e+22 9.954830811813561290e+22 9.954924496238358089e+22 9.955024328813235824e+22 9.955130504866109692e+22 9.955243215406072070e+22 9.955362646113373913e+22 9.955488976369995271e+22 9.955622378335281086e+22 9.955763016070544648e+22 9.955911044715505936e+22 9.956066609719784400e+22 9.956229846131390651e+22 9.956400877943784053e+22 9.956579817503033026e+22 9.956766764975588062e+22 9.956961807876860412e+22 9.957165020660853060e+22 9.957376464370021905e+22 9.957596186344628945e+22 9.957824219990547287e+22 9.958060584604192578e+22 9.958305285252545774e+22 9.958558312706866361e+22 9.958819643428049204e+22 9.959089239601115143e+22 9.959367049216902614e+22 9.959653006198596384e+22 9.959947030570444259e+22 9.960249028666353254e+22 9.960558893375945913e+22 9.960876504425278367e+22 9.961201728690086058e+22 9.961534420538745265e+22 9.961874422202729130e+22 9.962221564171924170e+22 9.962575665612695011e+22 9.962936534806105267e+22 9.963303969604246071e+22 9.963677757902315061e+22 9.964057678124461064e+22 9.964443499721164797e+22 9.964834983676383907e+22 9.965231883022335004e+22 9.965633943360258441e+22 9.966040903385196213e+22 9.966452495413316629e+22 9.966868445910126507e+22 9.967288476017839466e+22 9.967712302080752773e+22 9.968139636167043921e+22 9.968570186585674980e+22 9.969003658397411495e+22 9.969439753918467801e+22 9.969878173215961697e+22 9.970318614593933620e+22 9.970760775069240761e+22 9.971204350836249041e+22 9.971649037719635073e+22 9.972094531614392136e+22 9.972540528912550278e+22 9.972986726915979713e+22 9.973432824234561136e+22 9.973878521169373980e+22 9.974323520080426146e+22 9.974767525738628252e+22 9.975210245661510756e+22 9.975651390432678930e+22 9.976090674004591274e+22 9.976527813984570783e+22 9.976962531904007124e+22 9.977394553470654087e+22 9.977823608803946817e+22 9.978249432653550217e+22 9.978671764601091549e+22 9.979090349245184606e+22 9.979504936370094421e+22 9.979915281098019019e+22 9.980321144025469734e+22 9.980722291343840667e+22 9.981118494944662231e+22 9.981509532509745132e+22 9.981895187586669452e+22 9.982275249650130538e+22 9.982649514149285986e+22 9.983017782542051626e+22 9.983379862316245844e+22 9.983735566998790210e+22 9.984084716152691255e+22 9.984427135363222759e+22 9.984762656213125667e+22 9.985091116247889320e+22 9.985412358931585434e+22 9.985726233593660834e+22 9.986032595367697265e+22 9.986331305122361403e+22 9.986622229385533247e+22 9.986905240261945092e+22 9.987180215345109533e+22 9.987447037624269668e+22 9.987705595386715439e+22 9.987955782116499574e+22 9.988197496389771251e+22 9.988430641767653573e+22 9.988655126687111132e+22 9.988870864350510632e+22 9.989077772614443309e+22 9.989275773878208456e+22 9.989464794972981454e+22 9.989644767051558945e+22 9.989815625479974656e+22 9.989977309730814768e+22 9.990129763279229367e+22 9.990272933501804426e+22 9.990406771578951959e+22 9.990531232401123705e+22 9.990646274479477490e+22 9.990751859860897268e+22 9.990847954048687224e+22 9.990934525927926582e+22 9.991011547697110843e+22 9.991078994805554309e+22 9.991136845897115946e+22 9.991185082760548896e+22 9.991223690286297462e+22 9.991252656430558636e+22 9.991271972186064578e+22 9.991281631560143051e+22 9.991281631560143051e+22
9.953712685029174909e+22 9.953712685029174909e+22 9.953715250786249317e+22 9.953720399235534710e+22 9.953728164143518712e+22 9.953738595901046050e+22 9.953751761215070772e+22 9.953767742700766888e+22 9.953786638377708578e+22 9.953808561073200248e+22 9.953833637737655383e+22 9.953862008676787264e+22 9.953893826706263769e+22 9.953929256235196586e+22 9.953968472285105252e+22 9.954011659451541697e+22 9.954059010815693527e+22 9.954110726814319405e+22 9.954167014075435424e+22 9.954228084228208198e+22 9.954294152695416409e+22 9.954365437476200042e+22 9.954442157927526144e+22 9.954524533551905794e+22 9.954612782799004264e+22 9.954707121888190844e+22 9.954807763658786157e+22 9.954914916454263213e+22 9.955028783046123219e+22 9.955149559602450792e+22 9.955277434706025723e+22 9.955412588425625207e+22 9.955555191444189112e+22 9.955705404246473887e+22 9.955863376368443274e+22 9.956029245710159105e+22 9.956203137913039566e+22 9.956385165802419415e+22 9.956575428895242715e+22 9.956774012972852838e+22 9.956980989718052628e+22 9.957196416415349237e+22 9.957420335713111926e+22 9.957652775446171458e+22 9.957893748516465305e+22 9.958143252830304285e+22 9.958401271289411849e+22 9.958667771833905630e+22 9.958942707534172835e+22 9.959226016729481924e+22 9.959517623210543887e+22 9.959817436443327018e+22 9.960125351831429081e+22 9.960441251014404735e+22 9.960765002199427606e+22 9.961096460523357707e+22 9.961435468443029812e+22 9.961781856150821745e+22 9.962135442013423875e+22 9.962496033030904008e+22 9.962863425314188637e+22 9.963237404578324834e+22 9.963617746649497784e+22 9.964004217983565876e+22 9.964396576194212502e+22 9.964794570588572090e+22 9.965197942708609063e+22 9.965606426876285079e+22 9.966019750740888859e+22 9.966437635826998523e+22 9.966859798081128576e+22 9.967285948416090178e+22 9.967715793251336611e+22 9.968149035048017225e+22 9.968585372837474835e+22 9.969024502742285654e+22 9.969466118488254631e+22 9.969909911906758846e+22 9.970355573426370275e+22 9.970802792552734497e+22 9.971251258336022521e+22 9.971700659825390335e+22 9.972150686509156008e+22 9.972601028740961115e+22 9.973051378150508855e+22 9.973501428038971163e+22 9.973950873758420540e+22 9.974399413074895726e+22 9.974846746514767321e+22 9.975292577694366459e+22 9.975736613632373214e+22 9.976178565045018427e+22 9.976618146623961380e+22 9.977055077296715805e+22 9.977489080469780274e+22 9.977919884254402472e+22 9.978347221675024371e+22 9.978770830860831058e+22 9.979190455220131437e+22 9.979605843598290557e+22 9.980016750419069266e+22 9.980422935809908068e+22 9.980824165711341421e+22 9.981220211971141403e+22 9.981610852423214249e+22 9.981995870952036604e+22 9.982375057542933486e+22 9.982748208318627447e+22 9.983115125562716612e+22 9.983475617730380222e+22 9.983829499447180735e+22 9.984176591496229264e+22 9.984516720794496139e+22 9.984849720358612238e+22 9.985175429261285130e+22 9.985493692578252875e+22 9.985804361327080741e+22 9.986107292397861234e+22 9.986402348476941520e+22 9.986689397964035588e+22 9.986968314883410703e+22 9.987238978790002105e+22 9.987501274670729422e+22 9.987755092842016408e+22 9.988000328843948510e+22 9.988236883331930653e+22 9.988464661966073364e+22 9.988683575299273654e+22 9.988893538664628145e+22 9.989094472062302631e+22 9.989286300047188479e+22 9.989468951617000283e+22 9.989642360102416967e+22 9.989806463058660714e+22 9.989961202160065577e+22 9.990106523097364011e+22 9.990242375478639224e+22 9.990368712734010455e+22 9.990485492024905145e+22 9.990592674158025376e+22 9.990690223504172987e+22 9.990778107923114492e+22 9.990856298693695583e+22 9.990924770450362860e+22 9.990983501126107870e+22 9.991032471901739522e+22 9.991071667162280100e+22 9.991101074460231546e+22 9.991120684485928446e+22 9.991130491045437401e+22 9.991130491045437401e+22
9.953505118663078419e+22 9.953505118663078419e+22 9.953507324210162801e+22 9.953511753633797400e+22 9.953518443480818595e+22 9.953527448292403708e+22 9.953538840271355327e+22 9.953552708842273164e+22 9.953569160108099764e+22 9.953588316206657228e+22 9.953610314572234962e+22 9.953635307107721308e+22 9.953663459273058812e+22 9.953694949097421878e+22 9.953729966121867962e+22 9.953768710280434837e+22 9.953811390728265479e+22 9.953858224624650892e+22 9.953909435880444841e+22 9.953965253878227350e+22 9.954025912174442761e+22 9.954091647192439508e+22 9.954162696914961275e+22 9.954239299584630823e+22 9.954321692420716102e+22 9.954410110359706586e+22 9.954504784827011354e+22 9.954605942546597151e+22 9.954713804394403253e+22 9.954828584301366555e+22 9.954950488210564920e+22 9.955079713092768734e+22 9.955216446023989304e+22 9.955360863327768858e+22 9.955513129784314325e+22 9.955673397908286839e+22 9.955841807296095899e+22 9.956018484043235040e+22 9.956203540231551661e+22 9.956397073485835272e+22 9.956599166599262791e+22 9.956809887225628905e+22 9.957029287637522632e+22 9.957257404547988875e+22 9.957494258993780805e+22 9.957739856277696571e+22 9.957994185967743795e+22 9.958257221950130409e+22 9.958528922533459552e+22 9.958809230601588467e+22 9.959098073811884861e+22 9.959395364836097393e+22 9.959701001641246536e+22 9.960014867807262579e+22 9.960336832878750151e+22 9.960666752748173132e+22 9.961004470067357811e+22 9.961349814685081272e+22 9.961702604107911319e+22 9.962062643981633716e+22 9.962429728591146123e+22 9.962803641376152800e+22 9.963184155460561273e+22 9.963571034193284144e+22 9.963964031698330452e+22 9.964362893432312562e+22 9.964767356747232838e+22 9.965177151456872392e+22 9.965592000404946472e+22 9.966011620033217901e+22 9.966435720948467997e+22 9.966864008486115397e+22 9.967296183269694269e+22 9.967731941764455465e+22 9.968170976824035325e+22 9.968612978228880160e+22 9.969057633215488564e+22 9.969504626995209909e+22 9.969953643261849082e+22 9.970404364687084251e+22 9.970856473402845377e+22 9.971309651470094801e+22 9.971763581333112304e+22 9.972217946258747792e+22 9.972672430760104716e+22 9.973126721004256625e+22 9.973580505203339166e+22 9.974033473988910173e+22 9.974485320769025868e+22 9.974935742068039877e+22 9.975384437848784503e+22 9.975831111816818826e+22 9.976275471707097635e+22 9.976717229552611570e+22 9.977156101935203143e+22 9.977591810218625755e+22 9.978024080763828935e+22 9.978452645126706351e+22 9.978877240238573355e+22 9.979297608569375739e+22 9.979713498274245430e+22 9.980124663323277289e+22 9.980530863615323931e+22 9.980931865075805218e+22 9.981327439739195123e+22 9.981717365816551696e+22 9.982101427748496160e+22 9.982479416244211548e+22 9.982851128306917232e+22 9.983216367246515582e+22 9.983574942679732899e+22 9.983926670518413951e+22 9.984271372946852597e+22 9.984608878388361508e+22 9.984939021461762133e+22 9.985261642928820008e+22 9.985576589632883760e+22 9.985883714429335162e+22 9.986182876108964233e+22 9.986473939314381790e+22 9.986756774450593530e+22 9.987031257590072869e+22 9.987297270373097564e+22 9.987554699904150405e+22 9.987803438644883934e+22 9.988043384304293433e+22 9.988274439726687060e+22 9.988496512778552056e+22 9.988709516234122383e+22 9.988913367660852412e+22 9.989107989305338574e+22 9.989293307980157026e+22 9.989469254951865680e+22 9.989635765831462394e+22 9.989792780467129916e+22 9.989940242839962124e+22 9.990078100963567495e+22 9.990206306787039746e+22 9.990324816103176405e+22 9.990433588460648399e+22 9.990532587081957795e+22 9.990621778786943762e+22 9.990701133921704215e+22 9.990770626294364242e+22 9.990830233116716564e+22 9.990879934953101355e+22 9.990919715675924804e+22 9.990949562428155337e+22 9.990969465593572570e+22 9.990979418773936878e+22 9.990979418773936878e+22
9.953324955195959935e+22 9.953324955195959935e+22 9.953326774182210227e+22 9.953330431979068536e+22 9.953335968114392275e+22 9.953343441578703297e+22 9.953352930466170562e+22 9.953364531499950827e+22 9.953378359445647104e+22 9.953394546416923181e+22 9.953413241078703299e+22 9.953434607753678029e+22 9.953458825439151024e+22 9.953486086741195909e+22 9.953516596734357563e+22 9.953550571755450820e+22 9.953588238140266303e+22 9.953629830912764858e+22 9.953675592436164225e+22 9.953725771035819848e+22 9.953780619603555123e+22 9.953840394193289295e+22 9.953905352617524357e+22 9.953975753053673462e+22 9.954051852669407986e+22 9.954133906275228975e+22 9.954222165012066075e+22 9.954316875081200330e+22 9.954418276522949974e+22 9.954526602050053289e+22 9.954642075940655884e+22 9.954764912995415464e+22 9.954895317562264073e+22 9.955033482631659808e+22 9.955179589004504020e+22 9.955333804534344660e+22 9.955496283444384209e+22 9.955667165720028696e+22 9.955846576576313426e+22 9.956034625999552800e+22 9.956231408362066647e+22 9.956437002108295289e+22 9.956651469510511532e+22 9.956874856491539182e+22 9.957107192512526890e+22 9.957348490522777564e+22 9.957598746968762771e+22 9.957857941859629374e+22 9.958126038885992287e+22 9.958402985589050494e+22 9.958688713576697718e+22 9.958983138783928307e+22 9.959286161773872493e+22 9.959597668076919298e+22 9.959917528564736039e+22 9.960245599855948123e+22 9.960581724751061529e+22 9.960925732693435272e+22 9.961277440253842634e+22 9.961636651635779096e+22 9.962003159199072544e+22 9.962376743999399946e+22 9.962757176341103326e+22 9.963144216341467942e+22 9.963537614503806815e+22 9.963937112297776244e+22 9.964342442744400681e+22 9.964753331004541973e+22 9.965169494968460798e+22 9.965590645845123085e+22 9.966016488749630751e+22 9.966446723286966469e+22 9.966881044130988818e+22 9.967319141597078933e+22 9.967760702207316250e+22 9.968205409246819385e+22 9.968652943310295820e+22 9.969102982837805515e+22 9.969555204638507008e+22 9.970009284401847442e+22 9.970464897195099292e+22 9.970921717946715315e+22 9.971379421914548771e+22 9.971837685138720817e+22 9.972296184878187151e+22 9.972754600030780785e+22 9.973212611536167213e+22 9.973669902761512351e+22 9.974126159869328019e+22 9.974581072167510108e+22 9.975034332441193585e+22 9.975485637266320340e+22 9.975934687304898052e+22 9.976381187581955120e+22 9.976824847744033935e+22 9.977265382299475850e+22 9.977702510840558230e+22 9.978135958247577538e+22 9.978565454875083145e+22 9.978990736720731623e+22 9.979411545576630649e+22 9.979827629163927516e+22 9.980238741250633839e+22 9.980644641753389439e+22 9.981045096823289545e+22 9.981439878916483318e+22 9.981828766849894344e+22 9.982211545842583182e+22 9.982588007543295548e+22 9.982957950044721277e+22 9.983321177885207272e+22 9.983677502038167729e+22 9.984026739890226777e+22 9.984368715208380436e+22 9.984703258097021773e+22 9.985030204945347694e+22 9.985349398365962712e+22 9.985660687125166267e+22 9.985963926065691964e+22 9.986258976022687279e+22 9.986545703733277648e+22 9.986823981740870913e+22 9.987093688294376577e+22 9.987354707243515983e+22 9.987606927930288819e+22 9.987850245077923057e+22 9.988084558677570014e+22 9.988309773873281447e+22 9.988525800846300440e+22 9.988732554698931202e+22 9.988929955338720903e+22 9.989117927363688425e+22 9.989296399948873466e+22 9.989465306734924084e+22 9.989624585719417248e+22 9.989774179150897296e+22 9.989914033426999647e+22 9.990044098996067526e+22 9.990164330263613958e+22 9.990274685503471301e+22 9.990375126774400103e+22 9.990465619842135438e+22 9.990546134107535127e+22 9.990616642541113364e+22 9.990677121623860760e+22 9.990727551295231623e+22 9.990767914907972980e+22 9.990798199190124180e+22 9.990818394214645105e+22 9.990828493376275350e+22 9.990828493376275350e+22
9.953173067869862861e+22 9.953173067869862861e+22 9.953174472733846458e+22 9.953177303888927339e+22 9.953181604058804466e+22 9.953187437003750454e+22 9.953194887132972319e+22 9.953204058992114506e+22 9.953215076629861945e+22 9.953228082848216593e+22 9.953243238342141673e+22 9.953260720734856649e+22 9.953280723516475310e+22 9.953303454893363901e+22 9.953329136557641381e+22 9.953358002385743931e+22 9.953390297075858329e+22 9.953426274734827373e+22 9.953466197424607121e+22 9.953510333679444532e+22 9.953558957004128728e+22 9.953612344364021422e+22 9.953670774677666005e+22 9.953734527321509777e+22 9.953803880656767078e+22 9.953879110587456160e+22 9.953960489157842384e+22 9.954048283197463278e+22 9.954142753020194691e+22 9.954244151183968253e+22 9.954352721316228681e+22 9.954468697009902374e+22 9.954592300793105220e+22 9.954723743176060830e+22 9.954863221776760963e+22 9.955010920527173360e+22 9.955167008960267105e+22 9.955331641578187706e+22 9.955504957300852077e+22 9.955687078993867886e+22 9.955878113074413253e+22 9.956078149192827011e+22 9.956287259987918035e+22 9.956505500913178457e+22 9.956732910131254972e+22 9.956969508473500651e+22 9.957215299461651104e+22 9.957470269388096746e+22 9.957734387451754761e+22 9.958007605945841379e+22 9.958289860494412166e+22 9.958581070334256166e+22 9.958881138638657579e+22 9.959189952880077229e+22 9.959507385228207115e+22 9.959833292980488870e+22 9.960167519022032617e+22 9.960509892311767004e+22 9.960860228392456500e+22 9.961218329921230524e+22 9.961583987218523881e+22 9.961956978832541168e+22 9.962337072116966778e+22 9.962724023819593528e+22 9.963117580679603290e+22 9.963517480031499793e+22 9.963923450413388399e+22 9.964335212178213700e+22 9.964752478105570902e+22 9.965174954012680022e+22 9.965602339363002882e+22 9.966034327870565148e+22 9.966470608099080772e+22 9.966910864053946129e+22 9.967354775766234772e+22 9.967802019867444589e+22 9.968252270153695442e+22 9.968705198138493134e+22 9.969160473593081600e+22 9.969617765073430354e+22 9.970076740433254914e+22 9.970537067321828678e+22 9.970998413666702013e+22 9.971460448139897471e+22 9.971922840607576084e+22 9.972385262562486885e+22 9.972847387538901015e+22 9.973308891509535487e+22 9.973769453264199850e+22 9.974228754770165760e+22 9.974686481513652106e+22 9.975142322822658916e+22 9.975595972170988965e+22 9.976047127463302739e+22 9.976495491301384598e+22 9.976940771231667113e+22 9.977382679974072287e+22 9.977820935632406236e+22 9.978255261886520387e+22 9.978685388166457301e+22 9.979111049808879760e+22 9.979531988196076709e+22 9.979947950878146691e+22 9.980358691678315138e+22 9.980763970782333449e+22 9.981163554812020235e+22 9.981557216883582278e+22 9.981944736651379579e+22 9.982325900337518687e+22 9.982700500747693746e+22 9.983068337274305380e+22 9.983429215887050356e+22 9.983782949111800739e+22 9.984129355998416811e+22 9.984468262078013820e+22 9.984799499310561703e+22 9.985122906023316056e+22 9.985438326840778293e+22 9.985745612607038947e+22 9.986044620300926897e+22 9.986335212944945997e+22 9.986617259508415175e+22 9.986890634805756559e+22 9.987155219390408111e+22 9.987410899445179482e+22 9.987657566669737296e+22 9.987895118165723159e+22 9.988123456320299650e+22 9.988342488688870870e+22 9.988552127877249342e+22 9.988752291424292674e+22 9.988942901685395862e+22 9.989123885717473408e+22 9.989295175165785250e+22 9.989456706153698715e+22 9.989608419175274067e+22 9.989750258991547757e+22 9.989882174530882476e+22 9.990004118793899056e+22 9.990116048763307321e+22 9.990217925319164376e+22 9.990309713159640842e+22 9.990391380728246331e+22 9.990462900147116520e+22 9.990524247157095006e+22 9.990575401064678713e+22 9.990616344696373799e+22 9.990647064359883244e+22 9.990667549813322337e+22 9.990677794241790974e+22 9.990677794241790974e+22
9.953050332376388023e+22 9.953050332376388023e+22 9.953051294269125008e+22 9.953053241200045195e+22 9.953056219319186227e+22 9.953060297500202421e+22 9.953065566921697735e+22 9.953072140513668235e+22 9.953080152273208109e+22 9.953089756454638217e+22 9.953101126640031551e+22 9.953114454697052838e+22 9.953129949632388504e+22 9.953147836348945872e+22 9.953168354317033905e+22 9.953191756169066683e+22 9.953218306229125985e+22 9.953248278988358628e+22 9.953281957537711024e+22 9.953319631970087259e+22 9.953361597763334177e+22 9.953408154156035736e+22 9.953459602527417795e+22 9.953516244792389298e+22 9.953578381822301254e+22 9.953646311901332138e+22 9.953720329227475511e+22 9.953800722466778540e+22 9.953887773367928147e+22 9.953981755444078576e+22 9.954082932727312548e+22 9.954191558600480627e+22 9.954307874710207070e+22 9.954432109963791827e+22 9.954564479612080672e+22 9.954705184419415799e+22 9.954854409921160125e+22 9.955012325768392658e+22 9.955179085158892438e+22 9.955354824353151084e+22 9.955539662273081927e+22 9.955733700181585245e+22 9.955937021439751750e+22 9.956149691339078684e+22 9.956371757005376638e+22 9.956603247370758311e+22 9.956844173210702735e+22 9.957094527241847990e+22 9.957354284277656925e+22 9.957623401437523345e+22 9.957901818406359165e+22 9.958189457740432985e+22 9.958486225216319416e+22 9.958792010219316786e+22 9.959106686167922455e+22 9.959430110971060604e+22 9.959762127514936908e+22 9.960102564176423027e+22 9.960451235359873827e+22 9.960807942054783589e+22 9.961172472411289813e+22 9.961544602331046635e+22 9.961924096070988176e+22 9.962310706857560873e+22 9.962704177509106188e+22 9.963104241064405579e+22 9.963510621415235230e+22 9.963923033940875333e+22 9.964341186143001877e+22 9.964764778279038301e+22 9.965193503992415099e+22 9.965627050938094898e+22 9.966065101402052703e+22 9.966507332913211428e+22 9.966953418846673410e+22 9.967403029016966123e+22 9.967855830260209890e+22 9.968311487004234534e+22 9.968769661825639986e+22 9.969230015992805982e+22 9.969692209994391146e+22 9.970155904052069872e+22 9.970620758617349318e+22 9.971086434851600780e+22 9.971552595088659553e+22 9.972018903279860711e+22 9.972485025420838070e+22 9.972950629959804440e+22 9.973415388187079999e+22 9.973878974605556711e+22 9.974341067282095433e+22 9.974801348179436293e+22 9.975259503468983039e+22 9.975715223823917777e+22 9.976168204693250087e+22 9.976618146556510260e+22 9.977064755159264500e+22 9.977507741729792668e+22 9.977946823177082923e+22 9.978381722270252296e+22 9.978812167799951904e+22 9.979237894721971526e+22 9.979658644283328771e+22 9.980074164131512241e+22 9.980484208407063246e+22 9.980888537820130234e+22 9.981286919711437200e+22 9.981679128098350563e+22 9.982064943706235784e+22 9.982444153986194237e+22 9.982816553119349788e+22 9.983181942008495420e+22 9.983540128257849845e+22 9.983890926141271389e+22 9.984234156559910620e+22 9.984569646989848661e+22 9.984897231420315088e+22 9.985216750283339386e+22 9.985528050375559060e+22 9.985830984772637373e+22 9.986125412737325885e+22 9.986411199621663346e+22 9.986688216764064255e+22 9.986956341381969845e+22 9.987215456460999334e+22 9.987465450640812854e+22 9.987706218098878893e+22 9.987937658432350952e+22 9.988159676539212713e+22 9.988372182498879629e+22 9.988575091453050487e+22 9.988768323487563933e+22 9.988951803515701192e+22 9.989125461163416486e+22 9.989289230657359184e+22 9.989443050715904108e+22 9.989586864443799005e+22 9.989720619231086851e+22 9.989844266656604986e+22 9.989957762396304336e+22 9.990061066137204110e+22 9.990154141497189990e+22 9.990236955950669260e+22 9.990309480761203569e+22 9.990371690920473421e+22 9.990423565094408212e+22 9.990465085576770381e+22 9.990496238249864856e+22 9.990517012553165649e+22 9.990527401459604626e+22 9.990527401459604626e+22
9.952957626662190370e+22 9.952957626662190370e+22 9.952958115363893228e+22 9.952959117755282778e+22 9.952960683660065060e+22 9.952962887434235596e+22 9.952965827513639816e+22 9.952969625815804910e+22 9.952974427000569594e+22 9.952980397594727835e+22 9.952987724987414190e+22 9.952996616303795608e+22 9.953007297165666340e+22 9.953020010348304296e+22 9.953035014344401748e+22 9.953052581845886671e+22 9.953072998155618668e+22 9.953096559541384695e+22 9.953123571544886555e+22 9.953154347258630216e+22 9.953189205583720979e+22 9.953228469481519867e+22 9.953272464231586438e+22 9.953321515708022836e+22 9.953375948685917867e+22 9.953436085188356683e+22 9.953502242884171491e+22 9.953574733545152394e+22 9.953653861571105286e+22 9.953739922589214363e+22 9.953833202133963794e+22 9.953933974412327911e+22 9.954042501157739718e+22 9.954159030576203222e+22 9.954283796385608237e+22 9.954417016949816322e+22 9.954558894507165535e+22 9.954709614493147385e+22 9.954869344955412146e+22 9.955038236059798969e+22 9.955216419684573879e+22 9.955404009100228218e+22 9.955601098731653222e+22 9.955807763999211127e+22 9.956024061235018544e+22 9.956250027670729287e+22 9.956485681492659274e+22 9.956731021960564179e+22 9.956986029585789983e+22 9.957250666364863827e+22 9.957524876064705007e+22 9.957808584555355754e+22 9.958101700186564303e+22 9.958404114204410144e+22 9.958715701204453268e+22 9.959036319618010028e+22 9.959365812227857921e+22 9.959704006710701693e+22 9.960050716202738332e+22 9.960405739885790914e+22 9.960768863591088731e+22 9.961139860417849957e+22 9.961518491364324750e+22 9.961904505968750336e+22 9.962297642958020254e+22 9.962697630901678689e+22 9.963104188869416216e+22 9.963517027089949655e+22 9.963935847609480826e+22 9.964360344948044726e+22 9.964790206751950294e+22 9.965225114441000105e+22 9.965664743848759263e+22 9.966108765854779625e+22 9.966556847007371729e+22 9.967008650135599055e+22 9.967463834949808397e+22 9.967922058629084086e+22 9.968382976395246882e+22 9.968846242072145953e+22 9.969311508629599709e+22 9.969778428711201984e+22 9.970246655145396299e+22 9.970715841439138736e+22 9.971185642253792051e+22 9.971655713862469236e+22 9.972125714588915414e+22 9.972595305227027166e+22 9.973064149441197166e+22 9.973531914147153628e+22 9.973998269872772796e+22 9.974462891099413073e+22 9.974925456583150063e+22 9.975385649656169182e+22 9.975843158508305803e+22 9.976297676448969471e+22 9.976748902149257586e+22 9.977196539864901118e+22 9.977640299639903093e+22 9.978079897491336279e+22 9.978515055575571838e+22 9.978945502336323158e+22 9.979370972634863895e+22 9.979791207862811125e+22 9.980205956038022241e+22 9.980614971884115591e+22 9.981018016893893398e+22 9.981414859377656778e+22 9.981805274496568918e+22 9.982189044281722379e+22 9.982565957639952400e+22 9.982935810346371043e+22 9.983298405024821726e+22 9.983653551116658514e+22 9.984001064838546378e+22 9.984340769130117962e+22 9.984672493592080758e+22 9.984996074415370273e+22 9.985311354302422948e+22 9.985618182380750006e+22 9.985916414110340638e+22 9.986205911184453298e+22 9.986486541425857004e+22 9.986758178678054584e+22 9.987020702693080013e+22 9.987273999015844669e+22 9.987517958866455233e+22 9.987752479020528383e+22 9.987977461688510605e+22 9.988192814394711107e+22 9.988398449856660216e+22 9.988594285864909013e+22 9.988780245164916054e+22 9.988956255340365192e+22 9.989122248699761656e+22 9.989278162165626936e+22 9.989423937167668176e+22 9.989559519540177116e+22 9.989684859424031008e+22 9.989799911173510293e+22 9.989904633269194641e+22 9.989998988236150538e+22 9.990082942568873381e+22 9.990156466662435455e+22 9.990219534750838057e+22 9.990272124852086243e+22 9.990314218721187463e+22 9.990345801810191581e+22 9.990366863236280615e+22 9.990377395757752150e+22 9.990377395757752150e+22
9.952895830815256294e+22 9.952895830815256294e+22 9.952895814645437589e+22 9.952895809269705526e+22 9.952895868451287990e+22 9.952896072424950543e+22 9.952896527407969101e+22 9.952897364953767556e+22 9.952898741152516984e+22 9.952900835684919122e+22 9.952903850735915185e+22 9.952908009776713669e+22 9.952913556224440114e+22 9.952920751989649624e+22 9.952929875923343874e+22 9.952941222175604054e+22 9.952955098478845467e+22 9.952971824369451087e+22 9.952991729361621929e+22 9.953015151088020278e+22 9.953042433421286887e+22 9.953073924590743113e+22 9.953109975308139338e+22 9.953150936915579503e+22 9.953197159568464727e+22 9.953248990465017197e+22 9.953306772133208968e+22 9.953370840784745949e+22 9.953441524744696994e+22 9.953519142964131634e+22 9.953604003621806224e+22 9.953696402819794128e+22 9.953796623377109929e+22 9.953904933723601004e+22 9.954021586895794235e+22 9.954146819635538402e+22 9.954280851590769489e+22 9.954423884617576822e+22 9.954576102181696019e+22 9.954737668856912177e+22 9.954908729917678866e+22 9.955089411022364292e+22 9.955279817983522557e+22 9.955480036621203748e+22 9.955690132695269612e+22 9.955910151912096059e+22 9.956140120001572189e+22 9.956380042859933126e+22 9.956629906753869945e+22 9.956889678581707309e+22 9.957159306187397451e+22 9.957438718722968440e+22 9.957727827055442133e+22 9.958026524214433520e+22 9.958334685876431775e+22 9.958652170882228054e+22 9.958978821783745357e+22 9.959314465417399894e+22 9.959658913500420375e+22 9.960011963247023148e+22 9.960373398001882969e+22 9.960742987888055655e+22 9.961120490466307578e+22 9.961505651404196073e+22 9.961898205151659400e+22 9.962297875621772421e+22 9.962704376873851080e+22 9.963117413797397424e+22 9.963536682794821563e+22 9.963961872461326608e+22 9.964392664260107724e+22 9.964828733191538239e+22 9.965269748454851294e+22 9.965715374100807103e+22 9.966165269674241871e+22 9.966619090845282022e+22 9.967076490028104706e+22 9.967537116986180895e+22 9.968000619423251143e+22 9.968466643558888112e+22 9.968934834688088867e+22 9.969404837724135254e+22 9.969876297724002619e+22 9.970348860395724630e+22 9.970822172587385369e+22 9.971295882756997146e+22 9.971769641423233824e+22 9.972243101596397234e+22 9.972715919189284487e+22 9.973187753408452782e+22 9.973658267124500949e+22 9.974127127222639447e+22 9.974594004932329105e+22 9.975058576136869406e+22 9.975520521662474958e+22 9.975979527547220971e+22 9.976435285289805755e+22 9.976887492078495964e+22 9.977335851000581744e+22 9.977780071232309926e+22 9.978219868209946191e+22 9.978654963782128973e+22 9.979085086344110670e+22 9.979509970954102610e+22 9.979929359432443494e+22 9.980343000443772522e+22 9.980750649563222219e+22 9.981152069326615871e+22 9.981547029265739940e+22 9.981935305929050502e+22 9.982316682888521712e+22 9.982690950733218447e+22 9.983057907050418589e+22 9.983417356394788238e+22 9.983769110246391703e+22 9.984112986958210689e+22 9.984448811694201137e+22 9.984776416357768600e+22 9.985095639512502606e+22 9.985406326295050899e+22 9.985708328321396874e+22 9.986001503586808653e+22 9.986285716360530179e+22 9.986560837076039762e+22 9.986826742217191509e+22 9.987083314201185852e+22 9.987330441259270118e+22 9.987568017315382218e+22 9.987795941864019224e+22 9.988014119847310708e+22 9.988222461532677603e+22 9.988420882391185647e+22 9.988609302977306427e+22 9.988787648810963488e+22 9.988955850262007775e+22 9.989113842438097181e+22 9.989261565076127823e+22 9.989398962438087796e+22 9.989525983211519633e+22 9.989642580415096449e+22 9.989748711309964424e+22 9.989844337316903623e+22 9.989929423939849054e+22 9.990003940696318909e+22 9.990067861054332233e+22 9.990121162377267249e+22 9.990163825875482575e+22 9.990195836566181092e+22 9.990217183240835301e+22 9.990227858440781509e+22 9.990227858440781509e+22
9.952865827039595201e+22 9.952865827039595201e+22 9.952865272759692611e+22 9.952864193283122581e+22 9.952862646598498465e+22 9.952860719245634725e+22 9.952858525787054565e+22 9.952856208109291019e+22 9.952853934558704304e+22 9.952851898918130365e+22 9.952850319231997601e+22 9.952849436488721498e+22 9.952849513170336114e+22 9.952850831680853141e+22 9.952853692665901246e+22 9.952858413236763807e+22 9.952865325113429669e+22 9.952874772701675887e+22 9.952887111119588976e+22 9.952902704189422751e+22 9.952921922410695885e+22 9.952945140930061533e+22 9.952972737523555185e+22 9.953005090605323675e+22 9.953042577277354351e+22 9.953085571432332657e+22 9.953134441921959376e+22 9.953189550800649585e+22 9.953251251654087410e+22 9.953319888020253442e+22 9.953395791909224658e+22 9.953479282426993076e+22 9.953570664506677055e+22 9.953670227749895143e+22 9.953778245379203426e+22 9.953894973302324488e+22 9.954020649286592627e+22 9.954155492242947572e+22 9.954299701616272264e+22 9.954453456879477588e+22 9.954616917127775597e+22 9.954790220768982178e+22 9.954973485305733684e+22 9.955166807204960194e+22 9.955370261849902678e+22 9.955583903569847255e+22 9.955807765742781622e+22 9.956041860965943843e+22 9.956286181289594402e+22 9.956540698509198125e+22 9.956805364511489497e+22 9.957080111669795881e+22 9.957364853284374000e+22 9.957659484063555335e+22 9.957963880641806415e+22 9.958277902130632196e+22 9.958601390698910030e+22 9.958934172179104163e+22 9.959276056696030495e+22 9.959626839314995662e+22 9.959986300706439876e+22 9.960354207824377335e+22 9.960730314595696535e+22 9.961114362617971658e+22 9.961506081863469787e+22 9.961905191387226597e+22 9.962311400036663873e+22 9.962724407161307687e+22 9.963143903320340641e+22 9.963569570986607405e+22 9.964001085244976398e+22 9.964438114484024141e+22 9.964880321079232011e+22 9.965327362066554552e+22 9.965778889804939998e+22 9.966234552626938957e+22 9.966693995475872881e+22 9.967156860528966710e+22 9.967622787805370280e+22 9.968091415758097089e+22 9.968562381849298259e+22 9.969035323108220731e+22 9.969509876670812861e+22 9.969985680300958967e+22 9.970462372892415046e+22 9.970939594951271173e+22 9.971416989058413783e+22 9.971894200311793215e+22 9.972370876748075421e+22 9.972846669743810360e+22 9.973321234395511443e+22 9.973794229878984907e+22 9.974265319787717879e+22 9.974734172450294910e+22 9.975200461226928557e+22 9.975663864785422778e+22 9.976124067356428206e+22 9.976580758968475845e+22 9.977033635662889851e+22 9.977482399688930047e+22 9.977926759679524864e+22 9.978366430807999067e+22 9.978801134926068030e+22 9.979230600683836775e+22 9.979654563631880942e+22 9.980072766306449883e+22 9.980484958297832135e+22 9.980890896302702015e+22 9.981290344161239210e+22 9.981683072879180749e+22 9.982068860635798569e+22 9.982447492778445242e+22 9.982818761804204737e+22 9.983182467329518941e+22 9.983538416048164097e+22 9.983886421678870653e+22 9.984226304902833163e+22 9.984557893291945755e+22 9.984881021228694267e+22 9.985195529818278881e+22 9.985501266793733921e+22 9.985798086414979354e+22 9.986085849362151244e+22 9.986364422624435923e+22 9.986633679384894400e+22 9.986893498901877647e+22 9.987143766387921938e+22 9.987384372887151025e+22 9.987615215150941864e+22 9.987836195513727923e+22 9.988047221768639742e+22 9.988248207044259506e+22 9.988439069682429225e+22 9.988619733118796956e+22 9.988790125765500443e+22 9.988950180897261565e+22 9.989099836541463691e+22 9.989239035372237121e+22 9.989367724609396487e+22 9.989485855922746871e+22 9.989593385341976733e+22 9.989690273172496685e+22 9.989776483917984118e+22 9.989851986209531337e+22 9.989916752741784774e+22 9.989970760216751374e+22 9.990013989294851070e+22 9.990046424554139759e+22 9.990068054457050150e+22 9.990078871325895347e+22 9.990078871325895347e+22
9.952868499727072834e+22 9.952868499727072834e+22 9.952867372434967442e+22 9.952865149207586433e+22 9.952861892566441578e+22 9.952857695815053450e+22 9.952852682467918742e+22 9.952847005495220136e+22 9.952840846388484689e+22 9.952834414053774118e+22 9.952827943540572448e+22 9.952821694615747822e+22 9.952815950193622830e+22 9.952811014634378940e+22 9.952807211924507014e+22 9.952804883753977302e+22 9.952804387506055492e+22 9.952806094176297104e+22 9.952810386238009141e+22 9.952817655471701125e+22 9.952828300776165081e+22 9.952842725978473392e+22 9.952861337659973724e+22 9.952884543014392195e+22 9.952912747753189566e+22 9.952946354072372380e+22 9.952985758693278194e+22 9.953031350988839059e+22 9.953083511204852688e+22 9.953142608784587856e+22 9.953209000803173191e+22 9.953283030516946803e+22 9.953365026031217829e+22 9.953455299088636025e+22 9.953554143979070344e+22 9.953661836570541844e+22 9.953778633460153949e+22 9.953904771242167946e+22 9.954040465890895043e+22 9.954185912254071413e+22 9.954341283652751799e+22 9.954506731582925046e+22 9.954682385514061680e+22 9.954868352778998330e+22 9.955064718550231522e+22 9.955271545897042418e+22 9.955488875917874089e+22 9.955716727942891228e+22 9.955955099801306635e+22 9.956203968148365797e+22 9.956463288847005070e+22 9.956732997399440523e+22 9.957013009424003262e+22 9.957303221172862504e+22 9.957603510086410227e+22 9.957913735380337898e+22 9.958233738661559953e+22 9.958563344569490997e+22 9.958902361439088096e+22 9.959250581982670121e+22 9.959607783987422115e+22 9.959973731025548005e+22 9.960348173174753041e+22 9.960730847746106537e+22 9.961121480017330360e+22 9.961519783968959680e+22 9.961925463021361037e+22 9.962338210770799139e+22 9.962757711722478725e+22 9.963183642018982763e+22 9.963615670162392351e+22 9.964053457728643793e+22 9.964496660072688412e+22 9.964944927023059226e+22 9.965397903564717058e+22 9.965855230508951352e+22 9.966316545149265301e+22 9.966781481902398033e+22 9.967249672933438652e+22 9.967720748764211708e+22 9.968194338864170743e+22 9.968670072223378807e+22 9.969147577906441801e+22 9.969626485587347662e+22 9.970106426064505091e+22 9.970587031755523778e+22 9.971067937171447585e+22 9.971548779370195714e+22 9.972029198388908209e+22 9.972508837654806554e+22 9.972987344375191804e+22 9.973464369905281689e+22 9.973939570095242294e+22 9.974412605615315406e+22 9.974883142259783080e+22 9.975350851229791237e+22 9.975815409394998732e+22 9.976276499534508248e+22 9.976733810557273611e+22 9.977187037702245266e+22 9.977635882718831051e+22 9.978080054027598430e+22 9.978519266862285246e+22 9.978953243393023332e+22 9.979381712831620579e+22 9.979804411519245379e+22 9.980221082997307002e+22 9.980631478061686273e+22 9.981035354801549659e+22 9.981432478622731679e+22 9.981822622256932166e+22 9.982205565756894505e+22 9.982581096478724116e+22 9.982949009051717992e+22 9.983309105336500512e+22 9.983661194372405055e+22 9.984005092314638293e+22 9.984340622361992207e+22 9.984667614676028228e+22 9.984985906292196586e+22 9.985295341024082028e+22 9.985595769361091317e+22 9.985887048360763641e+22 9.986169041535920348e+22 9.986441618738147177e+22 9.986704656037635844e+22 9.986958035600545939e+22 9.987201645564368676e+22 9.987435379912330969e+22 9.987659138347160306e+22 9.987872826164983837e+22 9.988076354130348186e+22 9.988269638352254271e+22 9.988452600162990581e+22 9.988625165998989771e+22 9.988787267285393028e+22 9.988938840324310460e+22 9.989079826187468721e+22 9.989210170613487475e+22 9.989329823911012781e+22 9.989438740866944048e+22 9.989536880661108464e+22 9.989624206787735244e+22 9.989700686983352182e+22 9.989766293162119555e+22 9.989821001358604711e+22 9.989864791678279221e+22 9.989897648255862728e+22 9.989919559221922864e+22 9.989930516677556752e+22 9.989930516677556752e+22
9.952904735634726322e+22 9.952904735634726322e+22 9.952902998650420986e+22 9.952899558478218422e+22 9.952894482503412430e+22 9.952887871286979802e+22 9.952879857948519354e+22 9.952870607350147737e+22 9.952860315086277837e+22 9.952849206286529174e+22 9.952837534240184100e+22 9.952825578852511121e+22 9.952813644944471228e+22 9.952802060409497453e+22 9.952791174241911937e+22 9.952781354453611787e+22 9.952772985895968676e+22 9.952766468006009530e+22 9.952762212495420450e+22 9.952760641002402533e+22 9.952762182725529082e+22 9.952767272059481883e+22 9.952776346250858044e+22 9.952789843092589616e+22 9.952808198673259928e+22 9.952831845196983226e+22 9.952861208887760939e+22 9.952896707990108976e+22 9.952938750876940082e+22 9.952987734272584869e+22 9.953044041598397265e+22 9.953108041445348370e+22 9.953180086177410476e+22 9.953260510667167341e+22 9.953349631164180909e+22 9.953447744295106144e+22 9.953555126193394758e+22 9.953672031755646796e+22 9.953798694020633854e+22 9.953935323666504378e+22 9.954082108621008667e+22 9.954239213779381597e+22 9.954406780824041239e+22 9.954584928140073632e+22 9.954773750820732351e+22 9.954973320756604384e+22 9.955183686802679320e+22 9.955404875017293817e+22 9.955636888967341041e+22 9.955879710094153220e+22 9.956133298134589637e+22 9.956397591592457942e+22 9.956672508255148389e+22 9.956957945751028315e+22 9.957253782143013329e+22 9.957559876554401094e+22 9.957876069822635809e+22 9.958202185177834193e+22 9.958538028942116887e+22 9.958883391246747199e+22 9.959238046763864346e+22 9.959601755450140262e+22 9.959974263299279684e+22 9.960355303101216011e+22 9.960744595205454509e+22 9.961141848286214016e+22 9.961546760107597182e+22 9.961959018286512551e+22 9.962378301051729504e+22 9.962804277997235654e+22 9.963236610828405205e+22 9.963674954099372694e+22 9.964118955940320274e+22 9.964568258773267566e+22 9.965022500015312155e+22 9.965481312767998689e+22 9.965944326491974350e+22 9.966411167665870393e+22 9.966881460428461834e+22 9.967354827203543250e+22 9.967830889306450297e+22 9.968309267531847801e+22 9.968789582722059626e+22 9.969271456315356479e+22 9.969754510873991945e+22 9.970238370591166326e+22 9.970722661777000523e+22 9.971207013322952855e+22 9.971691057144623478e+22 9.972174428602694736e+22 9.972656766901884971e+22 9.973137715467961080e+22 9.973616922302766226e+22 9.974094040317165358e+22 9.974568727642249154e+22 9.975040647918933928e+22 9.975509470565813243e+22 9.975974871025871906e+22 9.976436530992389502e+22 9.976894138613870730e+22 9.977347388678947104e+22 9.977795982781395973e+22 9.978239629465620788e+22 9.978678044353241914e+22 9.979110950251333157e+22 9.979538077242745265e+22 9.979959162759009639e+22 9.980373951636733270e+22 9.980782196157795271e+22 9.981183656074193928e+22 9.981578098618081162e+22 9.981965298497806454e+22 9.982345037880604439e+22 9.982717106362676098e+22 9.983081300927410130e+22 9.983437425892462585e+22 9.983785292846469847e+22 9.984124720576232161e+22 9.984455534985040468e+22 9.984777569002933400e+22 9.985090662489839056e+22 9.985394662132015956e+22 9.985689421333006175e+22 9.985974800099429476e+22 9.986250664922905261e+22 9.986516888658258375e+22 9.986773350399225102e+22 9.987019935352174412e+22 9.987256534708691717e+22 9.987483045517459666e+22 9.987699370556625466e+22 9.987905418206708446e+22 9.988101102325178617e+22 9.988286342123127361e+22 9.988461062044805340e+22 9.988625191650079644e+22 9.988778665501382201e+22 9.988921423054463251e+22 9.989053408554473279e+22 9.989174570937297876e+22 9.989284863736580093e+22 9.989384244997222144e+22 9.989472677195445332e+22 9.989550127165656479e+22 9.989616566034949682e+22 9.989671969164897760e+22 9.989716316101259192e+22 9.989749590531816974e+22 9.989771780252292350e+22 9.989782877140863576e+22 9.989782877140863576e+22
9.952975424177258155e+22 9.952975424177258155e+22 9.952973038918966025e+22 9.952968304816911339e+22 9.952961294476372030e+22 9.952952116247087022e+22 9.952940913557205785e+22 9.952927864031516452e+22 9.952913178399566148e+22 9.952897099201003494e+22 9.952879899297006695e+22 9.952861880198762804e+22 9.952843370225409930e+22 9.952824722506191261e+22 9.952806312842906881e+22 9.952788537450633468e+22 9.952771810595997273e+22 9.952756562153554156e+22 9.952743235101476363e+22 9.952732282978621509e+22 9.952724167324646506e+22 9.952719355124765426e+22 9.952718316280404666e+22 9.952721521125292507e+22 9.952729438005941292e+22 9.952742530942911906e+22 9.952761257388607642e+22 9.952786066094287749e+22 9.952817395097504475e+22 9.952855669838889091e+22 9.952901301415318231e+22 9.952954684974022263e+22 9.953016198251064957e+22 9.953086200254976282e+22 9.953165030095566825e+22 9.953253005956009584e+22 9.953350424205159144e+22 9.953457558646314920e+22 9.953574659897375169e+22 9.953701954897142245e+22 9.953839646531306442e+22 9.953987913372274996e+22 9.954146909525655526e+22 9.954316764577162854e+22 9.954497583632642736e+22 9.954689447444907609e+22 9.954892412620545982e+22 9.955106511900271392e+22 9.955331754506610069e+22 9.955568126553135828e+22 9.955815591509110030e+22 9.956074090714466615e+22 9.956343543939859061e+22 9.956623849986814955e+22 9.956914887323527047e+22 9.957216514751999246e+22 9.957528572102229098e+22 9.957850880949963928e+22 9.958183245354383285e+22 9.958525452612147557e+22 9.958877274025101571e+22 9.959238465678463939e+22 9.959608769226789303e+22 9.959987912685363030e+22 9.960375611224510117e+22 9.960771567964605383e+22 9.961175474769739802e+22 9.961587013038371976e+22 9.962005854488550493e+22 9.962431661936742498e+22 9.962864090068253514e+22 9.963302786197849375e+22 9.963747391019358880e+22 9.964197539342827756e+22 9.964652860818099850e+22 9.965112980643857511e+22 9.965577520260876285e+22 9.966046098028869819e+22 9.966518329885639836e+22 9.966993829988192276e+22 9.967472211335012627e+22 9.967953086368416635e+22 9.968436067557192814e+22 9.968920767958260017e+22 9.969406801757402143e+22 9.969893784788475996e+22 9.970381335030842314e+22 9.970869073084676047e+22 9.971356622624035072e+22 9.971843610827630313e+22 9.972329668786864416e+22 9.972814431891566782e+22 9.973297540192948506e+22 9.973778638744408031e+22 9.974257377919555024e+22 9.974733413708546336e+22 9.975206407991967351e+22 9.975676028793459940e+22 9.976141950510471263e+22 9.976603854124259213e+22 9.977061427389090759e+22 9.977514365001159986e+22 9.977962368747712387e+22 9.978405147636731059e+22 9.978842418008169644e+22 9.979273903626512237e+22 9.979699335756030935e+22 9.980118453218885344e+22 9.980531002436807243e+22 9.980936737457195870e+22 9.981335419964029823e+22 9.981726819274572012e+22 9.982110712322527016e+22 9.982486883628137369e+22 9.982855125256470371e+22 9.983215236764069895e+22 9.983567025135335506e+22 9.983910304708966115e+22 9.984244897095437884e+22 9.984570631086314986e+22 9.984887342556181745e+22 9.985194874357932674e+22 9.985493076212239145e+22 9.985781804591951013e+22 9.986060922602411314e+22 9.986330299857977632e+22 9.986589812356199691e+22 9.986839342349547471e+22 9.987078778216370930e+22 9.987308014330972209e+22 9.987526950934053650e+22 9.987735494003925818e+22 9.987933555129109709e+22 9.988121051383448837e+22 9.988297905203576832e+22 9.988464044270018993e+22 9.988619401392082125e+22 9.988763914397297725e+22 9.988897526025888255e+22 9.989020183830479661e+22 9.989131840081934208e+22 9.989232451681484852e+22 9.989321980079563709e+22 9.989400391201653470e+22 9.989467655381730512e+22 9.989523747303185606e+22 9.989568645947811116e+22 9.989602334552963731e+22 9.989624800577052056e+22 9.989636035673580582e+22 9.989636035673580582e+22
9.953081457844666394e+22 9.953081457844666394e+22 9.953078383694467354e+22 9.953072274618876481e+22 9.953063208826194782e+22 9.953051303026927390e+22 9.953036711715149971e+22 9.953019626216480571e+22 9.953000273508535632e+22 9.952978914821008890e+22 9.952955844024957980e+22 9.952931385822614965e+22 9.952905893751065412e+22 9.952879748015705817e+22 9.952853353171149180e+22 9.952827135669157704e+22 9.952801541295295588e+22 9.952777032516957844e+22 9.952754085766634039e+22 9.952733188685047634e+22 9.952714837348479454e+22 9.952699533504785102e+22 9.952687781841331028e+22 9.952680087307169667e+22 9.952676952509972165e+22 9.952678875206381679e+22 9.952686345902341331e+22 9.952699845577531615e+22 9.952719843545641176e+22 9.952746795459834334e+22 9.952781141470315807e+22 9.952823304538579534e+22 9.952873688911002468e+22 9.952932678752172560e+22 9.953000636936753041e+22 9.953077903997406701e+22 9.953164797224382838e+22 9.953261609911961885e+22 9.953368610745635727e+22 9.953486043323587940e+22 9.953614125804939326e+22 9.953753050677937124e+22 9.953902984639858659e+22 9.954064068581463897e+22 9.954236417668015981e+22 9.954420121509610232e+22 9.954615244413436376e+22 9.954821825710984580e+22 9.955039880153283114e+22 9.955269398368121101e+22 9.955510347372610925e+22 9.955762671135882635e+22 9.956026291186048382e+22 9.956301107256648689e+22 9.956586997967538985e+22 9.956883821536156320e+22 9.957191416514500520e+22 9.957509602548442464e+22 9.957838181155374891e+22 9.958176936517273072e+22 9.958525636285558266e+22 9.958884032395170179e+22 9.959251861885231196e+22 9.959628847723415024e+22 9.960014699632189348e+22 9.960409114914189423e+22 9.960811779275303263e+22 9.961222367642938402e+22 9.961640544978359602e+22 9.962065967080963414e+22 9.962498281383192743e+22 9.962937127734626746e+22 9.963382139173920676e+22 9.963832942687412866e+22 9.964289159953080176e+22 9.964750408069150671e+22 9.965216300265981031e+22 9.965686446600599739e+22 9.966160454632912768e+22 9.966637930082992967e+22 9.967118477468602519e+22 9.967601700722441821e+22 9.968087203788542601e+22 9.968574591197233178e+22 9.969063468618615462e+22 9.969553443393490020e+22 9.970044125042210714e+22 9.970535125750779373e+22 9.971026060833943926e+22 9.971516549175501337e+22 9.972006213645429532e+22 9.972494681493935541e+22 9.972981584722498735e+22 9.973466560431877259e+22 9.973949251147305845e+22 9.974429305121039345e+22 9.974906376612408092e+22 9.975380126145700482e+22 9.975850220746223439e+22 9.976316334154841063e+22 9.976778147021424322e+22 9.977235347077555710e+22 9.977687629289138160e+22 9.978134695989228654e+22 9.978576256991765935e+22 9.979012029686719132e+22 9.979441739117182425e+22 9.979865118039330102e+22 9.980281906965428306e+22 9.980691854190995676e+22 9.981094715806679931e+22 9.981490255695415817e+22 9.981878245515921352e+22 9.982258464672881364e+22 9.982630700275066523e+22 9.982994747081753625e+22 9.983350407438368191e+22 9.983697491202307365e+22 9.984035815659553790e+22 9.984365205432880752e+22 9.984685492382616624e+22 9.984996515500626280e+22 9.985298120798343319e+22 9.985590161189708707e+22 9.985872496369785949e+22 9.986144992689745664e+22 9.986407523029013129e+22 9.986659966665754883e+22 9.986902209145459442e+22 9.987134142149382111e+22 9.987355663363374003e+22 9.987566676346778157e+22 9.987767090403679509e+22 9.987956820455819156e+22 9.988135786918520134e+22 9.988303915579911596e+22 9.988461137484323802e+22 9.988607388819817025e+22 9.988742610811332487e+22 9.988866749618754001e+22 9.988979756241569763e+22 9.989081586429463206e+22 9.989172200600054320e+22 9.989251563763648797e+22 9.989319645455657730e+22 9.989376419676674431e+22 9.989421864840617735e+22 9.989455963731384703e+22 9.989478703467739270e+22 9.989490075476894836e+22 9.989490075476894836e+22
9.953223732755058970e+22 9.953223732755058970e+22 9.953219926913536806e+22 9.953212357471994118e+22 9.953201108653694360e+22 9.953186306145159584e+22 9.953168116321653621e+22 9.953146745220327539e+22 9.953122437266758487e+22 9.953095473762055854e+22 9.953066171140393035e+22 9.953034879008442103e+22 9.953001977981460231e+22 9.952967877332645708e+22 9.952933012475161346e+22 9.952897842298771577e+22 9.952862846384665212e+22 9.952828522124240382e+22 9.952795381768487174e+22 9.952763949435546344e+22 9.952734758104254015e+22 9.952708346620742415e+22 9.952685256744644903e+22 9.952666030259431906e+22 9.952651206170248426e+22 9.952641318009243173e+22 9.952636891266966723e+22 9.952638440964840908e+22 9.952646469381129660e+22 9.952661463940197463e+22 9.952683895271707587e+22 9.952714215444120496e+22 9.952752856374356371e+22 9.952800228413168786e+22 9.952856719103922641e+22 9.952922692111241419e+22 9.952998486313485625e+22 9.953084415053561174e+22 9.953180765539882186e+22 9.953287798390367925e+22 9.953405747310400792e+22 9.953534818896663754e+22 9.953675192557993827e+22 9.953827020544415053e+22 9.953990428076156964e+22 9.954165513564070294e+22 9.954352348913500946e+22 9.954550979904273803e+22 9.954761426638961482e+22 9.954983684053029146e+22 9.955217722480110915e+22 9.955463488266463661e+22 9.955720904428875468e+22 9.955989871350624813e+22 9.956270267510848225e+22 9.956561950242427529e+22 9.956864756514448998e+22 9.957178503735048510e+22 9.957502990571205034e+22 9.957837997782066633e+22 9.958183289062681687e+22 9.958538611895246311e+22 9.958903698405186968e+22 9.959278266219736177e+22 9.959662019326556871e+22 9.960054648930316583e+22 9.960455834305329050e+22 9.960865243642280175e+22 9.961282534887593817e+22 9.961707356573424157e+22 9.962139348637328395e+22 9.962578143229707184e+22 9.963023365508254453e+22 9.963474634417868112e+22 9.963931563455082083e+22 9.964393761415920773e+22 9.964860833126422675e+22 9.965332380154700654e+22 9.965808001504022154e+22 9.966287294286072172e+22 9.966769854373640641e+22 9.967255277032282941e+22 9.967743157530562606e+22 9.968233091728017247e+22 9.968724676640918156e+22 9.969217510985076992e+22 9.969711195695684465e+22 9.970205334423909224e+22 9.970699534009973395e+22 9.971193404932672927e+22 9.971686561735409821e+22 9.972178623428405756e+22 9.972669213867518198e+22 9.973157962109412390e+22 9.973644502743527090e+22 9.974128476200876009e+22 9.974609529039830909e+22 9.975087314209485305e+22 9.975561491290436036e+22 9.976031726713992695e+22 9.976497693959517949e+22 9.976959073730977543e+22 9.977415554112750302e+22 9.977866830705454796e+22 9.978312606742228867e+22 9.978752593186077750e+22 9.979186508809042395e+22 9.979614080253478253e+22 9.980035042076620594e+22 9.980449136778615875e+22 9.980856114815165058e+22 9.981255734595204992e+22 9.981647762464508687e+22 9.982031972676036618e+22 9.982408147347743703e+22 9.982776076408516405e+22 9.983135557533365699e+22 9.983486396068307088e+22 9.983828404946098717e+22 9.984161404593305656e+22 9.984485222829884912e+22 9.984799694761774337e+22 9.985104662667413212e+22 9.985399975879199477e+22 9.985685490660452336e+22 9.985961070078541273e+22 9.986226583875575664e+22 9.986481908336649935e+22 9.986726926156964666e+22 9.986961526308295043e+22 9.987185603905674071e+22 9.987399060074882767e+22 9.987601801821488887e+22 9.987793741902068371e+22 9.987974798698334283e+22 9.988144896094525561e+22 9.988303963359149451e+22 9.988451935031002137e+22 9.988588750810467480e+22 9.988714355456337143e+22 9.988828698688967462e+22 9.988931735099521420e+22 9.989023424066525489e+22 9.989103729679622210e+22 9.989172620670810456e+22 9.989230070353656545e+22 9.989276056570898992e+22 9.989310561650136528e+22 9.989333572368455015e+22 9.989345079925468142e+22 9.989345079925468142e+22
9.953403149354171315e+22 9.953403149354171315e+22 9.953398566682998132e+22 9.953389446820573846e+22 9.953375880447417070e+22 9.953358002887302159e+22 9.953335993273606052e+22 9.953310073443266960e+22 9.953280506563334347e+22 9.953247595497235520e+22 9.953211680920415764e+22 9.953173139197458488e+22 9.953132380035833502e+22 9.953089843934340841e+22 9.953045999447449797e+22 9.953001340289479292e+22 9.952956382305338996e+22 9.952911660336339013e+22 9.952867725011330898e+22 9.952825139494506411e+22 9.952784476220979098e+22 9.952746313651055703e+22 9.952711233073017206e+22 9.952679815482088568e+22 9.952652638561281402e+22 9.952630273786877942e+22 9.952613283678182284e+22 9.952602219208217146e+22 9.952597617388120179e+22 9.952599999035601427e+22 9.952609866733352439e+22 9.952627702981856330e+22 9.952653968546855492e+22 9.952689101000413282e+22 9.952733513451746152e+22 9.952787593462474290e+22 9.952851702139475880e+22 9.952926173397489864e+22 9.953011313382318617e+22 9.953107400045587595e+22 9.953214682861200317e+22 9.953333382673251225e+22 9.953463691665986080e+22 9.953605773445686519e+22 9.953759763225132191e+22 9.953925768101414673e+22 9.954103867418415936e+22 9.954294113205616430e+22 9.954496530685377695e+22 9.954711118841409805e+22 9.954937851041576858e+22 9.955176675708537668e+22 9.955427517032524100e+22 9.955690275720527662e+22 9.955964829777101062e+22 9.956251035311862396e+22 9.956548727369685480e+22 9.956857720779360227e+22 9.957177811017271974e+22 9.957508775082667173e+22 9.957850372381616374e+22 9.958202345616407999e+22 9.958564421678233813e+22 9.958936312540553858e+22 9.959317716150886020e+22 9.959708317318902920e+22 9.960107788599213792e+22 9.960515791166625127e+22 9.960931975682781191e+22 9.961355983152115771e+22 9.961787445766021290e+22 9.962225987733993764e+22 9.962671226100220166e+22 9.963122771544859948e+22 9.963580229168611407e+22 9.964043199259866667e+22 9.964511278043524130e+22 9.964984058410475245e+22 9.965461130627166660e+22 9.965942083024679076e+22 9.966426502666284276e+22 9.966913975993401501e+22 9.967404089449233410e+22 9.967896430079559860e+22 9.968390586110565365e+22 9.968886147503121393e+22 9.969382706483505083e+22 9.969879858050138269e+22 9.970377200456455894e+22 9.970874335669405509e+22 9.971370869804045959e+22 9.971866413533787220e+22 9.972360582476717674e+22 9.972852997557750386e+22 9.973343285347160477e+22 9.973831078375342473e+22 9.974316015424326179e+22 9.974797741796057783e+22 9.975275909558264922e+22 9.975750177767568494e+22 9.976220212671139755e+22 9.976685687886444705e+22 9.977146284560402822e+22 9.977601691507951770e+22 9.978051605330717678e+22 9.978495730516556041e+22 9.978933779520431325e+22 9.979365472827276159e+22 9.979790538997618652e+22 9.980208714696630469e+22 9.980619744707320427e+22 9.981023381928635322e+22 9.981419387359246418e+22 9.981807530067746410e+22 9.982187587150186283e+22 9.982559343675505744e+22 9.982922592620050068e+22 9.983277134791651518e+22 9.983622778744219894e+22 9.983959340683863943e+22 9.984286644366859043e+22 9.984604520991194245e+22 9.984912809081344675e+22 9.985211354368203712e+22 9.985500009664233656e+22 9.985778634735203910e+22 9.986047096168587146e+22 9.986305267240262645e+22 9.986553027779817059e+22 9.986790264034836873e+22 9.987016868535994417e+22 9.987232739962420776e+22 9.987437783009009756e+22 9.987631908255723369e+22 9.987815032039838371e+22 9.987987076331778081e+22 9.988147968614826456e+22 9.988297641769806542e+22 9.988436033964557206e+22 9.988563088549506712e+22 9.988678753958994169e+22 9.988782983619716265e+22 9.988875735865663422e+22 9.988956973860951320e+22 9.989026665529950496e+22 9.989084783495688801e+22 9.989131305026605548e+22 9.989166211991769763e+22 9.989189490824633018e+22 9.989201132496101992e+22 9.989201132496101992e+22
9.953620613272361658e+22 9.953620613272361658e+22 9.953615206124500707e+22 9.953604440784581008e+22 9.953588414864778959e+22 9.953567274035582704e+22 9.953541211130657191e+22 9.953510464957460355e+22 9.953475318818152015e+22 9.953436098747192626e+22 9.953393171475104321e+22 9.953346942130247329e+22 9.953297851694790056e+22 9.953246374233889781e+22 9.953193013921214733e+22 9.953138301887513520e+22 9.953082792921662489e+22 9.953027062056896535e+22 9.952971701076175408e+22 9.952917314972286766e+22 9.952864518398320784e+22 9.952813932143627679e+22 9.952766179668653192e+22 9.952721883730411310e+22 9.952681663127055080e+22 9.952646129586679474e+22 9.952615884822107967e+22 9.952591517769347681e+22 9.952573602023297620e+22 9.952562693480818252e+22 9.952559328197111657e+22 9.952564020458507626e+22 9.952577261071039988e+22 9.952599515862046605e+22 9.952631224389565258e+22 9.952672798852066260e+22 9.952724623190170114e+22 9.952787052370426488e+22 9.952860411840484187e+22 9.952944997144513741e+22 9.953041073687697241e+22 9.953148876638185639e+22 9.953268610955458956e+22 9.953400451533843621e+22 9.953544543451102157e+22 9.953701002311458462e+22 9.953869914674025831e+22 9.954051338557391792e+22 9.954245304012039940e+22 9.954451813752829169e+22 9.954670843844396633e+22 9.954902344432677919e+22 9.955146240516544895e+22 9.955402432753858668e+22 9.955670798296919572e+22 9.955951191652307881e+22 9.956243445561305124e+22 9.956547371896344360e+22 9.956862762570363804e+22 9.957189390455686562e+22 9.957527010309076052e+22 9.957875359700697167e+22 9.958234159944067292e+22 9.958603117024868146e+22 9.958981922526365273e+22 9.959370254549556134e+22 9.959767778626161030e+22 9.960174148622841230e+22 9.960589007634802147e+22 9.961011988868026597e+22 9.961442716507834627e+22 9.961880806573434366e+22 9.962325867756663708e+22 9.962777502244315490e+22 9.963235306522740890e+22 9.963698872163935820e+22 9.964167786592390559e+22 9.964641633831727871e+22 9.965119995230483697e+22 9.965602450166587484e+22 9.966088576729689883e+22 9.966577952380822749e+22 9.967070154589289107e+22 9.967564761445939177e+22 9.968061352252710008e+22 9.968559508088237431e+22 9.969058812348894439e+22 9.969558851265683784e+22 9.970059214396298625e+22 9.970559495092611265e+22 9.971059290943343349e+22 9.971558204192311791e+22 9.972055842131728663e+22 9.972551817471367053e+22 9.973045748683207030e+22 9.973537260322098564e+22 9.974025983322604175e+22 9.974511555272387015e+22 9.974993620662300443e+22 9.975471831114044775e+22 9.975945845585146282e+22 9.976415330552323768e+22 9.976879960173578289e+22 9.977339416429323092e+22 9.977793389243437941e+22 9.978241576584742751e+22 9.978683684549573371e+22 9.979119427425910810e+22 9.979548527740174572e+22 9.979970716287003892e+22 9.980385732143016732e+22 9.980793322665205878e+22 9.981193243474693561e+22 9.981585258426893179e+22 9.981969139568507617e+22 9.982344667082548629e+22 9.982711629221998048e+22 9.983069822232989952e+22 9.983419050268344241e+22 9.983759125292431442e+22 9.984089866977873704e+22 9.984411102595471167e+22 9.984722666897665740e+22 9.985024401996575775e+22 9.985316157237638463e+22 9.985597789069341465e+22 9.985869160909921216e+22 9.986130143012257687e+22 9.986380612327007532e+22 9.986620452365294318e+22 9.986849553061670552e+22 9.987067810637577978e+22 9.987275127466824512e+22 9.987471411942993900e+22 9.987656578349863535e+22 9.987830546735483060e+22 9.987993242790034565e+22 9.988144597728967524e+22 9.988284548180869959e+22 9.988413036081421327e+22 9.988530008573440583e+22 9.988635417913876650e+22 9.988729221387741299e+22 9.988811381229392128e+22 9.988881864552054836e+22 9.988940643285195555e+22 9.988987694120461297e+22 9.989022998466257329e+22 9.989046542411028549e+22 9.989058316695850556e+22 9.989058316695850556e+22
9.953877036351182026e+22 9.953877036351182026e+22 9.953870754387856667e+22 9.953858243146757754e+22 9.953839607679040671e+22 9.953815004761720619e+22 9.953784641939128189e+22 9.953748776246975241e+22 9.953707712622607991e+22 9.953661802006755620e+22 9.953611439145013687e+22 9.953557060101413745e+22 9.953499139499774234e+22 9.953438187513626336e+22 9.953374746629796738e+22 9.953309388214836291e+22 9.953242708917937924e+22 9.953175326946911427e+22 9.953107878256337905e+22 9.953041012688261480e+22 9.952975390106441902e+22 9.952911676564156554e+22 9.952850540543698220e+22 9.952792649303431578e+22 9.952738665364266680e+22 9.952689243163810647e+22 9.952645025901558156e+22 9.952606642594392729e+22 9.952574705356328927e+22 9.952549806912729566e+22 9.952532518353814684e+22 9.952523387129757381e+22 9.952522935285000962e+22 9.952531657927217172e+22 9.952550021923325608e+22 9.952578464813553182e+22 9.952617393932427120e+22 9.952667185724774574e+22 9.952728185244124132e+22 9.952800705820422989e+22 9.952885028883735249e+22 9.952981403931083434e+22 9.953090048623731173e+22 9.953211149002392941e+22 9.953344859809021061e+22 9.953491304903930911e+22 9.953650577768015148e+22 9.953822742080416802e+22 9.954007832362626738e+22 9.954205854681131909e+22 9.954416787400465737e+22 9.954640581980444636e+22 9.954877163810921749e+22 9.955126433078137219e+22 9.955388265658145204e+22 9.955662514031735865e+22 9.955949008217273742e+22 9.956247556717026686e+22 9.956557947473987266e+22 9.956879948835280912e+22 9.957213310520063636e+22 9.957557764588429745e+22 9.957913026409552832e+22 9.958278795626392479e+22 9.958654757115211756e+22 9.959040581937934211e+22 9.959435928285481429e+22 9.959840442410856350e+22 9.960253759550089960e+22 9.960675504830056445e+22 9.961105294161655261e+22 9.961542735117346773e+22 9.961987427791907324e+22 9.962438965645413869e+22 9.962896936327553902e+22 9.963360922482408371e+22 9.963830502532882157e+22 9.964305251444127800e+22 9.964784741465276285e+22 9.965268542848860842e+22 9.965756224547497548e+22 9.966247354886987239e+22 9.966741502216085334e+22 9.967238235531775259e+22 9.967737125080367576e+22 9.968237742933820834e+22 9.968739663541091225e+22 9.969242464254534510e+22 9.969745725831105217e+22 9.970249032908292699e+22 9.970751974454876281e+22 9.971254144196450818e+22 9.971755141015927364e+22 9.972254569329017330e+22 9.972752039435000454e+22 9.973247167842964472e+22 9.973739577573803400e+22 9.974228898438308273e+22 9.974714767291625505e+22 9.975196828264784147e+22 9.975674732973223261e+22 9.976148140703463611e+22 9.976616718577806239e+22 9.977080141698104820e+22 9.977538093268870155e+22 9.977990264700669841e+22 9.978436355694069704e+22 9.978876074305180716e+22 9.979309136993237493e+22 9.979735268651129478e+22 9.980154202619596138e+22 9.980565680685723733e+22 9.980969453066830794e+22 9.981365278380170150e+22 9.981752923599603447e+22 9.982132163999900788e+22 9.982502783089579865e+22 9.982864572533123423e+22 9.983217332063392131e+22 9.983560869385101902e+22 9.983895000070337069e+22 9.984219547446738629e+22 9.984534342479451364e+22 9.984839223647593195e+22 9.985134036815894387e+22 9.985418635102743062e+22 9.985692878745088347e+22 9.985956634961256435e+22 9.986209777812219783e+22 9.986452188062366355e+22 9.986683753040533940e+22 9.986904366501416927e+22 9.987113928489258136e+22 9.987312345203377753e+22 9.987499528866566137e+22 9.987675397597432696e+22 9.987839875286767868e+22 9.987992891478559110e+22 9.988134381256623889e+22 9.988264285136904992e+22 9.988382548966053931e+22 9.988489123827169834e+22 9.988583965952388471e+22 9.988667036643109949e+22 9.988738302198512668e+22 9.988797733852100218e+22 9.988845307716536212e+22 9.988881004737993481e+22 9.988904810658742560e+22 9.988916715989128708e+22 9.988916715989128708e+22
9.954173337851181767e+22 9.954173337851181767e+22 9.954166127845454538e+22 9.954151764519701552e+22 9.954130360904895903e+22 9.954102085695874007e+22 9.954067162228361632e+22 9.954025867114873828e+22 9.953978528540337688e+22 9.953925524221533251e+22 9.953867279036895671e+22 9.953804262338125732e+22 9.953736984959610834e+22 9.953665995947273880e+22 9.953591879034146600e+22 9.953515248895265446e+22 9.953436747219650531e+22 9.953357038641218375e+22 9.953276806573247483e+22 9.953196748993493729e+22 9.953117574226190218e+22 9.953039996767817223e+22 9.952964733199910647e+22 9.952892498229543410e+22 9.952824000893728640e+22 9.952759940958732157e+22 9.952701005540401296e+22 9.952647865965503473e+22 9.952601174888741129e+22 9.952561563675081572e+22 9.952529640051302413e+22 9.952505986027319670e+22 9.952491156082741844e+22 9.952485675611887082e+22 9.952490039617284316e+22 9.952504711639516735e+22 9.952530122910197193e+22 9.952566671713407232e+22 9.952614722940574053e+22 9.952674607823464484e+22 9.952746623830134358e+22 9.952831034708972064e+22 9.952928070666427983e+22 9.953037928665053345e+22 9.953160772828643144e+22 9.953296734942767612e+22 9.953445915039426308e+22 9.953608382055376015e+22 9.953784174555168349e+22 9.953973301509664591e+22 9.954175743122719585e+22 9.954391451698699698e+22 9.954620352544402466e+22 9.954862344899747486e+22 9.955117302891819513e+22 9.955385076507836259e+22 9.955665492582480845e+22 9.955958355796090788e+22 9.956263449680129976e+22 9.956580537626943868e+22 9.956909363900700846e+22 9.957249654647628916e+22 9.957601118902465803e+22 9.957963449589649375e+22 9.958336324517075773e+22 9.958719407360576376e+22 9.959112348637971087e+22 9.959514786670558839e+22 9.959926348531258465e+22 9.960346650977990659e+22 9.960775301370931996e+22 9.961211898572850804e+22 9.961656033831345455e+22 9.962107291642317347e+22 9.962565250593366580e+22 9.963029484186845263e+22 9.963499561641612149e+22 9.963975048672668182e+22 9.964455508248335745e+22 9.964940501324352455e+22 9.965429587554272176e+22 9.965922325975822605e+22 9.966418275672868782e+22 9.966916996412502704e+22 9.967418049257146627e+22 9.967920997151247276e+22 9.968425405482550900e+22 9.968930842617747761e+22 9.969436880412246173e+22 9.969943094694465294e+22 9.970449065724087999e+22 9.970954378624862729e+22 9.971458623791682499e+22 9.971961397272347096e+22 9.972462301124107436e+22 9.972960943745163225e+22 9.973456940181637353e+22 9.973949912410075693e+22 9.974439489596134995e+22 9.974925308329626645e+22 9.975407012836656179e+22 9.975884255169012879e+22 9.976356695371673502e+22 9.976824001628811035e+22 9.977285850388935947e+22 9.977741926469882977e+22 9.978191923144234002e+22 9.978635542205868225e+22 9.979072494018391284e+22 9.979502497546243565e+22 9.979925280369199075e+22 9.980340578680971251e+22 9.980748137272814915e+22 9.981147709503078977e+22 9.981539057253171279e+22 9.981921950871259290e+22 9.982296169104092535e+22 9.982661499018205043e+22 9.983017735911140386e+22 9.983364683213556626e+22 9.983702152383350335e+22 9.984029962792217451e+22 9.984347941605989784e+22 9.984655923659320957e+22 9.984953751325587485e+22 9.985241274382941159e+22 9.985518349877536149e+22 9.985784841984199256e+22 9.986040621865794902e+22 9.986285567532150555e+22 9.986519563698748942e+22 9.986742501646749034e+22 9.986954279084256920e+22 9.987154800010051191e+22 9.987343974580329906e+22 9.987521718979056265e+22 9.987687955292451609e+22 9.987842611388675942e+22 9.987985620802528189e+22 9.988116922626298662e+22 9.988236461407017003e+22 9.988344187050746551e+22 9.988440054733841262e+22 9.988524024822334541e+22 9.988596062799194908e+22 9.988656139199849483e+22 9.988704229556745352e+22 9.988740314352425370e+22 9.988764378981942166e+22 9.988776413724528135e+22 9.988776413724528135e+22
9.954510445852665840e+22 9.954510445852665840e+22 9.954502251479508504e+22 9.954485923705760881e+22 9.954461584116236157e+22 9.954429414186110314e+22 9.954389654194729936e+22 9.954342601773161644e+22 9.954288610083424594e+22 9.954228085630659304e+22 9.954161485712636825e+22 9.954089315516191395e+22 9.954012124876217988e+22 9.953930504719823589e+22 9.953845083224973876e+22 9.953756521730330434e+22 9.953665510438899338e+22 9.953572763963465558e+22 9.953479016765686651e+22 9.953385018542987516e+22 9.953291529617334180e+22 9.953199316379758284e+22 9.953109146840544471e+22 9.953021786331493171e+22 9.952937993401168350e+22 9.952858515937788586e+22 9.952784087547933780e+22 9.952715424212570866e+22 9.952653221235192653e+22 9.952598150490525532e+22 9.952550857976738690e+22 9.952511961668842947e+22 9.952482049666747833e+22 9.952461678627601881e+22 9.952451372469844967e+22 9.952451621333299416e+22 9.952462880779239057e+22 9.952485571212699343e+22 9.952520077509253084e+22 9.952566748828533365e+22 9.952625898596800345e+22 9.952697804642078373e+22 9.952782709465515714e+22 9.952880820634051936e+22 9.952992311280175940e+22 9.953117320695869604e+22 9.953255955008773213e+22 9.953408287929607075e+22 9.953574361560945734e+22 9.953754187258426032e+22 9.953947746536357731e+22 9.954154992010472194e+22 9.954375848371259284e+22 9.954610213382320764e+22 9.954857958898371500e+22 9.955118931898393847e+22 9.955392955529799559e+22 9.955679830159968646e+22 9.955979334431927173e+22 9.956291226320991420e+22 9.956615244190257775e+22 9.956951107841928515e+22 9.957298519562980321e+22 9.957657165162754553e+22 9.958026715000915729e+22 9.958406825004308523e+22 9.958797137671072462e+22 9.959197283060640278e+22 9.959606879768635087e+22 9.960025535885332605e+22 9.960452849936659959e+22 9.960888411806761379e+22 9.961331803641456309e+22 9.961782600731313203e+22 9.962240372374037017e+22 9.962704682715041287e+22 9.963175091565867565e+22 9.963651155199811335e+22 9.964132427123940708e+22 9.964618458827101884e+22 9.965108800503948299e+22 9.965603001753733484e+22 9.966100612254151161e+22 9.966601182409732705e+22 9.967104263974478152e+22 9.967609410648635186e+22 9.968116178649309040e+22 9.968624127254983816e+22 9.969132819323606270e+22 9.969641821784726988e+22 9.970150706104970825e+22 9.970659048727719077e+22 9.971166431486570555e+22 9.971672441992943921e+22 9.972176673998101493e+22 9.972678727729777371e+22 9.973178210203622965e+22 9.973674735510157787e+22 9.974167925077148330e+22 9.974657407908284098e+22 9.975142820798261520e+22 9.975623808525158213e+22 9.976100024020221768e+22 9.976571128516121618e+22 9.977036791673851897e+22 9.977496691689216436e+22 9.977950515379503209e+22 9.978397958250950558e+22 9.978838724547943019e+22 9.979272527284530682e+22 9.979699088258964967e+22 9.980118138052502408e+22 9.980529416012704619e+22 9.980932670222378625e+22 9.981327657455175965e+22 9.981714143118233069e+22 9.982091901183141400e+22 9.982460714106017441e+22 9.982820372737429183e+22 9.983170676223175662e+22 9.983511431896686291e+22 9.983842455164323417e+22 9.984163569383663626e+22 9.984474605736584806e+22 9.984775403097348584e+22 9.985065807896740102e+22 9.985345673983238236e+22 9.985614862481778278e+22 9.985873241651239558e+22 9.986120686741199887e+22 9.986357079848847724e+22 9.986582309776734867e+22 9.986796271892325990e+22 9.986998867989798008e+22 9.987190006154664713e+22 9.987369600632620895e+22 9.987537571702082476e+22 9.987693845552169170e+22 9.987838354165773998e+22 9.987971035209006475e+22 9.988091831926878582e+22 9.988200693046194890e+22 9.988297572685762580e+22 9.988382430274439768e+22 9.988455230477496956e+22 9.988515943131190919e+22 9.988564543186480503e+22 9.988601010661558845e+22 9.988625330603686887e+22 9.988637493060450648e+22 9.988637493060450648e+22
9.954889298860755963e+22 9.954889298860755963e+22 9.954880060474214528e+22 9.954861649262458542e+22 9.954834195969672951e+22 9.954797895763538792e+22 9.954753007089559064e+22 9.954699850132896717e+22 9.954638804882404724e+22 9.954570308793177368e+22 9.954494854048706567e+22 9.954412984429501743e+22 9.954325291802821447e+22 9.954232412256122333e+22 9.954135021906774983e+22 9.954033832428467913e+22 9.953929586343277494e+22 9.953823052134943084e+22 9.953715019243631254e+22 9.953606293005293270e+22 9.953497689599328964e+22 9.953390031066433061e+22 9.953284140455127784e+22 9.953180837149756149e+22 9.953080932426506148e+22 9.952985225275888999e+22 9.952894498522561669e+22 9.952809515264921462e+22 9.952731015648939658e+22 9.952659713983612820e+22 9.952596296198451207e+22 9.952541417637964415e+22 9.952495701183009128e+22 9.952459735685194685e+22 9.952434074697505492e+22 9.952419235482317934e+22 9.952415698276449255e+22 9.952423905792530317e+22 9.952444262935552852e+22 9.952477136714121347e+22 9.952522856326253406e+22 9.952581713401005212e+22 9.952653962377728885e+22 9.952739821006635821e+22 9.952839470955135343e+22 9.952953058506048746e+22 9.953080695334862481e+22 9.953222459354680761e+22 9.953378395618457262e+22 9.953548517269206309e+22 9.953732806530331732e+22 9.953931215728253547e+22 9.954143668341445335e+22 9.954370060069696543e+22 9.954610259918939016e+22 9.954864111297032408e+22 9.955131433116374558e+22 9.955412020900415930e+22 9.955705647890427386e+22 9.956012066150244627e+22 9.956331007666247906e+22 9.956662185440652663e+22 9.957005294576124664e+22 9.957360013349825492e+22 9.957726004275628422e+22 9.958102915152696102e+22 9.958490380099619756e+22 9.958888020572297914e+22 9.959295446365163749e+22 9.959712256594137003e+22 9.960138040660840782e+22 9.960572379196845090e+22 9.961014844987569655e+22 9.961465003874537439e+22 9.961922415635926824e+22 9.962386634844149069e+22 9.962857211700496355e+22 9.963333692845815182e+22 9.963815622146799121e+22 9.964302541457758303e+22 9.964793991357169402e+22 9.965289511858586675e+22 9.965788643095954326e+22 9.966290925982570250e+22 9.966795902843936047e+22 9.967303118023929574e+22 9.967812118464539971e+22 9.968322454258621560e+22 9.968833679176074317e+22 9.969345351163202608e+22 9.969857032815173331e+22 9.970368291822254634e+22 9.970878701389135584e+22 9.971387840628197530e+22 9.971895294926654957e+22 9.972400656287943308e+22 9.972903523647566853e+22 9.973403503163953539e+22 9.973900208484496336e+22 9.974393260987447142e+22 9.974882289999966896e+22 9.975366932992935907e+22 9.975846835753160226e+22 9.976321652533470691e+22 9.976791046181266601e+22 9.977254688246309323e+22 9.977712259068552702e+22 9.978163447846391094e+22 9.978607952686333349e+22 9.979045480634903010e+22 9.979475747693299918e+22 9.979898478815910402e+22 9.980313407893343830e+22 9.980720277720878023e+22 9.981118839953229559e+22 9.981508855046405620e+22 9.981890092187528253e+22 9.982262329213746728e+22 9.982625352520808425e+22 9.982978956962407278e+22 9.983322945741032889e+22 9.983657130291487991e+22 9.983981330157648059e+22 9.984295372863491487e+22 9.984599093779442224e+22 9.984892335984565079e+22 9.985174950125660589e+22 9.985446794274170470e+22 9.985707733781541238e+22 9.985957641134027466e+22 9.986196395807587330e+22 9.986423884123501232e+22 9.986639999106243625e+22 9.986844640343007376e+22 9.987037713846670826e+22 9.987219131922675610e+22 9.987388813039895786e+22 9.987546681706753189e+22 9.987692668352850821e+22 9.987826709216716495e+22 9.987948746240136577e+22 9.988058726969648559e+22 9.988156604465492787e+22 9.988242337218530011e+22 9.988315889075524049e+22 9.988377229173000975e+22 9.988426331879904589e+22 9.988463176749668945e+22 9.988487748481476408e+22 9.988500036891014962e+22 9.988500036891014962e+22
9.955310847625104510e+22 9.955310847625104510e+22 9.955300502023552421e+22 9.955279881285572493e+22 9.955249125948197228e+22 9.955208445829197490e+22 9.955158118828924207e+22 9.955098489313904139e+22 9.955029966070514450e+22 9.954953019819488497e+22 9.954868180286518277e+22 9.954776032831845958e+22 9.954677214651221017e+22 9.954572410571053439e+22 9.954462348472716624e+22 9.954347794391640729e+22 9.954229547347648446e+22 9.954108433971206003e+22 9.953985302996317110e+22 9.953861019694716787e+22 9.953736460325909588e+22 9.953612506676006276e+22 9.953490040752905703e+22 9.953369939699226483e+22 9.953253070975306564e+22 9.953140287855364617e+22 9.953032425270359255e+22 9.952930296020352998e+22 9.952834687370532592e+22 9.952746358035781255e+22 9.952666035551450694e+22 9.952594414021105418e+22 9.952532152226990470e+22 9.952479872084708898e+22 9.952438157420625763e+22 9.952407553048653175e+22 9.952388564121770630e+22 9.952381655733614779e+22 9.952387252745440906e+22 9.952405739814718013e+22 9.952437461602760288e+22 9.952482723139831202e+22 9.952541790328290542e+22 9.952614890565242192e+22 9.952702213468338310e+22 9.952803911689658853e+22 9.952920101804279910e+22 9.953050865261504941e+22 9.953196249388180885e+22 9.953356268434661940e+22 9.953530904655139806e+22 9.953720109415208373e+22 9.953923804320191899e+22 9.954141882358782388e+22 9.954374209057156026e+22 9.954620623639278728e+22 9.954880940189907786e+22 9.955154948816912358e+22 9.955442416810221738e+22 9.955743089794822753e+22 9.956056692875898703e+22 9.956382931773828157e+22 9.956721493947776919e+22 9.957072049705908489e+22 9.957434253301328852e+22 9.957807744012134855e+22 9.958192147204762554e+22 9.958587075379311778e+22 9.958992129196269817e+22 9.959406898483382610e+22 9.959830963222285910e+22 9.960263894513775700e+22 9.960705255521249762e+22 9.961154602391639268e+22 9.961611485153124051e+22 9.962075448589322866e+22 9.962546033089045961e+22 9.963022775471593174e+22 9.963505209786735211e+22 9.963992868089314358e+22 9.964485281187837143e+22 9.964981979366968368e+22 9.965482493083525526e+22 9.965986353635653163e+22 9.966493093805133555e+22 9.967002248472728017e+22 9.967513355206199869e+22 9.968025954821171734e+22 9.968539591914573896e+22 9.969053815371124965e+22 9.969568178842321394e+22 9.970082241198543182e+22 9.970595566954248929e+22 9.971107726666323984e+22 9.971618297306120244e+22 9.972126862605289941e+22 9.972633013375606351e+22 9.973136347803620370e+22 9.973636471719968375e+22 9.974132998844336361e+22 9.974625551006103817e+22 9.975113758341590103e+22 9.975597259468270731e+22 9.976075701636512193e+22 9.976548740859714496e+22 9.977016042023267441e+22 9.977477278973193041e+22 9.977932134585109945e+22 9.978380300814355372e+22 9.978821478727925576e+22 9.979255378519236438e+22 9.979681719506351790e+22 9.980100230114514987e+22 9.980510647843976905e+22 9.980912719223878740e+22 9.981306199753293509e+22 9.981690853829766860e+22 9.982066454667041597e+22 9.982432784202116943e+22 9.982789632993209509e+22 9.983136800108919652e+22 9.983474093010047730e+22 9.983801327424565255e+22 9.984118327216730800e+22 9.984424924251530094e+22 9.984720958255002341e+22 9.985006276671185931e+22 9.985280734517076060e+22 9.985544194236028761e+22 9.985796525550269052e+22 9.986037605314001371e+22 9.986267317367006560e+22 9.986485552390248753e+22 9.986692207763790810e+22 9.986887187427721268e+22 9.987070401747017217e+22 9.987241767380893408e+22 9.987401207157132519e+22 9.987548649951958611e+22 9.987684030576272500e+22 9.987807289668670167e+22 9.987918373595408604e+22 9.988017234358094214e+22 9.988103829509724596e+22 9.988178122078570309e+22 9.988240080501331093e+22 9.988289678565016234e+22 9.988326895358369491e+22 9.988351715232387275e+22 9.988364127770948456e+22 9.988364127770948456e+22
9.955776057183206742e+22 9.955776057183206742e+22 9.955764537364607245e+22 9.955741573421383392e+22 9.955707316338630957e+22 9.955661991579094509e+22 9.955605897845023965e+22 9.955539405396461696e+22 9.955462953906059031e+22 9.955377049832155146e+22 9.955282263297985033e+22 9.955179224473392697e+22 9.955068619467805583e+22 9.954951185756981926e+22 9.954827707180756291e+22 9.954699008564287609e+22 9.954565950027474141e+22 9.954429421059344800e+22 9.954290334441306220e+22 9.954149620107414864e+22 9.954008219030808166e+22 9.953867077221685710e+22 9.953727139916572472e+22 9.953589346029088539e+22 9.953454622922519242e+22 9.953323881551682024e+22 9.953198012009976483e+22 9.953077879505151014e+22 9.952964320775952872e+22 9.952858140951829283e+22 9.952760110848621412e+22 9.952670964686344579e+22 9.952591398209173691e+22 9.952522067183229783e+22 9.952463586245283833e+22 9.952416528073668690e+22 9.952381422851342729e+22 9.952358757992446401e+22 9.952348978103258291e+22 9.952352485150485696e+22 9.952369638811198764e+22 9.952400756980688565e+22 9.952446116416478983e+22 9.952505953498525860e+22 9.952580465088203745e+22 9.952669809469915398e+22 9.952774107361333530e+22 9.952893442980118004e+22 9.953027865155919780e+22 9.953177388478539760e+22 9.953341994473922704e+22 9.953521632801013629e+22 9.953716222463037565e+22 9.953925653028411120e+22 9.954149785856415420e+22 9.954388455323899160e+22 9.954641470049614404e+22 9.954908614113391700e+22 9.955189648267594328e+22 9.955484311138783042e+22 9.955792320417710578e+22 9.956113374035996731e+22 9.956447151328099880e+22 9.956793314177340093e+22 9.957151508144779271e+22 9.957521363580112758e+22 9.957902496713381249e+22 9.958294510726917443e+22 9.958696996806785919e+22 9.959109535172665960e+22 9.959531696085918967e+22 9.959963040835132457e+22 9.960403122698137371e+22 9.960851487880740287e+22 9.961307676430962577e+22 9.961771223128620401e+22 9.962241658349826133e+22 9.962718508905802183e+22 9.963201298855914950e+22 9.963689550294390355e+22 9.964182784110279786e+22 9.964680520720751945e+22 9.965182280777208955e+22 9.965687585844035479e+22 9.966195959049865082e+22 9.966706925711340339e+22 9.967220013929136862e+22 9.967734755156081770e+22 9.968250684737836391e+22 9.968767342425636497e+22 9.969284272861496109e+22 9.969801026035955374e+22 9.970317157718503404e+22 9.970832229860771679e+22 9.971345810973120476e+22 9.971857476474465629e+22 9.972366809015989882e+22 9.972873398779065978e+22 9.973376843747720325e+22 9.973876749956365366e+22 9.974372731712738584e+22 9.974864411797425540e+22 9.975351421639758918e+22 9.975833401471180734e+22 9.976310000456666658e+22 9.976780876804596643e+22 9.977245697856194268e+22 9.977704140155007900e+22 9.978155889497175228e+22 9.978600640963659013e+22 9.979038098934574822e+22 9.979467977087129118e+22 9.979889998377681053e+22 9.980303895008713166e+22 9.980709408381935708e+22 9.981106289038044692e+22 9.981494296584298011e+22 9.981873199610716593e+22 9.982242775595804839e+22 9.982602810802805355e+22 9.982953100167330188e+22 9.983293447177277905e+22 9.983623663745982739e+22 9.983943570079634319e+22 9.984252994539451161e+22 9.984551773500173242e+22 9.984839751204999476e+22 9.985116779618411269e+22 9.985382718277501216e+22 9.985637434142585415e+22 9.985880801447956709e+22 9.986112701553800590e+22 9.986333022799547230e+22 9.986541660359884381e+22 9.986738516103850571e+22 9.986923498457719951e+22 9.987096522272625027e+22 9.987257508697177326e+22 9.987406385055669839e+22 9.987543084732757154e+22 9.987667547065004170e+22 9.987779717239492995e+22 9.987879546200360432e+22 9.987966990563401951e+22 9.988042012539342763e+22 9.988104579865729040e+22 9.988154665748239535e+22 9.988192248811243124e+22 9.988217313058028415e+22 9.988229847840831255e+22 9.988229847840831255e+22
9.956285909132832775e+22 9.956285909132832775e+22 9.956273144043954766e+22 9.956247695118519239e+22 9.956209724456665140e+22 9.956159474185496062e+22 9.956097265200500467e+22 9.956023495440055298e+22 9.955938637661092603e+22 9.955843236685845994e+22 9.955737906095678764e+22 9.955623324359883909e+22 9.955500230402390360e+22 9.955369418627380517e+22 9.955231733444081038e+22 9.955088063350378280e+22 9.954939334651777594e+22 9.954786504906573559e+22 9.954630556197941412e+22 9.954472488338944793e+22 9.954313312116443133e+22 9.954154042676038389e+22 9.953995693141451499e+22 9.953839268549953061e+22 9.953685760172436855e+22 9.953536140270883779e+22 9.953391357331240072e+22 9.953252331794738237e+22 9.953119952297267298e+22 9.952995072414101327e+22 9.952878507897826102e+22 9.952771034388235708e+22 9.952673385567815205e+22 9.952586251731253120e+22 9.952510278735315232e+22 9.952446067293688116e+22 9.952394172581655924e+22 9.952355104115811104e+22 9.952329325876145553e+22 9.952317256638965953e+22 9.952319270492254608e+22 9.952335697506947668e+22 9.952366824540385942e+22 9.952412896150768792e+22 9.952474115603565642e+22 9.952550645953314213e+22 9.952642611186450930e+22 9.952750097412395945e+22 9.952873154092029549e+22 9.953011795294466710e+22 9.953166000973742814e+22 9.953335718259067139e+22 9.953520862752565677e+22 9.953721319829812334e+22 9.953936945938984390e+22 9.954167569895169353e+22 9.954412994166996232e+22 9.954672996153022638e+22 9.954947329445767152e+22 9.955235725081903838e+22 9.955537892776694566e+22 9.955853522141709546e+22 9.956182283884643222e+22 9.956523830990109829e+22 9.956877799880685466e+22 9.957243811557540679e+22 9.957621472719623370e+22 9.958010376861184007e+22 9.958410105346765672e+22 9.958820228463108660e+22 9.959240306447707904e+22 9.959669890493283356e+22 9.960108523727822730e+22 9.960555742169790625e+22 9.961011075657888275e+22 9.961474048755345496e+22 9.961944181628045204e+22 9.962420990896183548e+22 9.962903990459349913e+22 9.963392692294562034e+22 9.963886607227039829e+22 9.964385245673315264e+22 9.964888118356909805e+22 9.965394736995950291e+22 9.965904614962815513e+22 9.966417267915659149e+22 9.966932214401787232e+22 9.967448976432729109e+22 9.967967080031370976e+22 9.968486055750658739e+22 9.969005439164479229e+22 9.969524771330635858e+22 9.970043599226002630e+22 9.970561476154400073e+22 9.971077962127057197e+22 9.971592624216343996e+22 9.972105036882895281e+22 9.972614782276567092e+22 9.973121450511824637e+22 9.973624639917702670e+22 9.974123957263168805e+22 9.974619017958381322e+22 9.975109446232275996e+22 9.975594875287163109e+22 9.976074947431237262e+22 9.976549314189412690e+22 9.977017636393145126e+22 9.977479584250324006e+22 9.977934837395753429e+22 9.978383084923070815e+22 9.978824025398994115e+22 9.979257366860699533e+22 9.979682826797113252e+22 9.980100132115251305e+22 9.980509019092068965e+22 9.980909233313291017e+22 9.981300529599575228e+22 9.981682671921294161e+22 9.982055433302790950e+22 9.982418595716981483e+22 9.982771949971172019e+22 9.983115295585254926e+22 9.983448440662992198e+22 9.983771201757329647e+22 9.984083403730882606e+22 9.984384879611973992e+22 9.984675470447867226e+22 9.984955025155402026e+22 9.985223400370132012e+22 9.985480460294937169e+22 9.985726076548819190e+22 9.985960128016580975e+22 9.986182500700252642e+22 9.986393087573096189e+22 9.986591788436781059e+22 9.986778509782530864e+22 9.986953164656754662e+22 9.987115672531958025e+22 9.987265959183401982e+22 9.987403956572253061e+22 9.987529602735511332e+22 9.987642841683370757e+22 9.987743623304399395e+22 9.987831903279230694e+22 9.987907643002470584e+22 9.987970809513925988e+22 9.988021375439049064e+22 9.988059318938756553e+22 9.988084623669276862e+22 9.988097278751744721e+22 9.988097278751744721e+22
9.956841404136396161e+22 9.956841404136396161e+22 9.956827318420820407e+22 9.956799234126316044e+22 9.956757325131713138e+22 9.956701851252199889e+22 9.956633156990022346e+22 9.956551669798186831e+22 9.956457897809353376e+22 9.956352426981860154e+22 9.956235917623497746e+22 9.956109100268187864e+22 9.955972770899664306e+22 9.955827785540748653e+22 9.955675054251489152e+22 9.955515534605306718e+22 9.955350224733500080e+22 9.955180156048148477e+22 9.955006385764987988e+22 9.954829989354840418e+22 9.954652053051319674e+22 9.954473666536931957e+22 9.954295915918284292e+22 9.954119877085165833e+22 9.953946609531665305e+22 9.953777150697429113e+22 9.953612510868689597e+22 9.953453668660471136e+22 9.953301567085178415e+22 9.953157110198700081e+22 9.953021160303885078e+22 9.952894535681972791e+22 9.952778008816491535e+22 9.952672305069715725e+22 9.952578101769711858e+22 9.952496027665084029e+22 9.952426662705564851e+22 9.952370538108079099e+22 9.952328136670173987e+22 9.952299893295825499e+22 9.952286195701462231e+22 9.952287385273245893e+22 9.952303758050053430e+22 9.952335565809409170e+22 9.952383017236381984e+22 9.952446279158574612e+22 9.952525477832075457e+22 9.952620700266127163e+22 9.952731995575480956e+22 9.952859376351571660e+22 9.953002820044906614e+22 9.953162270352348493e+22 9.953337638604042456e+22 9.953528805145644001e+22 9.953735620712273963e+22 9.953957907791281442e+22 9.954195461971444027e+22 9.954448053276491383e+22 9.954715427481552998e+22 9.954997307411028509e+22 9.955293394216904190e+22 9.955603368636455269e+22 9.955926892228820704e+22 9.956263608589405179e+22 9.956613144542084858e+22 9.956975111308057562e+22 9.957349105651506846e+22 9.957734711001148817e+22 9.958131498547757344e+22 9.958539028316743218e+22 9.958956850215953367e+22 9.959384505058022392e+22 9.959821525557033147e+22 9.960267437299264913e+22 9.960721759687465448e+22 9.961184006858604963e+22 9.961653688574717775e+22 9.962130311086459165e+22 9.962613377969417722e+22 9.963102390932399666e+22 9.963596850598228735e+22 9.964096257256066751e+22 9.964600111585727978e+22 9.965107915353483955e+22 9.965619172079389010e+22 9.966133387675920079e+22 9.966650071058214394e+22 9.967168734725453696e+22 9.967688895313812757e+22 9.968210074120697047e+22 9.968731797600881921e+22 9.969253597834100343e+22 9.969775012964698214e+22 9.970295587613516707e+22 9.970814873262115678e+22 9.971332428609957239e+22 9.971847819904534394e+22 9.972360621245191317e+22 9.972870414860866814e+22 9.973376791362401835e+22 9.973879349969716406e+22 9.974377698714735084e+22 9.974871454620329391e+22 9.975360243856092588e+22 9.975843701871669884e+22 9.976321473508174253e+22 9.976793213088486444e+22 9.977258584487326699e+22 9.977717261181693775e+22 9.978168926282525232e+22 9.978613272548503401e+22 9.979050002382904623e+22 9.979478827814050438e+22 9.979899470460681087e+22 9.980311661482806660e+22 9.980715141519201901e+22 9.981109660612219109e+22 9.981494978121216033e+22 9.981870862624934278e+22 9.982237091814715687e+22 9.982593452378372125e+22 9.982939739876503847e+22 9.983275758611917387e+22 9.983601321492975138e+22 9.983916249891889952e+22 9.984220373498974752e+22 9.984513530173538383e+22 9.984795565792516532e+22 9.985066334097554119e+22 9.985325696541435049e+22 9.985573522134827375e+22 9.985809687293822029e+22 9.986034075689543533e+22 9.986246578099908195e+22 9.986447092265033033e+22 9.986635522746479962e+22 9.986811780791058353e+22 9.986975784199989599e+22 9.987127457204017509e+22 9.987266730344847088e+22 9.987393540363671673e+22 9.987507830097268284e+22 9.987609548381805452e+22 9.987698649965256088e+22 9.987775095428683819e+22 9.987838851116124288e+22 9.987889889074517692e+22 9.987928187002759728e+22 9.987953728211063826e+22 9.987966501589961880e+22 9.987966501589961880e+22
9.957443564653037958e+22 9.957443564653037958e+22 9.957428078406367445e+22 9.957397199244323350e+22 9.957351113462556656e+22 9.957290099562589559e+22 9.957214527055336571e+22 9.957124854763773703e+22 9.957021628553700888e+22 9.956905478420764295e+22 9.956777114872320518e+22 9.956637324560756743e+22 9.956486965150630701e+22 9.956326959433547094e+22 9.956158288737474917e+22 9.955981985711272860e+22 9.955799126593555241e+22 9.955610823099678301e+22 9.955418214076137236e+22 9.955222457079148682e+22 9.955024720033396398e+22 9.954826173117668681e+22 9.954627981008635639e+22 9.954431295594276114e+22 9.954237249244764517e+22 9.954046948704532405e+22 9.953861469646008353e+22 9.953681851902486118e+22 9.953509095379225176e+22 9.953344156624717926e+22 9.953187946031964855e+22 9.953041325629183623e+22 9.952905107413846616e+22 9.952780052179149914e+22 9.952666868781709630e+22 9.952566213798342007e+22 9.952478691522951250e+22 9.952404854256251909e+22 9.952345202845225163e+22 9.952300187432661077e+22 9.952270208381598302e+22 9.952255617343079789e+22 9.952256718439704848e+22 9.952273769541167324e+22 9.952306983611239550e+22 9.952356530108564190e+22 9.952422536426793678e+22 9.952505089361214177e+22 9.952604236592119913e+22 9.952719988175847975e+22 9.952852318037019407e+22 9.953001165456003826e+22 9.953166436547131395e+22 9.953348005724023266e+22 9.953545717149070891e+22 9.953759386164894944e+22 9.953988800705819207e+22 9.954233722688055856e+22 9.954493889377560271e+22 9.954769014734734964e+22 9.955058790735160541e+22 9.955362888666103729e+22 9.955680960398304163e+22 9.956012639632687628e+22 9.956357543121906775e+22 9.956715271866221068e+22 9.957085412283818338e+22 9.957467537355183646e+22 9.957861207741351068e+22 9.958265972876018241e+22 9.958681372031027092e+22 9.959106935355269448e+22 9.959542184886737358e+22 9.959986635537442983e+22 9.960439796051052016e+22 9.960901169932999118e+22 9.961370256352932685e+22 9.961846551019160129e+22 9.962329547024917489e+22 9.962818735666480179e+22 9.963313607232656821e+22 9.963813651765646066e+22 9.964318359793189257e+22 9.964827223031727050e+22 9.965339735060761281e+22 9.965855391967980867e+22 9.966373692965572837e+22 9.966894140977332617e+22 9.967416243196996354e+22 9.967939511617446321e+22 9.968463463531383305e+22 9.968987622003326740e+22 9.969511516313241204e+22 9.970034682371869822e+22 9.970556663108574852e+22 9.971077008831281103e+22 9.971595277559565753e+22 9.972111035330775430e+22 9.972623856480059759e+22 9.973133323894507595e+22 9.973639029242028517e+22 9.974140573175638917e+22 9.974637565513479854e+22 9.975129625395613558e+22 9.975616381417971044e+22 9.976097471744140378e+22 9.976572544196019015e+22 9.977041256323811692e+22 9.977503275456281549e+22 9.977958278732091648e+22 9.978405953113075745e+22 9.978845995380231897e+22 9.979278112113452227e+22 9.979702019655738799e+22 9.980117444062868616e+22 9.980524121039677109e+22 9.980921795863304051e+22 9.981310223295064519e+22 9.981689167481362658e+22 9.982058401844831034e+22 9.982417708966628400e+22 9.982766880460786736e+22 9.983105716841580646e+22 9.983434027384947553e+22 9.983751629984649917e+22 9.984058351004493126e+22 9.984354025127105738e+22 9.984638495200354134e+22 9.984911612082386475e+22 9.985173234485970338e+22 9.985423228823024959e+22 9.985661469050228913e+22 9.985887836516441391e+22 9.986102219812643432e+22 9.986304514625236265e+22 9.986494623593493692e+22 9.986672456171611436e+22 9.986837928495974187e+22 9.986990963258789619e+22 9.987131489587886345e+22 9.987259442933704268e+22 9.987374764964202100e+22 9.987477403467257584e+22 9.987567312262031789e+22 9.987644451119084392e+22 9.987708785689560403e+22 9.987760287444094262e+22 9.987798933621422896e+22 9.987824707187039955e+22 9.987837596801965018e+22 9.987837596801965018e+22
9.958093437886692275e+22 9.958093437886692275e+22 9.958076466430175556e+22 9.958042623320889334e+22 9.957992107851590821e+22 9.957925218139231591e+22 9.957842350044523318e+22 9.957743995585326534e+22 9.957630740741779725e+22 9.957503262547693797e+22 9.957362325376452264e+22 9.957208776352048402e+22 9.957043539850740263e+22 9.956867611100128372e+22 9.956682048926553158e+22 9.956487967746168770e+22 9.956286528933775121e+22 9.956078931734113445e+22 9.955866403900703218e+22 9.955650192256436850e+22 9.955431553366471003e+22 9.955211744501898936e+22 9.954992015050792344e+22 9.954773598506228436e+22 9.954557705131383377e+22 9.954345515369716987e+22 9.954138174039339617e+22 9.953936785323691134e+22 9.953742408547017792e+22 9.953556054705295275e+22 9.953378683708022509e+22 9.953211202277281366e+22 9.953054462443461280e+22 9.952909260574801317e+22 9.952776336877241238e+22 9.952656375303193703e+22 9.952550003810928427e+22 9.952457794920614409e+22 9.952380266518200241e+22 9.952317882862979881e+22 9.952271055760330116e+22 9.952240145865815307e+22 9.952225464091465377e+22 9.952227273089735669e+22 9.952245788793860050e+22 9.952281181997442584e+22 9.952333579958802291e+22 9.952403068017998142e+22 9.952489691217243039e+22 9.952593455916772858e+22 9.952714331400233078e+22 9.952852251464621988e+22 9.953007115991216921e+22 9.953178792494617959e+22 9.953367117647756604e+22 9.953571898781532265e+22 9.953792915357685724e+22 9.954029920414552241e+22 9.954282641984813479e+22 9.954550784485416029e+22 9.954834030079144834e+22 9.955132040008052821e+22 9.955444455898664560e+22 9.955770901039131761e+22 9.956110981628265130e+22 9.956464287996596925e+22 9.956830395799702392e+22 9.957208867183405931e+22 9.957599251921365264e+22 9.958001088524748377e+22 9.958413905324066996e+22 9.958837221523091096e+22 9.959270548224711904e+22 9.959713389428810449e+22 9.960165243001834675e+22 9.960625601618098572e+22 9.961093953672524805e+22 9.961569784164911363e+22 9.962052575555259204e+22 9.962541808590382327e+22 9.963036963101422807e+22 9.963537518772121449e+22 9.964042955878090723e+22 9.964552755996532933e+22 9.965066402686761016e+22 9.965583382141169618e+22 9.966103183807000399e+22 9.966625300978500580e+22 9.967149231359915983e+22 9.967674477599328620e+22 9.968200547793231466e+22 9.968726955962427612e+22 9.969253222499008853e+22 9.969778874585234119e+22 9.970303446583859793e+22 9.970826480401084580e+22 9.971347525821842168e+22 9.971866140818065798e+22 9.972381891830661251e+22 9.972894354025142970e+22 9.973403111521970133e+22 9.973907757601956823e+22 9.974407894887128734e+22 9.974903135498328343e+22 9.975393101189427600e+22 9.975877423459611129e+22 9.976355743643850716e+22 9.976827712982879725e+22 9.977292992673081826e+22 9.977751253897372815e+22 9.978202177837656021e+22 9.978645455670134755e+22 9.979080788543886118e+22 9.979507887544046767e+22 9.979926473640226324e+22 9.980336277621139990e+22 9.980737040016725351e+22 9.981128511008067184e+22 9.981510450326722419e+22 9.981882627144044197e+22 9.982244819951585486e+22 9.982596816433412728e+22 9.982938413331693489e+22 9.983269416305732616e+22 9.983589639786382911e+22 9.983898906825845427e+22 9.984197048944528720e+22 9.984483905975193541e+22 9.984759325905931521e+22 9.985023164722360353e+22 9.985275286249943125e+22 9.985515561997633061e+22 9.985743871003195972e+22 9.985960099681188551e+22 9.986164141674349147e+22 9.986355897709008362e+22 9.986535275455502615e+22 9.986702189393666166e+22 9.986856560684653190e+22 9.986998317049448917e+22 9.987127392654224209e+22 9.987243728003822046e+22 9.987347269843152798e+22 9.987437971067140833e+22 9.987515790639938876e+22 9.987580693523207081e+22 9.987632650614253761e+22 9.987671638693940455e+22 9.987697640384790895e+22 9.987710644119387767e+22 9.987710644119387767e+22
9.958792098925997615e+22 9.958792098925997615e+22 9.958773552615521885e+22 9.958736566491691981e+22 9.958681353320901326e+22 9.958608231633596187e+22 9.958517624848991545e+22 9.958410059902632749e+22 9.958286165230292566e+22 9.958146667957738852e+22 9.957992390161349791e+22 9.957824244095101646e+22 9.957643226324777566e+22 9.957450410766072231e+22 9.957246940682561100e+22 9.957034019758367624e+22 9.956812902412027167e+22 9.956584883557900694e+22 9.956351288047316448e+22 9.956113460031586828e+22 9.955872752482945860e+22 9.955630517090710769e+22 9.955388094720322516e+22 9.955146806586552143e+22 9.954907946252969915e+22 9.954672772529064300e+22 9.954442503300375485e+22 9.954218310293369808e+22 9.954001314750186232e+22 9.953792583966468237e+22 9.953593128630999004e+22 9.953403900894801560e+22 9.953225793093300440e+22 9.953059637042572847e+22 9.952906203833307654e+22 9.952766204049095446e+22 9.952640288341620267e+22 9.952529048301049846e+22 9.952433017566764466e+22 9.952352673130094369e+22 9.952288436787495096e+22 9.952240676708091429e+22 9.952209709085557051e+22 9.952195799849133880e+22 9.952199166412863203e+22 9.952219979446112118e+22 9.952258364651609470e+22 9.952314404540238738e+22 9.952388140193870460e+22 9.952479573009795069e+22 9.952588666421664285e+22 9.952715347593266830e+22 9.952859509082568209e+22 9.953021010474254624e+22 9.953199679979368376e+22 9.953395316001850209e+22 9.953607688671272213e+22 9.953836541342140439e+22 9.954081592059656510e+22 9.954342534992637827e+22 9.954619041833744020e+22 9.954910763167464292e+22 9.955217329806694469e+22 9.955538354097851728e+22 9.955873431195429634e+22 9.956222140306003539e+22 9.956584045902377569e+22 9.956958698907905085e+22 9.957345637851183920e+22 9.957744389991725374e+22 9.958154472416224477e+22 9.958575393105748636e+22 9.959006651974052689e+22 9.959447741876668046e+22 9.959898149591151804e+22 9.960357356768047871e+22 9.960824840852880543e+22 9.961300075978789644e+22 9.961782533829926322e+22 9.962271684475458526e+22 9.962766997173976433e+22 9.963267941148472325e+22 9.963773986331633176e+22 9.964284604081226174e+22 9.964799267866241558e+22 9.965317453922804590e+22 9.965838641880532779e+22 9.966362315359370242e+22 9.966887962536572040e+22 9.967415076684395499e+22 9.967943156678191481e+22 9.968471707475662340e+22 9.969000240566885574e+22 9.969528274395769235e+22 9.970055334753177331e+22 9.970580955141879575e+22 9.971104677113968040e+22 9.971626050580942055e+22 9.972144634097125714e+22 9.972659995116709924e+22 9.973171710225148805e+22 9.973679365345366770e+22 9.974182555919472552e+22 9.974680887066587510e+22 9.975173973717499563e+22 9.975661440726867535e+22 9.976142922963714100e+22 9.976618065380901913e+22 9.977086523064738801e+22 9.977547961264998921e+22 9.978002055406755722e+22 9.978448491084657564e+22 9.978886964040345584e+22 9.979317180124419745e+22 9.979738855243548669e+22 9.980151715293620811e+22 9.980555496080077855e+22 9.980949943226391645e+22 9.981334812071488284e+22 9.981709867557228380e+22 9.982074884106825918e+22 9.982429645495326474e+22 9.982773944712879617e+22 9.983107583821958087e+22 9.983430373809473349e+22 9.983742134434562625e+22 9.984042694073082551e+22 9.984331889559913418e+22 9.984609566029433012e+22 9.984875576755784096e+22 9.985129782993047939e+22 9.985372053816758344e+22 9.985602265967162189e+22 9.985820303695268335e+22 9.986026058612166414e+22 9.986219429542746286e+22 9.986400322384068136e+22 9.986568649969287509e+22 9.986724331937888574e+22 9.986867294612354813e+22 9.986997470882404552e+22 9.987114800096846702e+22 9.987219227963887190e+22 9.987310706459859223e+22 9.987389193747389062e+22 9.987454654102905029e+22 9.987507057853811864e+22 9.987546381325894156e+22 9.987572606800796162e+22 9.987585722484205499e+22 9.987585722484205499e+22
9.959540654035944709e+22 9.959540654035944709e+22 9.959520438129722288e+22 9.959480119637694428e+22 9.959419925108168747e+22 9.959340194063957203e+22 9.959241378458223877e+22 9.959124041661478339e+22 9.958988856773734040e+22 9.958836604048351691e+22 9.958668167233170047e+22 9.958484528675041785e+22 9.958286763094842121e+22 9.958076030015028750e+22 9.957853564901530167e+22 9.957620669161894262e+22 9.957378699208893976e+22 9.957129054852705419e+22 9.956873167315736199e+22 9.956612487175528147e+22 9.956348472529828970e+22 9.956082577650583863e+22 9.955816242351834556e+22 9.955550882247445001e+22 9.955287880022628919e+22 9.955028577792018507e+22 9.954774270570331007e+22 9.954526200842801906e+22 9.954285554189995711e+22 9.954053455898128836e+22 9.953830968470553808e+22 9.953619089945898726e+22 9.953418752925616203e+22 9.953230824214254689e+22 9.953056104979956027e+22 9.952895331349407413e+22 9.952749175359148130e+22 9.952618246193666012e+22 9.952503091649575282e+22 9.952404199773540922e+22 9.952322000629367466e+22 9.952256868157209811e+22 9.952209122093898400e+22 9.952179029929618938e+22 9.952166808880493573e+22 9.952172627861334865e+22 9.952196609445946039e+22 9.952238831805629307e+22 9.952299330618589079e+22 9.952378100945413315e+22 9.952475099066782659e+22 9.952590244281149135e+22 9.952723420661397900e+22 9.952874478769299207e+22 9.953043237328154893e+22 9.953229484853993406e+22 9.953432981245769705e+22 9.953653459335546457e+22 9.953890626399607823e+22 9.954144165631668466e+22 9.954413737578738169e+22 9.954698981541314717e+22 9.954999516938191975e+22 9.955314944637273951e+22 9.955644848252898194e+22 9.955988795410401670e+22 9.956346338978766311e+22 9.956717018271652931e+22 9.957100360217340255e+22 9.957495880498067328e+22 9.957903084658911871e+22 9.958321469186585395e+22 9.958750522558180334e+22 9.959189726260078890e+22 9.959638555777120915e+22 9.960096481552024103e+22 9.960562969915063219e+22 9.961037483983911046e+22 9.961519484533785336e+22 9.962008430837744062e+22 9.962503781477040049e+22 9.963004995121618878e+22 9.963511531280530198e+22 9.964022851022366546e+22 9.964538417665726323e+22 9.965057697439575074e+22 9.965580160113659452e+22 9.966105279598893308e+22 9.966632534517969270e+22 9.967161408746224301e+22 9.967691391922812957e+22 9.968221979932661436e+22 9.968752675358992708e+22 9.969282987907202888e+22 9.969812434799904267e+22 9.970340541143942011e+22 9.970866840269248633e+22 9.971390874040499228e+22 9.971912193141703390e+22 9.972430357334235441e+22 9.972944935689103239e+22 9.973455506793713946e+22 9.973961658934056138e+22 9.974462990252741178e+22 9.974959108883685677e+22 9.975449633064183294e+22 9.975934191225090657e+22 9.976412422059907560e+22 9.976883974573635561e+22 9.977348508112035774e+22 9.977805692372555871e+22 9.978255207397496717e+22 9.978696743550252483e+22 9.979130001475904314e+22 9.979554692046888999e+22 9.979970536294500952e+22 9.980377265327777723e+22 9.980774620240003937e+22 9.981162352004330160e+22 9.981540221359446242e+22 9.981907998685950011e+22 9.982265463874756857e+22 9.982612406188368934e+22 9.982948624115928400e+22 9.983273925223153612e+22 9.983588125998049133e+22 9.983891051693174738e+22 9.984182536165679694e+22 9.984462421715822051e+22 9.984730558924865510e+22 9.984986806493278267e+22 9.985231031080035811e+22 9.985463107143965501e+22 9.985682916787601015e+22 9.985890349604736179e+22 9.986085302532263694e+22 9.986267679706491702e+22 9.986437392325679671e+22 9.986594358518359051e+22 9.986738503218614816e+22 9.986869758048787549e+22 9.986988061209971917e+22 9.987093357381031245e+22 9.987185597626314444e+22 9.987264739312808441e+22 9.987330746036565049e+22 9.987383587559231088e+22 9.987423239754752197e+22 9.987449684566428195e+22 9.987462909974492794e+22 9.987462909974492794e+22
9.960340244038556005e+22 9.960340244038556005e+22 9.960318258656244977e+22 9.960274408026560843e+22 9.960208932529892649e+22 9.960122192918493528e+22 9.960014670278594396e+22 9.959886965581331562e+22 9.959739798533658431e+22 9.959574005429887094e+22 9.959390535727109584e+22 9.959190447122204013e+22 9.958974898990322444e+22 9.958745144145902096e+22 9.958502518996746424e+22 9.958248432268845095e+22 9.957984352570794469e+22 9.957711795136760277e+22 9.957432308125641002e+22 9.957147458865386540e+22 9.956858820411695038e+22 9.956567958749476762e+22 9.956276420907501827e+22 9.955985724189445823e+22 9.955697346655712130e+22 9.955412718925003725e+22 9.955133217306771141e+22 9.954860158228138400e+22 9.954594793882238792e+22 9.954338308999159480e+22 9.954091818625342741e+22 9.953856366789450007e+22 9.953632925932478425e+22 9.953422396983949551e+22 9.953225609974150228e+22 9.953043325082381425e+22 9.952876234032146494e+22 9.952724961755986185e+22 9.952590068263183765e+22 9.952472050655042522e+22 9.952371345240824899e+22 9.952288329716693415e+22 9.952223325377147385e+22 9.952176599334813014e+22 9.952148366729843363e+22 9.952138792914605467e+22 9.952147995603140346e+22 9.952176046977809226e+22 9.952222975747847881e+22 9.952288769156738712e+22 9.952373374936420870e+22 9.952476703207767985e+22 9.952598628327549934e+22 9.952738990682588316e+22 9.952897598432347161e+22 9.953074229201707047e+22 9.953268631725133949e+22 9.953480527444547994e+22 9.953709612062219226e+22 9.953955557050688523e+22 9.954218011121374619e+22 9.954496601653135593e+22 9.954790936082707487e+22 9.955100603257691151e+22 9.955425174754025066e+22 9.955764206158316621e+22 9.956117238316216300e+22 9.956483798547789408e+22 9.956863401830299730e+22 9.957255551948913482e+22 9.957659742616264743e+22 9.958075458560612264e+22 9.958502176583357720e+22 9.958939366585992531e+22 9.959386492566523557e+22 9.959843013585718267e+22 9.960308384703038515e+22 9.960782057882469270e+22 9.961263482868069512e+22 9.961752108029307362e+22 9.962247381176335466e+22 9.962748750344777158e+22 9.963255664550637417e+22 9.963767574514446107e+22 9.964283933355539431e+22 9.964804197255947800e+22 9.965327826093933697e+22 9.965854284047528545e+22 9.966383040167944389e+22 9.966913568923105362e+22 9.967445350711181496e+22 9.967977872344765746e+22 9.968510627505553329e+22 9.969043117169905867e+22 9.969574850005692947e+22 9.970105342740560400e+22 9.970634120502324914e+22 9.971160717131458072e+22 9.971684675466686575e+22 9.972205547603789192e+22 9.972722895128283316e+22 9.973236289322620237e+22 9.973745311348491393e+22 9.974249552404948609e+22 9.974748613862799652e+22 9.975242107376507237e+22 9.975729654973826335e+22 9.976210889124198167e+22 9.976685452786816936e+22 9.977152999439135985e+22 9.977613193086526449e+22 9.978065708254294652e+22 9.978510229962682375e+22 9.978946453685950585e+22 9.979374085296526406e+22 9.979792840994946495e+22 9.980202447226809824e+22 9.980602640587637444e+22 9.980993167716590499e+22 9.981373785180061512e+22 9.981744259346140548e+22 9.982104366250823621e+22 9.982453891457362585e+22 9.982792629908961178e+22 9.983120385776692914e+22 9.983436972302922678e+22 9.983742211641429931e+22 9.984035934695330729e+22 9.984317980953253249e+22 9.984588198325150915e+22 9.984846442978427588e+22 9.985092579175087840e+22 9.985326479110962571e+22 9.985548022757773332e+22 9.985757097708478267e+22 9.985953599027347561e+22 9.986137429104565368e+22 9.986308497516920203e+22 9.986466720894577069e+22 9.986612022794602414e+22 9.986744333582480074e+22 9.986863590321165225e+22 9.986969736668798727e+22 9.987062722785387217e+22 9.987142505248787844e+22 9.987209046980363393e+22 9.987262317180807755e+22 9.987302291276002492e+22 9.987328950873699752e+22 9.987342283730591941e+22 9.987342283730591941e+22
9.961192047689354078e+22 9.961192047689354078e+22 9.961168187907903167e+22 9.961120595081491907e+22 9.961049523089781136e+22 9.960955353638585657e+22 9.960838596971650980e+22 9.960699892269283331e+22 9.960540007333194682e+22 9.960359837139152457e+22 9.960160400867269699e+22 9.959942837092312783e+22 9.959708396928292723e+22 9.959458435059004788e+22 9.959194398736924436e+22 9.958917814978555884e+22 9.958630276307046577e+22 9.958333425484747820e+22 9.958028939727599357e+22 9.957718514899643007e+22 9.957403850155885593e+22 9.957086633438459462e+22 9.956768528150754964e+22 9.956451161241310514e+22 9.956136112839174023e+22 9.955824907497877222e+22 9.955519007034012231e+22 9.955219804889776600e+22 9.954928621907842852e+22 9.954646703380143853e+22 9.954375217218760317e+22 9.954115253092256580e+22 9.953867822376078751e+22 9.953633858773831805e+22 9.953414219479824885e+22 9.953209686767492819e+22 9.953020969903919727e+22 9.952848707305023419e+22 9.952693468860344015e+22 9.952555758369109128e+22 9.952436016040091058e+22 9.952334621018072652e+22 9.952251893907516398e+22 9.952188099271409952e+22 9.952143448088866560e+22 9.952118100159498079e+22 9.952112166446737392e+22 9.952125711355100529e+22 9.952158754938318278e+22 9.952211275037624238e+22 9.952283209350499638e+22 9.952374457430921812e+22 9.952484882623341003e+22 9.952614313932519532e+22 9.952762547832105625e+22 9.952929350014476904e+22 9.953114457084871783e+22 9.953317578202402521e+22 9.953538396670666159e+22 9.953776571480344101e+22 9.954031738806357249e+22 9.954303513461269515e+22 9.954591490307387503e+22 9.954895245628984105e+22 9.955214338466119051e+22 9.955548311911871703e+22 9.955896694373652156e+22 9.956259000799944560e+22 9.956634733873358438e+22 9.957023385170545004e+22 9.957424436289807267e+22 9.957837359946771359e+22 9.958261621038526759e+22 9.958696677676750471e+22 9.959141982189758133e+22 9.959596982093820933e+22 9.960061121034011751e+22 9.960533839694307053e+22 9.961014576677384094e+22 9.961502769353891984e+22 9.961997854681126142e+22 9.962499269991510468e+22 9.963006453750439294e+22 9.963518846283628413e+22 9.964035890474188276e+22 9.964557032429030107e+22 9.965081722115109945e+22 9.965609413965141508e+22 9.966139567453235891e+22 9.966671647640402683e+22 9.967205125689946040e+22 9.967739479353376480e+22 9.968274193426548156e+22 9.968808760176650748e+22 9.969342679740158312e+22 9.969875460492303847e+22 9.970406619388259074e+22 9.970935682276316414e+22 9.971462184184208949e+22 9.971985669578110376e+22 9.972505692595735967e+22 9.973021817253544539e+22 9.973533617629038012e+22 9.974040678018554475e+22 9.974542593071484240e+22 9.975038967901469226e+22 9.975529418175451392e+22 9.976013570181310081e+22 9.976491060874942244e+22 9.976961537907688158e+22 9.977424659634887800e+22 9.977880095106475544e+22 9.978327524040702008e+22 9.978766636781546766e+22 9.979197134241336918e+22 9.979618727828905368e+22 9.980031139364839044e+22 9.980434100984384114e+22 9.980827355029221199e+22 9.981210653929073594e+22 9.981583760074061172e+22 9.981946445678927413e+22 9.982298492640048867e+22 9.982639692386143096e+22 9.982969845723906546e+22 9.983288762679245039e+22 9.983596262335241100e+22 9.983892172667698649e+22 9.984176330379345527e+22 9.984448580733450479e+22 9.984708777387701882e+22 9.984956782229344748e+22 9.985192465212302479e+22 9.985415704197256446e+22 9.985626384795153151e+22 9.985824400215237879e+22 9.986009651117973884e+22 9.986182045473989617e+22 9.986341498429112739e+22 9.986487932176640141e+22 9.986621275837068791e+22 9.986741465345945082e+22 9.986848443350441683e+22 9.986942159114802823e+22 9.987022568435308980e+22 9.987089633565136755e+22 9.987143323149221337e+22 9.987183612169762426e+22 9.987210481902120285e+22 9.987223919881658932e+22 9.987223919881658932e+22
9.962097284916404499e+22 9.962097284916404499e+22 9.962071441065454548e+22 9.962019886193988076e+22 9.961942886793142809e+22 9.961840844497776070e+22 9.961714297882636871e+22 9.961563924102221346e+22 9.961390539820425124e+22 9.961195100848034677e+22 9.960978699940774753e+22 9.960742562307936931e+22 9.960488038533105818e+22 9.960216594798825230e+22 9.959929800514193274e+22 9.959629313643863081e+22 9.959316864205446342e+22 9.958994236521275667e+22 9.958663250871262275e+22 9.958325745193406012e+22 9.957983557426956626e+22 9.957638509000359988e+22 9.957292389850489343e+22 9.956946945234540534e+22 9.956603864474748086e+22 9.956264771669558768e+22 9.955931218317078954e+22 9.955604677730877256e+22 9.955286541083356640e+22 9.954978114887002725e+22 9.954680619713307450e+22 9.954395189951559683e+22 9.954122874420871352e+22 9.953864637664544686e+22 9.953621361775767192e+22 9.953393848623651252e+22 9.953182822369091754e+22 9.952988932178450579e+22 9.952812755060707977e+22 9.952654798768303610e+22 9.952515504715105462e+22 9.952395250876323096e+22 9.952294354643360678e+22 9.952213075615122928e+22 9.952151618312343860e+22 9.952110134806662087e+22 9.952088727259981650e+22 9.952087450371892026e+22 9.952106313735664042e+22 9.952145284104234362e+22 9.952204287569299086e+22 9.952283211656699104e+22 9.952381907342276428e+22 9.952500190991981373e+22 9.952637846231000390e+22 9.952794625745328747e+22 9.952970253020401815e+22 9.953164424020142064e+22 9.953376808810203369e+22 9.953607053128534852e+22 9.953854779906357985e+22 9.954119590742286611e+22 9.954401067331886671e+22 9.954698772855061375e+22 9.955012253323050248e+22 9.955341038886729862e+22 9.955684645107875499e+22 9.956042574194274625e+22 9.956414316200215550e+22 9.956799350192970347e+22 9.957197145386181355e+22 9.957607162240565667e+22 9.958028853532791564e+22 9.958461665392602382e+22 9.958905038308780068e+22 9.959358408103856125e+22 9.959821206878125294e+22 9.960292863922760634e+22 9.960772806602290050e+22 9.961260461206491313e+22 9.961755253771583095e+22 9.962256610870841206e+22 9.962763960374740700e+22 9.963276732180291650e+22 9.963794358910026619e+22 9.964316276580285835e+22 9.964841925239086934e+22 9.965370749573559170e+22 9.965902199486960527e+22 9.966435730645609926e+22 9.966970804995534881e+22 9.967506891249498980e+22 9.968043465344187734e+22 9.968580010868086302e+22 9.969116019460237007e+22 9.969650991180294390e+22 9.970184434850188178e+22 9.970715868367858906e+22 9.971244818993574524e+22 9.971770823609240728e+22 9.972293428951314019e+22 9.972812191817960050e+22 9.973326679250955561e+22 9.973836468693120739e+22 9.974341148121909481e+22 9.974840316159962854e+22 9.975333582163179418e+22 9.975820566287634504e+22 9.976300899535355170e+22 9.976774223780729219e+22 9.977240191777627125e+22 9.977698467148604218e+22 9.978148724357156202e+22 9.978590648663514546e+22 9.979023936065505119e+22 9.979448293224973389e+22 9.979863437381101578e+22 9.980269096251486844e+22 9.980665007921800885e+22 9.981050920725453681e+22 9.981426593113746230e+22 9.981791793518052429e+22 9.982146300204565293e+22 9.982489901122974856e+22 9.982822393749676700e+22 9.983143584926923751e+22 9.983453290698537068e+22 9.983751336143365131e+22 9.984037555207068765e+22 9.984311790533728220e+22 9.984573893297555951e+22 9.984823723035988486e+22 9.985061147484578487e+22 9.985286042415304330e+22 9.985498291478072394e+22 9.985697786046732409e+22 9.985884425070510185e+22 9.986058114930918084e+22 9.986218769305383102e+22 9.986366309037912988e+22 9.986500662017401029e+22 9.986621763064123150e+22 9.986729553825076609e+22 9.986823982678366644e+22 9.986905004647115863e+22 9.986972581323491980e+22 9.987026680802739801e+22 9.987067277628066392e+22 9.987094352746050591e+22 9.987107893473154014e+22 9.987107893473154014e+22
9.963057219740336600e+22 9.963057219740336600e+22 9.963029277982782705e+22 9.962973532465859972e+22 9.962890260614099029e+22 9.962779881893333356e+22 9.962642961151074868e+22 9.962480212039809211e+22 9.962292499761474830e+22 9.962080842326036028e+22 9.961846409558892531e+22 9.961590519221742207e+22 9.961314629818275961e+22 9.961020329920553183e+22 9.960709324138783074e+22 9.960383416135609798e+22 9.960044489314518486e+22 9.959694485970324187e+22 9.959335385761394878e+22 9.958969184349621479e+22 9.958597872968154481e+22 9.958223419539306683e+22 9.957847751799512603e+22 9.957472742716725002e+22 9.957100198325797467e+22 9.956731847972276614e+22 9.956369336848797506e+22 9.956014220633930990e+22 9.955667961997437593e+22 9.955331928714823860e+22 9.955007393131837102e+22 9.954695532731035340e+22 9.954397431573718552e+22 9.954114082415646343e+22 9.953846389323313919e+22 9.953595170644681975e+22 9.953361162214307791e+22 9.953145020696588032e+22 9.952947326990667901e+22 9.952768589638947308e+22 9.952609248195147255e+22 9.952469676520217405e+22 9.952350185984183868e+22 9.952251028559231975e+22 9.952172399795910581e+22 9.952114441678411216e+22 9.952077245358395307e+22 9.952060853769589070e+22 9.952065264126565286e+22 9.952090430312922952e+22 9.952136265164142936e+22 9.952202642651427845e+22 9.952289399972305882e+22 9.952396339554350531e+22 9.952523230977659922e+22 9.952669812821759885e+22 9.952835794442131603e+22 9.953020857681235988e+22 9.953224658518520994e+22 9.953446828663445127e+22 9.953686977095186304e+22 9.953944691552346230e+22 9.954219539975691987e+22 9.954511071906312172e+22 9.954818819841695783e+22 9.955142300551634695e+22 9.955481016355756651e+22 9.955834456363972218e+22 9.956202097681352360e+22 9.956583406578391266e+22 9.956977839627541938e+22 9.957384844806759383e+22 9.957803862570611769e+22 9.958234326889709489e+22 9.958675666258272610e+22 9.959127304670735971e+22 9.959588662567185573e+22 9.960059157747956764e+22 9.960538206257419387e+22 9.961025223237168005e+22 9.961519623748355464e+22 9.962020823563607684e+22 9.962528239928061670e+22 9.963041292289981389e+22 9.963559403000553905e+22 9.964081997983374115e+22 9.964608507373024182e+22 9.965138366123497593e+22 9.965671014585996411e+22 9.966205899056556383e+22 9.966742472293439504e+22 9.967280194004725216e+22 9.967818531305974399e+22 9.968356959148598677e+22 9.968894960718869588e+22 9.969432027808272273e+22 9.969967661155287564e+22 9.970501370759114182e+22 9.971032676165992055e+22 9.971561106728138519e+22 9.972086201836595944e+22 9.972607511127789457e+22 9.973124594664954082e+22 9.973637023094862460e+22 9.974144377780752404e+22 9.974646250911803271e+22 9.975142245590493246e+22 9.975631975898062363e+22 9.976115066939401621e+22 9.976591154867878232e+22 9.977059886891170739e+22 9.977520921258986412e+22 9.977973927233555163e+22 9.978418585043859617e+22 9.978854585824648259e+22 9.979281631541005071e+22 9.979699434899854747e+22 9.980107719248848093e+22 9.980506218464156005e+22 9.980894676827980694e+22 9.981272848896572680e+22 9.981640499360255128e+22 9.981997402896014193e+22 9.982343344013823076e+22 9.982678116897872518e+22 9.983001525243249636e+22 9.983313382089606929e+22 9.983613509652281138e+22 9.983901739151989408e+22 9.984177910644215067e+22 9.984441872848819900e+22 9.984693482980926449e+22 9.984932606584046800e+22 9.985159117366100387e+22 9.985372897039095955e+22 9.985573835163475902e+22 9.985761828997419971e+22 9.985936783352356510e+22 9.986098610454907794e+22 9.986247229815881780e+22 9.986382568107291758e+22 9.986504559047541470e+22 9.986613143295510551e+22 9.986708268353744955e+22 9.986789888481604665e+22 9.986857964618048235e+22 9.986912464315371173e+22 9.986953361683047567e+22 9.986980637342861099e+22 9.986994278394909373e+22 9.986994278394909373e+22
9.964073162641346920e+22 9.964073162641346920e+22 9.964043005955573966e+22 9.963982834237174920e+22 9.963892933053935046e+22 9.963773736086870268e+22 9.963625830641916759e+22 9.963449963601844607e+22 9.963247046774055816e+22 9.963018160517773106e+22 9.962764554582348739e+22 9.962487645259303590e+22 9.962189008235493170e+22 9.961870366902807272e+22 9.961533576284441097e+22 9.961180603125522340e+22 9.960813503012890948e+22 9.960434395597305283e+22 9.960045439074063457e+22 9.959648805037048594e+22 9.959246654681789759e+22 9.958841117126034037e+22 9.958434270380466110e+22 9.958028125266392803e+22 9.957624612367644177e+22 9.957225571934187553e+22 9.956832746529319656e+22 9.956447776131744635e+22 9.956072195361926126e+22 9.955707432488693190e+22 9.955354809885142706e+22 9.955015545626925885e+22 9.954690755961435036e+22 9.954381458414152083e+22 9.954088575336803258e+22 9.953812937738025330e+22 9.953555289269870369e+22 9.953316290271675154e+22 9.953096521796965473e+22 9.952896489568998523e+22 9.952716627826374292e+22 9.952557303033194401e+22 9.952418817438173993e+22 9.952301412474418731e+22 9.952205271997722762e+22 9.952130525364949615e+22 9.952077250357213790e+22 9.952045475954464863e+22 9.952035184969153040e+22 9.952046316547784206e+22 9.952078768548687643e+22 9.952132399805143345e+22 9.952207032281968987e+22 9.952302453133955144e+22 9.952418416673550867e+22 9.952554646254924910e+22 9.952710836081069864e+22 9.952886652939601445e+22 9.953081737872859883e+22 9.953295707787167059e+22 9.953528157005478992e+22 9.953778658767329349e+22 9.954046766679620741e+22 9.954332016120993468e+22 9.954633925602680871e+22 9.954951998088020597e+22 9.955285722272453834e+22 9.955634573826025796e+22 9.955998016599494754e+22 9.956375503795329696e+22 9.956766479104836475e+22 9.957170377811947631e+22 9.957586627864422462e+22 9.958014650913041206e+22 9.958453863319365432e+22 9.958903677131953904e+22 9.959363501031790582e+22 9.959832741246607661e+22 9.960310802434747898e+22 9.960797088538052841e+22 9.961291003604367521e+22 9.961791952579265665e+22 9.962299342067329296e+22 9.962812581062596834e+22 9.963331081648678004e+22 9.963854259668216762e+22 9.964381535361626748e+22 9.964912333975678091e+22 9.965446086341353380e+22 9.965982229421662352e+22 9.966520206829079757e+22 9.967059469313138229e+22 9.967599475218184562e+22 9.968139690911604723e+22 9.968679591182822959e+22 9.969218659613447448e+22 9.969756388918795698e+22 9.970292281261286228e+22 9.970825848536397827e+22 9.971356612631129280e+22 9.971884105656219520e+22 9.972407870152020853e+22 9.972927459269194600e+22 9.973442436924604993e+22 9.973952377933131049e+22 9.974456868116312464e+22 9.974955504388304326e+22 9.975447894820209348e+22 9.975933658683653331e+22 9.976412426474019933e+22 9.976883839914916761e+22 9.977347551944121097e+22 9.977803226682463198e+22 9.978250539386306508e+22 9.978689176384581088e+22 9.979118835001606747e+22 9.979539223466450774e+22 9.979950060809897378e+22 9.980351076750144517e+22 9.980742011568112271e+22 9.981122615973406310e+22 9.981492650962097432e+22 9.981851887667072152e+22 9.982200107202217666e+22 9.982537100501305210e+22 9.982862668152578454e+22 9.983176620230040145e+22 9.983478776122462070e+22 9.983768964360955547e+22 9.984047022445979868e+22 9.984312796675006739e+22 9.984566141971275239e+22 9.984806921714922422e+22 9.985035007576952642e+22 9.985250279357079041e+22 9.985452624826141875e+22 9.985641939573751257e+22 9.985818126862004938e+22 9.985981097485890119e+22 9.986130769640782037e+22 9.986267068798029162e+22 9.986389927588806210e+22 9.986499285696983230e+22 9.986595089761366442e+22 9.986677293287528936e+22 9.986745856570217726e+22 9.986800746625808676e+22 9.986841937135948477e+22 9.986869408401888746e+22 9.986883147310322575e+22 9.986883147310322575e+22
9.965146472114678661e+22 9.965146472114678661e+22 9.965113981836644162e+22 9.965049144261190720e+22 9.964952248761223165e+22 9.964823737493449238e+22 9.964664213933050036e+22 9.964474452374115792e+22 9.964255406969310518e+22 9.964008218767957741e+22 9.963734219259818017e+22 9.963434929154336752e+22 9.963112051518967539e+22 9.962767458915639414e+22 9.962403174751369639e+22 9.962021349606922230e+22 9.961624233749916523e+22 9.961214147315177934e+22 9.960793449723332657e+22 9.960364509818086280e+22 9.959929677976811707e+22 9.959491261137970161e+22 9.959051501350123523e+22 9.958612558125890064e+22 9.958176494610307613e+22 9.957745267363149985e+22 9.957320719412216673e+22 9.956904576152717859e+22 9.956498443636870794e+22 9.956103808802298108e+22 9.955722041221448519e+22 9.955354395998186530e+22 9.955002017492247144e+22 9.954665943605547788e+22 9.954347110415540316e+22 9.954046356986643087e+22 9.953764430230553467e+22 9.953501989719914630e+22 9.953259612386258164e+22 9.953037797056143845e+22 9.952836968795223779e+22 9.952657483043874800e+22 9.952499629537426512e+22 9.952363636011117524e+22 9.952249671694890199e+22 9.952157850606603810e+22 9.952088234654499131e+22 9.952040836560492429e+22 9.952015622617208927e+22 9.952012515290758146e+22 9.952031395681763590e+22 9.952072105856263311e+22 9.952134451057284193e+22 9.952218201807498563e+22 9.952323095912227484e+22 9.952448840371541744e+22 9.952595113209040470e+22 9.952761565224503135e+22 9.952947821676681232e+22 9.953153483901761067e+22 9.953378130872604662e+22 9.953621320703120769e+22 9.953882592101508999e+22 9.954161465776002617e+22 9.954457445795784294e+22 9.954770020909846417e+22 9.955098665825720284e+22 9.955442842450240156e+22 9.955802001093580292e+22 9.956175581638168884e+22 9.956563014673312724e+22 9.956963722596811014e+22 9.957377120683754625e+22 9.957802618123549304e+22 9.958239619025429594e+22 9.958687523392783909e+22 9.959145728066581011e+22 9.959613627638159612e+22 9.960090615331188166e+22 9.960576083853459220e+22 9.961069426217840542e+22 9.961570036532983628e+22 9.962077310763447353e+22 9.962590647459357550e+22 9.963109448455575673e+22 9.963633119540448697e+22 9.964161071093945624e+22 9.964692718695549711e+22 9.965227483701627899e+22 9.965764793792658303e+22 9.966304083490218443e+22 9.966844794644064738e+22 9.967386376889432434e+22 9.967928288074634835e+22 9.968469994659673172e+22 9.969010972085759823e+22 9.969550705116164234e+22 9.970088688149072760e+22 9.970624425502719135e+22 9.971157431673141225e+22 9.971687231565503608e+22 9.972213360699113472e+22 9.972735365387035817e+22 9.973252802890985741e+22 9.973765241551945780e+22 9.974272260897526671e+22 9.974773451726761073e+22 9.975268416172905726e+22 9.975756767745471729e+22 9.976238131352103708e+22 9.976712143301212163e+22 9.977178451286286769e+22 9.977636714353051619e+22 9.978086602849905331e+22 9.978527798363266692e+22 9.978959993638285528e+22 9.979382892486167049e+22 9.979796209679174992e+22 9.980199670834073593e+22 9.980593012285369011e+22 9.980975980949064909e+22 9.981348334178213980e+22 9.981709839611099244e+22 9.982060275013122209e+22 9.982399428113480024e+22 9.982727096437487278e+22 9.983043087135708440e+22 9.983347216810692837e+22 9.983639311342352361e+22 9.983919205712887860e+22 9.984186743832245699e+22 9.984441778364918163e+22 9.984684170558973569e+22 9.984913790078032439e+22 9.985130514837308808e+22 9.985334230844129359e+22 9.985524832043898451e+22 9.985702220171988854e+22 9.985866304612752740e+22 9.986017002265359312e+22 9.986154237418148567e+22 9.986277941630976026e+22 9.986388053627112102e+22 9.986484519194159219e+22 9.986567291095203027e+22 9.986636328990070224e+22 9.986691599367295258e+22 9.986733075486888218e+22 9.986760737334353514e+22 9.986774571586081836e+22 9.986774571586081836e+22
9.966278555255805942e+22 9.966278555255805942e+22 9.966243613391489021e+22 9.966173870522761845e+22 9.966069613353324511e+22 9.965931283829656178e+22 9.965759491849142141e+22 9.965555029698624776e+22 9.965318886288004009e+22 9.965052259053854943e+22 9.964756561442428577e+22 9.964433424167281990e+22 9.964084688977309309e+22 9.963712394404810457e+22 9.963318753791675099e+22 9.962906126682576808e+22 9.962476985294217072e+22 9.962033878138925298e+22 9.961579392959300764e+22 9.961116120953144948e+22 9.960646623900712986e+22 9.960173405338341055e+22 9.959698886438299265e+22 9.959225386815418322e+22 9.958755110129273668e+22 9.958290134098676757e+22 9.957832404389953379e+22 9.957383731769863517e+22 9.956945791905064970e+22 9.956520127226182841e+22 9.956108150336147948e+22 9.955711148517268390e+22 9.955330288969034446e+22 9.954966624481043913e+22 9.954621099312798918e+22 9.954294555107828905e+22 9.953987736716746896e+22 9.953701297842685372e+22 9.953435806451248818e+22 9.953191749911160082e+22 9.952969539848457578e+22 9.952769516709698391e+22 9.952591954038702159e+22 9.952437062477126880e+22 9.952304993503373846e+22 9.952195842926155976e+22 9.952109654150615767e+22 9.952046421234659256e+22 9.952006091753236149e+22 9.951988569487219202e+22 9.951993716952780925e+22 9.952021357786105381e+22 9.952071278996754530e+22 9.952143233102330724e+22 9.952236940155322106e+22 9.952352089672621700e+22 9.952488342476345364e+22 9.952645332454325459e+22 9.952822668247303193e+22 9.953019934869099328e+22 9.953236695265532969e+22 9.953472491816681996e+22 9.953726847787056968e+22 9.953999268727164712e+22 9.954289243829714708e+22 9.954596247243315374e+22 9.954919739345901663e+22 9.955259167979910621e+22 9.955613969650995010e+22 9.955983570691377280e+22 9.956367388389595415e+22 9.956764832086734615e+22 9.957175304240753751e+22 9.957598201458945163e+22 9.958032915499229118e+22 9.958478834240588245e+22 9.958935342622905362e+22 9.959401823556296979e+22 9.959877658800224312e+22 9.960362229812200630e+22 9.960854918566420414e+22 9.961355108342030139e+22 9.961862184481169867e+22 9.962375535116646403e+22 9.962894551869476255e+22 9.963418630515935989e+22 9.963947171624297850e+22 9.964479581161404970e+22 9.965015271068779151e+22 9.965553659808725965e+22 9.966094172880220717e+22 9.966636243305045059e+22 9.967179312083919228e+22 9.967722828623359718e+22 9.968266251133212059e+22 9.968809046995164044e+22 9.969350693102786340e+22 9.969890676173288400e+22 9.970428493031635576e+22 9.970963650867269049e+22 9.971495667464324461e+22 9.972024071405448253e+22 9.972548402250288778e+22 9.973068210689043071e+22 9.973583058671715222e+22 9.974092519514210461e+22 9.974596177981424324e+22 9.975093630348759663e+22 9.975584484442365126e+22 9.976068359659435590e+22 9.976544886969089602e+22 9.977013708894847264e+22 9.977474479479911455e+22 9.977926864235797676e+22 9.978370540075606029e+22 9.978805195232626554e+22 9.979230529165808003e+22 9.979646252452442381e+22 9.980052086669548349e+22 9.980447764264978586e+22 9.980833028418893670e+22 9.981207632897077202e+22 9.981571341896941096e+22 9.981923929887180692e+22 9.982265181442126591e+22 9.982594891071932387e+22 9.982912863049463995e+22 9.983218911234687500e+22 9.983512858898080570e+22 9.983794538543391231e+22 9.984063791730836216e+22 9.984320468901982057e+22 9.984564429206689782e+22 9.984795540333290901e+22 9.985013678342523165e+22 9.985218727506435742e+22 9.985410580152465123e+22 9.985589136513919930e+22 9.985754304587020580e+22 9.985905999995666537e+22 9.986044145864150929e+22 9.986168672698381212e+22 9.986279518276411195e+22 9.986376627548497484e+22 9.986459952547088040e+22 9.986529452307440783e+22 9.986585092798665877e+22 9.986626846866032244e+22 9.986654694184390649e+22 9.986668621223265357e+22 9.986668621223265357e+22
9.967470867740905125e+22 9.967470867740905125e+22 9.967433360326935550e+22 9.967358479261570276e+22 9.967246499179896242e+22 9.967097849075541318e+22 9.966913130720602882e+22 9.966693139929975541e+22 9.966438888059338490e+22 9.966151620811122803e+22 9.965832831409150807e+22 9.965484265557601970e+22 9.965107916339897015e+22 9.964706008269880453e+22 9.964280970919276865e+22 9.963835403702046084e+22 9.963372034283070816e+22 9.962893673563293955e+22 9.962403170233975046e+22 9.961903367556736378e+22 9.961397064433185849e+22 9.960886982122200367e+22 9.960375737271079613e+22 9.959865821334504001e+22 9.959359586010637795e+22 9.958859234032365234e+22 9.958366814500632396e+22 9.957884221903456541e+22 9.957413197999687021e+22 9.956955335828454559e+22 9.956512085211531025e+22 9.956084759228182220e+22 9.955674541249918298e+22 9.955282492219159740e+22 9.954909557937957922e+22 9.954556576201029819e+22 9.954224283660847153e+22 9.953913322354423051e+22 9.953624245852906612e+22 9.953357525017768545e+22 9.953113553363853011e+22 9.952892652040640424e+22 9.952695074450322122e+22 9.952521010525371367e+22 9.952370590690756369e+22 9.952243889536424215e+22 9.952140929225478216e+22 9.952061682662469586e+22 9.952006076444848633e+22 9.951973993618778515e+22 9.951965276259128810e+22 9.951979727891244830e+22 9.952017115770941080e+22 9.952077173036957670e+22 9.952159600748804859e+22 9.952264069821825339e+22 9.952390222869329189e+22 9.952537675961062549e+22 9.952706020305801314e+22 9.952894823865211945e+22 9.953103632904809454e+22 9.953331973487676568e+22 9.953579352915089713e+22 9.953845261118512877e+22 9.954129172005923901e+22 9.954430544765738025e+22 9.954748825130642283e+22 9.955083446603414399e+22 9.955433831646625373e+22 9.955799392837549477e+22 9.956179533989459421e+22 9.956573651240511288e+22 9.956981134110616873e+22 9.957401366527266416e+22 9.957833727820526571e+22 9.958277593687676630e+22 9.958732337127605509e+22 9.959197329345286557e+22 9.959671940626276522e+22 9.960155541181342679e+22 9.960647501961134237e+22 9.961147195441139627e+22 9.961653996376426335e+22 9.962167282526463617e+22 9.962686435350038132e+22 9.963210840669755854e+22 9.963739889306762740e+22 9.964272977685075146e+22 9.964809508405942786e+22 9.965348890792096589e+22 9.965890541402099548e+22 9.966433884514795546e+22 9.966978352584159815e+22 9.967523386664626527e+22 9.968068436807250870e+22 9.968612962426975735e+22 9.969156432641234515e+22 9.969698326580581263e+22 9.970238133671240820e+22 9.970775353890770099e+22 9.971309497996739923e+22 9.971840087729185699e+22 9.972366655987747966e+22 9.972888746983685725e+22 9.973405916367707072e+22 9.973917731334393954e+22 9.974423770703767955e+22 9.974923624981062484e+22 9.975416896395359027e+22 9.975903198917958199e+22 9.976382158261535847e+22 9.976853411860701617e+22 9.977316608835327309e+22 9.977771409937230568e+22 9.978217487481306087e+22 9.978654525262298874e+22 9.979082218457858782e+22 9.979500273519309095e+22 9.979908408050771716e+22 9.980306350677999537e+22 9.980693840907774984e+22 9.981070628978903168e+22 9.981436475706034461e+22 9.981791152316964091e+22 9.982134440284851588e+22 9.982466131156207351e+22 9.982786026375361017e+22 9.983093937107013888e+22 9.983389684057123691e+22 9.983673097293764179e+22 9.983944016068105522e+22 9.984202288637428105e+22 9.984447772089911345e+22 9.984680332172903789e+22 9.984899843125124111e+22 9.985106187513668777e+22 9.985299256076390105e+22 9.985478947570758713e+22 9.985645168629346258e+22 9.985797833623094480e+22 9.985936864532778241e+22 9.986062190828796772e+22 9.986173749360764492e+22 9.986271484256260509e+22 9.986355346830070592e+22 9.986425295503834376e+22 9.986481295736458497e+22 9.986523319965710077e+22 9.986551347561341177e+22 9.986565364789670419e+22 9.986565364789670419e+22
9.968724915441911831e+22 9.968724915441911831e+22 9.968684737308153558e+22 9.968604500662383385e+22 9.968484454698741400e+22 9.968324997163738622e+22 9.968126700525695743e+22 9.967890342613695961e+22 9.967616938235434684e+22 9.967307767753828047e+22 9.966964398468912015e+22 9.966588695057824062e+22 9.966182816339671069e+22 9.965749197169254151e+22 9.965290516081071777e+22 9.964809651032012148e+22 9.964309626876114397e+22 9.963793558826890822e+22 9.963264596097487602e+22 9.962725869289440962e+22 9.962180444145246116e+22 9.961631283217958542e+22 9.961081216029138774e+22 9.960532917499835344e+22 9.959988893894138292e+22 9.959451475201405380e+22 9.958922812762532662e+22 9.958404880964065742e+22 9.957899481929993526e+22 9.957408252293644970e+22 9.956932671298106452e+22 9.956474069636334853e+22 9.956033638584754477e+22 9.955612439108166615e+22 9.955211410711796253e+22 9.954831379894916822e+22 9.954473068118725886e+22 9.954137099245609340e+22 9.953824006436719637e+22 9.953534238516988137e+22 9.953268165829771185e+22 9.953026085612213083e+22 9.952808226926896978e+22 9.952614755186873100e+22 9.952445776311326500e+22 9.952301340547569471e+22 9.952181445993300597e+22 9.952086041850233750e+22 9.952015031438094736e+22 9.951968274994517194e+22 9.951945592284582511e+22 9.951946765040763902e+22 9.951971539251868834e+22 9.952019627317528835e+22 9.952090710082812746e+22 9.952184438765776169e+22 9.952300436789171061e+22 9.952438301526284514e+22 9.952597605969458050e+22 9.952777900328825441e+22 9.952978713567649438e+22 9.953199554880201556e+22 9.953439915116679555e+22 9.953699268159580039e+22 9.953977072255071211e+22 9.954272771302268233e+22 9.954585796103166021e+22 9.954915565575135350e+22 9.955261487928116353e+22 9.955622961807537838e+22 9.955999377404750882e+22 9.956390117535191453e+22 9.956794558685750126e+22 9.957212072031605595e+22 9.957642024422745099e+22 9.958083779340995553e+22 9.958536697827276777e+22 9.959000139379516427e+22 9.959473462821176266e+22 9.959956027140386429e+22 9.960447192299506500e+22 9.960946320015472407e+22 9.961452774510365455e+22 9.961965923232404786e+22 9.962485137547096542e+22 9.963009793398866864e+22 9.963539271942484158e+22 9.964072960144789052e+22 9.964610251356480366e+22 9.965150545854158445e+22 9.965693251352270157e+22 9.966237783485700479e+22 9.966783566262571106e+22 9.967330032487826561e+22 9.967876624157540719e+22 9.968422792824587970e+22 9.968967999935548175e+22 9.969511717139670840e+22 9.970053426569948850e+22 9.970592621097091963e+22 9.971128804556572878e+22 9.971661491949708876e+22 9.972190209618904875e+22 9.972714495398168547e+22 9.973233898739254847e+22 9.973747980814312381e+22 9.974256314595855355e+22 9.974758484914572834e+22 9.975254088496211768e+22 9.975742733978100879e+22 9.976224041906280071e+22 9.976697644714361147e+22 9.977163186684473796e+22 9.977620323892229623e+22 9.978068724135630366e+22 9.978508066849695361e+22 9.978938043007519582e+22 9.979358355008679995e+22 9.979768716556317281e+22 9.980168852523704962e+22 9.980558498811381337e+22 9.980937402195966637e+22 9.981305320171638463e+22 9.981662020785352684e+22 9.982007282466727500e+22 9.982340893853785208e+22 9.982662653615308328e+22 9.982972370271137169e+22 9.983269862010949049e+22 9.983554956513017384e+22 9.983827490763146946e+22 9.984087310875528423e+22 9.984334271915789124e+22 9.984568237727206185e+22 9.984789080761073821e+22 9.984996681912018167e+22 9.985190930358596954e+22 9.985371723410574829e+22 9.985538966362985071e+22 9.985692572357821569e+22 9.985832462254097616e+22 9.985958564506724467e+22 9.986070815054543559e+22 9.986169157218263997e+22 9.986253541608805263e+22 9.986323926045988120e+22 9.986380275488229687e+22 9.986422561973740975e+22 9.986450764572985288e+22 9.986464869352885715e+22 9.986464869352885715e+22
9.970042265907354403e+22 9.970042265907354403e+22 9.969999327263078534e+22 9.969913545642336269e+22 9.969785126070406192e+22 9.969614409196715481e+22 9.969401907872249414e+22 9.969148350580171735e+22 9.968854727118915476e+22 9.968522331029854644e+22 9.968152792857353126e+22 9.967748098717052515e+22 9.967310590018009537e+22 9.966842942469551895e+22 9.966348125315116355e+22 9.965829344399254461e+22 9.965289974547425840e+22 9.964733487487355401e+22 9.964163381210800089e+22 9.963583115551638238e+22 9.962996057223441521e+22 9.962405435975410280e+22 9.961814312151745665e+22 9.961225554919408481e+22 9.960641829792583044e+22 9.960065593786162269e+22 9.959499096489180791e+22 9.958944385478658150e+22 9.958403314711506872e+22 9.957877554784942581e+22 9.957368604202144629e+22 9.956877801001898423e+22 9.956406334295976496e+22 9.955955255407991901e+22 9.955525488420551079e+22 9.955117840024259789e+22 9.954733008621481755e+22 9.954371592681341898e+22 9.954034098368769373e+22 9.953720946488651022e+22 9.953432478795091359e+22 9.953168963719756408e+22 9.952930601574948091e+22 9.952717529284413384e+22 9.952529824692392742e+22 9.952367510497498078e+22 9.952230557854089819e+22 9.952118889679181945e+22 9.952032383699629008e+22 9.951970875269589447e+22 9.951934159985712719e+22 9.951921996123563518e+22 9.951934106916158964e+22 9.951970182693224710e+22 9.952029882896761016e+22 9.952112837987182785e+22 9.952218651252133305e+22 9.952346900528381926e+22 9.952497139846106998e+22 9.952668901003546644e+22 9.952861695078531963e+22 9.953075013883158908e+22 9.953308331366420578e+22 9.953561104969104989e+22 9.953832776934650964e+22 9.954122775579049171e+22 9.954430516522455872e+22 9.954755403884415209e+22 9.955096831444819064e+22 9.955454183771886269e+22 9.955826837318204706e+22 9.956214161486054320e+22 9.956615519662519406e+22 9.957030270224992462e+22 9.957457767517450456e+22 9.957897362797797101e+22 9.958348405156343290e+22 9.958810242405580040e+22 9.959282221941319428e+22 9.959763691574914974e+22 9.960254000336729224e+22 9.960752499250600241e+22 9.961258542079199622e+22 9.961771486040270307e+22 9.962290692493470702e+22 9.962815527597704321e+22 9.963345362939094342e+22 9.963879576129245702e+22 9.964417551373823273e+22 9.964958680011660853e+22 9.965502361024142613e+22 9.966048001515130454e+22 9.966595017161444006e+22 9.967142832634191885e+22 9.967690881990962604e+22 9.968238609039400265e+22 9.968785467672218724e+22 9.969330922174187726e+22 9.969874447501398062e+22 9.970415529533362720e+22 9.970953665298271148e+22 9.971488363172205271e+22 9.972019143052689723e+22 9.972545536507255770e+22 9.973067086897893029e+22 9.973583349481796639e+22 9.974093891489364548e+22 9.974598292180271995e+22 9.975096142878347991e+22 9.975587046986119486e+22 9.976070619980014761e+22 9.976546489387051490e+22 9.977014294743972472e+22 9.977473687539832324e+22 9.977924331143038396e+22 9.978365900713629424e+22 9.978798083102273333e+22 9.979220576736527778e+22 9.979633091495551251e+22 9.980035348574561632e+22 9.980427080339771988e+22 9.980808030174815296e+22 9.981177952320157961e+22 9.981536611705968552e+22 9.981883783779849339e+22 9.982219254330316502e+22 9.982542819307003734e+22 9.982854284638855941e+22 9.983153466050643545e+22 9.983440188879750247e+22 9.983714287893098371e+22 9.983975607105946544e+22 9.984223999602873441e+22 9.984459327362400518e+22 9.984681461085317471e+22 9.984890280028317680e+22 9.985085671842977205e+22 9.985267532421390978e+22 9.985435765748736301e+22 9.985590283763587429e+22 9.985731006226620429e+22 9.985857860598198226e+22 9.985970781925406251e+22 9.986069712738941351e+22 9.986154602960471353e+22 9.986225409820425034e+22 9.986282097787336550e+22 9.986324638508116869e+22 9.986353010760141400e+22 9.986367200415219240e+22 9.986367200415219240e+22
9.971424596390973329e+22 9.971424596390973329e+22 9.971378831652589614e+22 9.971287360400928853e+22 9.971150317594703246e+22 9.970967950687626435e+22 9.970740670000877116e+22 9.970469109483551746e+22 9.970154191933972624e+22 9.969797191183517929e+22 9.969399782747892456e+22 9.968964074599605286e+22 9.968492611501588428e+22 9.967988349849058463e+22 9.967454604545003985e+22 9.966894973739512260e+22 9.966313249978888225e+22 9.965713327007580396e+22 9.965099110494096274e+22 9.964474438943880564e+22 9.963843018648891425e+22 9.963208374210760016e+22 9.962573814304849527e+22 9.961942411078694601e+22 9.961316990892773265e+22 9.960700133904614844e+22 9.960094180118420783e+22 9.959501239831176728e+22 9.958923206791249527e+22 9.958361772772083683e+22 9.957818442612592974e+22 9.957294549064604031e+22 9.956791267018138662e+22 9.956309626846888906e+22 9.955850526741762566e+22 9.955414743987930530e+22 9.955002945197185381e+22 9.954615695545357409e+22 9.954253467084202076e+22 9.953916646207249397e+22 9.953605540352873831e+22 9.953320384025471012e+22 9.953061344211406474e+22 9.952828525260720780e+22 9.952621973299044077e+22 9.952441680226982402e+22 9.952287587358688150e+22 9.952159588744523940e+22 9.952057534217649023e+22 9.951981232199104358e+22 9.951930452291746372e+22 9.951904927689510538e+22 9.951904357424439283e+22 9.951928408471749473e+22 9.951976717729914683e+22 9.952048893890465785e+22 9.952144519210696756e+22 9.952263151199868840e+22 9.952404324228952542e+22 9.952567551071588083e+22 9.952752324383651293e+22 9.952958118127198011e+22 9.953184388944016441e+22 9.953430577483079064e+22 9.953696109685554912e+22 9.953980398030351761e+22 9.954282842743075609e+22 9.954602832969991193e+22 9.954939747919256879e+22 9.955292957970482489e+22 9.955661825753821374e+22 9.956045707199467487e+22 9.956443952558178199e+22 9.956855907393378189e+22 9.957280913545033993e+22 9.957718310065545832e+22 9.958167434127747318e+22 9.958627621905138870e+22 9.959098209424136733e+22 9.959578533388131238e+22 9.960067931973678111e+22 9.960565745598062815e+22 9.961071317658509718e+22 9.961583995242673707e+22 9.962103129810281693e+22 9.962628077845717660e+22 9.963158201481524412e+22 9.963692869092588808e+22 9.964231455861149742e+22 9.964773344312326881e+22 9.965317924820243972e+22 9.965864596085099043e+22 9.966412765580778852e+22 9.966961849973557795e+22 9.967511275511805798e+22 9.968060478387213514e+22 9.968608905067526462e+22 9.969156012601326646e+22 9.969701268895193838e+22 9.970244152963759918e+22 9.970784155152939798e+22 9.971320777337115718e+22 9.971853533090682608e+22 9.972381947834842009e+22 9.972905558959716722e+22 9.973423915923472279e+22 9.973936580328171766e+22 9.974443125973878990e+22 9.974943138891464652e+22 9.975436217355204349e+22 9.975921971875863016e+22 9.976400025175262337e+22 9.976870012143423350e+22 9.977331579778908344e+22 9.977784387113692483e+22 9.978228105123499658e+22 9.978662416624268607e+22 9.979087016156400189e+22 9.979501609857302554e+22 9.979905915323469005e+22 9.980299661463256249e+22 9.980682588341164992e+22 9.981054447014805661e+22 9.981414999365794136e+22 9.981764017925117706e+22 9.982101285694457722e+22 9.982426595964356447e+22 9.982739752129986455e+22 9.983040567505943580e+22 9.983328865140685878e+22 9.983604477631524556e+22 9.983867246941426837e+22 9.984117024218360578e+22 9.984353669617561475e+22 9.984577052128566680e+22 9.984787049406810135e+22 9.984983547611096652e+22 9.985166441247699632e+22 9.985335633021322343e+22 9.985491033694187762e+22 9.985632561953308987e+22 9.985760144286940135e+22 9.985873714870487928e+22 9.985973215462432545e+22 9.986058595310647011e+22 9.986129811069643574e+22 9.986186826729013851e+22 9.986229613553133185e+22 9.986258150033035205e+22 9.986272421849689856e+22 9.986272421849689856e+22
9.972873861154157783e+22 9.972873861154157783e+22 9.972825240167038058e+22 9.972728000648261612e+22 9.972582172037451927e+22 9.972387858569765899e+22 9.972145307593115016e+22 9.971854993593236193e+22 9.971517710610920689e+22 9.971134662993980162e+22 9.970707542137682212e+22 9.970238576125792800e+22 9.969730541270686971e+22 9.969186730184947846e+22 9.968610879176987954e+22 9.968007065284587081e+22 9.967379586972763606e+22 9.966732842296618569e+22 9.966071215773002708e+22 9.965398981713643910e+22 9.964720228171223610e+22 9.964038802458902790e+22 9.963358276784860902e+22 9.962681931039306783e+22 9.962012749123407367e+22 9.961353425208818323e+22 9.960706376714233158e+22 9.960073761371942447e+22 9.959457496373512897e+22 9.958859278146621932e+22 9.958280601782461451e+22 9.957722779494901613e+22 9.957186957761683495e+22 9.956674132986082781e+22 9.956185165643446537e+22 9.955720792958456929e+22 9.955281640205262311e+22 9.954868230747562233e+22 9.954480994944841207e+22 9.954120278050382388e+22 9.953786347221056854e+22 9.953479397748931926e+22 9.953199558614813193e+22 9.952946897452481800e+22 9.952721425001573935e+22 9.952523099118031707e+22 9.952351828401261747e+22 9.952207475489682070e+22 9.952089860068982600e+22 9.951998761631688635e+22 9.951933922020779727e+22 9.951895047786029541e+22 9.951881812377029575e+22 9.951893858194371589e+22 9.951930798516549452e+22 9.951992219318221799e+22 9.952077680993045892e+22 9.952186719992276425e+22 9.952318850389053014e+22 9.952473565376446202e+22 9.952650338706388943e+22 9.952848626075548464e+22 9.953067866462968663e+22 9.953307483424177311e+22 9.953566886344811505e+22 9.953845471657220846e+22 9.954142624022168968e+22 9.954457717477878215e+22 9.954790116557898908e+22 9.955139177379088302e+22 9.955504248700939115e+22 9.955884672956571320e+22 9.956279787256496207e+22 9.956688924364931229e+22 9.957111413649564919e+22 9.957546582004094049e+22 9.957993754744318224e+22 9.958452256477156055e+22 9.958921411942722149e+22 9.959400546829204875e+22 9.959888988560407344e+22 9.960386067055540542e+22 9.960891115461354193e+22 9.961403470855912450e+22 9.961922474924420419e+22 9.962447474606133477e+22 9.962977822712918127e+22 9.963512878518771489e+22 9.964052008320440363e+22 9.964594585969072747e+22 9.965139993372683718e+22 9.965687620969692345e+22 9.966236868173482689e+22 9.966787143788010668e+22 9.967337866394735319e+22 9.967888464711126090e+22 9.968438377920865291e+22 9.968987055976237289e+22 9.969533959872882252e+22 9.970078561897609062e+22 9.970620345849379763e+22 9.971158807234297725e+22 9.971693453435127988e+22 9.972223803855789359e+22 9.972749390041603428e+22 9.973269755776090715e+22 9.973784457154951486e+22 9.974293062637885535e+22 9.974795153079463943e+22 9.975290321739509137e+22 9.975778174274140897e+22 9.976258328708142596e+22 9.976730415389952967e+22 9.977194076929920913e+22 9.977648968122925633e+22 9.978094755856484454e+22 9.978531119005173809e+22 9.978957748312475697e+22 9.979374346261217306e+22 9.979780626933407443e+22 9.980176315860729725e+22 9.980561149866648850e+22 9.980934876901279164e+22 9.981297255869809112e+22 9.981648056455926068e+22 9.981987058940895874e+22 9.982314054019530201e+22 9.982628842613962808e+22 9.982931235686274879e+22 9.983221054050971052e+22 9.983498128187988954e+22 9.983762298057495518e+22 9.984013412917352543e+22 9.984251331143748131e+22 9.984475920056233807e+22 9.984687055747747833e+22 9.984884622920574304e+22 9.985068514728644025e+22 9.985238632627413660e+22 9.985394886231219136e+22 9.985537193179561224e+22 9.985665479012207559e+22 9.985779677054127781e+22 9.985879728310302068e+22 9.985965581371312387e+22 9.986037192329713104e+22 9.986094524707816813e+22 9.986137549396928941e+22 9.986166244608552888e+22 9.986180595837560685e+22 9.986180595837560685e+22
9.974392830428434557e+22 9.974392830428434557e+22 9.974341371130655696e+22 9.974238374551467380e+22 9.974083716389085276e+22 9.973877288471905908e+22 9.973619089711906685e+22 9.973309340934270773e+22 9.972948615368303182e+22 9.972537971833725728e+22 9.972079072496835573e+22 9.971574263484746249e+22 9.971026598017544644e+22 9.970439791351757065e+22 9.969818113650464915e+22 9.969166242045788527e+22 9.968489096855131102e+22 9.967791682093945192e+22 9.967078943827427747e+22 9.966355654365790024e+22 9.965626325787132874e+22 9.964895152484920800e+22 9.964165979580628206e+22 9.963442292369125697e+22 9.962727221442319378e+22 9.962023558477318088e+22 9.961333778488887135e+22 9.960660065323961444e+22 9.960004338100214327e+22 9.959368277068575513e+22 9.958753347976215029e+22 9.958160824438064834e+22 9.957591808119875096e+22 9.957047246723872929e+22 9.956527949882901240e+22 9.956034603129843483e+22 9.955567780135904792e+22 9.955127953417549382e+22 9.954715503703211848e+22 9.954330728137280297e+22 9.953973847480493251e+22 9.953645012447603458e+22 9.953344309305398002e+22 9.953071764837256030e+22 9.952827350765517196e+22 9.952610987710020479e+22 9.952422548749457503e+22 9.952261862642361460e+22 9.952128716756107028e+22 9.952022859745017096e+22 9.951944004012867165e+22 9.951891827989070375e+22 9.951865978244521001e+22 9.951866071468064584e+22 9.951891696322428797e+22 9.951942415195192689e+22 9.952017765857925844e+22 9.952117263045025071e+22 9.952240399961945853e+22 9.952386649730688693e+22 9.952555466779838435e+22 9.952746288184822229e+22 9.952958534963184429e+22 9.953191613329208613e+22 9.953444915911203593e+22 9.953717822934194795e+22 9.954009703370378235e+22 9.954319916059273147e+22 9.954647810798933928e+22 9.954992729409353836e+22 9.955354006769100653e+22 9.955730971825591969e+22 9.956122948579431232e+22 9.956529257043450449e+22 9.956949214175954574e+22 9.957382134788711147e+22 9.957827332429269120e+22 9.958284120237585046e+22 9.958751811776579161e+22 9.959229721836715298e+22 9.959717167213774163e+22 9.960213467460085062e+22 9.960717945608420825e+22 9.961229928868604595e+22 9.961748749296464403e+22 9.962273744434633900e+22 9.962804257925410639e+22 9.963339640095037719e+22 9.963879248509608447e+22 9.964422448502092385e+22 9.964968613670875352e+22 9.965517126349404032e+22 9.966067378047129800e+22 9.966618769861844035e+22 9.967170712863508949e+22 9.967722628449755044e+22 9.968273948673226414e+22 9.968824116541453343e+22 9.969372586288899896e+22 9.969918823622334061e+22 9.970462305939448293e+22 9.971002522521530742e+22 9.971538974700663629e+22 9.972071176001928613e+22 9.972598652261595559e+22 9.973120941721564846e+22 9.973637595101222509e+22 9.974148175647171255e+22 9.974652259161855754e+22 9.975149434011744888e+22 9.975639301116294018e+22 9.976121473918121804e+22 9.976595578335747113e+22 9.977061252699718156e+22 9.977518147673076741e+22 9.977965926157117293e+22 9.978404263183745915e+22 9.978832845795041791e+22 9.979251372911472148e+22 9.979659555189549328e+22 9.980057114870117774e+22 9.980443785618252418e+22 9.980819312355818707e+22 9.981183451087962636e+22 9.981535968724151540e+22 9.981876642895203454e+22 9.982205261767205978e+22 9.982521623853138339e+22 9.982825537823498568e+22 9.983116822316709210e+22 9.983395305750274664e+22 9.983660826133705156e+22 9.983913230884002595e+22 9.984152376644587435e+22 9.984378129108641304e+22 9.984590362847506281e+22 9.984788961144860574e+22 9.984973815837881899e+22 9.985144827165286177e+22 9.985301903623716235e+22 9.985444961832581202e+22 9.985573926408098205e+22 9.985688729847058137e+22 9.985789312420743322e+22 9.985875622079748689e+22 9.985947614369392728e+22 9.986005252357025169e+22 9.986048506570619014e+22 9.986077354949584775e+22 9.986091782807518341e+22 9.986091782807518341e+22
9.975986767570409200e+22 9.975986767570409200e+22 9.975932545515739152e+22 9.975823909922278264e+22 9.975660517106716665e+22 9.975441949933609733e+22 9.975167835659694191e+22 9.974838000466955705e+22 9.974452653797850428e+22 9.974012587688210098e+22 9.973519364670667044e+22 9.972975455265095261e+22 9.972384281599606889e+22 9.971750141028008251e+22 9.971078025831926412e+22 9.970373393438970007e+22 9.969641937310066095e+22 9.968889384061458868e+22 9.968121325375971970e+22 9.967343087369041478e+22 9.966559638069624124e+22 9.965775531204148829e+22 9.964994881564845697e+22 9.964221365199190989e+22 9.963458237092312646e+22 9.962708359691196852e+22 9.961974236959936715e+22 9.961258050142129776e+22 9.960561692725351127e+22 9.959886803132917744e+22 9.959234794402709766e+22 9.958606880597694480e+22 9.958004099992275386e+22 9.957427335245473409e+22 9.956877330853648977e+22 9.956354708201966613e+22 9.955859978530335805e+22 9.955393554106157734e+22 9.954955757867691200e+22 9.954546831768841880e+22 9.954166944024575869e+22 9.953816195427977711e+22 9.953494624882820907e+22 9.953202214274097742e+22 9.952938892778656498e+22 9.952704540702593673e+22 9.952498992917254662e+22 9.952322041954843178e+22 9.952173440814472705e+22 9.952052905521599585e+22 9.951960117476928887e+22 9.951894725625064194e+22 9.951856348468726465e+22 9.951844575950157749e+22 9.951858971217901283e+22 9.951899072294668154e+22 9.951964393659212340e+22 9.952054427753354206e+22 9.952168646423455413e+22 9.952306502304359724e+22 9.952467430152154907e+22 9.952650848131637838e+22 9.952856159062804608e+22 9.953082751630403908e+22 9.953330001559664198e+22 9.953597272760568617e+22 9.953883918443231157e+22 9.954189282205350494e+22 9.954512699093618891e+22 9.954853496639634748e+22 9.955210995871276807e+22 9.955584512299685957e+22 9.955973356882601234e+22 9.956376836963476229e+22 9.956794257187162764e+22 9.957224920391284372e+22 9.957668128473618370e+22 9.958123183234939565e+22 9.958589387197015235e+22 9.959066044395578563e+22 9.959552461147612801e+22 9.960047946792904216e+22 9.960551814409085361e+22 9.961063381500232414e+22 9.961581970658229748e+22 9.962106910196955401e+22 9.962637534758792541e+22 9.963173185893191752e+22 9.963713212607228805e+22 9.964256971887938109e+22 9.964803829196106446e+22 9.965353158931839032e+22 9.965904344871664720e+22 9.966456780577140061e+22 9.967009869775294484e+22 9.967563026710921635e+22 9.968115676470904776e+22 9.968667255281155047e+22 9.969217210775941153e+22 9.969765002240617087e+22 9.970310100827660668e+22 9.970851989746870125e+22 9.971390164430175076e+22 9.971924132671501474e+22 9.972453414742586399e+22 9.972977543485239329e+22 9.973496064380803167e+22 9.974008535597799860e+22 9.974514528018223648e+22 9.975013625243612742e+22 9.975505423581677879e+22 9.975989532014319921e+22 9.976465572148284699e+22 9.976933178148931607e+22 9.977391996658458087e+22 9.977841686699662167e+22 9.978281919565917481e+22 9.978712378698533490e+22 9.979132759552886728e+22 9.979542769453755898e+22 9.979942127441464735e+22 9.980330564109592638e+22 9.980707821435422455e+22 9.981073652604200813e+22 9.981427821828070022e+22 9.981770104161069066e+22 9.982100285310894919e+22 9.982418161448507985e+22 9.982723539016782918e+22 9.983016234538998379e+22 9.983296074427922383e+22 9.983562894797090429e+22 9.983816541274296549e+22 9.984056868818911232e+22 9.984283741543487609e+22 9.984497032540538379e+22 9.984696623715240116e+22 9.984882405624986049e+22 9.985054277326164774e+22 9.985212146229314165e+22 9.985355927962516246e+22 9.985485546244553048e+22 9.985600932767422480e+22 9.985702027089521148e+22 9.985788776539499161e+22 9.985861136130941282e+22 9.985919068489112565e+22 9.985962543788990031e+22 9.985991539705496417e+22 9.986006041376259781e+22 9.986006041376259781e+22
9.977668573845741424e+22 9.977668573845741424e+22 9.977611712898168101e+22 9.977497641401788557e+22 9.977325705526889572e+22 9.977095040373797736e+22 9.976804715263721000e+22 9.976453936051235324e+22 9.976042306299059870e+22 9.975570137870101801e+22 9.975038775570610730e+22 9.974450859287397374e+22 9.973810413151970342e+22 9.973122680074124290e+22 9.972393748840754394e+22 9.971630149137212637e+22 9.970838531639306145e+22 9.970025442850235639e+22 9.969197162504434745e+22 9.968359581619905888e+22 9.967518116561714518e+22 9.966677660044713630e+22 9.965842566886924170e+22 9.965016667827734997e+22 9.964203302559991359e+22 9.963405363511369820e+22 9.962625343719011359e+22 9.961865384271879445e+22 9.961127318644806648e+22 9.960412712605559082e+22 9.959722899266094708e+22 9.959059009377276212e+22 9.958421997243160173e+22 9.957812662751075500e+22 9.957231670039430352e+22 9.956679563301410046e+22 9.956156780174700341e+22 9.955663663109838052e+22 9.955200469053780210e+22 9.954767377731820716e+22 9.954364498764812517e+22 9.953991877817693477e+22 9.953649501942642115e+22 9.953337304250562537e+22 9.953055168021905015e+22 9.952802930348242921e+22 9.952580385380413892e+22 9.952387287245602895e+22 9.952223352685631583e+22 9.952088263459410333e+22 9.951981668545850455e+22 9.951903186177071514e+22 9.951852405727317878e+22 9.951828889478633200e+22 9.951832174280793129e+22 9.951861773120862526e+22 9.951917176614327576e+22 9.951997854428741553e+22 9.952103256648410412e+22 9.952232815087654535e+22 9.952385944558708248e+22 9.952562044099362397e+22 9.952760498164646648e+22 9.952980677785898556e+22 9.953221941700095010e+22 9.953483637451752944e+22 9.953765102468964601e+22 9.954065665115201470e+22 9.954384645717697233e+22 9.954721357573181460e+22 9.955075107931606640e+22 9.955445198957761161e+22 9.955830928671251418e+22 9.956231591864467194e+22 9.956646480998657792e+22 9.957074887077566978e+22 9.957516100498306263e+22 9.957969411879434663e+22 9.958434112865124221e+22 9.958909496905777021e+22 9.959394860013733072e+22 9.959889501494471714e+22 9.960392724651977789e+22 9.960903837468624893e+22 9.961422153258498628e+22 9.961946991294253787e+22 9.962477677406765607e+22 9.963013544557578446e+22 9.963553933383705611e+22 9.964098192714693083e+22 9.964645680061556248e+22 9.965195762077816114e+22 9.965747814992420274e+22 9.966301225014362374e+22 9.966855388709590663e+22 9.967409713349744237e+22 9.967963617233334383e+22 9.968516529979537123e+22 9.969067892794596943e+22 9.969617158711744345e+22 9.970163792804640614e+22 9.970707272374869924e+22 9.971247087114243801e+22 9.971782739242270274e+22 9.972313743619564503e+22 9.972839627837712577e+22 9.973359932286393804e+22 9.973874210198836897e+22 9.974382027675766096e+22 9.974882963689286769e+22 9.975376610067136643e+22 9.975862571458752204e+22 9.976340465283358314e+22 9.976809921661822514e+22 9.977270583332510577e+22 9.977722105552876392e+22 9.978164155987235806e+22 9.978596414581982731e+22 9.979018573429487331e+22 9.979430336621253440e+22 9.979831420091922330e+22 9.980221551454795596e+22 9.980600469830234433e+22 9.980967925667702034e+22 9.981323680562628526e+22 9.981667507069435616e+22 9.981999188511160481e+22 9.982318518787108346e+22 9.982625302179575602e+22 9.982919353160338034e+22 9.983200496197984636e+22 9.983468565567236158e+22 9.983723405160872516e+22 9.983964868305117984e+22 9.984192817579740784e+22 9.984407124643257988e+22 9.984607670064129874e+22 9.984794343158886642e+22 9.984967041837549853e+22 9.985125672457392148e+22 9.985270149685426153e+22 9.985400396370209774e+22 9.985516343423486290e+22 9.985617929712521603e+22 9.985705101962855108e+22 9.985777814672650325e+22 9.985836030038477531e+22 9.985879717893019953e+22 9.985908855654924996e+22 9.985923428290980007e+22 9.985923428290980007e+22
9.979474499838655699e+22 9.979474499838655699e+22 9.979415095525801512e+22 9.979295717019101010e+22 9.979115269057304907e+22 9.978872226080755181e+22 9.978564791644251908e+22 9.978191145964199215e+22 9.977749814546407411e+22 9.977240184511557481e+22 9.976663141678571743e+22 9.976021669140706938e+22 9.975321080139553440e+22 9.974568571028016569e+22 9.973772230471667889e+22 9.972940185242426357e+22 9.972080195134848972e+22 9.971199554943533344e+22 9.970305080333009158e+22 9.969403074240992353e+22 9.968499273703056055e+22 9.967598807711005383e+22 9.966706185802627416e+22 9.965825319180718152e+22 9.964959565704317842e+22 9.964111787672585267e+22 9.963284413257285317e+22 9.962479495601413161e+22 9.961698766389913636e+22 9.960943682645999065e+22 9.960215466672903946e+22 9.959515139662858001e+22 9.958843549745895231e+22 9.958201395304726528e+22 9.957589244333435702e+22 9.957007550529544179e+22 9.956456666706422111e+22 9.955936856016766055e+22 9.955448301390183950e+22 9.954991113513702366e+22 9.954565337622562787e+22 9.954170959316961251e+22 9.953807909580148887e+22 9.953476069138979671e+22 9.953175272282174941e+22 9.952905310229346071e+22 9.952665934127083133e+22 9.952456857734119791e+22 9.952277759846994936e+22 9.952128286507835326e+22 9.952008053029338717e+22 9.951916645865624699e+22 9.951853624352699738e+22 9.951818522338665693e+22 9.951810849720083310e+22 9.951830093898353685e+22 9.951875721167707413e+22 9.951947178044439921e+22 9.952043892545221244e+22 9.952165275421479692e+22 9.952310721354952973e+22 9.952479610119278874e+22 9.952671307711110133e+22 9.952885167453726415e+22 9.953120531075651600e+22 9.953376729766037973e+22 9.953653085208223259e+22 9.953948910592493984e+22 9.954263511608779919e+22 9.954596187419881924e+22 9.954946231615063746e+22 9.955312933144529522e+22 9.955695577234266915e+22 9.956093446281151853e+22 9.956505820728043084e+22 9.956931979918250816e+22 9.957371202929060689e+22 9.957822769383539632e+22 9.958285960240340088e+22 9.958760058560667084e+22 9.959244350251987055e+22 9.959738124787862680e+22 9.960240675903214138e+22 9.960751302264714848e+22 9.961269308115677453e+22 9.961794003894884788e+22 9.962324706829130950e+22 9.962860741499048008e+22 9.963401440377778785e+22 9.963946144342373250e+22 9.964494203157653488e+22 9.965044975932366075e+22 9.965597831547551377e+22 9.966152149057280777e+22 9.966707318061382658e+22 9.967262739050722545e+22 9.967817823724976996e+22 9.968371995282963327e+22 9.968924688686291878e+22 9.969475350896105960e+22 9.970023441083793618e+22 9.970568430815870871e+22 9.971109804213524654e+22 9.971647058087649267e+22 9.972179702049718613e+22 9.972707258599371650e+22 9.973229263189016419e+22 9.973745264267059895e+22 9.974254823299476777e+22 9.974757514771453654e+22 9.975252926169512883e+22 9.975740657945100996e+22 9.976220323460668405e+22 9.976691548919129598e+22 9.977153973277755756e+22 9.977607248147353751e+22 9.978051037677939484e+22 9.978485018431843415e+22 9.978908879245350535e+22 9.979322321079769026e+22 9.979725056863281506e+22 9.980116811324400966e+22 9.980497320818178943e+22 9.980866333146248066e+22 9.981223607371665349e+22 9.981568913629817864e+22 9.981902032936134037e+22 9.982222756991764896e+22 9.982530887988408012e+22 9.982826238412868026e+22 9.983108630852719451e+22 9.983377897803662282e+22 9.983633881479795180e+22 9.983876433627470574e+22 9.984105415343689695e+22 9.984320696899659943e+22 9.984522157570784651e+22 9.984709685473207701e+22 9.984883177408042107e+22 9.985042538713811046e+22 9.985187683127814364e+22 9.985318532656913816e+22 9.985435017458134653e+22 9.985537075730167366e+22 9.985624653615261234e+22 9.985697705113022995e+22 9.985756192005402552e+22 9.985800083794030074e+22 9.985829357649521961e+22 9.985843998373673383e+22 9.985843998373673383e+22
9.981512139719422928e+22 9.981512139719422928e+22 9.981449972140703796e+22 9.981324752990373727e+22 9.981134737158906577e+22 9.980877373502912882e+22 9.980549420030488687e+22 9.980147185325392370e+22 9.979667023566696402e+22 9.979106261027032714e+22 9.978464652436837918e+22 9.977746057543871051e+22 9.976959277496530475e+22 9.976116682662764505e+22 9.975230927789068858e+22 9.974312763373618882e+22 9.973370816546861167e+22 9.972412315173552285e+22 9.971443750346061932e+22 9.970471158726218324e+22 9.969500130018301313e+22 9.968535721810826625e+22 9.967582393120364220e+22 9.966643990793205422e+22 9.965723781551214507e+22 9.964824510584747301e+22 9.963948469852680749e+22 9.963097565289517574e+22 9.962273377445220870e+22 9.961477213586390306e+22 9.960710151217276466e+22 9.959973073864617886e+22 9.959266700269956628e+22 9.958591608136639971e+22 9.957948253459159659e+22 9.957336986302903694e+22 9.956758063744929707e+22 9.956211660548478704e+22 9.955697878026220575e+22 9.955216751453622659e+22 9.954768256318303319e+22 9.954352313630910002e+22 9.953968794476989330e+22 9.953617523952396848e+22 9.953298284595301371e+22 9.953010819406285190e+22 9.952754834529448886e+22 9.952530001653959072e+22 9.952335960183674608e+22 9.952172319214537802e+22 9.952038659351392551e+22 9.951934534390982377e+22 9.951859472892474006e+22 9.951812979653971490e+22 9.951794537109402314e+22 9.951803606658574818e+22 9.951839629940191396e+22 9.951902030056741300e+22 9.951990212757765803e+22 9.952103567587627814e+22 9.952241469002302358e+22 9.952403277458937636e+22 9.952588340481327366e+22 9.952795993703633125e+22 9.953025561894338114e+22 9.953276359961495994e+22 9.953547693940761271e+22 9.953838861966377379e+22 9.954149155225728136e+22 9.954477858897699170e+22 9.954824253074491992e+22 9.955187613666939345e+22 9.955567213292691023e+22 9.955962322147177870e+22 9.956372208856320495e+22 9.956796141310771305e+22 9.957233387480981858e+22 9.957683216211914418e+22 9.958144897997478245e+22 9.958617705733293081e+22 9.959100915447558360e+22 9.959593807008912481e+22 9.960095664811057296e+22 9.960605778433199938e+22 9.961123443275805281e+22 9.961647961171296675e+22 9.962178640968861037e+22 9.962714799093341540e+22 9.963255760077479687e+22 9.963800857067443035e+22 9.964349432301086573e+22 9.964900837559221250e+22 9.965454434589228610e+22 9.966009595501437623e+22 9.966565703137770445e+22 9.967122151413271180e+22 9.967678345630242465e+22 9.968233702765271764e+22 9.968787651729586913e+22 9.969339633602925481e+22 9.969889101841172949e+22 9.970435522458469322e+22 9.970978374184264008e+22 9.971517148595587383e+22 9.972051350225413158e+22 9.972580496647821197e+22 9.973104118540269519e+22 9.973621759724309237e+22 9.974132977185015936e+22 9.974637341070227984e+22 9.975134434670420584e+22 9.975623854380126568e+22 9.976105209641766276e+22 9.976578122872904902e+22 9.977042229377930520e+22 9.977497177245115797e+22 9.977942627230185790e+22 9.978378252627098154e+22 9.978803739127760447e+22 9.979218784670859028e+22 9.979623099281723884e+22 9.980016404903590101e+22 9.980398435221816266e+22 9.980768935481930521e+22 9.981127662302463944e+22 9.981474383483775851e+22 9.981808877813996768e+22 9.982130934872688034e+22 9.982440354833837012e+22 9.982736948268637566e+22 9.983020535949305682e+22 9.983290948654782533e+22 9.983548026979276240e+22 9.983791621144640592e+22 9.984021590816983299e+22 9.984237804929022113e+22 9.984440141508438812e+22 9.984628487513200761e+22 9.984802738674420469e+22 9.984962799347704424e+22 9.985108582373408952e+22 9.985240008946239301e+22 9.985357008495144914e+22 9.985459518573707159e+22 9.985547484761506080e+22 9.985620860577076845e+22 9.985679607402410593e+22 9.985723694419670781e+22 9.985753098560380024e+22 9.985767804466889543e+22 9.985767804466889543e+22
9.984107415796891779e+22 9.984107415796891779e+22 9.984041044951961698e+22 9.983906940575938301e+22 9.983702323806032888e+22 9.983422893755081949e+22 9.983062701762028346e+22 9.982614147316111429e+22 9.982068479551280985e+22 9.981417531584774196e+22 9.980657493488494759e+22 9.979794403663247783e+22 9.978847874164452858e+22 9.977846751754596018e+22 9.976816382622151213e+22 9.975772123678088207e+22 9.974721163893513440e+22 9.973666988822601138e+22 9.972612515081817267e+22 9.971561239027252619e+22 9.970517199910042862e+22 9.969484570130811086e+22 9.968467290231004778e+22 9.967468862823755625e+22 9.966492283568602795e+22 9.965540055359372132e+22 9.964614241144638590e+22 9.963716528036404580e+22 9.962848288970782854e+22 9.962010636443781903e+22 9.961204467100733669e+22 9.960430497828539518e+22 9.959689294637124131e+22 9.958981295688746480e+22 9.958306829684422633e+22 9.957666130607122416e+22 9.957059349618820435e+22 9.956486564734198560e+22 9.955947788753534399e+22 9.955442975828330571e+22 9.954972026947118721e+22 9.954534794564917527e+22 9.954131086549124855e+22 9.953760669577729435e+22 9.953423272095640873e+22 9.953118586913279076e+22 9.952846273513800493e+22 9.952605960122722052e+22 9.952397245582115707e+22 9.952219701064530238e+22 9.952072871654472024e+22 9.951956277820488312e+22 9.951869416796604858e+22 9.951811763888524467e+22 9.951782773717345501e+22 9.951781881411096543e+22 9.951808503752772760e+22 9.951862040291801301e+22 9.951941874424750696e+22 9.952047374449799017e+22 9.952177894598829618e+22 9.952332776050038460e+22 9.952511347923237418e+22 9.952712928259794692e+22 9.952936824988383366e+22 9.953182336877283036e+22 9.953448754473903902e+22 9.953735361031820227e+22 9.954041433425027950e+22 9.954366243049515359e+22 9.954709056711594869e+22 9.955069137502576470e+22 9.955445745659125170e+22 9.955838139408574317e+22 9.956245575798426383e+22 9.956667311509371827e+22 9.957102603650758974e+22 9.957550710537905924e+22 9.958010892450001217e+22 9.958482412368348316e+22 9.958964536693583197e+22 9.959456535941257730e+22 9.959957685415141232e+22 9.960467265857381204e+22 9.960984564074791777e+22 9.961508873540922560e+22 9.962039494972899590e+22 9.962575736883068587e+22 9.963116916104541241e+22 9.963662358290537172e+22 9.964211398387023269e+22 9.964763381078683969e+22 9.965317661207675535e+22 9.965873604165449548e+22 9.966430586257296641e+22 9.966987995039805106e+22 9.967545229631345079e+22 9.968101700995682350e+22 9.968656832198980141e+22 9.969210058640544550e+22 9.969760828257516650e+22 9.970308601704184021e+22 9.970852852506149939e+22 9.971393067190086690e+22 9.971928745389562895e+22 9.972459399927637737e+22 9.972984556876802608e+22 9.973503755597256642e+22 9.974016548754051354e+22 9.974522502314023767e+22 9.975021195523462581e+22 9.975512220867284173e+22 9.975995184010599229e+22 9.976469703723896432e+22 9.976935411792574677e+22 9.977391952911716372e+22 9.977838984567655393e+22 9.978276176906715503e+22 9.978703212592635891e+22 9.979119786653561284e+22 9.979525606319641854e+22 9.979920390852504558e+22 9.980303871367295533e+22 9.980675790648771609e+22 9.981035902962207660e+22 9.981383973860443528e+22 9.981719779987617428e+22 9.982043108881325674e+22 9.982353758773589521e+22 9.982651538391952890e+22 9.982936266761581678e+22 9.983207773009253866e+22 9.983465896170391339e+22 9.983710484999727324e+22 9.983941397786523809e+22 9.984158502175528452e+22 9.984361674993821968e+22 9.984550802084874682e+22 9.984725778150399463e+22 9.984886506600193956e+22 9.985032899411557587e+22 9.985164876997850458e+22 9.985282368087464188e+22 9.985385309613340597e+22 9.985473646613704265e+22 9.985547332144227104e+22 9.985606327202051051e+22 9.985650600662054784e+22 9.985680129225649658e+22 9.985694897381913605e+22 9.985694897381913605e+22
9.988256359665437455e+22 9.988256359665437455e+22 9.988180494692384768e+22 9.988026569730256850e+22 9.987789928433199350e+22 9.987462859027198142e+22 9.987033621478109295e+22 9.986485290434442140e+22 9.985795390528145274e+22 9.984938850643911639e+22 9.983898323174817373e+22 9.982683683897750638e+22 9.981350123721985307e+22 9.979985480565011356e+22 9.978655164724776062e+22 9.977381772221553941e+22 9.976159415551783443e+22 9.974973670457622921e+22 9.973812855494464766e+22 9.972670957637989302e+22 9.971546560651495211e+22 9.970440908385958861e+22 9.969356379846755326e+22 9.968295590744072756e+22 9.967260965724274609e+22 9.966254584454884570e+22 9.965278161606795906e+22 9.964333081175860131e+22 9.963420446138523923e+22 9.962541126861985939e+22 9.961695802602613742e+22 9.960884995157737341e+22 9.960109095491238625e+22 9.959368384612610448e+22 9.958663049945357169e+22 9.957993198219417774e+22 9.957358865704084832e+22 9.956760026407586968e+22 9.956196598717282779e+22 9.955668450838445031e+22 9.955175405301768441e+22 9.954717242743888806e+22 9.954293705117152995e+22 9.953904498448081827e+22 9.953549295236772004e+22 9.953227736569155997e+22 9.952939433998591984e+22 9.952683971241127707e+22 9.952460905719995879e+22 9.952269769987736574e+22 9.952110073048832410e+22 9.951981301601360098e+22 9.951882921212866934e+22 9.951814377442409185e+22 9.951775096919229779e+22 9.951764488385769295e+22 9.951781943711996314e+22 9.951826838886105376e+22 9.951898534986092275e+22 9.951996379135453063e+22 9.952119705445697847e+22 9.952267835947657409e+22 9.952440081513057354e+22 9.952635742767344622e+22 9.952854110994356922e+22 9.953094469033120288e+22 9.953356092166863690e+22 9.953638249003851396e+22 9.953940202349704249e+22 9.954261210070706553e+22 9.954600525947289888e+22 9.954957400516777843e+22 9.955331081904769204e+22 9.955720816643993607e+22 9.956125850479649777e+22 9.956545429160337185e+22 9.956978799213539230e+22 9.957425208704401356e+22 9.957883907977099451e+22 9.958354150377582179e+22 9.958835192956962472e+22 9.959326297154336797e+22 9.959826729458337631e+22 9.960335762046754750e+22 9.960852673402997257e+22 9.961376748909216819e+22 9.961907281415075424e+22 9.962443571781728154e+22 9.962984929400628393e+22 9.963530672686360219e+22 9.964080129543543298e+22 9.964632637807367343e+22 9.965187545657360200e+22 9.965744212004483524e+22 9.966302006851430200e+22 9.966860311626054736e+22 9.967418519488003729e+22 9.967976035608855105e+22 9.968532277425707418e+22 9.969086674868756074e+22 9.969638670562983988e+22 9.970187720004547169e+22 9.970733291712271299e+22 9.971274867354678749e+22 9.971811941853183554e+22 9.972344023462309999e+22 9.972870633827147868e+22 9.973391308019277496e+22 9.973905594551592446e+22 9.974413055372992866e+22 9.974913265843741445e+22 9.975405814692559035e+22 9.975890303955926358e+22 9.976366348901133635e+22 9.976833577933713965e+22 9.977291632490188269e+22 9.977740166917354894e+22 9.978178848339182538e+22 9.978607356512123539e+22 9.979025383670005157e+22 9.979432634359804120e+22 9.979828825268943638e+22 9.980213685045572508e+22 9.980586954112621557e+22 9.980948384476929248e+22 9.981297739534226686e+22 9.981634793871334231e+22 9.981959333066276078e+22 9.982271153487633134e+22 9.982570062093895913e+22 9.982855876233928062e+22 9.983128423449325732e+22 9.983387541279909242e+22 9.983633077072833597e+22 9.983864887796500634e+22 9.984082839859881837e+22 9.984286808938325528e+22 9.984476679806199110e+22 9.984652346177525645e+22 9.984813710554957034e+22 9.984960684087800182e+22 9.985093186439876287e+22 9.985211145667550485e+22 9.985314498108475415e+22 9.985403188281491640e+22 9.985477168798302313e+22 9.985536400286933844e+22 9.985580851327506003e+22 9.985610498400595005e+22 9.985625325848390900e+22 9.985625325848390900e+22
9.997019822879902636e+22 9.997019822879902636e+22 9.996918142771826524e+22 9.996710842560550011e+22 9.996389233050287237e+22 9.995937940732236110e+22 9.995331315700363952e+22 9.994527981517946854e+22 9.993465408361815081e+22 9.992062187162663964e+22 9.990245152645800002e+22 9.988019873260218247e+22 9.985560336862416785e+22 9.983183891717160541e+22 9.981090962708010474e+22 9.979305104360346118e+22 9.977755557283400306e+22 9.976358292185610715e+22 9.975051424518425805e+22 9.973799094702717901e+22 9.972584058438337692e+22 9.971399693523879775e+22 9.970244544508376750e+22 9.969119291153749062e+22 9.968025281969551678e+22 9.966963909954018424e+22 9.965936389530088532e+22 9.964943705089703621e+22 9.963986623753947500e+22 9.963065726560221371e+22 9.962181440565189961e+22 9.961334066330258637e+22 9.960523799884693976e+22 9.959750749804769260e+22 9.959014950392447160e+22 9.958316371868018278e+22 9.957654928317423079e+22 9.957030483957924653e+22 9.956442858144086045e+22 9.955891829424022933e+22 9.955377138875480880e+22 9.954898492891333027e+22 9.954455565540865868e+22 9.954048000601879269e+22 9.953675413335684048e+22 9.953337392059920679e+22 9.953033499562017921e+22 9.952763274386280441e+22 9.952526232021217418e+22 9.952321866007261584e+22 9.952149648982028373e+22 9.952009033676166162e+22 9.951899453870466243e+22 9.951820325323109355e+22 9.951771046673828440e+22 9.951751000330587865e+22 9.951759553343317344e+22 9.951796058268071100e+22 9.951859854024434201e+22 9.951950266747969549e+22 9.952066610639446999e+22 9.952208188811510599e+22 9.952374294133616096e+22 9.952564210075173283e+22 9.952777211547032433e+22 9.953012565740742718e+22 9.953269532965275592e+22 9.953547367480305490e+22 9.953845318325200591e+22 9.954162630142911631e+22 9.954498543997435039e+22 9.954852298183894106e+22 9.955223129030031888e+22 9.955610271687922994e+22 9.956012960914451359e+22 9.956430431839703374e+22 9.956861920721677530e+22 9.957306665686464987e+22 9.957763907452263622e+22 9.958232890036626601e+22 9.958712861445388553e+22 9.959203074342532835e+22 9.959702786699859014e+22 9.960211262425546306e+22 9.960727771970849577e+22 9.961251592913906198e+22 9.961782010520222564e+22 9.962318318279051759e+22 9.962859818415019786e+22 9.963405822374612828e+22 9.963955651287030589e+22 9.964508636399135621e+22 9.965064119484332533e+22 9.965621453224776460e+22 9.966180001567284920e+22 9.966739140052709802e+22 9.967298256118766109e+22 9.967856749376421495e+22 9.968414031860245882e+22 9.968969528252695996e+22 9.969522676082804575e+22 9.970072925899663501e+22 9.970619741421043083e+22 9.971162599657887393e+22 9.971700991014890321e+22 9.972234419368167368e+22 9.972762402120429208e+22 9.973284470234416991e+22 9.973800168245533920e+22 9.974309054254273685e+22 9.974810699899340010e+22 9.975304690312519300e+22 9.975790624056084844e+22 9.976268113043480851e+22 9.976736782444779484e+22 9.977196270577414203e+22 9.977646228783405780e+22 9.978086321294275510e+22 9.978516225084254637e+22 9.978935629713450939e+22 9.979344237161453978e+22 9.979741761652883928e+22 9.980127929475647354e+22 9.980502478793307534e+22 9.980865159452186745e+22 9.981215732784740644e+22 9.981553971409855709e+22 9.981879659031333070e+22 9.982192590235479782e+22 9.982492570288877942e+22 9.982779414937239290e+22 9.983052950206180806e+22 9.983313012205250046e+22 9.983559446935571005e+22 9.983792110102400677e+22 9.984010866933107995e+22 9.984215592001632154e+22 9.984406169060146728e+22 9.984582490878265157e+22 9.984744459091094536e+22 9.984891984056399430e+22 9.985024984721308569e+22 9.985143388499599583e+22 9.985247131159707727e+22 9.985336156724003865e+22 9.985410417379610146e+22 9.985469873401625785e+22 9.985514493088392177e+22 9.985544252709451648e+22 9.985559136466297160e+22 9.985559136466297160e+22
1.001985463070667204e+23 1.001985463070667204e+23 1.001968164995402679e+23 1.001932740067669836e+23 1.001877316001800661e+23 1.001798432395497193e+23 1.001689923276432527e+23 1.001540925667696391e+23 1.001333103773732611e+23 1.001038988496075458e+23 1.000627795935445364e+23 1.000090054889596141e+23 9.994817714175572391e+22 9.989310334034589935e+22 9.985042671668305278e+22 9.981949215039270420e+22 9.979673894762639996e+22 9.977880271727739535e+22 9.976345506716604537e+22 9.974947094212376107e+22 9.973625673404759461e+22 9.972355349761418802e+22 9.971126057489252588e+22 9.969934555557969841e+22 9.968780270474356589e+22 9.967663524829331246e+22 9.966584841132993780e+22 9.965544697243180728e+22 9.964543458540531168e+22 9.963581373054515885e+22 9.962658585269982200e+22 9.961775152748164022e+22 9.960931060675058126e+22 9.960126233395231667e+22 9.959360543234436628e+22 9.958633817189573355e+22 9.957945842024848766e+22 9.957296368202391172e+22 9.956685112964553690e+22 9.956111762798099720e+22 9.955575975445405263e+22 9.955077381581234294e+22 9.954615586240598953e+22 9.954190170060469830e+22 9.953800690380978730e+22 9.953446682240851168e+22 9.953127659292714231e+22 9.952843114658439312e+22 9.952592521739701427e+22 9.952375334996064548e+22 9.952190990699848951e+22 9.952038907675384008e+22 9.951918488028588907e+22 9.951829117871625916e+22 9.951770168046177904e+22 9.951740994848319708e+22 9.951740940756842237e+22 9.951769335166861417e+22 9.951825495129331021e+22 9.951908726097461012e+22 9.952018322679736041e+22 9.952153569399872999e+22 9.952313741462870373e+22 9.952498105526874276e+22 9.952705920479825966e+22 9.952936438220008404e+22 9.953188904439188239e+22 9.953462559407331502e+22 9.953756638757361235e+22 9.954070374268876620e+22 9.954402994648914277e+22 9.954753726308761888e+22 9.955121794134985356e+22 9.955506422253503486e+22 9.955906834784909997e+22 9.956322256589813082e+22 9.956751914002669162e+22 9.957195035552773675e+22 9.957650852670949294e+22 9.958118600380822585e+22 9.958597517973385537e+22 9.959086849663461176e+22 9.959585845227413937e+22 9.960093760620556242e+22 9.960609858573882203e+22 9.961133409168516134e+22 9.961663690387753429e+22 9.962199988645765998e+22 9.962741599291972361e+22 9.963287827091063990e+22 9.963837986677760144e+22 9.964391402986296207e+22 9.964947411654028139e+22 9.965505359398919838e+22 9.966064604371059370e+22 9.966624516477866843e+22 9.967184477683056011e+22 9.967743882279453616e+22 9.968302137135822432e+22 9.968858661918114159e+22 9.969412889284957543e+22 9.969964265058289372e+22 9.970512248369259217e+22 9.971056311779988393e+22 9.971595941381662992e+22 9.972130636869697484e+22 9.972659911596557782e+22 9.973183292602867882e+22 9.973700320627736235e+22 9.974210550099063551e+22 9.974713549104466205e+22 9.975208899344008112e+22 9.975696196065475900e+22 9.976175047983220811e+22 9.976645077181293763e+22 9.977105919002395279e+22 9.977557221923093270e+22 9.977998647416741429e+22 9.978429869804826395e+22 9.978850576098169717e+22 9.979260465828776536e+22 9.979659250873357723e+22 9.980046655270015310e+22 9.980422415028601225e+22 9.980786277936160309e+22 9.981138003358603490e+22 9.981477362039208385e+22 9.981804135895578077e+22 9.982118117815552993e+22 9.982419111453354308e+22 9.982706931026920210e+22 9.982981401117406423e+22 9.983242356471387862e+22 9.983489641807449214e+22 9.983723111627253350e+22 9.983942630032308961e+22 9.984148070547207487e+22 9.984339315950062508e+22 9.984516258110748859e+22 9.984678797837887708e+22 9.984826844734998708e+22 9.984960317066448365e+22 9.985079141633805307e+22 9.985183253663238324e+22 9.985272596704017567e+22 9.985347122538899046e+22 9.985406791106754825e+22 9.985451570437388501e+22 9.985481436599259077e+22 9.985496373659970621e+22 9.985496373659970621e+22
1.008621037746802802e+23 1.008621037746802802e+23 1.008585080056580900e+23 1.008511155604680648e+23 1.008394701236898124e+23 1.008227156706979490e+23 1.007992753203287299e+23 1.007661979605261930e+23 1.007180150882004988e+23 1.006453684648828511e+23 1.005353817741088680e+23 1.003794085537019509e+23 1.001942639676659094e+23 1.000367695867283044e+23 9.992895659376418541e+22 9.986280112066989654e+22 9.982274072907711146e+22 9.979662213224244393e+22 9.977731019217537964e+22 9.976121002609149057e+22 9.974667929265808553e+22 9.973301853102009011e+22 9.971994624255924686e+22 9.970735498782322563e+22 9.969520609380528869e+22 9.968348660038526566e+22 9.967219244770260523e+22 9.966132221457578171e+22 9.965087492831066666e+22 9.964084937874346711e+22 9.963124395636255254e+22 9.962205665502275672e+22 9.961328511453168979e+22 9.960492666394411585e+22 9.959697835597772725e+22 9.958943699225201659e+22 9.958229914134596341e+22 9.957556115177474097e+22 9.956921916154704193e+22 9.956326910547828356e+22 9.955770672107389085e+22 9.955252755351503215e+22 9.954772696010664496e+22 9.954330011442833732e+22 9.953924201034177682e+22 9.953554746596905504e+22 9.953221112770906921e+22 9.952922747435131234e+22 9.952659082131814325e+22 9.952429532506743007e+22 9.952233498767252888e+22 9.952070366159385815e+22 9.951939505465300772e+22 9.951840273521262041e+22 9.951772013756696180e+22 9.951734056754104762e+22 9.951725720829621489e+22 9.951746312633639869e+22 9.951795127770783364e+22 9.951871451438281812e+22 9.951974559081571339e+22 9.952103717066079260e+22 9.952258183363496090e+22 9.952437208251288152e+22 9.952640035023801549e+22 9.952865900713182495e+22 9.953114036818553707e+22 9.953383670041567822e+22 9.953674023026539312e+22 9.953984315103441951e+22 9.954313763031862582e+22 9.954661581744075755e+22 9.955026985085551457e+22 9.955409186551075596e+22 9.955807400014740088e+22 9.956220840452124836e+22 9.956648724653099555e+22 9.957090271923497284e+22 9.957544704774481799e+22 9.958011249597713115e+22 9.958489137325369878e+22 9.958977604073364337e+22 9.959475891766820445e+22 9.959983248746590346e+22 9.960498930355562716e+22 9.961022199504152245e+22 9.961552327213628103e+22 9.962088593137095148e+22 9.962630286056747119e+22 9.963176704357299546e+22 9.963727156474734969e+22 9.964280961320254806e+22 9.964837448678530194e+22 9.965395959580713183e+22 9.965955846651305683e+22 9.966516474429377715e+22 9.967077219663532681e+22 9.967637471581258855e+22 9.968196632132388599e+22 9.968754116206984063e+22 9.969309351827885942e+22 9.969861780318596366e+22 9.970410856446272786e+22 9.970956048540946871e+22 9.971496838591087536e+22 9.972032722316360365e+22 9.972563209218069994e+22 9.973087822608055507e+22 9.973606099616746858e+22 9.974117591181335252e+22 9.974621862014594371e+22 9.975118490555622464e+22 9.975607068902956623e+22 9.976087202731448389e+22 9.976558511193585195e+22 9.977020626806354896e+22 9.977473195324618047e+22 9.977915875602132160e+22 9.978348339441102016e+22 9.978770271431487495e+22 9.979181368781092317e+22 9.979581341137332968e+22 9.979969910402145740e+22 9.980346810540593932e+22 9.980711787384772388e+22 9.981064598433593242e+22 9.981405012649937627e+22 9.981732810255782380e+22 9.982047782526724447e+22 9.982349731586584137e+22 9.982638470203268347e+22 9.982913821586752746e+22 9.983175619190144264e+22 9.983423706514753323e+22 9.983657936919937522e+22 9.983878173438726740e+22 9.984084288599821910e+22 9.984276164256943886e+22 9.984453691426129681e+22 9.984616770131667295e+22 9.984765309261330147e+22 9.984899226431552016e+22 9.985018447862951838e+22 9.985122908267117701e+22 9.985212550744383265e+22 9.985287326693762636e+22 9.985347195735065494e+22 9.985392125643267978e+22 9.985422092296055371e+22 9.985437079633999692e+22 9.985437079633999692e+22
1.028937496581695236e+23 1.028937496581695236e+23 1.028857050762022308e+23 1.028691010550133886e+23 1.028427709576915609e+23 1.028045261505250198e+23 1.027502832152329218e+23 1.026720800346903287e+23 1.025538885863486783e+23 1.023643536315612565e+23 1.020504647988665333e+23 1.015554145368446232e+23 1.009157004639599885e+23 1.004107950983904011e+23 1.001054246960579645e+23 9.994425460111297636e+22 9.986269957810341020e+22 9.981927133798495316e+22 9.979269931644634110e+22 9.977332541932093152e+22 9.975707929406859536e+22 9.974232722784353098e+22 9.972843434721797787e+22 9.971515844208644168e+22 9.970240708806560868e+22 9.969014370629376069e+22 9.967835216718620472e+22 9.966702372767749741e+22 9.965615229392664081e+22 9.964573272713087628e+22 9.963576024083706623e+22 9.962623018198503313e+22 9.961713794401339179e+22 9.960847892470360651e+22 9.960024849946522734e+22 9.959244200070957813e+22 9.958505470051602347e+22 9.957808179580012121e+22 9.957151839572186890e+22 9.956535951115813493e+22 9.955960004605729204e+22 9.955423479048192393e+22 9.954925841514279154e+22 9.954466546723999606e+22 9.954045036745435434e+22 9.953660740794087742e+22 9.953313075121447816e+22 9.953001442982415775e+22 9.952725234673618046e+22 9.952483827635983273e+22 9.952276586615847204e+22 9.952102863879972848e+22 9.951961999480472784e+22 9.951853321565919144e+22 9.951776146735795850e+22 9.951729780435207796e+22 9.951713517387266602e+22 9.951726642060398166e+22 9.951768429168434558e+22 9.951838144200810955e+22 9.951935043980433241e+22 9.952058377247125825e+22 9.952207385263982038e+22 9.952381302444365604e+22 9.952579356997479458e+22 9.952800771589542406e+22 9.953044764019016702e+22 9.953310547902950539e+22 9.953597333372482565e+22 9.953904327775322374e+22 9.954230736382713869e+22 9.954575763098963857e+22 9.954938611171447118e+22 9.955318483898881750e+22 9.955714585336009143e+22 9.956126120992707287e+22 9.956552298525826115e+22 9.956992328421760146e+22 9.957445424668280357e+22 9.957910805413915682e+22 9.958387693613333925e+22 9.958875317657542643e+22 9.959372911987126593e+22 9.959879717687729848e+22 9.960394983066443763e+22 9.960917964207859276e+22 9.961447925509226548e+22 9.961984140193421695e+22 9.962525890799334746e+22 9.963072469648603401e+22 9.963623179288526507e+22 9.964177332910372055e+22 9.964734254742561305e+22 9.965293280418957204e+22 9.965853757321394730e+22 9.966415044896667940e+22 9.966976514947884777e+22 9.967537551900114158e+22 9.968097553040603821e+22 9.968655928733372672e+22 9.969212102609050010e+22 9.969765511729587526e+22 9.970315606728847340e+22 9.970861851929156675e+22 9.971403725434350941e+22 9.971940719200298441e+22 9.972472339082908375e+22 9.972998104864924054e+22 9.973517550261853644e+22 9.974030222907887374e+22 9.974535684322893391e+22 9.975033509860960371e+22 9.975523288641709906e+22 9.976004623465185699e+22 9.976477130711260725e+22 9.976940440224751891e+22 9.977394195186831065e+22 9.977838051974353152e+22 9.978271680007540782e+22 9.978694761587681526e+22 9.979106991725339266e+22 9.979508077960546065e+22 9.979897740176006316e+22 9.980275710404001058e+22 9.980641732628807732e+22 9.980995562584890409e+22 9.981336967552331835e+22 9.981665726150730370e+22 9.981981628131999692e+22 9.982284474173754022e+22 9.982574075673616109e+22 9.982850254545899173e+22 9.983112843021464791e+22 9.983361683451387524e+22 9.983596628115703045e+22 9.983817539037821927e+22 9.984024287805499979e+22 9.984216755399088197e+22 9.984394832027891165e+22 9.984558416975101952e+22 9.984707418452286610e+22 9.984841753463674949e+22 9.984961347681084716e+22 9.985066135329880146e+22 9.985156059086310500e+22 9.985231069986824179e+22 9.985291127349740936e+22 9.985336198709413046e+22 9.985366259763210984e+22 9.985381294331630558e+22 9.985381294331630558e+22
1.093891902650683794e+23 1.093891902650683794e+23 1.093719297712440497e+23 1.093361548842372170e+23 1.092790244834447951e+23 1.091952054564554466e+23 1.090746620190749339e+23 1.088971451776395232e+23 1.086184196726948438e+23 1.081383730235050536e+23 1.072447634569365406e+23 1.055998566914848132e+23 1.031337243221586231e+23 1.014109927074159688e+23 1.005134902372329744e+23 1.001053563892774218e+23 9.992877588011008026e+22 9.985011767619118485e+22 9.981046390183427677e+22 9.978596181821301876e+22 9.976742205573183622e+22 9.975140737068910091e+22 9.973665195618262739e+22 9.972269044922801193e+22 9.970934840952490243e+22 9.969655651189128377e+22 9.968428357604466282e+22 9.967251256348958628e+22 9.966123195742058394e+22 9.965043261969967926e+22 9.964010659709323103e+22 9.963024662707742704e+22 9.962084590143143936e+22 9.961189793089971657e+22 9.960339645443617063e+22 9.959533537181644200e+22 9.958770869089373834e+22 9.958051048530518422e+22 9.957373486021581629e+22 9.956737592445151006e+22 9.956142776780215812e+22 9.955588444253708721e+22 9.955073994838218532e+22 9.954598822035376937e+22 9.954162311897436442e+22 9.953763842248775670e+22 9.953402782077010575e+22 9.953078491069609411e+22 9.952790319276573380e+22 9.952537606883586867e+22 9.952319684082735566e+22 9.952135871030697656e+22 9.951985477885257738e+22 9.951867804913075277e+22 9.951782142662135933e+22 9.951727772193659657e+22 9.951703965367967678e+22 9.951709985180270094e+22 9.951745086142107615e+22 9.951808514704447793e+22 9.951899509718986313e+22 9.952017302933987551e+22 9.952161119521595825e+22 9.952330178633136079e+22 9.952523693979484763e+22 9.952740874433553079e+22 9.952980924651772104e+22 9.953243045711890403e+22 9.953526435764404801e+22 9.953830290694763813e+22 9.954153804793931157e+22 9.954496171434770956e+22 9.954856583751800141e+22 9.955234235322016255e+22 9.955628320844592814e+22 9.956038036817291352e+22 9.956462582207493020e+22 9.956901159115906928e+22 9.957352973431245636e+22 9.957817235473961897e+22 9.958293160627233043e+22 9.958779969954199791e+22 9.959276890799311998e+22 9.959783157372930753e+22 9.960298011317784229e+22 9.960820702255968682e+22 9.961350488315749676e+22 9.961886636636992491e+22 9.962428423854501973e+22 9.962975136558441352e+22 9.963526071731247854e+22 9.964080537160511599e+22 9.964637851827247356e+22 9.965197346269468557e+22 9.965758362920335442e+22 9.966320256421353803e+22 9.966882393909810640e+22 9.967444155281023854e+22 9.968004933425224797e+22 9.968564134439204526e+22 9.969121177813106295e+22 9.969675496592464937e+22 9.970226537516206182e+22 9.970773761130522005e+22 9.971316641879831662e+22 9.971854668174779744e+22 9.972387342438079922e+22 9.972914181129209328e+22 9.973434714748233764e+22 9.973948487819773713e+22 9.974455058857931571e+22 9.974954000312982045e+22 9.975444898500813888e+22 9.975927353515950106e+22 9.976400979129220360e+22 9.976865402670932820e+22 9.977320264900750082e+22 9.977765219865119739e+22 9.978199934743418923e+22 9.978624089683903329e+22 9.979037377630309659e+22 9.979439504140373118e+22 9.979830187197561884e+22 9.980209157016414428e+22 9.980576155843278196e+22 9.980930937753199601e+22 9.981273268443822634e+22 9.981602925027814434e+22 9.981919695824334566e+22 9.982223380151032768e+22 9.982513788117075152e+22 9.982790740418529277e+22 9.983054068136960380e+22 9.983303612541982002e+22 9.983539224898833062e+22 9.983760766281717907e+22 9.983968107393676057e+22 9.984161128393969815e+22 9.984339718733382340e+22 9.984503776998419386e+22 9.984653210764954934e+22 9.984787936461657945e+22 9.984907879244347788e+22 9.985012972881345459e+22 9.985103159650142703e+22 9.985178390246415820e+22 9.985238623705085510e+22 9.985283827334179403e+22 9.985313976661619769e+22 9.985329055395067252e+22 9.985329055395067252e+22
1.321325136582463046e+23 1.321325136582463046e+23 1.320998678569984564e+23 1.320319464322116836e+23 1.319227685996684420e+23 1.317610479896558001e+23 1.315253056268768599e+23 1.311706864696944828e+23 1.305901542329070146e+23 1.294959086976832111e+23 1.270826132503907092e+23 1.213853207428768685e+23 1.101687751113135851e+23 1.040120737254037982e+23 1.014110416781051492e+23 1.004107223198994908e+23 1.000365433594599126e+23 9.989272570380975656e+22 9.983131279432545521e+22 9.979917847231659717e+22 9.977763577272359243e+22 9.976017267799269730e+22 9.974452143124475648e+22 9.972988445488651121e+22 9.971597307709554164e+22 9.970267577204455611e+22 9.968994365356565647e+22 9.967775076686191657e+22 9.966608014725021801e+22 9.965491879080762959e+22 9.964425573722933848e+22 9.963408126233230180e+22 9.962438648334686303e+22 9.961516313052661468e+22 9.960640339494814561e+22 9.959809981735190187e+22 9.959024520272808824e+22 9.958283255290346550e+22 9.957585501254534038e+22 9.956930582552088936e+22 9.956317829939766021e+22 9.955746577643502725e+22 9.955216160979676666e+22 9.954725914400732794e+22 9.954275169889149151e+22 9.953863255640318044e+22 9.953489494987680147e+22 9.953153205533387889e+22 9.952853698455079276e+22 9.952590277965362967e+22 9.952362240905046288e+22 9.952168876454582210e+22 9.952009465950682638e+22 9.951883282797488085e+22 9.951789592462869974e+22 9.951727652551970207e+22 9.951696712950804067e+22 9.951696016033822907e+22 9.951724796929536059e+22 9.951782283839160504e+22 9.951867698403421140e+22 9.951980256112864448e+22 9.952119166757741212e+22 9.952283634913143213e+22 9.952472860455775030e+22 9.952686039108646496e+22 9.952922363010259878e+22 9.953181021304765232e+22 9.953461200750194878e+22 9.953762086341438341e+22 9.954082861945068716e+22 9.954422710943317649e+22 9.954780816884281377e+22 9.955156364135920094e+22 9.955548538541315614e+22 9.955956528072915681e+22 9.956379523483149376e+22 9.956816718949893590e+22 9.957267312714284060e+22 9.957730507709060691e+22 9.958205512175752682e+22 9.958691540269148196e+22 9.959187812646964848e+22 9.959693557043925772e+22 9.960208008828529987e+22 9.960730411541134626e+22 9.961260017412810473e+22 9.961796087863190749e+22 9.962337893977101749e+22 9.962884716958740539e+22 9.963435848562789004e+22 9.963990591502064969e+22 9.964548259830931915e+22 9.965108179304215636e+22 9.965669687711404707e+22 9.966232135185745524e+22 9.966794884488164803e+22 9.967357311266183971e+22 9.967918804287533508e+22 9.968478765648832994e+22 9.969036610959633809e+22 9.969591769501784238e+22 9.970143684364836694e+22 9.970691812557679965e+22 9.971235625096990373e+22 9.971774607073146097e+22 9.972308257693977123e+22 9.972836090307344020e+22 9.973357632402961623e+22 9.973872425594496064e+22 9.974380025582616314e+22 9.974880002099792105e+22 9.975371938838009296e+22 9.975855433360001624e+22 9.976330096995258807e+22 9.976795554721435117e+22 9.977251445032607967e+22 9.977697419795164981e+22 9.978133144092191962e+22 9.978558296057918679e+22 9.978972566702813033e+22 9.979375659730657398e+22 9.979767291348482890e+22 9.980147190070780939e+22 9.980515096518661557e+22 9.980870763215256866e+22 9.981213954378433561e+22 9.981544445711723633e+22 9.981862024194550451e+22 9.982166487872897758e+22 9.982457645651179916e+22 9.982735317086429092e+22 9.982999332185619772e+22 9.983249531207226176e+22 9.983485764467687005e+22 9.983707892153738854e+22 9.983915784141317918e+22 9.984109319822036592e+22 9.984288387937577258e+22 9.984452886423092068e+22 9.984602722260118772e+22 9.984737811339289402e+22 9.984858078334078367e+22 9.984963456585479225e+22 9.985053887998266127e+22 9.985129322949482486e+22 9.985189720209141793e+22 9.985235046873705952e+22 9.985265278312755547e+22 9.985280398128331935e+22 9.985280398128331935e+22
2.387532160651030576e+23 2.387532160651030576e+23 2.387027367519310703e+23 2.385974393706049543e+23 2.384274216272743199e+23 2.381739145931845093e+23 2.378009460687820869e+23 2.372314246257149592e+23 2.362643442694124711e+23 2.342319651626014600e+23 2.284048966865803008e+23 2.068147842850085499e+23 1.331823074198953090e+23 1.101693340839463480e+23 1.031340628738644346e+23 1.009157251529761138e+23 1.001940364977901121e+23 9.994775322682727806e+22 9.985501100679644368e+22 9.981274944314271597e+22 9.978756677592159145e+22 9.976851552700343937e+22 9.975196139418865264e+22 9.973667506445717864e+22 9.972222643214804740e+22 9.970845464389133900e+22 9.969529156971335254e+22 9.968270230749362677e+22 9.967066476600517827e+22 9.965916243077344369e+22 9.964818164492761930e+22 9.963771047721891267e+22 9.962773817519911417e+22 9.961825485302927249e+22 9.960925128631452592e+22 9.960071876411576969e+22 9.959264897633712341e+22 9.958503392544084827e+22 9.957786585600513540e+22 9.957113719784546815e+22 9.956484051968499437e+22 9.955896849114218680e+22 9.955351385136315341e+22 9.954846938302232134e+22 9.954382789070645363e+22 9.953958218292293062e+22 9.953572505713682206e+22 9.953224928736943748e+22 9.952914761398853462e+22 9.952641273539195411e+22 9.952403730134612522e+22 9.952201390778019637e+22 9.952033509287501444e+22 9.951899333430810457e+22 9.951798104753778039e+22 9.951729058502640927e+22 9.951691423631228587e+22 9.951684422885332484e+22 9.951707272956975933e+22 9.951759184702462545e+22 9.951839363417799393e+22 9.951947009166718429e+22 9.952081317155553306e+22 9.952241478150621286e+22 9.952426678933484732e+22 9.952636102789689875e+22 9.952868930027342162e+22 9.953124338521278618e+22 9.953401504279418005e+22 9.953699602027718587e+22 9.954017805810572617e+22 9.954355289603300550e+22 9.954711227933850914e+22 9.955084796510830225e+22 9.955475172855145038e+22 9.955881536932664050e+22 9.956303071785454141e+22 9.956738964159239868e+22 9.957188405125099972e+22 9.957650590692973268e+22 9.958124722415480707e+22 9.958610007979909448e+22 9.959105661786843932e+22 9.959610905513994433e+22 9.960124968663535269e+22 9.960647089091783321e+22 9.961176513520070977e+22 9.961712498025627333e+22 9.962254308511487885e+22 9.962801221154795160e+22 9.963352522832228647e+22 9.963907511522728450e+22 9.964465496686029544e+22 9.965025799617407615e+22 9.965587753777710393e+22 9.966150705098825453e+22 9.966714012264049305e+22 9.967277046963772169e+22 9.967839194126102613e+22 9.968399852122633404e+22 9.968958432949789786e+22 9.969514362385689739e+22 9.970067080123143684e+22 9.970616039878926166e+22 9.971160709480134895e+22 9.971700570927870352e+22 9.972235120439058026e+22 9.972763868467084394e+22 9.973286339701701293e+22 9.973802073049280807e+22 9.974310621594100171e+22 9.974811552541472037e+22 9.975304447143678103e+22 9.975788900609600310e+22 9.976264521999049556e+22 9.976730934102702896e+22 9.977187773308723003e+22 9.977634689457083279e+22 9.978071345682534787e+22 9.978497418247540415e+22 9.978912596365907748e+22 9.979316582018420887e+22 9.979709089761464418e+22 9.980089846529783759e+22 9.980458591434286144e+22 9.980815075556174122e+22 9.981159061738418183e+22 9.981490324375281546e+22 9.981808649201502703e+22 9.982113833081664176e+22 9.982405683800906819e+22 9.982684019858029832e+22 9.982948670261778448e+22 9.983199474331317541e+22 9.983436281501721611e+22 9.983658951135266341e+22 9.983867352339603836e+22 9.984061363793269516e+22 9.984240873579215218e+22 9.984405779027618431e+22 9.984555986567925701e+22 9.984691411591000962e+22 9.984811978322301524e+22 9.984917619705866984e+22 9.985008277300302158e+22 9.985083901186656751e+22 9.985144449888896313e+22 9.985189890307011484e+22 9.985220197663391298e+22 9.985235355462135081e+22 9.985235355462135081e+22
1.000000000000000036e-10 1.000000000000000036e-10 1.000000000000000036e-10 1.000000000000000036e-10 1.000000000000000036e-10 1.000000000000000036e-10 1.000000000000000036e-10 1.000000000000000036e-10 1.000000000000000036e-10 1.000000000000000036e-10 1.000000000000000036e-10 1.000000000000000036e-10 2.068176730551368318e+23 1.213872825861390446e+23 1.056007722823162937e+23 1.015556371355155992e+23 1.003792195274152671e+23 1.000085550258349503e+23 9.987955304554089677e+22 9.982601999812697417e+22 9.979696123618139308e+22 9.977630912089867210e+22 9.975889077014241267e+22 9.974300123989182670e+22 9.972805842922256938e+22 9.971385032502315214e+22 9.970028987882116900e+22 9.968733396924858420e+22 9.967495606744529030e+22 9.966313671194269922e+22 9.965185999213259286e+22 9.964111211465094568e+22 9.963088072681209410e+22 9.962115453867823989e+22 9.961192307872778682e+22 9.960317651940485890e+22 9.959490554507360102e+22 9.958710124869495606e+22 9.957975504932666815e+22 9.957285862534147369e+22 9.956640385979317119e+22 9.956038279533859072e+22 9.955478759677833196e+22 9.954961051974982487e+22 9.954484388444927689e+22 9.954048005351718833e+22 9.953651141340909955e+22 9.953293035872236601e+22 9.952972927905367589e+22 9.952690054805178234e+22 9.952443651438612683e+22 9.952232949440679038e+22 9.952057176630758264e+22 9.951915556563145930e+22 9.951807308198139920e+22 9.951731645682169990e+22 9.951687778226191466e+22 9.951674910073571980e+22 9.951692240548654796e+22 9.951738964179115049e+22 9.951814270884730267e+22 9.951917346226577395e+22 9.952047371710665169e+22 9.952203525140483827e+22 9.952384981013457430e+22 9.952590910956532400e+22 9.952820484196021777e+22 9.953072868057947098e+22 9.953347228494378251e+22 9.953642730632046759e+22 9.953958539339722706e+22 9.954293819810660955e+22 9.954647738157090053e+22 9.955019462013319591e+22 9.955408161144895753e+22 9.955813008060645900e+22 9.956233178625219756e+22 9.956667852669615656e+22 9.957116214597259153e+22 9.957577453983481463e+22 9.958050766166349264e+22 9.958535352827059057e+22 9.959030422557852644e+22 9.959535191416005827e+22 9.960048883462209274e+22 9.960570731282286248e+22 9.961099976490441979e+22 9.961635870213397073e+22 9.962177673554047690e+22 9.962724658033917637e+22 9.963276106013536682e+22 9.963831311090058894e+22 9.964389578471454959e+22 9.964950225327169418e+22 9.965512581114214377e+22 9.966075987879077190e+22 9.966639800534922009e+22 9.967203387114019776e+22 9.967766128995554296e+22 9.968327421108764121e+22 9.968886672111618228e+22 9.969443304545288874e+22 9.969996754964896442e+22 9.970546474046642035e+22 9.971091926671990509e+22 9.971632591989447537e+22 9.972167963454501133e+22 9.972697548848282940e+22 9.973220870275900585e+22 9.973737464144796739e+22 9.974246881124443541e+22 9.974748686087872315e+22 9.975242458035973102e+22 9.975727790005632683e+22 9.976204288962469455e+22 9.976671575679366385e+22 9.977129284601598968e+22 9.977577063699742668e+22 9.978014574311245663e+22 9.978441490971988958e+22 9.978857501238553582e+22 9.979262305502493462e+22 9.979655616797759819e+22 9.980037160602099201e+22 9.980406674633693489e+22 9.980763908643957925e+22 9.981108624207856114e+22 9.981440594512366168e+22 9.981759604144409988e+22 9.982065448879128157e+22 9.982357935469624505e+22 9.982636881438945418e+22 9.982902114875345784e+22 9.983153474231908644e+22 9.983390808131016799e+22 9.983613975174875972e+22 9.983822843762740455e+22 9.984017291915599597e+22 9.984197207109192489e+22 1.000000000000000036e-10 1.000000000000000036e-10 1.000000000000000036e-10 1.000000000000000036e-10 1.000000000000000036e-10 1.000000000000000036e-10 1.000000000000000036e-10 1.000000000000000036e-10 1.000000000000000036e-10 1.000000000000000036e-10 1.000000000000000036e-10 1.000000000000000036e-10
1.000000000000000036e-10 1.000000000000000036e-10 1.000000000000000036e-10 1.000000000000000036e-10 1.000000000000000036e-10 1.000000000000000036e-10 1.000000000000000036e-10 1.000000000000000036e-10 1.000000000000000036e-10 1.000000000000000036e-10 1.000000000000000036e-10 1.000000000000000036e-10 2.284097958515974634e+23 1.270856555505950696e+23 1.072461885788706801e+23 1.020508835161082524e+23 1.005352410465598051e+23 1.000623131289268079e+23 9.990176231444773129e+22 9.983811052385169991e+22 9.980553008082374676e+22 9.978342938927769321e+22 9.976523733703334035e+22 9.974881035409570765e+22 9.973342593723593969e+22 9.971882553559597711e+22 9.970490555155599904e+22 9.969161610472412991e+22 9.967892722751821683e+22 9.966681723271252646e+22 9.965526849245679714e+22 9.964426575813273033e+22 9.963379539003182573e+22 9.962384493845802700e+22 9.961440287780056020e+22 9.960545841830561631e+22 9.959700136387662787e+22 9.958902200055634906e+22 9.958151100706902875e+22 9.957445938195058603e+22 9.956785838349508569e+22 9.956169947980072852e+22 9.955597430689225926e+22 9.955067463339645442e+22 9.954579233060329777e+22 9.954131934700804820e+22 9.953724768663360032e+22 9.953356939057214102e+22 9.953027652130301595e+22 9.952736114942904841e+22 9.952481534253465600e+22 9.952263115592358586e+22 9.952080062503123419e+22 9.951931575933909703e+22 9.951816853763757231e+22 9.951735090451057947e+22 9.951685476792500906e+22 9.951667199782101713e+22 9.951679442561312122e+22 9.951721384451495690e+22 9.951792201061473085e+22 9.951891064462667835e+22 9.952017143425644940e+22 9.952169603711651912e+22 9.952347608413744870e+22 9.952550318341922960e+22 9.952776892447457699e+22 9.953026488281538442e+22 9.953298262483982615e+22 9.953591371297549661e+22 9.953904971104048592e+22 9.954238218978595124e+22 9.954590273258211666e+22 9.954960294121572401e+22 9.955347444176814866e+22 9.955750889054188392e+22 9.956169798000992636e+22 9.956603344476001062e+22 9.957050706740903097e+22 9.957511068446466507e+22 9.957983619211329536e+22 9.958467555191144474e+22 9.958962079636555982e+22 9.959466403437935487e+22 9.959979745655391886e+22 9.960501334032686200e+22 9.961030405493617381e+22 9.961566206619620999e+22 9.962107994107543971e+22 9.962655035206786666e+22 9.963206608134579264e+22 9.963762002469076966e+22 9.964320519519498928e+22 9.964881472672572742e+22 9.965444187715294514e+22 9.966008003133427417e+22 9.966572270385505501e+22 9.967136354152461894e+22 9.967699632562760581e+22 9.968261497392860653e+22 9.968821354243593496e+22 9.969378622692384152e+22 9.969932736421820157e+22 9.970483143324757446e+22 9.971029305586567296e+22 9.971570699745109842e+22 9.972106816728846880e+22 9.972637161873801950e+22 9.973161254920236774e+22 9.973678629989426554e+22 9.974188835541856184e+22 9.974691434317112515e+22 9.975186003256829962e+22 9.975672133411355492e+22 9.976149429831104410e+22 9.976617511443655505e+22 9.977076010917671050e+22 9.977524574514284226e+22 9.977962861927604840e+22 9.978390546114831555e+22 9.978807313117358116e+22 9.979212861873844965e+22 9.979606904026413872e+22 9.979989163720819553e+22 9.980359377402061233e+22 9.980717293605972712e+22 9.981062672748477048e+22 9.981395286912952120e+22 9.981714919637149916e+22 9.982021365700441303e+22 9.982314430912612690e+22 9.982593931904877278e+22 9.982859695924189751e+22 9.983111560632050542e+22 9.983349373908096647e+22 9.983572993659846315e+22 9.983782287639114364e+22 9.983977133266002405e+22 9.984157417461234060e+22 1.000000000000000036e-10 1.000000000000000036e-10 1.000000000000000036e-10 1.000000000000000036e-10 1.000000000000000036e-10 1.000000000000000036e-10 1.000000000000000036e-10 1.000000000000000036e-10 1.000000000000000036e-10 1.000000000000000036e-10 1.000000000000000036e-10 1.000000000000000036e-10
1.000000000000000036e-10 1.000000000000000036e-10 1.000000000000000036e-10 1.000000000000000036e-10 1.000000000000000036e-10 1.000000000000000036e-10 1.000000000000000036e-10 1.000000000000000036e-10 1.000000000000000036e-10 1.000000000000000036e-10 1.000000000000000036e-10 1.000000000000000036e-10 2.342378199696126761e+23 1.294995965107526508e+23 1.081401491001035289e+23 1.023649216962796454e+23 1.006452675958619609e+23 1.001034198783659323e+23 9.991989611377100587e+22 9.984846784177647491e+22 9.981307651069261015e+22 9.978978789100188231e+22 9.977094765567106718e+22 9.975406193130918747e+22 9.973829454961102448e+22 9.972334959473366925e+22 9.970911070486820343e+22 9.969552316959633179e+22 9.968255475453138462e+22 9.967018234315359755e+22 9.965838716661072396e+22 9.964715295291551095e+22 9.963646510640946112e+22 9.962631027580186552e+22 9.961667608570503784e+22 9.960755094812935743e+22 9.959892391987923177e+22 9.959078458999418388e+22 9.958312298862368889e+22 9.957592951201932824e+22 9.956919486003773073e+22 9.956290998356384783e+22 9.955706603994060161e+22 9.955165435495617606e+22 9.954666639027549818e+22 9.954209371545126149e+22 9.953792798383583684e+22 9.953416091185141147e+22 9.953078426118152782e+22 9.952778982352599646e+22 9.952516940762499462e+22 9.952291482830517148e+22 9.952101789733375024e+22 9.951947041590330838e+22 9.951826416858679581e+22 9.951739091862499937e+22 9.951684240442367830e+22 9.951661033714692286e+22 9.951668639931132438e+22 9.951706224428361502e+22 9.951772949660349497e+22 9.951867975305146873e+22 9.951990458439130992e+22 9.952139553772016343e+22 9.952314413936518208e+22 9.952514189826728971e+22 9.952738030979996084e+22 9.952985085996954760e+22 9.953254502995046328e+22 9.953545430090994051e+22 9.953857015907949845e+22 9.954188410103278653e+22 9.954538763913250891e+22 9.954907230710943606e+22 9.955292966574229763e+22 9.955695130860376084e+22 9.956112886784603665e+22 9.956545401999455578e+22 9.956991849172766923e+22 9.957451406561390258e+22 9.957923258578602715e+22 9.958406596353122841e+22 9.958900618277609800e+22 9.959404530544799436e+22 9.959917547669785726e+22 9.960438892996779940e+22 9.960967799188955018e+22 9.961503508700034656e+22 9.962045274226677514e+22 9.962592359140451942e+22 9.963144037898701609e+22 9.963699596433256822e+22 9.964258332516645916e+22 9.964819556105028266e+22 9.965382589657543554e+22 9.965946768431738415e+22 9.966511440754674500e+22 9.967075968269936073e+22 9.967639726160114352e+22 9.968202103345050445e+22 9.968762502655935880e+22 9.969320340985487137e+22 9.969875049414486131e+22 9.970426073315069133e+22 9.970972872431161783e+22 9.971514920936729582e+22 9.972051707472306923e+22 9.972582735160291203e+22 9.973107521600168028e+22 9.973625598843934265e+22 9.974136513352561171e+22 9.974639825934838084e+22 9.975135111668751034e+22 9.975621959806946483e+22 9.976099973666795264e+22 9.976568770506195888e+22 9.977027981386212757e+22 9.977477251021436826e+22 9.977916237619196120e+22 9.978344612708446582e+22 9.978762060959891797e+22 9.979168279997868461e+22 9.979562980205437072e+22 9.979945884523550265e+22 9.980316728245463128e+22 9.980675258807586757e+22 9.981021235577446046e+22 9.981354429640283573e+22 9.981674623584905147e+22 9.981981611290102491e+22 9.982275197712513735e+22 9.982555198676737091e+22 9.982821440668903984e+22 9.983073760634609231e+22 9.983312005781829085e+22 9.983536033389786798e+22 9.983745710624779062e+22 9.983940914363582382e+22 9.984121531024999763e+22 1.000000000000000036e-10 1.000000000000000036e-10 1.000000000000000036e-10 1.000000000000000036e-10 1.000000000000000036e-10 1.000000000000000036e-10 1.000000000000000036e-10 1.000000000000000036e-10 1.000000000000000036e-10 1.000000000000000036e-10 1.000000000000000036e-10 1.000000000000000036e-10
1.000000000000000036e-10 1.000000000000000036e-10 1.000000000000000036e-10 1.000000000000000036e-10 1.000000000000000036e-10 1.000000000000000036e-10 1.000000000000000036e-10 1.000000000000000036e-10 1.000000000000000036e-10 1.000000000000000036e-10 1.000000000000000036e-10 1.000000000000000036e-10 2.362707613745900515e+23 1.305942460966120676e+23 1.086204298902227145e+23 1.025545616753344643e+23 1.007179422655922716e+23 1.001328197148485836e+23 9.993389714801885289e+22 9.985699222848460240e+22 9.981953951708973996e+22 9.979534558901777203e+22 9.977599156593527410e+22 9.975872931662540466e+22 9.974263935784175691e+22 9.972739887805319086e+22 9.971288292651076629e+22 9.969903397826486023e+22 9.968581870230242014e+22 9.967321332865765999e+22 9.966119850399405126e+22 9.964975735023726284e+22 9.963887463725228727e+22 9.962853636466591295e+22 9.961872950888598654e+22 9.960944184697485368e+22 9.960066182277999310e+22 9.959237844001342305e+22 9.958458117441644921e+22 9.957725990031842502e+22 9.957040482848602482e+22 9.956400645305284952e+22 9.955805550588586885e+22 9.955254291714836057e+22 9.954745978109192202e+22 9.954279732631647237e+22 9.953854688989852729e+22 9.953469989489202954e+22 9.953124783080263909e+22 9.952818223670257254e+22 9.952549468670250713e+22 9.952317677754029965e+22 9.952122011807955655e+22 9.951961632053728064e+22 9.951835699327767098e+22 9.951743373503212028e+22 9.951683813041563815e+22 9.951656174662403804e+22 9.951659613120597328e+22 9.951693281081243048e+22 9.951756329083601945e+22 9.951847905585593844e+22 9.951967157081362085e+22 9.952113228284656878e+22 9.952285262371539544e+22 9.952482401276102758e+22 9.952703786033341478e+22 9.952948557164032347e+22 9.953215855096058243e+22 9.953504820617693417e+22 9.953814595358190207e+22 9.954144322291451193e+22 9.954493146258731749e+22 9.954860214506588052e+22 9.955244677236741951e+22 9.955645688164118010e+22 9.956062405080348256e+22 9.956493990419588815e+22 9.956939611823838278e+22 9.957398442705489494e+22 9.957869662804333140e+22 9.958352458737186033e+22 9.958846024537728247e+22 9.959349562184923349e+22 9.959862282118097378e+22 9.960383403737148188e+22 9.960912155886423848e+22 9.961447777320896037e+22 9.961989517153482572e+22 9.962536635282477181e+22 9.963088402798168821e+22 9.963644102367669073e+22 9.964203028597571794e+22 9.964764488373582692e+22 9.965327801176877223e+22 9.965892299376498940e+22 9.966457328498172441e+22 9.967022247468473935e+22 9.967586428835377814e+22 9.968149258964103804e+22 9.968710138209371999e+22 9.969268481063584268e+22 9.969823716281554462e+22 9.970375286982228679e+22 9.970922650727271419e+22 9.971465279578030945e+22 9.972002660130353683e+22 9.972534293528623396e+22 9.973059695459503283e+22 9.973578396126010147e+22 9.974089940202897067e+22 9.974593886773955265e+22 9.975089809252429699e+22 9.975577295285108762e+22 9.976055946641366476e+22 9.976525379087777976e+22 9.976985222249687338e+22 9.977435119460402227e+22 9.977874727599406160e+22 9.978303716920306486e+22 9.978721770869719302e+22 9.979128585898309347e+22 9.979523871264862319e+22 9.979907348834505300e+22 9.980278752872212778e+22 9.980637829832638464e+22 9.980984338147274496e+22 9.981318048010166128e+22 9.981638741162908346e+22 9.981946210680264930e+22 9.982240260757104519e+22 9.982520706497979089e+22 9.982787373709786087e+22 9.983040098698962089e+22 9.983278728073843835e+22 9.983503118552772116e+22 9.983713136779421601e+22 9.983908659145420361e+22 9.984089571621544237e+22 1.000000000000000036e-10 1.000000000000000036e-10 1.000000000000000036e-10 1.000000000000000036e-10 1.000000000000000036e-10 1.000000000000000036e-10 1.000000000000000036e-10 1.000000000000000036e-10 1.000000000000000036e-10 1.000000000000000036e-10 1.000000000000000036e-10 1.000000000000000036e-10
1.000000000000000036e-10 1.000000000000000036e-10 1.000000000000000036e-10 1.000000000000000036e-10 1.000000000000000036e-10 1.000000000000000036e-10 1.000000000000000036e-10 1.000000000000000036e-10 1.000000000000000036e-10 1.000000000000000036e-10 1.000000000000000036e-10 1.000000000000000036e-10 2.372382350037093869e+23 1.311750584457684446e+23 1.088993191572569556e+23 1.026728275167622359e+23 1.007661440722032090e+23 1.001535908390898804e+23 9.994449636192217675e+22 9.986385649588989906e+22 9.982495666543438227e+22 9.980010451737041804e+22 9.978035987967710016e+22 9.976279879943309597e+22 9.974644452610669124e+22 9.973095659435280302e+22 9.971620516572684091e+22 9.970213166524010804e+22 9.968870267665877723e+22 9.967589444525560640e+22 9.966368751609128052e+22 9.965206477157968118e+22 9.964101063382265129e+22 9.963051068229725612e+22 9.962055143107042738e+22 9.961112017540774625e+22 9.960220487413266173e+22 9.959379405387933837e+22 9.958587672866474636e+22 9.957844233112222538e+22 9.957148065305985863e+22 9.956498179370646923e+22 9.955893611442575350e+22 9.955333419895547023e+22 9.954816681843471312e+22 9.954342490061672966e+22 9.953909950277923688e+22 9.953518178792406149e+22 9.953166300392347979e+22 9.952853446531680410e+22 9.952578753750538964e+22 9.952341362311955271e+22 9.952140415036347227e+22 9.951975056316003516e+22 9.951844431293770105e+22 9.951747685191647861e+22 9.951683962776391254e+22 9.951652407949902689e+22 9.951652163453802512e+22 9.951682370677836559e+22 9.951742169562962566e+22 9.951830698590278884e+22 9.951947094847977318e+22 9.952090494168543841e+22 9.952260031329430877e+22 9.952454840310486899e+22 9.952674054602066651e+22 9.952916807558159663e+22 9.953182232788955300e+22 9.953469464587898402e+22 9.953777638388474157e+22 9.954105891246183966e+22 9.954453362341506240e+22 9.954819193500045463e+22 9.955202529725947000e+22 9.955602519745210456e+22 9.956018316555651855e+22 9.956449077980372245e+22 9.956893967222105440e+22 9.957352153415344456e+22 9.957822812174251826e+22 9.958305126133728176e+22 9.958798285481583837e+22 9.959301488479978075e+22 9.959813941974030457e+22 9.960334861886131326e+22 9.960863473694570604e+22 9.961399012894736751e+22 9.961940725441984935e+22 9.962487868174911092e+22 9.963039709218233280e+22 9.963595528364134446e+22 9.964154617431682397e+22 9.964716280603588795e+22 9.965279834739723312e+22 9.965844609667079288e+22 9.966409948446145590e+22 9.966975207613032038e+22 9.967539757397699042e+22 9.968102981918259570e+22 9.968664279351090060e+22 9.969223062077510255e+22 9.969778756806911197e+22 9.970330804676745757e+22 9.970878661330032656e+22 9.971421796970582036e+22 9.971959696396692488e+22 9.972491859013890002e+22 9.973017798827405056e+22 9.973537044415057284e+22 9.974049138881611380e+22 9.974553639794792150e+22 9.975050119104774013e+22 9.975538163047181844e+22 9.976017372031027564e+22 9.976487360512407896e+22 9.976947756855114229e+22 9.977398203178820619e+22 9.977838355196326340e+22 9.978267882040641507e+22 9.978686466082964347e+22 9.979093802742872172e+22 9.979489600291413898e+22 9.979873579648597308e+22 9.980245474176067961e+22 9.980605029466008191e+22 9.980952003127695691e+22 9.981286164572313905e+22 9.981607294797264139e+22 9.981915186170986024e+22 9.982209642219296313e+22 9.982490477414219094e+22 9.982757516966040594e+22 9.983010596619840127e+22 9.983249562457220317e+22 9.983474270703877462e+22 9.983684587544444823e+22 9.983880388944437707e+22 9.984061560481122353e+22 1.000000000000000036e-10 1.000000000000000036e-10 1.000000000000000036e-10 1.000000000000000036e-10 1.000000000000000036e-10 1.000000000000000036e-10 1.000000000000000036e-10 1.000000000000000036e-10 1.000000000000000036e-10 1.000000000000000036e-10 1.000000000000000036e-10 1.000000000000000036e-10
1.000000000000000036e-10 1.000000000000000036e-10 1.000000000000000036e-10 1.000000000000000036e-10 1.000000000000000036e-10 1.000000000000000036e-10 1.000000000000000036e-10 1.000000000000000036e-10 1.000000000000000036e-10 1.000000000000000036e-10 1.000000000000000036e-10 1.000000000000000036e-10 2.378080524524997680e+23 1.315298852304789554e+23 1.090769564128501899e+23 1.027510851399735879e+23 1.007992344538357380e+23 1.001684806499917722e+23 9.995250752833470018e+22 9.986931087528593614e+22 9.982940917180245266e+22 9.980409102982860662e+22 9.978405841123128902e+22 9.976626700568213900e+22 9.974970192702825772e+22 9.973401198771617713e+22 9.971906524323619275e+22 9.970480338242911391e+22 9.969119365371746950e+22 9.967821281838058229e+22 9.966584168942803721e+22 9.965406319814744054e+22 9.964286165121676136e+22 9.963222239907895103e+22 9.962213165318299818e+22 9.961257636229482650e+22 9.960354411620355749e+22 9.959502306497770239e+22 9.958700184885396505e+22 9.957946953637422747e+22 9.957241556938220215e+22 9.956582971394277717e+22 9.955970201647587105e+22 9.955402276454010978e+22 9.954878245179668142e+22 9.954397174675229219e+22 9.953958146493625087e+22 9.953560254420433974e+22 9.953202602290288211e+22 9.952884302064525718e+22 9.952604472148592951e+22 9.952362235929210913e+22 9.952156720513018757e+22 9.951987055650285185e+22 9.951852372828271044e+22 9.951751804520266046e+22 9.951684483577124435e+22 9.951649542749619329e+22 9.951646114330044478e+22 9.951673329902951806e+22 9.951730320195356040e+22 9.951816215017378598e+22 9.951930143284974007e+22 9.952071233116873687e+22 9.952238611998480898e+22 9.952431407005967371e+22 9.952648745083786913e+22 9.952889753370161788e+22 9.953153559564386304e+22 9.953439292330973174e+22 9.953746081735488674e+22 9.954073059707654137e+22 9.954419360526969183e+22 9.954784121327160656e+22 9.955166482615323381e+22 9.955565588802244601e+22 9.955980588740539895e+22 9.956410636267359201e+22 9.956854890748950086e+22 9.957312517623821789e+22 9.957782688942582347e+22 9.958264583901591634e+22 9.958757389368396926e+22 9.959260300396972946e+22 9.959772520730744744e+22 9.960293263291799568e+22 9.960821750654739205e+22 9.961357215503689659e+22 9.961898901071166282e+22 9.962446061557794420e+22 9.962997962531838676e+22 9.963553881307527460e+22 9.964113107301709749e+22 9.964674942367933084e+22 9.965238701107618985e+22 9.965803711157877762e+22 9.966369313455753029e+22 9.966934862478389228e+22 9.967499726459622130e+22 9.968063287582378269e+22 9.968624942147494006e+22 9.969184100718689124e+22 9.969740188244401298e+22 9.970292644156417665e+22 9.970840922446206127e+22 9.971384491718728273e+22 9.971922835225217021e+22 9.972455450874709279e+22 9.972981851225395613e+22 9.973501563456694570e+22 9.974014129322258019e+22 9.974519105085464432e+22 9.975016061437588013e+22 9.975504583400126782e+22 9.975984270211730847e+22 9.976454735201093183e+22 9.976915605646718953e+22 9.977366522624217606e+22 9.977807140842803875e+22 9.978237128471561319e+22 9.978656166956626031e+22 9.979063950830649475e+22 9.979460187515122614e+22 9.979844597117130008e+22 9.980216912221320721e+22 9.980576877678159725e+22 9.980924250389719758e+22 9.981258799093855866e+22 9.981580304147925277e+22 9.981888557312936772e+22 9.982183361539305636e+22 9.982464530755094997e+22 9.982731889657436439e+22 9.982985273508706963e+22 9.983224527937455574e+22 9.983449508745831042e+22 9.983660081723608138e+22 9.983856122469931391e+22 9.984037516223605165e+22 1.000000000000000036e-10 1.000000000000000036e-10 1.000000000000000036e-10 1.000000000000000036e-10 1.000000000000000036e-10 1.000000000000000036e-10 1.000000000000000036e-10 1.000000000000000036e-10 1.000000000000000036e-10 1.000000000000000036e-10 1.000000000000000036e-10 1.000000000000000036e-10
1.000000000000000036e-10 1.000000000000000036e-10 1.000000000000000036e-10 1.000000000000000036e-10 1.000000000000000036e-10 1.000000000000000036e-10 1.000000000000000036e-10 1.000000000000000036e-10 1.000000000000000036e-10 1.000000000000000036e-10 1.000000000000000036e-10 1.000000000000000036e-10 2.381812477300351540e+23 1.317657851736096013e+23 1.091975905251296197e+23 1.028053687905597732e+23 1.008226840603645245e+23 1.001793231281520787e+23 9.995855572767727629e+22 9.987357973785565410e+22 9.983298415902707207e+22 9.980734124400357618e+22 9.978710161886810210e+22 9.976913766302379042e+22 9.975240927231438592e+22 9.973655916772936437e+22 9.972145509003579674e+22 9.970703979756572482e+22 9.969328165123830002e+22 9.968015823222352957e+22 9.966765085638140730e+22 9.965574269811218711e+22 9.964441811461223324e+22 9.963366237152036782e+22 9.962346150439304561e+22 9.961380222774749954e+22 9.960467186242763620e+22 9.959605827168589631e+22 9.958794980284244899e+22 9.958033523350621179e+22 9.957320372197529328e+22 9.956654476163167132e+22 9.956034813917233414e+22 9.955460389650704839e+22 9.954930229615362310e+22 9.954443378993915757e+22 9.953998899081792560e+22 9.953595864760946839e+22 9.953233362247232992e+22 9.952910487092148673e+22 9.952626342421492190e+22 9.952380037393724264e+22 9.952170685861662923e+22 9.951997405222269459e+22 9.951859315439956079e+22 9.951755538229646223e+22 9.951685196387014672e+22 9.951647413253673530e+22 9.951641312306180758e+22 9.951666016858321768e+22 9.951720649866726919e+22 9.951804333830763551e+22 9.951916190777928057e+22 9.952055342326775546e+22 9.952220909819682986e+22 9.952412014518604084e+22 9.952627777856844962e+22 9.952867321740923188e+22 9.953129768896576042e+22 9.953414243253388260e+22 9.953719870362949045e+22 9.954045777845785356e+22 9.954391095862452709e+22 9.954754957604488531e+22 9.955136499801579009e+22 9.955534863240733393e+22 9.955949193294464313e+22 9.956378640454390487e+22 9.956822360867277164e+22 9.957279516870927240e+22 9.957749277526899818e+22 9.958230819148004327e+22 9.958723325817934525e+22 9.959225989901292510e+22 9.959738012541922365e+22 9.960258604147662651e+22 9.960786984860329915e+22 9.961322385008965242e+22 9.961864045545441251e+22 9.962411218461156128e+22 9.962963167183665470e+22 9.963519166952545609e+22 9.964078505173535477e+22 9.964640481750515764e+22 9.965204409394713015e+22 9.965769613910479366e+22 9.966335434457864366e+22 9.966901223791260808e+22 9.967466348474335966e+22 9.968030189071129117e+22 9.968592140313419370e+22 9.969151611244595328e+22 9.969708025340125564e+22 9.970260820605294294e+22 9.970809449650240828e+22 9.971353379742935312e+22 9.971892092840844041e+22 9.972425085601651779e+22 9.972951869373648418e+22 9.973471970166929202e+22 9.973984928605624966e+22 9.974490299862533066e+22 9.974987653576506370e+22 9.975476573753986096e+22 9.975956658655309332e+22 9.976427520666742502e+22 9.976888786159487314e+22 9.977340095336509814e+22 9.977781102068135415e+22 9.978211473717725233e+22 9.978630890958249106e+22 9.979039047581058885e+22 9.979435650297556579e+22 9.979820418535443451e+22 9.980193084229944345e+22 9.980553391611619521e+22 9.980901096991524022e+22 9.981235968544779901e+22 9.981557786093856542e+22 9.981866340892119400e+22 9.982161435409145397e+22 9.982442883118323361e+22 9.982710508288078355e+22 9.982964145777291978e+22 9.983203640836012533e+22 9.983428848912349266e+22 9.983639635466151317e+22 9.983835875790385735e+22 9.984017454841050064e+22 1.000000000000000036e-10 1.000000000000000036e-10 1.000000000000000036e-10 1.000000000000000036e-10 1.000000000000000036e-10 1.000000000000000036e-10 1.000000000000000036e-10 1.000000000000000036e-10 1.000000000000000036e-10 1.000000000000000036e-10 1.000000000000000036e-10 1.000000000000000036e-10
1.000000000000000036e-10 1.000000000000000036e-10 1.000000000000000036e-10 1.000000000000000036e-10 1.000000000000000036e-10 1.000000000000000036e-10 1.000000000000000036e-10 1.000000000000000036e-10 1.000000000000000036e-10 1.000000000000000036e-10 1.000000000000000036e-10 1.000000000000000036e-10 2.384349259092214992e+23 1.319276241588223402e+23 1.092814773512296286e+23 1.028436439103620965e+23 1.008394451878348367e+23 1.001872047528501251e+23 9.996305451820818996e+22 9.987683201754864602e+22 9.983575730784255240e+22 9.980989178247591965e+22 9.978950745089596457e+22 9.977141850419139235e+22 9.975456812759019369e+22 9.973859578445865524e+22 9.972336984548688737e+22 9.970883447693650375e+22 9.969495930804613467e+22 9.968172284696470330e+22 9.966910700955284328e+22 9.965709530955177892e+22 9.964567225049730882e+22 9.963482310729934465e+22 9.962453383060476710e+22 9.961479098762497360e+22 9.960558171260376528e+22 9.959689365945100481e+22 9.958871495511329735e+22 9.958103415394578465e+22 9.957384019367893244e+22 9.956712235350350837e+22 9.956087021464123867e+22 9.955507362362476724e+22 9.954972265838828480e+22 9.954480759719280299e+22 9.954031889034112716e+22 9.953624713459919539e+22 9.953258305020953100e+22 9.952931746037156649e+22 9.952644127304333027e+22 9.952394546492806372e+22 9.952182106749677024e+22 9.952005915490836808e+22 9.951865083369056161e+22 9.951758723404754898e+22 9.951685950267360228e+22 9.951645879694652342e+22 9.951637628039688985e+22 9.951660311933970966e+22 9.951713048057154739e+22 9.951794953004034241e+22 9.951905143239807808e+22 9.952042735135313678e+22 9.952206845074779983e+22 9.952396589628474052e+22 9.952611085783583739e+22 9.952849451227081291e+22 9.953110804674253108e+22 9.953394266237654218e+22 9.953698957830773119e+22 9.954024003601969447e+22 9.954368530393594226e+22 9.954731668222195741e+22 9.955112550775759307e+22 9.955510315924011457e+22 9.955924106238391170e+22 9.956353069518201815e+22 9.956796359320021238e+22 9.957253135487321558e+22 9.957722564677662985e+22 9.958203820885039016e+22 9.958696085954888309e+22 9.959198550089904266e+22 9.959710412344409247e+22 9.960230881105709682e+22 9.960759174560695609e+22 9.961294521146260272e+22 9.961836159982143904e+22 9.962383341285124604e+22 9.962935326763423839e+22 9.963491389990459199e+22 9.964050816757080365e+22 9.964612905401680973e+22 9.965176967117891070e+22 9.965742326238702626e+22 9.966308320497774677e+22 9.966874301266651408e+22 9.967439633768493823e+22 9.968003697268011250e+22 9.968565885237856095e+22 9.969125605501309026e+22 9.969682280351950858e+22 9.970235346650415078e+22 9.970784255898516298e+22 9.971328474291554904e+22 9.971867482749068011e+22 9.972400776924788425e+22 9.972927867196454155e+22 9.973448278636142946e+22 9.973961550961895172e+22 9.974467238471692137e+22 9.974964909960274641e+22 9.975454148619946007e+22 9.975934551926297435e+22 9.976405731509736466e+22 9.976867313013867151e+22 9.977318935941686598e+22 9.977760253490777345e+22 9.978190932378357911e+22 9.978610652657334039e+22 9.979019107524514991e+22 9.979416003121919295e+22 9.979801058332398060e+22 9.980174004570433153e+22 9.980534585569440694e+22 9.980882557166556283e+22 9.981217687085670361e+22 9.981539754720337750e+22 9.981848550916829793e+22 9.982143877759159501e+22 9.982425548356212228e+22 9.982693386632567351e+22 9.982947227123581347e+22 9.983186914775826170e+22 9.983412304753543925e+22 9.983623262252000346e+22 9.983819662318706780e+22 9.984001389682903273e+22 1.000000000000000036e-10 1.000000000000000036e-10 1.000000000000000036e-10 1.000000000000000036e-10 1.000000000000000036e-10 1.000000000000000036e-10 1.000000000000000036e-10 1.000000000000000036e-10 1.000000000000000036e-10 1.000000000000000036e-10 1.000000000000000036e-10 1.000000000000000036e-10
1.000000000000000036e-10 1.000000000000000036e-10 1.000000000000000036e-10 1.000000000000000036e-10 1.000000000000000036e-10 1.000000000000000036e-10 1.000000000000000036e-10 1.000000000000000036e-10 1.000000000000000036e-10 1.000000000000000036e-10 1.000000000000000036e-10 1.000000000000000036e-10 2.386050668976751887e+23 1.320368870350335729e+23 1.093386563460034913e+23 1.028699956926150208e+23 1.008510953194533662e+23 1.001927421551997364e+23 9.996626020542634263e+22 9.987918485322053819e+22 9.983778784267045175e+22 9.981177482762959769e+22 9.979129366620417085e+22 9.977311866226643619e+22 9.975618207550432870e+22 9.974012172915935334e+22 9.972480693789890970e+22 9.971018323712140116e+22 9.969622143046381679e+22 9.968290088527266736e+22 9.967020408898328723e+22 9.965811489990630598e+22 9.964661799773667957e+22 9.963569871298040640e+22 9.962534296798994471e+22 9.961553724504118028e+22 9.960626855670476230e+22 9.959752441282314004e+22 9.958929278409892063e+22 9.958156206364410721e+22 9.957432102790460395e+22 9.956755879808822202e+22 9.956126480291499868e+22 9.955542874323780685e+22 9.955004055888255674e+22 9.954509039790453477e+22 9.954056858834459794e+22 9.953646561249690072e+22 9.953277208364062448e+22 9.952947872515757808e+22 9.952657635192864768e+22 9.952405585389168886e+22 9.952190818163300185e+22 9.952012433388412810e+22 9.951869534679288775e+22 9.951761228484390263e+22 9.951686623330426893e+22 9.951644829207745895e+22 9.951634957085207167e+22 9.951656118544154755e+22 9.951707425520958728e+22 9.951787990149222105e+22 9.951896924692068014e+22 9.952033341556762712e+22 9.952196353383176811e+22 9.952385073199112100e+22 9.952598614635422364e+22 9.952836092194267647e+22 9.953096621564645029e+22 9.953379319979159480e+22 9.953683306606952972e+22 9.954007702977647949e+22 9.954351633431461573e+22 9.954714225591190762e+22 9.955094610851999515e+22 9.955491924884874645e+22 9.955905308150468287e+22 9.956333906419616055e+22 9.956776871297584778e+22 9.957233360749058431e+22 9.957702539621087314e+22 9.958183580161556034e+22 9.958675662530688949e+22 9.959177975303568045e+22 9.959689715961668462e+22 9.960210091371480587e+22 9.960738318248668509e+22 9.961273623606201208e+22 9.961815245185278699e+22 9.962362431867489511e+22 9.962914444067602222e+22 9.963470554105623714e+22 9.964030046557679544e+22 9.964592218584758459e+22 9.965156380239015707e+22 9.965721854747047939e+22 9.966287978769763900e+22 9.966854102638909614e+22 9.967419590569654170e+22 9.967983820849876985e+22 9.968546186005456932e+22 9.969106092942432403e+22 9.969662963065882988e+22 9.970216232375937086e+22 9.970765351541311485e+22 9.971309785950934847e+22 9.971849015744176901e+22 9.972382535820231941e+22 9.972909855827262282e+22 9.973430500132328466e+22 9.973944007772552456e+22 9.974449932388443305e+22 9.974947842140324810e+22 9.975437319608613418e+22 9.975917961679243261e+22 9.976389379414541992e+22 9.976851197911339159e+22 9.977303056146674536e+22 9.977744606812582812e+22 9.978175516140701221e+22 9.978595463718005375e+22 9.979004142294614514e+22 9.979401257584656017e+22 9.979786528061578333e+22 9.980159684748561613e+22 9.980520471005557791e+22 9.980868642313503716e+22 9.981203966057334702e+22 9.981526221308249820e+22 9.981835198606735521e+22 9.982130699747038803e+22 9.982412537564182138e+22 9.982680535724422752e+22 9.982934528520038751e+22 9.983174360669603077e+22 9.983399887123996947e+22 9.983610972879806949e+22 9.983807492800062161e+22 9.983989331443599802e+22 1.000000000000000036e-10 1.000000000000000036e-10 1.000000000000000036e-10 1.000000000000000036e-10 1.000000000000000036e-10 1.000000000000000036e-10 1.000000000000000036e-10 1.000000000000000036e-10 1.000000000000000036e-10 1.000000000000000036e-10 1.000000000000000036e-10 1.000000000000000036e-10
1.000000000000000036e-10 1.000000000000000036e-10 1.000000000000000036e-10 1.000000000000000036e-10 1.000000000000000036e-10 1.000000000000000036e-10 1.000000000000000036e-10 1.000000000000000036e-10 1.000000000000000036e-10 1.000000000000000036e-10 1.000000000000000036e-10 1.000000000000000036e-10 2.387104442453903666e+23 1.321048635737565058e+23 1.093744626900433298e+23 1.028866137430937976e+23 1.008584907783195349e+23 1.001962813462631667e+23 9.996832636355479182e+22 9.988071516308398460e+22 9.983911857456949913e+22 9.981301571088620821e+22 9.979247536334296633e+22 9.977424665247359802e+22 9.975725517515819005e+22 9.974113799030757864e+22 9.972576524805566418e+22 9.971108354061468120e+22 9.969706456070867229e+22 9.968368832816168829e+22 9.967093777135753495e+22 9.965879702311484470e+22 9.964725091381646092e+22 9.963628483551804837e+22 9.962588470959296374e+22 9.961603697465212325e+22 9.960672857145353437e+22 9.959794692040629735e+22 9.958967989268728565e+22 9.958191577711137889e+22 9.957464324475457215e+22 9.956785131290371503e+22 9.956152930947059365e+22 9.955566683866579704e+22 9.955025374845210932e+22 9.954528010010297264e+22 9.954073614004812094e+22 9.953661227408050618e+22 9.953289904393309022e+22 9.952958710617624438e+22 9.952666721335841391e+22 9.952413019729084337e+22 9.952196695435779873e+22 9.952016843273608679e+22 9.951872562139671770e+22 9.951762954076778031e+22 9.951687123493713032e+22 9.951644176527864208e+22 9.951633220538837500e+22 9.951653363722829693e+22 9.951703714837069352e+22 9.951783383025290156e+22 9.951891477734843063e+22 9.952027108717206333e+22 9.952189386103717888e+22 9.952377420549272161e+22 9.952590323436708535e+22 9.952827207135378434e+22 9.953087185307795928e+22 9.953369373258489738e+22 9.953672888319473195e+22 9.953996850267569101e+22 9.954340381768408682e+22 9.954702608843014354e+22 9.955082661352411287e+22 9.955479673496669048e+22 9.955892784324452496e+22 9.956321138249859020e+22 9.956763885573131312e+22 9.957220183002606626e+22 9.957689194174748400e+22 9.958170090169978533e+22 9.958662050021927970e+22 9.959164261217704765e+22 9.959675920187414649e+22 9.960196232781155743e+22 9.960724414731269439e+22 9.961259692099280411e+22 9.961801301705161808e+22 9.962348491538356922e+22 9.962900521149418124e+22 9.963456662020998090e+22 9.964016197917664818e+22 9.964578425213864326e+22 9.965142653199309603e+22 9.965708204361487116e+22 9.966274414644874864e+22 9.966840633686621998e+22 9.967406225028767180e+22 9.967970566306718863e+22 9.968533049414146798e+22 9.969093080644536448e+22 9.969650080809580757e+22 9.970203485334813645e+22 9.970752744332632837e+22 9.971297322653537482e+22 9.971836699915951328e+22 9.972370370515248873e+22 9.972897843612471001e+22 9.973418643104003523e+22 9.973932307572258872e+22 9.974438390218815544e+22 9.974936458780397797e+22 9.975426095428984111e+22 9.975906896656775879e+22 9.976378473146873597e+22 9.976840449631061436e+22 9.977292464735240428e+22 9.977734170813971562e+22 9.978165233774694184e+22 9.978585332893398073e+22 9.978994160621960613e+22 9.979391422388858624e+22 9.979776836394249775e+22 9.980150133400150003e+22 9.980511056517102830e+22 9.980859360988389127e+22 9.981194813972557490e+22 9.981517194325728113e+22 9.981826292384195307e+22 9.982121909748823491e+22 9.982403859071788646e+22 9.982671963846920163e+22 9.982926058204273888e+22 9.983165986710161143e+22 9.983391604173118531e+22 9.983602775457068483e+22 9.983799375301886922e+22 9.983981288152696776e+22 1.000000000000000036e-10 1.000000000000000036e-10 1.000000000000000036e-10 1.000000000000000036e-10 1.000000000000000036e-10 1.000000000000000036e-10 1.000000000000000036e-10 1.000000000000000036e-10 1.000000000000000036e-10 1.000000000000000036e-10 1.000000000000000036e-10 1.000000000000000036e-10
1.000000000000000036e-10 1.000000000000000036e-10 1.000000000000000036e-10 1.000000000000000036e-10 1.000000000000000036e-10 1.000000000000000036e-10 1.000000000000000036e-10 1.000000000000000036e-10 1.000000000000000036e-10 1.000000000000000036e-10 1.000000000000000036e-10 1.000000000000000036e-10 2.387609629228965403e+23 1.321375364899366230e+23 1.093917386525363258e+23 1.028946652231831336e+23 1.008620880244493286e+23 1.001980095151444706e+23 9.996933977153389514e+22 9.988146937652319565e+22 9.983977716009060952e+22 9.981363176274972272e+22 9.979306338910384580e+22 9.977480892244212633e+22 9.975779078691427556e+22 9.974164574714314149e+22 9.972624442881905315e+22 9.971153399451466124e+22 9.969748661318078746e+22 9.968408265502863917e+22 9.967130528725084406e+22 9.965913879372656070e+22 9.964756809047793153e+22 9.963657860794531447e+22 9.962615627258880066e+22 9.961628750523518891e+22 9.960695921365030955e+22 9.959815877560302882e+22 9.958987401396712217e+22 9.958209316641902166e+22 9.957480485203380850e+22 9.956799803658477974e+22 9.956166199785836616e+22 9.955578629190261827e+22 9.955036072082087399e+22 9.954537530251089543e+22 9.954082024257091745e+22 9.953668590849191051e+22 9.953296280616479752e+22 9.952964155867601568e+22 9.952671288732569043e+22 9.952416759477717015e+22 9.952199655023084936e+22 9.952019067650562851e+22 9.951874093890702986e+22 9.951763833576223041e+22 9.951687389050094748e+22 9.951643864516802485e+22 9.951632365525430541e+22 9.951651998574041262e+22 9.951701870825210642e+22 9.951781089923017422e+22 9.951888763902558523e+22 9.952024001183402584e+22 9.952185910638963746e+22 9.952373601734227499e+22 9.952586184724892877e+22 9.952822770911010410e+22 9.953082472939230383e+22 9.953364405147534361e+22 9.953667683947089651e+22 9.953991428236228795e+22 9.954334759841373251e+22 9.954696803980827794e+22 9.955076689746904010e+22 9.955473550602645012e+22 9.955886524889292603e+22 9.956314756341228687e+22 9.956757394604954957e+22 9.957213595759486907e+22 9.957682522834855369e+22 9.958163346326838208e+22 9.958655244704781487e+22 9.959157404910886060e+22 9.959669022848835597e+22 9.960189303859645409e+22 9.960717463183389884e+22 9.961252726405077139e+22 9.961794329883464591e+22 9.962341521161357518e+22 9.962893559356580273e+22 9.963449715532558133e+22 9.964009273047623978e+22 9.964571527882437401e+22 9.965135788945064958e+22 9.965701378352956519e+22 9.966267631691951925e+22 9.966833898251603254e+22 9.967399541236978785e+22 9.967963937956868129e+22 9.968526479988489191e+22 9.969086573318774142e+22 9.969643638462439070e+22 9.970197110557397693e+22 9.970746439437619770e+22 9.971291089684150616e+22 9.971830540654702756e+22 9.972364286492443830e+22 9.972891836114707205e+22 9.973412713182247728e+22 9.973926456049988849e+22 9.974432617699794643e+22 9.974930765656452864e+22 9.975420481887498194e+22 9.975901362688108790e+22 9.976373018551641545e+22 9.976835074027170038e+22 9.977287167564905972e+22 9.977728951350473838e+22 9.978160091129172931e+22 9.978580266021310536e+22 9.978989168329497143e+22 9.979386503339339835e+22 9.979771989114221704e+22 9.980145356285420555e+22 9.980506347838759764e+22 9.980854718898504309e+22 9.981190236510000198e+22 9.981512679421694811e+22 9.981821837867739408e+22 9.982117513352219040e+22 9.982399518435823531e+22 9.982667676526086980e+22 9.982921821671913842e+22 9.983161798363384801e+22 9.983387461337865834e+22 9.983598675392814750e+22 9.983795315206566969e+22 9.983977265167316969e+22 1.000000000000000036e-10 1.000000000000000036e-10 1.000000000000000036e-10 1.000000000000000036e-10 1.000000000000000036e-10 1.000000000000000036e-10 1.000000000000000036e-10 1.000000000000000036e-10 1.000000000000000036e-10 1.000000000000000036e-10 1.000000000000000036e-10 1.000000000000000036e-10
1.000000000000000036e-10 1.000000000000000036e-10 1.000000000000000036e-10 1.000000000000000036e-10 1.000000000000000036e-10 1.000000000000000036e-10 1.000000000000000036e-10 1.000000000000000036e-10 1.000000000000000036e-10 1.000000000000000036e-10 1.000000000000000036e-10 1.000000000000000036e-10 2.387609629228965403e+23 1.321375364899366230e+23 1.093917386525363258e+23 1.028946652231831336e+23 1.008620880244493286e+23 1.001980095151444706e+23 9.996933977153389514e+22 9.988146937652319565e+22 9.983977716009060952e+22 9.981363176274972272e+22 9.979306338910384580e+22 9.977480892244212633e+22 9.975779078691427556e+22 9.974164574714314149e+22 9.972624442881905315e+22 9.971153399451466124e+22 9.969748661318078746e+22 9.968408265502863917e+22 9.967130528725084406e+22 9.965913879372656070e+22 9.964756809047793153e+22 9.963657860794531447e+22 9.962615627258880066e+22 9.961628750523518891e+22 9.960695921365030955e+22 9.959815877560302882e+22 9.958987401396712217e+22 9.958209316641902166e+22 9.957480485203380850e+22 9.956799803658477974e+22 9.956166199785836616e+22 9.955578629190261827e+22 9.955036072082087399e+22 9.954537530251089543e+22 9.954082024257091745e+22 9.953668590849191051e+22 9.953296280616479752e+22 9.952964155867601568e+22 9.952671288732569043e+22 9.952416759477717015e+22 9.952199655023084936e+22 9.952019067650562851e+22 9.951874093890702986e+22 9.951763833576223041e+22 9.951687389050094748e+22 9.951643864516802485e+22 9.951632365525430541e+22 9.951651998574041262e+22 9.951701870825210642e+22 9.951781089923017422e+22 9.951888763902558523e+22 9.952024001183402584e+22 9.952185910638963746e+22 9.952373601734227499e+22 9.952586184724892877e+22 9.952822770911010410e+22 9.953082472939230383e+22 9.953364405147534361e+22 9.953667683947089651e+22 9.953991428236228795e+22 9.954334759841373251e+22 9.954696803980827794e+22 9.955076689746904010e+22 9.955473550602645012e+22 9.955886524889292603e+22 9.956314756341228687e+22 9.956757394604954957e+22 9.957213595759486907e+22 9.957682522834855369e+22 9.958163346326838208e+22 9.958655244704781487e+22 9.959157404910886060e+22 9.959669022848835597e+22 9.960189303859645409e+22 9.960717463183389884e+22 9.961252726405077139e+22 9.961794329883464591e+22 9.962341521161357518e+22 9.962893559356580273e+22 9.963449715532558133e+22 9.964009273047623978e+22 9.964571527882437401e+22 9.965135788945064958e+22 9.965701378352956519e+22 9.966267631691951925e+22 9.966833898251603254e+22 9.967399541236978785e+22 9.967963937956868129e+22 9.968526479988489191e+22 9.969086573318774142e+22 9.969643638462439070e+22 9.970197110557397693e+22 9.970746439437619770e+22 9.971291089684150616e+22 9.971830540654702756e+22 9.972364286492443830e+22 9.972891836114707205e+22 9.973412713182247728e+22 9.973926456049988849e+22 9.974432617699794643e+22 9.974930765656452864e+22 9.975420481887498194e+22 9.975901362688108790e+22 9.976373018551641545e+22 9.976835074027170038e+22 9.977287167564905972e+22 9.977728951350473838e+22 9.978160091129172931e+22 9.978580266021310536e+22 9.978989168329497143e+22 9.979386503339339835e+22 9.979771989114221704e+22 9.980145356285420555e+22 9.980506347838759764e+22 9.980854718898504309e+22 9.981190236510000198e+22 9.981512679421694811e+22 9.981821837867739408e+22 9.982117513352219040e+22 9.982399518435823531e+22 9.982667676526086980e+22 9.982921821671913842e+22 9.983161798363384801e+22 9.983387461337865834e+22 9.983598675392814750e+22 9.983795315206566969e+22 9.983977265167316969e+22 1.000000000000000036e-10 1.000000000000000036e-10 1.000000000000000036e-10 1.000000000000000036e-10 1.000000000000000036e-10 1.000000000000000036e-10 1.000000000000000036e-10 1.000000000000000036e-10 1.000000000000000036e-10 1.000000000000000036e-10 1.000000000000000036e-10 1.000000000000000036e-10
