2.202646579480673506e+26 2.202646579480673506e+26 2.202646579480673506e+26 2.202646579480673506e+26 2.202646579480673506e+26 2.202646579480673506e+26 2.202646579480673506e+26 2.202646579480673506e+26 8.392129709945267002e+24 2.257187605123808073e+24 1.024219421751709522e+24 5.882406815838181712e+23 3.862892165413598805e+23 2.766170003319001658e+23 2.104311445288693835e+23 1.673518978863084444e+23 1.376639042576819725e+23 1.162666953450867256e+23 1.002775341244409771e+23 8.796895296138682722e+22 7.825518395527472664e+22 7.042609419147672132e+22 6.400128897164474371e+22 5.864621473795507277e+22 5.412192250980600067e+22 5.025391733992003417e+22 4.691224385048834317e+22 4.399840734113377026e+22 4.143657577446244981e+22 3.916753291581974171e+22 3.714444102162908080e+22 3.532981893719504663e+22 3.369335221754432533e+22 3.221028278986437191e+22 3.086020876254101006e+22 2.962617877421619990e+22 2.849400073560716948e+22 2.745170858724420485e+22 2.648914687948718971e+22 2.559764415821293552e+22 2.476975396287649572e+22 2.399904778821507324e+22 2.327994833647614873e+22 2.260759426899918402e+22 2.197772977663484782e+22 2.138661384928292451e+22 2.083094528953254570e+22 2.030780039202501506e+22 1.981458087535146172e+22 1.934897016193559822e+22 1.890889649312986300e+22 1.849250167061041119e+22 1.809811445238636059e+22 1.772422781810023963e+22 1.736947946558549131e+22 1.703263501771356085e+22 1.671257351210791862e+22 1.640827482145596165e+22 1.611880871281186518e+22 1.584332530348968431e+22 1.558104671123835716e+22 1.533125972920149580e+22 1.509330938312953482e+22 1.486659325055220266e+22 1.465055644005066552e+22 1.444468714408110981e+22 1.424851269158284191e+22 1.406159603729858717e+22 1.388353263372291434e+22 1.371394763916039946e+22 1.355249342177588596e+22 1.339884732494353164e+22 1.325270966380879518e+22 1.311380192691260437e+22 1.298186516008624194e+22 1.285665851270418242e+22 1.273795792886490884e+22 1.262555496819756473e+22 1.251925574284096831e+22 1.241887995873865603e+22 1.232426005078188910e+22 1.223524040254375015e+22 1.215167664240254675e+22 1.207343500878052275e+22 1.200039177803892418e+22 1.193243274928521111e+22 1.186945278098789735e+22 1.181135537485516689e+22 1.175805230293909819e+22 1.170946327437514690e+22 1.166551563857439595e+22 1.162614412204981826e+22 1.159129059639137246e+22 1.156090387520815943e+22 1.153493953813508470e+22 1.151335978026014029e+22 1.149613328556839508e+22 1.148323512322470655e+22 1.147464666573290917e+22 1.147035552820931802e+22 1.147035552820931802e+22
2.202646579480673506e+26 2.202646579480673506e+26 2.202646579480673506e+26 2.202646579480673506e+26 2.202646579480673506e+26 2.202646579480673506e+26 2.202646579480673506e+26 2.202646579480673506e+26 8.392129709945267002e+24 2.257187605123808073e+24 1.024219421751709522e+24 5.882406815838181712e+23 3.862892165413598805e+23 2.766170003319001658e+23 2.104311445288693835e+23 1.673518978863084444e+23 1.376639042576819725e+23 1.162666953450867256e+23 1.002775341244409771e+23 8.796895296138682722e+22 7.825518395527472664e+22 7.042609419147672132e+22 6.400128897164474371e+22 5.864621473795507277e+22 5.412192250980600067e+22 5.025391733992003417e+22 4.691224385048834317e+22 4.399840734113377026e+22 4.143657577446244981e+22 3.916753291581974171e+22 3.714444102162908080e+22 3.532981893719504663e+22 3.369335221754432533e+22 3.221028278986437191e+22 3.086020876254101006e+22 2.962617877421619990e+22 2.849400073560716948e+22 2.745170858724420485e+22 2.648914687948718971e+22 2.559764415821293552e+22 2.476975396287649572e+22 2.399904778821507324e+22 2.327994833647614873e+22 2.260759426899918402e+22 2.197772977663484782e+22 2.138661384928292451e+22 2.083094528953254570e+22 2.030780039202501506e+22 1.981458087535146172e+22 1.934897016193559822e+22 1.890889649312986300e+22 1.849250167061041119e+22 1.809811445238636059e+22 1.772422781810023963e+22 1.736947946558549131e+22 1.703263501771356085e+22 1.671257351210791862e+22 1.640827482145596165e+22 1.611880871281186518e+22 1.584332530348968431e+22 1.558104671123835716e+22 1.533125972920149580e+22 1.509330938312953482e+22 1.486659325055220266e+22 1.465055644005066552e+22 1.444468714408110981e+22 1.424851269158284191e+22 1.406159603729858717e+22 1.388353263372291434e+22 1.371394763916039946e+22 1.355249342177588596e+22 1.339884732494353164e+22 1.325270966380879518e+22 1.311380192691260437e+22 1.298186516008624194e+22 1.285665851270418242e+22 1.273795792886490884e+22 1.262555496819756473e+22 1.251925574284096831e+22 1.241887995873865603e+22 1.232426005078188910e+22 1.223524040254375015e+22 1.215167664240254675e+22 1.207343500878052275e+22 1.200039177803892418e+22 1.193243274928521111e+22 1.186945278098789735e+22 1.181135537485516689e+22 1.175805230293909819e+22 1.170946327437514690e+22 1.166551563857439595e+22 1.162614412204981826e+22 1.159129059639137246e+22 1.156090387520815943e+22 1.153493953813508470e+22 1.151335978026014029e+22 1.149613328556839508e+22 1.148323512322470655e+22 1.147464666573290917e+22 1.147035552820931802e+22 1.147035552820931802e+22
2.202646579480673506e+26 2.202646579480673506e+26 2.202646579480673506e+26 2.202646579480673506e+26 2.202646579480673506e+26 2.202646579480673506e+26 2.202646579480673506e+26 2.202646579480673506e+26 8.384889808120509991e+24 2.250696073346773533e+24 1.019126583046331387e+24 5.844430535512601238e+23 3.835166333298703031e+23 2.746033318517259308e+23 2.089628291411260725e+23 1.662712924064694466e+23 1.368589617195826408e+23 1.156589981089266831e+23 9.981237535554682434e+22 8.760801961491104478e+22 7.797142979841309540e+22 7.020022948777077139e+22 6.381939726812442106e+22 5.849813511845503094e+22 5.400014625542974210e+22 5.015282966312562930e+22 4.682759789534681393e+22 4.392695554007439403e+22 4.137580870828477435e+22 3.911549231640129359e+22 3.709958442496447585e+22 3.529092068917258276e+22 3.365943032989812051e+22 3.218054436523044818e+22 3.083400889098955653e+22 2.960298929725836676e+22 2.847338630504857049e+22 2.743330816519269515e+22 2.647265933164213908e+22 2.558281695171234601e+22 2.475637423726668441e+22 2.398693525402120566e+22 2.326894959131943030e+22 2.259757822071668526e+22 2.196858393652662737e+22 2.137824131355032263e+22 2.082326226825215004e+22 2.030073417622377359e+22 1.980806815652433311e+22 1.934295563656804224e+22 1.890333169883720922e+22 1.848734401140327082e+22 1.809332637907012918e+22 1.771977613648482166e+22 1.736533475043356705e+22 1.702877111452259739e+22 1.670896711213604720e+22 1.640490509805166789e+22 1.611565700924015903e+22 1.584037486416483058e+22 1.557828244966874913e+22 1.532866802708289002e+22 1.509087791594942235e+22 1.486431083582712919e+22 1.464841290494142474e+22 1.444267320964655192e+22 1.424661987135772112e+22 1.405981654823911765e+22 1.388185931785401952e+22 1.371237389450913356e+22 1.355101314138166107e+22 1.339745484290823238e+22 1.325139970749815482e+22 1.311256957454395428e+22 1.298070580304024279e+22 1.285556782199178527e+22 1.273693182525188971e+22 1.262458959555673142e+22 1.251834744435650226e+22 1.241802525563373906e+22 1.232345562328405849e+22 1.223448307283242516e+22 1.215096335931939802e+22 1.207276283410471348e+22 1.199975787415367949e+22 1.193183436808199445e+22 1.186888725387000204e+22 1.181082010371844211e+22 1.175754475201887417e+22 1.170898096286180626e+22 1.166505613390619292e+22 1.162570503380321016e+22 1.159086957069401168e+22 1.156049858960648936e+22 1.153454769685482858e+22 1.151297910980031073e+22 1.149576153057524397e+22 1.148287004259471537e+22 1.147428602889528515e+22 1.146999711154169918e+22 1.146999711154169918e+22
2.202646579480673506e+26 2.202646579480673506e+26 2.202646579480673506e+26 2.202646579480673506e+26 2.202646579480673506e+26 2.202646579480673506e+26 2.202646579480673506e+26 2.202646579480673506e+26 8.365312214554107925e+24 2.234264723514011553e+24 1.007013259824084027e+24 5.758511132825121037e+23 3.774767879793615653e+23 2.703364849249307150e+23 2.059125725288864353e+23 1.640575653848455808e+23 1.352258963687139663e+23 1.144343241305523927e+23 9.887921930095016332e+22 8.688616923023325056e+22 7.740508624517312440e+22 6.975001874208124410e+22 6.345713273934078332e+22 5.820335236531949142e+22 5.375778405419812966e+22 4.995165880225834520e+22 4.665914282519908319e+22 4.378474468560084769e+22 4.125484663461292854e+22 3.901188350053918232e+22 3.701026189789104597e+22 3.521344808749584561e+22 3.359185592969808000e+22 3.212129233560376705e+22 3.078179748216889462e+22 2.955676871956983552e+22 2.843229114348066570e+22 2.739662062376283904e+22 2.643978061793778991e+22 2.555324483149641862e+22 2.472968530333606819e+22 2.396277082447534044e+22 2.324700442233076607e+22 2.257759141695293961e+22 2.195033158887147150e+22 2.136153050296102368e+22 2.080792615657442116e+22 2.028662796677801837e+22 1.979506575447246347e+22 1.933094687522566229e+22 1.889222002597638963e+22 1.847704455121191567e+22 1.808376430229641285e+22 1.771088528452139300e+22 1.735705646952706002e+22 1.702105326455041609e+22 1.670176322097664701e+22 1.639817363783478673e+22 1.610936077499354422e+22 1.583448043878606491e+22 1.557275974191611170e+22 1.532348987153147599e+22 1.508601972569387146e+22 1.485975030022098492e+22 1.464412972590122716e+22 1.443864887107302457e+22 1.424283743707332398e+22 1.405626048454571590e+22 1.387851533740154657e+22 1.370922881865572418e+22 1.354805477863911431e+22 1.339467188141019051e+22 1.324878161972182594e+22 1.311010653276062771e+22 1.297838860418122619e+22 1.285338782079067043e+22 1.273488087467708908e+22 1.262265999367564218e+22 1.251653188688453986e+22 1.241631679351295993e+22 1.232184762471971763e+22 1.223296918928467637e+22 1.214953749500603977e+22 1.207141911862534419e+22 1.199849063788700081e+22 1.193063812005077241e+22 1.186775666179791703e+22 1.180974997603521606e+22 1.175653002159332105e+22 1.170801667226586841e+22 1.166413742203135538e+22 1.162482712366689550e+22 1.159002775828853005e+22 1.155968823365523735e+22 1.153376420935092299e+22 1.151221794721091918e+22 1.149501818560452336e+22 1.148214003640205679e+22 1.147356490367285330e+22 1.146928042335739786e+22 1.146928042335739786e+22
2.202646579480673506e+26 2.202646579480673506e+26 2.202646579480673506e+26 2.202646579480673506e+26 2.202646579480673506e+26 2.202646579480673506e+26 2.202646579480673506e+26 2.202646579480673506e+26 8.316110702965612352e+24 2.198185619530808482e+24 9.831920060249854349e+23 5.603016766099981871e+23 3.671866043267725478e+23 2.633726823726548422e+23 2.010820574226241804e+23 1.606243094854079873e+23 1.327293117111582285e+23 1.125803223590470649e+23 9.747584595351185863e+22 8.580534893655920266e+22 7.655954315797720361e+22 6.907908798873457394e+22 6.291786087048563760e+22 5.776480208781381206e+22 5.339731806055247433e+22 4.965246973344892322e+22 4.640858264881628342e+22 4.357317614086521881e+22 4.107484142547712449e+22 3.885765448804552042e+22 3.687725558554254167e+22 3.509804846439981279e+22 3.349116670388135055e+22 3.203297503903035163e+22 3.070394986506055844e+22 2.948783251831583565e+22 2.837098148656422532e+22 2.734187153358168942e+22 2.639070259668562687e+22 2.550909159851868711e+22 2.468982752036478832e+22 2.392667519844075176e+22 2.321421697723522666e+22 2.254772402063909113e+22 2.192305103796025950e+22 2.133654963115123540e+22 2.078499655297987405e+22 2.026553398279384387e+22 1.977561954752328945e+22 1.931298429127182254e+22 1.887559716390589327e+22 1.846163488423860293e+22 1.806945625644076106e+22 1.769758019382048876e+22 1.734466684305315516e+22 1.700950131254712756e+22 1.669097959716092589e+22 1.638809636270621327e+22 1.609993431125424760e+22 1.582565489503070952e+22 1.556449018484902960e+22 1.531573573030255159e+22 1.507874427466976068e+22 1.485292020874049749e+22 1.463771466540353428e+22 1.443262117150404379e+22 1.423717178573514919e+22 1.405093366159565337e+22 1.387350598308135856e+22 1.370451722806080674e+22 1.354362272044488956e+22 1.339050243749016764e+22 1.324485904302284892e+22 1.310641612116808906e+22 1.297491658841620113e+22 1.285012126464560280e+22 1.273180758612039539e+22 1.261976844554674897e+22 1.251381114606540397e+22 1.241375645760293647e+22 1.231943776535852561e+22 1.223070030137526531e+22 1.214740045117662219e+22 1.206940512834692946e+22 1.199659121073072583e+22 1.192884503262527488e+22 1.186606192795960790e+22 1.180814582000403874e+22 1.175500885364937694e+22 1.170657106672943209e+22 1.166276009726158727e+22 1.162351092383714220e+22 1.158876563671756256e+22 1.155847323749252596e+22 1.153258946542909679e+22 1.151107664889356118e+22 1.149390358046597290e+22 1.148104541458824325e+22 1.147248358679694121e+22 1.146820575379289696e+22 1.146820575379289696e+22
2.202646579480673506e+26 2.202646579480673506e+26 2.202646579480673506e+26 2.202646579480673506e+26 2.202646579480673506e+26 2.202646579480673506e+26 2.202646579480673506e+26 2.202646579480673506e+26 8.177776474153583949e+24 2.118479763750610237e+24 9.386022531093851737e+23 5.343324472068778702e+23 3.512909101926621286e+23 2.531721408896372142e+23 1.942569757473128128e+23 1.558903334071963411e+23 1.293429952615613150e+23 1.100931316629814588e+23 9.560689437233334400e+22 8.437282045299839415e+22 7.544226224843475491e+22 6.819418498343676517e+22 6.220735350462967762e+22 5.718728835115477316e+22 5.292269259538208653e+22 4.925848061285211151e+22 4.607853776564014547e+22 4.329438478377712353e+22 4.083753615310986202e+22 3.865423293626023779e+22 3.670173920032646706e+22 3.494569072803316761e+22 3.335816593514630952e+22 3.191626136137575380e+22 3.060102545358768518e+22 2.939665057639031007e+22 2.828985368859722855e+22 2.726939660730331719e+22 2.632571075630958694e+22 2.545060097145889096e+22 2.463700972648637294e+22 2.387882797007959491e+22 2.317074223663737838e+22 2.250811021792827671e+22 2.188685883785193141e+22 2.130340024872128112e+22 2.075456219781262423e+22 2.023752999093859569e+22 1.974979787206141831e+22 1.928912809226796427e+22 1.885351629244842220e+22 1.844116209710707350e+22 1.805044403055696963e+22 1.767989803524079537e+22 1.732819900543870907e+22 1.699414485604931889e+22 1.667664273140577259e+22 1.637469702776044913e+22 1.608739895865594872e+22 1.581391743759157507e+22 1.555349108930235073e+22 1.530542123124279109e+22 1.506906569180087478e+22 1.484383335238253884e+22 1.462917931761568370e+22 1.442460063217818481e+22 1.422963247466149210e+22 1.404384476887815868e+22 1.386683916142382573e+22 1.369824632140223375e+22 1.353772352422561605e+22 1.338495248650745781e+22 1.323963742340297576e+22 1.310150330346368506e+22 1.297029427924788943e+22 1.284577227465169882e+22 1.272771571227513009e+22 1.261591836616070634e+22 1.251018832699530517e+22 1.241034706838518288e+22 1.231622860413888312e+22 1.222767872764384641e+22 1.214455432543515286e+22 1.206672275793720744e+22 1.199406130114200391e+22 1.192645664367314154e+22 1.186380443429549113e+22 1.180600887547390014e+22 1.175298235906625687e+22 1.170464514067083873e+22 1.166092504953939349e+22 1.162175723131907133e+22 1.158708392120953707e+22 1.155685424541374978e+22 1.153102404903278268e+22 1.150955574880501970e+22 1.149241820932340711e+22 1.147958664158431412e+22 1.147104252292968638e+22 1.146677353764178258e+22 1.146677353764178258e+22
2.202646579480673506e+26 2.202646579480673506e+26 2.202646579480673506e+26 2.202646579480673506e+26 2.202646579480673506e+26 2.202646579480673506e+26 2.202646579480673506e+26 2.202646579480673506e+26 7.723706317705782036e+24 1.940298432103539081e+24 8.587749843661587197e+23 4.937756513208643459e+23 3.285139690785718005e+23 2.393393470054312570e+23 1.853257309040279091e+23 1.498377702015301981e+23 1.250787207731395313e+23 1.069919377136552237e+23 9.329137186079456939e+22 8.260510670997693871e+22 7.406688370337742062e+22 6.710631657947562351e+22 6.133440685871341555e+22 5.647781949264355551e+22 5.233949502267503254e+22 4.877415804752404205e+22 4.567259287856208255e+22 4.295126086191694217e+22 4.054527282202257706e+22 3.840352645079104278e+22 3.648527466257945985e+22 3.475766041127172021e+22 3.319391708590457959e+22 3.177203544231625359e+22 3.047376285706908965e+22 2.928384281067877145e+22 2.818943039066030159e+22 2.717963838292577432e+22 2.624518136750776359e+22 2.537809415374022640e+22 2.457150716636957770e+22 2.381946586654240775e+22 2.311678451622092997e+22 2.245892694502787147e+22 2.184190870943267868e+22 2.126221632114284665e+22 2.071674018711193675e+22 2.020271863415444393e+22 1.971769094840121505e+22 1.925945778809804213e+22 1.882604765974173948e+22 1.841568840590733764e+22 1.802678285575789530e+22 1.765788794915130232e+22 1.730769677220735825e+22 1.697502304352597967e+22 1.665878767156135671e+22 1.635800706923390986e+22 1.607178296500898549e+22 1.579929349293765925e+22 1.553978537953912160e+22 1.529256707445918532e+22 1.505700269580114041e+22 1.483250668085222100e+22 1.461853904941085622e+22 1.441460120065662779e+22 1.422023217599975784e+22 1.403500533000197217e+22 1.385852535958080900e+22 1.369042564858372529e+22 1.353036589063033219e+22 1.337802995806692914e+22 1.323312398909217912e+22 1.309537466871003375e+22 1.296452768225537976e+22 1.284034632288314589e+22 1.272261023669933625e+22 1.261111429118283271e+22 1.250566755425258255e+22 1.240609237282013892e+22 1.231222354095657452e+22 1.222390754892934493e+22 1.214100190535149106e+22 1.206337452555160991e+22 1.199090318003492461e+22 1.192347499757957651e+22 1.186098601811052698e+22 1.180334079102408249e+22 1.175045201511011320e+22 1.170224021664627792e+22 1.165863346262113465e+22 1.161956710639033595e+22 1.158498356338561437e+22 1.155483211478673129e+22 1.152906873733238489e+22 1.150765595769001581e+22 1.149056273004011245e+22 1.147776433574095356e+22 1.146924230414959850e+22 1.146498435386703662e+22 1.146498435386703662e+22
2.202646579480673506e+26 2.202646579480673506e+26 2.202646579480673506e+26 2.202646579480673506e+26 2.202646579480673506e+26 2.202646579480673506e+26 2.202646579480673506e+26 2.202646579480673506e+26 6.130345546072589907e+24 1.569732422974913758e+24 7.297263143596783001e+23 4.364710528465944623e+23 2.986806780440396285e+23 2.220069320395292053e+23 1.744304255489640592e+23 1.425750631016554635e+23 1.200141353249498915e+23 1.033320020099813763e+23 9.056902003624920482e+22 8.053121205995145527e+22 7.245489530614926488e+22 6.583162609467995141e+22 6.031130398648524446e+22 5.564584914869987731e+22 5.165507735291063540e+22 4.820527416117623888e+22 4.519531947251679730e+22 4.254745436141445238e+22 4.020098770890815177e+22 3.810791387021797071e+22 3.622980200820724938e+22 3.453554959511986792e+22 3.299973441384689854e+22 3.160138826519900114e+22 3.032307251496729602e+22 2.915017281409288818e+22 2.807035508201004990e+22 2.707314159809916935e+22 2.614957756238859862e+22 2.529196651616840083e+22 2.449365868644471616e+22 2.374888037634068919e+22 2.305259546000633941e+22 2.240039218832884315e+22 2.178839009846592799e+22 2.121316300361134663e+22 2.067167492983280055e+22 2.016122654244446457e+22 1.967941012106509078e+22 1.922407154061860353e+22 1.879327802442539178e+22 1.838529067682828701e+22 1.799854099247592060e+22 1.763161068939412872e+22 1.728321433229776126e+22 1.695218430801612689e+22 1.663745779162696961e+22 1.633806540387402750e+22 1.605312131076035340e+22 1.578181455724389020e+22 1.552340146056719657e+22 1.527719891639584005e+22 1.504257849376355910e+22 1.481896121374042227e+22 1.460581292248199175e+22 1.440264018245623742e+22 1.420898661665771566e+22 1.402442964986921327e+22 1.384857759883167636e+22 1.368106706978636772e+22 1.352156062744405292e+22 1.336974470420175100e+22 1.322532772248604692e+22 1.308803840657786405e+22 1.295762426325140033e+22 1.283385021312396794e+22 1.271649735682132699e+22 1.260536186197239451e+22 1.250025395870311121e+22 1.240099703273696526e+22 1.230742680646152566e+22 1.221939059941754221e+22 1.213674666062233207e+22 1.205936356598514241e+22 1.198711967481361072e+22 1.191990264006649997e+22 1.185760896759075386e+22 1.180014362010090629e+22 1.174741966212010344e+22 1.169935794252066639e+22 1.165588681167545041e+22 1.161694187057221888e+22 1.158246574955275747e+22 1.155240791462067254e+22 1.152672449952587815e+22 1.150537816207129575e+22 1.148833796331873816e+22 1.147557926857902077e+22 1.146708366927544818e+22 1.146283892496205768e+22 1.146283892496205768e+22
8.411142019231082007e+24 8.411142019231082007e+24 8.403822855555190895e+24 8.384069130208034211e+24 8.334535983661810354e+24 8.195513359489045954e+24 7.739620793849207914e+24 6.140602521930142837e+24 2.185173523790852667e+24 9.943884008791002988e+23 5.626273502246466444e+23 3.676367389935527034e+23 2.640106382092114204e+23 2.021823481496503310e+23 1.620705656047615156e+23 1.343717345740942056e+23 1.143057981627502502e+23 9.921006603250790144e+22 8.750273682452718289e+22 7.819376340972243570e+22 7.063617978485754246e+22 6.439165018233686825e+22 5.915392515746098577e+22 5.470331226116698250e+22 5.087855528131944251e+22 4.755888840514030744e+22 4.465225082039136630e+22 4.208734860462651133e+22 3.980818621298735736e+22 3.777022254476868924e+22 3.593761947882410843e+22 3.428123978645250035e+22 3.277716842007892695e+22 3.140560538163351860e+22 3.015002638902323105e+22 2.899653922220748990e+22 2.793338487773525652e+22 2.695054714924536168e+22 2.603944427898133283e+22 2.519268336148809148e+22 2.440386318124421690e+22 2.366741476247540335e+22 2.297847152494878340e+22 2.233276286160977317e+22 2.172652638020591786e+22 2.115643511917308071e+22 2.061953685490019756e+22 2.011320323193683575e+22 1.963508691924321672e+22 1.918308536008363213e+22 1.875530996687213848e+22 1.835005983454696518e+22 1.796579922126621691e+22 1.760113818415577170e+22 1.725481586863764197e+22 1.692568603868686556e+22 1.661270450694222827e+22 1.631491818154916577e+22 1.603145549376108311e+22 1.576151800884923623e+22 1.550437305448863787e+22 1.525934722683270647e+22 1.502582065604134437e+22 1.480322193091731023e+22 1.459102359721512167e+22 1.438873815665537869e+22 1.419591450413588755e+22 1.401213474943780101e+22 1.383701137715562231e+22 1.367018470487868677e+22 1.351132060499568283e+22 1.336010846004892507e+22 1.321625932545483447e+22 1.307950427673559302e+22 1.294959292127095711e+22 1.282629205703579927e+22 1.270938446291849026e+22 1.259866780705037169e+22 1.249395366117414168e+22 1.239506661046523370e+22 1.230184344942963956e+22 1.221413245556102267e+22 1.213179273336780856e+22 1.205469362219498498e+22 1.198271416198778323e+22 1.191574261177982439e+22 1.185367601625557683e+22 1.179641981623841954e+22 1.174388749941022602e+22 1.169600028797098682e+22 1.165268686031389144e+22 1.161388310412208059e+22 1.157953189859650070e+22 1.154958292380010991e+22 1.152399249536030710e+22 1.150272342300660072e+22 1.148574489164423312e+22 1.147303236387042073e+22 1.146456750303907466e+22 1.146033811616870433e+22 1.146033811616870433e+22
2.275455226809881014e+24 2.275455226809881014e+24 2.268845045161002260e+24 2.252139172840917281e+24 2.215524666657732777e+24 2.134762795867404920e+24 1.954418030667902818e+24 1.579664793237209783e+24 9.984580127361342091e+23 6.281759558871355889e+23 4.210257633302263869e+23 3.019018395334668882e+23 2.290355915078793114e+23 1.816102809775461242e+23 1.490327482510519178e+23 1.256263995813087234e+23 1.081746006526796098e+23 9.475747115783913105e+22 8.417517475190509719e+22 7.564723687952663079e+22 6.864803579311597132e+22 6.281274493943406395e+22 5.788139075723992655e+22 5.366439011652818541e+22 5.002064584406592809e+22 4.684323077160367764e+22 4.404979525869050108e+22 4.157599426971876249e+22 3.937089173334864062e+22 3.739368817694684584e+22 3.561135164056071360e+22 3.399687639831984420e+22 3.252798528390548580e+22 3.118615024500391648e+22 2.995584438982099023e+22 2.882396461001200789e+22 2.777938139928238385e+22 2.681258457295889629e+22 2.591540204013433861e+22 2.508077475909467531e+22 2.430257529047544863e+22 2.357546046637290501e+22 2.289475096625587998e+22 2.225633227111409910e+22 2.165657272164863600e+22 2.109225535081024795e+22 2.056052087804476470e+22 2.005881980127008103e+22 1.958487194552401658e+22 1.913663215550444916e+22 1.871226107574201247e+22 1.831010016385774387e+22 1.792865024192041242e+22 1.756655301787254365e+22 1.722257511053872280e+22 1.689559419338766890e+22 1.658458693820297196e+22 1.628861849338602167e+22 1.600683327531166728e+22 1.573844688694123744e+22 1.548273900734247862e+22 1.523904712006902061e+22 1.500676096850995131e+22 1.478531764308043576e+22 1.457419721913034552e+22 1.437291887616936903e+22 1.418103743886694285e+22 1.399814028859625649e+22 1.382384460132049853e+22 1.365779487357830745e+22 1.349966070340073501e+22 1.334913479731361454e+22 1.320593117827959253e+22 1.306978357260786126e+22 1.294044395658420001e+22 1.281768124592820322e+22 1.270128011321196675e+22 1.259103992013863151e+22 1.248677375310508222e+22 1.238830755180530421e+22 1.229547932179354983e+22 1.220813842294259686e+22 1.212614492662759476e+22 1.204936903525080760e+22 1.197769055841692733e+22 1.191099844068711281e+22 1.184919033638169661e+22 1.179217222739399646e+22 1.173985808041284678e+22 1.169216954034425954e+22 1.164903565707844990e+22 1.161039264306964935e+22 1.157618365949219648e+22 1.154635862900287419e+22 1.152087407339087331e+22 1.149969297462778239e+22 1.148278465804367613e+22 1.147012469656205341e+22 1.146169483511710351e+22 1.145748293456320109e+22 1.145748293456320109e+22
1.041184780181569251e+24 1.041184780181569251e+24 1.035934260270606406e+24 1.023462284689713027e+24 9.989763241562991577e+23 9.532143525920188263e+23 8.713954647387428062e+23 7.392762949505604901e+23 5.683816573763341569e+23 4.234847153197895438e+23 3.190775585766001795e+23 2.471084867652555060e+23 1.972566689838194848e+23 1.619092136526607160e+23 1.361210104389111969e+23 1.167687066344374204e+23 1.018656415616837259e+23 9.012216569921264209e+22 8.068005938397542194e+22 7.295350436013481866e+22 6.653276748384460341e+22 6.112471605283491362e+22 5.651524665920070038e+22 5.254500485575698337e+22 4.909334107447215155e+22 4.606748330023058827e+22 4.339508503048111312e+22 4.101900175051573323e+22 3.889356707210533326e+22 3.698189618829840928e+22 3.525390484172143434e+22 3.368483438883351875e+22 3.225414000953501155e+22 3.094464299176486031e+22 2.974187745110501045e+22 2.863358187968143976e+22 2.760929974822300864e+22 2.666006305753118487e+22 2.577813958430884574e+22 2.495682947208974015e+22 2.419030037060396043e+22 2.347345292613496131e+22 2.280181034562102703e+22 2.217142718885181102e+22 2.157881361971358256e+22 2.102087216370470303e+22 2.049484464266006023e+22 1.999826743771374027e+22 1.952893360366138950e+22 1.908486064824485780e+22 1.866426301787709584e+22 1.826552851143229178e+22 1.788719798680617904e+22 1.752794783925123678e+22 1.718657482227429304e+22 1.686198285594423145e+22 1.655317152751604571e+22 1.625922603819124707e+22 1.597930838985453181e+22 1.571264963850207337e+22 1.545854306819108137e+22 1.521633816179472387e+22 1.498543526350360989e+22 1.476528084357464719e+22 1.455536328885379950e+22 1.435520915352888908e+22 1.416437981377961184e+22 1.398246847777081183e+22 1.380909750902685748e+22 1.364391602682814739e+22 1.348659775203998643e+22 1.333683907086730343e+22 1.319435729251859641e+22 1.305888907976423086e+22 1.293018903395936344e+22 1.280802841832955734e+22 1.269219400525005875e+22 1.258248703492175901e+22 1.247872227430602532e+22 1.238072716644806191e+22 1.228834106143018897e+22 1.220141452116965196e+22 1.211980869113097906e+22 1.204339473277567736e+22 1.197205331124199358e+22 1.190567413333606846e+22 1.184415553144309678e+22 1.178740408943882378e+22 1.173533430710120795e+22 1.168786829990327380e+22 1.164493553141034464e+22 1.160647257581873948e+22 1.157242290845477818e+22 1.154273672231852704e+22 1.151737076899391734e+22 1.149628822247681137e+22 1.147945856467756646e+22 1.146685749155641426e+22 1.145846683903729861e+22 1.145427452802475701e+22 1.145427452802475701e+22
6.039863316970377136e+23 6.039863316970377136e+23 6.000059960558093379e+23 5.910111268334156141e+23 5.747576400164182221e+23 5.476560130201169187e+23 5.053931078848319639e+23 4.457562743710016256e+23 3.741943200594118857e+23 3.058501032484039547e+23 2.488540080516816972e+23 2.042651190266688900e+23 1.701561301362872985e+23 1.440791857031986324e+23 1.239422566393632040e+23 1.081646308416793042e+23 9.560447579853641535e+22 8.544741861379644640e+22 7.711130268852304216e+22 7.017600357974950281e+22 6.433442825667084707e+22 5.935892802494766514e+22 5.507832584614652674e+22 5.136211037624935960e+22 4.810945193044485761e+22 4.524147779747917385e+22 4.269577025426710069e+22 4.042239706429144642e+22 3.838101127037847391e+22 3.653870628366790007e+22 3.486841100578326577e+22 3.334767567923878822e+22 3.195774369073106361e+22 3.068283495017947228e+22 2.950958745413786953e+22 2.842661829205158789e+22 2.742417569250698016e+22 2.649386108012670537e+22 2.562840542618982757e+22 2.482148804103055920e+22 2.406758879452648073e+22 2.336186685396249425e+22 2.270006060005657149e+22 2.207840456585913985e+22 2.149356014212464666e+22 2.094255748028981628e+22 2.042274655379523843e+22 1.993175574919835864e+22 1.946745667907774264e+22 1.902793416046417438e+22 1.861146050138761645e+22 1.821647339608281711e+22 1.784155685555449679e+22 1.748542470146480302e+22 1.714690623300192069e+22 1.682493374259571510e+22 1.651853161025416829e+22 1.622680675037356648e+22 1.594894022106435446e+22 1.568417983587418741e+22 1.543183364247485678e+22 1.519126415338918589e+22 1.496188323092370555e+22 1.474314754276983623e+22 1.453455451672928479e+22 1.433563873311579125e+22 1.414596870191224088e+22 1.396514397897610809e+22 1.379279258172111035e+22 1.362856866992071954e+22 1.347215046173549344e+22 1.332323835888342244e+22 1.318155325814898426e+22 1.304683502924012611e+22 1.291884114143859232e+22 1.279734542358658469e+22 1.268213694377755463e+22 1.257301899670157106e+22 1.246980818797289538e+22 1.237233360597619940e+22 1.228043607281768176e+22 1.219396746689646900e+22 1.211279011042657567e+22 1.203677621595556073e+22 1.196580738656933983e+22 1.189977416503182911e+22 1.183857562761807528e+22 1.178211901884709051e+22 1.173031942372723576e+22 1.168309947449157773e+22 1.164038908913225879e+22 1.160212523934305328e+22 1.156825174575289886e+22 1.153871909859163426e+22 1.151348430215443382e+22 1.149251074165814015e+22 1.147576807128006708e+22 1.146323212236600063e+22 1.145488483097427260e+22 1.145071418410157684e+22 1.145071418410157684e+22
4.009634739683753722e+23 4.009634739683753722e+23 3.979990176606502833e+23 3.915479411954333820e+23 3.805731820368791821e+23 3.636473185710380281e+23 3.394325762383128832e+23 3.077616159160454055e+23 2.709968411191131347e+23 2.339229645775309101e+23 2.002360425354232773e+23 1.715041738697817142e+23 1.477985879755577853e+23 1.285079990073358098e+23 1.128441601561429866e+23 1.000691874009099062e+23 8.956834672721239055e+22 8.085521249738519111e+22 7.355345850069972471e+22 6.737417880344547295e+22 6.209551539435017863e+22 5.754629225174114763e+22 5.359349345407392442e+22 5.013289007549287655e+22 4.708208288469488763e+22 4.437534356060517905e+22 4.195977734232324283e+22 3.979245259334909900e+22 3.783823860967332538e+22 3.606816431765981653e+22 3.445816231983109793e+22 3.298809998643724865e+22 3.164102596429191997e+22 3.040257959600837152e+22 2.926052449818235424e+22 2.820437749262513603e+22 2.722511131938035597e+22 2.631491485794724269e+22 2.546699848952096122e+22 2.467543513399100545e+22 2.393502966502658566e+22 2.324121104062392933e+22 2.258994272569393571e+22 2.197764792937417068e+22 2.140114690681389397e+22 2.085760413747648659e+22 2.034448362952857118e+22 1.985951094235623483e+22 1.940064078883725089e+22 1.896602929239391470e+22 1.855401014365805714e+22 1.816307403738419141e+22 1.779185087940280084e+22 1.743909434154610275e+22 1.710366841398004128e+22 1.678453566262384316e+22 1.648074694700321630e+22 1.619143239302605124e+22 1.591579344746108997e+22 1.565309586761643668e+22 1.540266352192043509e+22 1.516387289560835215e+22 1.493614821120068184e+22 1.471895708644306584e+22 1.451180666331380213e+22 1.431424015092966176e+22 1.412583373300030662e+22 1.394619379711128214e+22 1.377495444876991398e+22 1.361177527796790356e+22 1.345633935014171666e+22 1.330835139695516792e+22 1.316753618537345660e+22 1.303363704612515217e+22 1.290641454491824764e+22 1.278564528174427380e+22 1.267112080531166488e+22 1.256264663113782211e+22 1.246004135312655961e+22 1.236313583959236883e+22 1.227177250569081743e+22 1.218580465508732528e+22 1.210509588447084570e+22 1.202951954520096113e+22 1.195895825698201901e+22 1.189330346899773011e+22 1.183245506441974592e+22 1.177632100463451046e+22 1.172481700992103586e+22 1.167786627366074607e+22 1.163539920747916113e+22 1.159735321500738336e+22 1.156367249221532149e+22 1.153430785251443999e+22 1.150921657505233974e+22 1.148836227482930643e+22 1.147171479346929782e+22 1.145925010966000435e+22 1.145095026845356445e+22 1.144680332879377256e+22 1.144680332879377256e+22
2.903679936208271615e+23 2.903679936208271615e+23 2.881653330810556352e+23 2.835024788960795018e+23 2.759028924112987541e+23 2.647888819453199877e+23 2.497420996012269665e+23 2.309176021602407715e+23 2.094136626439741044e+23 1.871166258398851362e+23 1.657732942686669138e+23 1.464629483263443190e+23 1.296042436896320945e+23 1.151802792516268914e+23 1.029567535628291397e+23 9.262491205839004002e+22 8.387686027150340653e+22 7.643785048250054712e+22 7.007566008609932522e+22 6.459939850811034147e+22 5.985428401083217294e+22 5.571550544871726619e+22 5.208248406965596717e+22 4.887398057541591315e+22 4.602410624462036035e+22 4.347914580681609236e+22 4.119505625026703602e+22 3.913550750882253190e+22 3.727034897256231521e+22 3.557440725274723353e+22 3.402654052741461678e+22 3.260889148847402307e+22 3.130629425823233973e+22 3.010580104133181912e+22 2.899630226564424348e+22 2.796822005768522197e+22 2.701325953084159112e+22 2.612420588702816797e+22 2.529475801479274876e+22 2.451939131538810287e+22 2.379324405841532866e+22 2.311202277705286209e+22 2.247192314710894785e+22 2.186956351979747541e+22 2.130192884451097182e+22 2.076632316206745911e+22 2.026032919897849201e+22 1.978177387049779619e+22 1.932869872077403010e+22 1.889933450472358255e+22 1.849207925779207710e+22 1.810547931393996462e+22 1.773821282464432757e+22 1.738907540692008960e+22 1.705696760977127008e+22 1.674088393883355447e+22 1.643990322039908152e+22 1.615318012024047691e+22 1.587993766101277842e+22 1.561946060560876018e+22 1.537108959353042161e+22 1.513421593382335021e+22 1.490827697196584927e+22 1.469275195976045717e+22 1.448715836713071333e+22 1.429104858306708085e+22 1.410400696005832370e+22 1.392564716237788650e+22 1.375560978375535441e+22 1.359356020437344374e+22 1.343918666092131018e+22 1.329219850669154055e+22 1.315232464151935504e+22 1.301931209379183329e+22 1.289292473885676850e+22 1.277294213998997353e+22 1.265915849966893819e+22 1.255138171028753508e+22 1.244943249466150040e+22 1.235314362773489372e+22 1.226235923183456118e+22 1.217693413864230617e+22 1.209673331178066883e+22 1.202163132455442815e+22 1.195151188796086052e+22 1.188626742459294653e+22 1.182579868451535323e+22 1.177001439960314885e+22 1.171883097320195516e+22 1.167217220230123723e+22 1.162996902971616264e+22 1.159215932404968037e+22 1.155868768546104698e+22 1.152950527549832272e+22 1.150456966947295514e+22 1.148384473005394860e+22 1.146730050094970071e+22 1.145491311972729225e+22 1.144666474898632632e+22 1.144254352527253832e+22 1.144254352527253832e+22
2.233925104035931452e+23 2.233925104035931452e+23 2.217454170215100438e+23 2.183267861071989771e+23 2.129200148117007232e+23 2.052927901742291275e+23 1.953286484107409018e+23 1.831932505155814870e+23 1.694466746543431924e+23 1.549629132799780806e+23 1.406323422586230905e+23 1.271259578137596479e+23 1.148275183060862978e+23 1.038797810381899883e+23 9.426645256314062425e+22 8.588499130658609273e+22 7.859683985192962857e+22 7.225703328850445441e+22 6.672936699278515818e+22 6.189279482850438860e+22 5.764302862379374346e+22 5.389177548536926962e+22 5.056498426838299286e+22 4.760081811006341880e+22 4.494769692658538801e+22 4.256255300411647328e+22 4.040934072275383511e+22 3.845779329261141334e+22 3.668239949629523126e+22 3.506156768218411172e+22 3.357694509541640844e+22 3.221286417555813460e+22 3.095589176629754279e+22 2.979446138284791562e+22 2.871857240569149181e+22 2.771954321334004299e+22 2.678980784970161717e+22 2.592274790911640705e+22 2.511255299291635463e+22 2.435410442135262147e+22 2.364287794059674439e+22 2.297486200214181957e+22 2.234648885676759581e+22 2.175457623374608256e+22 2.119627779700393247e+22 2.066904090627322518e+22 2.017057048069553521e+22 1.969879797888890542e+22 1.925185468411065192e+22 1.882804862444084868e+22 1.842584457264507965e+22 1.804384666385638647e+22 1.768078324565470609e+22 1.733549363783542401e+22 1.700691653079234249e+22 1.669407979408325607e+22 1.639609150209381525e+22 1.611213201309586109e+22 1.584144696250211919e+22 1.558334105161980235e+22 1.533717253040011372e+22 1.510234828715810672e+22 1.487831947044447060e+22 1.466457757858407226e+22 1.446065096116135789e+22 1.426610168418953016e+22 1.408052271705627401e+22 1.390353540477276180e+22 1.373478719371225753e+22 1.357394958301942252e+22 1.342071627731961905e+22 1.327480151932339539e+22 1.313593858349349627e+22 1.300387841416709643e+22 1.287838839346013248e+22 1.275925122596288751e+22 1.264626392870801323e+22 1.253923691617249237e+22 1.243799317120535862e+22 1.234236749375822679e+22 1.225220582016939773e+22 1.216736460652098355e+22 1.208771027026860153e+22 1.201311868494861985e+22 1.194347472330586849e+22 1.187867184466534125e+22 1.181861172280240479e+22 1.176320391095297822e+22 1.171236554095460562e+22 1.166602105382704356e+22 1.162410195938761402e+22 1.158654662276164039e+22 1.155330007588945684e+22 1.152431385235534591e+22 1.149954584407162487e+22 1.147896017854469767e+22 1.146252711563248848e+22 1.145022296287695444e+22 1.144203000865552440e+22 1.143793647256026376e+22 1.143793647256026376e+22
1.796394393259416979e+23 1.796394393259416979e+23 1.783938677155501074e+23 1.758442913720378400e+23 1.718951332164327870e+23 1.664582563807701720e+23 1.595189093151373441e+23 1.512066241619579372e+23 1.418333382213797507e+23 1.318556668164582461e+23 1.217633624257347684e+23 1.119723283673902712e+23 1.027715296457415029e+23 9.432168574764656152e+22 8.668179795067378493e+22 7.984233731759829261e+22 7.375386811157969686e+22 6.834769237003541361e+22 6.354906664718756636e+22 5.928483829707951414e+22 5.548735856605440613e+22 5.209611044646634180e+22 4.905803330164693035e+22 4.632716466364222957e+22 4.386396893820819918e+22 4.163456182558726606e+22 3.960994118240792530e+22 3.776527770042764571e+22 3.607928657104914403e+22 3.453368407533368744e+22 3.311272446634358945e+22 3.180280878776659948e+22 3.059215616449318801e+22 2.947052832354948507e+22 2.842899893837741058e+22 2.745976044535477279e+22 2.655596205630106580e+22 2.571157368768989390e+22 2.492127140729265639e+22 2.418034075331456506e+22 2.348459491596717313e+22 2.283030529959522206e+22 2.221414241966395228e+22 2.163312544748820811e+22 2.108457900964822227e+22 2.056609608990960334e+22 2.007550607877059117e+22 1.961084717747752927e+22 1.917034249607652468e+22 1.875237929417258828e+22 1.835549090293446659e+22 1.797834094106422280e+22 1.761970949882835160e+22 1.727848101515465903e+22 1.695363361513116218e+22 1.664422971052914219e+22 1.634940769547146442e+22 1.606837459407895056e+22 1.580039953769433347e+22 1.554480796677251164e+22 1.530097646728992994e+22 1.506832816403128517e+22 1.484632860371541872e+22 1.463448206994498912e+22 1.443232827965998891e+22 1.423943941734384271e+22 1.405541746886496485e+22 1.387989182166738561e+22 1.371251710218377101e+22 1.355297122492403732e+22 1.340095363079606161e+22 1.325618369488969374e+22 1.311839928628615630e+22 1.298735546447395658e+22 1.286282329871670785e+22 1.274458879825494724e+22 1.263245194257059388e+22 1.252622580212332862e+22 1.242573574100383642e+22 1.233081869386461793e+22 1.224132251029284166e+22 1.215710536050677069e+22 1.207803519688744160e+22 1.200398926642439153e+22 1.193485366965469970e+22 1.187052296212615843e+22 1.181089979481931225e+22 1.175589459032851821e+22 1.170542525193001107e+22 1.165941690296581279e+22 1.161780165424478736e+22 1.158051839741171807e+22 1.154751262246630221e+22 1.151873625782569507e+22 1.149414753152386938e+22 1.147371085232477726e+22 1.145739670970238711e+22 1.144518159180540517e+22 1.143704792068242434e+22 1.143298400419502988e+22 1.143298400419502988e+22
1.493759640552124071e+23 1.493759640552124071e+23 1.484210127973636437e+23 1.464851168599948300e+23 1.435291500483804859e+23 1.395258828056021193e+23 1.344934870144835031e+23 1.285276340934516356e+23 1.218158993532609416e+23 1.146198930188580191e+23 1.072280389788518633e+23 9.990458928031304201e+22 9.285635310088503060e+22 8.622215211077746872e+22 8.007877897061199669e+22 7.445469211809714432e+22 6.934492588324955147e+22 6.472384795408201889e+22 6.055470726774076840e+22 5.679614245408172566e+22 5.340628176920767785e+22 5.034511930914513093e+22 4.757574151199437672e+22 4.506482969331836020e+22 4.278273188918163459e+22 4.070329578654360456e+22 3.880358295238971752e+22 3.706353670705538243e+22 3.546564517218246826e+22 3.399462179721865645e+22 3.263711402544834858e+22 3.138144394348459773e+22 3.021738094145607356e+22 2.913594441874754503e+22 2.812923365986065501e+22 2.719028171641457947e+22 2.631293018366096389e+22 2.549172198503106164e+22 2.472180957783522489e+22 2.399887631165379156e+22 2.331906897831209730e+22 2.267893987398836552e+22 2.207539694415532314e+22 2.150566079981048090e+22 2.096722758049866134e+22 2.045783679888547172e+22 1.997544343640407749e+22 1.951819367312734237e+22 1.908440373055740445e+22 1.867254138629185864e+22 1.828120978689898421e+22 1.790913324191326405e+22 1.755514472939504062e+22 1.721817488347709938e+22 1.689724226798335767e+22 1.659144476859656097e+22 1.629995196002791850e+22 1.602199832493715096e+22 1.575687721854836933e+22 1.550393548751699444e+22 1.526256866403087391e+22 1.503221666673142320e+22 1.481235994908853849e+22 1.460251604361490832e+22 1.440223645695184208e+22 1.421110387656414252e+22 1.402872965470434938e+22 1.385475153954130100e+22 1.368883162701753431e+22 1.353065451016986558e+22 1.337992560540403106e+22 1.323636963760456021e+22 1.309972926804743579e+22 1.296976385089925336e+22 1.284624830567882844e+22 1.272897209444828656e+22 1.261773829372210106e+22 1.251236275216087358e+22 1.241267332606049701e+22 1.231850918548790575e+22 1.222972018465303429e+22 1.214616629076650099e+22 1.206771706621746322e+22 1.199425119942701639e+22 1.192565608020326115e+22 1.186182741583805494e+22 1.180266888456980922e+22 1.174809182337141781e+22 1.169801494733605831e+22 1.165236409821279394e+22 1.161107201990199135e+22 1.157407815895590581e+22 1.154132848835003679e+22 1.151277535298790307e+22 1.148837733559691326e+22 1.146809914184262746e+22 1.145191150366049174e+22 1.143979109995866436e+22 1.143172049399958418e+22 1.142768808690922501e+22 1.142768808690922501e+22
1.274859469625285725e+23 1.274859469625285725e+23 1.267429240038463101e+23 1.252466467742828609e+23 1.229841324294108474e+23 1.199535298103057632e+23 1.161814844471997712e+23 1.117384658507798340e+23 1.067447350830198591e+23 1.013615145348542790e+23 9.576899928460880983e+22 9.014068410127171663e+22 8.462352089961717144e+22 7.932804944058800459e+22 7.432752605872441944e+22 6.966274265409126400e+22 6.534923435247798531e+22 6.138460456886396466e+22 5.775479897371725477e+22 5.443894728895390496e+22 5.141282897005750780e+22 4.865120254341385132e+22 4.612927659593894881e+22 4.382357104706894745e+22 4.171236570023171667e+22 3.977588130600629934e+22 3.799629507097839587e+22 3.635765952545577920e+22 3.484576986490127306e+22 3.344800838009569988e+22 3.215318348042274970e+22 3.095137351314324429e+22 2.983378089195748301e+22 2.879259910940685396e+22 2.782089342083370320e+22 2.691249494580683971e+22 2.606190736461549221e+22 2.526422511396319134e+22 2.451506189132923666e+22 2.381048828721527312e+22 2.314697743161718997e+22 2.252135763637793351e+22 2.193077112088632597e+22 2.137263801452740162e+22 2.084462492964942040e+22 2.034461749071951220e+22 1.987069628769124745e+22 1.942111579430664641e+22 1.899428585556620503e+22 1.858875540369870055e+22 1.820319810951447157e+22 1.783639971691983641e+22 1.748724684346849703e+22 1.715471705989545407e+22 1.683787008732977693e+22 1.653583997292543738e+22 1.624782812352440225e+22 1.597309709313291741e+22 1.571096503385823222e+22 1.546080073184140958e+22 1.522201915994568602e+22 1.499407748774583966e+22 1.477647149693329316e+22 1.456873235677911921e+22 1.437042371993702446e+22 1.418113910374065504e+22 1.400049952637618592e+22 1.382815137097542795e+22 1.366376445385942814e+22 1.350703027593146899e+22 1.335766043863917422e+22 1.321538520803066040e+22 1.307995221227834075e+22 1.295112525965939442e+22 1.282868326540071089e+22 1.271241927704663242e+22 1.260213958910356016e+22 1.249766293868933598e+22 1.239881977477128729e+22 1.230545159433972036e+22 1.221741033953704070e+22 1.213455785036617037e+22 1.205676536813945514e+22 1.198391308530691028e+22 1.191588973773755043e+22 1.185259223591385301e+22 1.179392533184885083e+22 1.173980131885561623e+22 1.169013976158441570e+22 1.164486725400813738e+22 1.160391720327695250e+22 1.156722963758545319e+22 1.153475103640132990e+22 1.150643418159391126e+22 1.148223802817994188e+22 1.146212759357323687e+22 1.144607386437801738e+22 1.143405371992153942e+22 1.142604987186309130e+22 1.142205081935247783e+22 1.142205081935247783e+22
1.110731908078122933e+23 1.110731908078122933e+23 1.104863894763586443e+23 1.093100554071790416e+23 1.075430059647869617e+23 1.051933025993101201e+23 1.022874343491813885e+23 9.887796005239715476e+22 9.504614807740366402e+22 9.089736926197339652e+22 8.655003743092361029e+22 8.212197651578731522e+22 7.771860486366469030e+22 7.342554040177302857e+22 6.930597633570839200e+22 6.540172465248390454e+22 6.173638466227030249e+22 5.831930720322727602e+22 5.514947416305402747e+22 5.221883736249385301e+22 4.951496183777465886e+22 4.702299272481368703e+22 4.472704518813416581e+22 4.261113963955344323e+22 4.065979767546061626e+22 3.885839528646610308e+22 3.719334854578979996e+22 3.565218762092036332e+22 3.422355914134863531e+22 3.289718481804018162e+22 3.166379526871624712e+22 3.051505160780016674e+22 2.944346288999243343e+22 2.844230443241979668e+22 2.750553997770079234e+22 2.662774929757209153e+22 2.580406195572380690e+22 2.503009739450130157e+22 2.430191117519590261e+22 2.361594701133567020e+22 2.296899413797056283e+22 2.235814952313599033e+22 2.178078442758549904e+22 2.123451484035363111e+22 2.071717535088012532e+22 2.022679605698061402e+22 1.976158214792932439e+22 1.931989584096192889e+22 1.890024038625357018e+22 1.850124588919688056e+22 1.812165672934282206e+22 1.776032038263871819e+22 1.741617747778059056e+22 1.708825293878710397e+22 1.677564808457368476e+22 1.647753357262613748e+22 1.619314308811010238e+22 1.592176769214752542e+22 1.566275075378006458e+22 1.541548339951753914e+22 1.517940042252838712e+22 1.495397660062108772e+22 1.473872337833826661e+22 1.453318587385594354e+22 1.433694017606312473e+22 1.414959090127457799e+22 1.397076898259229318e+22 1.380012966804143577e+22 1.363735070632981194e+22 1.348213070145724508e+22 1.333418761949729627e+22 1.319325743270243546e+22 1.305909288769855632e+22 1.293146238595397740e+22 1.281014896596163022e+22 1.269494937767526164e+22 1.258567324072306488e+22 1.248214227878656816e+22 1.238418962330310568e+22 1.229165918033626425e+22 1.220440505506791109e+22 1.212229102891253000e+22 1.204519008474280388e+22 1.197298397615469940e+22 1.190556283709434731e+22 1.184282482852855860e+22 1.178467581916024825e+22 1.173102909748720697e+22 1.168180511276769319e+22 1.163693124270338920e+22 1.159634158587367286e+22 1.155997677716438725e+22 1.152778382462551484e+22 1.149971596637280980e+22 1.147573254631456558e+22 1.145579890764543112e+22 1.143988630319553472e+22 1.142797182186826603e+22 1.142003833053543557e+22 1.141607443089087005e+22 1.141607443089087005e+22
9.839893615761348048e+22 9.839893615761348048e+22 9.792874031168743906e+22 9.698903529294868880e+22 9.558362969994379343e+22 9.372373676542470704e+22 9.143291698412043790e+22 8.875101084077220954e+22 8.573533963325764377e+22 8.245815311007035163e+22 7.900069179802921415e+22 7.544558231732691455e+22 7.186968627379654414e+22 6.833892795381326230e+22 6.490563699228509890e+22 6.160813444523704608e+22 5.847189049528897084e+22 5.551153358507438244e+22 5.273313611823688817e+22 5.013640293705260938e+22 4.771656668100553605e+22 4.546592063427992932e+22 4.337499566930294053e+22 4.143342565958113401e+22 3.963055887614890685e+22 3.795587225197654888e+22 3.639923830967926102e+22 3.495108534810685787e+22 3.360248245744337682e+22 3.234517308978419152e+22 3.117157455097947698e+22 3.007475584437225678e+22 2.904840258585177044e+22 2.808677498323722882e+22 2.718466290700807622e+22 2.633734068403183393e+22 2.554052327000068063e+22 2.479032478370258066e+22 2.408321993024007569e+22 2.341600853714897207e+22 2.278578323095004224e+22 2.218990015896935308e+22 2.162595258889034898e+22 2.109174717997229330e+22 2.058528270369150311e+22 2.010473098978726930e+22 1.964841988085329691e+22 1.921481799100214857e+22 1.880252107928038592e+22 1.841023986477065411e+22 1.803678912666174017e+22 1.768107794833674653e+22 1.734210097935603781e+22 1.701893060290872869e+22 1.671070990877751194e+22 1.641664638313430201e+22 1.613600623658235278e+22 1.586810930086993199e+22 1.561232443270513872e+22 1.536806537018690503e+22 1.513478699363690611e+22 1.491198194814258512e+22 1.469917758999853479e+22 1.449593322352767769e+22 1.430183759854452710e+22 1.411650664205657309e+22 1.393958140073077218e+22 1.377072617324014889e+22 1.360962681388212945e+22 1.345598919087330899e+22 1.330953778449826290e+22 1.317001441185967060e+22 1.303717706636404457e+22 1.291079886130709633e+22 1.279066706801038302e+22 1.267658223993053250e+22 1.256835741501965625e+22 1.246581738938474850e+22 1.236879805597438758e+22 1.227714580263281571e+22 1.219071696440849859e+22 1.210937732549508176e+22 1.203300166662126515e+22 1.196147335410852089e+22 1.189468396716979074e+22 1.183253296035250202e+22 1.177492735832188623e+22 1.172178148045237309e+22 1.167301669294109098e+22 1.162856118638474586e+22 1.158834977696880211e+22 1.155232372961320318e+22 1.152043060159655077e+22 1.149262410534961650e+22 1.146886398926749748e+22 1.144911593553554676e+22 1.143335147410811152e+22 1.142154791211240941e+22 1.141368827807789587e+22 1.140976128051939115e+22 1.140976128051939115e+22
8.836806046576755606e+22 8.836806046576755606e+22 8.798605496136582667e+22 8.722414642567757955e+22 8.608792415972452886e+22 8.458886014676492091e+22 8.274700455145725598e+22 8.059304851187448991e+22 7.816885605604881806e+22 7.552595829011970943e+22 7.272217625557580382e+22 6.981718203203981201e+22 6.686806805597821233e+22 6.392580463266200184e+22 6.103302875738611384e+22 5.822317673000213886e+22 5.552069517795469033e+22 5.294196147827256381e+22 5.049656577850920141e+22 4.818868881703146252e+22 4.601840402874759958e+22 4.398281277427506846e+22 4.207697908687426080e+22 4.029466608810419500e+22 3.862889514588281661e+22 3.707235645229403786e+22 3.561770054884898164e+22 3.425773766779238089e+22 3.298556765362962878e+22 3.179465886602402306e+22 3.067889044678351677e+22 2.963256890846434925e+22 2.865042722132645957e+22 2.772761239209274193e+22 2.685966585525127715e+22 2.604249974006736958e+22 2.527237114539203677e+22 2.454585587401205219e+22 2.385982258716523836e+22 2.321140798950533707e+22 2.259799340808090000e+22 2.201718295766157492e+22 2.146678336805764124e+22 2.094478547142392047e+22 2.044934729760174506e+22 1.997877869506012067e+22 1.953152737801285717e+22 1.910616629250903717e+22 1.870138219269487329e+22 1.831596532084165208e+22 1.794880008962761241e+22 1.759885667148909825e+22 1.726518340689929961e+22 1.694689995070930682e+22 1.664319108287067220e+22 1.635330111675881121e+22 1.607652884480960496e+22 1.581222296720280597e+22 1.555977795485712777e+22 1.531863030303465616e+22 1.508825513641460839e+22 1.486816313059996126e+22 1.465789771871306960e+22 1.445703255503574506e+22 1.426516921060454040e+22 1.408193507830405477e+22 1.390698146734972233e+22 1.373998186914323313e+22 1.358063037834746606e+22 1.342864025468434540e+22 1.328374261243693131e+22 1.314568522595261062e+22 1.301423144061571275e+22 1.288915917980373195e+22 1.277026003927503890e+22 1.265733846126857866e+22 1.255021098134150945e+22 1.244870554164090896e+22 1.235266086490061616e+22 1.226192588399672348e+22 1.217635922237595635e+22 1.209582872110934943e+22 1.202021100871789576e+22 1.194939111027346348e+22 1.188326209260241080e+22 1.182172474271608498e+22 1.176468727685732473e+22 1.171206507780368866e+22 1.166378045829024003e+22 1.161976244862566007e+22 1.157994660676702411e+22 1.154427484929753140e+22 1.151269530191949254e+22 1.148516216823001330e+22 1.146163561569428124e+22 1.144208167787083229e+22 1.142647217207531432e+22 1.141478463179476854e+22 1.140700225328821515e+22 1.140311385592433528e+22 1.140311385592433528e+22
8.026272575579023527e+22 8.026272575579023527e+22 7.994830913481940455e+22 7.932202860774985354e+22 7.838977698740899833e+22 7.716213270407142598e+22 7.565584077225951284e+22 7.389490019459068749e+22 7.191076969543277268e+22 6.974142168616202037e+22 6.742931775168265689e+22 6.501870633417268055e+22 6.255280433313764029e+22 6.007137304321970301e+22 5.760900452143633269e+22 5.519420826648384740e+22 5.284921287365733279e+22 5.059030376962655361e+22 4.842849693563821962e+22 4.637037335100519560e+22 4.441894361387812415e+22 4.257445864506168181e+22 4.083512111016168338e+22 3.919768020018189776e+22 3.765791033435248552e+22 3.621098434909768463e+22 3.485175621388223067e+22 3.357496931791121940e+22 3.237540542293696368e+22 3.124798749986066006e+22 3.018784749098990200e+22 2.919036791916912758e+22 2.825120437248621072e+22 2.736629429280996904e+22 2.653185619112059365e+22 2.574438237546697300e+22 2.500062746938400624e+22 2.429759437886601350e+22 2.363251889667563323e+22 2.300285378131800149e+22 2.240625288748093302e+22 2.184055573350244470e+22 2.130377275250924795e+22 2.079407137408911462e+22 2.030976301265540507e+22 1.984929098940798311e+22 1.941121938121910806e+22 1.899422276761958325e+22 1.859707683309811768e+22 1.821864977382421352e+22 1.785789445390375007e+22 1.751384125512571735e+22 1.718559156491286636e+22 1.687231184920327173e+22 1.657322825976733342e+22 1.628762172868151738e+22 1.601482350608882703e+22 1.575421110082357271e+22 1.550520458684956620e+22 1.526726324168964230e+22 1.503988248606953544e+22 1.482259109683471476e+22 1.461494866782046493e+22 1.441654329575673220e+22 1.422698947048753227e+22 1.404592615077627875e+22 1.387301500877731267e+22 1.370793882788720070e+22 1.355040004016549816e+22 1.340011939084159785e+22 1.325683471862156440e+22 1.312029984158644385e+22 1.299028353943933551e+22 1.286656862373191405e+22 1.274895108848566351e+22 1.263723933432564993e+22 1.253125345988365097e+22 1.243082461480047608e+22 1.233579440917212404e+22 1.224601437475615801e+22 1.216134547367626854e+22 1.208165765074584076e+22 1.200682942588194180e+22 1.193674752339928207e+22 1.187130653525970570e+22 1.181040861562216959e+22 1.175396320427739867e+22 1.170188677677621392e+22 1.165410261926651363e+22 1.161054062624315644e+22 1.157113711959330521e+22 1.153583468748315453e+22 1.150458204178677655e+22 1.147733389290270779e+22 1.145405084094070732e+22 1.143469928238959873e+22 1.141925133150247191e+22 1.140768475575240098e+22 1.139998292482667315e+22 1.139613477273790631e+22 1.139613477273790631e+22
7.359620074141309207e+22 7.359620074141309207e+22 7.333425826054783841e+22 7.281292756176748728e+22 7.203776471925886498e+22 7.101808360206924933e+22 6.976776934179728051e+22 6.830584408603873824e+22 6.665651049761392191e+22 6.484852097895820480e+22 6.291390349828394320e+22 6.088625053886919685e+22 5.879887672227432864e+22 5.668314530407010796e+22 5.456717720868811597e+22 5.247503778274603329e+22 5.042639052279811513e+22 4.843653742687619226e+22 4.651673550985761915e+22 4.467467931104281048e+22 4.291505715926135734e+22 4.124011354905576787e+22 3.965017397667570699e+22 3.814410833987693969e+22 3.671972343760275951e+22 3.537408458951252928e+22 3.410377192897672905e+22 3.290507961808506480e+22 3.177416706340405274e+22 3.070717092680668545e+22 2.970028585449459758e+22 2.874982073337833849e+22 2.785223613468852722e+22 2.700416753342345957e+22 2.620243795169689312e+22 2.544406288027693665e+22 2.472624968119406192e+22 2.404639315077913956e+22 2.340206850850050330e+22 2.279102275384416141e+22 2.221116508399774309e+22 2.166055687430570036e+22 2.113740157880379218e+22 2.064003479938129094e+22 2.016691469102927892e+22 1.971661281074791370e+22 1.928780547389960434e+22 1.887926565018667267e+22 1.848985540897977821e+22 1.811851890808910460e+22 1.776427590949989358e+22 1.742621579876043535e+22 1.710349208057351347e+22 1.679531732098057922e+22 1.650095850574271270e+22 1.621973278471516638e+22 1.595100357285318230e+22 1.569417697975972397e+22 1.544869854121776120e+22 1.521405022781667122e+22 1.498974770751108809e+22 1.477533784066749366e+22 1.457039638782683591e+22 1.437452591201445007e+22 1.418735385893920571e+22 1.400853079984201689e+22 1.383772882306661247e+22 1.367464006164201603e+22 1.351897534528297003e+22 1.337046296623842538e+22 1.322884754935310923e+22 1.309388901756238089e+22 1.296536164481637548e+22 1.284305318913707396e+22 1.272676409915580036e+22 1.261630678806267167e+22 1.251150496943054415e+22 1.241219304986060941e+22 1.231821557383456358e+22 1.222942671656140249e+22 1.214568982096973188e+22 1.206687697533107438e+22 1.199286862830326356e+22 1.192355323846429403e+22 1.185882695565925836e+22 1.179859333172355609e+22 1.174276305835706758e+22 1.169125373012913580e+22 1.164398963077723193e+22 1.160090154113587950e+22 1.156192656719322546e+22 1.152700798692404861e+22 1.149609511468785467e+22 1.146914318211578908e+22 1.144611323453601795e+22 1.142697204210625151e+22 1.141169202493900666e+22 1.140025119161328861e+22 1.139263309057444807e+22 1.138882677402743131e+22 1.138882677402743131e+22
6.802871455917104379e+22 6.802871455917104379e+22 6.780801968371739184e+22 6.736899339825243488e+22 6.671661589920287084e+22 6.585890651083862390e+22 6.480736549529538947e+22 6.357725634603587207e+22 6.218756973647725226e+22 6.066058006911619852e+22 5.902100659585817353e+22 5.729488936139961559e+22 5.550835157534643742e+22 5.368642808238238073e+22 5.185210152149309194e+22 5.002562557909174688e+22 4.822415190659479005e+22 4.646162946864995264e+22 4.474891793521707896e+22 4.309404827320460090e+22 4.150256832249909268e+22 3.997792277639740575e+22 3.852183080793164428e+22 3.713463753704012461e+22 3.581562612274401431e+22 3.456328508105232587e+22 3.337553068753508788e+22 3.224988751121387146e+22 3.118363178715500354e+22 3.017390295559230299e+22 2.921778866214382705e+22 2.831238810930734590e+22 2.745485806674283122e+22 2.664244521001255803e+22 2.587250783726001245e+22 2.514252944936971482e+22 2.445012618807428619e+22 2.379304971157989910e+22 2.316918674446584329e+22 2.257655626015316325e+22 2.201330503107940136e+22 2.147770210486588749e+22 2.096813262589389491e+22 2.048309131357058394e+22 2.002117582497281108e+22 1.958108016541281183e+22 1.916158826159072608e+22 1.876156777503411877e+22 1.837996420581082268e+22 1.801579531591493878e+22 1.766814588661419475e+22 1.733616281312347292e+22 1.701905053221319921e+22 1.671606677301042453e+22 1.642651861769199079e+22 1.614975885655290361e+22 1.588518262069794334e+22 1.563222427508710520e+22 1.539035455466422193e+22 1.515907792664786266e+22 1.493793016266483565e+22 1.472647610515963720e+22 1.452430761336233997e+22 1.433104167499240309e+22 1.414631867078523276e+22 1.396980077982753436e+22 1.380117051456067994e+22 1.364012937514527490e+22 1.348639661367499738e+22 1.333970809947007274e+22 1.319981527737906600e+22 1.306648421166244430e+22 1.293949470863417724e+22 1.281863951179016936e+22 1.270372356366427750e+22 1.259456332912383964e+22 1.249098617524849738e+22 1.239282980333559166e+22 1.229994172894103470e+22 1.221217880619944300e+22 1.212940679297923180e+22 1.205149995371175556e+22 1.197834069699467411e+22 1.190981924531559255e+22 1.184583333446104698e+22 1.178628794038710016e+22 1.173109503151698870e+22 1.168017334461068529e+22 1.163344818251865522e+22 1.159085123228518475e+22 1.155232040221491279e+22 1.151779967664975669e+22 1.148723898733673893e+22 1.146059410038524058e+22 1.143782651793101763e+22 1.141890339373389237e+22 1.140379746204304540e+22 1.139248697916501734e+22 1.138495567726975857e+22 1.138119273006506810e+22 1.138119273006506810e+22
6.331700994782332033e+22 6.331700994782332033e+22 6.312912090102506088e+22 6.275544837745700084e+22 6.220034520211454427e+22 6.147064383037289110e+22 6.057588941627338208e+22 5.952846709127983713e+22 5.834352944998506719e+22 5.703867058113314239e+22 5.563335052612840142e+22 5.414813094839493381e+22 5.260382126348902701e+22 5.102064482041499694e+22 4.941751855784459344e+22 4.781150682437981412e+22 4.621747305047140598e+22 4.464792137944863552e+22 4.311299916014974665e+22 4.162062099145341220e+22 4.017667369537833953e+22 3.878526607310661563e+22 3.744899462906825513e+22 3.616920443078727592e+22 3.494623155157491882e+22 3.377961947268258569e+22 3.266830624292250373e+22 3.161078223050901134e+22 3.060522020446331208e+22 2.964958053036098532e+22 2.874169471174841467e+22 2.787933056161684233e+22 2.706024210443504976e+22 2.628220699941073112e+22 2.554305391412386778e+22 2.484068191107580690e+22 2.417307356504737920e+22 2.353830322016836649e+22 2.293454152752278012e+22 2.236005717698299717e+22 2.181321654798843589e+22 2.129248184897663245e+22 2.079640818944954702e+22 2.032363992768907628e+22 1.987290655666259100e+22 1.944301832701275118e+22 1.903286175598996410e+22 1.864139513210761694e+22 1.826764409496182089e+22 1.791069734625308836e+22 1.756970253011459139e+22 1.724386230722768981e+22 1.693243063692593358e+22 1.663470927384865355e+22 1.635004448007171709e+22 1.607782394959139072e+22 1.581747393917404525e+22 1.556845659764307473e+22 1.533026748442323032e+22 1.510243326743368067e+22 1.488450959007478605e+22 1.467607909699555007e+22 1.447674960847111927e+22 1.428615243350369790e+22 1.410394081214671199e+22 1.392978847799340066e+22 1.376338833225472279e+22 1.360445122134662552e+22 1.345270481040864969e+22 1.330789254566745263e+22 1.316977269903697589e+22 1.303811748880716294e+22 1.291271227070948468e+22 1.279335479405977797e+22 1.267985451807162132e+22 1.257203198379340018e+22 1.246971823746791244e+22 1.237275430142863003e+22 1.228099068894448609e+22 1.219428695970010681e+22 1.211251131285571738e+22 1.203554021487011483e+22 1.196325805948998464e+22 1.189555685751831029e+22 1.183233595416555972e+22 1.177350177196726026e+22 1.171896757742050109e+22 1.166865326964759698e+22 1.162248518954339271e+22 1.158039594800238507e+22 1.154232427194913862e+22 1.150821486702283771e+22 1.147801829588036957e+22 1.145169087119586073e+22 1.142919456253912128e+22 1.141049691641750330e+22 1.139557098886394806e+22 1.138439529004713535e+22 1.137695374047191027e+22 1.137323563842759190e+22 1.137323563842759190e+22
5.928302001675970177e+22 5.928302001675970177e+22 5.912151212632200708e+22 5.880033612247941828e+22 5.832324894061807587e+22 5.769604836471466885e+22 5.692668845044938047e+22 5.602532244674810426e+22 5.500421655507454499e+22 5.387750156700114485e+22 5.266076307360068298e+22 5.137050482721105012e+22 5.002354426927931562e+22 4.863640839224560923e+22 4.722479181006890441e+22 4.580312165463289863e+22 4.438425215274370204e+22 4.297929127758601283e+22 4.159754637028060299e+22 4.024656637921163058e+22 3.893225486676216984e+22 3.765902873862677411e+22 3.643000108637873819e+22 3.524717114578408414e+22 3.411160911516281497e+22 3.302362782082550622e+22 3.198293666802506609e+22 3.098877591430337502e+22 3.004003112009945055e+22 2.913532880346057330e+22 2.827311500117420697e+22 2.745171875594578480e+22 2.666940262373079489e+22 2.592440221651533247e+22 2.521495662926305742e+22 2.453933139100656730e+22 2.389583535916859576e+22 2.328283276169765821e+22 2.269875139398385166e+22 2.214208780177436679e+22 2.161141012897508780e+22 2.110535917968806013e+22 2.062264813532435867e+22 2.016206127781467757e+22 1.972245199632455854e+22 1.930274029503398491e+22 1.890190997123852822e+22 1.851900559428279285e+22 1.815312938493469209e+22 1.780343807030319907e+22 1.746913977005522708e+22 1.714949095451680309e+22 1.684379350340219594e+22 1.655139188472938496e+22 1.627167046642059916e+22 1.600405096768554507e+22 1.574799005321652077e+22 1.550297707018171764e+22 1.526853192577629920e+22 1.504420310149268452e+22 1.482956579916040949e+22 1.462422021307387137e+22 1.442778992207715526e+22 1.423992039524473294e+22 1.406027760473094907e+22 1.388854673941072970e+22 1.372443101307631934e+22 1.356765056115072303e+22 1.341794142012315166e+22 1.327505458417773629e+22 1.313875513376950033e+22 1.300882143119138619e+22 1.288504437846398154e+22 1.276722673316505269e+22 1.265518247809300981e+22 1.254873624092555503e+22 1.244772276028972623e+22 1.235198639490576312e+22 1.226138067269579073e+22 1.217576787697024893e+22 1.209501866701045209e+22 1.201901173056088939e+22 1.194763346592953637e+22 1.188077769156675292e+22 1.181834538115733127e+22 1.176024442241304389e+22 1.170638939789871966e+22 1.165670138636067353e+22 1.161110778315650000e+22 1.156954213850689411e+22 1.153194401240637558e+22 1.149825884513987094e+22 1.146843784245723896e+22 1.144243787455886315e+22 1.142022138813999586e+22 1.140175633083604874e+22 1.138701608749880469e+22 1.137597942782004665e+22 1.136863046490483012e+22 1.136495862447635798e+22 1.136495862447635798e+22
5.579381404079977660e+22 5.579381404079977660e+22 5.565374062484454690e+22 5.537518595344238536e+22 5.496137463790983080e+22 5.441722525630226393e+22 5.374939969593293563e+22 5.296630110456322300e+22 5.207798580391493553e+22 5.109596867599912036e+22 5.003292167537937298e+22 4.890228579024930603e+22 4.771783249694447528e+22 4.649321796421936795e+22 4.524157133185715746e+22 4.397514930782042744e+22 4.270507650243903881e+22 4.144117777907771349e+22 4.019189795755597706e+22 3.896429671020183631e+22 3.776410258443456427e+22 3.659580919320965389e+22 3.546279784387050891e+22 3.436747332542693953e+22 3.331140250483048841e+22 3.229544827819283972e+22 3.131989397891974798e+22 3.038455542430085782e+22 2.948887936194557510e+22 2.863202820113126602e+22 2.781295165676187550e+22 2.703044637851215567e+22 2.628320486288056438e+22 2.556985501764245730e+22 2.488899171924863196e+22 2.423920161376190857e+22 2.361908228944505183e+22 2.302725681362927354e+22 2.246238449069685578e+22 2.192316856958631228e+22 2.140836151236926164e+22 2.091676833199189446e+22 2.044724841752771428e+22 1.999871618867157323e+22 1.957014085659918965e+22 1.916054551439979472e+22 1.876900573567371759e+22 1.839464782323042275e+22 1.803664681988878500e+22 1.769422436908654815e+22 1.736664649336795378e+22 1.705322134303797779e+22 1.675329695464011963e+22 1.646625904885065423e+22 1.619152888941139460e+22 1.592856121843170830e+22 1.567684227846113329e+22 1.543588792789983298e+22 1.520524185334578990e+22 1.498447388021095190e+22 1.477317838122605399e+22 1.457097278117792396e+22 1.437749615529150539e+22 1.419240791801427552e+22 1.401538659851180389e+22 1.384612869890527514e+22 1.368434763112267960e+22 1.352977272818353413e+22 1.338214832574615572e+22 1.324123290982143964e+22 1.310679832666193055e+22 1.297862905097513809e+22 1.285652150876370266e+22 1.274028345126448792e+22 1.262973337663504489e+22 1.252469999621150605e+22 1.242502174234014174e+22 1.233054631496321388e+22 1.224113026430681481e+22 1.215663860718932433e+22 1.207694447462514373e+22 1.200192878855817108e+22 1.193147996570205867e+22 1.186549364661026397e+22 1.180387244823133395e+22 1.174652573833518855e+22 1.169336943031809684e+22 1.164432579701176166e+22 1.159932330223423246e+22 1.155829644892497668e+22 1.152118564281165388e+22 1.148793707065012073e+22 1.145850259217548994e+22 1.143283964499111969e+22 1.141091116170787527e+22 1.139268549873198170e+22 1.137813637617835154e+22 1.136724282846666031e+22 1.135998916523393548e+22 1.135636494227182977e+22 1.135636494227182977e+22
5.274840635340638441e+22 5.274840635340638441e+22 5.262591616434221089e+22 5.238230819492580662e+22 5.202034622947616673e+22 5.154421157634606576e+22 5.095951577779238496e+22 5.027327568799841911e+22 4.949382950179127165e+22 4.863068091804879212e+22 4.769427093280176210e+22 4.669568962992411351e+22 4.564635058104255591e+22 4.455765586521263964e+22 4.344067962042456421e+22 4.230589329698688336e+22 4.116294819578854244e+22 4.002052245968274850e+22 3.888623209987186046e+22 3.776659988902138243e+22 3.666707238682902082e+22 3.559207382984201496e+22 3.454508567896656550e+22 3.352874174598762778e+22 3.254493052297210652e+22 3.159489822902250897e+22 3.067934790378679645e+22 2.979853146401708337e+22 2.895233293189563757e+22 2.814034203399845996e+22 2.736191808444971142e+22 2.661624454854639354e+22 2.590237498198077525e+22 2.521927120124624083e+22 2.456583460222547263e+22 2.394093153815968822e+22 2.334341361980723220e+22 2.277213372773744771e+22 2.222595844224067410e+22 2.170377750894854590e+22 2.120451087351278889e+22 2.072711373989059599e+22 2.027058003563453507e+22 1.983394460471985281e+22 1.941628439383177272e+22 1.901671885119980726e+22 1.863440971734536579e+22 1.826856035369894701e+22 1.791841472715631991e+22 1.758325614552034155e+22 1.726240581968986951e+22 1.695522131280267313e+22 1.666109492373965557e+22 1.637945204198951459e+22 1.610974950243263998e+22 1.585147396179729423e+22 1.560414031306724632e+22 1.536729014974175144e+22 1.514049028836659351e+22 1.492333135499037036e+22 1.471542643903346770e+22 1.451640981636029140e+22 1.432593574203212431e+22 1.414367731221870412e+22 1.396932539398725042e+22 1.380258762113248395e+22 1.364318745380611372e+22 1.349086329943196330e+22 1.334536769220894523e+22 1.320646652840637576e+22 1.307393835460857745e+22 1.294757370607456328e+22 1.282717449240989558e+22 1.271255342781998249e+22 1.260353350328897661e+22 1.249994749813457315e+22 1.240163752848841612e+22 1.230845463036962223e+22 1.222025837513336160e+22 1.213691651519459361e+22 1.205830465804493128e+22 1.198430596669783828e+22 1.191481088481095477e+22 1.184971688484653131e+22 1.178892823774106118e+22 1.173235580265855504e+22 1.167991683550591477e+22 1.163153481498651892e+22 1.158713928506368695e+22 1.154666571279626351e+22 1.151005536060007514e+22 1.147725517206989675e+22 1.144821767058334574e+22 1.142290086998532162e+22 1.140126819672965880e+22 1.138328842292972382e+22 1.136893560984269593e+22 1.135818906138346678e+22 1.135103328733348495e+22 1.134745797597876506e+22 1.134745797597876506e+22
5.006886851173252963e+22 5.006886851173252963e+22 4.996093133265990530e+22 4.974623932243843115e+22 4.942716400672990193e+22 4.900727240944301113e+22 4.849132003151397152e+22 4.788521543645462213e+22 4.719594310225577692e+22 4.643143651880459043e+22 4.560040118173392542e+22 4.471209530132046388e+22 4.377608280035606449e+22 4.280197711770206549e+22 4.179919492067606554e+22 4.077673639288830217e+22 3.974300425562546084e+22 3.870566828474087820e+22 3.767157687300499964e+22 3.664671290833632651e+22 3.563618825716816570e+22 3.464426949586535947e+22 3.367442703645349721e+22 3.272940015260066749e+22 3.181127131638254482e+22 3.092154443305184553e+22 3.006122280196075264e+22 2.923088379794303851e+22 2.843074828000959241e+22 2.766074356021883149e+22 2.692055940333721512e+22 2.620969699432278996e+22 2.552751113179092537e+22 2.487324611010944723e+22 2.424606586798351791e+22 2.364507903128277877e+22 2.306935948220630565e+22 2.251796306124923417e+22 2.198994096459942671e+22 2.148435034611410744e+22 2.100026257592057804e+22 2.053676955091453818e+22 2.009298839856889201e+22 1.966806486590352156e+22 1.926117564094367348e+22 1.887152981467824810e+22 1.849836965729274534e+22 1.814097085297615648e+22 1.779864231244329910e+22 1.747072566102321424e+22 1.715659448223843274e+22 1.685565338181632524e+22 1.656733692459503688e+22 1.629110848643938648e+22 1.602645905475178280e+22 1.577290600413549874e+22 1.552999186802103917e+22 1.529728312236338210e+22 1.507436899370414794e+22 1.486086030079110100e+22 1.465638833645489540e+22 1.446060379443237277e+22 1.427317574422675797e+22 1.409379065582175702e+22 1.392215147506195602e+22 1.375797674973255329e+22 1.360099980576440294e+22 1.345096797253006682e+22 1.330764185585611860e+22 1.317079465712618045e+22 1.304021153667451611e+22 1.291568901955947961e+22 1.279703444173924965e+22 1.268406543464484622e+22 1.257660944614781721e+22 1.247450329594527849e+22 1.237759276342842701e+22 1.228573220615603670e+22 1.219878420712206526e+22 1.211661924907861882e+22 1.203911541425563920e+22 1.196615810789861963e+22 1.189763980413155410e+22 1.183345981273375821e+22 1.177352406550635453e+22 1.171774492098644306e+22 1.166604098634919602e+22 1.161833695542053437e+22 1.157456346180125878e+22 1.153465694618104994e+22 1.149855953699819487e+22 1.146621894367139961e+22 1.143758836170551303e+22 1.141262638903996711e+22 1.139129695307887437e+22 1.137356924790801170e+22 1.135941768126857531e+22 1.134882183092212492e+22 1.134176641010338523e+22 1.133824124182033177e+22 1.133824124182033177e+22
4.769421056583380920e+22 4.769421056583380920e+22 4.759841823224668933e+22 4.740785382917532549e+22 4.712455794818111924e+22 4.675158703467447452e+22 4.629299633809584764e+22 4.575380086290663447e+22 4.513990597706001888e+22 4.445800268625271901e+22 4.371542745202837527e+22 4.291999170346194515e+22 4.207979069924138444e+22 4.120300424187368335e+22 4.029770251057971698e+22 3.937166906527619586e+22 3.843225038174401069e+22 3.748623780378177228e+22 3.653978422845232697e+22 3.559835470815760587e+22 3.466670777425536745e+22 3.374890276735545875e+22 3.284832774514978849e+22 3.196774247902421713e+22 3.110933145717595072e+22 3.027476250055171847e+22 2.946524741423803138e+22 2.868160192619234512e+22 2.792430293203643741e+22 2.719354172708959866e+22 2.648927244829828579e+22 2.581125536977616319e+22 2.515909500726233426e+22 2.453227320497088443e+22 2.393017752067050675e+22 2.335212530828664478e+22 2.279738393686237302e+22 2.226518759289559764e+22 2.175475109996326709e+22 2.126528116292698767e+22 2.079598540966746443e+22 2.034607956540465034e+22 1.991479305608803595e+22 1.950137330000976046e+22 1.910508891184611249e+22 1.872523201143260368e+22 1.836111980098437618e+22 1.801209554922061693e+22 1.767752909880784899e+22 1.735681699447454879e+22 1.704938231279391447e+22 1.675467426070152820e+22 1.647216759800335014e+22 1.620136192917747899e+22 1.594178090141780594e+22 1.569297133888053287e+22 1.545450233727644651e+22 1.522596433812081607e+22 1.500696819795432676e+22 1.479714426455189776e+22 1.459614146942491584e+22 1.440362644370220909e+22 1.421928266266249370e+22 1.404280962271833542e+22 1.387392205345798069e+22 1.371234916639314228e+22 1.355783394129389971e+22 1.341013245038219074e+22 1.326901322017697432e+22 1.313425663041282559e+22 1.300565434916825727e+22 1.288300880312928515e+22 1.276613268175703769e+22 1.265484847402222774e+22 1.254898803629934982e+22 1.244839218997483065e+22 1.235291034731125775e+22 1.226240016411251651e+22 1.217672721775905158e+22 1.209576470921358397e+22 1.201939318764158006e+22 1.194750029633988172e+22 1.187998053872226953e+22 1.181673506317030497e+22 1.175767146561794159e+22 1.170270360880307346e+22 1.165175145718302428e+22 1.160474092657510344e+22 1.156160374764878587e+22 1.152227734245915964e+22 1.148670471327654609e+22 1.145483434302694123e+22 1.142662010672292613e+22 1.140202119332248315e+22 1.138100203751515724e+22 1.136353226099160567e+22 1.134958662281181790e+22 1.133914497854335877e+22 1.133219224789685423e+22 1.132871839064213212e+22 1.132871839064213212e+22
4.557608615056802578e+22 4.557608615056802578e+22 4.549050670478411170e+22 4.532023087846202645e+22 4.506702124025471461e+22 4.473350984005183131e+22 4.432317666582183333e+22 4.384031065887485408e+22 4.328994806960039238e+22 4.267778508930472005e+22 4.201006484096274557e+22 4.129344226936368398e+22 4.053483351275397448e+22 3.974125838051754535e+22 3.891968529574358994e+22 3.807688749016791227e+22 3.721931762309833268e+22 3.635300574540069654e+22 3.548348308241670524e+22 3.461573183626798118e+22 3.375415935879722775e+22 3.290259374125370625e+22 3.206429711459114025e+22 3.124199268694670023e+22 3.043790165393502162e+22 2.965378648341438320e+22 2.889099758956070306e+22 2.815052098224072006e+22 2.743302504185944919e+22 2.673890508510870267e+22 2.606832483053558825e+22 2.542125423610269847e+22 2.479750346524671869e+22 2.419675295056989782e+22 2.361857967540826590e+22 2.306247989423616557e+22 2.252788857390019641e+22 2.201419586864221782e+22 2.152076095091151733e+22 2.104692351374387577e+22 2.059201324419863124e+22 2.015535754498587754e+22 1.973628775589965778e+22 1.933414410008824853e+22 1.894827955396854940e+22 1.857806281463429281e+22 1.822288051549161652e+22 1.788213881983965803e+22 1.755526450330962022e+22 1.724170561945414192e+22 1.694093182822721467e+22 1.665243445445836931e+22 1.637572633253657549e+22 1.611034148418134160e+22 1.585583466821725664e+22 1.561178083450855778e+22 1.537777450849380650e+22 1.515342912794694517e+22 1.493837634954233224e+22 1.473226533941950808e+22 1.453476205911122903e+22 1.434554855585319643e+22 1.416432226433473970e+22 1.399079532534246985e+22 1.382469392541356445e+22 1.366575766052593153e+22 1.351373892595813555e+22 1.336840233372616124e+22 1.322952415841507449e+22 1.309689181175222475e+22 1.297030334589276940e+22 1.284956698508979601e+22 1.273450068519415500e+22 1.262493172024913953e+22 1.252069629531765971e+22 1.242163918458267160e+22 1.232761339369986248e+22 1.223847984534060112e+22 1.215410708684619960e+22 1.207437101890967437e+22 1.199915464421328657e+22 1.192834783497044781e+22 1.186184711834894441e+22 1.179955547878958983e+22 1.174138217627374741e+22 1.168724257963836965e+22 1.163705801408390575e+22 1.159075562207045275e+22 1.154826823684752985e+22 1.150953426791461342e+22 1.147449759776169263e+22 1.144310748929072510e+22 1.141531850337193191e+22 1.139109042603879196e+22 1.137038820487943999e+22 1.135318189423033162e+22 1.133944660883119958e+22 1.132916248564810855e+22 1.132231465362192230e+22 1.131889321114921756e+22 1.131889321114921756e+22
4.367572429740663059e+22 4.367572429740663059e+22 4.359879395852297018e+22 4.344570061370452188e+22 4.321797357190609109e+22 4.291789157229805332e+22 4.254845985669224228e+22 4.211337313945585818e+22 4.161696122885865105e+22 4.106411546670834647e+22 4.046019622360669015e+22 3.981092399047362426e+22 3.912225868290873256e+22 3.840027324018671485e+22 3.765102823102623829e+22 3.688045393933736555e+22 3.609424542816824774e+22 3.529777461087012756e+22 3.449602167420146732e+22 3.369352655302251931e+22 3.289435974004989179e+22 3.210211063675019382e+22 3.131989094804607730e+22 3.055035027175487465e+22 2.979570097510324109e+22 2.905774961068417535e+22 2.833793242738053454e+22 2.763735291167232963e+22 2.695681969880345608e+22 2.629688358388855158e+22 2.565787271631665627e+22 2.503992536405101039e+22 2.444301988334165767e+22 2.386700172536852775e+22 2.331160745927382558e+22 2.277648589758325483e+22 2.226121648233536868e+22 2.176532513531199331e+22 2.128829779988428777e+22 2.082959191057138870e+22 2.038864602390385499e+22 1.996488783417700463e+22 1.955774078291503428e+22 1.916662945343632887e+22 1.879098392331954212e+22 1.843024322889907175e+22 1.808385807787304472e+22 1.775129292915253602e+22 1.743202754347027084e+22 1.712555809413005312e+22 1.683139791463160952e+22 1.654907794870749259e+22 1.627814695848537122e+22 1.601817153792179909e+22 1.576873597123913633e+22 1.552944196970109259e+22 1.529990831458405161e+22 1.507977042951220389e+22 1.486867990134036156e+22 1.466630396538620215e+22 1.447232496794563982e+22 1.428643981662067727e+22 1.410835942695149083e+22 1.393780817214662561e+22 1.377452334128062634e+22 1.361825461014126133e+22 1.346876352792385448e+22 1.332582302215246866e+22 1.318921692353560104e+22 1.305873951191188111e+22 1.293419508398945835e+22 1.281539754321855382e+22 1.270217001184166255e+22 1.259434446493314974e+22 1.249176138605507536e+22 1.239426944401426665e+22 1.230172519009890389e+22 1.221399277509389425e+22 1.213094368531991809e+22 1.205245649690581113e+22 1.197841664748723739e+22 1.190871622451691572e+22 1.184325376937872379e+22 1.178193409651306083e+22 1.172466812678035630e+22 1.167137273431882885e+22 1.162197060618261050e+22 1.157639011408277196e+22 1.153456519759007842e+22 1.149643525819923117e+22 1.146194506369470982e+22 1.143104466230117925e+22 1.140368930614338073e+22 1.137983938358480260e+22 1.135946036005704198e+22 1.134252272703549892e+22 1.132900195886129427e+22 1.131887847715123075e+22 1.131213762258238282e+22 1.130876963387986464e+22 1.130876963387986464e+22
4.196170222456415453e+22 4.196170222456415453e+22 4.189214455041669831e+22 4.175369900714498405e+22 4.154769910782590399e+22 4.127612872164774196e+22 4.094159945484434250e+22 4.054731643663625381e+22 4.009703051658472194e+22 3.959497582747270408e+22 3.904579305462957919e+22 3.845444031045627911e+22 3.782609494584869257e+22 3.716605068340312513e+22 3.647961496969628405e+22 3.577201137159014397e+22 3.504829124982567286e+22 3.431325797497101405e+22 3.357140578423229802e+22 3.282687418619588195e+22 3.208341774423072493e+22 3.134439020009219739e+22 3.061274128008403852e+22 2.989102415812377130e+22 2.918141140514541404e+22 2.848571728777077955e+22 2.780542444085634191e+22 2.714171318049043802e+22 2.649549200547944543e+22 2.586742812473565800e+22 2.525797712302242057e+22 2.466741112433916091e+22 2.409584502367150146e+22 2.354326053176673200e+22 2.300952791526867049e+22 2.249442541935237739e+22 2.199765643633655336e+22 2.151886453641276555e+22 2.105764651023275655e+22 2.061356359186689452e+22 2.018615103823519993e+22 1.977492624057842847e+22 1.937939553735553529e+22 1.899905988806996027e+22 1.863341955544024875e+22 1.828197793013998132e+22 1.794424461885567297e+22 1.761973790319061447e+22 1.730798666436515253e+22 1.700853185693454487e+22 1.672092760401142560e+22 1.644474197676829494e+22 1.617955751230749802e+22 1.592497151629040235e+22 1.568059618993526066e+22 1.544605861506971599e+22 1.522100062576778307e+22 1.500507859063398623e+22 1.479796312595279905e+22 1.459933875661212064e+22 1.440890353887839099e+22 1.422636865668536022e+22 1.405145800104234870e+22 1.388390774041947511e+22 1.372346588849239595e+22 1.356989187438188220e+22 1.342295611947169821e+22 1.328243962401007023e+22 1.314813356596181284e+22 1.301983891396528544e+22 1.289736605573790564e+22 1.278053444285493359e+22 1.266917225247881245e+22 1.256311606633567565e+22 1.246221056700720769e+22 1.236630825142344640e+22 1.227526916129674389e+22 1.218896063012632160e+22 1.210725704631514353e+22 1.203003963188034352e+22 1.195719623619272455e+22 1.188862114415227856e+22 1.182421489819263277e+22 1.176388413350170172e+22 1.170754142584946504e+22 1.165510515142614109e+22 1.160649935811079098e+22 1.156165364761212066e+22 1.152050306794929101e+22 1.148298801576896627e+22 1.144905414802595748e+22 1.141865230258840325e+22 1.139173842736078494e+22 1.136827351755618727e+22 1.134822356078237739e+22 1.133155948964431790e+22 1.131825714160305229e+22 1.130829722586613547e+22 1.130166529712407236e+22 1.129835173598330041e+22 1.129835173598330041e+22
4.040830476710322792e+22 4.040830476710322792e+22 4.034506956819758527e+22 4.021918674080305984e+22 4.003182518448060105e+22 3.978472191630778984e+22 3.948016062863387079e+22 3.912094057602672597e+22 3.871033459696161364e+22 3.825203572650491144e+22 3.775009280226965533e+22 3.720883653563780589e+22 3.663279852070315124e+22 3.602662641336130837e+22 3.539499891718424101e+22 3.474254421921046829e+22 3.407376515722037428e+22 3.339297375491482190e+22 3.270423694669752199e+22 3.201133444753985739e+22 3.131772890751890253e+22 3.062654779855263393e+22 2.994057595415014303e+22 2.926225733385500964e+22 2.859370440195657695e+22 2.793671346975653495e+22 2.729278441978194821e+22 2.666314337519202940e+22 2.604876706757686067e+22 2.545040786595780336e+22 2.486861863971062809e+22 2.430377682497407497e+22 2.375610723962702738e+22 2.322570334205688100e+22 2.271254675267720629e+22 2.221652495557221312e+22 2.173744717310445224e+22 2.127505846186056614e+22 2.082905211713685868e+22 2.039908049845603009e+22 1.998476440322035627e+22 1.958570112207023610e+22 1.920147130996176925e+22 1.883164480314520738e+22 1.847578550550659282e+22 1.813345545921889095e+22 1.780421820515214793e+22 1.748764152862350927e+22 1.718329967625796531e+22 1.689077512027664862e+22 1.660965993762923322e+22 1.633955686313752317e+22 1.608008006829577391e+22 1.583085571057419656e+22 1.559152229198679612e+22 1.536173086029054057e+22 1.514114508141083650e+22 1.492944120751289952e+22 1.472630796148427194e+22 1.453144635542293447e+22 1.434456945797496413e+22 1.416540212299294153e+22 1.399368068994502230e+22 1.382915266475237520e+22 1.367157638823438975e+22 1.352072069806163388e+22 1.337636458902955491e+22 1.323829687554218027e+22 1.310631585941347841e+22 1.298022900543725450e+22 1.285985262662013944e+22 1.274501158051138817e+22 1.263553897767415002e+22 1.253127590302470426e+22 1.243207115049902958e+22 1.233778097129195045e+22 1.224826883573661512e+22 1.216340520875083799e+22 1.208306733866507305e+22 1.200713905915965735e+22 1.193551060397141367e+22 1.186807843398158490e+22 1.180474507626298107e+22 1.174541897464150596e+22 1.169001435131675463e+22 1.163845107908237853e+22 1.159065456369205248e+22 1.154655563592533593e+22 1.150609045292405962e+22 1.146920040838718082e+22 1.143583205123403284e+22 1.140593701237046431e+22 1.137947193921786138e+22 1.135639843769354394e+22 1.133668302135918749e+22 1.132029706748438983e+22 1.130721677980252871e+22 1.129742315776821638e+22 1.129090197215517239e+22 1.128764374686754459e+22 1.128764374686754459e+22
3.899429959339512483e+22 3.899429959339512483e+22 3.893651633691679733e+22 3.882146794649021317e+22 3.865018460514066157e+22 3.842419597797285167e+22 3.814551133874253359e+22 3.781659152972899995e+22 3.744031207148752994e+22 3.701991719691479522e+22 3.655896524160063504e+22 3.606126656832556918e+22 3.553081591021043502e+22 3.497172156830679931e+22 3.438813421284257432e+22 3.378417807692995022e+22 3.316388710865004239e+22 3.253114821192067108e+22 3.188965313173537161e+22 3.124285990568577729e+22 3.059396418458370022e+22 2.994588017764436279e+22 2.930123053861111543e+22 2.866234419468641187e+22 2.803126092935707020e+22 2.740974145019465590e+22 2.679928168324471036e+22 2.620113011368691080e+22 2.561630711552324875e+22 2.504562536128821854e+22 2.448971056004280929e+22 2.394902192619639957e+22 2.342387192475764235e+22 2.291444496552655271e+22 2.242081482715464886e+22 2.194296068150709033e+22 2.148078166025035789e+22 2.103410996075575221e+22 2.060272252935792807e+22 2.018635138898905478e+22 1.978469269739158267e+22 1.939741463351711393e+22 1.902416421509569236e+22 1.866457315123370603e+22 1.831826283150617189e+22 1.798484854836127859e+22 1.766394304355553929e+22 1.735515946238696699e+22 1.705811379216187602e+22 1.677242685395279702e+22 1.649772590950947540e+22 1.623364593834517542e+22 1.597983063362335094e+22 1.573593315957609280e+22 1.550161670781766153e+22 1.527655488507575324e+22 1.506043196052271530e+22 1.485294299703585381e+22 1.465379388730542496e+22 1.446270131270848401e+22 1.427939264024114574e+22 1.410360577050616739e+22 1.393508894776252328e+22 1.377360054131387636e+22 1.361890880602181625e+22 1.347079162844232968e+22 1.332903626398073723e+22 1.319343906951313070e+22 1.306380523511272492e+22 1.293994851783244618e+22 1.282169097990863166e+22 1.270886273325509221e+22 1.260130169170048529e+22 1.249885333206894798e+22 1.240137046491202060e+22 1.230871301545430876e+22 1.222074781511443913e+22 1.213734840379673831e+22 1.205839484301345607e+22 1.198377353979121526e+22 1.191337708122665910e+22 1.184710407949127359e+22 1.178485902703402680e+22 1.172655216169358197e+22 1.167209934140596027e+22 1.162142192817792877e+22 1.157444668098816351e+22 1.153110565727843752e+22 1.149133612269936470e+22 1.145508046878700418e+22 1.142228613825728558e+22 1.139290555762320867e+22 1.136689607685688001e+22 1.134421991584059884e+22 1.132484411737156197e+22 1.130874050651059179e+22 1.129588565608815080e+22 1.128626085820712878e+22 1.127985210160770869e+22 1.127665005478625778e+22 1.127665005478625778e+22
3.770201145677435424e+22 3.770201145677435424e+22 3.764895340278100210e+22 3.754329664125317153e+22 3.738595414530705693e+22 3.717828079764430966e+22 3.692205520746739191e+22 3.661945455489731632e+22 3.627302210608030758e+22 3.588562737258070802e+22 3.546041935462583291e+22 3.500077383596933068e+22 3.451023620328904458e+22 3.399246166542901261e+22 3.345115498845961191e+22 3.289001191213478445e+22 3.231266427422407813e+22 3.172263057072884967e+22 3.112327326957866634e+22 3.051776372799285336e+22 2.990905509215919617e+22 2.929986312589871048e+22 2.869265455317082178e+22 2.808964222434016651e+22 2.749278623223705187e+22 2.690380000567718262e+22 2.632416038321225990e+22 2.575512070311782017e+22 2.519772602077880412e+22 2.465282966655209780e+22 2.412111047285957408e+22 2.360309011833962050e+22 2.309915015174315573e+22 2.260954836378300344e+22 2.213443426834193790e+22 2.167386353396986413e+22 2.122781127235591157e+22 2.079618414315555311e+22 2.037883127545215739e+22 1.997555403670497840e+22 1.958611470189268776e+22 1.921024409023159468e+22 1.884764824575681547e+22 1.849801424246283226e+22 1.816101519569843755e+22 1.783631455999529635e+22 1.752356979023307552e+22 1.722243543858515070e+22 1.693256575452148505e+22 1.665361684960986425e+22 1.638524848322970963e+22 1.612712551976429578e+22 1.587891910251729073e+22 1.564030758458046913e+22 1.541097725221865416e+22 1.519062287205905990e+22 1.497894808948164683e+22 1.477566570209956017e+22 1.458049782907528230e+22 1.439317599422187045e+22 1.421344113836025499e+22 1.404104357421694478e+22 1.387574289523062866e+22 1.371730784795279701e+22 1.356551617626717867e+22 1.342015444437698399e+22 1.328101784440635025e+22 1.314790999350897227e+22 1.302064272455371011e+22 1.289903587375189066e+22 1.278291706798411035e+22 1.267212151406813250e+22 1.256649179176812675e+22 1.246587765197188471e+22 1.237013582114621437e+22 1.227912981291550848e+22 1.219272974738362938e+22 1.211081217863579809e+22 1.203325993070168218e+22 1.195996194213613850e+22 1.189081311926982122e+22 1.182571419810169828e+22 1.176457161473817733e+22 1.170729738423489056e+22 1.165380898765786422e+22 1.160402926715477898e+22 1.155788632880612324e+22 1.151531345301894647e+22 1.147624901221703221e+22 1.144063639558466778e+22 1.140842394062544699e+22 1.137956487130616588e+22 1.135401724256654354e+22 1.133174389099181428e+22 1.131271239145908024e+22 1.129689501958690728e+22 1.128426871983709146e+22 1.127481507913673159e+22 1.126852030591030159e+22 1.126537521443205494e+22 1.126537521443205494e+22
3.651661443622437388e+22 3.651661443622437388e+22 3.646767079637581929e+22 3.637019299541840770e+22 3.622499468256207490e+22 3.603328289775976605e+22 3.579664155171721576e+22 3.551700889392696525e+22 3.519664881983160110e+22 3.483811611288733431e+22 3.444421605412169371e+22 3.401795921186585051e+22 3.356251258988055337e+22 3.308114860794721390e+22 3.257719357279236522e+22 3.205397734582857708e+22 3.151478582582306039e+22 3.096281765644289337e+22 3.040114627155451078e+22 2.983268804292210642e+22 2.926017693360698320e+22 2.868614571903947689e+22 2.811291354130469093e+22 2.754257932611565807e+22 2.697702042259598134e+22 2.641789572220078732e+22 2.586665246818543914e+22 2.532453597101860428e+22 2.479260148659300336e+22 2.427172758165088161e+22 2.376263039423863377e+22 2.326587828759075960e+22 2.278190648688509977e+22 2.231103137490925099e+22 2.185346420161880313e+22 2.140932403200774269e+22 2.097864981590281971e+22 2.056141151228926519e+22 2.015752024015276029e+22 1.976683745852077480e+22 1.938918320147519662e+22 1.902434341054932268e+22 1.867207641821017748e+22 1.833211864310340387e+22 1.800418956130440027e+22 1.768799601878150991e+22 1.738323594929345082e+22 1.708960155956983680e+22 1.680678204030240109e+22 1.653446585755548988e+22 1.627234267496410042e+22 1.602010495272448583e+22 1.577744926505273446e+22 1.554407737359294110e+22 1.531969709027621025e+22 1.510402295940579433e+22 1.489677678529962259e+22 1.469768802867015687e+22 1.450649409206048994e+22 1.432294051207699864e+22 1.414678107384899751e+22 1.397777786108764593e+22 1.381570125329066466e+22 1.366032988002605597e+22 1.351145054081023528e+22 1.336885809785097054e+22 1.323235534783847281e+22 1.310175287801977137e+22 1.297686891096761487e+22 1.285752914174454582e+22 1.274356657054217667e+22 1.263482133334937358e+22 1.253114053274384938e+22 1.243237807051394515e+22 1.233839448348260146e+22 1.224905678362421022e+22 1.216423830332441729e+22 1.208381854643176394e+22 1.200768304558067470e+22 1.193572322612450689e+22 1.186783627690079211e+22 1.180392502795539002e+22 1.174389783527393591e+22 1.168766847250851063e+22 1.163515602963663946e+22 1.158628481845362793e+22 1.154098428476991629e+22 1.149918892716696430e+22 1.146083822215047938e+22 1.142587655553299356e+22 1.139425315987677774e+22 1.136592205782797045e+22 1.134084201117941078e+22 1.131897647550638011e+22 1.130029356023148446e+22 1.128476599398473662e+22 1.127237109514125915e+22 1.126309074743170852e+22 1.125691138053821484e+22 1.125382395560413941e+22 1.125382395560413941e+22
3.542558508187809481e+22 3.542558508187809481e+22 3.538023922854473708e+22 3.528991458066644651e+22 3.515534037477890405e+22 3.497759817385915082e+22 3.475810690602802715e+22 3.449860267216570679e+22 3.420111330479971710e+22 3.386792784650581941e+22 3.350156136456762740e+22 3.310471579664899480e+22 3.268023779013220421e+22 3.223107471701519316e+22 3.176023018629241399e+22 3.127072041866489129e+22 3.076553279080141475e+22 3.024758770824277236e+22 2.971970474766033433e+22 2.918457374669935319e+22 2.864473124050135155e+22 2.810254237326735154e+22 2.756018817075591407e+22 2.701965785897639294e+22 2.648274576251358387e+22 2.595105221415062733e+22 2.542598785252324698e+22 2.490878067013144543e+22 2.440048519227732971e+22 2.390199320997571173e+22 2.341404554861359609e+22 2.293724442207244308e+22 2.247206599337507081e+22 2.201887283324348321e+22 2.157792603404902387e+22 2.114939679648556830e+22 2.073337735873719121e+22 2.032989118257637727e+22 1.993890234780854151e+22 1.956032413627414322e+22 1.919402680992152315e+22 1.883984460507792592e+22 1.849758197781458479e+22 1.816701914403997483e+22 1.784791696341270633e+22 1.754002121902542710e+22 1.724306634565212334e+22 1.695677865868547798e+22 1.668087913411388427e+22 1.641508578735878151e+22 1.615911569576218644e+22 1.591268670620794723e+22 1.567551886592770363e+22 1.544733561111243548e+22 1.522786474460669018e+22 1.501683923076599985e+22 1.481399783254819393e+22 1.461908561311190483e+22 1.443185432161864280e+22 1.425206268058328157e+22 1.407947658998802127e+22 1.391386926145303111e+22 1.375502129404086688e+22 1.360272070173630923e+22 1.345676290128407744e+22 1.331695066786361980e+22 1.318309406502041105e+22 1.305501035434210230e+22 1.293252388955285042e+22 1.281546599898928067e+22 1.270367485980116097e+22 1.259699536668434996e+22 1.249527899748859222e+22 1.239838367764136434e+22 1.230617364498701772e+22 1.221851931634214266e+22 1.213529715681867596e+22 1.205638955275096005e+22 1.198168468888080928e+22 1.191107643030384096e+22 1.184446420954925708e+22 1.178175291906143866e+22 1.172285280926166732e+22 1.166767939229661004e+22 1.161615335152279985e+22 1.156820045672803729e+22 1.152375148505568851e+22 1.148274214756936371e+22 1.144511302137493953e+22 1.141080948720272618e+22 1.137978167234380851e+22 1.135198439882998415e+22 1.132737713674567811e+22 1.130592396256250482e+22 1.128759352239343849e+22 1.127235900006798773e+22 1.126019808994127354e+22 1.125109297435868607e+22 1.124503030570986085e+22 1.124200119301688630e+22 1.124200119301688630e+22
3.441827571340914196e+22 3.441827571340914196e+22 3.437608799067328374e+22 3.429204342632360182e+22 3.416679931489661904e+22 3.400133038756122644e+22 3.379691526969006385e+22 3.355511834779508644e+22 3.327776710982624713e+22 3.296692516767556384e+22 3.262486135791051971e+22 3.225401552358531400e+22 3.185696177889542039e+22 3.143637022230092920e+22 3.099496817038445878e+22 3.053550202042381133e+22 3.006070081069184241e+22 2.957324243962599729e+22 2.907572334170376398e+22 2.857063221737975448e+22 2.806032819671211495e+22 2.754702360025940519e+22 2.703277126222743391e+22 2.651945621116023315e+22 2.600879136952272133e+22 2.550231683777952114e+22 2.500140226990474212e+22 2.450725182191798164e+22 2.402091115764530335e+22 2.354327602035299870e+22 2.307510191903593621e+22 2.261701452832498201e+22 2.216952045632803255e+22 2.173301809132257411e+22 2.130780829308427646e+22 2.089410474569909456e+22 2.049204383463526472e+22 2.010169395097563143e+22 1.972306415981754633e+22 1.935611219810255582e+22 1.900075178992978205e+22 1.865685928527322205e+22 1.832427964157435629e+22 1.800283177754744062e+22 1.769231333531800358e+22 1.739250489128751255e+22 1.710317365837414636e+22 1.682407672297701140e+22 1.655496385951199501e+22 1.629557996400101504e+22 1.604566714621267385e+22 1.580496651746292007e+22 1.557321970855904385e+22 1.535017014962583660e+22 1.513556414079822306e+22 1.492915174006244088e+22 1.473068749193045921e+22 1.453993101817748547e+22 1.435664748957418494e+22 1.418060799542305174e+22 1.401158982575879252e+22 1.384937667929978805e+22 1.369375880863247080e+22 1.354453311266591080e+22 1.340150318510228950e+22 1.326447932651446521e+22 1.313327852660062998e+22 1.300772442227887781e+22 1.288764723648711885e+22 1.277288370185241520e+22 1.266327697277910516e+22 1.255867652896808396e+22 1.245893807291245160e+22 1.236392342350831446e+22 1.227350040756931160e+22 1.218754275072813302e+22 1.210592996894942482e+22 1.202854726165370346e+22 1.195528540726060542e+22 1.188604066179905382e+22 1.182071466109204378e+22 1.175921432690989361e+22 1.170145177738745479e+22 1.164734424192113233e+22 1.159681398069390842e+22 1.154978820892369774e+22 1.150619902588460256e+22 1.146598334871761007e+22 1.142908285101885358e+22 1.139544390617346867e+22 1.136501753538832604e+22 1.133775936036602171e+22 1.131362956055705708e+22 1.129259283492384434e+22 1.127461836815023577e+22 1.125967980123298516e+22 1.124775520639489409e+22 1.123882706626700693e+22 1.123288225729243565e+22 1.122991203731344091e+22 1.122991203731344091e+22
3.348557841257185306e+22 3.348557841257185306e+22 3.344617247588137461e+22 3.336766055474376003e+22 3.325063847009165771e+22 3.309598973393205042e+22 3.290487327439706286e+22 3.267870709916633137e+22 3.241914801083627497e+22 3.212806760345453671e+22 3.180752491343897847e+22 3.145973625463937329e+22 3.108704291703874388e+22 3.069187753214531233e+22 3.027672998941315144e+22 2.984411381657211450e+22 2.939653390907025549e+22 2.893645641323789681e+22 2.846628144334337422e+22 2.798831915730949531e+22 2.750476954412069054e+22 2.701770610218891634e+22 2.652906342461722749e+22 2.604062856396897098e+22 2.555403593204316609e+22 2.507076540225851018e+22 2.459214322368844189e+22 2.411934532449024029e+22 2.365340257487205014e+22 2.319520759142487268e+22 2.274552269095328285e+22 2.230498863837065563e+22 2.187413387575203306e+22 2.145338396487380160e+22 2.104307102081247661e+22 2.064344295743123830e+22 2.025467240546324133e+22 1.987686519957173672e+22 1.951006836181295117e+22 1.915427753527799395e+22 1.880944384350152452e+22 1.847548016883121992e+22 1.815226685676832634e+22 1.783965686378832855e+22 1.753748037380902119e+22 1.724554891375236927e+22 1.696365900197303996e+22 1.669159536509123245e+22 1.642913375929720688e+22 1.617604343179298367e+22 1.593208925693438172e+22 1.569703358004171112e+22 1.547063779992353846e+22 1.525266371903028095e+22 1.504287468792943582e+22 1.484103656854640185e+22 1.464691853840405129e+22 1.446029375596092457e+22 1.428093990511957980e+22 1.410863963507715264e+22 1.394318090992055065e+22 1.378435728074527369e+22 1.363196809158782773e+22 1.348581862911285553e+22 1.334572022477589630e+22 1.321149031708748258e+22 1.308295248062350098e+22 1.295993642755354421e+22 1.284227798668293020e+22 1.272981906431926914e+22 1.262240759066780710e+22 1.251989745493026747e+22 1.242214843181421717e+22 1.232902610175365900e+22 1.224040176678753377e+22 1.215615236373302005e+22 1.207616037602629517e+22 1.200031374537103560e+22 1.192850578413776693e+22 1.186063508928796715e+22 1.179660545845064683e+22 1.173632580865719743e+22 1.167971009813453314e+22 1.162667725147005465e+22 1.157715108838789821e+22 1.153106025631436925e+22 1.148833816686140116e+22 1.144892293631441686e+22 1.141275733017910208e+22 1.137978871181461370e+22 1.134996899516060690e+22 1.132325460155069524e+22 1.129960642059228833e+22 1.127898977508700402e+22 1.126137438996049114e+22 1.124673436516820084e+22 1.123504815254414977e+22 1.122629853656200826e+22 1.122047261897990655e+22 1.121756180734606416e+22 1.121756180734606416e+22
3.261965816509587102e+22 3.261965816509587102e+22 3.258271004760680799e+22 3.250908726608768113e+22 3.239933299200181771e+22 3.225425265317116274e+22 3.207490277651090558e+22 3.186257620854352170e+22 3.161878385622023301e+22 3.134523318505078732e+22 3.104380382469889091e+22 3.071652075279989971e+22 3.036552564205774543e+22 2.999304704973851958e+22 2.960137019070134983e+22 2.919280705719889612e+22 2.876966762780111457e+22 2.833423284586325161e+22 2.788872995117771365e+22 2.743531062605360241e+22 2.697603227987152680e+22 2.651284265508575327e+22 2.604756780251990301e+22 2.558190335251212927e+22 2.511740890652874061e+22 2.465550529434340033e+22 2.419747438562325299e+22 2.374446111078622429e+22 2.329747733198956344e+22 2.285740720794494199e+22 2.242501371239378767e+22 2.200094599198507480e+22 2.158574728166438129e+22 2.117986313163202416e+22 2.078364973705925231e+22 2.039738219821319324e+22 2.002126257307124761e+22 1.965542761598435931e+22 1.929995612394661662e+22 1.895487583630592154e+22 1.862016985430845974e+22 1.829578256386679112e+22 1.798162505865088519e+22 1.767758007136298625e+22 1.738350642922992855e+22 1.709924305571049531e+22 1.682461254451932745e+22 1.655942433464531498e+22 1.630347751638974857e+22 1.605656329882730024e+22 1.581846716872405916e+22 1.558897077002791027e+22 1.536785353172548636e+22 1.515489407027450898e+22 1.494987139106759456e+22 1.475256591154614265e+22 1.456276032672566451e+22 1.438024033606119824e+22 1.420479524880682634e+22 1.403621848333467360e+22 1.387430797428826676e+22 1.371886649996404693e+22 1.356970194094599333e+22 1.342662747976399376e+22 1.328946175020476714e+22 1.315802894386720879e+22 1.303215888062343440e+22 1.291168704880720006e+22 1.279645462020490894e+22 1.268630844425784158e+22 1.258110102529308937e+22 1.248069048607932888e+22 1.238494052054126192e+22 1.229372033806388481e+22 1.220690460146178562e+22 1.212437336037927997e+22 1.204601198161781221e+22 1.197171107765189765e+22 1.190136643439292737e+22 1.183487893908409129e+22 1.177215450906005550e+22 1.171310402197479070e+22 1.165764324799195539e+22 1.160569278433738726e+22 1.155717799253461120e+22 1.151202893857787845e+22 1.147018033624002435e+22 1.143157149366746087e+22 1.139614626337579126e+22 1.136385299572828668e+22 1.133464449595437639e+22 1.130847798474547449e+22 1.128531506244930555e+22 1.126512167687326112e+22 1.124786809469764895e+22 1.123352887649378920e+22 1.122208285533908291e+22 1.121351311901819981e+22 1.120780699579995233e+22 1.120495604377983543e+22 1.120495604377983543e+22
3.181373922261148998e+22 3.181373922261148998e+22 3.177896852406302409e+22 3.170967783660035506e+22 3.160636515405395290e+22 3.146976892537116243e+22 3.130085787363926291e+22 3.110081755942165991e+22 3.087103384673031972e+22 3.061307350884016351e+22 3.032866230194460741e+22 3.001966092926310154e+22 2.968803940672601483e+22 2.933585041366310925e+22 2.896520225931889580e+22 2.857823211256201767e+22 2.817708012533870232e+22 2.776386503138191029e+22 2.734066172475244492e+22 2.690948122471477281e+22 2.647225332230632400e+22 2.603081208817452791e+22 2.558688430859090500e+22 2.514208081350054694e+22 2.469789057179494174e+22 2.425567735765542319e+22 2.381667873900181481e+22 2.338200710451097816e+22 2.295265242790466526e+22 2.252948646503995828e+22 2.211326808810491321e+22 2.170464947916070558e+22 2.130418292967319431e+22 2.091232802111842419e+22 2.052945899213775962e+22 2.015587212836784937e+22 1.979179304068813790e+22 1.943738372528304816e+22 1.909274932400339340e+22 1.875794452569461149e+22 1.843297956832298507e+22 1.811782581790432874e+22 1.781242091358887136e+22 1.751667347900210767e+22 1.723046740836247142e+22 1.695366574228359243e+22 1.668611415281031027e+22 1.642764406042025316e+22 1.617807540769361022e+22 1.593721911535865745e+22 1.570487924664784912e+22 1.548085490554543643e+22 1.526494189370008719e+22 1.505693414965814231e+22 1.485662499273536491e+22 1.466380819237426954e+22 1.447827888229470700e+22 1.429983433718801996e+22 1.412827462816436217e+22 1.396340317167698733e+22 1.380502718521968008e+22 1.365295806175594834e+22 1.350701167358431461e+22 1.336700861518566969e+22 1.323277439353243671e+22 1.310413957336792669e+22 1.298093988408096247e+22 1.286301629400065298e+22 1.275021505722263483e+22 1.264238773743199558e+22 1.253939121261586363e+22 1.244108766404807334e+22 1.234734455247712603e+22 1.225803458404824383e+22 1.217303566813909693e+22 1.209223086897923464e+22 1.201550835265303478e+22 1.194276133084991586e+22 1.187388800251820035e+22 1.180879149440245642e+22 1.174737980128732224e+22 1.168956572663930893e+22 1.163526682422081592e+22 1.158440534115501684e+22 1.153690816283339129e+22 1.149270675998795576e+22 1.145173713818952401e+22 1.141393978998111443e+22 1.137925964981457230e+22 1.134764605192140751e+22 1.131905269122096484e+22 1.129343758734305368e+22 1.127076305182454396e+22 1.125099565852288195e+22 1.123410621727679237e+22 1.122006975083578602e+22 1.120886547507235416e+22 1.120047678248582958e+22 1.119489122900189905e+22 1.119210052407200108e+22 1.119210052407200108e+22
3.106193278655476531e+22 3.106193278655476531e+22 3.102909552595682774e+22 3.096365216810941599e+22 3.086606188686402073e+22 3.073700559049940428e+22 3.057737658711572218e+22 3.038826830096313300e+22 3.017095920558424248e+22 2.992689520686183062e+22 2.965766978343419249e+22 2.936500226753183508e+22 2.905071471885551665e+22 2.871670790023702538e+22 2.836493690007657959e+22 2.799738695845408250e+22 2.761605003937394039e+22 2.722290265154765455e+22 2.681988535754887791e+22 2.640888433112201665e+22 2.599171523102875897e+22 2.557010956362117965e+22 2.514570361152676980e+22 2.472002991774612901e+22 2.429451123718995365e+22 2.387045680392527938e+22 2.344906071351089116e+22 2.303140218591350725e+22 2.261844745477011643e+22 2.221105302164843423e+22 2.180997001747698916e+22 2.141584942527636151e+22 2.102924793654889205e+22 2.065063423611689239e+22 2.028039553505610537e+22 1.991884419711301688e+22 1.956622432944727576e+22 1.922271823277136753e+22 1.888845262836034070e+22 1.856350459956537013e+22 1.824790720318976033e+22 1.794165472132532797e+22 1.764470753706556732e+22 1.735699662805448996e+22 1.707842768029458891e+22 1.680888483124553030e+22 1.654823405623840657e+22 1.629632621583743005e+22 1.605299978422451595e+22 1.581808328017080589e+22 1.559139742287105150e+22 1.537275703501930680e+22 1.516197271513453298e+22 1.495885230041945709e+22 1.476320214046244182e+22 1.457482820093904054e+22 1.439353701521671638e+22 1.421913650045411498e+22 1.405143665346445784e+22 1.389025014030491714e+22 1.373539279228892086e+22 1.358668401991007548e+22 1.344394715502378536e+22 1.330700973056743755e+22 1.317570370611035976e+22 1.304986564661476747e+22 1.292933686095733431e+22 1.281396350600280749e+22 1.270359666133697561e+22 1.259809237914866208e+22 1.249731171319552147e+22 1.240112073029470441e+22 1.230939050733636000e+22 1.222199711642787670e+22 1.213882160042748989e+22 1.205974994082254658e+22 1.198467301963464914e+22 1.191348657680086676e+22 1.184609116426936831e+22 1.178239209787079052e+22 1.172229940786511007e+22 1.166572778893104644e+22 1.161259655024343410e+22 1.156282956618419457e+22 1.151635522814267831e+22 1.147310639778715035e+22 1.143302036212443775e+22 1.139603879060928306e+22 1.136210769451806412e+22 1.133117738876456560e+22 1.130320245629876647e+22 1.127814171520492634e+22 1.125595818859106088e+22 1.123661907734207608e+22 1.122009573579536571e+22 1.120636365038234580e+22 1.119540242127103250e+22 1.118719574703540378e+22 1.118173141237110093e+22 1.117900127887109495e+22 1.117900127887109495e+22
3.035909704178143855e+22 3.035909704178143855e+22 3.032797982298155359e+22 3.026595973910953250e+22 3.017346258198451349e+22 3.005111978463529953e+22 2.989975981554729694e+22 2.972039688071569369e+22 2.951421710193214987e+22 2.928256239809449899e+22 2.902691235848431180e+22 2.874886445846887399e+22 2.845011302358518543e+22 2.813242739195590685e+22 2.779762975269916456e+22 2.744757314606485786e+22 2.708412009793657923e+22 2.670912232757627401e+22 2.632440191538759624e+22 2.593173425085277117e+22 2.553283300441865585e+22 2.512933728611900955e+22 2.472280107310010650e+22 2.431468491235372984e+22 2.390634983734123063e+22 2.349905338025228894e+22 2.309394751674414164e+22 2.269207834753453838e+22 2.229438730073049924e+22 2.190171362919062700e+22 2.151479797706180998e+22 2.113428679717293759e+22 2.076073741443832113e+22 2.039462354811093831e+22 2.003634112606702980e+22 1.968621424597194611e+22 1.934450116005346673e+22 1.901140018145313528e+22 1.868705543009080233e+22 1.837156235424880080e+22 1.806497298040233132e+22 1.776730085807847427e+22 1.747852567872280094e+22 1.719859755776074790e+22 1.692744097740250258e+22 1.666495839442209184e+22 1.641103352233067335e+22 1.616553430125847249e+22 1.592831557164234231e+22 1.569922146967397754e+22 1.547808756355362193e+22 1.526474275006786516e+22 1.505901093099746099e+22 1.486071248846982637e+22 1.466966557770340578e+22 1.448568725471760482e+22 1.430859445557597831e+22 1.413820484264076404e+22 1.397433753218598935e+22 1.381681371657765965e+22 1.366545719310982473e+22 1.352009481049774594e+22 1.338055684299516228e+22 1.324667730112313033e+22 1.311829418708312890e+22 1.299524970207883821e+22 1.287739041198845932e+22 1.276456737711435075e+22 1.265663625108457416e+22 1.255345735338988824e+22 1.245489571950764858e+22 1.236082113208436707e+22 1.227110813621994861e+22 1.218563604151397253e+22 1.210428891319413139e+22 1.202695555434488319e+22 1.195352948098674249e+22 1.188390889152289387e+22 1.181799663186005197e+22 1.175570015733138063e+22 1.169693149238883726e+22 1.164160718889334446e+22 1.158964828371141473e+22 1.154098025622058041e+22 1.149553298623662391e+22 1.145324071279477444e+22 1.141404199415248323e+22 1.137787966931958602e+22 1.134470082137534182e+22 1.131445674278638951e+22 1.128710290290519310e+22 1.126259891779726318e+22 1.124090852251861726e+22 1.122199954594415510e+22 1.120584388822795970e+22 1.119241750096164526e+22 1.118170037008319958e+22 1.117367650157827457e+22 1.116833391000583930e+22 1.116566460987236522e+22 1.116566460987236522e+22
2.970072271294210402e+22 2.970072271294210402e+22 2.967113793264618884e+22 2.961216827125821499e+22 2.952421081603103313e+22 2.940785445717813703e+22 2.926387190557552148e+22 2.909320923342503831e+22 2.889697310598006361e+22 2.867641592401098283e+22 2.843291914965357481e+22 2.816797513926295159e+22 2.788316785184506013e+22 2.758015283645419985e+22 2.726063692306572535e+22 2.692635804634831231e+22 2.657906561935316143e+22 2.622050184480046868e+22 2.585238430720256587e+22 2.547639013249682244e+22 2.509414193694126165e+22 2.470719571785490104e+22 2.431703076942486333e+22 2.392504164087293280e+22 2.353253209476185247e+22 2.314071097227275456e+22 2.275068983121372460e+22 2.236348219183974685e+22 2.198000420508822772e+22 2.160107654681730430e+22 2.122742733897181902e+22 2.085969590292501968e+22 2.049843716010141339e+22 2.014412650894509002e+22 1.979716502401990840e+22 1.945788484132057330e+22 1.912655461275262150e+22 1.880338493138789623e+22 1.848853364691875712e+22 1.818211100727649816e+22 1.788418457737094601e+22 1.759478389919054404e+22 1.731390486902845997e+22 1.704151381739938251e+22 1.677755128537020996e+22 1.652193549766681743e+22 1.627456553819695376e+22 1.603532423769024679e+22 1.580408078617819690e+22 1.558069308516015381e+22 1.536500985568355680e+22 1.515687251933299894e+22 1.495611686939916449e+22 1.476257454938381720e+22 1.457607435558593757e+22 1.439644337987931393e+22 1.422350800800197902e+22 1.405709478777981816e+22 1.389703118074793689e+22 1.374314620964585656e+22 1.359527101327281331e+22 1.345323931921588578e+22 1.331688784402714513e+22 1.318605662952817164e+22 1.306058932307673219e+22 1.294033340884050143e+22 1.282514039638936938e+22 1.271486597224316535e+22 1.260937011939350938e+22 1.250851720925347316e+22 1.241217606998011203e+22 1.232022003465060352e+22 1.223252697235909195e+22 1.214897930492873749e+22 1.206946401160082647e+22 1.199387262376590757e+22 1.192210121153998488e+22 1.185405036375412677e+22 1.178962516272137162e+22 1.172873515496250959e+22 1.167129431891242700e+22 1.161722103049002733e+22 1.156643802729058350e+22 1.151887237205438602e+22 1.147445541596991953e+22 1.143312276229163319e+22 1.139481423067966184e+22 1.135947382260982035e+22 1.132704968814804704e+22 1.129749409433998747e+22 1.127076339542571509e+22 1.124681800505750664e+22 1.122562237066838960e+22 1.120714495011603664e+22 1.119135819070451168e+22 1.117823851066810801e+22 1.116776628318692285e+22 1.115992582298891033e+22 1.115470537558296258e+22 1.115209710915551651e+22 1.115209710915551651e+22
2.908283890498889423e+22 2.908283890498889423e+22 2.905462079337448813e+22 2.899837205367765755e+22 2.891446511636885327e+22 2.880345232452216894e+22 2.866605848077905638e+22 2.850317109710567349e+22 2.831582851365258605e+22 2.810520609935758826e+22 2.787260079292256826e+22 2.761941428581297449e+22 2.734713518588247513e+22 2.705732052803069044e+22 2.675157701427896254e+22 2.643154236796130086e+22 2.609886717457087857e+22 2.575519755556901775e+22 2.540215898262742447e+22 2.504134149075684976e+22 2.467428649259892946e+22 2.430247533619086308e+22 2.392731968806801585e+22 2.355015376570149555e+22 2.317222839050247235e+22 2.279470678686667112e+22 2.241866201519904470e+22 2.204507589811782235e+22 2.167483927905714989e+22 2.130875344077389509e+22 2.094753250695515734e+22 2.059180665214828177e+22 2.024212595238216768e+22 1.989896471992319187e+22 1.956272617943986497e+22 1.923374735840356021e+22 1.891230408092329129e+22 1.859861597065752609e+22 1.829285138438450630e+22 1.799513221281338307e+22 1.770553849898203926e+22 1.742411283693758631e+22 1.715086452424913715e+22 1.688577345124885437e+22 1.662879371778553859e+22 1.637985697480001244e+22 1.613887549329993263e+22 1.590574496746314295e+22 1.568034706176117362e+22 1.546255171431159143e+22 1.525221921025961021e+22 1.504920203998621440e+22 1.485334655744215928e+22 1.466449445401729067e+22 1.448248406315697072e+22 1.430715151050186582e+22 1.413833172372042442e+22 1.397585931547383431e+22 1.381956935214255676e+22 1.366929802009089199e+22 1.352488320037139618e+22 1.338616496190297158e+22 1.325298598230606479e+22 1.312519190475805662e+22 1.300263163845526998e+22 1.288515760953105370e+22 1.277262596859502998e+22 1.266489676042273921e+22 1.256183406073836103e+22 1.246330608449708936e+22 1.236918526958486369e+22 1.227934833940887083e+22 1.219367634745107992e+22 1.211205470649689781e+22 1.203437320492638064e+22 1.196052601216518901e+22 1.189041167513625507e+22 1.182393310731985905e+22 1.176099757182986224e+22 1.170151665973002345e+22 1.164540626465782445e+22 1.159258655468052441e+22 1.154298194218724622e+22 1.149652105251037748e+22 1.145313669187710537e+22 1.141276581520690748e+22 1.137534949420044386e+22 1.134083288610140638e+22 1.130916520345816216e+22 1.128029968516536232e+22 1.125419356902257590e+22 1.123080806601427884e+22 1.121010833648107966e+22 1.119206346832774536e+22 1.117664645738902900e+22 1.116383419005460388e+22 1.115360742823597126e+22 1.114595079674334387e+22 1.114085277312590283e+22 1.113830568001761863e+22 1.113830568001761863e+22
2.850193517583639406e+22 2.850193517583639406e+22 2.847493650579630902e+22 2.842111601017904484e+22 2.834082498867221653e+22 2.823458445747830758e+22 2.810307814134100315e+22 2.794714331798012376e+22 2.776775967892086089e+22 2.756603641296400155e+22 2.734319775920439270e+22 2.710056731344422044e+22 2.683955140268829494e+22 2.656162186478328637e+22 2.626829858218746839e+22 2.596113211897995382e+22 2.564168679802274631e+22 2.531152453108799164e+22 2.497218968001766752e+22 2.462519518360467459e+22 2.427201013539391563e+22 2.391404894477253555e+22 2.355266216033714281e+22 2.318912898316206762e+22 2.282465145041827188e+22 2.246035022847426534e+22 2.209726192026988315e+22 2.173633776495329332e+22 2.137844358858197801e+22 2.102436085277060288e+22 2.067478864285829326e+22 2.033034643759078939e+22 1.999157750746934202e+22 1.965895279778539241e+22 1.933287516391992197e+22 1.901368383983377711e+22 1.870165903497979180e+22 1.839702656946299470e+22 1.809996247159915571e+22 1.781059747566657208e+22 1.752902137030305330e+22 1.725528715948310764e+22 1.698941500820892418e+22 1.673139595392987221e+22 1.648119537228929040e+22 1.623875619214811831e+22 1.600400186003835952e+22 1.577683905836530375e+22 1.555716018491934900e+22 1.534484560369489333e+22 1.513976567875886278e+22 1.494178260407445094e+22 1.475075204286582148e+22 1.456652459039581746e+22 1.438894707400363737e+22 1.421786370397962659e+22 1.405311708840056586e+22 1.389454912446046772e+22 1.374200177815278164e+22 1.359531776341967058e+22 1.345434113111610098e+22 1.331891777735868023e+22 1.318889588005765172e+22 1.306412627168278138e+22 1.294446275559372620e+22 1.282976237258340827e+22 1.271988562364077179e+22 1.261469665434119281e+22 1.251406340571800168e+22 1.241785773595808288e+22 1.232595551679817135e+22 1.223823670807101440e+22 1.215458541346521665e+22 1.207488992021245120e+22 1.199904272510209334e+22 1.192694054893963235e+22 1.185848434131276818e+22 1.179357927730387616e+22 1.173213474758581656e+22 1.167406434315970334e+22 1.161928583583544168e+22 1.156772115541566423e+22 1.151929636441944175e+22 1.147394163107526659e+22 1.143159120121514322e+22 1.139218336961840913e+22 1.135566045128099155e+22 1.132196875301961492e+22 1.129105854576598607e+22 1.126288403785505885e+22 1.123740334956953049e+22 1.121457848916440515e+22 1.119437533056323709e+22 1.117676359288802299e+22 1.116171682196058276e+22 1.114921237389026263e+22 1.113923140084365787e+22 1.113175883907415513e+22 1.112678339927462222e+22 1.112429755930076250e+22 1.112429755930076250e+22
2.795489668343322693e+22 2.795489668343322693e+22 2.792898601948689727e+22 2.787733245618714313e+22 2.780026925609842324e+22 2.769829068682513770e+22 2.757204538256627702e+22 2.742232768157358175e+22 2.725006710124958030e+22 2.705631615175450690e+22 2.684223672554635657e+22 2.660908533255645639e+22 2.635819747680398921e+22 2.609097148838160682e+22 2.580885213340671515e+22 2.551331432278455537e+22 2.520584722817588029e+22 2.488793909086601295e+22 2.456106297742138225e+22 2.422666369683827982e+22 2.388614604946256429e+22 2.354086453065982306e+22 2.319211456439707186e+22 2.284112529576497145e+22 2.248905392889494346e+22 2.213698155917769232e+22 2.178591041717613992e+22 2.143676241668528616e+22 2.109037888115528276e+22 2.074752131090818584e+22 2.040887304773382963e+22 2.007504169281198332e+22 1.974656213763587519e+22 1.942390007482565421e+22 1.910745586552540863e+22 1.879756865166992264e+22 1.849452061404099405e+22 1.819854129008923273e+22 1.790981187846038723e+22 1.762846946963161403e+22 1.735461115374382088e+22 1.708829796740602266e+22 1.682955865083210629e+22 1.657839319509056356e+22 1.633477616651140596e+22 1.609865980143863438e+22 1.586997686960649771e+22 1.564864330855234299e+22 1.543456063473962503e+22 1.522761813957217249e+22 1.502769488032169774e+22 1.483466147727531626e+22 1.464838172921661332e+22 1.446871405978101953e+22 1.429551280733435829e+22 1.412862937088767767e+22 1.396791322423341561e+22 1.381321281001953532e+22 1.366437632490591381e+22 1.352125240630868496e+22 1.338369073055986719e+22 1.325154253160964738e+22 1.312466104870222640e+22 1.300290191076698672e+22 1.288612346460434648e+22 1.277418705330811332e+22 1.266695725076757820e+22 1.256430205752663291e+22 1.246609306275420727e+22 1.237220557659424214e+22 1.228251873671669560e+22 1.219691559248399958e+22 1.211528316977357940e+22 1.203751251916127784e+22 1.196349874986373926e+22 1.189314105156502867e+22 1.182634270600284078e+22 1.176301108997217740e+22 1.170305767120368881e+22 1.164639799839946913e+22 1.159295168655208638e+22 1.154264239853393045e+22 1.149539782382007301e+22 1.145114965510041528e+22 1.140983356343893937e+22 1.137138917255539379e+22 1.133576003272806760e+22 1.130289359475191474e+22 1.127274118432859934e+22 1.124525797721372833e+22 1.122040297540258523e+22 1.119813898459674994e+22 1.117843259315873592e+22 1.116125415273282509e+22 1.114657776068214758e+22 1.113438124446935574e+22 1.112464614808691199e+22 1.111735772062403265e+22 1.111250490703976228e+22 1.111008034119708207e+22 1.111008034119708207e+22
2.743894992885496414e+22 2.743894992885496414e+22 2.741400931364183107e+22 2.736428814718373724e+22 2.729010439083752266e+22 2.719192961089809469e+22 2.707038264149763791e+22 2.692622132403974544e+22 2.676033248316469805e+22 2.657372033597303475e+22 2.636749356464956296e+22 2.614285131129828042e+22 2.590106837619379379e+22 2.564347991540332967e+22 2.537146593972232126e+22 2.508643591346426007e+22 2.478981373875563843e+22 2.448302338913089041e+22 2.416747542644931953e+22 2.384455459903404769e+22 2.351560867831016640e+22 2.318193864815611688e+22 2.284479031772191287e+22 2.250534738651329960e+22 2.216472595173074167e+22 2.182397041347729031e+22 2.148405070441038112e+22 2.114586074721248346e+22 2.081021802603884419e+22 2.047786414668334603e+22 2.014946625416205854e+22 1.982561917513002438e+22 1.950684815529710767e+22 1.919361206801234133e+22 1.888630697867072661e+22 1.858526995981756321e+22 1.829078306312873312e+22 1.800307736624511739e+22 1.772233702426711110e+22 1.744870326717840674e+22 1.718227829530039209e+22 1.692312903485592332e+22 1.667129072474139079e+22 1.642677031358635914e+22 1.618954965312017007e+22 1.595958847978169644e+22 1.573682718145967764e+22 1.552118935030730221e+22 1.531258412582260913e+22 1.511090833491152287e+22 1.491604843754984099e+22 1.472788228801916253e+22 1.454628072259340730e+22 1.437110898507724829e+22 1.420222800181099024e+22 1.403949551772521778e+22 1.388276710480008131e+22 1.373189705391388020e+22 1.358673916058270486e+22 1.344714741453845588e+22 1.331297660249021874e+22 1.318408283278432797e+22 1.306032399004219107e+22 1.294156012722343379e+22 1.282765380194488287e+22 1.271847036329503438e+22 1.261387819481837024e+22 1.251374891881338608e+22 1.241795756658958690e+22 1.232638271886954856e+22 1.223890662009293976e+22 1.215541526999016774e+22 1.207579849543425773e+22 1.199995000525400572e+22 1.192776743039603101e+22 1.185915235155698306e+22 1.179401031616517741e+22 1.173225084637562484e+22 1.167378743955010512e+22 1.161853756251739206e+22 1.156642264075784631e+22 1.151736804351730831e+22 1.147130306573274343e+22 1.142816090754514734e+22 1.138787865207792206e+22 1.135039724207425035e+22 1.131566145591295397e+22 1.128361988345421837e+22 1.125422490210991813e+22 1.122743265348035805e+22 1.120320302085435923e+22 1.118149960782939213e+22 1.116228971827262443e+22 1.114554433781246407e+22 1.113123811702264037e+22 1.111934935643509595e+22 1.110985999349646046e+22 1.110275559156224937e+22 1.109802533100477376e+22 1.109566200249389469e+22 1.109566200249389469e+22
2.695161713716481543e+22 2.695161713716481543e+22 2.692754013417893370e+22 2.687953972233443580e+22 2.680792100259547526e+22 2.671313644930601268e+22 2.659577981231795326e+22 2.645657817602172178e+22 2.629638233432094933e+22 2.611615567554208491e+22 2.591696180228813278e+22 2.569995113710936392e+22 2.546634678433169906e+22 2.521742993038877131e+22 2.495452506873739084e+22 2.467898533052391254e+22 2.439217818867831774e+22 2.409547178162794371e+22 2.379022207438098425e+22 2.347776104075024663e+22 2.315938601265738967e+22 2.283635030259002245e+22 2.250985516519452888e+22 2.218104312533600751e+22 2.185099266420924586e+22 2.152071422335605172e+22 2.119114745955671553e+22 2.086315966196012076e+22 2.053754522664173568e+22 2.021502607288410780e+22 1.989625287949224300e+22 1.958180701784728666e+22 1.927220306053211514e+22 1.896789174952894713e+22 1.866926331550313847e+22 1.837665104887480215e+22 1.809033503364102907e+22 1.781054596570970220e+22 1.753746898840030963e+22 1.727124748839633394e+22 1.701198680552922258e+22 1.675975781913520715e+22 1.651460038222879182e+22 1.627652658230919692e+22 1.604552381423967378e+22 1.582155765632118397e+22 1.560457454547397876e+22 1.539450425139403529e+22 1.519126215274742678e+22 1.499475132097986822e+22 1.480486441923688530e+22 1.462148542528791511e+22 1.444449118831078539e+22 1.427375282998279039e+22 1.410913700061555930e+22 1.395050700111610275e+22 1.379772378140738218e+22 1.365064682564628146e+22 1.350913493416888238e+22 1.337304691160608722e+22 1.324224217007405819e+22 1.311658125577327267e+22 1.299592630674707500e+22 1.288014144896552351e+22 1.276909313732892636e+22 1.266265044762887193e+22 1.256068532497509306e+22 1.246307279369484527e+22 1.236969113323796064e+22 1.228042202418222046e+22 1.219515066802630977e+22 1.211376588408142745e+22 1.203616018642882685e+22 1.196222984359619278e+22 1.189187492331985987e+22 1.182499932450062755e+22 1.176151079822716987e+22 1.170132095953012366e+22 1.164434529134029727e+22 1.159050314195425401e+22 1.153971771716025503e+22 1.149191606803941976e+22 1.144702907533861952e+22 1.140499143120253878e+22 1.136574161895697259e+22 1.132922189155205435e+22 1.129537824919687843e+22 1.126416041665223878e+22 1.123552182058809190e+22 1.120941956736100178e+22 1.118581442151988383e+22 1.116467078530802385e+22 1.114595667939281391e+22 1.112964372502173398e+22 1.111570712777553714e+22 1.110412566306229531e+22 1.109488166347412079e+22 1.108796100810586771e+22 1.108335311391724405e+22 1.108105092920049349e+22 1.108105092920049349e+22
2.649067771895359105e+22 2.649067771895359105e+22 2.646736774629098835e+22 2.642089603427275165e+22 2.635155702223966359e+22 2.625978734268326189e+22 2.614615990535686665e+22 2.601137620042072143e+22 2.585625697971625316e+22 2.568173150893915505e+22 2.548882561270890365e+22 2.527864875821450238e+22 2.505238044024130188e+22 2.481125614010770024e+22 2.455655313281780810e+22 2.428957641038081137e+22 2.401164497499057029e+22 2.372407873425083728e+22 2.342818620291878696e+22 2.312525318306331099e+22 2.281653255865952004e+22 2.250323530311891576e+22 2.218652276071236580e+22 2.186750022678127365e+22 2.154721181833260696e+22 2.122663659709393587e+22 2.090668588206738165e+22 2.058820166847312586e+22 2.027195605483519161e+22 1.995865156969183786e+22 1.964892228368496538e+22 1.934333559110678820e+22 1.904239454677825592e+22 1.874654064876943992e+22 1.845615696431933712e+22 1.817157150474390785e+22 1.789306076459917168e+22 1.762085335038199176e+22 1.735513363419982568e+22 1.709604537778159642e+22 1.684369528168097880e+22 1.659815642334479830e+22 1.635947155576750657e+22 1.612765624564677031e+22 1.590270183627579982e+22 1.568457822585765233e+22 1.547323645654382254e+22 1.526861111333190055e+22 1.507062253507654241e+22 1.487917884234177446e+22 1.469417778872827930e+22 1.451550844372041440e+22 1.434305271608735538e+22 1.417668672750621399e+22 1.401628204641224019e+22 1.386170679218437043e+22 1.371282661968027268e+22 1.356950559389883407e+22 1.343160696419590865e+22 1.329899384704763901e+22 1.317152982586882838e+22 1.304907947587081653e+22 1.293150882140619434e+22 1.281868573270187442e+22 1.271048026834884310e+22 1.260676496939220677e+22 1.250741511036651910e+22 1.241230891214452870e+22 1.232132772101749526e+22 1.223435615800755487e+22 1.215128224202060150e+22 1.207199749008976668e+22 1.199639699762669054e+22 1.192437950129485801e+22 1.185584742684339628e+22 1.179070692398795116e+22 1.172886789019788326e+22 1.167024398504369009e+22 1.161475263657365471e+22 1.156231504102204375e+22 1.151285615700314214e+22 1.146630469521069048e+22 1.142259310452464104e+22 1.138165755532003823e+22 1.134343792067795852e+22 1.130787775611589886e+22 1.127492427837758400e+22 1.124452834375854195e+22 1.121664442638245718e+22 1.119123059679234621e+22 1.116824850117348347e+22 1.114766334148354874e+22 1.112944385672895424e+22 1.111356230559324753e+22 1.109999445059369435e+22 1.108871954391646392e+22 1.107972031505602131e+22 1.107298296036347137e+22 1.106849713458757239e+22 1.106625594447446724e+22 1.106625594447446724e+22
2.605413556710047692e+22 2.605413556710047692e+22 2.603150446955536685e+22 2.598638615707447303e+22 2.591906640948208075e+22 2.582996897544934942e+22 2.571964978507365430e+22 2.558878942695444290e+22 2.543818405007658582e+22 2.526873488367726205e+22 2.508143659619301982e+22 2.487736473638563899e+22 2.465766251495465524e+22 2.442352719273569078e+22 2.417619634158131636e+22 2.391693423624118390e+22 2.364701862034668729e+22 2.336772806772083445e+22 2.308033013272854869e+22 2.278607045157700030e+22 2.248616292186026777e+22 2.218178105174429742e+22 2.187405053451532711e+22 2.156404307012543211e+22 2.125277142401630287e+22 2.094118568579843280e+22 2.063017066692219607e+22 2.032054435765228562e+22 2.001305734953424021e+22 1.970839311997469930e+22 1.940716907023848754e+22 1.910993820662588087e+22 1.881719135629899045e+22 1.852935981359052305e+22 1.824681831905536193e+22 1.796988828145582447e+22 1.769884116177943894e+22 1.743390194782100573e+22 1.717525265742878579e+22 1.692303581790312438e+22 1.667735787800294851e+22 1.643829251738053693e+22 1.620588382590987980e+22 1.598014933222674347e+22 1.576108286683526254e+22 1.554865725035430858e+22 1.534282680191472894e+22 1.514352966641521158e+22 1.495068996236811331e+22 1.476421975447465414e+22 1.458402085694018578e+22 1.440998647493547786e+22 1.424200269260397740e+22 1.407994981666446220e+22 1.392370358502374873e+22 1.377313624994907947e+22 1.362811754529676067e+22 1.348851554709555642e+22 1.335419743647517429e+22 1.322503017353961066e+22 1.310088109033794411e+22 1.298161841060282211e+22 1.286711170342358876e+22 1.275723227751146901e+22 1.265185352221025580e+22 1.255085120091123928e+22 1.245410370205694663e+22 1.236149225246419006e+22 1.227290109726979156e+22 1.218821765039937028e+22 1.210733261908723368e+22 1.203014010562722922e+22 1.195653768921739375e+22 1.188642649046644267e+22 1.181971122086372337e+22 1.175630021927128112e+22 1.169610547727437503e+22 1.163904265502822760e+22 1.158503108905826832e+22 1.153399379330694591e+22 1.148585745457797608e+22 1.144055242339409671e+22 1.139801270117039551e+22 1.135817592449907714e+22 1.132098334724869587e+22 1.128637982109773018e+22 1.125431377504781310e+22 1.122473719439673839e+22 1.119760559959123060e+22 1.117287802532876675e+22 1.115051700023024891e+22 1.113048852736340342e+22 1.111276206586125405e+22 1.109731051384481199e+22 1.108411019283132737e+22 1.107314083378115694e+22 1.106438556491250559e+22 1.105783090139157758e+22 1.105346673698424855e+22 1.105128633773693757e+22 1.105128633773693757e+22
2.564019118705046507e+22 2.564019118705046507e+22 2.561815800374563019e+22 2.557423210008845851e+22 2.550869244112857675e+22 2.542195261576930184e+22 2.531455512696636572e+22 2.518716397636374915e+22 2.504055570621139622e+22 2.487560909387011300e+22 2.469329372124664981e+22 2.449465766220563009e+22 2.428081454464158086e+22 2.405293024997138865e+22 2.381220951113750859e+22 2.355988266095091699e+22 2.329719276624440354e+22 2.302538336069133900e+22 2.274568696137855166e+22 2.245931452263514610e+22 2.216744594664646823e+22 2.187122173550337301e+22 2.157173583494396458e+22 2.127002968740888943e+22 2.096708748219868460e+22 2.066383256429834902e+22 2.036112494137713256e+22 2.005975981085002878e+22 1.976046701576304407e+22 1.946391132946890647e+22 1.917069346427152577e+22 1.888135169799785284e+22 1.859636401427340224e+22 1.831615065658805243e+22 1.804107700247548710e+22 1.777145667176053395e+22 1.750755479136980120e+22 1.724959134821926096e+22 1.699774457082945523e+22 1.675215428927512537e+22 1.651292523163107826e+22 1.628013022305455387e+22 1.605381326094080357e+22 1.583399244613389228e+22 1.562066275594529459e+22 1.541379864972738376e+22 1.521335650200504500e+22 1.501927686171734625e+22 1.483148653903352326e+22 1.464990052353159725e+22 1.447442373934243119e+22 1.430495264421965935e+22 1.414137668047242002e+22 1.398357958634151870e+22 1.383144057677251451e+22 1.368483540268873469e+22 1.354363729783488197e+22 1.340771782209046997e+22 1.327694760987152142e+22 1.315119703187729993e+22 1.303033677802443584e+22 1.291423836895368656e+22 1.280277460302411334e+22 1.269581994522569815e+22 1.259325086396131679e+22 1.249494612118154405e+22 1.240078702090097000e+22 1.231065762069131926e+22 1.222444491033848840e+22 1.214203896146246500e+22 1.206333305154238939e+22 1.198822376545371292e+22 1.191661107731753232e+22 1.184839841517921947e+22 1.178349271077414869e+22 1.172180443640390851e+22 1.166324763072987031e+22 1.160773991509879528e+22 1.155520250183826171e+22 1.150556019580154675e+22 1.145874139029993370e+22 1.141467805843134087e+22 1.137330574070049774e+22 1.133456352972274192e+22 1.129839405271165908e+22 1.126474345236916706e+22 1.123356136672296383e+22 1.120480090839192279e+22 1.117841864370072794e+22 1.115437457201380616e+22 1.113263210561241979e+22 1.111315805039702206e+22 1.109592258766028407e+22 1.108089925714283646e+22 1.106806494155415067e+22 1.105739985271396919e+22 1.104888751944484939e+22 1.104251477732474487e+22 1.103827176038718872e+22 1.103615189483788226e+22 1.103615189483788226e+22
2.524721785091412879e+22 2.524721785091412879e+22 2.522570774338434027e+22 2.518282544100584666e+22 2.511884481595412631e+22 2.503417183838617259e+22 2.492933889505193309e+22 2.480499741754850594e+22 2.466190898705872191e+22 2.450093511485491144e+22 2.432302592436382518e+22 2.412920798031862825e+22 2.392057152282597471e+22 2.369825736869247399e+22 2.346344373903850838e+22 2.321733326138544174e+22 2.296114037666040775e+22 2.269607935786534673e+22 2.242335311868645186e+22 2.214414295843236898e+22 2.185959935582301848e+22 2.157083388974088795e+22 2.127891233144294290e+22 2.098484892110074308e+22 2.068960181285079011e+22 2.039406964752851875e+22 2.009908919139601220e+22 1.980543396266851592e+22 1.951381375551352603e+22 1.922487496322827525e+22 1.893920159816855690e+22 1.865731690525284631e+22 1.837968546798255053e+22 1.810671571036917675e+22 1.783876270439776282e+22 1.757613120017985752e+22 1.731907880428983498e+22 1.706781924053868977e+22 1.682252563627384190e+22 1.658333378592832802e+22 1.635034535177062502e+22 1.612363096946463316e+22 1.590323323304671393e+22 1.568916954019414829e+22 1.548143478418282276e+22 1.528000388371043477e+22 1.508483414583161966e+22 1.489586746064710402e+22 1.471303232917303879e+22 1.453624572804396483e+22 1.436541481643826112e+22 1.420043849191867915e+22 1.404120880281807539e+22 1.388761222541986077e+22 1.373953081454559127e+22 1.359684323630799598e+22 1.345942569176255798e+22 1.332715274002936260e+22 1.319989802919331155e+22 1.307753494294687017e+22 1.295993717054388149e+22 1.284697920720138037e+22 1.273853679163186925e+22 1.263448728693028946e+22 1.253471001057862196e+22 1.243908651888266130e+22 1.234750085072033310e+22 1.225983973506442435e+22 1.217599276634825818e+22 1.209585255137309570e+22 1.201931483110829982e+22 1.194627858041430186e+22 1.187664608842102918e+22 1.181032302202160624e+22 1.174721847468958207e+22 1.168724500260113193e+22 1.163031864983311876e+22 1.157635896422263108e+22 1.152528900529954226e+22 1.147703534555184182e+22 1.143152806614363275e+22 1.138870074808099196e+22 1.134849045970930369e+22 1.131083774132423649e+22 1.127568658759011428e+22 1.124298442837740382e+22 1.121268210856045943e+22 1.118473386725163087e+22 1.115909731689158201e+22 1.113573342256265429e+22 1.111460648184892831e+22 1.109568410552316094e+22 1.107893719930608445e+22 1.106433994690966376e+22 1.105186979454632591e+22 1.104150743705961523e+22 1.103323680580759978e+22 1.102704505840705995e+22 1.102292257042687905e+22 1.102086292909910393e+22 1.102086292909910393e+22
2.487374111805357529e+22 2.487374111805357529e+22 2.485268442978820135e+22 2.481070723899235448e+22 2.474807995488337396e+22 2.466520333232175369e+22 2.456260277027351403e+22 2.444092092084144570e+22 2.430090878132641228e+22 2.414341547456443135e+22 2.396937694910944064e+22 2.377980384984866331e+22 2.357576882078574497e+22 2.335839350475405761e+22 2.312883549982076541e+22 2.288827551955613961e+22 2.263790498494412541e+22 2.237891425055959050e+22 2.211248163801587830e+22 2.183976341700508176e+22 2.156188483998677834e+22 2.127993230214855393e+22 2.099494666497485387e+22 2.070791775074618284e+22 2.041977998744489663e+22 2.013140915951867475e+22 1.984362020014230654e+22 1.955716594517174911e+22 1.927273675785239737e+22 1.899096092627667884e+22 1.871240573222418750e+22 1.843757908988808030e+22 1.816693165557706601e+22 1.790085931424948840e+22 1.763970595515326372e+22 1.738376645642669785e+22 1.713328980681257963e+22 1.688848230127223230e+22 1.664951075593545948e+22 1.641650569623192679e+22 1.618956448002492858e+22 1.596875432496646534e+22 1.575411521603225046e+22 1.554566267521141309e+22 1.534339038061931581e+22 1.514727262686983016e+22 1.495726662242472978e+22 1.477331462287396543e+22 1.459534590174487485e+22 1.442327856255229284e+22 1.425702119744231755e+22 1.409647439901592492e+22 1.394153213279732341e+22 1.379208297839215824e+22 1.364801124771545324e+22 1.350919798879767495e+22 1.337552188364409956e+22 1.324686004845967258e+22 1.312308874429195931e+22 1.300408400581000325e+22 1.288972219555247240e+22 1.277988049055920003e+22 1.267443730786316137e+22 1.257327267487427225e+22 1.247626855024360319e+22 1.238330910036190246e+22 1.229428093622666291e+22 1.220907331501088676e+22 1.212757831028480934e+22 1.204969095448480449e+22 1.197530935688864727e+22 1.190433480004513196e+22 1.183667181731906480e+22 1.177222825394788159e+22 1.171091531376367134e+22 1.165264759351311912e+22 1.159734310650611394e+22 1.154492329714102200e+22 1.149531304768811146e+22 1.144844067856357052e+22 1.140423794319159617e+22 1.136264001843000613e+22 1.132358549142574517e+22 1.128701634366908295e+22 1.125287793292767710e+22 1.122111897366199219e+22 1.119169151645480544e+22 1.116455092692368281e+22 1.113965586452976973e+22 1.111696826164517745e+22 1.109645330319783494e+22 1.107807940717077280e+22 1.106181820619822413e+22 1.104764453046746664e+22 1.103553639210673190e+22 1.102547497121307270e+22 1.101744460364940680e+22 1.101143277071863959e+22 1.100743009080168363e+22 1.100543031302790368e+22 1.100543031302790368e+22
2.451842118671714275e+22 2.451842118671714275e+22 2.449775260995640780e+22 2.445655070672745084e+22 2.439508398936700014e+22 2.431375030469997783e+22 2.421307106344351616e+22 2.409368376697047273e+22 2.395633301131411797e+22 2.380186018180174447e+22 2.363119207813914978e+22 2.344532872829920189e+22 2.324533065968215969e+22 2.303230589756514920e+22 2.280739695405960266e+22 2.257176805624537258e+22 2.232659284076658059e+22 2.207304271516502747e+22 2.181227605498525647e+22 2.154542837172342777e+22 2.127360355153124052e+22 2.099786622967036982e+22 2.071923533234433740e+22 2.043867878679576681e+22 2.015710937328592408e+22 1.987538166935411753e+22 1.959429001789498091e+22 1.931456743617762374e+22 1.903688537283231744e+22 1.876185421375352288e+22 1.849002443539986828e+22 1.822188830461271212e+22 1.795788202729288814e+22 1.769838825352586907e+22 1.744373885350465398e+22 1.719421788639180358e+22 1.695006469265059899e+22 1.671147704900744380e+22 1.647861433377045977e+22 1.625160065849783170e+22 1.603052792979690566e+22 1.581545881222559826e+22 1.560642956977726135e+22 1.540345276922568743e+22 1.520651983367667555e+22 1.501560343903659780e+22 1.483065974979737262e+22 1.465163049360489762e+22 1.447844487657221102e+22 1.431102134328333278e+22 1.414926918696845076e+22 1.399309001647221585e+22 1.384237908744608101e+22 1.369702650571931202e+22 1.355691831109386188e+22 1.342193744990727622e+22 1.329196464465280552e+22 1.316687916877071411e+22 1.304655953445838756e+22 1.293088410101172142e+22 1.281973161082908102e+22 1.271298165979683488e+22 1.261051510834688374e+22 1.251221443904099949e+22 1.241796406610690572e+22 1.232765060192610445e+22 1.224116308506845381e+22 1.215839317407630046e+22 1.207923531083438411e+22 1.200358685701199574e+22 1.193134820674246803e+22 1.186242287840161222e+22 1.179671758806939022e+22 1.173414230700406604e+22 1.167461030522035529e+22 1.161803818305180192e+22 1.156434589238014719e+22 1.151345674903777758e+22 1.146529743772853679e+22 1.141979801066692149e+22 1.137689188100449763e+22 1.133651581199485554e+22 1.129860990274180743e+22 1.126311757128059060e+22 1.122998553565698877e+22 1.119916379359167696e+22 1.117060560125002619e+22 1.114426745157534614e+22 1.112010905259003085e+22 1.109809330601838038e+22 1.107818628654291327e+22 1.106035722196552044e+22 1.104457847451007372e+22 1.103082552347182131e+22 1.101907694938887291e+22 1.100931441988748706e+22 1.100152267732729987e+22 1.099568952835203872e+22 1.099180583543096581e+22 1.098986551045814170e+22 1.098986551045814170e+22
2.418003763983243071e+22 2.418003763983243071e+22 2.415969546915036319e+22 2.411914621562886763e+22 2.405865802323328814e+22 2.397862808037176325e+22 2.387957672996737594e+22 2.376213984938421964e+22 2.362705968952734070e+22 2.347517439704677378e+22 2.330740647042323212e+22 2.312475041894750382e+22 2.292825990276483698e+22 2.271903463217235283e+22 2.249820729558929978e+22 2.226693076880802500e+22 2.202636583437842409e+22 2.177766961064668719e+22 2.152198485660791734e+22 2.126043028297427924e+22 2.099409196331428322e+22 2.072401590327614164e+22 2.045120179207458416e+22 2.017659792965615013e+22 1.990109729604673051e+22 1.962553470683597452e+22 1.935068498079039409e+22 1.907726203221796140e+22 1.880591879171155270e+22 1.853724785392239405e+22 1.827178274958077854e+22 1.800999974055169543e+22 1.775232004072728324e+22 1.749911237145351160e+22 1.725069576744637720e+22 1.700734255729176740e+22 1.676928145123202984e+22 1.653670067767332150e+22 1.630975111841609417e+22 1.608854940080680835e+22 1.587318091266400662e+22 1.566370271285216700e+22 1.546014631668654014e+22 1.526252034094032486e+22 1.507081299807978914e+22 1.488499443351204082e+22 1.470501890312408924e+22 1.453082679127863565e+22 1.436234647176638733e+22 1.419949601605568954e+22 1.404218475459265325e+22 1.389031469794265032e+22 1.374378182528359989e+22 1.360247724821788492e+22 1.346628825810197702e+22 1.333509926514852679e+22 1.320879263746929721e+22 1.308724944802681140e+22 1.297035013718328895e+22 1.285797509819020188e+22 1.275000519257575601e+22 1.264632220197812018e+22 1.254680922254534613e+22 1.245135100759357836e+22 1.235983426379282016e+22 1.227214790573450645e+22 1.218818327333711538e+22 1.210783431616651434e+22 1.203099774838811866e+22 1.195757317773098326e+22 1.188746321152862428e+22 1.182057354260999727e+22 1.175681301754298552e+22 1.169609368948614942e+22 1.163833085767547932e+22 1.158344309536639785e+22 1.153135226786099600e+22 1.148198354207995488e+22 1.143526538898119328e+22 1.139112957998983755e+22 1.134951117847295689e+22 1.131034852718200593e+22 1.127358323248187258e+22 1.123916014609216464e+22 1.120702734498611698e+22 1.117713611001572203e+22 1.114944090376802560e+22 1.112389934809598447e+22 1.110047220171607428e+22 1.107912333821580254e+22 1.105981972477331584e+22 1.104253140185200460e+22 1.102723146409939095e+22 1.101389604264955242e+22 1.100250428899891295e+22 1.099303836060217036e+22 1.098548340831050059e+22 1.097982756575517658e+22 1.097606194075797343e+22 1.097418060883395661e+22 1.097418060883395661e+22
2.385747622886567943e+22 2.385747622886567943e+22 2.383740168396443170e+22 2.379738828679937209e+22 2.373770532906715002e+22 2.365875156956633838e+22 2.356104917223758784e+22 2.344523587178546699e+22 2.331205556791640116e+22 2.316234758535488156e+22 2.299703486435841750e+22 2.281711136456778449e+22 2.262362897326074023e+22 2.241768420745340885e+22 2.220040498829668542e+22 2.197293774677326430e+22 2.173643509309876942e+22 2.149204425004467565e+22 2.124089641435760951e+22 2.098409717234772895e+22 2.072271805727594303e+22 2.045778929895530404e+22 2.019029378132752518e+22 1.992116219271651210e+22 1.965126932674033746e+22 1.938143146989655687e+22 1.911240479477002247e+22 1.884488466554375950e+22 1.857950575471180644e+22 1.831684286616102660e+22 1.805741235955225435e+22 1.780167407360538155e+22 1.755003365087186518e+22 1.730284517328405345e+22 1.706041402567261002e+22 1.682299991306195803e+22 1.659081996649307832e+22 1.636405188104684778e+22 1.614283703838939126e+22 1.592728357433863098e+22 1.571746935951981543e+22 1.551344486805239392e+22 1.531523591534336698e+22 1.512284625144526143e+22 1.493626000108369111e+22 1.475544394540490162e+22 1.458034964378556144e+22 1.441091539674309067e+22 1.424706805314329615e+22 1.408872466658838027e+22 1.393579400714238139e+22 1.378817793546847781e+22 1.364577264707488763e+22 1.350846979473448265e+22 1.337615749730940223e+22 1.324872124321280662e+22 1.312604469660806965e+22 1.300801041421693878e+22 1.289450048030104774e+22 1.278539706702227518e+22 1.268058292699159488e+22 1.257994182439949723e+22 1.248335891069494991e+22 1.239072105035141323e+22 1.230191710184115536e+22 1.221683815852907954e+22 1.213537775380656554e+22 1.205743203441605136e+22 1.198289990556272348e+22 1.191168315108342576e+22 1.184368653163588223e+22 1.177881786358728072e+22 1.171698808101941962e+22 1.165811128302672491e+22 1.160210476826494606e+22 1.154888905850398074e+22 1.149838791275851442e+22 1.145052833340260876e+22 1.140524056552377051e+22 1.136245809063759813e+22 1.132211761576021695e+22 1.128415905872605925e+22 1.124852553053956053e+22 1.121516331546063772e+22 1.118402184944305150e+22 1.115505369747464756e+22 1.112821453030358725e+22 1.110346310097819822e+22 1.108076122157648708e+22 1.106007374045554252e+22 1.104136852031120238e+22 1.102461641730009176e+22 1.100979126144438632e+22 1.099686983851040781e+22 1.098583187352408870e+22 1.097666001606371233e+22 1.096933982744777379e+22 1.096385976991554417e+22 1.096021119787950146e+22 1.095838835131229720e+22 1.095838835131229720e+22
2.354971740734356875e+22 2.354971740734356875e+22 2.352985400965103144e+22 2.349026428577871875e+22 2.343122020361933160e+22 2.335312433652838485e+22 2.325650357305904569e+22 2.314200099644772870e+22 2.301036614918842666e+22 2.286244393612938209e+22 2.269916244811749890e+22 2.252152000636950833e+22 2.233057173505329594e+22 2.212741596611295681e+22 2.191318076681313321e+22 2.168901085792978757e+22 2.145605516049762799e+22 2.121545517334994826e+22 2.096833434432939282e+22 2.071578855698480916e+22 2.045887781368923528e+22 2.019861915707730454e+22 1.993598083587695129e+22 1.967187768962953563e+22 1.940716770013484365e+22 1.914264963604997263e+22 1.887906170095493395e+22 1.861708108414218928e+22 1.835732430698321019e+22 1.810034825541661701e+22 1.784665179026086271e+22 1.759667783102303411e+22 1.735081581500376809e+22 1.710940444117731744e+22 1.687273461701656392e+22 1.664105253565538448e+22 1.641456282014837218e+22 1.619343168078550453e+22 1.597779004020594468e+22 1.576773658926048399e+22 1.556334074408132726e+22 1.536464548156468206e+22 1.517167003643455262e+22 1.498441244823623251e+22 1.480285195103913378e+22 1.462695120235332528e+22 1.445665835084114035e+22 1.429190894489537243e+22 1.413262768612570667e+22 1.397873003331085717e+22 1.383012366349166340e+22 1.368670979767036124e+22 1.354838439908366877e+22 1.341503925229412837e+22 1.328656293142694828e+22 1.316284166581649827e+22 1.304376011114372766e+22 1.292920203387409636e+22 1.281905091647020571e+22 1.271319049046948682e+22 1.261150520410867604e+22 1.251388063074817042e+22 1.242020382391954257e+22 1.233036362438945853e+22 1.224425092421656143e+22 1.216175889237305144e+22 1.208278316611610765e+22 1.200722201193095994e+22 1.193497645952103822e+22 1.186595041200126611e+22 1.180005073515152671e+22 1.173718732831110201e+22 1.167727317924049007e+22 1.162022440504474888e+22 1.156596028103787230e+22 1.151440325923430833e+22 1.146547897797719359e+22 1.141911626405129486e+22 1.137524712848615277e+22 1.133380675712145215e+22 1.129473349689022611e+22 1.125796883867038751e+22 1.122345739745669572e+22 1.119114689052352184e+22 1.116098811416970632e+22 1.113293491956910706e+22 1.110694418818922237e+22 1.108297580718536524e+22 1.106099264512877763e+22 1.104096052838329116e+22 1.102284821840675838e+22 1.100662739021669492e+22 1.099227261223053767e+22 1.097976132766065387e+22 1.096907383761994462e+22 1.096019328607088070e+22 1.095310564672951602e+22 1.094779971201703661e+22 1.094426708413419356e+22 1.094250216831699229e+22 1.094250216831699229e+22
2.325582638428841207e+22 2.325582638428841207e+22 2.323611937348282588e+22 2.319684459593851732e+22 2.313827826165715724e+22 2.306082905462087562e+22 2.296503155311641205e+22 2.285153774527659901e+22 2.272110687244784553e+22 2.257459387356580466e+22 2.241293673369111101e+22 2.223714305821587485e+22 2.204827620057688939e+22 2.184744126579130499e+22 2.163577129556934394e+22 2.141441391451123273e+22 2.118451868276037884e+22 2.094722536057819732e+22 2.070365324687457019e+22 2.045489170902391403e+22 2.020199197737933079e+22 1.994596023657077250e+22 1.968775200834915507e+22 1.942826778844343566e+22 1.916834987323235185e+22 1.890878029122761445e+22 1.865027973931770839e+22 1.839350741406645328e+22 1.813906162354702254e+22 1.788748106454416333e+22 1.763924665274054633e+22 1.739478379898658305e+22 1.715446503222450271e+22 1.691861287846224593e+22 1.668750291481312782e+22 1.646136692755578382e+22 1.624039611305447286e+22 1.602474426991402130e+22 1.581453093971338409e+22 1.560984446192323658e+22 1.541074491607539830e+22 1.521726693087879207e+22 1.502942234576235056e+22 1.484720271529611572e+22 1.467058165114315420e+22 1.449951699968450154e+22 1.433395285630397291e+22 1.417382141958850137e+22 1.401904469046477613e+22 1.386953602261856341e+22 1.372520153149728830e+22 1.358594136983547255e+22 1.345165087802174053e+22 1.332222161779117628e+22 1.319754229772297490e+22 1.307749959888311786e+22 1.296197890871005911e+22 1.285086497092195792e+22 1.274404245885102850e+22 1.264139647920071351e+22 1.254281301279031637e+22 1.244817929841247938e+22 1.235738416548807705e+22 1.227031832077108930e+22 1.218687459393814502e+22 1.210694814649254989e+22 1.203043664803396374e+22 1.195724042358220653e+22 1.188726257530718860e+22 1.182040908170283031e+22 1.175658887695103427e+22 1.169571391295412660e+22 1.163769920626601492e+22 1.158246287192819866e+22 1.152992614600855991e+22 1.148001339845490455e+22 1.143265213770459670e+22 1.138777300833568345e+22 1.134530978290892328e+22 1.130519934902093218e+22 1.126738169247853812e+22 1.123179987740085400e+22 1.119840002396499476e+22 1.116713128443043539e+22 1.113794581800255331e+22 1.111079876503127720e+22 1.108564822098201228e+22 1.106245521056416662e+22 1.104118366235550705e+22 1.102180038421928267e+22 1.100427503977366762e+22 1.098858012614010182e+22 1.097469095316715838e+22 1.096258562430002319e+22 1.095224501924151480e+22 1.094365277852903512e+22 1.093679529013261684e+22 1.093166167815994999e+22 1.092824379373925276e+22 1.092653620813473880e+22 1.092653620813473880e+22
2.297494452141755361e+22 2.297494452141755361e+22 2.295534029892493509e+22 2.291627409715232768e+22 2.285802799770549984e+22 2.278101918115207682e+22 2.268579299057943865e+22 2.257301399760389590e+22 2.244345532412700760e+22 2.229798651677823625e+22 2.213756030272913434e+22 2.196319857429861892e+22 2.177597795503272939e+22 2.157701529201948806e+22 2.136745339907336254e+22 2.114844734473228203e+22 2.092115153989372425e+22 2.068670783486098303e+22 2.044623478718868750e+22 2.020081821256312999e+22 1.995150308334833867e+22 1.969928679531136785e+22 1.944511378390573174e+22 1.918987143832854436e+22 1.893438723490327193e+22 1.867942699125234781e+22 1.842569412895961829e+22 1.817382982442913104e+22 1.792441392471638593e+22 1.767796650641095813e+22 1.743494996033690770e+22 1.719577149207903784e+22 1.696078593737435696e+22 1.673029880155100047e+22 1.650456944288447909e+22 1.628381433050014784e+22 1.606821031792539284e+22 1.585789788331359758e+22 1.565298429654277816e+22 1.545354668171785457e+22 1.525963495102121771e+22 1.507127459235202335e+22 1.488846929878909243e+22 1.471120343265213363e+22 1.453944432088971005e+22 1.437314438175242846e+22 1.421224308530288473e+22 1.405666875234075437e+22 1.390634019786198090e+22 1.376116822629135312e+22 1.362105698650000720e+22 1.348590519509686472e+22 1.335560723672328883e+22 1.323005415012650556e+22 1.310913450868379065e+22 1.299273520382747240e+22 1.288074213951060889e+22 1.277304084548190994e+22 1.266951701672269080e+22 1.257005698595660654e+22 1.247454813568955423e+22 1.238287925578032166e+22 1.229494085209189620e+22 1.221062541133500908e+22 1.212982762679517053e+22 1.205244458923073942e+22 1.197837594685346939e+22 1.190752403794489351e+22 1.183979399933159539e+22 1.177509385363367605e+22 1.171333457791811584e+22 1.165443015612590719e+22 1.159829761740348640e+22 1.154485706225002480e+22 1.149403167819330224e+22 1.144574774652568391e+22 1.139993464146881833e+22 1.135652482298667860e+22 1.131545382433387132e+22 1.127666023530533329e+22 1.124008568204634253e+22 1.120567480418400050e+22 1.117337522995441592e+22 1.114313754992318611e+22 1.111491528982573508e+22 1.108866488299340536e+22 1.106434564277442865e+22 1.104191973531090262e+22 1.102135215298739542e+22 1.100261068882912582e+22 1.098566591209058337e+22 1.097049114524669444e+22 1.095706244256828175e+22 1.094535857044023620e+22 1.093536098955812877e+22 1.092705383911727196e+22 1.092042392309261245e+22 1.091546069868836238e+22 1.091215626702298703e+22 1.091050536609966037e+22 1.091050536609966037e+22
2.270628195092851065e+22 2.270628195092851065e+22 2.268672753772098539e+22 2.264776482743987995e+22 2.258968349435511597e+22 2.251291173205250251e+22 2.241800888500751853e+22 2.230565596962762208e+22 2.217664436270571245e+22 2.203186298263857162e+22 2.187228432276067346e+22 2.169894971544547046e+22 2.151295420971644407e+22 2.131543143435002813e+22 2.110753879404888824e+22 2.089044331018863405e+22 2.066530837246941069e+22 2.043328161647925028e+22 2.019548408777742169e+22 1.995300079857356820e+22 1.970687273103815344e+22 1.945809029385535724e+22 1.920758819738634682e+22 1.895624167869697648e+22 1.870486398112993640e+22 1.845420497396202000e+22 1.820495078551840621e+22 1.795772431715087784e+22 1.771308650481651496e+22 1.747153819860737406e+22 1.723352253750061302e+22 1.699942770587928311e+22 1.676958996919271555e+22 1.654429689776630347e+22 1.632379069965399805e+22 1.610827159509640675e+22 1.589790117626513877e+22 1.569280570630528513e+22 1.549307932108261215e+22 1.529878710542597410e+22 1.510996802300522634e+22 1.492663768532119244e+22 1.474879095065993963e+22 1.457640434834309802e+22 1.440943832727951717e+22 1.424783933076845835e+22 1.409154170181943663e+22 1.394046942501506803e+22 1.379453771223768288e+22 1.365365444048021409e+22 1.351772145053311435e+22 1.338663571564387526e+22 1.326029038933422952e+22 1.313857574147900781e+22 1.302137999153902387e+22 1.290859004752809270e+22 1.280009215891398145e+22 1.269577249122104535e+22 1.259551762964195102e+22 1.249921501848957616e+22 1.240675334284004190e+22 1.231802285824242876e+22 1.223291567390861138e+22 1.215132599435133557e+22 1.207315032401318301e+22 1.199828763902852727e+22 1.192663952988398682e+22 1.185811031839069543e+22 1.179260715205642735e+22 1.173004007864374867e+22 1.167032210342456538e+22 1.161336923138552129e+22 1.155910049640963532e+22 1.150743797924594136e+22 1.145830681588902186e+22 1.141163519781566100e+22 1.136735436536937657e+22 1.132539859544185399e+22 1.128570518447287016e+22 1.124821442767635035e+22 1.121286959529628323e+22 1.117961690660554460e+22 1.114840550227733119e+22 1.111918741568597315e+22 1.109191754362783793e+22 1.106655361689463869e+22 1.104305617107980334e+22 1.102138851795073709e+22 1.100151671768028388e+22 1.098340955219296466e+22 1.096703849984824443e+22 1.095237771165526760e+22 1.093940398918704352e+22 1.092809676433803706e+22 1.091843808104952522e+22 1.091041257910815215e+22 1.090400748010504769e+22 1.089921257562968582e+22 1.089602021775683197e+22 1.089442531187242933e+22 1.089442531187242933e+22
2.244911134866609589e+22 2.244911134866609589e+22 2.242955384421055306e+22 2.239058976100949636e+22 2.233251820936618207e+22 2.225578108731007592e+22 2.216095519523324559e+22 2.204874210428407356e+22 2.191995608570998764e+22 2.177551046036290955e+22 2.161640276441990745e+22 2.144369914747344126e+22 2.125851842191754999e+22 2.106201616840890148e+22 2.085536927258845695e+22 2.063976122560382029e+22 2.041636846838970371e+22 2.018634800068669158e+22 1.995082641406263558e+22 1.971089044718746390e+22 1.946757910429229593e+22 1.922187732646672256e+22 1.897471116183587730e+22 1.872694434560103311e+22 1.847937617465277048e+22 1.823274054363804756e+22 1.798770599923901111e+22 1.774487666597589680e+22 1.750479389891117240e+22 1.726793852500450057e+22 1.703473354439566085e+22 1.680554717452883198e+22 1.658069613288035136e+22 1.636044906736629527e+22 1.614503005670572084e+22 1.593462211566481755e+22 1.572937065189771680e+22 1.552938683184641055e+22 1.533475082275168400e+22 1.514551488623721159e+22 1.496170630617017772e+22 1.478333013963885144e+22 1.461037178499746077e+22 1.444279936510791883e+22 1.428056592726130426e+22 1.412361146388907767e+22 1.397186476017724896e+22 1.382524507616825888e+22 1.368366367196100270e+22 1.354702518527762157e+22 1.341522887102330359e+22 1.328816971258155290e+22 1.316573941451636238e+22 1.304782728613437899e+22 1.293432102503282062e+22 1.282510740935394145e+22 1.272007290700877844e+22 1.261910420963888778e+22 1.252208869857770131e+22 1.242891484955879775e+22 1.233947258241108306e+22 1.225365356148705093e+22 1.217135145209420789e+22 1.209246213774668674e+22 1.201688390262673375e+22 1.194451758324308037e+22 1.187526669290059701e+22 1.180903752224689304e+22 1.174573921884230491e+22 1.168528384840563478e+22 1.162758644011638981e+22 1.157256501811117818e+22 1.152014062108495630e+22 1.147023731170693087e+22 1.142278217737580629e+22 1.137770532367233765e+22 1.133493986171901759e+22 1.129442189052041442e+22 1.125609047523676966e+22 1.121988762223607651e+22 1.118575825167175805e+22 1.115365016824539251e+22 1.112351403073944001e+22 1.109530332083090830e+22 1.106897431164138553e+22 1.104448603641767526e+22 1.102180025769424165e+22 1.100088143724123940e+22 1.098169670706592429e+22 1.096421584170021133e+22 1.094841123197674324e+22 1.093425786046952925e+22 1.092173327875064201e+22 1.091081758659402793e+22 1.090149341323751693e+22 1.089374590079762380e+22 1.088756268991696287e+22 1.088293390770885781e+22 1.087985215805225907e+22 1.087831251427841278e+22 1.087831251427841278e+22
2.220276286847647849e+22 2.220276286847647849e+22 2.218314889619267859e+22 2.214407770413101954e+22 2.208585983892868878e+22 2.200895381954797922e+22 2.191395763809142021e+22 2.180159785278329009e+22 2.167271661491113375e+22 2.152825702921870193e+22 2.136924728765585346e+22 2.119678403762405455e+22 2.101201544712565031e+22 2.081612441099787095e+22 2.061031230646568092e+22 2.039578365550835794e+22 2.017373198982471221e+22 1.994532714581132837e+22 1.971170414633980369e+22 1.947395375730568200e+22 1.923311474336653430e+22 1.899016779158875904e+22 1.874603102555217487e+22 1.850155699658899954e+22 1.825753101323492917e+22 1.801467065399294034e+22 1.777362630105677116e+22 1.753498253235092822e+22 1.729926021464914185e+22 1.706691915019338750e+22 1.683836114181337540e+22 1.661393335588296747e+22 1.639393187757963189e+22 1.617860536806885294e+22 1.596815874784927888e+22 1.576275684416405111e+22 1.556252795284915382e+22 1.536756727611997028e+22 1.517794020753605132e+22 1.499368544375766883e+22 1.481481790978190528e+22 1.464133149021730085e+22 1.447320156394335345e+22 1.431038734332535295e+22 1.415283402214089530e+22 1.400047473864132579e+22 1.385323236183005305e+22 1.371102111019029863e+22 1.357374801283025312e+22 1.344131422340933222e+22 1.331361619733890099e+22 1.319054674266698233e+22 1.307199595481612576e+22 1.295785204498030815e+22 1.284800207154112679e+22 1.274233258335971521e+22 1.264073018326250213e+22 1.254308201948345323e+22 1.244927621226731615e+22 1.235920222228764112e+22 1.227275116699863063e+22 1.218981609052544854e+22 1.211029219221042731e+22 1.203407701847124528e+22 1.196107062219637155e+22 1.189117569350304688e+22 1.182429766530987406e+22 1.176034479683592310e+22 1.169922823782265782e+22 1.164086207598885759e+22 1.158516336996668722e+22 1.153205216972903966e+22 1.148145152630233602e+22 1.143328749236524784e+22 1.138748911515638484e+22 1.134398842295632580e+22 1.130272040626726266e+22 1.126362299468515534e+22 1.122663703034552176e+22 1.119170623872158820e+22 1.115877719746146625e+22 1.112779930387143354e+22 1.109872474157740982e+22 1.107150844683424576e+22 1.104610807489438207e+22 1.102248396679629976e+22 1.100059911688851502e+22 1.098041914136488156e+22 1.096191224805136427e+22 1.094504920765357779e+22 1.092980332664570302e+22 1.091615042195839517e+22 1.090406879760035401e+22 1.089353922332903814e+22 1.088454491546971433e+22 1.087707151996616599e+22 1.087110709773239268e+22 1.086664211236320497e+22 1.086366942024928592e+22 1.086218426313340040e+22 1.086218426313340040e+22
2.196662033999515248e+22 2.196662033999515248e+22 2.194689546160664530e+22 2.190760940232214210e+22 2.184908634228039824e+22 2.177180462064160735e+22 2.167638751116035673e+22 2.156359139850132128e+22 2.143429173794135710e+22 2.128946724580924745e+22 2.113018281299259739e+22 2.095757165665463357e+22 2.077281722487698306e+22 2.057713534575309960e+22 2.037175706865471848e+22 2.015791258459275526e+22 1.993681653954921470e+22 1.970965497468337468e+22 1.947757404579844797e+22 1.924167059625678261e+22 1.900298458666047740e+22 1.876249332393164197e+22 1.852110738362197449e+22 1.827966808290676336e+22 1.803894633740230040e+22 1.779964272158972681e+22 1.756238854868656823e+22 1.732774778949196159e+22 1.709621965922560587e+22 1.686824171495184191e+22 1.664419332231231911e+22 1.642439936769450731e+22 1.620913410962253205e+22 1.599862508030270846e+22 1.579305696434892623e+22 1.559257539640673960e+22 1.539729063249550351e+22 1.520728106133365562e+22 1.502259653171580869e+22 1.484326148026046349e+22 1.466927785066266991e+22 1.450062780111021461e+22 1.433727620091072007e+22 1.417917292077946556e+22 1.402625492380154855e+22 1.387844816594000465e+22 1.373566931623838378e+22 1.359782730766548677e+22 1.346482472996904213e+22 1.333655907602258094e+22 1.321292385303502468e+22 1.309380956970014894e+22 1.297910460994373550e+22 1.286869600341660900e+22 1.276247010231055496e+22 1.266031317347223785e+22 1.256211191417050392e+22 1.246775389925401218e+22 1.237712796682895229e+22 1.229012454899950656e+22 1.220663595365159246e+22 1.212655660272886743e+22 1.204978323194959521e+22 1.197621505644712218e+22 1.190575390638325996e+22 1.183830433618421875e+22 1.177377371068214490e+22 1.171207227110795405e+22 1.165311318357522881e+22 1.159681257241503072e+22 1.154308954046965848e+22 1.149186617822207489e+22 1.144306756343381046e+22 1.139662175277590512e+22 1.135245976677107787e+22 1.131051556921493632e+22 1.127072604210966456e+22 1.123303095702300236e+22 1.119737294367916399e+22 1.116369745649064319e+22 1.113195273965704682e+22 1.110208979137893656e+22 1.107406232766985850e+22 1.104782674618749865e+22 1.102334209045455857e+22 1.100057001479113802e+22 1.097947475024063286e+22 1.096002307173341410e+22 1.094218426670154724e+22 1.092593010532796282e+22 1.091123481259057296e+22 1.089807504223684159e+22 1.088642985280823257e+22 1.087628068581351096e+22 1.086761134613757480e+22 1.086040798475663599e+22 1.085465908382033930e+22 1.085035544414973749e+22 1.084749017519022617e+22 1.084605868745073833e+22 1.084605868745073833e+22
2.174011897413371953e+22 2.174011897413371953e+22 2.172022704997515919e+22 2.168061508742380152e+22 2.162162334136804363e+22 2.154375352142080980e+22 2.144765871314177307e+22 2.133413047378885004e+22 2.120408353336117009e+22 2.105853860517451189e+22 2.089860386107780026e+22 2.072545565148512151e+22 2.054031904806867776e+22 2.034444875767809992e+22 2.013911090242624736e+22 1.992556608744226973e+22 1.970505409053055150e+22 1.947878041357637386e+22 1.924790484064748438e+22 1.901353205826671398e+22 1.877670431392472760e+22 1.853839602272842862e+22 1.829951018074507523e+22 1.806087640732092124e+22 1.782325041653236944e+22 1.758731470827616941e+22 1.735368027018905623e+22 1.712288909029049945e+22 1.689541729472644488e+22 1.667167874321148281e+22 1.645202893499950694e+22 1.623676909906427694e+22 1.602615036259114104e+22 1.582037791112556236e+22 1.561961507131244728e+22 1.542398726282853482e+22 1.523358577975481074e+22 1.504847137328083868e+22 1.486867761737776077e+22 1.469421404707864602e+22 1.452506906544507453e+22 1.436121262037264656e+22 1.420259865628564154e+22 1.404916734867529112e+22 1.390084713151358566e+22 1.375755652897255614e+22 1.361920580373272592e+22 1.348569843458099905e+22 1.335693243607834375e+22 1.323280153289850408e+22 1.311319620106834464e+22 1.299800458783088024e+22 1.288711332125126898e+22 1.278040822002236365e+22 1.267777491323484688e+22 1.257909937917243320e+22 1.248426841149512719e+22 1.239317002049283949e+22 1.230569377643809997e+22 1.222173110144390188e+22 1.214117551564728880e+22 1.206392284299070643e+22 1.198987138136354167e+22 1.191892204139612576e+22 1.185097845776479106e+22 1.178594707647004200e+22 1.172373722118937064e+22 1.166426114147408989e+22 1.160743404526462252e+22 1.155317411792619884e+22 1.150140252976409320e+22 1.145204343375857818e+22 1.140502395506224477e+22 1.136027417362565379e+22 1.131772710116001212e+22 1.127731865350261493e+22 1.123898761932634587e+22 1.120267562602071484e+22 1.116832710347346202e+22 1.113588924639102999e+22 1.110531197571961769e+22 1.107654789965682835e+22 1.104955227468267205e+22 1.102428296698530261e+22 1.100070041460610905e+22 1.097876759058920872e+22 1.095844996738062693e+22 1.093971548269054630e+22 1.092253450700325283e+22 1.090687981289361480e+22 1.089272654628645765e+22 1.088005219977613489e+22 1.086883658810649058e+22 1.085906182589584612e+22 1.085071230767885556e+22 1.084377469032548060e+22 1.083823787788687586e+22 1.083409300890880206e+22 1.083133344624525128e+22 1.082995476939773313e+22 1.082995476939773313e+22
2.152274504196852967e+22 2.152274504196852967e+22 2.150262750510880444e+22 2.146257390310941052e+22 2.140294330828874947e+22 2.132426478482502556e+22 2.122722630495582237e+22 2.111266057241782911e+22 2.098152824046926116e+22 2.083489909642440894e+22 2.067393184326337587e+22 2.049985313718350224e+22 2.031393653554928209e+22 2.011748197286957338e+22 1.991179631636066494e+22 1.969817546314286629e+22 1.947788833584165002e+22 1.925216302086720009e+22 1.902217518227259602e+22 1.878903878105209976e+22 1.855379904049055583e+22 1.831742752612756855e+22 1.808081915544529273e+22 1.784479091719686796e+22 1.761008206171427412e+22 1.737735551907534786e+22 1.714720030877285351e+22 1.692013471955609767e+22 1.669661005866763446e+22 1.647701479339516022e+22 1.626167893277774394e+22 1.605087852196965804e+22 1.584484014513223369e+22 1.564374535411179979e+22 1.544773495919323224e+22 1.525691313474093711e+22 1.507135130657152513e+22 1.489109179957641845e+22 1.471615123362353145e+22 1.454652366336138674e+22 1.438218346346778198e+22 1.422308796538037679e+22 1.406917985484947010e+22 1.392038934196872492e+22 1.377663611686251135e+22 1.363783110509297926e+22 1.350387803723701577e+22 1.337467484708910662e+22 1.325011491266444971e+22 1.313008815368598192e+22 1.301448199860525413e+22 1.290318223347344527e+22 1.279607374419446674e+22 1.269304116287772610e+22 1.259396942819301209e+22 1.249874426882995886e+22 1.240725261838950859e+22 1.231938296929773106e+22 1.223502567263329006e+22 1.215407319010870768e+22 1.207642030383675159e+22 1.200196428895310001e+22 1.193060505365006569e+22 1.186224525070361323e+22 1.179679036414550553e+22 1.173414877434081182e+22 1.167423180437682808e+22 1.161695375034799043e+22 1.156223189783469359e+22 1.150998652661211857e+22 1.146014090539345904e+22 1.141262127820395512e+22 1.136735684379372893e+22 1.132427972933251917e+22 1.128332495948057936e+22 1.124443042179792765e+22 1.120753682933642114e+22 1.117258768115650318e+22 1.113952922141546093e+22 1.110831039759596808e+22 1.107888281836816066e+22 1.105120071151723636e+22 1.102522088231092093e+22 1.100090267263275159e+22 1.097820792116279561e+22 1.095710092485003208e+22 1.093754840188685858e+22 1.091951945636677000e+22 1.090298554478081606e+22 1.088792044448675319e+22 1.087430022426369458e+22 1.086210321705001078e+22 1.085130999494611881e+22 1.084190334655165943e+22 1.083386825669480966e+22 1.082719188860235311e+22 1.082186356855027427e+22 1.081787477302670524e+22 1.081521911843372453e+22 1.081389235334680465e+22 1.081389235334680465e+22
2.131403835183293740e+22 2.131403835183293740e+22 2.129363334798979052e+22 2.125301598677709409e+22 2.119256727396496179e+22 2.111284815019131693e+22 2.101458722497721952e+22 2.089866510155267021e+22 2.076609584624266379e+22 2.061800625507022982e+22 2.045561363930613285e+22 2.028020288473543790e+22 2.009310353279235077e+22 1.989566758538553432e+22 1.968924865317417098e+22 1.947518295680019438e+22 1.925477256220583448e+22 1.902927109576523252e+22 1.879987205316183851e+22 1.856769969663537211e+22 1.833380243476950548e+22 1.809914850096345776e+22 1.786462369206239861e+22 1.763103089610171456e+22 1.739909112502608200e+22 1.716944577099572707e+22 1.694265981960787381e+22 1.671922577631192338e+22 1.649956809017791191e+22 1.628404788926026980e+22 1.607296787199315621e+22 1.586657722784502566e+22 1.566507648687964737e+22 1.546862222135054356e+22 1.527733154277943044e+22 1.509128635513484765e+22 1.491053733891131677e+22 1.473510765237137677e+22 1.456499634526861499e+22 1.440018148734971727e+22 1.424062301915816814e+22 1.408626533643130293e+22 1.393703962196970150e+22 1.379286594049273967e+22 1.365365511288653244e+22 1.351931038656707009e+22 1.338972891856392893e+22 1.326480308749565795e+22 1.314442164994694133e+22 1.302847075594658644e+22 1.291683483734005252e+22 1.280939738189612974e+22 1.270604160501682694e+22 1.260665102996057201e+22 1.251110998655465895e+22 1.241930403748162988e+22 1.233112034037932543e+22 1.224644795320374814e+22 1.216517808956837252e+22 1.208720433009477760e+22 1.201242279518593352e+22 1.194073228406331068e+22 1.187203438439028281e+22 1.180623355633378473e+22 1.174323719449083485e+22 1.168295567072257953e+22 1.162530236059391676e+22 1.157019365580730060e+22 1.151754896474181625e+22 1.146729070296149315e+22 1.141934427533435575e+22 1.137363805120959716e+22 1.133010333392210756e+22 1.128867432574002764e+22 1.124928808923273835e+22 1.121188450591389306e+22 1.117640623290704305e+22 1.114279865828495904e+22 1.111100985565077150e+22 1.108099053845315846e+22 1.105269401446472745e+22 1.102607614079323131e+22 1.100109527974638361e+22 1.097771225582664679e+22 1.095589031409295032e+22 1.093559508009445491e+22 1.091679452154961278e+22 1.089945891192092964e+22 1.088356079601130563e+22 1.086907495769023342e+22 1.085597838984056354e+22 1.084425026660261796e+22 1.083387191797994435e+22 1.082482680686014418e+22 1.081710050849494296e+22 1.081068069247733308e+22 1.080555710724371487e+22 1.080172156712611165e+22 1.079916794197314843e+22 1.079789214935368598e+22 1.079789214935368598e+22
2.111359894835504035e+22 2.111359894835504035e+22 2.109284026589404935e+22 2.105152854996045057e+22 2.099007032283575091e+22 2.090906359668480462e+22 2.080928421519403935e+22 2.069166840990311593e+22 2.055729220280812936e+22 2.040734840455512352e+22 2.024312204094245070e+22 2.006596508051602145e+22 1.987727132713002887e+22 1.967845228285335595e+22 1.947091468358020550e+22 1.925604027224874707e+22 1.903516821617121427e+22 1.880958041033086180e+22 1.858048975130413184e+22 1.834903132773672183e+22 1.811625636039944149e+22 1.788312864125997600e+22 1.765052316680191161e+22 1.741922663341835367e+22 1.718993945785637903e+22 1.696327899833406220e+22 1.673978367700273568e+22 1.651991773721942557e+22 1.630407640572379949e+22 1.609259126723128276e+22 1.588573569495164204e+22 1.568373021367832936e+22 1.548674770152787332e+22 1.529491836179923442e+22 1.510833441774876230e+22 1.492705450056511757e+22 1.475110771482833401e+22 1.458049737667537535e+22 1.441520442821035059e+22 1.425519053782111171e+22 1.410040090038969251e+22 1.395076675426459425e+22 1.380620763360245527e+22 1.366663337554437839e+22 1.353194590188099076e+22 1.340204079455613118e+22 1.327680868370275212e+22 1.315613646600783947e+22 1.303990837015146083e+22 1.292800688492682150e+22 1.282031356447481974e+22 1.271670972389114302e+22 1.261707703731873435e+22 1.252129804953782216e+22 1.242925661102396565e+22 1.234083824546805816e+22 1.225593045784713809e+22 1.217442299029776604e+22 1.209620803227859970e+22 1.202118039081023282e+22 1.194923762594626090e+22 1.188028015605615428e+22 1.181421133698366125e+22 1.175093751867955898e+22 1.169036808249118661e+22 1.163241546191825011e+22 1.157699514931213238e+22 1.152402569069873804e+22 1.147342867064196537e+22 1.142512868883034014e+22 1.137905332986143415e+22 1.133513312751488441e+22 1.129330152464265196e+22 1.125349482966066554e+22 1.121565217049911126e+22 1.117971544675852275e+22 1.114562928071807284e+22 1.111334096775838643e+22 1.108280042668347621e+22 1.105396015036190897e+22 1.102677515704647811e+22 1.100120294268415771e+22 1.097720343448043441e+22 1.095473894594553944e+22 1.093377413361665101e+22 1.091427595561871186e+22 1.089621363220407753e+22 1.087955860838802679e+22 1.086428451877777362e+22 1.085036715467798793e+22 1.083778443354123010e+22 1.082651637081925956e+22 1.081654505426292782e+22 1.080785462070816329e+22 1.080043123537878398e+22 1.079426307373243616e+22 1.078934030586756465e+22 1.078565508350908301e+22 1.078320152958334298e+22 1.078197573039214192e+22 1.078197573039214192e+22
2.092110047840636502e+22 2.092110047840636502e+22 2.089991614371486656e+22 2.085776825790729971e+22 2.079509303778772360e+22 2.071253161993218451e+22 2.061091475746833039e+22 2.049124328162798128e+22 2.035466505083608577e+22 2.020244925316114625e+22 2.003595903142415303e+22 1.985662345078115192e+22 1.966590981736487925e+22 1.946529728205921714e+22 1.925625253237673584e+22 1.904020820161356156e+22 1.881854442648396366e+22 1.859257378209725520e+22 1.836352963430072084e+22 1.813255778774644949e+22 1.790071118183330847e+22 1.766894729889911407e+22 1.743812789818232511e+22 1.720902067047335618e+22 1.698230241560974538e+22 1.675856337105511567e+22 1.653831235813025356e+22 1.632198245734227431e+22 1.610993697116278017e+22 1.590247547825757041e+22 1.569983982537277859e+22 1.550221994057645896e+22 1.530975938377876190e+22 1.512256057736485352e+22 1.494068968165789087e+22 1.476418109726780083e+22 1.459304158975813589e+22 1.442725404207902360e+22 1.426678084744898413e+22 1.411156696035306242e+22 1.396154262652554576e+22 1.381662581459852775e+22 1.367672437286003488e+22 1.354173793454534741e+22 1.341155959450407797e+22 1.328607737911634716e+22 1.316517553010828221e+22 1.304873562154324512e+22 1.293663752781982754e+22 1.282876025904495487e+22 1.272498267871286133e+22 1.262518411723828888e+22 1.252924489357980598e+22 1.243704675596049475e+22 1.234847325155533783e+22 1.226341003396509807e+22 1.218174511634067961e+22 1.210336907714914733e+22 1.202817522478670152e+22 1.195605972653339312e+22 1.188692170670659863e+22 1.182066331830059637e+22 1.175718979188831551e+22 1.169640946510887859e+22 1.163823379565931764e+22 1.158257736035147448e+22 1.152935784247662215e+22 1.147849600944016930e+22 1.142991568238001992e+22 1.138354369926341119e+22 1.133930987276395243e+22 1.129714694405082212e+22 1.125699053347270767e+22 1.121877908898782065e+22 1.118245383307658894e+22 1.114795870877266005e+22 1.111524032535968560e+22 1.108424790420500565e+22 1.105493322513252142e+22 1.102725057368126652e+22 1.100115668954119563e+22 1.097661071641869602e+22 1.095357415354052431e+22 1.093201080897625077e+22 1.091188675492756377e+22 1.089317028511029291e+22 1.087583187433231588e+22 1.085984414035368477e+22 1.084518180809867264e+22 1.083182167627829713e+22 1.081974258646858806e+22 1.080892539468224083e+22 1.079935294546326743e+22 1.079101004852787308e+22 1.078388345796885165e+22 1.077796185403820920e+22 1.077323582751758929e+22 1.076969786668452990e+22 1.076734234687996690e+22 1.076616552268092460e+22 1.076616552268092460e+22
2.073631444382865424e+22 2.073631444382865424e+22 2.071462476904872385e+22 2.067148386840924599e+22 2.060736261066113365e+22 2.052295243307204110e+22 2.041914808442596360e+22 2.029702558961832559e+22 2.015781626574639464e+22 2.000287779748518560e+22 1.983366351161939670e+22 1.965169105666158310e+22 1.945851167978391863e+22 1.925568119689950790e+22 1.904473358197361056e+22 1.882715787829003367e+22 1.860437888351419446e+22 1.837774180910572031e+22 1.814850088647388666e+22 1.791781170405114800e+22 1.768672692010056732e+22 1.745619490712088845e+22 1.722706084097962069e+22 1.700006974356293314e+22 1.677587101233844532e+22 1.655502401431560992e+22 1.633800437705453286e+22 1.612521066881958806e+22 1.591697121868107901e+22 1.571355088197380578e+22 1.551515760505026458e+22 1.532194868484011721e+22 1.513403665321546062e+22 1.495149474395594529e+22 1.477436192188063652e+22 1.460264747027078211e+22 1.443633514489657583e+22 1.427538691157069398e+22 1.411974628991056006e+22 1.396934132952159434e+22 1.382408724664672898e+22 1.368388874989553582e+22 1.354864208331901659e+22 1.341823681411252067e+22 1.329255739082037579e+22 1.317148449624861704e+22 1.305489621748795258e+22 1.294266905359546529e+22 1.283467877964981679e+22 1.273080118411897340e+22 1.263091269479543970e+22 1.253489090697636295e+22 1.244261502610696464e+22 1.235396623576472119e+22 1.226882800064241703e+22 1.218708631308188254e+22 1.210862989071552086e+22 1.203335033187782047e+22 1.196114223465195215e+22 1.189190328470311692e+22 1.182553431641836172e+22 1.176193935131178277e+22 1.170102561715683066e+22 1.164270355086920647e+22 1.158688678777778812e+22 1.153349213957923222e+22 1.148243956297375941e+22 1.143365212071577571e+22 1.138705593658295242e+22 1.134258014556526320e+22 1.130015684039777924e+22 1.125972101540806761e+22 1.122121050851195958e+22 1.118456594207594041e+22 1.114973066325944749e+22 1.111665068436308676e+22 1.108527462363003932e+22 1.105555364688071701e+22 1.102744141030293819e+22 1.100089400466853803e+22 1.097586990120424387e+22 1.095232989930811766e+22 1.093023707626764396e+22 1.090955673911190094e+22 1.089025637870302396e+22 1.087230562615438816e+22 1.085567621164547283e+22 1.084034192568760664e+22 1.082627858288522926e+22 1.081346398822475183e+22 1.080187790591728917e+22 1.079150203081269340e+22 1.078231996239813647e+22 1.077431718139028046e+22 1.076748102892611489e+22 1.076180068835522721e+22 1.075726716963546936e+22 1.075387329633082933e+22 1.075161369521207797e+22 1.075048478845820312e+22 1.075048478845820312e+22
2.055915270185702706e+22 2.055915270185702706e+22 2.053686740979853925e+22 2.049255601435653964e+22 2.042673005565257659e+22 2.034013997633647306e+22 2.023375552188628808e+22 2.010874069835998822e+22 1.996642424462752140e+22 1.980826680296279638e+22 1.963582614530154299e+22 1.945072190137313526e+22 1.925460121791890037e+22 1.904910665049235574e+22 1.883584736468953517e+22 1.861637443124409559e+22 1.839216067678338390e+22 1.816458523691235410e+22 1.793492268171303846e+22 1.770433636600366341e+22 1.747387550641786611e+22 1.724447540305613921e+22 1.701696019648881046e+22 1.679204756873615822e+22 1.657035484596270845e+22 1.635240602842683566e+22 1.613863934933225754e+22 1.592941504081565424e+22 1.572502305709903525e+22 1.552569056871394260e+22 1.533158909622481427e+22 1.514284119679213502e+22 1.495952665274640394e+22 1.478168813905134800e+22 1.460933636727832681e+22 1.444245471867509617e+22 1.428100338922045624e+22 1.412492307620175020e+22 1.397413823969266500e+22 1.382855997405388603e+22 1.368808852479912024e+22 1.355261548532026311e+22 1.342202570639640887e+22 1.329619894939100486e+22 1.317501131176867896e+22 1.305833645118273775e+22 1.294604663199891666e+22 1.283801361580196207e+22 1.273410941522688134e+22 1.263420692839052345e+22 1.253818046929251493e+22 1.244590620780698324e+22 1.235726253130263193e+22 1.227213033849845344e+22 1.219039327488054605e+22 1.211193791786124103e+22 1.203665391884277960e+22 1.196443410844668972e+22 1.189517457037118459e+22 1.182877468863532053e+22 1.176513717235108702e+22 1.170416806161908184e+22 1.164577671766767514e+22 1.158987579993801045e+22 1.153638123245196961e+22 1.148521216148162531e+22 1.143629090626022775e+22 1.138954290423323322e+22 1.134489665213591821e+22 1.130228364400159569e+22 1.126163830704456912e+22 1.122289793622422113e+22 1.118600262817559242e+22 1.115089521509040495e+22 1.111752119903964470e+22 1.108582868715438290e+22 1.105576832801240095e+22 1.102729324952256564e+22 1.100035899854760287e+22 1.097492348246569884e+22 1.095094691283349170e+22 1.092839175128302695e+22 1.090722265775894168e+22 1.088740644117977812e+22 1.086891201258862097e+22 1.085171034084355762e+22 1.083577441088344320e+22 1.082107918459632773e+22 1.080760156430705413e+22 1.079532035889425495e+22 1.078421625254219402e+22 1.077427177612700444e+22 1.076547128123522128e+22 1.075780091680923845e+22 1.075124860841333726e+22 1.074580404011297617e+22 1.074145863895991137e+22 1.073820556207586070e+22 1.073603968632803977e+22 1.073495760059111152e+22 1.073495760059111152e+22
2.038974123391798215e+22 2.038974123391798215e+22 2.036675498141890799e+22 2.032106626007947018e+22 2.025323482330670144e+22 2.016408100798685879e+22 2.005466328072417654e+22 1.992624951550251159e+22 1.978028311429074911e+22 1.961834537926035453e+22 1.944211577884944997e+22 1.925333187160808253e+22 1.905375062848863155e+22 1.884511271903440771e+22 1.862911102162699918e+22 1.840736422711834916e+22 1.818139598411113326e+22 1.795261963585354046e+22 1.772232826388299855e+22 1.749168950557176496e+22 1.726174445783592678e+22 1.703340991010116836e+22 1.680748315035558111e+22 1.658464863943962447e+22 1.636548593167578956e+22 1.615047831831844382e+22 1.594002177173610299e+22 1.573443386425211460e+22 1.553396242112722659e+22 1.533879373990184197e+22 1.514906026775027909e+22 1.496484767537447934e+22 1.478620130168149954e+22 1.461313196974265074e+22 1.444562119303744612e+22 1.428362580334800273e+22 1.412708203928827095e+22 1.397590913851205458e+22 1.383001247810567589e+22 1.368928630729768698e+22 1.355361611500098683e+22 1.342288067228979744e+22 1.329695378703925641e+22 1.317570580485619948e+22 1.305900488728214975e+22 1.294671809516455068e+22 1.283871230215026482e+22 1.273485496049935686e+22 1.263501473887621533e+22 1.253906204945426468e+22 1.244686947957359405e+22 1.235831214130769533e+22 1.227326795061440335e+22 1.219161784625478710e+22 1.211324595734273275e+22 1.203803972722618060e+22 1.196589000037775914e+22 1.189669107807800210e+22 1.183034074789041091e+22 1.176674029124401181e+22 1.170579447284357503e+22 1.164741151510951992e+22 1.159150306039887089e+22 1.153798412336799888e+22 1.148677303549915510e+22 1.143779138351972064e+22 1.139096394318923956e+22 1.134621860970969117e+22 1.130348632582617301e+22 1.126270100852102817e+22 1.122379947506469647e+22 1.118672136906490249e+22 1.115140908705267057e+22 1.111780770605359222e+22 1.108586491251751335e+22 1.105553093291348171e+22 1.102675846624147040e+22 1.099950261866496577e+22 1.097372084042823264e+22 1.094937286518741611e+22 1.092642065185664454e+22 1.090482832904553706e+22 1.088456214214440963e+22 1.086559040309692675e+22 1.084788344288589119e+22 1.083141356674658127e+22 1.081615501211342576e+22 1.080208390929782512e+22 1.078917824489033250e+22 1.077741782787497237e+22 1.076678425844229394e+22 1.075726089948367317e+22 1.074883285074974448e+22 1.074148692565563749e+22 1.073521163071453240e+22 1.072999714758287426e+22 1.072583531770258076e+22 1.072271962952471413e+22 1.072064520830420464e+22 1.071960880845439160e+22 1.071960880845439160e+22
2.022854859188353787e+22 2.022854859188353787e+22 2.020473363361326694e+22 2.015741714340292382e+22 2.008721694778473631e+22 1.999503747470208270e+22 1.988204373039297803e+22 1.974962795691993622e+22 1.959937027907407734e+22 1.943299504919928845e+22 1.925232491943528759e+22 1.905923483746063457e+22 1.885560812330941625e+22 1.864329653297777476e+22 1.842408578638242906e+22 1.819966750317011062e+22 1.797161793286711332e+22 1.774138336058600011e+22 1.751027166807021375e+22 1.727944925665954680e+22 1.704994239326180501e+22 1.682264200453492729e+22 1.659831099115140075e+22 1.637759323441259453e+22 1.616102359597505629e+22 1.594903834801979418e+22 1.574198560199750661e+22 1.554013542082799469e+22 1.534368939819290696e+22 1.515278956849586294e+22 1.496752657325229081e+22 1.478794705624686500e+22 1.461406029329421094e+22 1.444584408540475766e+22 1.428324995893128122e+22 1.412620772484724870e+22 1.397462945335673147e+22 1.382841292085904645e+22 1.368744458492864312e+22 1.355160214018304298e+22 1.342075670427618981e+22 1.329477467918254159e+22 1.317351932871432785e+22 1.305685210904091270e+22 1.294463378498023064e+22 1.283672536108639663e+22 1.273298885310550114e+22 1.263328792223293846e+22 1.253748839177813334e+22 1.244545866331645700e+22 1.235707004716642940e+22 1.227219702005114706e+22 1.219071742106270066e+22 1.211251259552505319e+22 1.203746749502122151e+22 1.196547074069264912e+22 1.189641465591211701e+22 1.183019527356180490e+22 1.176671232239146631e+22 1.170586919628157904e+22 1.164757290967334755e+22 1.159173404194317428e+22 1.153826667308170976e+22 1.148708831268004115e+22 1.143811982391681797e+22 1.139128534397611095e+22 1.134651220210037765e+22 1.130373083628772629e+22 1.126287470947802179e+22 1.122388022593064639e+22 1.118668664837617012e+22 1.115123601642041115e+22 1.111747306659416061e+22 1.108534515436517694e+22 1.105480217836842595e+22 1.102579650705587438e+22 1.099828290792399779e+22 1.097221847943813163e+22 1.094756258574303547e+22 1.092427679422168747e+22 1.090232481594387674e+22 1.088167244902760553e+22 1.086228752492262955e+22 1.084413985761356939e+22 1.082720119573104611e+22 1.081144517755237564e+22 1.079684728886758316e+22 1.078338482368310097e+22 1.077103684773343343e+22 1.075978416476791819e+22 1.074960928558154567e+22 1.074049639975679427e+22 1.073243135008590896e+22 1.072540160964366329e+22 1.071939626148286798e+22 1.071440598092657721e+22 1.071042302043493289e+22 1.070744119702518655e+22 1.070545588222935276e+22 1.070446399457425411e+22 1.070446399457425411e+22
2.007661186916299466e+22 2.007661186916299466e+22 2.005180547676530069e+22 2.000254275340449350e+22 1.992951322270115457e+22 1.983372493425465518e+22 1.971647378795952236e+22 1.957930416284764419e+22 1.942396243328257910e+22 1.925234550714561829e+22 1.906644696692540047e+22 1.886830361668847088e+22 1.865994515977388792e+22 1.844334934846939018e+22 1.822040432469332093e+22 1.799287912449557345e+22 1.776240257497227172e+22 1.753045017404431873e+22 1.729833807458592830e+22 1.706722301378916096e+22 1.683810692056780217e+22 1.661184496150879666e+22 1.638915590539420526e+22 1.617063385638106038e+22 1.595676059349795891e+22 1.574791793611006542e+22 1.554439971756020282e+22 1.534642308578294733e+22 1.515413895889576316e+22 1.496764154732069519e+22 1.478697691524859586e+22 1.461215059715053060e+22 1.444313431344991227e+22 1.427987184685111732e+22 1.412228415009464726e+22 1.397027375941681991e+22 1.382372858755579432e+22 1.368252516713686578e+22 1.354653141069981758e+22 1.341560894821805693e+22 1.328961509720669028e+22 1.316840451476240204e+22 1.305183057533889570e+22 1.293974651286886495e+22 1.283200636106897044e+22 1.272846572143657773e+22 1.262898238456576187e+22 1.253341682696481826e+22 1.244163260251361614e+22 1.235349664503253959e+22 1.226887949610320606e+22 1.218765547025619904e+22 1.210970276788328989e+22 1.203490354471435764e+22 1.196314394538933433e+22 1.189431410752913985e+22 1.182830814174248121e+22 1.176502409217459408e+22 1.170436388149488150e+22 1.164623324361208837e+22 1.159054164688709563e+22 1.153720221017104292e+22 1.148613161361956091e+22 1.143725000591265287e+22 1.139048090923738700e+22 1.134575112315904354e+22 1.130299062830975733e+22 1.126213249065765411e+22 1.122311276697916067e+22 1.118587041203757882e+22 1.115034718787282665e+22 1.111648757552130503e+22 1.108423868941599349e+22 1.105355019465698522e+22 1.102437422729431456e+22 1.099666531772369207e+22 1.097038031726299841e+22 1.094547832794856292e+22 1.092192063556917028e+22 1.089967064593698128e+22 1.087869382437966027e+22 1.085895763842800864e+22 1.084043150366302064e+22 1.082308673268175444e+22 1.080689648713457258e+22 1.079183573278495500e+22 1.077788119754129120e+22 1.076501133240788058e+22 1.075320627530481585e+22 1.074244781770586823e+22 1.073271937404579820e+22 1.072400595385134665e+22 1.071629413655171301e+22 1.070957204892817765e+22 1.070382934516607798e+22 1.069905718947543935e+22 1.069524824125003845e+22 1.069239664274023278e+22 1.069049800921708285e+22 1.068954942161091874e+22 1.068954942161091874e+22
1.993594015538244223e+22 1.993594015538244223e+22 1.990992217088364800e+22 1.985828327018614646e+22 1.978180480630639716e+22 1.968162712687463314e+22 1.955921245412929621e+22 1.941629719961661761e+22 1.925483572585747920e+22 1.907693834663718656e+22 1.888480697763118239e+22 1.868067212320859121e+22 1.846673470435054374e+22 1.824511560887284479e+22 1.801781490555806548e+22 1.778668160016037655e+22 1.755339381485943233e+22 1.731944848343203997e+22 1.708615913866888479e+22 1.685466012524481819e+22 1.662591555334649466e+22 1.640073144838193257e+22 1.617976978232517329e+22 1.596356333693143771e+22 1.575253060890606646e+22 1.554699019870028379e+22 1.534717431713015582e+22 1.515324119537750429e+22 1.496528629720089100e+22 1.478335231296364819e+22 1.460743796970913530e+22 1.443750572603375354e+22 1.427348844017607298e+22 1.411529510884298929e+22 1.396281577617011560e+22 1.381592570937660880e+22 1.367448893195558689e+22 1.353836119793564910e+22 1.340739248274609589e+22 1.328142905811218622e+22 1.316031521056677377e+22 1.304389465581858849e+22 1.293201169448266052e+22 1.282451214859659274e+22 1.272124411293240551e+22 1.262205855032673724e+22 1.252680975606086212e+22 1.243535571266982380e+22 1.234755835339459684e+22 1.226328374975863036e+22 1.218240223639940733e+22 1.210478848426972178e+22 1.203032153159751854e+22 1.195888478052098769e+22 1.189036596605999907e+22 1.182465710301775711e+22 1.176165441549928025e+22 1.170125825296501519e+22 1.164337299608578084e+22 1.158790695511503615e+22 1.153477226302857124e+22 1.148388476528961887e+22 1.143516390776627633e+22 1.138853262405030170e+22 1.134391722319219681e+22 1.130124727867153161e+22 1.126045551925840472e+22 1.122147772228318527e+22 1.118425260971922135e+22 1.114872174738698299e+22 1.111482944751073126e+22 1.108252267479271945e+22 1.105175095611770274e+22 1.102246629395628084e+22 1.099462308350066793e+22 1.096817803353770898e+22 1.094309009104148470e+22 1.091932036944999796e+22 1.089683208057627922e+22 1.087559047009446291e+22 1.085556275653302131e+22 1.083671807370274328e+22 1.081902741648343617e+22 1.080246358989134941e+22 1.078700116134972516e+22 1.077261641608481001e+22 1.075928731557166055e+22 1.074699345895632352e+22 1.073571604738450915e+22 1.072543785116886683e+22 1.071614317973259000e+22 1.070781785426991723e+22 1.070044918306902009e+22 1.069402593944699247e+22 1.068853834225218172e+22 1.068397803889281204e+22 1.068033809085618140e+22 1.067761296168887465e+22 1.067579850741110538e+22 1.067489196934562631e+22 1.067489196934562631e+22
1.981024778883140524e+22 1.981024778883140524e+22 1.978269916922522894e+22 1.972806258600427546e+22 1.964724325251428018e+22 1.954155906913493687e+22 1.941269383644038195e+22 1.926263724232110873e+22 1.909361440255885338e+22 1.890800885911753274e+22 1.870828378470862973e+22 1.849690641344397469e+22 1.827628027357708891e+22 1.804868871241358272e+22 1.781625172883163578e+22 1.758089659218318590e+22 1.734434141195375896e+22 1.710808990044827471e+22 1.687343508343985747e+22 1.664146960629499114e+22 1.641310044997406425e+22 1.618906619797159333e+22 1.596995538485255969e+22 1.575622484132022662e+22 1.554821728991886652e+22 1.534617772222323884e+22 1.515026830047094977e+22 1.496058168035959741e+22 1.477715275716364337e+22 1.459996890512039818e+22 1.442897881993798956e+22 1.426410009439566719e+22 1.410522566368279134e+22 1.395222925510350314e+22 1.380496996947268626e+22 1.366329611132124476e+22 1.352704837352316469e+22 1.339606247018436179e+22 1.327017130024000658e+22 1.314920671356546921e+22 1.303300094170098355e+22 1.292138774659115621e+22 1.281420333304867979e+22 1.271128706390970440e+22 1.261248201099086660e+22 1.251763536989687225e+22 1.242659876237639628e+22 1.233922844620012860e+22 1.225538544935653238e+22 1.217493564265875898e+22 1.209774976256120245e+22 1.202370339404296015e+22 1.195267692177423912e+22 1.188455545639699428e+22 1.181922874158591718e+22 1.175659104657493669e+22 1.169654104801255044e+22 1.163898170431800082e+22 1.158382012513424454e+22 1.153096743799012458e+22 1.148033865388212722e+22 1.143185253314997938e+22 1.138543145274228028e+22 1.134100127573706854e+22 1.129849122378955830e+22 1.125783375302350393e+22 1.121896443375054016e+22 1.118182183429650304e+22 1.114634740912678031e+22 1.111248539139131310e+22 1.108018268995367154e+22 1.104938879092274705e+22 1.102005566366913292e+22 1.099213767128008098e+22 1.096559148538506353e+22 1.094037600526722610e+22 1.091645228116394535e+22 1.089378344165110186e+22 1.087233462500047664e+22 1.085207291439605193e+22 1.083296727689418768e+22 1.081498850601305165e+22 1.079810916783848686e+22 1.078230355053575458e+22 1.076754761716145009e+22 1.075381896167226029e+22 1.074109676803345246e+22 1.072936177233474408e+22 1.071859622782585694e+22 1.070878387279032327e+22 1.069990990118204211e+22 1.069196093595378621e+22 1.068492500501409038e+22 1.067879151975370064e+22 1.067355125608971711e+22 1.066919633798008983e+22 1.066572022336879120e+22 1.066311769252634506e+22 1.066138483875668138e+22 1.066051906144767155e+22 1.066051906144767155e+22
1.970631388327922421e+22 1.970631388327922421e+22 1.967673777587089100e+22 1.961813832321843855e+22 1.953159940901772984e+22 1.941869323949298837e+22 1.928141768661901142e+22 1.912211639121960816e+22 1.894338593720302463e+22 1.874797607371913822e+22 1.853869005046406971e+22 1.831829218666548403e+22 1.808942868049499783e+22 1.785456564433950920e+22 1.761594595218201510e+22 1.737556426782118039e+22 1.713515797893467236e+22 1.689621084115020703e+22 1.665996587972913476e+22 1.642744432723224848e+22 1.619946788738340540e+22 1.597668223186479822e+22 1.575958023629278754e+22 1.554852397700265646e+22 1.534376491637631720e+22 1.514546200270051318e+22 1.495369761591330551e+22 1.476849142269919992e+22 1.458981228233224933e+22 1.441758838465881126e+22 1.425171581633895701e+22 1.409206575025016013e+22 1.393849044234883249e+22 1.379082820472218321e+22 1.364890750590407986e+22 1.351255033157368414e+22 1.338157492154600836e+22 1.325579798307343958e+22 1.313503646615594022e+22 1.301910897387645803e+22 1.290783686968803433e+22 1.280104513396879340e+22 1.269856301390105883e+22 1.260022450366005536e+22 1.250586868588648333e+22 1.241533996031273442e+22 1.232848818110171447e+22 1.224516872082147823e+22 1.216524247591976908e+22 1.208857582599695185e+22 1.201504055702472098e+22 1.194451375686095261e+22 1.187687768990866525e+22 1.181201965651767748e+22 1.174983184168600679e+22 1.169021115675390771e+22 1.163305907706644555e+22 1.157828147798841544e+22 1.152578847116454003e+22 1.147549424251483193e+22 1.142731689312348694e+22 1.138117828390753927e+22 1.133700388472907366e+22 1.129472262843442345e+22 1.125426677015738162e+22 1.121557175210394570e+22 1.117857607394347975e+22 1.114322116885355273e+22 1.110945128520827798e+22 1.107721337385244007e+22 1.104645698086821796e+22 1.101713414571584966e+22 1.098919930460837301e+22 1.096260919896804478e+22 1.093732278880293408e+22 1.091330117083645923e+22 1.089050750122137852e+22 1.086890692266940170e+22 1.084846649582996475e+22 1.082915513475629318e+22 1.081094354629986510e+22 1.079380417328257276e+22 1.077771114129990772e+22 1.076264020901739102e+22 1.074856872182805640e+22 1.073547556874742451e+22 1.072334114242867862e+22 1.071214730218956653e+22 1.070187733994902756e+22 1.069251594897960468e+22 1.068404919538892249e+22 1.067646449225019110e+22 1.066975057631061528e+22 1.066389748721140734e+22 1.065889654916110090e+22 1.065474035501179601e+22 1.065142275269186709e+22 1.064893883395825520e+22 1.064728492543607151e+22 1.064645858192013656e+22 1.064645858192013656e+22
1.963655821490253516e+22 1.963655821490253516e+22 1.960412557389558553e+22 1.953995743135606505e+22 1.944541635110032219e+22 1.932246776107390888e+22 1.917358890437538585e+22 1.900165401321136351e+22 1.880980331637973503e+22 1.860130607730973789e+22 1.837942908978876488e+22 1.814732122431087759e+22 1.790792177632036468e+22 1.766389635568729745e+22 1.741760003727538363e+22 1.717106440178016400e+22 1.692600335326565001e+22 1.668383213571160408e+22 1.644569443048264774e+22 1.621249337513450301e+22 1.598492344789024480e+22 1.576350118325864995e+22 1.554859351275169907e+22 1.534044313490872179e+22 1.513919073259223830e+22 1.494489411366625581e+22 1.475754449657059187e+22 1.457708023164562099e+22 1.440339827034735562e+22 1.423636368747866672e+22 1.407581753941051205e+22 1.392158331224618906e+22 1.377347218296463478e+22 1.363128728653677566e+22 1.349482715427437439e+22 1.336388846384366328e+22 1.323826821959658766e+22 1.311776546302683880e+22 1.300218259700220271e+22 1.289132639367277733e+22 1.278500874430642861e+22 1.268304719947759826e+22 1.258526533977362766e+22 1.249149301025231444e+22 1.240156644608744358e+22 1.231532831199604192e+22 1.223262767400703807e+22 1.215331991877323640e+22 1.207726663284035263e+22 1.200433545197585118e+22 1.193439988874717482e+22 1.186733914495872768e+22 1.180303791425382777e+22 1.174138617911593402e+22 1.168227900562302671e+22 1.162561633858761838e+22 1.157130279912563173e+22 1.151924748621794666e+22 1.146936378343759754e+22 1.142156917170164780e+22 1.137578504865160836e+22 1.133193655506413237e+22 1.128995240853077859e+22 1.124976474451809927e+22 1.121130896481998130e+22 1.117452359333494496e+22 1.113935013904393437e+22 1.110573296601851232e+22 1.107361917025877649e+22 1.104295846313668379e+22 1.101370306120704537e+22 1.098580758213934291e+22 1.095922894652055329e+22 1.093392628527977307e+22 1.090986085248752262e+22 1.088699594329012201e+22 1.086529681674555150e+22 1.084473062333573864e+22 1.082526633694058460e+22 1.080687469106809117e+22 1.078952811914608194e+22 1.077320069869099549e+22 1.075786809918019233e+22 1.074350753346479771e+22 1.073009771257000886e+22 1.071761880374078289e+22 1.070605239159997910e+22 1.069538144229605664e+22 1.068559027052689647e+22 1.067666450933555711e+22 1.066859108258151609e+22 1.066135818000161518e+22 1.065495523478053742e+22 1.064937290356097024e+22 1.064460304882983345e+22 1.064063872362584054e+22 1.063747415851892788e+22 1.063510475082260546e+22 1.063352705600313727e+22 1.063273878126066244e+22 1.063273878126066244e+22
1.962403447158755190e+22 1.962403447158755190e+22 1.958727472086068599e+22 1.951469738176830400e+22 1.940813573800130825e+22 1.927021369299729750e+22 1.910420034650179109e+22 1.891382899104102220e+22 1.870309557360714056e+22 1.847605614198387009e+22 1.823664372588492725e+22 1.798852136656232566e+22 1.773498057530949606e+22 1.747888601870454122e+22 1.722266038902251009e+22 1.696829963277786363e+22 1.671740792481982815e+22 1.647124306470635989e+22 1.623076523279567448e+22 1.599668441883603685e+22 1.576950384134529116e+22 1.554955814159996944e+22 1.533704608569849650e+22 1.513205805184035114e+22 1.493459884296738596e+22 1.474460645355064970e+22 1.456196741073467343e+22 1.438652925441710070e+22 1.421811064780796776e+22 1.405650953551477316e+22 1.390150969774557679e+22 1.375288598959941799e+22 1.361040850398049888e+22 1.347384585466347625e+22 1.334296774133174344e+22 1.321754692981744678e+22 1.309736075723425605e+22 1.298219225229920358e+22 1.287183094514199613e+22 1.276607342768437592e+22 1.266472371474944492e+22 1.256759344702327410e+22 1.247450196951767502e+22 1.238527631300078915e+22 1.229975110075420141e+22 1.221776839879992908e+22 1.213917752426169473e+22 1.206383482366694575e+22 1.199160343064149282e+22 1.192235301052374581e+22 1.185595949784648332e+22 1.179230483134840150e+22 1.173127669012975583e+22 1.167276823371670828e+22 1.161667784811324899e+22 1.156290889936607275e+22 1.151136949572457202e+22 1.146197225912624847e+22 1.141463410645740080e+22 1.136927604081994341e+22 1.132582295286419397e+22 1.128420343211666440e+22 1.124434958813130601e+22 1.120619688122105043e+22 1.116968396247122995e+22 1.113475252270123922e+22 1.110134715001679643e+22 1.106941519558184482e+22 1.103890664723355743e+22 1.100977401056538814e+22 1.098197219710810771e+22 1.095545841924825730e+22 1.093019209153481644e+22 1.090613473803911981e+22 1.088324990544699929e+22 1.086150308157828209e+22 1.084086161904451033e+22 1.082129466377178291e+22 1.080277308813163574e+22 1.078526942843864351e+22 1.076875782658842637e+22 1.075321397562484090e+22 1.073861506903969681e+22 1.072493975362097224e+22 1.071216808568061690e+22 1.070028149050329740e+22 1.068926272487179892e+22 1.067909584253427804e+22 1.066976616249096457e+22 1.066126023998781260e+22 1.065356584011420402e+22 1.064667191391240900e+22 1.064056857691466550e+22 1.063524709003286073e+22 1.063069984273436194e+22 1.062692033844586165e+22 1.062390318213435176e+22 1.062164407002253702e+22 1.062013978140308878e+22 1.061938817252411100e+22 1.061938817252411100e+22
1.971233784744037791e+22 1.971233784744037791e+22 1.966850620768176937e+22 1.958223037935746495e+22 1.945619663564935109e+22 1.929421478677819949e+22 1.910096406796428535e+22 1.888167903984791375e+22 1.864180770119885206e+22 1.838668356927875554e+22 1.812125296344443755e+22 1.784988607566016886e+22 1.757628016672924448e+22 1.730344407542083774e+22 1.703374176892300244e+22 1.676897017670721654e+22 1.651045037570104544e+22 1.625911765320327810e+22 1.601560229438761940e+22 1.578029776302428180e+22 1.555341599807000229e+22 1.533503113844844868e+22 1.512511358643769390e+22 1.492355635122732112e+22 1.473019538019581113e+22 1.454482526805951513e+22 1.436721142638607493e+22 1.419709953591964651e+22 1.403422289985803597e+22 1.387830816227790841e+22 1.372907974248624449e+22 1.358626325324497315e+22 1.344958811021785642e+22 1.331878949523331586e+22 1.319360980240123403e+22 1.307379967051698274e+22 1.295911868528361629e+22 1.284933581915723452e+22 1.274422966400878169e+22 1.264358850157736257e+22 1.254721024833810648e+22 1.245490230454954387e+22 1.236648133159753561e+22 1.228177297709394926e+22 1.220061156335211984e+22 1.212283975169986894e+22 1.204830819249796258e+22 1.197687516860799097e+22 1.190840623831845752e+22 1.184277388233081566e+22 1.177985715826484838e+22 1.171954136522516595e+22 1.166171772023444446e+22 1.160628304775351160e+22 1.155313948304594908e+22 1.150219418978206351e+22 1.145335909199748320e+22 1.140655062030593137e+22 1.136168947210480360e+22 1.131870038539431943e+22 1.127751192574503472e+22 1.123805628589284943e+22 1.120026909740325719e+22 1.116408925382834441e+22 1.112945874477259948e+22 1.109632250028768625e+22 1.106462824502692676e+22 1.103432636160632527e+22 1.100536976263919908e+22 1.097771377093406150e+22 1.095131600737026022e+22 1.092613628599063491e+22 1.090213651587630367e+22 1.087928060939485997e+22 1.085753439643725988e+22 1.083686554428442149e+22 1.081724348276754979e+22 1.079863933440845310e+22 1.078102584924909968e+22 1.076437734409887757e+22 1.074866964594872969e+22 1.073388003931868417e+22 1.071998721732418260e+22 1.070697123626142715e+22 1.069481347352914978e+22 1.068349658871740603e+22 1.067300448770885629e+22 1.066332228964996402e+22 1.065443629666310658e+22 1.064633396618049932e+22 1.063900388579308942e+22 1.063243575051746804e+22 1.062662034239373128e+22 1.062154951233600540e+22 1.061721616416735914e+22 1.061361424077875577e+22 1.061073871235969765e+22 1.060858556665685239e+22 1.060715180122394801e+22 1.060643541763424151e+22 1.060643541763424151e+22
1.998571475332603104e+22 1.998571475332603104e+22 1.992947820714742356e+22 1.981924222143685879e+22 1.965932209767718270e+22 1.945579096473061032e+22 1.921600543328063560e+22 1.894801223772557384e+22 1.865990781768429889e+22 1.835924972123576494e+22 1.805261502908639006e+22 1.774536097648408422e+22 1.744158445686601705e+22 1.714423065030485973e+22 1.685528372149636982e+22 1.657598065535546819e+22 1.630700930650692020e+22 1.604867189276038870e+22 1.580100972608825485e+22 1.556389309444532470e+22 1.533708339134502378e+22 1.512027482538012312e+22 1.491312191536714115e+22 1.471525747353848067e+22 1.452630439058517000e+22 1.434588344044401302e+22 1.417361853452704442e+22 1.400914032301851017e+22 1.385208869812952891e+22 1.370211454128221690e+22 1.355888092757001817e+22 1.342206392467527723e+22 1.329135307876079763e+22 1.316645165352976646e+22 1.304707667271094790e+22 1.293295880604017807e+22 1.282384213177069365e+22 1.271948380343325688e+22 1.261965364425729979e+22 1.252413368898469180e+22 1.243271768958679017e+22 1.234521059856129144e+22 1.226142804098636002e+22 1.218119578433730118e+22 1.210434921319066134e+22 1.203073281434143477e+22 1.196019967650779732e+22 1.189261100767395394e+22 1.182783567219621731e+22 1.176574974904473380e+22 1.170623611194963919e+22 1.164918403174178908e+22 1.159448880080629216e+22 1.154205137928251349e+22 1.149177806243135016e+22 1.144358016843720635e+22 1.139737374580627682e+22 1.135307929945381641e+22 1.131062153453565169e+22 1.126992911706320850e+22 1.123093445034577913e+22 1.119357346631866594e+22 1.115778543084389374e+22 1.112351276210308566e+22 1.109070086124085445e+22 1.105929795445896669e+22 1.102925494580422273e+22 1.100052527993802929e+22 1.097306481421792051e+22 1.094683169946559788e+22 1.092178626883628722e+22 1.089789093424539684e+22 1.087511008984584264e+22 1.085341002208566156e+22 1.083275882591094519e+22 1.081312632670936000e+22 1.079448400762208099e+22 1.077680494187887198e+22 1.076006372983783503e+22 1.074423644043676221e+22 1.072930055678560148e+22 1.071523492565068074e+22 1.070201971060262306e+22 1.068963634861710718e+22 1.067806750993618148e+22 1.066729706101347765e+22 1.065731003038152681e+22 1.064809257729433954e+22 1.063963196301076175e+22 1.063191652459701967e+22 1.062493565113823186e+22 1.061867976225937424e+22 1.061314028886736398e+22 1.060830965603424115e+22 1.060418126795205352e+22 1.060074949489817394e+22 1.059800966215815817e+22 1.059595804086171494e+22 1.059459184069504611e+22 1.059390920446018218e+22 1.059390920446018218e+22
2.061072282015377025e+22 2.061072282015377025e+22 2.053141084778141214e+22 2.037668351025288210e+22 2.015406061349465647e+22 1.987410563518092332e+22 1.954951585348342881e+22 1.919392879057092110e+22 1.882060620586774902e+22 1.844125152586286865e+22 1.806521434374757836e+22 1.769920958596276814e+22 1.734749615263020220e+22 1.701233797705538260e+22 1.669455558621150996e+22 1.639403232599330102e+22 1.611011091036573480e+22 1.584186970873334543e+22 1.558829671514067121e+22 1.534838830253298260e+22 1.512119827241582880e+22 1.490585695820950851e+22 1.470157394892389194e+22 1.450763293056287375e+22 1.432338353958883321e+22 1.414823279629249072e+22 1.398163729724504801e+22 1.382309657861815271e+22 1.367214767583548722e+22 1.352836073700365382e+22 1.339133549581251589e+22 1.326069841408558943e+22 1.313610033165143271e+22 1.301721449458853059e+22 1.290373486420192290e+22 1.279537463527512159e+22 1.269186491264074462e+22 1.259295351044853622e+22 1.249840384959595728e+22 1.240799393657426385e+22 1.232151541231363346e+22 1.223877266316946991e+22 1.215958198850441078e+22 1.208377082077985427e+22 1.201117699496284363e+22 1.194164806457544933e+22 1.187504066200806936e+22 1.181121990087039936e+22 1.175005881823616670e+22 1.169143785467776755e+22 1.163524437001794224e+22 1.158137219275391658e+22 1.152972120114813574e+22 1.148019693402648583e+22 1.143271022938453285e+22 1.138717688896950580e+22 1.134351736708359887e+22 1.130165648193586672e+22 1.126152314795679390e+22 1.122305012757815309e+22 1.118617380107090657e+22 1.115083395312139003e+22 1.111697357491418641e+22 1.108453868057307749e+22 1.105347813689337577e+22 1.102374350537572431e+22 1.099528889564489843e+22 1.096807082940623225e+22 1.094204811415712589e+22 1.091718172593267461e+22 1.089343470041995359e+22 1.087077203182923389e+22 1.084916057895929381e+22 1.082856897793919812e+22 1.080896756117073297e+22 1.079032828203516297e+22 1.077262464496347120e+22 1.075583164050193986e+22 1.073992568503622907e+22 1.072488456486439721e+22 1.071068738433601189e+22 1.069731451779774677e+22 1.068474756510786362e+22 1.067296931050334192e+22 1.066196368462051489e+22 1.065171572948904339e+22 1.064221156633414835e+22 1.063343836603714267e+22 1.062538432211840087e+22 1.061803862611962574e+22 1.061139144527399459e+22 1.060543390236462285e+22 1.060015805768196633e+22 1.059555689300049160e+22 1.059162429750507681e+22 1.058835505560557715e+22 1.058574483658747412e+22 1.058379018605383857e+22 1.058248851912212559e+22 1.058183811534689822e+22 1.058183811534689822e+22
2.192401471986825010e+22 2.192401471986825010e+22 2.179988848354578871e+22 2.155874968208738668e+22 2.121443691564659376e+22 2.078657316813011734e+22 2.029886992803440047e+22 1.977664428259641865e+22 1.924388523869975714e+22 1.872057656264368115e+22 1.822104975449995503e+22 1.775373935403043547e+22 1.732208433072490047e+22 1.692597123831683246e+22 1.656317030208424955e+22 1.623046366648475215e+22 1.592439290836280567e+22 1.564168091808762429e+22 1.537942441609804959e+22 1.513514666847043269e+22 1.490677639322557376e+22 1.469259490944915551e+22 1.449117528362692746e+22 1.430132521422040125e+22 1.412203833662938861e+22 1.395245489538738631e+22 1.379183099860192382e+22 1.363951504155361254e+22 1.349492981007386673e+22 1.335755893772432861e+22 1.322693663073060363e+22 1.310263981362611906e+22 1.298428205534206021e+22 1.287150880179605838e+22 1.276399356906825161e+22 1.266143484702312786e+22 1.256355353347923064e+22 1.247009076983176259e+22 1.238080608541879986e+22 1.229547578379993927e+22 1.221389152243898804e+22 1.213585905022134334e+22 1.206119707637407390e+22 1.198973625081614723e+22 1.192131824055081553e+22 1.185579488999168698e+22 1.179302745547521969e+22 1.173288590594187618e+22 1.167524828305111489e+22 1.162000011496721167e+22 1.156703387880748850e+22 1.151624850734112257e+22 1.146754893601456731e+22 1.142084568678433764e+22 1.137605448558236297e+22 1.133309591053842094e+22 1.129189506834636577e+22 1.125238129639546474e+22 1.121448788849753430e+22 1.117815184223057530e+22 1.114331362609261340e+22 1.110991696481533664e+22 1.107790864133152519e+22 1.104723831402077461e+22 1.101785834797706668e+22 1.098972365915213005e+22 1.096279157032828168e+22 1.093702167796485875e+22 1.091237572904756026e+22 1.088881750714454796e+22 1.086631272694428362e+22 1.084482893661239194e+22 1.082433542736356101e+22 1.080480314969743059e+22 1.078620463579505938e+22 1.076851392761735990e+22 1.075170651028662203e+22 1.073575925036894441e+22 1.072065033870906071e+22 1.070635923749969540e+22 1.069286663129495136e+22 1.068015438170402744e+22 1.066820548552319146e+22 1.065700403608747508e+22 1.064653518764122518e+22 1.063678512254655083e+22 1.062774102116375357e+22 1.061939103425440095e+22 1.061172425777138473e+22 1.060473070991325738e+22 1.059840131033268748e+22 1.059272786140020395e+22 1.058770303143478768e+22 1.058332033982296962e+22 1.057957414395778276e+22 1.057645962793672140e+22 1.057397279296801525e+22 1.057211044944086565e+22 1.057087021062409106e+22 1.057025048796447795e+22 1.057025048796447795e+22
2.462041100379554107e+22 2.462041100379554107e+22 2.440686468176368422e+22 2.399284205298471718e+22 2.340427185799954222e+22 2.267891106717377967e+22 2.186356934486687062e+22 2.100897596242195487e+22 2.016280092000092632e+22 1.936282766168195229e+22 1.863290455821406070e+22 1.798304408586151159e+22 1.741263550794893466e+22 1.691465895123674255e+22 1.647930551233768378e+22 1.609639836052985636e+22 1.575669195958945789e+22 1.545238285340772191e+22 1.517716420251249908e+22 1.492606358278739329e+22 1.469520767355521597e+22 1.448158756266289870e+22 1.428285573271945164e+22 1.409716300464744143e+22 1.392303315210006954e+22 1.375926901412867762e+22 1.360488330505675499e+22 1.345904805925291767e+22 1.332105780308189643e+22 1.319030268833779470e+22 1.306624879082560972e+22 1.294842354048158191e+22 1.283640482380097205e+22 1.272981272017938206e+22 1.262830313668622470e+22 1.253156282129459026e+22 1.243930538677444280e+22 1.235126808444064812e+22 1.226720914199323397e+22 1.218690553230849894e+22 1.211015107697749839e+22 1.203675481438443432e+22 1.196653958048329708e+22 1.189934076347394346e+22 1.183500520290603395e+22 1.177339021045876864e+22 1.171436269453857679e+22 1.165779837443835848e+22 1.160358107248650197e+22 1.155160207464682907e+22 1.150175955159005476e+22 1.145395803347734233e+22 1.140810793266185870e+22 1.136412510929640489e+22 1.132193047547409229e+22 1.128144963406071543e+22 1.124261254882577823e+22 1.120535324286198900e+22 1.116960952261038572e+22 1.113532272509585667e+22 1.110243748622654820e+22 1.107090152823088952e+22 1.104066546450100021e+22 1.101168262028309037e+22 1.098390886780968842e+22 1.095730247460613574e+22 1.093182396382609565e+22 1.090743598558130209e+22 1.088410319832960991e+22 1.086179215947441845e+22 1.084047122440839915e+22 1.082011045330665079e+22 1.080068152503943404e+22 1.078215765763275148e+22 1.076451353475919380e+22 1.074772523778768581e+22 1.073177018296562824e+22 1.071662706334500703e+22 1.070227579510019903e+22 1.068869746791710248e+22 1.067587429916265467e+22 1.066378959157025833e+22 1.065242769420088194e+22 1.064177396646170067e+22 1.063181474498433830e+22 1.062253731318289400e+22 1.061392987332901287e+22 1.060598152099717028e+22 1.059868222174626683e+22 1.059202278991853519e+22 1.058599486944745148e+22 1.058059091657813603e+22 1.057580418441465037e+22 1.057162870921761495e+22 1.056805929838529479e+22 1.056509152005986451e+22 1.056272169430881298e+22 1.056094688583908485e+22 1.055976489820951989e+22 1.055917426951382368e+22 1.055917426951382368e+22
3.016794568155333657e+22 3.016794568155333657e+22 2.977336199642321466e+22 2.900723290351615974e+22 2.791701601953206030e+22 2.657551282195432210e+22 2.507803948889742613e+22 2.353254187576118477e+22 2.204229615719414340e+22 2.068654693235492179e+22 1.950861285120022256e+22 1.851745966409935277e+22 1.769847273347232249e+22 1.702569014910650207e+22 1.647082629018097497e+22 1.600821980132576697e+22 1.561672677140266903e+22 1.527987421461550517e+22 1.498524312517575757e+22 1.472363639340617695e+22 1.448829217290517375e+22 1.427423573346009639e+22 1.407778208970878589e+22 1.389616965879958864e+22 1.372729692711472123e+22 1.356953581149462567e+22 1.342160032429711871e+22 1.328245435700695636e+22 1.315124682410757928e+22 1.302726583130155857e+22 1.290990604543800954e+22 1.279864523417634367e+22 1.269302719591592074e+22 1.259264916681093494e+22 1.249715238697557400e+22 1.240621491572600262e+22 1.231954606473226066e+22 1.223688200906047960e+22 1.215798226727109185e+22 1.208262683208690172e+22 1.201061379564924777e+22 1.194175735684185194e+22 1.187588612857521819e+22 1.181284168435542629e+22 1.175247729868515836e+22 1.169465684675624803e+22 1.163925383679204498e+22 1.158615055417992649e+22 1.153523730081491032e+22 1.148641171628823360e+22 1.143957816999556206e+22 1.139464721512132719e+22 1.135153509692713258e+22 1.131016330893789338e+22 1.127045819155629893e+22 1.123235056839936495e+22 1.119577541627779377e+22 1.116067156526469061e+22 1.112698142573797258e+22 1.109465073965776398e+22 1.106362835365797036e+22 1.103386601180870004e+22 1.100531816614513030e+22 1.097794180326656416e+22 1.095169628549293067e+22 1.092654320522541767e+22 1.090244625130024075e+22 1.087937108624987600e+22 1.085728523349536643e+22 1.083615797359475792e+22 1.081596024875734218e+22 1.079666457491428658e+22 1.077824496070407750e+22 1.076067683279559669e+22 1.074393696702626896e+22 1.072800342488347627e+22 1.071285549490311791e+22 1.069847363859890622e+22 1.068483944057337492e+22 1.067193556249403510e+22 1.065974570064838394e+22 1.064825454681783062e+22 1.063744775223586587e+22 1.062731189441697468e+22 1.061783444666375891e+22 1.060900375007771545e+22 1.060080898791554888e+22 1.059324016214896384e+22 1.058628807209894334e+22 1.057994429502944235e+22 1.057420116859614449e+22 1.056905177505822933e+22 1.056448992716973199e+22 1.056051015567836342e+22 1.055710769836707755e+22 1.055427849058263027e+22 1.055201915720351036e+22 1.055032700600652399e+22 1.054920002239948915e+22 1.054863686549310852e+22 1.054863686549310852e+22
4.177794352438903518e+22 4.177794352438903518e+22 4.101386361524820378e+22 3.952177949182996880e+22 3.738178219305168640e+22 3.472939884612984557e+22 3.176063649337600220e+22 2.871693951871145843e+22 2.584158323858748106e+22 2.331948372255400840e+22 2.123634193035552830e+22 1.958682323995341514e+22 1.831162094038311712e+22 1.733350573301537178e+22 1.657937003686144875e+22 1.598927438727272936e+22 1.551777641498610447e+22 1.513193024342514781e+22 1.480843249608807573e+22 1.453099132861380192e+22 1.428824615075599666e+22 1.407224211674362387e+22 1.387735667409586382e+22 1.369956150131888541e+22 1.353592127357115695e+22 1.338425509259061389e+22 1.324290793359350432e+22 1.311059592034198015e+22 1.298630100103599646e+22 1.286919869798626519e+22 1.275860806745198061e+22 1.265395664827967341e+22 1.255475559186030815e+22 1.246058176231299560e+22 1.237106465201575690e+22 1.228587665799754914e+22 1.220472573080831735e+22 1.212734971908945714e+22 1.205351194250967201e+22 1.198299766735756277e+22 1.191561125549200481e+22 1.185117382345555444e+22 1.178952129423520196e+22 1.173050275598656602e+22 1.167397906442130293e+22 1.161982164144618681e+22 1.156791143404228366e+22 1.151813800563651169e+22 1.147039873828343775e+22 1.142459812847634770e+22 1.138064716279213510e+22 1.133846276215342209e+22 1.129796728548030520e+22 1.125908808505902917e+22 1.122175710718491361e+22 1.118591053262465322e+22 1.115148845224045209e+22 1.111843457377526979e+22 1.108669595633968166e+22 1.105622276959479687e+22 1.102696807500637589e+22 1.099888762687060758e+22 1.097193969108749858e+22 1.094608487989710632e+22 1.092128600099839489e+22 1.089750791964978263e+22 1.087471743250553687e+22 1.085288315207895378e+22 1.083197540084176703e+22 1.081196611407562618e+22 1.079282875068344120e+22 1.077453821125054379e+22 1.075707076271919019e+22 1.074040396910353501e+22 1.072451662773106822e+22 1.070938871054612195e+22 1.069500131005910168e+22 1.068133658956380137e+22 1.066837773728385440e+22 1.065610892414119471e+22 1.064451526486940189e+22 1.063358278222188066e+22 1.062329837404787048e+22 1.061364978303303785e+22 1.060462556891832543e+22 1.059621508303154053e+22 1.058840844497998735e+22 1.058119652136931295e+22 1.057457090642541806e+22 1.056852390441044777e+22 1.056304851373374885e+22 1.055813841267044909e+22 1.055378794660931777e+22 1.054999211676080800e+22 1.054674657026477811e+22 1.054404759164542779e+22 1.054189209556785247e+22 1.054027762085871275e+22 1.053920232575945880e+22 1.053866498438759396e+22 1.053866498438759396e+22
6.683680624209083498e+22 6.683680624209083498e+22 6.531769888524812157e+22 6.231764873776664779e+22 5.794216571565543470e+22 5.241599612079987438e+22 4.613448297171498775e+22 3.966432143756006680e+22 3.363621657642976621e+22 2.853831524367724026e+22 2.455153104378748155e+22 2.159586102583839058e+22 1.946858806666138852e+22 1.795229535420413064e+22 1.686501799668270236e+22 1.607145005029182249e+22 1.547712626539636772e+22 1.501827069716118844e+22 1.465251095978831564e+22 1.435183150418673376e+22 1.409765921241714760e+22 1.387758045391946672e+22 1.368319582677778196e+22 1.350873243952018883e+22 1.335014877402946234e+22 1.320455622032992764e+22 1.306984337995625136e+22 1.294443028422077710e+22 1.282710615306245924e+22 1.271692118091066298e+22 1.261311351414544610e+22 1.251505934213096617e+22 1.242223830941417288e+22 1.233420918590814971e+22 1.225059247942171781e+22 1.217105780096061827e+22 1.209531452390815826e+22 1.202310475585848292e+22 1.195419795659027382e+22 1.188838674471670566e+22 1.182548357558386976e+22 1.176531806762232185e+22 1.170773481888687745e+22 1.165259159994386245e+22 1.159975784014269540e+22 1.154911334599745759e+22 1.150054720579600751e+22 1.145395684560123357e+22 1.140924720982960112e+22 1.136633004548314418e+22 1.132512327349129393e+22 1.128555043391794892e+22 1.124754019430198097e+22 1.121102591234007682e+22 1.117594524563597899e+22 1.114223980243831908e+22 1.110985482824771332e+22 1.107873892394752750e+22 1.104884379174550110e+22 1.102012400573389314e+22 1.099253680431032382e+22 1.096604190206331349e+22 1.094060131903404088e+22 1.091617922552583265e+22 1.089274180085580038e+22 1.087025710463404579e+22 1.084869495932102010e+22 1.082802684295721569e+22 1.080822579108265538e+22 1.078926630697428425e+22 1.077112427942300667e+22 1.075377690735638741e+22 1.073720263068733565e+22 1.072138106683305597e+22 1.070629295240741546e+22 1.069192008963971875e+22 1.067824529711972745e+22 1.066525236450744599e+22 1.065292601088411697e+22 1.064125184645175181e+22 1.063021633731795144e+22 1.061980677312885031e+22 1.061001123733573730e+22 1.060081857990276363e+22 1.059221839228070737e+22 1.058420098449091959e+22 1.057675736417680595e+22 1.056987921749624698e+22 1.056355889174001431e+22 1.055778937957361962e+22 1.055256430481064224e+22 1.054787790963540492e+22 1.054372504320212153e+22 1.054010115154626216e+22 1.053700226875183124e+22 1.053442500932530078e+22 1.053236656173440670e+22 1.053082468307638734e+22 1.052979769484682828e+22 1.052928447978602391e+22 1.052928447978602391e+22
1.233997857477589499e+23 1.233997857477589499e+23 1.203660516222066355e+23 1.142604884560641188e+23 1.050886594521207889e+23 9.307822872356125567e+22 7.893703712313333252e+22 6.404259052287702126e+22 5.023960187502198155e+22 3.905331729689373521e+22 3.086953001479491394e+22 2.525152750070435886e+22 2.151506710150188840e+22 1.905024819091512230e+22 1.741015805195048295e+22 1.629581527929159103e+22 1.551586908456667316e+22 1.495024451047160336e+22 1.452401119529729524e+22 1.419026402350435035e+22 1.391938279990956025e+22 1.369242429874680260e+22 1.349708340318053387e+22 1.332522217334555594e+22 1.317134986403375586e+22 1.303168015242156520e+22 1.290354047290561475e+22 1.278499776435064091e+22 1.267461844246187527e+22 1.257131246448833829e+22 1.247423064530548792e+22 1.238269607380721127e+22 1.229615761960639188e+22 1.221415792121893985e+22 1.213631098480546651e+22 1.206228624212314869e+22 1.199179700685671026e+22 1.192459196686991255e+22 1.186044880156243263e+22 1.179916930849242192e+22 1.174057561799302683e+22 1.168450720413958695e+22 1.163081848766344253e+22 1.157937688572620440e+22 1.153006120422433043e+22 1.148276029659759510e+22 1.143737193298747877e+22 1.139380183770136471e+22 1.135196286307092608e+22 1.131177427515815546e+22 1.127316113217695200e+22 1.123605374052892200e+22 1.120038717638941082e+22 1.116610086309431398e+22 1.113313819636613828e+22 1.110144621081253852e+22 1.107097528223197351e+22 1.104167886114133954e+22 1.101351323364873575e+22 1.098643730637217019e+22 1.096041241258032418e+22 1.093540213712301012e+22 1.091137215804890887e+22 1.088829010308287483e+22 1.086612541936939250e+22 1.084484925508678792e+22 1.082443435170782301e+22 1.080485494582750164e+22 1.078608667960605357e+22 1.076810651898373525e+22 1.075089267892034942e+22 1.073442455499403218e+22 1.071868266076835099e+22 1.070364857039963397e+22 1.068930486601271109e+22 1.067563508942352522e+22 1.066262369783083801e+22 1.065025602313801800e+22 1.063851823460034963e+22 1.062739730452509727e+22 1.061688097677792982e+22 1.060695773787482332e+22 1.059761679045998569e+22 1.058884802899091862e+22 1.058064201746831586e+22 1.057298996906639648e+22 1.056588372753196777e+22 1.055931575023510435e+22 1.055327909276554992e+22 1.054776739498005470e+22 1.054277486841653572e+22 1.053829628499880785e+22 1.053432696696560262e+22 1.053086277796449223e+22 1.052790011525878461e+22 1.052543590300289230e+22 1.052346758654734841e+22 1.052199312774103722e+22 1.052101100120444187e+22 1.052052019155266280e+22 1.052052019155266280e+22
2.592439169249182535e+23 2.592439169249182535e+23 2.533341208165926757e+23 2.410903070539730450e+23 2.218016455761517410e+23 1.949089462340062355e+23 1.610023674452497641e+23 1.232716874308007315e+23 8.790127317545766827e+22 6.092422162880909437e+22 4.294622538243721344e+22 3.176172344271012102e+22 2.497724490017658215e+22 2.085926202620500561e+22 1.831923323507823975e+22 1.671083889409968728e+22 1.565744807146271487e+22 1.493988659782952052e+22 1.442965460431496072e+22 1.405046909821414225e+22 1.375633566313465512e+22 1.351902974720191811e+22 1.332089697423988045e+22 1.315066699938621345e+22 1.300098780722320586e+22 1.286695283294927323e+22 1.274520820748314372e+22 1.263340353266985940e+22 1.252984889202464050e+22 1.243329739397915266e+22 1.234280518335705645e+22 1.225763991768899204e+22 1.217721997832779045e+22 1.210107343841407690e+22 1.202880990439596779e+22 1.196010086133956556e+22 1.189466571372325188e+22 1.183226169479194372e+22 1.177267644145982033e+22 1.171572243288174258e+22 1.166123275160017227e+22 1.160905779759106595e+22 1.155906269944807319e+22 1.151112524348134313e+22 1.146513419349855620e+22 1.142098790974460684e+22 1.137859320028272683e+22 1.133786435552272187e+22 1.129872232898481042e+22 1.126109403628973746e+22 1.122491175084144302e+22 1.119011257943458631e+22 1.115663800457050561e+22 1.112443348294140586e+22 1.109344809158380723e+22 1.106363421477687630e+22 1.103494726599081722e+22 1.100734544015845124e+22 1.098078949231676935e+22 1.095524253928607921e+22 1.093066988155976234e+22 1.090703884299194807e+22 1.088431862621149331e+22 1.086248018197667539e+22 1.084149609092237964e+22 1.082134045635355922e+22 1.080198880690965368e+22 1.078341800806983716e+22 1.076560618159402385e+22 1.074853263210276140e+22 1.073217778009071472e+22 1.071652310075071634e+22 1.070155106805422542e+22 1.068724510359644065e+22 1.067358952976734277e+22 1.066056952685786458e+22 1.064817109375118633e+22 1.063638101188722400e+22 1.062518681221914532e+22 1.061457674491157021e+22 1.060453975155426302e+22 1.059506543968930864e+22 1.058614405946881239e+22 1.057776648228041654e+22 1.056992418119256585e+22 1.056260921308720870e+22 1.055581420236130642e+22 1.054953232608987709e+22 1.054375730055440918e+22 1.053848336905151080e+22 1.053370529090440161e+22 1.052941833160889047e+22 1.052561825405386044e+22 1.052230131076197410e+22 1.051946423710422296e+22 1.051710424544786671e+22 1.051521902020249885e+22 1.051380671373549502e+22 1.051286594313234311e+22 1.051239578778360978e+22 1.051239578778360978e+22
6.191272102834561257e+23 6.191272102834561257e+23 6.083295356189585021e+23 5.850308711523310696e+23 5.456378264263102845e+23 4.848437313560080338e+23 3.980321885765169662e+23 2.892225397523044368e+23 1.817514250438628396e+23 1.083606431554826530e+23 6.608593689310477366e+22 4.307679330232373871e+22 3.058712977976120155e+22 2.366461739277972249e+22 1.970840003507338504e+22 1.736609780493629312e+22 1.592425294829321401e+22 1.499813351513605223e+22 1.437541434528487598e+22 1.393619840279585699e+22 1.361122632861382764e+22 1.335957470313618132e+22 1.315650913425989357e+22 1.298673494587778426e+22 1.284057292662683101e+22 1.271175070666249051e+22 1.259610333624214644e+22 1.249079490449249193e+22 1.239384404497412391e+22 1.230382970445376573e+22 1.221970560262253786e+22 1.214068127037482494e+22 1.206614450050913062e+22 1.199560994555389857e+22 1.192868446885873346e+22 1.186504338711838196e+22 1.180441389661190462e+22 1.174656330668984553e+22 1.169129053735483553e+22 1.163841986591978213e+22 1.158779624652844879e+22 1.153928174625432273e+22 1.149275278593175742e+22 1.144809796983520127e+22 1.140521635280189601e+22 1.136401603722281275e+22 1.132441302245518501e+22 1.128633025015916056e+22 1.124969680379713054e+22 1.121444723101778575e+22 1.118052096519390521e+22 1.114786182787882602e+22 1.111641759799450167e+22 1.108613963658353128e+22 1.105698255823202943e+22 1.102890394200691442e+22 1.100186407608810629e+22 1.097582573132145125e+22 1.095075395973893902e+22 1.092661591474756911e+22 1.090338069021390275e+22 1.088101917609714044e+22 1.085950392863255062e+22 1.083880905335396683e+22 1.081891009948241678e+22 1.079978396440816150e+22 1.078140880715979424e+22 1.076376396989768034e+22 1.074682990658854479e+22 1.073058811812205979e+22 1.071502109321859170e+22 1.070011225455437703e+22 1.068584590959627469e+22 1.067220720569578999e+22 1.065918208904300960e+22 1.064675726712435324e+22 1.063492017436696877e+22 1.062365894068673289e+22 1.061296236268622132e+22 1.060281987727645632e+22 1.059322153751875368e+22 1.058415799050474566e+22 1.057562045711057420e+22 1.056760071347889399e+22 1.056009107409604706e+22 1.055308437634613982e+22 1.054657396643551878e+22 1.054055368659209866e+22 1.053501786345355346e+22 1.052996129756804651e+22 1.052537925393888104e+22 1.052126745355201439e+22 1.051762206583274078e+22 1.051443970198341262e+22 1.051171740916094966e+22 1.050945266545772305e+22 1.050764337565498396e+22 1.050628786772286793e+22 1.050538489004508054e+22 1.050493360935258817e+22 1.050493360935258817e+22
1.777752778510270609e+24 1.777752778510270609e+24 1.760215691440831337e+24 1.720411390569356049e+24 1.646353326723515185e+24 1.512949308495181988e+24 1.275755261711537012e+24 8.934636117117452073e+23 4.495821486514331462e+23 2.152674301755487169e+23 1.097293480287192262e+23 6.192960205195883997e+22 3.918925971933742970e+22 2.774681554179048289e+22 2.167758183254888284e+22 1.829963917988660983e+22 1.633191113693293707e+22 1.513218162435210346e+22 1.436524750944416983e+22 1.385013901262935032e+22 1.348621666365383010e+22 1.321596933627923189e+22 1.300567260654385234e+22 1.283505040301643058e+22 1.269160921961037247e+22 1.256746031110250771e+22 1.245749816513169824e+22 1.235833471080386160e+22 1.226766339781439363e+22 1.218387258789045941e+22 1.210580622614833240e+22 1.203261305481454630e+22 1.196364995705566554e+22 1.189841893149859906e+22 1.183652529062216204e+22 1.177764945915128945e+22 1.172152761871245089e+22 1.166793819245757071e+22 1.161669224216724609e+22 1.156762652531990987e+22 1.152059838741517802e+22 1.147548193940404227e+22 1.143216514845703248e+22 1.139054758758990427e+22 1.135053866769126208e+22 1.131205622801520761e+22 1.127502539695569712e+22 1.123937765954202632e+22 1.120505008524834007e+22 1.117198468179170846e+22 1.114012784920684921e+22 1.110942991469162948e+22 1.107984473324274477e+22 1.105132934243890600e+22 1.102384366221571758e+22 1.099735023235480578e+22 1.097181398183937940e+22 1.094720202533212940e+22 1.092348348288956000e+22 1.090062931970404385e+22 1.087861220320009729e+22 1.085740637524400171e+22 1.083698753757284768e+22 1.081733274883459331e+22 1.079842033186369647e+22 1.078022979001128898e+22 1.076274173150975807e+22 1.074593780098852612e+22 1.072980061737061030e+22 1.071431371747842274e+22 1.069946150475961205e+22 1.068522920261472748e+22 1.067160281187042827e+22 1.065856907199457421e+22 1.064611542569545053e+22 1.063422998658804403e+22 1.062290150964460939e+22 1.061211936417811897e+22 1.060187350913391578e+22 1.059215447048859104e+22 1.058295332057663301e+22 1.057426165918380904e+22 1.056607159626247229e+22 1.055837573614016869e+22 1.055116716310425869e+22 1.054443942825889995e+22 1.053818653756046180e+22 1.053240294094742854e+22 1.052708352248934249e+22 1.052222359148780166e+22 1.051781887446898600e+22 1.051386550801470482e+22 1.051036003238412917e+22 1.050729938588474855e+22 1.050468089995578258e+22 1.050250229493259462e+22 1.050076167646461139e+22 1.049945753256432186e+22 1.049858873126847880e+22 1.049815451889674119e+22 1.049815451889674119e+22
7.876089551914851463e+24 7.876089551914851463e+24 7.853156943633104314e+24 7.798472585631074448e+24 7.684965456057577392e+24 7.430683966219805880e+24 6.765381095485186087e+24 4.892343793344397667e+24 1.366392248387451228e+24 4.553421116582719872e+23 1.867406968206316672e+23 9.090456615772480130e+22 5.136940395918445983e+22 3.324914853485422523e+22 2.426244607591061232e+22 1.951973455811064522e+22 1.688197719475596401e+22 1.534238971934982904e+22 1.439970374314269396e+22 1.379324786293209039e+22 1.338258024432028090e+22 1.308966588748562170e+22 1.286990436969290400e+22 1.269711678287761742e+22 1.255553834336223494e+22 1.243543499977266089e+22 1.233064554025488010e+22 1.223717209157431565e+22 1.215235456098986518e+22 1.207437731318932596e+22 1.200196868634075726e+22 1.193421456906693640e+22 1.187044066123888302e+22 1.181013680679407111e+22 1.175290752390263525e+22 1.169843910823045707e+22 1.164647738350681194e+22 1.159681239623219020e+22 1.154926770696074192e+22 1.150369276915620617e+22 1.145995741244374280e+22 1.141794778114279919e+22 1.137756329390655092e+22 1.133871433030481582e+22 1.130132044248894774e+22 1.126530895165127236e+22 1.123061383054077460e+22 1.119717480166133753e+22 1.116493660035674328e+22 1.113384836565760895e+22 1.110386313141623246e+22 1.107493739714358070e+22 1.104703076293770478e+22 1.102010561652123605e+22 1.099412686308504922e+22 1.096906169063295890e+22 1.094487936502916029e+22 1.092155105009882209e+22 1.089904964901678770e+22 1.087734966390672169e+22 1.085642707111446682e+22 1.083625921004772000e+22 1.081682468381739765e+22 1.079810327019365440e+22 1.078007584161419965e+22 1.076272429316908358e+22 1.074603147763768938e+22 1.072998114678242332e+22 1.071455789820923609e+22 1.069974712719583583e+22 1.068553498296393400e+22 1.067190832893770334e+22 1.065885470658551769e+22 1.064636230248985684e+22 1.063441991833239526e+22 1.062301694351576872e+22 1.061214333017620742e+22 1.060178957036706123e+22 1.059194667521812516e+22 1.058260615589614584e+22 1.057376000621043673e+22 1.056540068672437014e+22 1.055752111024698609e+22 1.055011462859345153e+22 1.054317502051315719e+22 1.053669648069563725e+22 1.053067360977284602e+22 1.052510140524603743e+22 1.051997525327125414e+22 1.051529092124607984e+22 1.051104455114553400e+22 1.050723265356066770e+22 1.050385210239942132e+22 1.050090013021316946e+22 1.049837432411810221e+22 1.049627262228321272e+22 1.049459331096228397e+22 1.049333502204965185e+22 1.049249673114387533e+22 1.049207775610656103e+22 1.049207775610656103e+22
2.202646579480677286e+26 2.202646579480677286e+26 2.202646579480677286e+26 2.202646579480677286e+26 2.202646579480677286e+26 2.202646579480677286e+26 2.202646579480677286e+26 2.202646579480677286e+26 4.920382644069864663e+24 9.121799956645897432e+23 3.005675758564724168e+23 1.294952143792646054e+23 6.676905732460754082e+22 4.000014478204302734e+22 2.738194143894672559e+22 2.098729927399444998e+22 1.755541735411015483e+22 1.561966391196239947e+22 1.447479666104875562e+22 1.376422559639884372e+22 1.330043377155919000e+22 1.298150613488443693e+22 1.275038858788849530e+22 1.257424797948752114e+22 1.243368716420634798e+22 1.231695256647862583e+22 1.221674345781092837e+22 1.212841237038306741e+22 1.204892734053422832e+22 1.197626079518068939e+22 1.190902244670481577e+22 1.184623453735305714e+22 1.178719169976689754e+22 1.173137201973542728e+22 1.167837961341168412e+22 1.162790692037993274e+22 1.157970952679424891e+22 1.153358907421446321e+22 1.148938146438247245e+22 1.144694858368678887e+22 1.140617240068796658e+22 1.136695068655069692e+22 1.132919386116033452e+22 1.129282263110843472e+22 1.125776619259400133e+22 1.122396084300895853e+22 1.119134889232592536e+22 1.115987779746968214e+22 1.112949946481188327e+22 1.110016968113103936e+22 1.107184764402290341e+22 1.104449557027560935e+22 1.101807836611209698e+22 1.099256334709537794e+22 1.096791999833703658e+22 1.094411976775143575e+22 1.092113588666504525e+22 1.089894321327177728e+22 1.087751809532633389e+22 1.085683824915903414e+22 1.083688265263467201e+22 1.081763145009845817e+22 1.079906586768806248e+22 1.078116813765568627e+22 1.076392143056012522e+22 1.074730979436364458e+22 1.073131809961021748e+22 1.071593198998111073e+22 1.070113783761980726e+22 1.068692270270235699e+22 1.067327429679607972e+22 1.066018094960848195e+22 1.064763157877859182e+22 1.063561566240370380e+22 1.062412321403223776e+22 1.061314475988403565e+22 1.060267131808697968e+22 1.059269437974208787e+22 1.058320589165082706e+22 1.057419824055482686e+22 1.056566423875614251e+22 1.055759711099853734e+22 1.054999048250358497e+22 1.054283836806640802e+22 1.053613516212568850e+22 1.052987562973068263e+22 1.052405489833717688e+22 1.051866845037047316e+22 1.051371211650007407e+22 1.050918206957681639e+22 1.050507481918843598e+22 1.050138720679426733e+22 1.049811640140415841e+22 1.049525989577153577e+22 1.049281550307292296e+22 1.049078135405143917e+22 1.048915589460407406e+22 1.048793788379581907e+22 1.048712639228734446e+22 1.048672080116495627e+22 1.048672080116495627e+22
2.202646579480677286e+26 2.202646579480677286e+26 2.202646579480677286e+26 2.202646579480677286e+26 2.202646579480677286e+26 2.202646579480677286e+26 2.202646579480677286e+26 2.202646579480677286e+26 6.812927135805797315e+24 1.307218422326182545e+24 4.165880706770014684e+23 1.711149597521909268e+23 8.367484862436134722e+22 4.743902750280728655e+22 3.082027204620439467e+22 2.261016270971475906e+22 1.831041835651157931e+22 1.594454140868005305e+22 1.458159620078658021e+22 1.375931756329712379e+22 1.323862465555035954e+22 1.289164597190643312e+22 1.264791833175268314e+22 1.246751942802740661e+22 1.232722510206566243e+22 1.221317761477351834e+22 1.211690182763110780e+22 1.203308777776832578e+22 1.195832803893027275e+22 1.189038310524308999e+22 1.182774516708257510e+22 1.176937399402676984e+22 1.171453402507233146e+22 1.166269207563706198e+22 1.161345198943497932e+22 1.156651218599419681e+22 1.152163762570693024e+22 1.147864099450634056e+22 1.143736987274130227e+22 1.139769784492650345e+22 1.135951824177688740e+22 1.132273966510521293e+22 1.128728273696037274e+22 1.125307770092581709e+22 1.122006262464880050e+22 1.118818203229613143e+22 1.115738584858047073e+22 1.112762857160611306e+22 1.109886861599426216e+22 1.107106778438982592e+22 1.104419083701321728e+22 1.101820513703714986e+22 1.099308035532758031e+22 1.096878822221398042e+22 1.094530231694305054e+22 1.092259788765541276e+22 1.090065169634016258e+22 1.087944188442645941e+22 1.085894785558015849e+22 1.083915017296449582e+22 1.082003046875429392e+22 1.080157136410560483e+22 1.078375639810535168e+22 1.076656996447878224e+22 1.074999725503763028e+22 1.073402420901296944e+22 1.071863746755019617e+22 1.070382433275097383e+22 1.068957273073542339e+22 1.067587117827223034e+22 1.066270875258459259e+22 1.065007506399235251e+22 1.063796023109356408e+22 1.062635485822577331e+22 1.061525001497874950e+22 1.060463721755795522e+22 1.059450841182040490e+22 1.058485595782556890e+22 1.057567261576127945e+22 1.056695153311990415e+22 1.055868623301329604e+22 1.055087060352742982e+22 1.054349888802722834e+22 1.053656567633271797e+22 1.053006589669402477e+22 1.052399480850189019e+22 1.051834799567592122e+22 1.051312136067886979e+22 1.050831111911109768e+22 1.050391379484366969e+22 1.049992621565329959e+22 1.049634550932611845e+22 1.049316910020135014e+22 1.049039470612918881e+22 1.048802033582018344e+22 1.048604428656704697e+22 1.048446514232159948e+22 1.048328177211330370e+22 1.048249332879765537e+22 1.048209924812535182e+22 1.048209924812535182e+22
2.202646579480677286e+26 2.202646579480677286e+26 2.202646579480677286e+26 2.202646579480677286e+26 2.202646579480677286e+26 2.202646579480677286e+26 2.202646579480677286e+26 2.202646579480677286e+26 7.485253698111888744e+24 1.552723559132851008e+24 5.095326832830212735e+23 2.087990454250668063e+23 9.992401593736288115e+22 5.479917259334904028e+22 3.427265900888017653e+22 2.425642093113728880e+22 1.908674483628104955e+22 1.628876065922781230e+22 1.470684817516157888e+22 1.377257065793826324e+22 1.319483276942600726e+22 1.281958505958897353e+22 1.256289053535704711e+22 1.237774680092193902e+22 1.223713610792715262e+22 1.212513181941898831e+22 1.203211358495815028e+22 1.195213064300556766e+22 1.188141522228981688e+22 1.181752591289268411e+22 1.175884371343179986e+22 1.170426965799531551e+22 1.165303995362051306e+22 1.160461091366729522e+22 1.155858609002655200e+22 1.151466935422402167e+22 1.147263419489126973e+22 1.143230330751261920e+22 1.139353481453412706e+22 1.135621281870954417e+22 1.132024082823697243e+22 1.128553711123228629e+22 1.125203136378180521e+22 1.121966228415600342e+22 1.118837578028548725e+22 1.115812362550901526e+22 1.112886243571841316e+22 1.110055287987823549e+22 1.107315906215944389e+22 1.104664803186544162e+22 1.102098938971103953e+22 1.099615496765023506e+22 1.097211856552973042e+22 1.094885573217227899e+22 1.092634358160081237e+22 1.090456063736866983e+22 1.088348669961177766e+22 1.086310273065872995e+22 1.084339075594525763e+22 1.082433377766572504e+22 1.080591569911549421e+22 1.078812125807882797e+22 1.077093596792562804e+22 1.075434606532413201e+22 1.073833846366521000e+22 1.072290071144804490e+22 1.070802095499621958e+22 1.069368790497256643e+22 1.067989080624157898e+22 1.066661941069188432e+22 1.065386395268778086e+22 1.064161512686240766e+22 1.062986406800289222e+22 1.061860233281109649e+22 1.060782188334829640e+22 1.059751507199770650e+22 1.058767462779615969e+22 1.057829364400472982e+22 1.056936556680246093e+22 1.056088418499978854e+22 1.055284362067995263e+22 1.054523832068608937e+22 1.053806304888056342e+22 1.053131287911103201e+22 1.052498318882357903e+22 1.051906965327076288e+22 1.051356824026632893e+22 1.050847520544462052e+22 1.050378708798581349e+22 1.049950070677339478e+22 1.049561315695294992e+22 1.049212180686503202e+22 1.048902429532804140e+22 1.048631852925003917e+22 1.048400268155019277e+22 1.048207518937431146e+22 1.048053475259003070e+22 1.047938033255051585e+22 1.047861115111640714e+22 1.047822668992907051e+22 1.047822668992907051e+22
2.202646579480677286e+26 2.202646579480677286e+26 2.202646579480677286e+26 2.202646579480677286e+26 2.202646579480677286e+26 2.202646579480677286e+26 2.202646579480677286e+26 2.202646579480677286e+26 7.742250745962223400e+24 1.690904271797819376e+24 5.747817090030493499e+23 2.388395745206306246e+23 1.138451568094245594e+23 6.136326624477259917e+22 3.742210661348826887e+22 2.578023624589867536e+22 1.981524863822865419e+22 1.661904238119389181e+22 1.483457933510004494e+22 1.379654767015956264e+22 1.316589307319716676e+22 1.276430694750503515e+22 1.249535802780310045e+22 1.230549514863655256e+22 1.216420744844247722e+22 1.205367384285050516e+22 1.196323161950278124e+22 1.188635029402414586e+22 1.181893800454633030e+22 1.175837274910489995e+22 1.170293656640449780e+22 1.165147843532368642e+22 1.160320960879918055e+22 1.155757709573242434e+22 1.151418409377542544e+22 1.147273911622977140e+22 1.143302294316952374e+22 1.139486681798487415e+22 1.135813784505884344e+22 1.132272906514688954e+22 1.128855261146463705e+22 1.125553492198627790e+22 1.122361334209457003e+22 1.119273367935950363e+22 1.116284841851764290e+22 1.113391539988955398e+22 1.110589682709023005e+22 1.107875851155517368e+22 1.105246928943120489e+22 1.102700056542933995e+22 1.100232595131626999e+22 1.097842097579086368e+22 1.095526284884264878e+22 1.093283026817913140e+22 1.091110325851125711e+22 1.089006303679373063e+22 1.086969189819283302e+22 1.084997311878457931e+22 1.083089087189417879e+22 1.081243015566807846e+22 1.079457672998114925e+22 1.077731706116900284e+22 1.076063827337460633e+22 1.074452810552755565e+22 1.072897487315440081e+22 1.071396743435928784e+22 1.069949515942622501e+22 1.068554790358332788e+22 1.067211598254251704e+22 1.065919015048511383e+22 1.064676158021316483e+22 1.063482184522475871e+22 1.062336290350523902e+22 1.061237708285245863e+22 1.060185706757879969e+22 1.059179588645080059e+22 1.058218690174450978e+22 1.057302379930917955e+22 1.056430057954336571e+22 1.055601154919897026e+22 1.054815131393762682e+22 1.054071477157156513e+22 1.053369710592922118e+22 1.052709378129084914e+22 1.052090053734595297e+22 1.051511338462900702e+22 1.050972860039419029e+22 1.050474272489399858e+22 1.050015255803033184e+22 1.049595515634969267e+22 1.049214783035743719e+22 1.048872814212795492e+22 1.048569390319193712e+22 1.048304317268155905e+22 1.048077425571921291e+22 1.047888570203605303e+22 1.047737630480830300e+22 1.047624509970240347e+22 1.047549136412021568e+22 1.047511461663873591e+22 1.047511461663873591e+22
2.202646579480677286e+26 2.202646579480677286e+26 2.202646579480677286e+26 2.202646579480677286e+26 2.202646579480677286e+26 2.202646579480677286e+26 2.202646579480677286e+26 2.202646579480677286e+26 7.857022111836022879e+24 1.767655132528176529e+24 6.171267542826635504e+23 2.604584146752885406e+23 1.245399186370608916e+23 6.661069404368301090e+22 4.000076131271305278e+22 2.704724638733080461e+22 2.042875896920787019e+22 1.690192115330132319e+22 1.494830937525111174e+22 1.382336542889028773e+22 1.314828763897428076e+22 1.272450844702522999e+22 1.244512965506438581e+22 1.225111485823667143e+22 1.210903413963225458e+22 1.199948890069106950e+22 1.191095203223109947e+22 1.183641437618284003e+22 1.177151760222415487e+22 1.171349181200691364e+22 1.166053828331413753e+22 1.161146362760181213e+22 1.156545880921261631e+22 1.152196323703053196e+22 1.148057972925203166e+22 1.144102042806370330e+22 1.140307185390925434e+22 1.136657198148702804e+22 1.133139497967978073e+22 1.129744090720939226e+22 1.126462865680537066e+22 1.123289105695570185e+22 1.120217142498924954e+22 1.117242110853804301e+22 1.114359770825412418e+22 1.111566377566118661e+22 1.108858584625570854e+22 1.106233371188597359e+22 1.103687986586796950e+22 1.101219907422269735e+22 1.098826804004579705e+22 1.096506513743078752e+22 1.094257019792493694e+22 1.092076433711154227e+22 1.089962981218715278e+22 1.087914990374700764e+22 1.085930881668730585e+22 1.084009159636662039e+22 1.082148405707527737e+22 1.080347272053450500e+22 1.078604476264897682e+22 1.076918796711485034e+22 1.075289068477248805e+22 1.073714179781386935e+22 1.072193068812448720e+22 1.070724720917210150e+22 1.069308166095835339e+22 1.067942476763231368e+22 1.066626765743000755e+22 1.065360184465689045e+22 1.064141921347365241e+22 1.062971200327974597e+22 1.061847279551847281e+22 1.060769450175127932e+22 1.059737035286835207e+22 1.058749388931972936e+22 1.057805895226534291e+22 1.056905967555394824e+22 1.056049047845196949e+22 1.055234605905134748e+22 1.054462138829405946e+22 1.053731170455706298e+22 1.053041250874729850e+22 1.052391955986238564e+22 1.051782887097588148e+22 1.051213670561165921e+22 1.050683957447409166e+22 1.050193423250536530e+22 1.049741767624296602e+22 1.049328714145427200e+22 1.048954010102685866e+22 1.048617426309550283e+22 1.048318756938946550e+22 1.048057819378469988e+22 1.047834454104841440e+22 1.047648524576434317e+22 1.047499917142913345e+22 1.047388540971154565e+22 1.047314327986784279e+22 1.047277232830779962e+22 1.047277232830779962e+22
2.202646579480677286e+26 2.202646579480677286e+26 2.202646579480677286e+26 2.202646579480677286e+26 2.202646579480677286e+26 2.202646579480677286e+26 2.202646579480677286e+26 2.202646579480677286e+26 7.912345546474085903e+24 1.808925796799657823e+24 6.421962641897810066e+23 2.742107235964340236e+23 1.316870822829465262e+23 7.023154335304022124e+22 4.181635402429190950e+22 2.795116928753475361e+22 2.087101611654876286e+22 1.710832512963026564e+22 1.503335337636328689e+22 1.384584281065781618e+22 1.313871355015922188e+22 1.269887542338064377e+22 1.241189833360865126e+22 1.221479493991066396e+22 1.207203473625275433e+22 1.196308625632507462e+22 1.187580326967322555e+22 1.180283474664328738e+22 1.173963258324602323e+22 1.168332183137351736e+22 1.163204653635305105e+22 1.158458333478963800e+22 1.154010884047359705e+22 1.149805706166529111e+22 1.145803049183858393e+22 1.141974375594061935e+22 1.138298732960457268e+22 1.134760382925449986e+22 1.131347229250822341e+22 1.128049760973912172e+22 1.124860332171458721e+22 1.121772664557918172e+22 1.118781499456029406e+22 1.115882351113312770e+22 1.113071329591175204e+22 1.110345011964281881e+22 1.107700347444072232e+22 1.105134586588685769e+22 1.102645227802123567e+22 1.100229976378734071e+22 1.097886712749753369e+22 1.095613467552789404e+22 1.093408401815207779e+22 1.091269791012212441e+22 1.089196012092705158e+22 1.087185532803092578e+22 1.085236902809634551e+22 1.083348746243760194e+22 1.081519755385045307e+22 1.079748685263319073e+22 1.078034349010875895e+22 1.076375613832819848e+22 1.074771397491625977e+22 1.073220665223278913e+22 1.071722427018669300e+22 1.070275735216602481e+22 1.068879682364604468e+22 1.067533399311385834e+22 1.066236053501014704e+22 1.064986847443669746e+22 1.063785017341812670e+22 1.062629831853750406e+22 1.061520590979217752e+22 1.060456625053642627e+22 1.059437293839683525e+22 1.058461985705926695e+22 1.057530116884011155e+22 1.056641130796452256e+22 1.055794497448301927e+22 1.054989712876619851e+22 1.054226298652340099e+22 1.053503801429712280e+22 1.052821792539026653e+22 1.052179867618720403e+22 1.051577646283417977e+22 1.051014771824787246e+22 1.050490910942344459e+22 1.050005753501767749e+22 1.049559012318338508e+22 1.049150422963546856e+22 1.048779743593003116e+22 1.048446754793972774e+22 1.048151259451155599e+22 1.047893082629332376e+22 1.047672071471811999e+22 1.047488095113639992e+22 1.047341044608754778e+22 1.047230832870343836e+22 1.047157394623823872e+22 1.047120686371996644e+22 1.047120686371996644e+22
2.202646579480677286e+26 2.202646579480677286e+26 2.202646579480677286e+26 2.202646579480677286e+26 2.202646579480677286e+26 2.202646579480677286e+26 2.202646579480677286e+26 2.202646579480677286e+26 7.935555492397010324e+24 1.827114888967879286e+24 6.538213247176821053e+23 2.808565824908710296e+23 1.352461862777053092e+23 7.207165960859040298e+22 4.275131881121894105e+22 2.842075323633214528e+22 2.110232065394952110e+22 1.721707508896256911e+22 1.507878036058370212e+22 1.385854240844628256e+22 1.313461984645773001e+22 1.268635191649763957e+22 1.239537053300547597e+22 1.219662047485545677e+22 1.205347208037120816e+22 1.194480170669394048e+22 1.185813996022886774e+22 1.178595765211418434e+22 1.172360794254212491e+22 1.166816131102235060e+22 1.161773210972257360e+22 1.157108143750104534e+22 1.152737846912411396e+22 1.148605440415932980e+22 1.144671154835209532e+22 1.140906578555924015e+22 1.137290960717786330e+22 1.133808799703747474e+22 1.130448247540094389e+22 1.127200039502021761e+22 1.124056766384324582e+22 1.121012373244757829e+22 1.118061809693979417e+22 1.115200782814042653e+22 1.112425580386901085e+22 1.109732942836979571e+22 1.107119969298260217e+22 1.104584047845459362e+22 1.102122803019334130e+22 1.099734055860698297e+22 1.097415793087564743e+22 1.095166143025846524e+22 1.092983356581408565e+22 1.090865792015248707e+22 1.088811902618326952e+22 1.086820226620862549e+22 1.084889378841926671e+22 1.083018043708953068e+22 1.081204969367115347e+22 1.079448962664740631e+22 1.077748884850265922e+22 1.076103647852816341e+22 1.074512211046110855e+22 1.072973578416421863e+22 1.071486796071149817e+22 1.070050950037041788e+22 1.068665164306523881e+22 1.067328599098122463e+22 1.066040449302826844e+22 1.064799943092948120e+22 1.063606340673665919e+22 1.062458933160652780e+22 1.061357041569389924e+22 1.060300015903997900e+22 1.059287234334948747e+22 1.058318102456423783e+22 1.057392052615265439e+22 1.056508543304412325e+22 1.055667058614570530e+22 1.054867107738529930e+22 1.054108224523212528e+22 1.053389967065021940e+22 1.052711917344505253e+22 1.052073680896842636e+22 1.051474886514924795e+22 1.050915185982160293e+22 1.050394253832431757e+22 1.049911787134876280e+22 1.049467505301368340e+22 1.049061149914854064e+22 1.048692484576831236e+22 1.048361294772443913e+22 1.048067387751883866e+22 1.047810592426843282e+22 1.047590759281032849e+22 1.047407760293821311e+22 1.047261488876168308e+22 1.047151859818281147e+22 1.047078809248346826e+22 1.047042294601965424e+22 1.047042294601965424e+22
2.202646579480677286e+26 2.202646579480677286e+26 2.202646579480677286e+26 2.202646579480677286e+26 2.202646579480677286e+26 2.202646579480677286e+26 2.202646579480677286e+26 2.202646579480677286e+26 7.935555492397010324e+24 1.827114888967879286e+24 6.538213247176821053e+23 2.808565824908710296e+23 1.352461862777053092e+23 7.207165960859040298e+22 4.275131881121894105e+22 2.842075323633214528e+22 2.110232065394952110e+22 1.721707508896256911e+22 1.507878036058370212e+22 1.385854240844628256e+22 1.313461984645773001e+22 1.268635191649763957e+22 1.239537053300547597e+22 1.219662047485545677e+22 1.205347208037120816e+22 1.194480170669394048e+22 1.185813996022886774e+22 1.178595765211418434e+22 1.172360794254212491e+22 1.166816131102235060e+22 1.161773210972257360e+22 1.157108143750104534e+22 1.152737846912411396e+22 1.148605440415932980e+22 1.144671154835209532e+22 1.140906578555924015e+22 1.137290960717786330e+22 1.133808799703747474e+22 1.130448247540094389e+22 1.127200039502021761e+22 1.124056766384324582e+22 1.121012373244757829e+22 1.118061809693979417e+22 1.115200782814042653e+22 1.112425580386901085e+22 1.109732942836979571e+22 1.107119969298260217e+22 1.104584047845459362e+22 1.102122803019334130e+22 1.099734055860698297e+22 1.097415793087564743e+22 1.095166143025846524e+22 1.092983356581408565e+22 1.090865792015248707e+22 1.088811902618326952e+22 1.086820226620862549e+22 1.084889378841926671e+22 1.083018043708953068e+22 1.081204969367115347e+22 1.079448962664740631e+22 1.077748884850265922e+22 1.076103647852816341e+22 1.074512211046110855e+22 1.072973578416421863e+22 1.071486796071149817e+22 1.070050950037041788e+22 1.068665164306523881e+22 1.067328599098122463e+22 1.066040449302826844e+22 1.064799943092948120e+22 1.063606340673665919e+22 1.062458933160652780e+22 1.061357041569389924e+22 1.060300015903997900e+22 1.059287234334948747e+22 1.058318102456423783e+22 1.057392052615265439e+22 1.056508543304412325e+22 1.055667058614570530e+22 1.054867107738529930e+22 1.054108224523212528e+22 1.053389967065021940e+22 1.052711917344505253e+22 1.052073680896842636e+22 1.051474886514924795e+22 1.050915185982160293e+22 1.050394253832431757e+22 1.049911787134876280e+22 1.049467505301368340e+22 1.049061149914854064e+22 1.048692484576831236e+22 1.048361294772443913e+22 1.048067387751883866e+22 1.047810592426843282e+22 1.047590759281032849e+22 1.047407760293821311e+22 1.047261488876168308e+22 1.047151859818281147e+22 1.047078809248346826e+22 1.047042294601965424e+22 1.047042294601965424e+22
