0.000000000000000000e+00 0.000000000000000000e+00 0.000000000000000000e+00 0.000000000000000000e+00 0.000000000000000000e+00 0.000000000000000000e+00 0.000000000000000000e+00 0.000000000000000000e+00 1.848145196382384165e+04 1.483374605594536115e+04 1.216675246559441621e+04 1.016925675427151327e+04 8.641265761936385388e+03 7.449850674132326276e+03 6.504436619972163498e+03 5.742054281896860630e+03 5.118143211001940472e+03 4.600646847430066373e+03 4.166140841679574805e+03 3.797251527965108380e+03 3.480908775463902657e+03 3.207146785915581859e+03 2.968269693665477917e+03 2.758263222118349859e+03 2.572374430733206282e+03 2.406807739936126836e+03 2.258502388781152149e+03 2.124967612315383121e+03 2.004159211271792401e+03 1.894386141829309281e+03 1.794239114839575450e+03 1.702535499822343127e+03 1.618276427979554683e+03 1.540613109014808970e+03 1.468820169935407421e+03 1.402274391394000531e+03 1.340437626796568566e+03 1.282842987948209611e+03 1.229083600512105704e+03 1.178803395326610598e+03 1.131689523313651762e+03 1.087466073400746609e+03 1.045888842482817608e+03 1.006740959667986658e+03 9.698292080207263552e+02 9.349809187626968878e+02 9.020413376471016136e+02 8.708713826426584319e+02 8.413457273857010250e+02 8.133511570155294521e+02 7.867851527037736332e+02 7.615546689610690692e+02 7.375750740654108313e+02 7.147692290238718442e+02 6.930666845990806451e+02 6.724029792954447657e+02 6.527190239581118476e+02 6.339605609080193744e+02 6.160776874124851474e+02 5.990244348471013609e+02 5.827583962002537419e+02 5.672403956536261376e+02 5.524341948793357915e+02 5.383062314568289821e+02 5.248253854562378820e+02 5.119627707790774025e+02 4.996915483091682972e+02 4.879867583196960936e+02 4.768251699177511682e+02 4.661851455947279987e+02 4.560465191971421746e+02 4.463904858441969736e+02 4.371995025010243694e+02 4.284571980742847472e+02 4.201482920335708968e+02 4.122585206806945166e+02 4.047745702922856026e+02 3.976840164512735214e+02 3.909752689614676910e+02 3.846375218086755581e+02 3.786607076921642943e+02 3.730354567037853712e+02 3.677530587789869401e+02 3.628054295855605460e+02 3.581850795528122262e+02 3.538850857764977036e+02 3.498990665640512248e+02 3.462211584106051987e+02 3.428459952195755136e+02 3.397686896025196006e+02 3.369848161117978975e+02 3.344903962766223913e+02 3.322818853285463092e+02 -1.602176633999999922e+02 -1.602176633999999922e+02 -1.602176633999999922e+02 -1.602176633999999922e+02 -1.602176633999999922e+02 -1.602176633999999922e+02 -1.602176633999999922e+02 -1.602176633999999922e+02
0.000000000000000000e+00 0.000000000000000000e+00 0.000000000000000000e+00 0.000000000000000000e+00 0.000000000000000000e+00 0.000000000000000000e+00 0.000000000000000000e+00 0.000000000000000000e+00 1.848145196382384165e+04 1.483374605594536115e+04 1.216675246559441621e+04 1.016925675427151327e+04 8.641265761936385388e+03 7.449850674132326276e+03 6.504436619972163498e+03 5.742054281896860630e+03 5.118143211001940472e+03 4.600646847430066373e+03 4.166140841679574805e+03 3.797251527965108380e+03 3.480908775463902657e+03 3.207146785915581859e+03 2.968269693665477917e+03 2.758263222118349859e+03 2.572374430733206282e+03 2.406807739936126836e+03 2.258502388781152149e+03 2.124967612315383121e+03 2.004159211271792401e+03 1.894386141829309281e+03 1.794239114839575450e+03 1.702535499822343127e+03 1.618276427979554683e+03 1.540613109014808970e+03 1.468820169935407421e+03 1.402274391394000531e+03 1.340437626796568566e+03 1.282842987948209611e+03 1.229083600512105704e+03 1.178803395326610598e+03 1.131689523313651762e+03 1.087466073400746609e+03 1.045888842482817608e+03 1.006740959667986658e+03 9.698292080207263552e+02 9.349809187626968878e+02 9.020413376471016136e+02 8.708713826426584319e+02 8.413457273857010250e+02 8.133511570155294521e+02 7.867851527037736332e+02 7.615546689610690692e+02 7.375750740654108313e+02 7.147692290238718442e+02 6.930666845990806451e+02 6.724029792954447657e+02 6.527190239581118476e+02 6.339605609080193744e+02 6.160776874124851474e+02 5.990244348471013609e+02 5.827583962002537419e+02 5.672403956536261376e+02 5.524341948793357915e+02 5.383062314568289821e+02 5.248253854562378820e+02 5.119627707790774025e+02 4.996915483091682972e+02 4.879867583196960936e+02 4.768251699177511682e+02 4.661851455947279987e+02 4.560465191971421746e+02 4.463904858441969736e+02 4.371995025010243694e+02 4.284571980742847472e+02 4.201482920335708968e+02 4.122585206806945166e+02 4.047745702922856026e+02 3.976840164512735214e+02 3.909752689614676910e+02 3.846375218086755581e+02 3.786607076921642943e+02 3.730354567037853712e+02 3.677530587789869401e+02 3.628054295855605460e+02 3.581850795528122262e+02 3.538850857764977036e+02 3.498990665640512248e+02 3.462211584106051987e+02 3.428459952195755136e+02 3.397686896025196006e+02 3.369848161117978975e+02 3.344903962766223913e+02 3.322818853285463092e+02 -1.602176633999999922e+02 -1.602176633999999922e+02 -1.602176633999999922e+02 -1.602176633999999922e+02 -1.602176633999999922e+02 -1.602176633999999922e+02 -1.602176633999999922e+02 -1.602176633999999922e+02
0.000000000000000000e+00 0.000000000000000000e+00 0.000000000000000000e+00 0.000000000000000000e+00 0.000000000000000000e+00 0.000000000000000000e+00 0.000000000000000000e+00 0.000000000000000000e+00 1.843941969896030787e+04 1.477195940184787105e+04 1.210064552733165510e+04 1.010734596825567860e+04 8.587138511863935491e+03 7.404263816303549902e+03 6.466793228832568275e+03 5.711255372762301704e+03 5.093013594427949101e+03 4.580117675067547680e+03 4.149308423732641131e+03 3.783379738903525322e+03 3.469409463094686998e+03 3.197554375368455112e+03 2.960216861629492087e+03 2.751460056412694030e+03 2.566591506107315581e+03 2.401862754363211479e+03 2.254249765924785152e+03 2.121290469267331900e+03 2.000963168755346942e+03 1.891594551903500815e+03 1.791789372689525408e+03 1.700376183049470001e+03 1.616365067951973970e+03 1.538914446133136380e+03 1.467304780676097607e+03 1.400917602175680031e+03 1.339218650157333741e+03 1.281744231881435553e+03 1.228090113360513215e+03 1.177902417343707157e+03 1.130870122589111361e+03 1.086718848848034213e+03 1.045205680401223390e+03 1.006114833312619908e+03 9.692540118620655676e+02 9.344513308553677007e+02 9.015527048779572397e+02 8.704196246820263241e+02 8.409272559922320625e+02 8.129628079960783680e+02 7.864241283450029414e+02 7.612184891589539575e+02 7.372615347057204644e+02 7.144763664287517031e+02 6.927927450657339250e+02 6.721463929234002990e+02 6.524783820997547537e+02 6.337345966896829168e+02 6.158652588653466182e+02 5.988245102626315202e+02 5.825700413869633394e+02 5.670627628232053894e+02 5.522665129326508122e+02 5.381477974755900959e+02 5.246755572354970809e+02 5.118209602603257622e+02 4.995572157943878437e+02 4.878594073640492184e+02 4.767043428131649421e+02 4.660704193690129387e+02 4.559375020636684894e+02 4.462868140461093276e+02 4.371008375014532703e+02 4.283632240505293112e+02 4.200587136386903353e+02 4.121730610407081485e+02 4.046929692112365728e+02 3.976060287998651575e+02 3.909006632280850226e+02 3.845660787940852288e+02 3.785922193315497566e+02 3.729697250016506018e+02 3.676898948441987613e+02 3.627446527552506836e+02 3.581265165951389235e+02 3.538285701634040379e+02 3.498444378061050202e+02 3.461682614468683141e+02 3.427946798561822561e+02 3.397188099942900976e+02 3.369362302817745558e+02 3.344429656688974433e+02 3.322354743901951224e+02 -1.602176633999999922e+02 -1.602176633999999922e+02 -1.602176633999999922e+02 -1.602176633999999922e+02 -1.602176633999999922e+02 -1.602176633999999922e+02 -1.602176633999999922e+02 -1.602176633999999922e+02
0.000000000000000000e+00 0.000000000000000000e+00 0.000000000000000000e+00 0.000000000000000000e+00 0.000000000000000000e+00 0.000000000000000000e+00 0.000000000000000000e+00 0.000000000000000000e+00 1.834524260701677849e+04 1.463687386617035554e+04 1.195964690867466197e+04 9.978037273732026733e+03 8.475909278142633411e+03 7.311694825324398153e+03 6.390993877620131570e+03 5.649592454180016830e+03 5.042891080875578155e+03 4.539269197790463295e+03 4.115864009353107576e+03 3.755839681765328805e+03 3.446587727160977010e+03 3.178518478010566014e+03 2.944234427675688949e+03 2.737954773613671023e+03 2.555108176502974857e+03 2.392040103758246460e+03 2.245799495307244797e+03 2.113981178920187631e+03 1.994608025985960694e+03 1.886041812306373231e+03 1.786915069893052760e+03 1.696078466409533348e+03 1.612559795130396424e+03 1.535531734412820470e+03 1.464286293795836400e+03 1.398214404083613999e+03 1.336789497921483871e+03 1.279554210555369082e+03 1.226109538520260912e+03 1.176105948254032000e+03 1.129236041979474066e+03 1.085228475156116929e+03 1.043842885868725261e+03 1.004865647080918620e+03 9.681062916490043335e+02 9.333944902224212683e+02 9.005774857598962626e+02 8.695179069301015033e+02 8.400918973123286833e+02 8.121875089480089400e+02 7.857033180860814809e+02 7.605472284234417657e+02 7.366354331574009393e+02 7.138915120415417732e+02 6.922456436040325798e+02 6.716339159308146236e+02 6.519977220782371887e+02 6.332832283737386661e+02 6.154409056781069012e+02 5.984251151898045009e+02 5.821937416276483646e+02 5.667078676780907927e+02 5.519314844741600155e+02 5.378312336145211248e+02 5.243761768569183914e+02 5.115375901502574720e+02 4.992887791196428111e+02 4.876049135019417804e+02 4.764628783568141444e+02 4.658411401583624070e+02 4.557196261131896335e+02 4.460796152576946838e+02 4.369036400660813229e+02 4.281753974550460384e+02 4.198796682050252684e+02 4.120022439342587859e+02 4.045298608631762818e+02 3.974501396951246193e+02 3.907515310167115103e+02 3.844232656888730162e+02 3.784553097593241091e+02 3.728383234794387704e+02 3.675636240549160902e+02 3.626231518004718168e+02 3.580094394050133246e+02 3.537155840460728768e+02 3.497352221208488459e+02 3.460625063869339897e+02 3.426920853287023760e+02 3.396190845859902083e+02 3.368390903002675714e+02 3.343481342503707197e+02 3.321426806650816275e+02 -1.602176633999999922e+02 -1.602176633999999922e+02 -1.602176633999999922e+02 -1.602176633999999922e+02 -1.602176633999999922e+02 -1.602176633999999922e+02 -1.602176633999999922e+02 -1.602176633999999922e+02
0.000000000000000000e+00 0.000000000000000000e+00 0.000000000000000000e+00 0.000000000000000000e+00 0.000000000000000000e+00 0.000000000000000000e+00 0.000000000000000000e+00 0.000000000000000000e+00 1.817296198385829121e+04 1.440162769321621818e+04 1.172503066516279978e+04 9.770550762979117280e+03 8.302181039793427772e+03 7.169851210929703484e+03 6.276360921030184727e+03 5.557150397100000191e+03 4.968173111442724803e+03 4.478589126215306351e+03 4.066284062854013428e+03 3.715056103018346676e+03 3.412805453941215092e+03 3.150340081345043927e+03 2.920569530142726308e+03 2.717949013565206315e+03 2.538088571596871589e+03 2.377473406041082399e+03 2.233260547762143233e+03 2.103128861268814944e+03 1.985166921523740712e+03 1.877788179100190064e+03 1.779666053523581695e+03 1.689683760632472740e+03 1.606895158425412774e+03 1.530493920172105618e+03 1.459789062836579888e+03 1.394185370308918891e+03 1.333167618879094107e+03 1.276287779968087079e+03 1.223154571709976153e+03 1.173424876770844094e+03 1.126796652882582521e+03 1.083003044886941552e+03 1.041807469690932521e+03 1.002999493505698752e+03 9.663913577587387636e+02 9.318150388267250719e+02 8.991197492194506822e+02 8.681698055297556493e+02 8.388428024550179316e+02 8.110280433251047043e+02 7.846251864717413582e+02 7.595430739274466987e+02 7.356987147190571932e+02 7.130163997080265972e+02 6.914269287493252705e+02 6.708669340670397787e+02 6.512782863136161495e+02 6.326075718993005239e+02 6.148056319335246371e+02 5.978271545788663843e+02 5.816303138351793223e+02 5.661764487899291680e+02 5.514297782260177883e+02 5.373571461987710336e+02 5.239277948025049909e+02 5.111131608629648895e+02 4.988866937303633335e+02 4.872236917214395362e+02 4.761011550783591701e+02 4.654976535858341435e+02 4.553932072230224435e+02 4.457691784291205863e+02 4.366081747363934369e+02 4.278939606755997715e+02 4.196113779899579299e+02 4.117462733078083943e+02 4.042854325235181250e+02 3.972165212228869677e+02 3.905280305652998436e+02 3.842092281013522097e+02 3.782501130633029902e+02 3.726413757171648058e+02 3.673743604107855845e+02 3.624410319925079875e+02 3.578339453107098507e+02 3.535462175362019366e+02 3.495715030778351888e+02 3.459039708867883860e+02 3.425382839677882316e+02 3.394695809357481835e+02 3.366934594747265805e+02 3.342059615726753918e+02 3.320035604205679647e+02 -1.602176633999999922e+02 -1.602176633999999922e+02 -1.602176633999999922e+02 -1.602176633999999922e+02 -1.602176633999999922e+02 -1.602176633999999922e+02 -1.602176633999999922e+02 -1.602176633999999922e+02
0.000000000000000000e+00 0.000000000000000000e+00 0.000000000000000000e+00 0.000000000000000000e+00 0.000000000000000000e+00 0.000000000000000000e+00 0.000000000000000000e+00 0.000000000000000000e+00 1.786343583468272845e+04 1.401529669167797147e+04 1.136671597532586384e+04 9.470009776823919310e+03 8.059623013260138578e+03 6.976657159695570954e+03 6.122754112105082640e+03 5.434570721845291700e+03 4.869741165698020268e+03 4.398960710074867166e+03 4.001360528559031991e+03 3.661703252645139401e+03 3.368621602928798438e+03 3.113476169880424095e+03 2.889593264810884648e+03 2.691743375259290133e+03 2.515776224292288589e+03 2.358360325125298459e+03 2.216793826112502302e+03 2.088864966687638116e+03 1.972747676272617127e+03 1.866922468179716134e+03 1.770115804651085909e+03 1.681253127727319452e+03 1.599422122133345738e+03 1.523843723429091142e+03 1.453849048377475356e+03 1.388860895944349522e+03 1.328378806435656315e+03 1.271966912972054160e+03 1.219244000888977098e+03 1.169875325338982293e+03 1.123565838307013337e+03 1.080054552539002543e+03 1.039109828012067283e+03 1.000525411200264102e+03 9.641170918947514110e+02 9.297198691963913006e+02 8.971855393406873418e+02 8.663806345987584336e+02 8.371846556443124427e+02 8.094885502544918836e+02 7.831933996076470521e+02 7.582092802010593005e+02 7.344542748809120667e+02 7.118536109219081709e+02 6.903389067229129523e+02 6.698475116596112002e+02 6.503219260836475542e+02 6.317092904809136371e+02 6.139609344794562276e+02 5.970319777941592747e+02 5.808809763618562556e+02 5.654696078981561413e+02 5.507623919291786478e+02 5.367264400446451873e+02 5.233312327051877446e+02 5.105484194342706132e+02 4.983516396484836264e+02 4.867163617411074483e+02 4.756197383428719263e+02 4.650404759487996103e+02 4.549587173279119270e+02 4.453559353289930414e+02 4.362148368653183184e+02 4.275192760082157974e+02 4.192541752469601306e+02 4.114054540834676459e+02 4.039599642270452478e+02 3.969054307390329654e+02 3.902303985512585882e+02 3.839241838471634196e+02 3.779768298516956406e+02 3.723790666263716957e+02 3.671222745104697651e+02 3.621984508886650929e+02 3.576001800003946869e+02 3.533206055373276513e+02 3.493534058029995890e+02 3.456927712334987177e+02 3.423333841002551594e+02 3.392704002359803326e+02 3.364994326428505360e+02 3.340165368583010377e+02 3.318181979686735303e+02 -1.602176633999999922e+02 -1.602176633999999922e+02 -1.602176633999999922e+02 -1.602176633999999922e+02 -1.602176633999999922e+02 -1.602176633999999922e+02 -1.602176633999999922e+02 -1.602176633999999922e+02
0.000000000000000000e+00 0.000000000000000000e+00 0.000000000000000000e+00 0.000000000000000000e+00 0.000000000000000000e+00 0.000000000000000000e+00 0.000000000000000000e+00 0.000000000000000000e+00 1.727558483738040377e+04 1.338944270588354993e+04 1.084508052432836121e+04 9.061592003245557862e+03 7.744063234382623705e+03 6.732095368568258891e+03 5.931574223251104740e+03 5.283574678536949250e+03 4.749225349726970308e+03 4.301792434956121724e+03 3.922261413423864724e+03 3.596730662360273527e+03 3.314800889390927750e+03 3.068540371263648012e+03 2.851797870078477899e+03 2.659733400362596058e+03 2.488489922290810227e+03 2.334958756182070829e+03 2.196608849701481176e+03 2.071360482248517656e+03 1.957490481247536991e+03 1.853560161366783859e+03 1.758359896083644344e+03 1.670866028648418705e+03 1.590207049898612468e+03 1.515636813165724107e+03 1.446513147621660664e+03 1.382280651880491405e+03 1.322456752639152000e+03 1.266620334036535041e+03 1.214402406227755364e+03 1.165478402889211338e+03 1.119561788463313633e+03 1.076398725001209414e+03 1.035763601226619130e+03 9.974552670716168450e+02 9.612938484400489187e+02 9.271180415498450884e+02 8.947828055281155457e+02 8.641573872046924407e+02 8.351236241884408855e+02 8.075744820112631714e+02 7.814127889169355967e+02 7.565501381617049219e+02 7.329059327949817089e+02 7.104065520438523436e+02 6.889846218251539085e+02 6.685783747019899010e+02 6.491310869051404779e+02 6.305905819471785207e+02 6.129087919418482215e+02 5.960413690628920449e+02 5.799473406822676225e+02 5.645888026559340460e+02 5.499306460071085212e+02 5.359403129173189200e+02 5.225875784948320870e+02 5.098443552655938902e+02 4.976845177365963764e+02 4.860837447277813226e+02 4.750193774647854070e+02 4.644702916794872181e+02 4.544167821842801231e+02 4.448404585751807758e+02 4.357241508823622098e+02 4.270518241285254817e+02 4.188085008787225547e+02 4.109801909725405835e+02 4.035538277232183759e+02 3.965172099501643856e+02 3.898589492831192160e+02 3.835684222393024356e+02 3.776357266303305096e+02 3.720516419047016825e+02 3.668075930748879614e+02 3.618956179164114246e+02 3.573083371603369756e+02 3.530389274309334837e+02 3.490810967071964797e+02 3.454290621112452868e+02 3.420775298481701725e+02 3.390216771415077233e+02 3.362571360261111408e+02 3.337799788761694799e+02 3.315867055606414056e+02 -1.602176633999999922e+02 -1.602176633999999922e+02 -1.602176633999999922e+02 -1.602176633999999922e+02 -1.602176633999999922e+02 -1.602176633999999922e+02 -1.602176633999999922e+02 -1.602176633999999922e+02
0.000000000000000000e+00 0.000000000000000000e+00 0.000000000000000000e+00 0.000000000000000000e+00 0.000000000000000000e+00 0.000000000000000000e+00 0.000000000000000000e+00 0.000000000000000000e+00 1.604784411548877506e+04 1.239410820651348695e+04 1.012611857500965743e+04 8.540699184745408274e+03 7.358588001358816655e+03 6.440558782035680451e+03 5.706821391685591152e+03 5.107435540419983226e+03 4.609211849028203687e+03 4.189104933793945747e+03 3.830562707945993679e+03 3.521370354648386183e+03 3.252310442942618465e+03 3.016295693250154272e+03 2.807788585639063513e+03 2.622401873977278683e+03 2.456616946680841920e+03 2.307581112650703744e+03 2.172959031224362207e+03 2.050822075753970694e+03 1.939564771936459920e+03 1.837840882042819203e+03 1.744513956422807041e+03 1.658618681001672485e+03 1.579330378324372077e+03 1.505940733957338580e+03 1.437838323609503277e+03 1.374492876349721200e+03 1.315442470007195425e+03 1.260283045863294092e+03 1.208659771222821291e+03 1.160259884285509543e+03 1.114806735638439932e+03 1.072054801529110819e+03 1.031785490774858317e+03 9.938036032727328575e+02 9.579343261908816203e+02 9.240206759608655602e+02 8.919213115715745062e+02 8.615086584536477403e+02 8.326672932426752141e+02 8.052925485297521391e+02 7.792893038167536588e+02 7.545709346501803338e+02 7.310583965905129844e+02 7.086794245000222645e+02 6.873678307712065134e+02 6.670628887039889605e+02 6.477087893779915930e+02 6.292541621410156267e+02 6.116516503131007312e+02 5.948575349409622959e+02 5.788314004737202367e+02 5.635358371022437041e+02 5.489361752399885290e+02 5.350002482455425934e+02 5.216981800154295570e+02 5.090021945253980675e+02 4.968864447822114698e+02 4.853268589763969203e+02 4.743010019081017958e+02 4.637879500006565081e+02 4.537681784251765862e+02 4.442234590402968024e+02 4.351367680073208817e+02 4.264922020769171809e+02 4.182749026616135097e+02 4.104709869112458591e+02 4.030674850986089837e+02 3.960522837012435389e+02 3.894140736344955371e+02 3.831423031517529694e+02 3.772271349813106553e+02 3.716594073166218095e+02 3.664305983185175819e+02 3.615327938250988495e+02 3.569586579979569478e+02 3.527014066627729676e+02 3.487547831285388611e+02 3.451130362931851323e+02 3.417709008644005166e+02 3.387235795434919510e+02 3.359667270372428902e+02 3.334964357782932325e+02 3.313092232487131810e+02 -1.602176633999999922e+02 -1.602176633999999922e+02 -1.602176633999999922e+02 -1.602176633999999922e+02 -1.602176633999999922e+02 -1.602176633999999922e+02 -1.602176633999999922e+02 -1.602176633999999922e+02
1.863889816636937030e+04 1.863889816636937030e+04 1.859393211337177127e+04 1.849357331154262647e+04 1.831111576371553383e+04 1.798591390089091510e+04 1.737388717126649499e+04 1.610766677495002477e+04 1.325175262697898688e+04 1.094692959966154922e+04 9.229635959160883431e+03 7.930085222648758645e+03 6.919125164954250977e+03 6.112634045787121977e+03 5.455652769288985837e+03 4.911136989053874458e+03 4.453270369681790726e+03 4.063516965688158052e+03 3.728223492738016830e+03 3.437111536033673929e+03 3.182297410277287781e+03 2.957635773948271435e+03 2.758268369059690940e+03 2.580306538191699019e+03 2.420603266757249003e+03 2.276586529202630118e+03 2.146135484404182080e+03 2.027487176569218718e+03 1.919165315382035487e+03 1.819925276223109677e+03 1.728711177554130927e+03 1.644622061193935906e+03 1.566885010393647462e+03 1.494833609582721465e+03 1.427890555392603574e+03 1.365553521671412909e+03 1.307383595486816603e+03 1.252995759504222406e+03 1.202051014399128235e+03 1.154249824112314855e+03 1.109326634545400111e+03 1.067045268260985722e+03 1.027195037893205154e+03 9.895874522025396800e+02 9.540534131653820396e+02 9.204408217627490103e+02 8.886125254121983517e+02 8.584445521682333720e+02 8.298245865790978542e+02 8.026506499517465727e+02 7.768299541414586429e+02 7.522779031576824309e+02 7.289172211038153364e+02 7.066771884342325620e+02 6.854929713654521493e+02 6.653050316364978016e+02 6.460586057701979144e+02 6.277032446157006689e+02 6.101924053132701147e+02 5.934830889627265833e+02 5.775355182356507839e+02 5.623128499802356828e+02 5.477809185515629906e+02 5.339080061804917250e+02 5.206646371878628088e+02 5.080233932719044674e+02 4.959587474567434811e+02 4.844469145988222181e+02 4.734657166132859629e+02 4.629944608112116953e+02 4.530138299359514917e+02 4.435057826578878917e+02 4.344534634351812770e+02 4.258411207770404872e+02 4.176540330584607545e+02 4.098784411334157767e+02 4.025014870794088324e+02 3.955111584815168158e+02 3.888962377302054279e+02 3.826462558653990413e+02 3.767514505506993601e+02 3.712027278069439831e+02 3.659916271746499774e+02 3.611102900104211813e+02 3.565514306543332737e+02 3.523083102334663295e+02 3.483747128921887679e+02 3.447449242624278440e+02 3.414137120075353664e+02 3.383763082917831184e+02 3.356283940440793003e+02 3.331660848996419304e+02 3.309859187170478094e+02 3.290848445807006328e+02 3.274602132103165104e+02 3.261097687097471862e+02 3.250316415973842368e+02 3.242243430698262614e+02 3.236867604591675445e+02 3.234181538528365536e+02 3.234181538528365536e+02
1.508176380048306419e+04 1.508176380048306419e+04 1.501500697680115809e+04 1.486955481177993170e+04 1.461761973224415306e+04 1.420673363475619226e+04 1.354630781919608671e+04 1.250449968133540278e+04 1.100096528439731628e+04 9.546953367295363932e+03 8.308467273162312267e+03 7.289777917650464587e+03 6.454439142211183935e+03 5.764196966489035731e+03 5.187728021158682168e+03 4.700974732392220176e+03 4.285714941897343124e+03 3.928097742675607606e+03 3.617491117547461727e+03 3.345637254177143859e+03 3.106045118466796794e+03 2.893553633949476989e+03 2.704015083764456449e+03 2.534063120442396212e+03 2.380940722879685381e+03 2.242371065263676428e+03 2.116459462484661799e+03 2.001618090974362985e+03 1.896507597896852303e+03 1.799991374706627539e+03 1.711099428929334408e+03 1.628999603214344461e+03 1.552974471229588744e+03 1.482402658033128318e+03 1.416743636905343010e+03 1.355525278497851104e+03 1.298333594456555375e+03 1.244804242364698894e+03 1.194615453160507514e+03 1.147482114104826906e+03 1.103150795647631185e+03 1.061395553331544761e+03 1.022014369223812878e+03 9.848261235337183734e+02 9.496680077256381765e+02 9.163933068336162933e+02 8.848694917707791774e+02 8.549765729277788751e+02 8.266056748214734853e+02 7.996577984144064430e+02 7.740427433073631391e+02 7.496781665688453131e+02 7.264887587085702307e+02 7.044055203857107017e+02 6.833651259926176635e+02 6.633093623710569773e+02 6.441846326803998863e+02 6.259415169101042693e+02 6.085343817633480512e+02 5.919210336771068341e+02 5.760624096196667097e+02 5.609223010476282525e+02 5.464671070328408859e+02 5.326656131046690916e+02 5.194887928088760418e+02 5.069096293746863466e+02 4.949029552158413594e+02 4.834453072789688690e+02 4.725147965001573311e+02 4.620909898443819088e+02 4.521548035875257483e+02 4.426884066611671642e+02 4.336751330197905077e+02 4.250994021116655404e+02 4.169466466405572191e+02 4.092032468983520630e+02 4.018564710298665545e+02 3.948944206625674838e+02 3.883059813967166747e+02 3.820807777068704354e+02 3.762091318545741956e+02 3.706820264553884385e+02 3.654910703818473507e+02 3.606284677180237850e+02 3.560869895118424324e+02 3.518599480984329944e+02 3.479411737920682413e+02 3.443249937660903583e+02 3.410062129597884564e+02 3.379800968689298202e+02 3.352423560926493451e+02 3.327891325239342564e+02 3.306169870842612681e+02 3.287228889150702003e+02 3.271042059499845323e+02 3.257586968020306699e+02 3.246845039097958079e+02 3.238801478955256812e+02 3.233445230966923418e+02 3.230768942407697750e+02 3.230768942407697750e+02
1.246843543796664926e+04 1.246843543796664926e+04 1.239615239553860192e+04 1.224243544138847574e+04 1.198784048752396120e+04 1.160131332938634841e+04 1.104236923613214640e+04 1.027722282460025235e+04 9.328672316081223471e+03 8.355896057029927761e+03 7.458660671020453265e+03 6.670857541177154417e+03 5.992595309518363138e+03 5.411655666945775010e+03 4.913253378677986802e+03 4.483646268456536745e+03 4.111137756162631376e+03 3.786109280211115220e+03 3.500749520836589909e+03 3.248730185086066740e+03 3.024911812188662225e+03 2.825100257953120945e+03 2.645852567099113912e+03 2.484324568912826635e+03 2.338151788019133619e+03 2.205356315884994274e+03 2.084273717134646631e+03 1.973495363689837177e+03 1.871822671249728955e+03 1.778230555805119820e+03 1.691838070157961056e+03 1.611884664745904274e+03 1.537710881183895253e+03 1.468742560928953026e+03 1.404477858331332527e+03 1.344476504230279943e+03 1.288350885896179989e+03 1.235758600886368640e+03 1.186396213184230646e+03 1.139993994944205042e+03 1.096311480067580305e+03 1.055133689519002246e+03 1.016267914888501309e+03 9.795409678126193285e+02 9.447968197086537430e+02 9.118945697773938264e+02 8.807066901050350225e+02 8.511175054949533205e+02 8.230218728113935640e+02 7.963240304531960874e+02 7.709365933574406426e+02 7.467796728658083794e+02 7.237801040332919911e+02 7.018707656489999636e+02 6.809899804750722296e+02 6.610809850752457351e+02 6.420914601655418892e+02 6.239731137298941803e+02 6.066813102467120871e+02 5.901747403039028086e+02 5.744151256686523084e+02 5.593669555480220197e+02 5.449972503465617137e+02 5.312753497138714920e+02 5.181727220914533518e+02 5.056627933253901688e+02 4.937207922185743882e+02 4.823236111608842407e+02 4.714496802043266825e+02 4.610788531480869779e+02 4.511923043701726783e+02 4.417724352915372492e+02 4.328027894886454305e+02 4.242679755840001121e+02 4.161535971433170289e+02 4.084461888951752826e+02 4.011331586652840429e+02 3.942027344847767267e+02 3.876439163911432502e+02 3.814464324927882899e+02 3.756006989144560748e+02 3.700977832818421120e+02 3.649293714401478610e+02 3.600877371338135049e+02 3.555657144036013619e+02 3.513566724830806720e+02 3.474544929998009479e+02 3.438535493071887004e+02 3.405486877920802158e+02 3.375352110196583340e+02 3.348088625930114972e+02 3.323658136184381533e+02 3.302026506804522228e+02 3.283163652420803942e+02 3.267043443969175769e+02 3.253643629093137406e+02 3.242945764884784694e+02 3.234935162509740394e+02 3.229600843344001078e+02 3.226935506329209602e+02 3.226935506329209602e+02
1.050356439450245853e+04 1.050356439450245853e+04 1.043493372063515562e+04 1.029194987449461587e+04 1.006342560268450325e+04 9.734078657194762854e+03 9.289052070744315643e+03 8.724696646732756562e+03 8.066308057795681634e+03 7.377724575984036164e+03 6.712909010545734418e+03 6.101279380688893070e+03 5.553154721316159339e+03 5.068163057800004026e+03 4.641129416839346959e+03 4.265304549786281314e+03 3.933899606998944364e+03 3.640717409958168901e+03 3.380347214653097126e+03 3.148165630197116116e+03 2.940261398169498079e+03 2.753338160475239420e+03 2.584618517750877800e+03 2.431758240419113463e+03 2.292772985664190401e+03 2.165977120412399017e+03 2.049933235598296505e+03 1.943410698746541129e+03 1.845351677475212227e+03 1.754843267085854677e+03 1.671094578202861385e+03 1.593417847387189568e+03 1.521212811899706594e+03 1.453953737570672047e+03 1.391178608761256100e+03 1.332480085815820757e+03 1.277497912413146878e+03 1.225912516598362572e+03 1.177439598184496845e+03 1.131825534235080113e+03 1.088843465542378681e+03 1.048289952034853741e+03 1.009982105170246541e+03 9.737551216093637549e+02 9.394601556148686541e+02 9.069624783045273944e+02 8.761398806011226270e+02 8.468812838509608127e+02 8.190855279366985542e+02 7.926603115330669880e+02 7.675212631403418300e+02 7.435911248360230275e+02 7.207990334349382238e+02 6.990798860423559518e+02 6.783737789048326476e+02 6.586255100751528744e+02 6.397841377642779435e+02 6.218025873981606537e+02 6.046373013663034044e+02 5.882479262711090087e+02 5.725970331866695915e+02 5.576498670319546136e+02 5.433741216735643320e+02 5.297397378099652769e+02 5.167187210646939093e+02 5.042849780389139482e+02 4.924141683526544853e+02 4.810835709449478941e+02 4.702719631119612700e+02 4.599595109435500149e+02 4.501276699763380975e+02 4.407590950189764385e+02 4.318375582253025300e+02 4.233478745962253811e+02 4.152758341832892484e+02 4.076081403478043512e+02 4.003323535006555289e+02 3.934368398106884115e+02 3.869107244250148483e+02 3.807438487936832416e+02 3.749267317346084383e+02 3.694505339133597204e+02 3.643070254467090763e+02 3.594885563695785322e+02 3.549880297323450691e+02 3.507988771200310225e+02 3.469150364068917725e+02 3.433309315797437193e+02 3.400414544812044824e+02 3.370419483402018841e+02 3.343281929717618368e+02 3.318963915414465191e+02 3.297431588020386357e+02 3.278655107212463804e+02 3.262608554296057832e+02 3.249269854273065903e+02 3.238620709976766534e+02 3.230646547834336957e+02 3.225336474898387564e+02 3.222683246864349940e+02 3.222683246864349940e+02
8.995908015339478879e+03 8.995908015339478879e+03 8.934978059416507676e+03 8.810036219972760591e+03 8.615543156857866052e+03 8.345152505700980328e+03 7.995069898724031191e+03 7.569477140369345761e+03 7.086295417293692481e+03 6.576847837121459634e+03 6.071398535459362392e+03 5.590924796692732343e+03 5.146587190837635717e+03 4.742383638424350465e+03 4.378009655421245043e+03 4.050946502065040477e+03 3.757747892384272745e+03 3.494752934512704996e+03 3.258445431681448554e+03 3.045612709723767694e+03 2.853397506869854169e+03 2.679296256762089797e+03 2.521132858346625198e+03 2.377023225380765780e+03 2.245338311362373588e+03 2.124669225540516891e+03 2.013795916826309622e+03 1.911659817011460291e+03 1.817340312747240432e+03 1.730034690106470862e+03 1.649041121852209926e+03 1.573744268406748688e+03 1.503603098020993912e+03 1.438140578573541234e+03 1.376934942178841766e+03 1.319612269408631619e+03 1.265840180446866270e+03 1.215322455425696717e+03 1.167794435771748113e+03 1.123019083176097638e+03 1.080783593432582165e+03 1.040896479498558847e+03 1.003185052295288529e+03 9.674932394825906385e+02 9.336796921392123068e+02 9.016161373131653818e+02 8.711859410695610677e+02 8.422828522004136858e+02 8.148099013706928417e+02 7.886784343210092629e+02 7.638072609630404486e+02 7.401219048989898965e+02 7.175539401599702387e+02 6.960404038642832347e+02 6.755232751048472437e+02 6.559490117356749579e+02 6.372681378806926205e+02 6.194348759683781509e+02 6.024068179305348849e+02 5.861446309160882038e+02 5.706117934803650087e+02 5.557743587330111268e+02 5.416007413766193395e+02 5.280615259548347922e+02 5.151292939621509959e+02 5.027784677559522493e+02 4.909851694611616040e+02 4.797270932745136633e+02 4.689833897640717169e+02 4.587345609237428903e+02 4.489623648859057425e+02 4.396497293206344921e+02 4.307806726597606826e+02 4.223402323803750278e+02 4.143143996671444143e+02 4.066900598473442869e+02 3.994549380583872562e+02 3.925975496657597432e+02 3.861071550007923747e+02 3.799737180333588640e+02 3.741878686351286660e+02 3.687408681251597500e+02 3.636245778217871134e+02 3.588314303534978080e+02 3.543544035072784482e+02 3.501869964159666893e+02 3.463232079069459246e+02 3.427575168531639633e+02 3.394848643844604226e+02 3.365006378323741956e+02 3.338006562956780954e+02 3.313811577264339689e+02 3.292387874481033236e+02 3.273705880278814675e+02 3.257739904353184670e+02 3.244468064284733373e+02 3.233872221173979824e+02 3.225937926628590162e+02 3.220654380757961803e+02 3.218014400903613250e+02 3.218014400903613250e+02
7.817507655238884581e+03 7.817507655238884581e+03 7.765320372241132645e+03 7.659539411568556716e+03 7.497910096106787023e+03 7.278563752508710422e+03 7.002026422611200360e+03 6.673728348526940863e+03 6.305817474019538167e+03 5.916024366028796976e+03 5.522459374999234569e+03 5.139538384109427170e+03 4.776700054615824229e+03 4.438977306541489270e+03 4.128209749925508731e+03 3.844207047025371139e+03 3.585627895392110077e+03 3.350566487577165844e+03 3.136912857177169826e+03 2.942559397731600257e+03 2.765510140070483430e+03 2.603931592831963371e+03 2.456169957433040508e+03 2.320749912763378234e+03 2.196363992528516974e+03 2.081857768613751432e+03 1.976213760947758601e+03 1.878535639820432380e+03 1.788033500054101069e+03 1.704010538756157302e+03 1.625851220705712194e+03 1.553010884535503237e+03 1.485006679289795102e+03 1.421409695431785167e+03 1.361838149767909044e+03 1.305951490050224720e+03 1.253445296458693520e+03 1.204046870510089320e+03 1.157511415421544598e+03 1.113618724666388971e+03 1.072170306983626688e+03 1.032986886304317295e+03 9.959062239518058277e+02 9.607812181482646565e+02 9.274782424398894136e+02 8.958756902690231527e+02 8.658626977019367814e+02 8.373380203833053201e+02 8.102090442383191657e+02 7.843909123727149790e+02 7.598057531091742476e+02 7.363819962136724371e+02 7.140537661650469090e+02 6.927603428540007826e+02 6.724456814057310794e+02 6.530579839373929190e+02 6.345493170175813020e+02 6.168752694141501252e+02 5.999946454198728816e+02 5.838691896501040901e+02 5.684633397273830724e+02 5.537440037173312248e+02 5.396803595685959181e+02 5.262436741458166125e+02 5.134071397364526774e+02 5.011457261655274920e+02 4.894360468730954494e+02 4.782562375014189797e+02 4.675858457068015923e+02 4.574057310579604518e+02 4.476979740114515494e+02 4.384457930676834962e+02 4.296334693103542008e+02 4.212462776195356469e+02 4.132704239257986956e+02 4.056929879408553461e+02 3.985018708604654307e+02 3.916857475887823625e+02 3.852340230807007515e+02 3.791367924409175885e+02 3.733848044559683217e+02 3.679694282689837337e+02 3.628826229368223721e+02 3.581169096360301864e+02 3.536653463081355540e+02 3.495215045563575700e+02 3.456794486252651950e+02 3.421337163125190841e+02 3.388793016777123057e+02 3.359116394277464792e+02 3.332265908713521299e+02 3.308204313473635239e+02 3.286898390423399405e+02 3.268318851233010491e+02 3.252440251207297024e+02 3.239240915056801668e+02 3.228702874130622149e+02 3.220811814708080760e+02 3.215557037019523250e+02 3.212931424736128747e+02 3.212931424736128747e+02
6.880677084605959863e+03 6.880677084605959863e+03 6.836790995157797624e+03 6.748556063482929858e+03 6.615437087492353385e+03 6.437608150419746380e+03 6.217052337689832711e+03 5.958690956064729107e+03 5.670924619009442722e+03 5.364828826174669302e+03 5.051957220201683413e+03 4.742302969417536588e+03 4.443286982771915063e+03 4.159688160595505906e+03 3.894085172254502140e+03 3.647445306407440967e+03 3.419663056523355863e+03 3.209978668725936132e+03 3.017273943209176650e+03 2.840267983028841627e+03 2.677639879239084166e+03 2.528101415946741781e+03 2.390437075025123704e+03 2.263523385900959966e+03 2.146335658882971529e+03 2.037947309718558472e+03 1.937525072782128973e+03 1.844322147555894617e+03 1.757670517313234541e+03 1.676973168224789561e+03 1.601696617623623979e+03 1.531363963066882661e+03 1.465548544358046456e+03 1.403868240069418107e+03 1.345980379967347062e+03 1.291577233436132019e+03 1.240382024154396731e+03 1.192145418264641194e+03 1.146642434193965755e+03 1.103669725333546467e+03 1.063043190865110546e+03 1.024595874472373680e+03 9.881761151092231330e+02 9.536459182006499304e+02 9.208795195202900459e+02 8.897621174772962149e+02 8.601887526502016499e+02 8.320633161435250713e+02 8.052976707414503608e+02 7.798108709246326953e+02 7.555284696346590181e+02 7.323819012481155823e+02 7.103079315888425072e+02 6.892481669900166708e+02 6.691486154415838428e+02 6.499592937448492194e+02 6.316338753633422129e+02 6.141293743239185687e+02 5.974058610984869802e+02 5.814262068970587052e+02 5.661558532373064736e+02 5.515626040339255951e+02 5.376164377800935199e+02 5.242893376803493766e+02 5.115551378446001536e+02 4.993893838720567828e+02 4.877692063453859532e+02 4.766732059234493022e+02 4.660813488684149775e+02 4.559748719725881756e+02 4.463361959643907539e+02 4.371488465734369697e+02 4.283973825233905472e+02 4.200673297997317945e+02 4.121451216089697596e+02 4.046180435074057868e+02 3.974741832321556672e+02 3.907023848157388102e+02 3.842922066087748476e+02 3.782338828738561460e+02 3.725182886481750302e+02 3.671369076032041221e+02 3.620818026573688826e+02 3.573455891224370475e+02 3.529214101865532029e+02 3.488029145570105811e+02 3.449842361038390095e+02 3.414599753618328464e+02 3.382251827633319294e+02 3.352753434877517407e+02 3.326063638260853281e+02 3.302145589699379116e+02 3.280966421450106623e+02 3.262497150185233181e+02 3.246712593189528206e+02 3.233591296146689160e+02 3.223115472058770479e+02 3.215270950914913328e+02 3.210047139795566409e+02 3.207436993164527621e+02 3.207436993164527621e+02
6.124158630953591455e+03 6.124158630953591455e+03 6.087544446651682847e+03 6.014333853238257689e+03 5.904805045059735676e+03 5.759951224860271395e+03 5.582055195163431563e+03 5.375189317097107960e+03 5.145346164107954792e+03 4.899941776294113879e+03 4.646763340792242161e+03 4.392900519737883769e+03 4.144069597581162270e+03 3.904399996636442211e+03 3.676548977377785832e+03 3.461974586410824941e+03 3.261242729031842373e+03 3.074302166662688705e+03 2.900703263889504797e+03 2.739759457542675591e+03 2.590660216987330841e+03 2.452546663084807733e+03 2.324560078112575866e+03 2.205871509352600697e+03 2.095698584660054166e+03 1.993313905710079553e+03 1.898048042748395119e+03 1.809289180207519166e+03 1.726480777769430460e+03 1.649118140617151312e+03 1.576744473838416525e+03 1.508946782673064945e+03 1.445351839086920108e+03 1.385622342635809446e+03 1.329453343701787389e+03 1.276568959038393587e+03 1.226719385804448848e+03 1.179678205967377153e+03 1.135239964824398612e+03 1.093218003230174645e+03 1.053442521477054242e+03 1.015758852687860440e+03 9.800259244196571444e+02 9.461148885291966053e+02 9.139079009524689354e+02 8.832970347352465978e+02 8.541833113165474742e+02 8.264758366524268922e+02 8.000910302414334865e+02 7.749519364606600220e+02 7.509876088390184350e+02 7.281325589857491423e+02 7.063262628640998173e+02 6.855127179617700222e+02 6.656400456713453195e+02 6.466601338653861148e+02 6.285283152417212023e+02 6.112030775342642528e+02 5.946458021411177697e+02 5.788205281228969170e+02 5.636937388764417847e+02 5.492341690985887226e+02 5.354126299267635432e+02 5.222018503822652065e+02 5.095763334527323423e+02 4.975122253355897897e+02 4.859871965276629453e+02 4.749803335903334869e+02 4.644720405468513604e+02 4.544439489809483348e+02 4.448788360054998066e+02 4.357605493581218070e+02 4.270739389588899826e+02 4.188047943347727369e+02 4.109397873771769127e+02 4.034664199538874527e+02 3.963729759457664841e+02 3.896484773221692421e+02 3.832826439081920853e+02 3.772658565316997965e+02 3.715891232694717701e+02 3.662440485398237797e+02 3.612228048143178398e+02 3.565181067439096978e+02 3.521231875153152941e+02 3.480317772719070604e+02 3.442380834501814775e+02 3.407367728980296988e+02 3.375229556548158030e+02 3.345921702858955769e+02 3.319403706756822885e+02 3.295639141939360002e+02 3.274595511596416486e+02 3.256244155358395460e+02 3.240560167971204919e+02 3.227522329192346433e+02 3.217113044476170103e+02 3.209318296084708777e+02 3.204127604326644700e+02 3.201533998689274085e+02 3.201533998689274085e+02
5.504423327451369005e+03 5.504423327451369005e+03 5.473923279462108439e+03 5.413156875623723863e+03 5.322731852016786434e+03 5.203880074315798083e+03 5.058747270889893116e+03 4.890607231023783243e+03 4.703861649741459587e+03 4.503734323769342154e+03 4.295715131117951387e+03 4.084968030861769421e+03 3.875896606615544897e+03 3.671937558961719333e+03 3.475549862584542097e+03 3.288326292141078284e+03 3.111158182198091708e+03 2.944406181098715479e+03 2.788051832831553384e+03 2.641820532913958232e+03 2.505275425536973216e+03 2.377885979949507146e+03 2.259076272417779364e+03 2.148257839295470148e+03 2.044851221969103335e+03 1.948299449333406983e+03 1.858075901820928948e+03 1.773688342688735474e+03 1.694680393351986822e+03 1.620631350573470627e+03 1.551154967978673085e+03 1.485897627728299540e+03 1.424536189505727407e+03 1.366775707144032594e+03 1.312347136178970914e+03 1.261005109589926406e+03 1.212525827682052295e+03 1.166705087000670119e+03 1.123356459206720046e+03 1.082309621773136769e+03 1.043408836646955478e+03 1.006511569588839052e+03 9.714872410057712386e+02 9.382160982192636993e+02 9.065881989049083813e+02 8.765024956556010238e+02 8.478660120938396858e+02 8.205931015756995066e+02 7.946047802150162624e+02 7.698281266622872181e+02 7.461957417664679042e+02 7.236452619109760462e+02 7.021189204360732674e+02 6.815631521331921476e+02 6.619282363212308837e+02 6.431679744905019334e+02 6.252393989292577317e+02 6.081025091333106047e+02 5.917200331445574193e+02 5.760572112725805027e+02 5.610815999285907765e+02 5.467628935458067190e+02 5.330727627783268190e+02 5.199847073642799842e+02 5.074739222113671531e+02 4.955171754159797501e+02 4.840926970632949633e+02 4.731800777768282273e+02 4.627601760935889388e+02 4.528150338369995893e+02 4.433277987450376258e+02 4.342826536872575502e+02 4.256647518722566588e+02 4.174601575077332427e+02 4.096557914294978673e+02 4.022393812642185367e+02 3.951994157340362790e+02 3.885251027500964938e+02 3.822063309768703334e+02 3.762336345804416737e+02 3.705981609021513918e+02 3.652916408243075921e+02 3.603063616175058428e+02 3.556351420798085883e+02 3.512713097966588407e+02 3.472086803673088298e+02 3.434415384589356108e+02 3.399646205635195884e+02 3.367730993453491237e+02 3.338625694785912401e+02 3.312290348850543182e+02 3.288688972920729157e+02 3.267789460394658931e+02 3.249563490728905322e+02 3.233986450687690990e+02 3.221037366431314695e+02 3.210698846036779628e+02 3.202957032108124054e+02 3.197801564195032711e+02 3.195225550798476775e+02 3.195225550798476775e+02
4.990045442701752108e+03 4.990045442701752108e+03 4.964578588923232928e+03 4.913954190377720806e+03 4.838867716636030309e+03 4.740532011592972594e+03 4.620817197391461377e+03 4.482334563669855925e+03 4.328398180567645795e+03 4.162830411519397785e+03 3.989644180809750651e+03 3.812696675518252505e+03 3.635409334364326696e+03 3.460602744846009955e+03 3.290445603489711175e+03 3.126488399223019769e+03 2.969745829373792731e+03 2.820798059627691146e+03 2.679891066447557932e+03 2.547025481494005817e+03 2.422029863577933611e+03 2.304618198900093375e+03 2.194433355699905405e+03 2.091078919680991476e+03 1.994141866627011268e+03 1.903208248358434275e+03 1.817873684466539999e+03 1.737750070669211027e+03 1.662469580810182151e+03 1.591686766915544922e+03 1.525079348288775236e+03 1.462348118099337626e+03 1.403216274516089015e+03 1.347428394001282186e+03 1.294749199184008603e+03 1.244962226602824330e+03 1.197868465786080833e+03 1.153285017035435658e+03 1.111043798225656474e+03 1.070990318970897306e+03 1.032982532201971708e+03 9.968897675109526517e+02 9.625917467960332488e+02 9.299776802378345337e+02 8.989454390679392191e+02 8.694008006698636564e+02 8.412567610821829476e+02 8.144329098081361735e+02 7.888548618748617400e+02 7.644537422555082458e+02 7.411657180180776550e+02 7.189315738609039954e+02 6.976963270112887585e+02 6.774088777851031864e+02 6.580216924196843138e+02 6.394905150937865983e+02 6.217741063320734156e+02 6.048340052559269679e+02 5.886343133861693104e+02 5.731414979265795182e+02 5.583242126609115985e+02 5.441531347809093404e+02 5.306008161302745521e+02 5.176415475006632505e+02 5.052512347520142271e+02 4.934072856521366361e+02 4.820885064407598861e+02 4.712750072222875133e+02 4.609481153805311351e+02 4.510902962885672878e+02 4.416850806586691647e+02 4.327169979416240153e+02 4.241715152427256044e+02 4.160349812736506010e+02 4.082945749062650407e+02 4.009382579363932564e+02 3.939547317034977709e+02 3.873333972462804127e+02 3.810643187049565768e+02 3.751381897086994854e+02 3.695463025117885536e+02 3.642805196646225454e+02 3.593332480263036359e+02 3.546974149439961934e+02 3.503664464412230473e+02 3.463342472724679624e+02 3.425951827155412843e+02 3.391440619857689853e+02 3.359761231678066906e+02 3.330870195714699094e+02 3.304728074278634153e+02 3.281299348510328855e+02 3.260552319987814940e+02 3.242459023740736370e+02 3.226995152156119389e+02 3.214139989330331559e+02 3.203876355484958367e+02 3.196190561125501404e+02 3.191072370678697894e+02 3.188514975400634626e+02 3.188514975400634626e+02
4.557991275396521814e+03 4.557991275396521814e+03 4.536626718115943731e+03 4.494213452342128221e+03 4.431423021195832916e+03 4.349347749914431915e+03 4.249563414550360903e+03 4.134153936498905750e+03 4.005665796201343255e+03 3.866979105413786328e+03 3.721113860116465275e+03 3.571016834125146488e+03 3.419377692826670227e+03 3.268504854535907725e+03 3.120267917025219049e+03 2.976096192589671318e+03 2.837015476372094781e+03 2.703705326944484568e+03 2.576563088461531152e+03 2.455765697926851772e+03 2.341324444585454785e+03 2.233130778943419045e+03 2.130993072071292772e+03 2.034665176934578994e+03 1.943868034355278041e+03 1.858305629389971955e+03 1.777676499125905821e+03 1.701681818807421223e+03 1.630030905108624665e+03 1.562444800824238200e+03 1.498658455499838965e+03 1.438421893972303451e+03 1.381500667561473165e+03 1.327675807148483500e+03 1.276743439639075632e+03 1.228514185664923389e+03 1.182812423676117078e+03 1.139475481256143212e+03 1.098352796514290503e+03 1.059305079202610614e+03 1.022203491558921201e+03 9.869288618802105475e+02 9.533709387950397058e+02 9.214276906145425983e+02 8.910046516165961066e+02 8.620143153713237325e+02 8.343755740374963352e+02 8.080132017920777798e+02 7.828573800838662464e+02 7.588432621419962061e+02 7.359105740583395345e+02 7.140032497540629493e+02 6.930690972013584314e+02 6.730594933772740660e+02 6.539291055605456222e+02 6.356356367316254818e+02 6.181395929920530534e+02 6.014040710759171589e+02 5.853945641791427761e+02 5.700787844791635735e+02 5.554265008564084383e+02 5.414093904592579065e+02 5.280009028750179141e+02 5.151761357811699327e+02 5.029117210540572955e+02 4.911857204060597155e+02 4.799775297084787553e+02 4.692677912355512149e+02 4.590383131363209372e+02 4.492719955057924608e+02 4.399527624855215322e+02 4.310654998770236261e+02 4.225959977996794237e+02 4.145308979684348287e+02 4.068576452062818021e+02 3.995644428423150885e+02 3.926402116786575789e+02 3.860745522390131441e+02 3.798577100382836989e+02 3.739805436369246650e+02 3.684344952656769578e+02 3.632115638263070423e+02 3.583042800921243725e+02 3.537056839486112949e+02 3.494093035295173308e+02 3.454091361175684938e+02 3.416996306914794559e+02 3.382756720124511389e+02 3.351325661539418661e+02 3.322660273881406852e+02 3.296721663515803016e+02 3.273474794205547482e+02 3.252888392347101671e+02 3.234934863143104735e+02 3.219590217233406406e+02 3.206834007369470214e+02 3.196649274775348317e+02 3.189022504895785346e+02 3.183943592284728084e+02 3.181405814440187214e+02 3.181405814440187214e+02
4.191131472680121078e+03 4.191131472680121078e+03 4.173099397474690704e+03 4.137326990030528577e+03 4.084416926185928332e+03 4.015312303896379944e+03 3.931320333652095087e+03 3.834110884105937203e+03 3.725673822534529336e+03 3.608230019380924659e+03 3.484106525743106431e+03 3.355599242506362316e+03 3.224849080104106179e+03 3.093750303621576222e+03 2.963898248311641964e+03 2.836573629451668239e+03 2.712754951952597366e+03 2.593148928619202707e+03 2.478229908339034409e+03 2.368281580615353050e+03 2.263436609863664216e+03 2.163711832751467682e+03 2.069038068277751790e+03 1.979284487327133775e+03 1.894277986063055550e+03 1.813818232497307463e+03 1.737689112174175307e+03 1.665667262180138550e+03 1.597528301759632768e+03 1.533051272285548066e+03 1.472021705494351181e+03 1.414233654632391563e+03 1.359490951392799843e+03 1.307607892463904363e+03 1.258409512049569912e+03 1.211731559226531772e+03 1.167420269754459923e+03 1.125331999358103985e+03 1.085332768178285278e+03 1.047297752892828385e+03 1.011110753012793111e+03 9.766636503264898010e+02 9.438558748164325607e+02 9.125938861638451272e+02 8.827906768359094940e+02 8.543653004571852989e+02 8.272424274956267709e+02 8.013519290908891435e+02 7.766284890007719923e+02 7.530112430514096786e+02 7.304434450809062582e+02 7.088721581133995642e+02 6.882479693526905749e+02 6.685247275126753266e+02 6.496593009839848492e+02 6.316113553565298844e+02 6.143431488637786515e+02 5.978193443776275444e+02 5.820068366563029940e+02 5.668745936266595891e+02 5.523935105636639946e+02 5.385362761105781146e+02 5.252772491625522662e+02 5.125923457120470630e+02 5.004589348267317064e+02 4.888557429982765825e+02 4.777627661639905341e+02 4.671611887622383961e+02 4.570333092372802071e+02 4.473624714595762271e+02 4.381330015740805948e+02 4.293301498316499192e+02 4.209400369978033041e+02 4.129496049688665948e+02 4.053465712582267315e+02 3.981193870454059720e+02 3.912571985079202932e+02 3.847498111808920385e+02 3.785876571121207235e+02 3.727617646011999000e+02 3.672637303301636962e+02 3.620856937106058240e+02 3.572203132880404155e+02 3.526607450587926564e+02 3.484006225680403759e+02 3.444340386698082170e+02 3.407555288408814249e+02 3.373600559509530399e+02 3.342429964007509966e+02 3.314001275486743339e+02 3.288276163545456257e+02 3.265220091766021824e+02 3.244802226648355941e+02 3.226995357003268623e+02 3.211775823363336144e+02 3.199123457026464052e+02 3.189021528402074068e+02 3.181456704381364489e+02 3.176419014503390486e+02 3.173901825735699163e+02 3.173901825735699163e+02
3.876549718694147487e+03 3.876549718694147487e+03 3.861226728286692833e+03 3.830837432390521371e+03 3.785903272129924062e+03 3.727221378702161928e+03 3.655869227256091563e+03 3.573192548096806604e+03 3.480768420161735776e+03 3.380341615721225025e+03 3.273740333689192084e+03 3.162783965146572427e+03 3.049197395950919145e+03 2.934543310444184044e+03 2.820178255351172993e+03 2.707232568427836213e+03 2.596610364796548765e+03 2.489004000330391136e+03 2.384917354861607691e+03 2.284693187068011866e+03 2.188541086580267347e+03 2.096563786089630412e+03 2.008780603688484916e+03 1.925147512582025229e+03 1.845573807663368825e+03 1.769935612027019260e+03 1.698086600042461896e+03 1.629866356719230453e+03 1.565106782857504186e+03 1.503636917357965331e+03 1.445286498321547697e+03 1.389888532847633996e+03 1.337281096948774348e+03 1.287308544155288700e+03 1.239822264939379011e+03 1.194681108888533572e+03 1.151751556996896397e+03 1.110907711744151811e+03 1.072031156999064024e+03 1.035010727482190987e+03 9.997422179052255160e+02 9.661280544293707635e+02 9.340769453033411764e+02 9.035035230904160244e+02 8.743279874824289664e+02 8.464757550963674930e+02 8.198771206745145719e+02 7.944669326196620887e+02 7.701842846815130770e+02 7.469722247824929582e+02 7.247774813638590103e+02 7.035502071937070241e+02 6.832437402675603835e+02 6.638143812181709791e+02 6.452211865102042339e+02 6.274257766092139263e+02 6.103921582685059093e+02 5.940865600614057485e+02 5.784772802917528907e+02 5.635345464358564413e+02 5.492303852999876881e+02 5.355385031150347004e+02 5.224341748315962377e+02 5.098941419226330254e+02 4.978965180451812671e+02 4.864207019567096495e+02 4.754472971246235602e+02 4.649580375087422794e+02 4.549357190359075958e+02 4.453641363230947832e+02 4.362280242403949160e+02 4.275130039379303639e+02 4.192055329912508341e+02 4.112928593480710902e+02 4.037629787854449432e+02 3.966045956107292909e+02 3.898070863620764044e+02 3.833604662848615590e+02 3.772553583794459087e+02 3.714829648332326428e+02 3.660350406660544422e+02 3.609038694327900316e+02 3.560822408407673265e+02 3.515634301520394729e+02 3.473411792522666701e+02 3.434096792785351795e+02 3.397635547083588676e+02 3.363978488211655531e+02 3.333080104520113878e+02 3.304898819650736641e+02 3.279396883817208845e+02 3.256540276047149973e+02 3.236298616864052065e+02 3.218645090946969844e+02 3.203556379361475592e+02 3.191012601007760736e+02 3.180997262981679228e+02 3.173497219592233591e+02 3.168502639824737912e+02 3.166006983082339730e+02 3.166006983082339730e+02
3.604377303662120539e+03 3.604377303662120539e+03 3.591263669288310666e+03 3.565256581400259620e+03 3.526798720626985414e+03 3.476556931229817565e+03 3.415418128675107255e+03 3.344473834161196464e+03 3.264989283855196391e+03 3.178356529657136889e+03 3.086035261618698769e+03 2.989488553867408427e+03 2.890121948362342209e+03 2.789232999055087475e+03 2.687975500491756975e+03 2.587339411732516055e+03 2.488144940964262787e+03 2.391047785276179184e+03 2.296552058139076507e+03 2.205027682777194514e+03 2.116729646366271936e+03 2.031817234031896078e+03 1.950372030808801128e+03 1.872414019038166316e+03 1.797915491478282092e+03 1.726812761598130692e+03 1.659015809548305242e+03 1.594416083949042786e+03 1.532892710738221240e+03 1.474317360059997100e+03 1.418558004247621056e+03 1.365481773534508648e+03 1.314957086986445802e+03 1.266855207660498081e+03 1.221051344943431786e+03 1.177425404177686460e+03 1.135862464215905675e+03 1.096253047293391546e+03 1.058493232244984256e+03 1.022484651231801081e+03 9.881344013955002765e+02 9.553548958624056695e+02 9.240636729596380974e+02 8.941831781078227550e+02 8.656405293926429749e+02 8.383672751027728509e+02 8.122991494016745264e+02 7.873758306519370080e+02 7.635407056342513670e+02 7.407406419195349372e+02 7.189257698993746999e+02 6.980492754069027797e+02 6.780672034279739364e+02 6.589382730801601156e+02 6.406237037997912012e+02 6.230870525061748140e+02 6.062940613916629218e+02 5.902125159050013963e+02 5.748121124436371474e+02 5.600643352415783056e+02 5.459423419269802480e+02 5.324208572237778299e+02 5.194760742807471843e+02 5.070855631269351989e+02 4.952281857722762766e+02 4.838840174950372557e+02 4.730342738820797877e+02 4.626612432132833987e+02 4.527482238068033098e+02 4.432794659669639259e+02 4.342401182009510308e+02 4.256161773940783632e+02 4.173944426557736165e+02 4.095624725698471025e+02 4.021085456026647762e+02 3.950216234418351746e+02 3.882913170557038711e+02 3.819078552805468689e+02 3.758620557577840486e+02 3.701452980579095424e+02 3.647494988412058206e+02 3.596670889176868400e+02 3.548909920802742022e+02 3.504146055958505599e+02 3.462317822487512444e+02 3.423368138404831598e+02 3.387244160579554659e+02 3.353897146304766466e+02 3.323282327031429872e+02 3.295358793611325154e+02 3.270089392458303905e+02 3.247440632097481057e+02 3.227382599628150501e+02 3.209888886679459574e+02 3.194936524487879979e+02 3.182505927773158305e+02 3.172580847134420310e+02 3.165148329731722470e+02 3.160198688059683150e+02 3.157725476660126560e+02 3.157725476660126560e+02
3.366979468354593791e+03 3.366979468354593791e+03 3.355676101241217111e+03 3.333255777611341728e+03 3.300090824316261660e+03 3.256736832337417127e+03 3.203925047260109750e+03 3.142546826175626848e+03 3.073628172686064772e+03 2.998294343547364861e+03 2.917726897963339979e+03 2.833117483742648801e+03 2.745623425662343834e+03 2.656329625752044194e+03 2.566219772350046242e+03 2.476158010118911989e+03 2.386880599751301816e+03 2.298995998895006323e+03 2.212991278168059125e+03 2.129242739089034785e+03 2.048028854750462870e+03 1.969544049696374486e+03 1.893912256064708117e+03 1.821199559583179052e+03 1.751425550875293538e+03 1.684573219526580715e+03 1.620597379069626413e+03 1.559431704642139721e+03 1.500994516381070298e+03 1.445193463652256696e+03 1.391929268305683763e+03 1.341098676917913963e+03 1.292596757748651271e+03 1.246318661404366139e+03 1.202160947147455545e+03 1.160022560671090105e+03 1.119805534618743195e+03 1.081415470413732237e+03 1.044761849093726141e+03 1.009758209703142825e+03 9.763222262041025488e+02 9.443757076227739162e+02 9.138445410534122857e+02 8.846585930115794554e+02 8.567515812968520095e+02 8.300609268508715104e+02 8.045275929582541039e+02 7.800959174347560747e+02 7.567134420950844742e+02 7.343307427239327581e+02 7.129012619317180679e+02 6.923811466160603914e+02 6.727290912343764830e+02 6.539061876929206392e+02 6.358757823488392660e+02 6.186033403859713644e+02 6.020563176465288961e+02 5.862040398673847221e+02 5.710175891719603669e+02 5.564696975986082634e+02 5.425346473980417841e+02 5.291881778007024195e+02 5.164073979363191711e+02 5.041707055789051992e+02 4.924577113890634905e+02 4.812491683294771292e+02 4.705269059374903691e+02 4.602737691496586194e+02 4.504735613859517684e+02 4.411109916154456414e+02 4.321716251401212503e+02 4.236418378485143421e+02 4.155087737060593440e+02 4.077603052638479539e+02 4.003849969819616490e+02 3.933720711775542327e+02 3.867113764211255216e+02 3.803933582172768979e+02 3.744090318181814609e+02 3.687499570294938280e+02 3.634082148791065947e+02 3.583763860292770005e+02 3.536475308220922216e+02 3.492151708571330460e+02 3.450732720084820357e+02 3.412162287959982905e+02 3.376388500330780289e+02 3.343363456798874154e+02 3.313043148374583780e+02 3.285387348240398069e+02 3.260359512806521707e+02 3.237926692581540919e+02 3.218059452430504734e+02 3.200731800840425194e+02 3.185921127857197348e+02 3.173608151401204509e+02 3.163776871709059719e+02 3.156414533688136999e+02 3.151511597008013155e+02 3.149061713789855617e+02 3.149061713789855617e+02
3.158379989298200144e+03 3.158379989298200144e+03 3.148568123052752981e+03 3.129101267206614921e+03 3.100291437096032496e+03 3.062601399642594060e+03 3.016636131680796552e+03 2.963128584708194467e+03 2.902918836441413987e+03 2.836926860224039956e+03 2.766120489328617168e+03 2.691481250162985816e+03 2.613971224095886100e+03 2.534503856900244500e+03 2.453920822150047115e+03 2.372975968980133985e+03 2.292326354047682344e+03 2.212529577375657027e+03 2.134046187319499495e+03 2.057245765448501970e+03 1.982415368773721411e+03 1.909769203938999681e+03 1.839458658722111295e+03 1.771582066774293480e+03 1.706193801184630274e+03 1.643312468207007896e+03 1.582928102985574697e+03 1.525008359382031131e+03 1.469503743693514025e+03 1.416351975125169247e+03 1.365481571450862702e+03 1.316814762124086428e+03 1.270269827571324640e+03 1.225762955669088115e+03 1.183209696640031780e+03 1.142526087218689327e+03 1.103629504802809379e+03 1.066439302913638357e+03 1.030877270877509318e+03 9.968679532889203756e+02 9.643388585032132596e+02 9.332205800607231367e+02 9.034468504638973627e+02 8.749545430058614102e+02 8.476836342760939260e+02 8.215771374471673880e+02 7.965810143867859097e+02 7.726440729643006762e+02 7.497178545631597899e+02 7.277565157146018464e+02 7.067167068854563468e+02 6.865574507449742896e+02 6.672400216696402140e+02 6.487278277941040869e+02 6.309862965586594328e+02 6.139827644213214626e+02 5.976863711807839081e+02 5.820679591835262272e+02 5.670999775543864416e+02 5.527563914874276634e+02 5.390125965561763905e+02 5.258453379447062161e+02 5.132326344589579321e+02 5.011537071482223951e+02 4.895889123469345918e+02 4.785196789347543813e+02 4.679284496067504620e+02 4.577986259437553827e+02 4.481145170747288375e+02 4.388612917273119933e+02 4.300249334688436988e+02 4.215921989477312763e+02 4.135505789533796701e+02 4.058882621218840541e+02 3.985941011239476097e+02 3.916575811808546064e+02 3.850687907635917213e+02 3.788183943394523681e+02 3.728976070392473048e+02 3.672981711269557081e+02 3.620123341618127029e+02 3.570328287508094149e+02 3.523528537970745447e+02 3.479660571566949443e+02 3.438665196234327937e+02 3.400487401670505392e+02 3.365076223571535934e+02 3.332384619100751024e+02 3.302369353017942331e+02 3.274990893949872088e+02 3.250213320330972806e+02 3.228004235589515361e+02 3.208334692197739173e+02 3.191179124245308572e+02 3.176515288235717094e+02 3.164324211842147747e+02 3.154590150395845853e+02 3.147300550915038571e+02 3.142446023515674938e+02 3.140020320078427289e+02 3.140020320078427289e+02
2.973849092506117358e+03 2.973849092506117358e+03 2.965273454483781279e+03 2.948253982694076967e+03 2.923052117236170943e+03 2.890054111416911837e+03 2.849762770007236213e+03 2.802784988542478459e+03 2.749814726084873655e+03 2.691611725019705773e+03 2.628977072207208494e+03 2.562727336565898895e+03 2.493669322948133868e+03 2.422577377134733979e+03 2.350174726553068467e+03 2.277119701358554266e+03 2.203997023433455070e+03 2.131313808077020440e+03 2.059499560662786735e+03 1.988909274534221140e+03 1.919828714332232721e+03 1.852481052142240742e+03 1.787034164378464993e+03 1.723608057024638583e+03 1.662282040058466919e+03 1.603101404319609628e+03 1.546083460055191608e+03 1.491222875806456159e+03 1.438496312184504177e+03 1.387866381710235373e+03 1.339284987721919833e+03 1.292696106402863734e+03 1.248038079579260284e+03 1.205245484676722299e+03 1.164250644023744371e+03 1.124984829917062825e+03 1.087379215442612576e+03 1.051365614577561701e+03 1.016877048946823265e+03 9.838481729721319198e+02 9.522155841239432448e+02 9.219180405861275176e+02 8.928966048488158549e+02 8.650947285091256163e+02 8.384582908257457348e+02 8.129356012804521470e+02 7.884773744878618800e+02 7.650366842091185617e+02 7.425689019155734059e+02 7.210316242710075585e+02 7.003845930174668410e+02 6.805896100275597291e+02 6.616104496976599876e+02 6.434127703783150309e+02 6.259640261509103993e+02 6.092333799469964788e+02 5.931916187552438942e+02 5.778110714594488400e+02 5.630655296903183853e+02 5.489301719462692972e+02 5.353814911380148942e+02 5.223972256331067001e+02 5.099562938157304188e+02 4.980387321304830266e+02 4.866256365438456442e+02 4.756991073311602918e+02 4.652421970785701433e+02 4.552388617766833931e+02 4.456739148748666253e+02 4.365329841607066328e+02 4.278024713277362139e+02 4.194695140952217685e+02 4.115219507461961825e+02 4.039482869535298732e+02 3.967376647683677220e+02 3.898798336504178792e+02 3.833651234251553319e+02 3.771844190588526544e+02 3.713291371483246053e+02 3.657912040282754447e+02 3.605630354050445590e+02 3.556375174314359811e+02 3.510079891430265207e+02 3.466682261817495601e+02 3.426124257380016047e+02 3.388351926475639289e+02 3.353315265845100726e+02 3.320968102960146098e+02 3.291267988293863027e+02 3.264176097059705626e+02 3.239657140006302143e+02 3.217679282893962522e+02 3.198214074316115898e+02 3.181236381564944509e+02 3.166724334274027228e+02 3.154659275604311688e+02 3.145025720771371880e+02 3.137811322742554125e+02 3.133006844962342257e+02 3.130606140994113389e+02 3.130606140994113389e+02
2.809604700677572055e+03 2.809604700677572055e+03 2.802060021160432370e+03 2.787081522994205898e+03 2.764888731581440425e+03 2.735805195897225531e+03 2.700251015001316318e+03 2.658732190747156892e+03 2.611826718992611859e+03 2.560167743888719542e+03 2.504424563241170290e+03 2.445282654935788742e+03 2.383424085517349795e+03 2.319509615342287816e+03 2.254163556841342142e+03 2.187962053192081839e+03 2.121425021473255583e+03 2.055011629632643690e+03 1.989118900364998126e+03 1.924082872962821511e+03 1.860181696064094467e+03 1.797640045405582896e+03 1.736634332698067055e+03 1.677298268970542722e+03 1.619728448732634206e+03 1.563989717375025748e+03 1.510120166499898005e+03 1.458135667808741800e+03 1.408033906044525565e+03 1.359797907117616433e+03 1.313399081431368813e+03 1.268799817143199107e+03 1.225955666002266298e+03 1.184817167473774589e+03 1.145331356667937143e+03 1.107442999334709384e+03 1.071095593738069965e+03 1.036232175199902258e+03 1.002795954917516951e+03 9.707308205758296253e+02 9.399817224533552462e+02 9.104949652448411825e+02 8.822184227261438991e+02 8.551016896707975548e+02 8.290961830745952739e+02 8.041552027257977215e+02 7.802339594399754787e+02 7.572895778250597232e+02 7.352810792196414695e+02 7.141693494234855280e+02 6.939170949854535593e+02 6.744887911041042798e+02 6.558506236081864245e+02 6.379704269983199083e+02 6.208176201309630642e+02 6.043631407968656504e+02 5.885793801768185176e+02 5.734401179374433468e+02 5.589204585505858631e+02 5.449967692744173746e+02 5.316466201168894941e+02 5.188487260075744416e+02 5.065828913282251733e+02 4.948299568922321328e+02 4.835717494156119187e+02 4.727910334850299137e+02 4.624714659996483874e+02 4.525975530417588857e+02 4.431546091149288031e+02 4.341287186765750334e+02 4.255066998837569940e+02 4.172760704656951702e+02 4.094250156335465931e+02 4.019423579368629476e+02 3.948175289763365186e+02 3.880405428838939770e+02 3.816019714833010994e+02 3.754929210473494550e+02 3.697050105709005834e+02 3.642303514826714945e+02 3.590615287225122074e+02 3.541915831147187532e+02 3.496139949720352433e+02 3.453226688689225625e+02 3.413119195265884400e+02 3.375764587562369456e+02 3.341113834107258640e+02 3.309121642985377889e+02 3.279746360175710720e+02 3.252949876696981732e+02 3.228697544204263181e+02 3.206958098712062792e+02 3.187703592150814416e+02 3.170909331494069079e+02 3.156553825222350156e+02 3.144618736918798163e+02 3.135088845818538061e+02 3.127952014160924250e+02 3.123199161219757798e+02 3.120824243912167617e+02 3.120824243912167617e+02
2.662593267070609727e+03 2.662593267070609727e+03 2.655913649830111808e+03 2.642647929190619379e+03 2.622981092302974957e+03 2.597185401055988677e+03 2.565613863211084208e+03 2.528691252767207970e+03 2.486902727498050808e+03 2.440780347397100741e+03 2.390888079164281407e+03 2.337806103891721250e+03 2.282115365038067466e+03 2.224383271994392999e+03 2.165151321437971546e+03 2.104925156106968188e+03 2.044167304190382765e+03 1.983292583601402384e+03 1.922665949562767764e+03 1.862602427393802145e+03 1.803368704701014394e+03 1.745185946985726559e+03 1.688233431756463688e+03 1.632652652109247811e+03 1.578551607519408208e+03 1.526009067079424085e+03 1.475078652127606347e+03 1.425792637738095209e+03 1.378165414741275526e+03 1.332196586137233453e+03 1.287873695094376444e+03 1.245174597682717376e+03 1.204069503617612781e+03 1.164522714001797567e+03 1.126494087560855633e+03 1.089940267151090666e+03 1.054815697139726581e+03 1.021073460186377702e+03 9.886659594035302234e+02 9.575454691300985814e+02 9.276645748082358978e+02 8.989765198311673657e+02 8.714354748000922655e+02 8.449967424270487300e+02 8.196169093595169670e+02 7.952539544785892076e+02 7.718673217221548839e+02 7.494179641898871296e+02 7.278683651773703787e+02 7.071825408412415754e+02 6.873260283954391525e+02 6.682658630616191431e+02 6.499705464270682569e+02 6.324100083855557841e+02 6.155555644369816264e+02 5.993798697883729574e+02 5.838568714214878810e+02 5.689617590623196293e+02 5.546709157973183437e+02 5.409618689240418234e+02 5.278132414946393283e+02 5.152047049043692368e+02 5.031169327906256399e+02 4.915315564372465928e+02 4.804311218215130452e+02 4.697990483951030569e+02 4.596195896530498999e+02 4.498777955154006918e+02 4.405594765229425889e+02 4.316511698302343234e+02 4.231401069653572335e+02 4.150141833152594586e+02 4.072619292879680870e+02 3.998724830975547206e+02 3.928355651142387046e+02 3.861414537199467532e+02 3.797809626088060782e+02 3.737454194721107683e+02 3.680266460081674040e+02 3.626169391987389190e+02 3.575090537957116226e+02 3.526961859636947452e+02 3.481719580267268270e+02 3.439304042697330601e+02 3.399659577481339738e+02 3.362734380616724366e+02 3.328480400513223572e+02 3.296853233808960795e+02 3.267812029677083387e+02 3.241319402293485155e+02 3.217341351163432819e+02 3.195847189029954052e+02 3.176809477113566231e+02 3.160203967457179601e+02 3.146009552174668897e+02 3.134208219425636912e+02 3.124785015962202124e+02 3.117728016116437857e+02 3.113028297119899435e+02 3.110679920668546288e+02 3.110679920668546288e+02
2.530327156520063909e+03 2.530327156520063909e+03 2.524377776023115075e+03 2.512558214912950916e+03 2.495025058159714717e+03 2.472008599373336892e+03 2.443807245005031291e+03 2.410779991286814038e+03 2.373337081295563166e+03 2.331929112597236326e+03 2.287035040830471644e+03 2.239149668097082213e+03 2.188771280479454163e+03 2.136390087699868673e+03 2.082478023534511067e+03 2.027480310504783120e+03 1.971809008791642782e+03 1.915838589304311427e+03 1.859903418910313576e+03 1.804296935731227222e+03 1.749272227459703799e+03 1.695043701433728529e+03 1.641789542895799968e+03 1.589654687244049910e+03 1.538754073621102179e+03 1.489175993191927091e+03 1.440985390446702468e+03 1.394227016413961110e+03 1.348928367051315490e+03 1.305102367787316325e+03 1.262749786499482752e+03 1.221861372857782271e+03 1.182419732858990528e+03 1.144400954472922649e+03 1.107776004493133087e+03 1.072511918691614483e+03 1.038572807843397413e+03 1.005920701607828846e+03 9.745162510067299309e+02 9.443193086058558947e+02 9.152894036868536887e+02 8.873861278309266254e+02 8.605694445156774464e+02 8.347999346106099665e+02 8.100389880769478168e+02 7.862489507494984764e+02 7.633932338051985198e+02 7.414363924002788053e+02 7.203441789772020911e+02 7.000835758913505060e+02 6.806228112736530420e+02 6.619313614156862968e+02 6.439799424260837668e+02 6.267404934494263671e+02 6.101861533507602644e+02 5.942912324406185007e+02 5.790311805387730146e+02 5.643825524421093860e+02 5.503229716667498224e+02 5.368310931709490887e+02 5.238865656288334094e+02 5.114699937112335419e+02 4.995629007353475117e+02 4.881476919666400249e+02 4.772076187916446770e+02 4.667267439271282683e+02 4.566899077872578232e+02 4.470826960948323858e+02 4.378914087936116175e+02 4.291030302953575415e+02 4.207052010764915622e+02 4.126861906243657927e+02 4.050348717214561134e+02 3.977406960467683916e+02 3.907936710669104059e+02 3.841843381841794667e+02 3.779037521055287243e+02 3.719434613938105940e+02 3.662954901613632614e+02 3.609523208653589563e+02 3.559068781643899797e+02 3.511525137962639747e+02 3.466829924379473482e+02 3.424924785098219218e+02 3.385755238878582531e+02 3.349270564890580886e+02 3.315423696972130756e+02 3.284171125979864314e+02 3.255472809942373260e+02 3.229292091745093671e+02 3.205595624096224583e+02 3.184353301543087014e+02 3.165538199328715905e+02 3.149126518898187896e+02 3.135097539884403659e+02 3.123433578422272490e+02 3.114119951660306356e+02 3.107144948356943814e+02 3.102499805469127523e+02 3.100178690658206619e+02 3.100178690658206619e+02
2.410762665018429288e+03 2.410762665018429288e+03 2.405433303223673647e+03 2.394841978256015864e+03 2.379121911264900064e+03 2.358468983924692566e+03 2.333136991395159839e+03 2.303431356073872848e+03 2.269701429381666003e+03 2.232331615835912999e+03 2.191731665066150526e+03 2.148326567851436721e+03 2.102546539921699605e+03 2.054817570362864899e+03 2.005552950973277120e+03 1.955146101108265839e+03 1.903964878398324799e+03 1.852347439349206525e+03 1.800599601901293909e+03 1.748993575241671124e+03 1.697767864833783278e+03 1.647128131764786303e+03 1.597248780621559490e+03 1.548275063049428809e+03 1.500325508590857453e+03 1.453494524774656384e+03 1.407855040382090692e+03 1.363461096325396511e+03 1.320350315791713228e+03 1.278546208333088089e+03 1.238060281202242322e+03 1.198893945667522075e+03 1.161040216761809461e+03 1.124485212510435076e+03 1.089209463740543015e+03 1.055189048654727003e+03 1.022396567942957518e+03 9.908019767149245354e+02 9.603732892876569167e+02 9.310771721156248759e+02 9.028794390959604925e+02 8.757454622618271287e+02 8.496405095941320269e+02 8.245300204050770390e+02 8.003798275225161660e+02 7.771563343595544211e+02 7.548266539047991728e+02 7.333587157209468614e+02 7.127213461936523800e+02 6.928843265245380962e+02 6.738184323059435883e+02 6.554954579427162571e+02 6.378882286901812222e+02 6.209706026490509885e+02 6.047174646898535002e+02 5.891047139638136514e+02 5.741092463877768068e+02 5.597089332610823931e+02 5.458825969773156430e+02 5.326099846285683270e+02 5.198717401599678851e+02 5.076493756143421479e+02 4.959252419075228318e+02 4.846824994913475848e+02 4.739050891915054535e+02 4.635777034489462380e+02 4.536857581447450798e+02 4.442153651479346763e+02 4.351533056921279581e+02 4.264870046591745449e+02 4.182045058252581953e+02 4.102944481063162812e+02 4.027460428245088906e+02 3.955490520053236878e+02 3.886937677051881224e+02 3.821709923617347613e+02 3.759720201529474366e+02 3.700886193468685974e+02 3.645130156200963825e+02 3.592378763210115835e+02 3.542562956519619206e+02 3.495617807437789679e+02 3.451482385955397376e+02 3.410099638525400110e+02 3.371416273958013221e+02 3.335382657171633696e+02 3.301952710548457048e+02 3.271083822654239270e+02 3.242736764094718751e+02 3.216875610292998431e+02 3.193467670987325846e+02 3.172483426262577950e+02 3.153896468943947298e+02 3.137683453197023482e+02 3.123824049192724033e+02 3.112300903712816762e+02 3.103099606586291088e+02 3.096208662862472920e+02 3.091619470643333898e+02 3.089326304512186425e+02 3.089326304512186425e+02
2.302207569475077435e+03 2.302207569475077435e+03 2.297407585396244031e+03 2.287865276029996039e+03 2.273694607887487109e+03 2.255063161664569634e+03 2.232188125008969109e+03 2.205331039642189353e+03 2.174791430103477524e+03 2.140899513758910416e+03 2.104008264526868970e+03 2.064485160888010796e+03 2.022703979040810509e+03 1.979036987083002032e+03 1.933847855850906626e+03 1.887485533431539579e+03 1.840279244777140093e+03 1.792534688053272021e+03 1.744531416622875440e+03 1.696521327912212428e+03 1.648728131927386130e+03 1.601347643460709378e+03 1.554548730999771351e+03 1.508474758467949187e+03 1.463245369085641187e+03 1.418958479932481850e+03 1.375692377910830828e+03 1.333507830251931864e+03 1.292450143754668034e+03 1.252551125584729107e+03 1.213830914213443975e+03 1.176299661857638966e+03 1.139959059763609048e+03 1.104803705173454091e+03 1.070822314197516562e+03 1.037998788478561664e+03 1.006313145833359954e+03 9.757423263146846466e+02 9.462608856220998632e+02 9.178415877231228706e+02 8.904559081031419510e+02 8.640744583772800524e+02 8.386673421719294765e+02 8.142044512921705746e+02 7.906557102861825115e+02 7.679912766350111042e+02 7.461817029590837365e+02 7.251980668551439067e+02 7.050120732663253875e+02 6.855961336459196218e+02 6.669234256012831565e+02 6.489679361951394867e+02 6.317044916330278284e+02 6.151087756728285285e+02 5.991573387498466445e+02 5.838275995137623795e+02 5.690978402166934984e+02 5.549471971700014592e+02 5.413556472969485185e+02 5.283039916450386499e+02 5.157738365820321178e+02 5.037475732804784911e+02 4.922083559939916881e+02 4.811400795421604926e+02 4.705273563477978769e+02 4.603554933082696721e+02 4.506104687302580487e+02 4.412789095133017554e+02 4.323480687303078298e+02 4.238058037222333496e+02 4.156405547981158861e+02 4.078413246100537890e+02 4.003976582547646217e+02 3.932996241385373537e+02 3.865377956302628490e+02 3.801032335172154148e+02 3.739874692702849757e+02 3.681824891188442166e+02 3.626807189303534074e+02 3.574750098857657008e+02 3.525586249387810085e+02 3.479252260446924652e+02 3.435688621429773093e+02 3.394839578766734007e+02 3.356653030310422992e+02 3.321080426736730828e+02 3.288076679783346208e+02 3.257600077151535629e+02 3.229612203901847920e+02 3.204077870182385368e+02 3.180965045134819320e+02 3.160244796834389831e+02 3.141891238128884538e+02 3.125881478253072032e+02 3.112195580106381954e+02 3.100816523093120054e+02 3.091730171436904016e+02 3.084925247893000346e+02 3.080393312794834060e+02 3.078128748383809352e+02 3.078128748383809352e+02
2.203250365402755051e+03 2.203250365402755051e+03 2.198904772153407976e+03 2.190263187748317705e+03 2.177423665844668449e+03 2.160530427470811901e+03 2.139770483299931584e+03 2.115369236230805654e+03 2.087585182364405227e+03 2.056703878926198286e+03 2.023031396580511000e+03 1.986887511752558567e+03 1.948598913998445596e+03 1.908492699441010473e+03 1.866890393557240486e+03 1.824102699159579061e+03 1.780425105256614415e+03 1.736134427803742028e+03 1.691486291813580465e+03 1.646713511750744374e+03 1.602025287084409911e+03 1.557607103480448359e+03 1.513621216664287203e+03 1.470207593507192314e+03 1.427485190795720655e+03 1.385553463751148684e+03 1.344494011238419716e+03 1.304372280756117107e+03 1.265239272252602177e+03 1.227133194579671454e+03 1.190081041398359275e+03 1.154100064338829270e+03 1.119199130165283577e+03 1.085379955733367979e+03 1.052638219864286611e+03 1.020964555146105681e+03 9.903454253637086140e+02 9.607638959946970090e+02 9.322003062027830538e+02 9.046328511961327195e+02 8.780380838464775479e+02 8.523913442078609251e+02 8.276671251268555807e+02 8.038393815722533873e+02 7.808817906862605014e+02 7.587679689109978654e+02 7.374716519013460356e+02 7.169668423171398217e+02 6.972279300061785534e+02 6.782297885515498592e+02 6.599478516655565272e+02 6.423581724687699079e+02 6.254374682951754494e+02 6.091631533108674148e+02 5.935133609211618477e+02 5.784669576660952544e+02 5.640035500634735399e+02 5.501034856486426179e+02 5.367478492774509959e+02 5.239184556005260447e+02 5.115978384801105676e+02 4.997692380025004013e+02 4.884165856375774410e+02 4.775244880095387998e+02 4.670782096681381290e+02 4.570636551857159020e+02 4.474673508506289750e+02 4.382764261811759070e+02 4.294785954443803462e+02 4.210621393305509059e+02 4.130158869059277436e+02 4.053291979417900279e+02 3.979919456981425014e+02 3.909945002230410864e+02 3.843277122145123030e+02 3.779828974800497576e+02 3.719518220189196427e+02 3.662266877443798876e+02 3.608001188562425341e+02 3.556651488688453924e+02 3.508152082951101534e+02 3.462441129839594396e+02 3.419460531056006403e+02 3.379155827771689360e+02 3.341476103196967529e+02 3.306373891362240443e+02 3.273805092003104846e+02 3.243728891436440449e+02 3.216107689315135190e+02 3.190907031148522606e+02 3.168095546479640916e+02 3.147644892613925549e+02 3.129529703800281482e+02 3.113727545771515679e+02 3.100218875558795162e+02 3.088987006503045336e+02 3.080018078394632539e+02 3.073301032682063010e+02 3.068827592699309434e+02 3.066592248872075288e+02 3.066592248872075288e+02
2.112705596498713476e+03 2.112705596498713476e+03 2.108751991816154714e+03 2.100887699862159934e+03 2.089197578206652452e+03 2.073806489777181469e+03 2.054876453350206248e+03 2.032602950809798131e+03 2.007210496508470897e+03 1.978947610308446656e+03 1.948081369660792461e+03 1.914891741751408972e+03 1.879665909356124985e+03 1.842692800632567923e+03 1.804258013365072884e+03 1.764639290572196614e+03 1.724102661283167208e+03 1.682899313038796890e+03 1.641263216497772191e+03 1.599409481686311210e+03 1.557533392740135241e+03 1.515810044747219308e+03 1.474394492471592912e+03 1.433422315310585873e+03 1.393010504221433621e+03 1.353258582741515738e+03 1.314249883864835510e+03 1.276052915899290156e+03 1.238722762297936697e+03 1.202302471946927426e+03 1.166824406919344256e+03 1.132311523937464926e+03 1.098778573590900123e+03 1.066233207738106557e+03 1.034676990568239034e+03 1.004106312664946131e+03 9.745132102625251491e+02 9.458860938899051689e+02 9.182103919215236374e+02 8.914691153427212384e+02 8.656433504160801249e+02 8.407126860102753199e+02 8.166555822100343676e+02 7.934496865334909899e+02 7.710721036948201572e+02 7.494996244061040898e+02 7.287089182431941481e+02 7.086766951278150373e+02 6.893798395171947959e+02 6.707955209537828978e+02 6.529012842170726572e+02 6.356751219406992277e+02 6.190955322125727207e+02 6.031415633631784203e+02 5.877928478669024344e+02 5.730296270310251430e+02 5.588327679252863618e+02 5.451837738089918730e+02 5.320647891402735468e+02 5.194586001012221459e+02 5.073486314405072335e+02 4.957189403201915070e+02 4.845542077534573195e+02 4.738397281332407260e+02 4.635613972767878863e+02 4.537056993462763899e+02 4.442596929497844940e+02 4.352109966788584643e+02 4.265477742975695037e+02 4.182587197625561544e+02 4.103330422232913861e+02 4.027604511258833213e+02 3.955311415217484523e+02 3.886357796636406192e+02 3.820654889557428646e+02 3.758118363110160089e+02 3.698668189576661121e+02 3.642228517271204282e+02 3.588727548478938161e+02 3.538097422631414020e+02 3.490274104841681151e+02 3.445197279877239680e+02 3.402810251611829244e+02 3.363059847967996348e+02 3.325896331338577738e+02 3.291273314457184824e+02 3.259147681673732109e+02 3.229479515580955535e+02 3.202232028930817478e+02 3.177371501775280649e+02 3.154867223764185837e+02 3.134691441532045246e+02 3.116819311107825001e+02 3.101228855283725352e+02 3.087900925883210448e+02 3.076819170873264966e+02 3.067970006270908243e+02 3.061342592800774582e+02 3.056928817266364149e+02 3.054723278605233645e+02 3.054723278605233645e+02
2.029571241276514684e+03 2.029571241276514684e+03 2.025957395723977243e+03 2.018767056253099781e+03 2.008074095936503682e+03 1.993987268650547321e+03 1.976647799261871342e+03 1.956226270084589032e+03 1.932918895505592445e+03 1.906943303452678720e+03 1.878533966396066717e+03 1.847937442295123446e+03 1.815407594235059605e+03 1.781200954569698069e+03 1.745572384998943789e+03 1.708771159665700225e+03 1.671037566893909116e+03 1.632600090161194203e+03 1.593673193907494579e+03 1.554455707910138472e+03 1.515129777419291258e+03 1.475860326261203681e+03 1.436794966965715503e+03 1.398064285206786280e+03 1.359782424517023173e+03 1.322047900156492688e+03 1.284944576939798026e+03 1.248542753605883945e+03 1.212900304981000090e+03 1.178063841981389714e+03 1.144069857886067439e+03 1.110945836931269696e+03 1.078711307944347254e+03 1.047378831374026959e+03 1.016954912700532873e+03 9.874408388925389772e+02 9.588334374213073943e+02 9.311257594611215609e+02 9.043076904186144702e+02 8.783664919531811393e+02 8.532872802782756025e+02 8.290534458568330365e+02 8.056470196984582799e+02 7.830489913926343206e+02 7.612395838209063186e+02 7.401984892212653904e+02 7.199050709598537878e+02 7.003385350220952432e+02 6.814780748841844797e+02 6.633029930789281252e+02 6.457928024356202741e+02 6.289273096576184798e+02 6.126866836067594022e+02 5.970515103925889662e+02 5.820028371169996717e+02 5.675222059009460054e+02 5.535916796185985049e+02 5.401938605842788093e+02 5.273119032773122399e+02 5.149295220479950785e+02 5.030309946224876967e+02 4.916011621140980878e+02 4.806254261516079964e+02 4.700897436504329789e+02 4.599806196784477379e+02 4.502850988036643116e+02 4.409907552548363583e+02 4.320856821773730303e+02 4.235584802245976448e+02 4.153982456879300003e+02 4.075945583379676691e+02 4.001374691212780021e+02 3.930174878342147053e+02 3.862255708751131351e+02 3.797531091588611503e+02 3.735919162631599875e+02 3.677342168632497987e+02 3.621726355011016381e+02 3.569001857260987549e+02 3.519102596364547821e+02 3.471966178442691557e+02 3.427533798815799173e+02 3.385750150603682869e+02 3.346563337956604869e+02 3.309924793978070738e+02 3.275789203375441048e+02 3.244114429853801767e+02 3.214861448253153640e+02 3.187994281416042099e+02 3.163479941764064165e+02 3.141288377554632802e+02 3.121392423785131882e+02 3.103767757709089778e+02 3.088392858927841758e+02 3.075248974022162542e+02 3.064320085688815425e+02 3.055592886350802928e+02 3.049056756212242476e+02 3.044703745733147002e+02 3.042528562503958369e+02 3.042528562503958369e+02
1.952995218269444194e+03 1.952995218269444194e+03 1.949677171159556337e+03 1.943073776971735924e+03 1.933249729074151901e+03 1.920300319263216124e+03 1.904349392404712944e+03 1.885546708775963680e+03 1.864064793286544500e+03 1.840095371061429432e+03 1.813845506439185101e+03 1.785533575016954501e+03 1.755385204007543507e+03 1.723629313681675512e+03 1.690494381932844817e+03 1.656205036006434739e+03 1.620979052058913567e+03 1.585024816865704906e+03 1.548539279190893240e+03 1.511706393313306762e+03 1.474696035682857882e+03 1.437663358717841675e+03 1.400748533759926659e+03 1.364076828044239164e+03 1.327758957682909568e+03 1.291891659329980712e+03 1.256558426527127494e+03 1.221830361873523316e+03 1.187767102362322248e+03 1.154417781856152715e+03 1.121822001256867225e+03 1.090010783123447482e+03 1.059007493092560026e+03 1.028828715345174942e+03 9.994850735028362578e+02 9.709819917454888127e+02 9.433203936719818330e+02 9.164973385467951630e+02 8.905065961744019205e+02 8.653391627987653010e+02 8.409837212184773989e+02 8.174270488098599117e+02 7.946543774236117770e+02 7.726497092190438707e+02 7.513960924684960219e+02 7.308758612395048431e+02 7.110708426732741145e+02 6.919625353477167664e+02 6.735322619597293397e+02 6.557612992976727355e+02 6.386309882110972467e+02 6.221228260275960338e+02 6.062185436211385650e+02 5.909001691051397529e+02 5.761500799090767941e+02 5.619510447999973621e+02 5.482862572302337867e+02 5.351393612294864397e+02 5.224944709124622477e+02 5.103361845415106473e+02 4.986495939661566581e+02 4.874202901568393713e+02 4.766343654576027689e+02 4.662784131005684003e+02 4.563395244529058914e+02 4.468052844036275246e+02 4.376637652418681910e+02 4.289035193296402895e+02 4.205135708294847063e+02 4.124834067103548136e+02 4.048029672227115157e+02 3.974626360057857823e+02 3.904532299655215297e+02 3.837659890406766863e+02 3.773925659562746660e+02 3.713250160478021940e+02 3.655557872260984027e+02 3.600777101410839123e+02 3.548839885925510771e+02 3.499681902276823280e+02 3.453242375576377299e+02 3.409463993193326701e+02 3.368292822033347989e+02 3.329678229643046734e+02 3.293572809267318462e+02 3.259932308955640110e+02 3.228715564788263919e+02 3.199884438271457157e+02 3.173403757934137275e+02 3.149241265144623867e+02 3.127367564155105697e+02 3.107756076373604515e+02 3.090382998856316021e+02 3.075227267010253627e+02 3.062270521491759609e+02 3.051497079286466487e+02 3.042893908955210804e+02 3.036450610031201336e+02 3.032159396555219359e+02 3.030015084737508460e+02 3.030015084737508460e+02
1.882248849072166877e+03 1.882248849072166877e+03 1.879189397552913078e+03 1.873099291943605522e+03 1.864035523510324538e+03 1.852082086844059631e+03 1.837348236039840003e+03 1.819966238369693201e+03 1.800088693221615586e+03 1.777885499844237302e+03 1.753540570648743142e+03 1.727248396012329295e+03 1.699210570449954275e+03 1.669632387930467075e+03 1.638719605957411659e+03 1.606675464486773080e+03 1.573698028095968311e+03 1.539977899716098591e+03 1.505696333473964614e+03 1.471023754405231330e+03 1.436118675312614641e+03 1.401126986741064911e+03 1.366181585363643308e+03 1.331402299053247816e+03 1.296896063278093607e+03 1.262757302715264586e+03 1.229068473529893026e+03 1.195900724998205760e+03 1.163314643478357766e+03 1.131361046650242088e+03 1.100081801046859937e+03 1.069510640878584127e+03 1.039673970794922298e+03 1.010591639403399768e+03 9.822776740047526118e+02 9.547409700892810633e+02 9.279859316880033475e+02 9.020130607234769968e+02 8.768194951116727225e+02 8.523994965865340419e+02 8.287448901119634002e+02 8.058454573684530260e+02 7.836892872045941658e+02 7.622630861730583547e+02 7.415524523652605922e+02 7.215421157519512008e+02 7.022161481554807096e+02 6.835581458456875907e+02 6.655513875827655284e+02 6.481789707406853722e+02 6.314239279445056354e+02 6.152693264519371041e+02 5.996983523096592990e+02 5.846943811221334499e+02 5.702410370878467347e+02 5.563222417865725902e+02 5.429222540425777197e+02 5.300257020426271310e+02 5.176176087546210738e+02 5.056834115717804821e+02 4.942089769983537622e+02 4.831806110949114554e+02 4.725850663136300795e+02 4.624095452758701867e+02 4.526417019748786856e+02 4.432696408248493185e+02 4.342819139231317536e+02 4.256675168443089206e+02 4.174158832425285937e+02 4.095168785013036654e+02 4.019607926373756186e+02 3.947383326366014558e+02 3.878406143749415946e+02 3.812591542557188973e+02 3.749858606754388006e+02 3.690130254137900465e+02 3.633333150292629625e+02 3.579397623292279604e+02 3.528257579726781614e+02 3.479850422544691355e+02 3.434116971119341315e+02 3.391001383878397064e+02 3.350451083777894610e+02 3.312416686851403824e+02 3.276851934021552779e+02 3.243713626325923087e+02 3.212961563677506547e+02 3.184558487255014825e+02 3.158470025596421351e+02 3.134664644451505069e+02 3.113113600434689374e+02 3.093790898507575662e+02 3.076673253311377039e+02 3.061740054361692387e+02 3.048973335113202552e+02 3.038357745896876168e+02 3.029880530730049486e+02 3.023531507997852827e+02 3.019303055003015857e+02 3.017190096381549438e+02 3.017190096381549438e+02
1.816705675637185550e+03 1.816705675637185550e+03 1.813873169417618556e+03 1.808233667602049536e+03 1.799837673661246981e+03 1.788759663098604506e+03 1.775096589055196773e+03 1.758965958314242698e+03 1.740503535563124387e+03 1.719860746275399151e+03 1.697201858772134983e+03 1.672701032940501818e+03 1.646539325917273345e+03 1.618901743318753915e+03 1.589974418311619729e+03 1.559941990452008895e+03 1.528985242672523782e+03 1.497279039246162938e+03 1.464990591284596803e+03 1.432278060551348290e+03 1.399289498102280731e+03 1.366162102235917928e+03 1.333021770860517336e+03 1.299982916784552344e+03 1.267148510490709214e+03 1.234610313361164344e+03 1.202449264680096803e+03 1.170735987599437749e+03 1.139531382174957798e+03 1.108887277161030624e+03 1.078847116155153799e+03 1.049446657638246279e+03 1.020714672264102092e+03 9.926736242743486400e+02 9.653403270711406776e+02 9.387265657278638855e+02 9.128396815511773639e+02 8.876831157403893258e+02 8.632569107531054442e+02 8.395581692176024262e+02 8.165814711753581605e+02 7.943192511344880131e+02 7.727621369072853668e+02 7.518992525304419132e+02 7.317184877580496050e+02 7.122067367043255217e+02 6.933501082195748495e+02 6.751341105299078436e+02 6.575438125753954637e+02 6.405639843561002635e+02 6.241792184517574924e+02 6.083740347267550987e+02 5.931329700742475097e+02 5.784406548960006376e+02 5.642818778618751594e+02 5.506416403464921814e+02 5.375052018028216025e+02 5.248581172033684652e+02 5.126862675605980257e+02 5.009758844285426562e+02 4.897135691876485453e+02 4.788863078240461277e+02 4.684814818324398971e+02 4.584868757979089651e+02 4.488906821457159708e+02 4.396815034889667686e+02 4.308483529511497636e+02 4.223806527937347823e+02 4.142682316372237779e+02 4.065013205272975370e+02 3.990705480650521508e+02 3.919669347916195647e+02 3.851818869922024646e+02 3.787071900622645444e+02 3.725350015592033515e+02 3.666578440457051897e+02 3.610685978160332184e+02 3.557604935835223046e+02 3.507271051961430999e+02 3.459623424371070541e+02 3.414604439589506342e+02 3.372159703920482912e+02 3.332237976620938866e+02 3.294791105455329898e+02 3.259773964871851035e+02 3.227144397001347329e+02 3.196863155645593224e+02 3.168893853390936215e+02 3.143202911958683217e+02 3.119759515881854099e+02 3.098535569580262745e+02 3.079505657890770181e+02 3.062647010097369957e+02 3.047939467495610870e+02 3.035365454517390731e+02 3.024909953436153387e+02 3.016560482666470762e+02 3.010307078668810732e+02 3.006142281466352983e+02 3.004061123779288209e+02 3.004061123779288209e+02
1.755824431161296161e+03 1.755824431161296161e+03 1.753191805889522129e+03 1.747949287439667842e+03 1.740141893568934620e+03 1.729836047724221316e+03 1.717118291134660467e+03 1.702093624887079841e+03 1.684883531385807828e+03 1.665623734702051706e+03 1.644461767378851846e+03 1.621554416616663730e+03 1.597065124888561968e+03 1.571161418631302695e+03 1.544012433753609002e+03 1.515786598652385919e+03 1.486649524881968091e+03 1.456762143429867820e+03 1.426279111655567476e+03 1.395347503254621188e+03 1.364105781904394007e+03 1.332683049122370903e+03 1.301198548698061813e+03 1.269761404001881147e+03 1.238470560500317561e+03 1.207414903741643457e+03 1.176673522650387895e+03 1.146316088861397020e+03 1.116403324703369663e+03 1.086987534993016880e+03 1.058113180746599710e+03 1.029817476025022415e+03 1.002130992221685574e+03 9.750782570466999459e+02 9.486783381682956815e+02 9.229454038893956067e+02 8.978892553410444179e+02 8.735158264619832380e+02 8.498276495188846411e+02 8.268242851276535248e+02 8.045027166916464694e+02 7.828577099093897687e+02 7.618821385538567483e+02 7.415672781180197717e+02 7.219030691850356334e+02 7.028783525408736068e+02 6.844810781244069631e+02 6.666984899233962096e+02 6.495172888901216766e+02 6.329237758807099681e+02 6.169039765277256038e+02 6.014437498450928388e+02 5.865288822442951187e+02 5.721451685163237926e+02 5.582784812088688113e+02 5.449148297056533465e+02 5.320404101966797725e+02 5.196416476158225350e+02 5.077052305167177337e+02 4.962181397595611543e+02 4.851676717905876899e+02 4.745414572126292114e+02 4.643274752689416118e+02 4.545140647933029641e+02 4.450899321167836433e+02 4.360441563650493322e+02 4.273661925294048274e+02 4.190458726492495316e+02 4.110734054030644984e+02 4.034393743687398910e+02 3.961347351819462688e+02 3.891508117925481542e+02 3.824792919938205955e+02 3.761122223767463311e+02 3.700420028419167124e+02 3.642613807841485709e+02 3.587634450495393708e+02 3.535416197512184340e+02 3.485896580182551361e+02 3.439016357417847303e+02 3.394719453734015815e+02 3.352952898229366951e+02 3.313666764958913973e+02 3.276814115047733367e+02 3.242350940834403445e+02 3.210236112290253345e+02 3.180431325921816779e+02 3.152901056330008487e+02 3.127612510571185567e+02 3.104535585440953582e+02 3.083642827780117273e+02 3.064909397884951545e+02 3.048313036088603667e+02 3.033834032568147450e+02 3.021455200420683695e+02 3.011161852043896374e+02 3.002941778847927594e+02 2.996785234320663562e+02 2.992684920462260720e+02 2.990635977601348827e+02 2.990635977601348827e+02
1.699135257949800234e+03 1.699135257949800234e+03 1.696679255822189816e+03 1.691787626450252446e+03 1.684500732491419058e+03 1.674878161368878182e+03 1.662997608554959697e+03 1.648953439811697308e+03 1.632854974661254118e+03 1.614824541659925217e+03 1.594995362561706315e+03 1.573509326722429478e+03 1.550514718757075570e+03 1.526163961340135529e+03 1.500611431172600533e+03 1.474011399804260691e+03 1.446516142677574862e+03 1.418274250077938859e+03 1.389429163334501936e+03 1.360117949305760249e+03 1.330470316515521517e+03 1.300607867759505098e+03 1.270643576906208409e+03 1.240681472135962849e+03 1.210816504022035360e+03 1.181134574564634704e+03 1.151712702365671248e+03 1.122619299351987820e+03 1.093914535569681902e+03 1.065650770336643291e+03 1.037873030230332915e+03 1.010619516807964828e+03 9.839221294486904981e+02 9.578069911491988933e+02 9.322949674073908000e+02 9.074021704348690491e+02 8.831404428144834355e+02 8.595178163502600910e+02 8.365389432445806506e+02 8.142054978928948685e+02 7.925165485277223070e+02 7.714688986930839292e+02 7.510573991117993273e+02 7.312752309447831749e+02 7.121141617565067463e+02 6.935647757150376265e+02 6.756166796874116471e+02 6.582586869581341489e+02 6.414789803145670248e+02 6.252652562199156137e+02 6.096048517426247599e+02 5.944848558383862382e+02 5.798922064946006003e+02 5.658137751518328287e+02 5.522364397174934538e+02 5.391471473860843844e+02 5.265329683809053449e+02 5.143811416354969879e+02 5.026791133407949133e+02 4.914145691965799188e+02 4.805754611241112570e+02 4.701500291207856321e+02 4.601268188675332453e+02 4.504946956353356313e+02 4.412428549784137886e+02 4.323608306482433363e+02 4.238385001140939039e+02 4.156660880321229001e+02 4.078341679656911083e+02 4.003336626243117280e+02 3.931558428569540524e+02 3.862923256072954814e+02 3.797350710132195104e+02 3.734763788106197921e+02 3.675088841814954321e+02 3.618255531688695896e+02 3.564196777653662025e+02 3.512848707684932492e+02 3.464150604835655827e+02 3.418044853444649220e+02 3.374476885130043797e+02 3.333395125094284026e+02 3.294750939193053796e+02 3.258498582157528745e+02 3.224595147303599560e+02 3.193000518014245586e+02 3.163677321238025684e+02 3.136590883211651999e+02 3.111709187581561196e+02 3.089002836073406684e+02 3.068445011833871945e+02 3.050011445549785094e+02 3.033680384431233961e+02 3.019432564131433310e+02 3.007251183662705216e+02 2.997121883357455658e+02 2.989032725913409649e+02 2.982974180554779196e+02 2.978939110333835742e+02 2.976922762591712512e+02 2.976922762591712512e+02
1.646228482140414599e+03 1.646228482140414599e+03 1.643929020122948032e+03 1.639348464579363963e+03 1.632523214746531266e+03 1.623507034854449557e+03 1.612370079595162451e+03 1.599197639002984715e+03 1.584088639054289843e+03 1.567153941217689180e+03 1.548514489550017515e+03 1.528299357413670805e+03 1.506643747243291500e+03 1.483686995904070272e+03 1.459570635108813804e+03 1.434436551313953942e+03 1.408425282861062215e+03 1.381674484345164728e+03 1.354317579805047217e+03 1.326482617874822154e+03 1.298291333990314797e+03 1.269858417499869347e+03 1.241290975367163583e+03 1.212688179236255564e+03 1.184141079008372799e+03 1.155732563714824209e+03 1.127537449248055054e+03 1.099622672274141223e+03 1.072047570210148479e+03 1.044864228319510175e+03 1.018117876576553613e+03 9.918473208159858814e+02 9.660853946768404512e+02 9.408594208630172488e+02 9.161916721896661784e+02 8.920998247068362161e+02 8.685973968501540412e+02 8.456941700414257639e+02 8.233965874423845435e+02 8.017081286546737147e+02 7.806296590684505645e+02 7.601597533048723108e+02 7.402949927914787622e+02 7.210302379719757937e+02 7.023588760016590413e+02 6.842730450335125170e+02 6.667638363746232244e+02 6.498214759018010227e+02 6.334354861823201190e+02 6.175948307615884687e+02 6.022880420635359542e+02 5.875033343097530860e+02 5.732287028063080925e+02 5.594520108781653107e+02 5.461610656545701659e+02 5.333436838278544201e+02 5.209877484258668119e+02 5.090812575562770235e+02 4.976123660011441530e+02 4.865694204633579716e+02 4.759409891934969323e+02 4.657158866570318878e+02 4.558831938376079620e+02 4.464322747126912532e+02 4.373527893830565745e+02 4.286347042873171631e+02 4.202682998867762194e+02 4.122441761641401854e+02 4.045532562417802183e+02 3.971867883910472870e+02 3.901363466733295695e+02 3.833938304258411449e+02 3.769514627803212647e+02 3.708017883805981114e+02 3.649376704451338469e+02 3.593522873029901348e+02 3.540391285159396944e+02 3.489919906854696023e+02 3.442049730310237692e+02 3.396724728148886925e+02 3.353891806794454169e+02 3.313500759539018645e+02 3.275504219801598538e+02 3.239857615007825871e+02 3.206519121462344515e+02 3.175449620534533892e+02 3.146612656433377424e+02 3.119974395808362715e+02 3.095503589379160303e+02 3.073171535766936131e+02 3.052952047674924074e+02 3.034821420542562009e+02 3.018758403778754769e+02 3.004744174663008494e+02 2.992762314987760988e+02 2.982798790503592841e+02 2.974841933217219321e+02 2.968882426583066945e+02 2.964913293620206218e+02 2.962929887979710770e+02 2.962929887979710770e+02
1.596745415912169847e+03 1.596745415912169847e+03 1.594585070918621795e+03 1.590281036525093668e+03 1.583866327299748718e+03 1.575389732021905957e+03 1.564914957473947879e+03 1.552519525203379999e+03 1.538293452597146825e+03 1.522337755461704319e+03 1.504762813799815831e+03 1.485686645378245203e+03 1.465233132821387017e+03 1.443530249276803715e+03 1.420708325232188372e+03 1.396898394994650744e+03 1.372230655956583860e+03 1.346833067434535451e+03 1.320830108988192933e+03 1.294341711120885975e+03 1.267482364512867889e+03 1.240360407763103240e+03 1.213077488254428999e+03 1.185728186361246344e+03 1.158399789854871642e+03 1.131172203020168354e+03 1.104117973609778801e+03 1.077302420218273028e+03 1.050783842821388816e+03 1.024613799948895121e+03 9.988374370984369079e+02 9.734938524181478670e+02 9.486164872702802313e+02 9.242335309385656501e+02 9.003683303808555820e+02 8.770397974970584301e+02 8.542628078403213294e+02 8.320485860202572894e+02 8.104050742177735174e+02 7.893372812476013678e+02 7.688476104702151588e+02 7.489361655779141529e+02 7.296010338717518380e+02 7.108385471204268242e+02 6.926435204630558928e+02 6.750094700991635364e+02 6.579288107147083338e+02 6.413930337349265756e+02 6.253928675845154430e+02 6.099184211832537130e+02 5.949593119191706592e+02 5.805047793294442044e+02 5.665437856875203124e+02 5.530651046487610074e+02 5.400573990506674136e+02 5.275092889008255952e+02 5.154094105189803940e+02 5.037464677312736399e+02 4.925092759463909147e+02 4.816867998764813592e+02 4.712681856009928651e+02 4.612427876099891364e+02 4.516001914051565791e+02 4.423302321821158216e+02 4.334230100667847410e+02 4.248689023315283748e+02 4.166585729734896972e+02 4.087829799978076721e+02 4.012333807122354870e+02 3.940013353066972286e+02 3.870787089614620413e+02 3.804576727006312353e+02 3.741307031832537291e+02 3.680905816025019135e+02 3.623303918436779441e+02 3.568435180342424360e+02 3.516236416032580223e+02 3.466647379536415770e+02 3.419610728380862952e+02 3.375071985183995480e+02 3.332979497780837619e+02 3.293284398492705236e+02 3.255940563073390308e+02 3.220904569796708188e+02 3.188135659090036143e+02 3.157595694064491454e+02 3.129249122245656167e+02 3.103062938767855599e+02 3.079006651258258103e+02 3.057052246605687174e+02 3.037174159781143317e+02 3.019349244852711536e+02 3.003556748316233325e+02 2.989778284844690575e+02 2.977997815542883018e+02 2.968201628779564203e+02 2.960378323656962607e+02 2.954518796166379957e+02 2.950616228068603277e+02 2.948666078528950152e+02 2.948666078528950152e+02
1.550370778125013430e+03 1.550370778125013430e+03 1.548334365323734801e+03 1.544276729157493946e+03 1.538227986189581998e+03 1.530232662892312874e+03 1.520348938085450300e+03 1.508647666283211493e+03 1.495211209169725862e+03 1.480132107431336181e+03 1.463511629003914777e+03 1.445458232263777973e+03 1.426085983681536163e+03 1.405512968930293027e+03 1.383859734444422202e+03 1.361247793106986819e+03 1.337798223329104985e+03 1.313630385561209096e+03 1.288860774567621093e+03 1.263602019931089444e+03 1.237962041540326481e+03 1.212043361514081198e+03 1.185942569334109976e+03 1.159749933033404886e+03 1.133549146186854387e+03 1.107417198189596547e+03 1.081424353845602582e+03 1.055634227548830040e+03 1.030103937221733077e+03 1.004884323567468186e+03 9.800202209773252662e+02 9.555507675030985411e+02 9.315097425555378550e+02 9.079259223386100075e+02 8.848234444042905125e+02 8.622221740589751562e+02 8.401380666291829584e+02 8.185835207731313403e+02 7.975677190885794516e+02 7.770969532079685678e+02 7.571749313874670406e+02 7.378030672910368821e+02 7.189807492507296729e+02 7.007055897603107724e+02 6.829736553408615691e+02 6.657796772160166938e+02 6.491172434620192462e+02 6.329789734640258985e+02 6.173566756254153916e+02 6.022414893498541915e+02 5.876240123544802145e+02 5.734944143840359629e+02 5.598425383855616246e+02 5.466579901769309799e+02 5.339302176040166614e+02 5.216485801342412287e+02 5.098024097815170421e+02 4.983810642015133681e+02 4.873739727385329275e+02 4.767706761474555037e+02 4.665608606574848523e+02 4.567343869893309716e+02 4.472813148848245532e+02 4.381919236579727226e+02 4.294567292295482162e+02 4.210664980634393260e+02 4.130122583823084597e+02 4.052853090025225811e+02 3.978772260938341674e+02 3.907798681376141872e+02 3.839853793286928862e+02 3.774861916395734625e+02 3.712750257420959770e+02 3.653448909600993488e+02 3.596890844072352138e+02 3.543011894467577463e+02 3.491750735942833899e+02 3.443048859706369740e+02 3.396850543992579219e+02 3.353102822314077116e+02 3.311755449725138760e+02 3.272760867739426658e+02 3.236074168467160348e+02 3.201653058465533945e+02 3.169457822734465822e+02 3.139451289234615956e+02 3.111598794255581879e+02 3.085868148919437886e+02 3.062229607066757922e+02 3.040655834738603289e+02 3.021121881439059962e+02 3.003605153336218336e+02 2.988085388537488143e+02 2.974544634554495133e+02 2.962967228055343867e+02 2.953339776986473453e+02 2.945651145132099487e+02 2.939892439167503539e+02 2.936056998250309675e+02 2.934140386184906220e+02 2.934140386184906220e+02
1.506826415103846557e+03 1.506826415103846557e+03 1.504900640742592714e+03 1.501063023788573219e+03 1.495341194125021957e+03 1.487776018939540791e+03 1.478420927532056339e+03 1.467341040356730900e+03 1.454612126103600758e+03 1.440319414963617874e+03 1.424556299528926729e+03 1.407422956918477439e+03 1.389024926600143090e+03 1.369471677982098299e+03 1.348875200217886459e+03 1.327348643931615925e+03 1.305005040906336490e+03 1.281956123420557560e+03 1.258311260124896080e+03 1.234176520388086828e+03 1.209653874159943371e+03 1.184840529816588742e+03 1.159828408345024172e+03 1.134703748712615834e+03 1.109546836423952300e+03 1.084431845114976340e+03 1.059426779554254381e+03 1.034593507561827437e+03 1.009987868044020956e+03 9.856598424901077351e+02 9.616537777916530558e+02 9.380086490363269149e+02 9.147583519105066898e+02 8.919320154443481670e+02 8.695543269849904391e+02 8.476458624378499280e+02 8.262234159317381454e+02 8.053003241130639935e+02 7.848867812373421202e+02 7.649901420919015891e+02 7.456152105469475373e+02 7.267645121925539797e+02 7.084385500813102681e+02 6.906360430655612390e+02 6.733541466030443416e+02 6.565886562134589894e+02 6.403341940105871117e+02 6.245843789184841626e+02 6.093319813149369111e+02 5.945690629382648922e+02 5.802871029522473236e+02 5.664771110943282793e+02 5.531297288404044821e+02 5.402353195098819469e+02 5.277840482115906298e+02 5.157659524980002743e+02 5.041710045548242078e+02 4.929891657079955962e+02 4.822104339819474035e+02 4.718248853937160447e+02 4.618227096177985800e+02 4.521942406078680392e+02 4.429299827140121693e+02 4.340206327886893973e+02 4.254570987313551882e+02 4.172305148810302171e+02 4.093322546279350718e+02 4.017539405798729604e+02 3.944874525862497876e+02 3.875249338923877644e+02 3.808587956690586793e+02 3.744817201368360315e+02 3.683866624817396200e+02 3.625668517376759610e+02 3.570157907921611127e+02 3.517272556546321312e+02 3.466952941111441646e+02 3.419142238752673393e+02 3.373786303325386484e+02 3.330833639644980622e+02 3.290235375283668873e+02 3.251945230593460110e+02 3.215919487545815514e+02 3.182116957906373500e+02 3.150498951199812723e+02 3.121029242863419881e+02 3.093674042937705053e+02 3.068401965598289394e+02 3.045183999793356406e+02 3.023993481216613759e+02 3.004806065815038778e+02 2.987599705002639325e+02 2.972354622728420281e+02 2.959053294524594548e+02 2.947680428642510719e+02 2.938222949367193451e+02 2.930669982585498019e+02 2.925012843670709799e+02 2.921245027732759922e+02 2.919362202273220532e+02 2.919362202273220532e+02
1.465866072270366431e+03 1.465866072270366431e+03 1.464039246411808335e+03 1.460398445895080158e+03 1.454969163418555354e+03 1.447789119515343828e+03 1.438907656211437825e+03 1.428384954431051256e+03 1.416291096132680877e+03 1.402704995959346888e+03 1.387713230081669735e+03 1.371408791791325484e+03 1.353889804199942319e+03 1.335258220102940186e+03 1.315618537725471469e+03 1.295076558781065614e+03 1.273738212194487232e+03 1.251708463158459608e+03 1.229090323120691664e+03 1.205983972051251840e+03 1.182486000127686111e+03 1.158688771980130241e+03 1.134679913010940027e+03 1.110541914152320714e+03 1.086351848820597979e+03 1.062181193795166337e+03 1.038095744289511458e+03 1.014155612556195251e+03 9.904152989243419825e+02 9.669238241381671060e+02 9.437249121752554402e+02 9.208572132977217279e+02 8.983545578566171343e+02 8.762462322650853821e+02 8.545572695214780197e+02 8.333087476535612268e+02 8.125180904305831291e+02 7.921993656235340495e+02 7.723635769641864499e+02 7.530189467479767700e+02 7.341711867364457476e+02 7.158237556395155252e+02 6.979781019974775518e+02 6.806338917402457582e+02 6.637892200837512746e+02 6.474408077358077662e+02 6.315841816346668338e+02 6.162138406394083177e+02 6.013234067401875791e+02 5.869057624645232636e+02 5.729531752302066252e+02 5.594574094414257388e+02 5.464098271476945001e+02 5.338014780897707396e+02 5.216231799466945631e+02 5.098655895769017548e+02 4.985192660169233250e+02 4.875747259655900621e+02 4.770224924423450261e+02 4.668531372662584431e+02 4.570573179594110798e+02 4.476258096350628080e+02 4.385495323885770631e+02 4.298195746676589692e+02 4.214272130588835239e+02 4.133639288896349626e+02 4.056214220090680556e+02 3.981916220782438245e+02 3.910666976685234317e+02 3.842390634385009776e+02 3.777013856330874546e+02 3.714465861240066715e+02 3.654678451884988135e+02 3.597586032026381417e+02 3.543125614070948473e+02 3.491236818862132623e+02 3.441861868861126936e+02 3.394945575835996010e+02 3.350435324053090085e+02 3.308281049852516276e+02 3.268435218389131478e+02 3.230852798229851714e+02 3.195491234418047384e+02 3.162310420542922884e+02 3.131272670287538062e+02 3.102342688872093959e+02 3.075487544757383489e+02 3.050676641928048412e+02 3.027881693034979662e+02 3.007076693640214557e+02 2.988237897775355805e+02 2.971343794997260375e+02 2.956375089098284548e+02 2.943314678607165433e+02 2.932147639195961233e+02 2.922861208090964737e+02 2.915444770569496313e+02 2.909889848609892056e+02 2.906190091749166982e+02 2.904341270190297450e+02 2.904341270190297450e+02
1.427271020143892883e+03 1.427271020143892883e+03 1.425532817788931879e+03 1.422068334979302790e+03 1.416901225833975559e+03 1.410066502440588010e+03 1.401609986080323552e+03 1.391587598541166471e+03 1.380064512175097889e+03 1.367114180720497643e+03 1.352817275476074201e+03 1.337260553085495530e+03 1.320535681923728589e+03 1.302738053860410446e+03 1.283965607056702765e+03 1.264317683517388559e+03 1.243893942497799571e+03 1.222793347713717367e+03 1.201113242797589919e+03 1.178948525768377976e+03 1.156390929608624219e+03 1.133528412527525234e+03 1.110444658262087387e+03 1.087218683927882921e+03 1.063924550541779126e+03 1.040631169432420165e+03 1.017402196334650853e+03 9.942960040091912788e+02 9.713657236996351685e+02 9.486593455821349608e+02 9.262198685194572363e+02 9.040854898379204769e+02 8.822898264418489589e+02 8.608621593096105471e+02 8.398276942266345486e+02 8.192078324619797058e+02 7.990204459499293534e+02 7.792801523694261050e+02 7.599985863010397225e+02 7.411846633694270849e+02 7.228448349395648620e+02 7.049833315232413042e+02 6.876023935671898926e+02 6.707024887373761430e+02 6.542825151892369604e+02 6.383399906258596275e+02 6.228712272008743867e+02 6.078714925265057900e+02 5.933351572059119690e+02 5.792558294285424836e+02 5.656264772536654846e+02 5.524395392656248305e+02 5.396870243194990735e+02 5.273606011120619996e+02 5.154516783139008567e+02 5.039514759875452228e+02 4.928510889962643660e+02 4.821415430811078409e+02 4.718138442518988427e+02 4.618590221025821734e+02 4.522681676243094557e+02 4.430324660515204300e+02 4.341432252382247157e+02 4.255919000242713537e+02 4.173701130148700145e+02 4.094696721618441870e+02 4.018825855016949049e+02 3.946010733742599541e+02 3.876175784162737159e+02 3.809247735966930577e+02 3.745155685351638226e+02 3.683831143215061843e+02 3.625208070324416099e+02 3.569222901219450250e+02 3.515814558434686887e+02 3.464924458457816741e+02 3.416496510691324602e+02 3.370477110548515611e+02 3.326815127691768907e+02 3.285461890310040758e+02 3.246371166232078735e+02 3.209499141582147672e+02 3.174804397603704729e+02 3.142247886204626752e+02 3.111792904712123686e+02 3.083405070267504584e+02 3.057052294239579737e+02 3.032704756988651411e+02 3.010334883272089428e+02 2.989917318545984699e+02 2.971428906384256265e+02 2.954848667207655240e+02 2.940157778489078737e+02 2.927339556578513111e+02 2.916379440270048917e+02 2.907264976214839862e+02 2.899985806267209796e+02 2.894533656835585020e+02 2.890902330296558489e+02 2.889087698516930232e+02 2.889087698516930232e+02
1.390846378955334103e+03 1.390846378955334103e+03 1.389187640417786952e+03 1.385881285900538160e+03 1.380949387557105638e+03 1.374424625805870619e+03 1.366349788650804157e+03 1.356777124773122296e+03 1.345767567135162153e+03 1.333389846851630864e+03 1.319719519381935243e+03 1.304837926605493294e+03 1.288831119019070456e+03 1.271788762141276493e+03 1.253803050263923751e+03 1.234967649030046687e+03 1.215376686053937419e+03 1.195123806064309292e+03 1.174301303996494653e+03 1.152999346238430917e+03 1.131305286995736651e+03 1.109303083618520532e+03 1.087072811839457245e+03 1.064690279297110692e+03 1.042226733520656353e+03 1.019748658765462324e+03 9.973176547218847645e+02 9.749903891599335566e+02 9.528186159902381860e+02 9.308492499764479362e+02 9.091244893765785946e+02 8.876819780689718300e+02 8.665549991802575960e+02 8.457726928285678696e+02 8.253602912803315803e+02 8.053393655540330656e+02 7.857280782565537720e+02 7.665414381804692994e+02 7.477915529035601594e+02 7.294878763000928075e+02 7.116374484866925059e+02 6.942451262785436938e+02 6.773138027213160512e+02 6.608446146908228229e+02 6.448371379181463681e+02 6.292895691064836683e+02 6.141988950613448424e+02 5.995610489634735814e+02 5.853710540789518291e+02 5.716231553286104372e+02 5.583109392343006903e+02 5.454274428275350601e+02 5.329652521507384790e+02 5.209165910069830261e+02 5.092734006240958706e+02 4.980274108965413120e+02 4.871702038560778192e+02 4.766932700024353267e+02 4.665880580997472293e+02 4.568460190151719758e+02 4.474586441441868487e+02 4.384174989335213581e+02 4.297142519787176411e+02 4.213407001392300799e+02 4.132887900806526318e+02 4.055506366212738953e+02 3.981185382291284327e+02 3.909849899861898166e+02 3.841426943085348285e+02 3.775845696850951185e+02 3.713037576733585752e+02 3.652936283676810376e+02 3.595477845350470716e+02 3.540600645938218349e+02 3.488245445934812210e+02 3.438355393370733282e+02 3.390876027735604907e+02 3.345755277737387701e+02 3.302943453913218264e+02 3.262393236998015595e+02 3.224059662857437729e+02 3.187900104702385420e+02 3.153874253221661661e+02 3.121944095196715239e+02 3.092073891097667229e+02 3.064230152101436602e+02 3.038381616920156034e+02 3.014499228782256637e+02 2.992556112865855198e+02 2.972527554447635225e+02 2.954390977996537799e+02 2.938125927412132796e+02 2.923714047580880901e+02 2.911139067399531655e+02 2.900386784393846256e+02 2.891445051041140459e+02 2.884303762888293363e+02 2.878954848540416833e+02 2.875392261581463913e+02 2.873611974474185331e+02 2.873611974474185331e+02
1.356418017732949011e+03 1.356418017732949011e+03 1.354830580983822301e+03 1.351666143043694319e+03 1.346945415995720396e+03 1.340699074548501812e+03 1.332967295450269376e+03 1.323799162111433816e+03 1.313251949609806388e+03 1.301390307981130263e+03 1.288285363781100159e+03 1.274013761278642505e+03 1.258656665272166492e+03 1.242298747412032526e+03 1.225027177101151437e+03 1.206930636599505760e+03 1.188098377973718016e+03 1.168619337126365053e+03 1.148581317440060502e+03 1.128070252712504271e+03 1.107169556168612871e+03 1.085959559532580670e+03 1.064517043525669806e+03 1.042914858804163714e+03 1.021221634321775241e+03 9.995015684252834944e+02 9.778142966831849208e+02 9.562148294978384229e+02 9.347535519406237654e+02 9.134762779438899543e+02 8.924243509432565133e+02 8.716347832444259893e+02 8.511404267459591892e+02 8.309701681391875354e+02 8.111491422888966554e+02 7.916989581380053096e+02 7.726379321451682927e+02 7.539813249313582446e+02 7.357415774598872531e+02 7.179285436891523204e+02 7.005497172077738242e+02 6.836104498814639783e+02 6.671141610058592732e+02 6.510625358688604365e+02 6.354557129806770490e+02 6.202924595321854895e+02 6.055703348958475090e+02 5.912858421922868501e+02 5.774345681143425963e+02 5.640113113334724630e+02 5.510101999151140717e+02 5.384247982447592449e+02 5.262482040185460619e+02 5.144731358853347274e+02 5.030920123444824981e+02 4.920970225079375382e+02 4.814801893295208970e+02 4.712334258904384114e+02 4.613485853101898897e+02 4.518175048276951316e+02 4.426320445700603727e+02 4.337841214968402141e+02 4.252657389773054888e+02 4.170690124271778245e+02 4.091861914007657219e+02 4.016096785043146724e+02 3.943320454674981761e+02 3.873460466821038040e+02 3.806446304906523892e+02 3.742209484828317727e+02 3.680683630342848005e+02 3.621804533006227871e+02 3.565510198593686368e+02 3.511740881738953135e+02 3.460439110363683426e+02 3.411549701308626368e+02 3.365019768435735159e+02 3.320798724338516763e+02 3.278838276678674220e+02 3.239092420059278083e+02 3.201517424245918733e+02 3.166071819459303356e+02 3.132716379382329137e+02 3.101414102452358748e+02 3.072130191945544766e+02 3.044832035300235589e+02 3.019489183075783103e+02 2.996073327895109628e+02 2.974558283677818054e+02 2.954919965433094831e+02 2.937136369847589208e+02 2.921187556873945823e+02 2.907055632497934425e+02 2.894724732838499790e+02 2.884181009712610262e+02 2.875412617777652713e+02 2.868409703346054016e+02 2.863164394950126166e+02 2.859670795720771821e+02 2.857924977629419914e+02 2.857924977629419914e+02
1.323829928431710641e+03 1.323829928431710641e+03 1.322306487578177894e+03 1.319269452193686220e+03 1.314738367443288780e+03 1.308742186192990175e+03 1.301318841703754288e+03 1.292514695059224778e+03 1.282383871228152429e+03 1.270987500159641286e+03 1.258392881218586353e+03 1.244672590532585218e+03 1.229903551414050980e+03 1.214166087945443905e+03 1.197542981106085790e+03 1.180118545538086437e+03 1.161977743281545145e+03 1.143205348659232186e+03 1.123885176071406477e+03 1.104099379889598367e+03 1.083927833028519672e+03 1.063447588230216752e+03 1.042732423705070005e+03 1.021852472610645123e+03 1.000873933964294110e+03 9.798588610108503190e+02 9.588650218163745649e+02 9.379458259302715533e+02 9.171503103348114792e+02 8.965231775567974637e+02 8.761048787171453114e+02 8.559317344027157333e+02 8.360360865216860020e+02 8.164464747105860170e+02 7.971878313616077776e+02 7.782816899003566959e+02 7.597464015386370875e+02 7.415973563300985916e+02 7.238472049496923546e+02 7.065060781858795735e+02 6.895818016666992207e+02 6.730801038298113781e+02 6.570048155880017475e+02 6.413580605337548377e+02 6.261404348692146868e+02 6.113511765427923592e+02 5.969883233235167381e+02 5.830488597523044518e+02 5.695288530792828396e+02 5.564235784324430369e+02 5.437276335689180087e+02 5.314350436402096420e+02 5.195393564603648429e+02 5.080337288047579136e+02 4.969110042901911015e+02 4.861637833969231792e+02 4.757844861927459306e+02 4.657654083104197298e+02 4.560987707144574301e+02 4.467767637732050048e+02 4.377915861284873245e+02 4.291354788291615137e+02 4.208007551674174351e+02 4.127798266285963109e+02 4.050652253369804043e+02 3.976496233521660315e+02 3.905258491434542520e+02 3.836869015434927519e+02 3.771259614574797183e+02 3.708364015804740461e+02 3.648117943531321430e+02 3.590459183653079549e+02 3.535327633975483650e+02 3.482665342724616266e+02 3.432416536714184190e+02 3.384527640566138871e+02 3.338947288246038738e+02 3.295626328045638616e+02 3.254517822027878537e+02 3.215577040843660370e+02 3.178761454732809284e+02 3.144030721433775852e+02 3.111346671648543065e+02 3.080673292636270730e+02 3.051976710446151628e+02 3.025225171241231692e+02 3.000389022112880753e+02 2.977440691739031990e+02 2.956354671197199195e+02 2.937107495205371492e+02 2.919677724030232753e+02 2.904045926272062275e+02 2.890194662707604607e+02 2.878108471348867283e+02 2.867773853852423827e+02 2.859179263394812551e+02 2.852315094110909968e+02 2.847173672175449042e+02 2.843749248593126140e+02 2.842037993747709947e+02 2.842037993747709947e+02
1.292941995130678379e+03 1.292941995130678379e+03 1.291475980328194055e+03 1.288553293505736065e+03 1.284192482259620419e+03 1.278421026601910171e+03 1.271274939080251897e+03 1.262798247513489514e+03 1.253042373220743229e+03 1.242065419933259591e+03 1.229931390346424905e+03 1.216709348443740964e+03 1.202472546281616815e+03 1.187297533869891140e+03 1.171263270149024720e+03 1.154450251909355529e+03 1.136939675897456482e+03 1.118812647402942730e+03 1.100149446417762192e+03 1.081028860114600548e+03 1.061527588003121537e+03 1.041719723786103941e+03 1.021676315732851776e+03 1.001465005380046023e+03 9.811497426088099019e+02 9.607905736619106847e+02 9.404434974715414910e+02 9.201603847657520419e+02 8.999889537980471914e+02 8.799727961779288989e+02 8.601514461415729329e+02 8.405604866583221337e+02 8.212316859859362239e+02 8.021931586303825270e+02 7.834695451023583246e+02 7.650822053619225471e+02 7.470494213789191917e+02 7.293866047872429590e+02 7.121065061575319532e+02 6.952194229406410386e+02 6.787334036327471267e+02 6.626544461745028229e+02 6.469866890161708852e+02 6.317325936562704101e+02 6.168931177916690558e+02 6.024678785039128570e+02 5.884553051511359172e+02 5.748527818405802918e+02 5.616567795263105154e+02 5.488629779139620268e+02 5.364663774628626243e+02 5.244614018589949183e+02 5.128419913937865431e+02 5.016016877265037124e+02 4.907337105352022490e+02 4.802310265754441616e+02 4.700864116696056954e+02 4.602925061447210169e+02 4.508418642252923405e+02 4.417269978708638973e+02 4.329404155276906181e+02 4.244746562408441264e+02 4.163223195482085544e+02 4.084760915520764684e+02 4.009287675379233633e+02 3.936732714838746006e+02 3.867026727788959874e+02 3.800102004429847966e+02 3.735892551189044752e+02 3.674334190824342841e+02 3.615364644967434060e+02 3.558923601164501065e+02 3.504952766282416405e+02 3.453395907974622787e+02 3.404198885740113951e+02 3.357309672960016655e+02 3.312678371159662447e+02 3.270257217618819823e+02 3.230000587338248579e+02 3.191864990266517452e+02 3.155809064596039661e+02 3.121793566850938646e+02 3.089781359411835524e+02 3.059737396051584710e+02 3.031628705992443429e+02 3.005424376937946818e+02 2.981095537480634903e+02 2.958615339240477056e+02 2.937958939047021545e+02 2.919103481440559449e+02 2.902028081733895988e+02 2.886713809845854826e+02 2.873143675090618672e+02 2.861302612081859706e+02 2.851177467888869614e+02 2.842756990561420025e+02 2.836031819122120510e+02 2.830994475107387984e+02 2.827639355723923700e+02 2.825962728671644868e+02 2.825962728671644868e+02
1.263628093748710626e+03 1.263628093748710626e+03 1.262213568735334775e+03 1.259393433666399233e+03 1.255185388227905378e+03 1.249615659693854013e+03 1.242718625389611589e+03 1.234536324225531644e+03 1.225117869371207235e+03 1.214518776304799530e+03 1.202800222127068992e+03 1.190028253130330995e+03 1.176272958138147942e+03 1.161607625089450721e+03 1.146107897760621427e+03 1.129850948455777825e+03 1.112914681020287162e+03 1.095376976731144168e+03 1.077314993583963314e+03 1.058804527325660047e+03 1.039919440368195637e+03 1.020731162546642622e+03 1.001308265629455150e+03 9.817161116095751368e+02 9.620165731481275770e+02 9.422678231358697758e+02 9.225241891977376554e+02 9.028360680926855366e+02 8.832498943456110965e+02 8.638081570714334703e+02 8.445494587880829158e+02 8.255086100362709658e+02 8.067167537978924656e+02 7.882015140005726153e+02 7.699871627829977569e+02 7.520948016464852799e+02 7.345425521081529041e+02 7.173457519786302328e+02 7.005171538951933599e+02 6.840671232351478466e+02 6.680038330038353251e+02 6.523334537287673811e+02 6.370603367914001183e+02 6.221871899878509566e+02 6.077152444284309922e+02 5.936444121639482319e+02 5.799734341653619367e+02 5.667000184853110341e+02 5.538209685978126799e+02 5.413323020493983222e+02 5.292293596641027307e+02 5.175069056297694488e+02 5.061592188567308312e+02 4.951801760455500130e+02 4.845633269306002830e+02 4.743019621835987891e+02 4.643891744679173144e+02 4.548179131326226639e+02 4.455810330266626806e+02 4.366713378996558390e+02 4.280816188379638447e+02 4.198046881640224797e+02 4.118334092042618977e+02 4.041607223072315946e+02 3.967796674691136900e+02 3.896834038994511502e+02 3.828652268358291053e+02 3.763185818927859714e+02 3.700370772076225876e+02 3.640144936241978826e+02 3.582447931353116246e+02 3.527221257850280836e+02 3.474408352141534237e+02 3.423954630153574499e+02 3.375807520486941939e+02 3.329916488539312809e+02 3.286233052827272445e+02 3.244710794615332929e+02 3.205305361848832604e+02 3.167974468285561898e+02 3.132677888627631546e+02 3.099377450370843121e+02 3.068037023012003033e+02 3.038622505185126101e+02 3.011101810234876552e+02 2.985444850678568969e+02 2.961623521957198477e+02 2.939611685830026317e+02 2.919385153725071405e+02 2.900921670321688453e+02 2.884200897606747844e+02 2.869204399616364753e+02 2.855915628047612813e+02 2.844319908900483824e+02 2.834404430287252126e+02 2.826158231527499538e+02 2.819572193627367369e+02 2.814639031225736403e+02 2.811353286073830304e+02 2.809711322100296798e+02 2.809711322100296798e+02
1.235774470059248870e+03 1.235774470059248870e+03 1.234406044202194835e+03 1.231677747108843505e+03 1.227606563972290132e+03 1.222217665612064366e+03 1.215544048813974769e+03 1.207626070939939609e+03 1.198510890259528423e+03 1.188251825504868293e+03 1.176907649716101787e+03 1.164541834484899937e+03 1.151221761200406036e+03 1.137017915862774544e+03 1.122003083484546096e+03 1.106251557100812533e+03 1.089838375023701929e+03 1.072838598285118678e+03 1.055326638301819003e+03 1.037375642758047206e+03 1.019056945619905264e+03 1.000439585151358756e+03 9.815898918641559021e+02 9.625711465582211304e+02 9.434433070384518487e+02 9.242628007555005070e+02 9.050823795270093797e+02 8.859510316536220671e+02 8.669139461427823790e+02 8.480125233761672234e+02 8.292844263809054155e+02 8.107636668636761215e+02 7.924807203119943324e+02 7.744626647291710242e+02 7.567333379205979327e+02 7.393135086634731579e+02 7.222210575461647295e+02 7.054711637373586655e+02 6.890764944218736900e+02 6.730473941061338792e+02 6.573920714413951600e+02 6.421167816288306085e+02 6.272260028532324441e+02 6.127226055371949087e+02 5.986080135151102013e+02 5.848823564952147080e+02 5.715446134102654696e+02 5.585927464546626879e+02 5.460238257707254661e+02 5.338341448821372524e+02 5.220193270813639401e+02 5.105744230631131018e+02 4.994940001605738189e+02 4.887722235882728228e+02 4.784029301272529437e+02 4.683796947076507990e+02 4.586958903526111158e+02 4.493447419477227527e+02 4.403193742938553328e+02 4.316128548893211132e+02 4.232182318716244254e+02 4.151285675301388665e+02 4.073369677802741080e+02 3.998366079675274705e+02 3.926207553469625964e+02 3.856827885606035125e+02 3.790162144124536781e+02 3.726146822184193752e+02 3.664719959868932619e+02 3.605821246650289709e+02 3.549392106660378658e+02 3.495375768743105596e+02 3.443717323076782009e+02 3.394363765998664348e+02 3.347264034510573083e+02 3.302369031804368547e+02 3.259631645016943366e+02 3.219006756305210502e+02 3.180451248222958043e+02 3.143924004281086582e+02 3.109385905482676549e+02 3.076799823540561647e+02 3.046130611411021505e+02 3.017345091708026530e+02 2.990412043501422090e+02 2.965302187946570598e+02 2.941988173142410687e+02 2.920444558569770948e+02 2.900647799420662523e+02 2.882576231092581907e+02 2.866210054088608103e+02 2.851531319533977467e+02 2.838523915493275922e+02 2.827173554247572724e+02 2.817467760668960750e+02 2.809395861809950361e+02 2.802948977806678954e+02 2.798120014178248880e+02 2.794903655588873903e+02 2.793296361124854457e+02 2.793296361124854457e+02
1.209278353734054690e+03 1.209278353734054690e+03 1.207951106031471909e+03 1.205304865654159585e+03 1.201356023401327320e+03 1.196128870360083056e+03 1.189655252138965352e+03 1.181974121452744157e+03 1.173131000060403039e+03 1.163177363021850169e+03 1.152169959736012288e+03 1.140170087214091154e+03 1.127242831511442319e+03 1.113456293197637933e+03 1.098880812217653329e+03 1.083588206537347105e+03 1.067651037639775723e+03 1.051141914322083267e+03 1.034132844419598086e+03 1.016694642139074858e+03 9.988963966989937262e+02 9.808050060263475416e+02 9.624847774117689596e+02 9.439970953308107937e+02 9.254001551389570750e+02 9.067487600675463000e+02 8.880941779010690880e+02 8.694840529054877152e+02 8.509623679945690355e+02 8.325694517513279607e+02 8.143420247436065438e+02 7.963132795610882795e+02 7.785129891295598554e+02 7.609676380988822757e+02 7.437005724281747234e+02 7.267321626801892762e+02 7.100799769648347137e+02 6.937589599201839974e+02 6.777816145718004464e+02 6.621581843550271742e+02 6.468968330096558930e+02 6.320038204548637850e+02 6.174836731192393700e+02 6.033393475330776710e+02 5.895723862865787623e+02 5.761830657178431920e+02 5.631705349199996817e+02 5.505329458487441343e+02 5.382675744726727771e+02 5.263709330414535543e+02 5.148388736540355239e+02 5.036666833935943828e+02 4.928491713604326492e+02 4.823807479814794306e+02 4.722554970077846406e+02 4.624672406317135938e+02 4.530095981657186712e+02 4.438760387262398126e+02 4.350599283612967270e+02 4.265545720500580273e+02 4.183532509882463160e+02 4.104492555559572793e+02 4.028359143448934674e+02 3.955066196012503497e+02 3.884548494187982897e+02 3.816741869948278350e+02 3.751583372398227425e+02 3.689011410103449293e+02 3.628965872138936106e+02 3.571388230146288834e+02 3.516221623497718269e+02 3.463410929487774297e+02 3.412902820302868463e+02 3.364645808362648722e+02 3.318590281479547457e+02 3.274688529147240956e+02 3.232894761143006122e+02 3.193165119513001287e+02 3.155457684903576592e+02 3.119732478104473898e+02 3.085951457581084583e+02 3.054078513691835610e+02 3.024079460213665129e+02 2.995922023731723698e+02 2.969575831388777374e+02 2.945012397435694993e+02 2.922205108974387144e+02 2.901129211240625523e+02 2.881761792733380503e+02 2.864081770461598353e+02 2.848069875546534035e+02 2.833708639387829749e+02 2.820982380575941306e+02 2.809877192708175357e+02 2.800380933245190249e+02 2.792483213523742620e+02 2.786175390024282024e+02 2.781450556974733672e+02 2.778303540356823760e+02 2.776730893366415671e+02 2.776730893366415671e+02
1.184046774265357953e+03 1.184046774265357953e+03 1.182756187180971892e+03 1.180183023719913763e+03 1.176343189573100972e+03 1.171260256916550134e+03 1.164965128928132117e+03 1.157495605724631559e+03 1.148895862424569714e+03 1.139215851945542909e+03 1.128510646591199702e+03 1.116839733434905611e+03 1.104266278950237847e+03 1.090856378282655214e+03 1.076678304032529240e+03 1.061801768477305359e+03 1.046297211865003874e+03 1.030235127838034259e+03 1.013685435276452267e+03 9.967169039662466048e+02 9.793966395796792312e+02 9.617896315732377843e+02 9.439583658271611739e+02 9.259625022182704015e+02 9.078586158739481107e+02 8.896999996232434569e+02 8.715365241546110155e+02 8.534145516103151294e+02 8.353768977870336130e+02 8.174628377564788480e+02 7.997081495474741359e+02 7.821451905190642719e+02 7.648030011760901061e+02 7.477074314088580422e+02 7.308812844514194467e+02 7.143444742251152775e+02 6.981141921444651643e+02 6.822050798926595689e+02 6.666294051085319552e+02 6.513972373533277960e+02 6.365166221343733923e+02 6.219937511462389921e+02 6.078331272437563939e+02 5.940377229818592468e+02 5.806091318436026540e+02 5.675477115293986117e+02 5.548527188988488206e+02 5.425224363426865466e+02 5.305542895189513501e+02 5.189449565165512013e+02 5.076904686140287026e+02 4.967863028839386175e+02 4.862274669567009937e+02 4.760085763045823910e+02 4.661239244390085332e+02 4.565675464349650383e+02 4.473332762068233137e+02 4.384147979623096489e+02 4.298056922571269638e+02 4.214994770633155099e+02 4.134896442511138162e+02 4.057696918676001019e+02 3.983331525769929726e+02 3.911736186075697788e+02 3.842847635295019586e+02 3.776603611668892313e+02 3.712943019263343558e+02 3.651806068038833359e+02 3.593134393120916457e+02 3.536871155498851067e+02 3.482961126194480244e+02 3.431350755771460967e+02 3.381988230890878526e+02 3.334823519466978041e+02 3.289808405834032783e+02 3.246896517203688290e+02 3.206043342569907963e+02 3.167206245105982134e+02 3.130344468994983345e+02 3.095419141540702412e+02 3.062393271318862276e+02 3.031231743050922205e+02 3.001901309809717873e+02 2.974370583102191290e+02 2.948610021314952405e+02 2.924591916955334341e+02 2.902290383072126474e+02 2.881681339196543377e+02 2.862742497105105031e+02 2.845453346670246333e+02 2.829795142032315880e+02 2.815750888298414338e+02 2.803305328946795498e+02 2.792444934092246172e+02 2.783157889746523779e+02 2.775434088188399642e+02 2.769265119539699072e+02 2.764644264628297492e+02 2.761566489202591583e+02 2.760028439548845540e+02 2.760028439548845540e+02
1.159995551340565271e+03 1.159995551340565271e+03 1.158737452688882740e+03 1.156229072680637955e+03 1.152485932548779601e+03 1.147531033661910442e+03 1.141394528988805405e+03 1.134113298119727233e+03 1.125730436396821005e+03 1.116294670572561699e+03 1.105859714826962090e+03 1.094483581895223097e+03 1.082227864474355101e+03 1.069157002001651335e+03 1.055337547361309362e+03 1.040837447129454404e+03 1.025725347677485615e+03 1.010069937894810323e+03 9.939393375454158104e+02 9.774005384197957937e+02 9.605189035618469688e+02 9.433577280106844682e+02 9.259778627590610540e+02 9.084374020428467702e+02 8.907914326750977807e+02 8.730918429471199715e+02 8.553871876488366297e+02 8.377226050125641450e+02 8.201397808497058577e+02 8.026769548136395542e+02 7.853689635639002518e+02 7.682473156029526535e+02 7.513402926822212748e+02 7.346730729028989799e+02 7.182678709453665533e+02 7.021440912252662656e+02 6.863184901749938263e+02 6.708053442680106855e+02 6.556166208258538290e+02 6.407621490615140374e+02 6.262497892091590757e+02 6.120855979616591185e+02 5.982739887798030622e+02 5.848178859472825479e+02 5.717188715224923499e+02 5.589773245815622431e+02 5.465925523580248182e+02 5.345629130645980922e+02 5.228859303337237634e+02 5.115583993384418022e+02 5.005764847562477939e+02 4.899358108184702019e+02 4.796315437491441571e+02 4.696584669426176788e+02 4.600110492606559092e+02 4.506835068498022565e+02 4.416698588899962488e+02 4.329639776879051851e+02 4.245596335243496924e+02 4.164505346562128238e+02 4.086303628603844800e+02 4.010928048913660859e+02 3.938315802064514060e+02 3.868404652931482133e+02 3.801133149134989822e+02 3.736440805597329700e+02 3.674268263953211431e+02 3.614557429357304841e+02 3.557251587037356444e+02 3.502295500756034698e+02 3.449635495167117369e+02 3.399219523883495526e+02 3.350997224916358164e+02 3.304919964996840918e+02 3.260940874152761921e+02 3.219014871786031335e+02 3.179098685376428648e+02 3.141150862829483685e+02 3.105131779385009736e+02 3.071003639911306209e+02 3.038730477326067216e+02 3.008278147808164249e+02 2.979614323395250040e+02 2.952708482498185276e+02 2.927531898806525419e+02 2.904057629007081687e+02 2.882260499690260076e+02 2.862117093777355876e+02 2.843605736762287393e+02 2.826706483028194725e+02 2.811401102467009991e+02 2.797673067602258925e+02 2.785507541390362007e+02 2.774891365851945011e+02 2.765813051664404725e+02 2.758262768827533478e+02 2.752232338496867214e+02 2.747715226063415344e+02 2.744706535543271571e+02 2.743203005327269466e+02 2.743203005327269466e+02
1.137048437923513347e+03 1.137048437923513347e+03 1.135818949285556073e+03 1.133367643413939504e+03 1.129709751026903177e+03 1.124867840888645787e+03 1.118871495074248060e+03 1.111756889051603594e+03 1.103566287117395404e+03 1.094347465576123795e+03 1.084153077443581651e+03 1.073039973352923880e+03 1.061068493731673016e+03 1.048301747213923818e+03 1.034804889688168032e+03 1.020644417410507799e+03 1.005887486302986872e+03 9.906012679846334095e+02 9.748523513303196069e+02 9.587061965018206138e+02 9.422266465239869149e+02 9.254754996564580551e+02 9.085121440973000517e+02 8.913932549963742531e+02 8.741725523871746191e+02 8.569006174884323173e+02 8.396247638900521224e+02 8.223889594217492913e+02 8.052337939971714604e+02 7.881964884158353470e+02 7.713109389681183075e+02 7.546077927016104923e+02 7.381145483445278614e+02 7.218556781186744047e+02 7.058527659862065775e+02 6.901246582390783715e+02 6.746876227377086934e+02 6.595555135189191560e+02 6.447399379085244391e+02 6.302504236793968175e+02 6.160945841828474840e+02 6.022782797433275164e+02 5.888057739390343386e+02 5.756798836921670954e+02 5.629021223604876241e+02 5.504728352572777794e+02 5.383913272301559800e+02 5.266559821027437920e+02 5.152643739284869753e+02 5.042133701258407541e+02 4.934992266608251157e+02 4.831176755193233703e+02 4.730640047700208584e+02 4.633331315618012809e+02 4.539196684292395503e+02 4.448179832984191648e+02 4.360222535946776929e+02 4.275265148556107988e+02 4.193247042484450731e+02 4.114106993815993860e+02 4.037783527875966456e+02 3.964215224387891112e+02 3.893340986399518329e+02 3.825100276229026690e+02 3.759433321489063360e+02 3.696281294047530537e+02 3.635586464586833131e+02 3.577292335229980154e+02 3.521343752513780601e+02 3.467687002808189618e+02 3.416269892109484090e+02 3.367041811970481717e+02 3.319953793178601700e+02 3.274958548647828138e+02 3.232010506857304790e+02 3.191065837044296813e+02 3.152082467244873101e+02 3.115020096169253065e+02 3.079840199801690233e+02 3.046506033525359385e+02 3.014982630491587088e+02 2.985236796878122618e+02 2.957237104613395786e+02 2.930953882083041435e+02 2.906359203278458949e+02 2.883426875796985200e+02 2.862132428058183677e+02 2.842453096058657707e+02 2.824367809951571076e+02 2.807857180702519031e+02 2.792903487044260373e+02 2.779490662924148410e+02 2.767604285614788182e+02 2.757231564634909660e+02 2.748361331607951001e+02 2.740984031167155308e+02 2.735091712998622029e+02 2.730678025099391562e+02 2.727738208311650965e+02 2.726269092182138252e+02 2.726269092182138252e+02
1.115136399222887121e+03 1.115136399222887121e+03 1.113931889569178111e+03 1.111530440797972233e+03 1.107947082094122379e+03 1.103204080467809717e+03 1.097330616780296623e+03 1.090362367005878014e+03 1.082340999387939974e+03 1.073313600006833212e+03 1.063332040663129874e+03 1.052452303859535277e+03 1.040733780025755323e+03 1.028238551989089501e+03 1.015030681086433788e+03 1.001175508296795670e+03 9.867389824182853317e+02 9.717870257005589565e+02 9.563849455568773692e+02 9.405968991039031835e+02 9.244854153905987459e+02 9.081109783502164419e+02 8.915316718008293719e+02 8.748028862755709270e+02 8.579770861169910177e+02 8.411036341401102163e+02 8.242286702637435383e+02 8.073950398266457569e+02 7.906422668328413010e+02 7.740065670914456177e+02 7.575208961081218604e+02 7.412150266232484910e+02 7.251156508500221207e+02 7.092465027186187854e+02 6.936284957559940949e+02 6.782798726030155194e+02 6.632163625718258118e+02 6.484513440602606806e+02 6.339960090528429646e+02 6.198595273389204294e+02 6.060492084590766808e+02 5.925706597457174212e+02 5.794279391484022881e+02 5.666237018270701356e+02 5.541593397560075118e+02 5.420351138086402898e+02 5.302502779890761531e+02 5.188031956426211764e+02 5.076914476165152905e+02 4.969119324562315683e+02 4.864609588144943473e+02 4.763343303221942620e+02 4.665274232252354523e+02 4.570352571312038208e+02 4.478525592371015023e+02 4.389738224259501180e+02 4.303933576278986948e+02 4.221053408421023505e+02 4.141038552104524797e+02 4.063829285246112022e+02 3.989365665346179526e+02 3.917587824116884576e+02 3.848436227003625731e+02 3.781851900765101959e+02 3.717776632084613198e+02 3.656153139990897785e+02 3.596925224672974650e+02 3.540037895084372508e+02 3.485437477548160814e+02 3.433071707398308376e+02 3.382889805524515054e+02 3.334842541529370123e+02 3.288882285056826618e+02 3.244963046712098844e+02 3.203040509861635314e+02 3.163072054482759654e+02 3.125016774119830529e+02 3.088835486901695617e+02 3.054490741480828433e+02 3.021946818667823891e+02 2.991169729456764230e+02 2.962127210064095379e+02 2.934788714539132570e+02 2.909125405444181638e+02 2.885110143048983673e+02 2.862717473434951785e+02 2.841923615860920904e+02 2.822706449702193368e+02 2.805045501238805628e+02 2.788921930536091054e+02 2.774318518632322252e+02 2.761219655220631353e+02 2.749611326989435724e+02 2.739481106763669231e+02 2.730818143569482004e+02 2.723613153727481517e+02 2.717858413062930367e+02 2.713547750306717603e+02 2.710676541746904604e+02 2.709241707177168337e+02 2.709241707177168337e+02
1.094197015156613134e+03 1.094197015156613134e+03 1.093014058493311950e+03 1.090655658183403148e+03 1.087136727520206932e+03 1.082479357624292334e+03 1.076712491221599521e+03 1.069871501250225265e+03 1.061997685215259025e+03 1.053137688098150875e+03 1.043342868022016773e+03 1.032668619740284385e+03 1.021173671345973617e+03 1.008919369408762805e+03 9.959689670790058926e+02 9.823869286125799363e+02 9.682382623436144513e+02 9.535878924494872990e+02 9.385000780026888378e+02 9.230378858747861841e+02 9.072627221307853915e+02 8.912339246983422072e+02 8.750084183757003302e+02 8.586404316996786292e+02 8.421812738618302774e+02 8.256791687547793117e+02 8.091791423567120773e+02 7.927229590149453315e+02 7.763491017554483733e+02 7.600927915046689805e+02 7.439860400382818852e+02 7.280577315429976579e+02 7.123337278647927633e+02 6.968369927942003415e+02 6.815877310821159654e+02 6.666035382658678827e+02 6.518995577962217567e+02 6.374886423751079292e+02 6.233815168283931598e+02 6.095869402375519712e+02 5.961118654309390195e+02 5.829615942845283598e+02 5.701399275996459437e+02 5.576493086101720564e+02 5.454909594232723293e+02 5.336650099167488861e+02 5.221706188039854624e+02 5.110060867361721648e+02 5.001689614434749842e+02 4.896561350245099220e+02 4.794639335794380486e+02 4.695881994490760007e+02 4.600243663727726471e+02 4.507675279139057238e+02 4.418124995261229060e+02 4.331538746473196966e+02 4.247860752141273224e+02 4.167033969886550153e+02 4.089000500827630162e+02 4.013701950545623163e+02 3.941079749380400017e+02 3.871075435506391500e+02 3.803630904059199338e+02 3.738688625397473970e+02 3.676191835393318570e+02 3.616084700451038429e+02 3.558312459763600941e+02 3.502821547129944975e+02 3.449559694475752849e+02 3.398476019048416106e+02 3.349521096092615835e+02 3.302647018658274760e+02 3.257807446047328312e+02 3.214957642269943676e+02 3.174054505754494926e+02 3.135056591438789724e+02 3.097924126261533502e+02 3.062619018974189657e+02 3.029104865101850805e+02 2.997346947798112069e+02 2.967312235263245839e+02 2.938969375324732596e+02 2.912288687717059474e+02 2.887242154539386547e+02 2.863803409318584272e+02 2.841947725057572711e+02 2.821652001606925637e+02 2.802894752659001938e+02 2.785656092629272393e+02 2.769917723658817863e+02 2.755662922943084823e+02 2.742876530567359055e+02 2.731544938005836798e+02 2.721656077420871611e+02 2.713199411880270873e+02 2.706165926592808546e+02 2.700548121246986852e+02 2.696340003523844757e+02 2.693537083840654986e+02 2.692136371370476695e+02 2.692136371370476695e+02
1.074173998087613199e+03 1.074173998087613199e+03 1.073009334027522527e+03 1.070687503871192348e+03 1.067223388880002631e+03 1.062639027431924433e+03 1.056963283497211478e+03 1.050231418703924192e+03 1.042484579321265073e+03 1.033769211425970752e+03 1.024136418933073855e+03 1.013641280030081589e+03 1.002342137846771379e+03 9.902998809414924608e+02 9.775772284359188689e+02 9.642380334506538020e+02 9.503466169665529151e+02 9.359671424534901689e+02 9.211630396649493377e+02 9.059964839857705101e+02 8.905279357274118865e+02 8.748157418640133756e+02 8.589158009531860216e+02 8.428812904332177141e+02 8.267624541620272112e+02 8.106064469782222659e+02 7.944572322229159909e+02 7.783555275539110880e+02 7.623387939946001097e+02 7.464412629655311093e+02 7.306939960201867734e+02 7.151249721204005709e+02 6.997591975119606786e+02 6.846188335706968928e+02 6.697233383589932600e+02 6.550896180395660622e+02 6.407321847194948532e+02 6.266633177264101278e+02 6.128932257385528146e+02 5.994302075914365560e+02 5.862808099587102788e+02 5.734499804498908588e+02 5.609412149790036892e+02 5.487566985359397904e+02 5.368974387356120133e+02 5.253633917307929551e+02 5.141535802537659947e+02 5.032662037026021835e+02 4.926987403120273257e+02 4.824480415493792407e+02 4.725104189557127938e+02 4.628817237132169566e+02 4.535574192654821104e+02 4.445326473488165675e+02 4.358022878132418896e+02 4.273610126226075181e+02 4.192033344263546155e+02 4.113236500923858330e+02 4.037162795822969770e+02 3.963755005384034007e+02 3.892955789372837785e+02 3.824707961476941591e+02 3.758954727127445494e+02 3.695639891571573799e+02 3.634708041013362845e+02 3.576104699446327118e+02 3.519776463613166584e+02 3.465671118343728949e+02 3.413737734344684895e+02 3.363926750345991650e+02 3.316190041348100976e+02 3.270480974563498648e+02 3.226754454503804368e+02 3.184966958532814374e+02 3.145076564081914512e+02 3.107042968612018967e+02 3.070827503301090360e+02 3.036393141340199691e+02 3.003704501633210384e+02 2.972727848614547952e+02 2.943431088825900588e+02 2.915783764826000493e+02 2.889757046947086110e+02 2.865323723355932657e+02 2.842458188828326797e+02 2.821136432599769250e+02 2.801336025615508447e+02 2.783036107465345594e+02 2.766217373256067162e+02 2.750862060644370217e+02 2.736953937226052744e+02 2.724478288453195773e+02 2.713421906229024785e+02 2.703773078310500182e+02 2.695521578630432487e+02 2.688658658634965377e+02 2.683177039717133994e+02 2.679070906813535089e+02 2.676335903218626981e+02 2.674969126658974119e+02 2.674969126658974119e+02
1.055016821749773271e+03 1.055016821749773271e+03 1.053867317942654836e+03 1.051575835613672098e+03 1.048157307619367202e+03 1.043633842278665270e+03 1.038034383364138876e+03 1.031394271587435014e+03 1.023754719475550814e+03 1.015162213545503960e+03 1.005667859135468120e+03 9.953266841031643253e+02 9.841969178520652122e+02 9.723392618174805193e+02 9.598161666912659484e+02 9.466911303606832462e+02 9.330280288760116036e+02 9.188904908437855283e+02 9.043413235722779291e+02 8.894419971727151051e+02 8.742521907344259944e+02 8.588294027223330431e+02 8.432286259517582039e+02 8.275020859232113253e+02 8.116990399755678709e+02 7.958656336518956778e+02 7.800448098662425309e+02 7.642762658989551028e+02 7.485964529118606379e+02 7.330386125356413913e+02 7.176328451108054196e+02 7.024062043292285580e+02 6.873828132955975434e+02 6.725839973787085455e+02 6.580284296260174415e+02 6.437322849488369911e+02 6.297093997317451795e+02 6.159714339626737001e+02 6.025280334081919591e+02 5.893869897630966079e+02 5.765543970780414611e+02 5.640348031104566644e+02 5.518313545496522465e+02 5.399459353375200408e+02 5.283792975409869541e+02 5.171311844342619679e+02 5.062004456191197050e+02 4.955851441531698356e+02 4.852826557717847891e+02 4.752897603818957464e+02 4.656027260781614245e+02 4.562173859866453540e+02 4.471292082806257895e+02 4.383333597398752204e+02 4.298247632407586707e+02 4.215981495716796985e+02 4.136481039684221059e+02 4.059691077583347578e+02 3.985555754921144853e+02 3.914018879285272305e+02 3.845024212214410682e+02 3.778515726408847399e+02 3.714437831411298703e+02 3.652735570695107867e+02 3.593354792901816950e+02 3.536242299778215852e+02 3.481345973173741868e+02 3.428614883276886189e+02 3.377999380094532853e+02 3.329451170011917043e+02 3.282923379113474880e+02 3.238370604798020054e+02 3.195748957082858510e+02 3.155016090863708769e+02 3.116131230278679141e+02 3.079055186213744264e+02 3.043750367887286075e+02 3.010180789357622189e+02 2.978312071713162936e+02 2.948111441626976443e+02 2.919547726886904684e+02 2.892591349448726987e+02 2.867214316500793529e+02 2.843390209976437291e+02 2.821094174902439704e+02 2.800302906928866378e+02 2.780994639346272947e+02 2.763149129861852771e+02 2.746747647373985615e+02 2.731772958956283333e+02 2.718209317236890001e+02 2.706042448335225004e+02 2.695259540498099682e+02 2.685849233557796083e+02 2.677801609318153737e+02 2.671108182958878956e+02 2.665761895534411110e+02 2.661757107630576797e+02 2.659089594230509874e+02 2.657756540829638539e+02 2.657756540829638539e+02
1.036680461663064307e+03 1.036680461663064307e+03 1.035543076995797264e+03 1.033275903368021318e+03 1.029894010230973436e+03 1.025419700393786115e+03 1.019882158132327277e+03 1.013316995791873637e+03 1.005765711528082647e+03 9.972750729401029730e+02 9.878964428487702207e+02 9.776850643225092199e+02 9.666993222506201846e+02 9.549999983381652555e+02 9.426495354105504703e+02 9.297113254545770360e+02 9.162490339901189600e+02 9.023259712755789224e+02 8.880045186158009756e+02 8.733456157726109268e+02 8.584083132726852909e+02 8.432493913474093006e+02 8.279230453868569839e+02 8.124806361894750353e+02 7.969705019641710351e+02 7.814378280007618969e+02 7.659245691604534159e+02 7.504694198330054178e+02 7.351078257339999027e+02 7.198720318440944084e+02 7.047911608873387195e+02 6.898913169741299498e+02 6.751957093635578531e+02 6.607247916998342134e+02 6.464964125220988080e+02 6.325259733136955447e+02 6.188265908279108771e+02 6.054092608873437484e+02 5.922830212928995479e+02 5.794551118880505101e+02 5.669311301992285053e+02 5.547151814115035222e+02 5.428100217386893291e+02 5.312171945094571583e+02 5.199371585170097205e+02 5.089694083718312640e+02 4.983125867574186714e+02 4.879645886207802619e+02 4.779226574357883237e+02 4.681834737613183961e+02 4.587432363802820987e+02 4.495977363530363391e+02 4.407424243517226046e+02 4.321724716630880039e+02 4.238828252586002918e+02 4.158682573335243546e+02 4.081234097134158674e+02 4.006428335177612894e+02 3.934210244582412770e+02 3.864524541336198240e+02 3.797315976660169099e+02 3.732529580045278976e+02 3.670110872026734796e+02 3.610006049563690453e+02 3.552162146693474938e+02 3.496527172935059866e+02 3.443050231728977337e+02 3.391681621018536248e+02 3.342372917905470331e+02 3.295077049148350170e+02 3.249748349119191744e+02 3.206342606688858154e+02 3.164817102377659239e+02 3.125130636983006411e+02 3.087243552780832943e+02 3.051117748291037515e+02 3.016716687500207854e+02 2.984005404344941326e+02 2.952950503178211648e+02 2.923520155866133905e+02 2.895684096095451991e+02 2.869413611410122940e+02 2.844681533440183898e+02 2.821462226735182526e+02 2.799731576569561184e+02 2.779466976045969204e+02 2.760647312785048371e+02 2.743252955458325459e+02 2.727265740388992867e+02 2.712668958419841942e+02 2.699447342222819088e+02 2.687587054202656986e+02 2.677075675127766203e+02 2.667902193603679848e+02 2.660056996488084451e+02 2.653531860332296901e+02 2.648319943920653827e+02 2.644415781966850432e+02 2.641815280015342751e+02 2.640515710585416400e+02 2.640515710585416400e+02
1.019125252261110290e+03 1.019125252261110290e+03 1.017996999648037217e+03 1.015748205260235636e+03 1.012394163246987887e+03 1.007957499829965400e+03 1.002467805813405448e+03 9.959611636105931893e+02 9.884795823836077489e+02 9.800703571292278866e+02 9.707853691063208998e+02 9.606803458474514628e+02 9.498140991288225905e+02 9.382477587253561069e+02 9.260440186238971592e+02 9.132664107062022367e+02 8.999786188639837974e+02 8.862438441983158555e+02 8.721242295146852257e+02 8.576803488736571808e+02 8.429707656016850024e+02 8.280516599938756599e+02 8.129765260154841826e+02 7.977959346734561450e+02 7.825573604047132221e+02 7.673050658159424984e+02 7.520800393973197515e+02 7.369199803949242096e+02 7.218593248307391832e+02 7.069293066681614164e+02 6.921580482958759148e+02 6.775706748063117857e+02 6.631894469412701483e+02 6.490339080355296346e+02 6.351210407820016144e+02 6.214654301471420013e+02 6.080794292648860164e+02 5.949733256176139093e+02 5.821555052639084806e+02 5.696326132884319122e+02 5.574097090251806321e+02 5.454904149402331086e+02 5.338770583535680316e+02 5.225708054332387746e+02 5.115717871111826867e+02 5.008792167510352442e+02 4.904914995477430466e+02 4.804063337597625605e+02 4.706208039706431236e+02 4.611314666508833398e+02 4.519344283463056513e+02 4.430254168585238403e+02 4.343998458090759982e+02 4.260528729936010564e+02 4.179794529382346013e+02 4.101743840689064768e+02 4.026323508969171598e+02 3.953479616125343341e+02 3.883157814633294720e+02 3.815303622766310241e+02 3.749862684664552717e+02 3.686780998454211158e+02 3.626005115416976423e+02 3.567482313007219545e+02 3.511160744311843018e+02 3.456989566352939960e+02 3.404919049443579979e+02 3.354900669627629100e+02 3.306887186062520527e+02 3.260832705043686701e+02 3.216692732217583170e+02 3.174424214390056704e+02 3.133985572205443191e+02 3.095336724851955523e+02 3.058439107835683899e+02 3.023255684765214824e+02 2.989750953993235498e+02 2.957890950876936245e+02 2.927643246340021506e+02 2.898976942348536454e+02 2.871862664847749897e+02 2.846272554648897426e+02 2.822180256701790313e+02 2.799560908140954325e+02 2.778391125450389154e+02 2.758648991052730253e+02 2.740314039593488360e+02 2.723367244160163523e+02 2.707791002646937955e+02 2.693569124450862091e+02 2.680686817662331691e+02 2.669130676892177121e+02 2.658888671859303372e+02 2.649950136846159126e+02 2.642305761114180882e+02 2.635947580358205187e+02 2.630868969265761166e+02 2.627064635236483241e+02 2.624530613306077385e+02 2.623264262309610331e+02 2.623264262309610331e+02
1.002316871809357622e+03 1.002316871809357622e+03 1.001194779221549425e+03 9.989584673306155764e+02 9.956235481363499957e+02 9.912131073788913227e+02 9.857573172938764401e+02 9.792929388273146287e+02 9.718627280990062900e+02 9.635147642977044598e+02 9.543017178331945161e+02 9.442800784143214514e+02 9.335093627705379049e+02 9.220513210332218250e+02 9.099691594276852129e+02 8.973267950144248744e+02 8.841881558965701515e+02 8.706165377275710853e+02 8.566740246559919569e+02 8.424209801677800442e+02 8.279156107481013578e+02 8.132136029771770609e+02 7.983678326642171896e+02 7.834281429503537311e+02 7.684411869911704116e+02 7.534503298569685512e+02 7.384956036425935508e+02 7.236137094250544806e+02 7.088380596058073024e+02 6.941988542810565832e+02 6.797231855534249689e+02 6.654351640901013525e+02 6.513560627074639342e+02 6.375044722877274808e+02 6.238964658809411503e+02 6.105457673942025849e+02 5.974639218013261370e+02 5.846604643085605630e+02 5.721430863763150683e+02 5.599177969183730283e+02 5.479890773760843103e+02 5.363600296953482029e+02 5.250325165199259345e+02 5.140072931581670446e+02 5.032841310848309604e+02 4.928619329084094147e+02 4.827388388715904171e+02 4.729123250613649247e+02 4.633792935898564451e+02 4.541361550703438752e+02 4.451789037586294171e+02 4.365031857604941479e+02 4.281043607241687141e+02 4.199775574449537316e+02 4.121177238090224932e+02 4.045196714970227276e+02 3.971781158567491161e+02 3.900877113390017712e+02 3.832430828730912822e+02 3.766388535387729917e+02 3.702696688707599719e+02 3.641302181107739102e+02 3.582152527006717264e+02 3.525196022892446308e+02 3.470381885046414254e+02 3.417660367246318742e+02 3.366982860579634007e+02 3.318301977321287382e+02 3.271571620659174187e+02 3.226747041892555217e+02 3.183784886580928628e+02 3.142643230983144349e+02 3.103281609999339139e+02 3.065661037712007442e+02 3.029744021514105157e+02 2.995494570713678968e+02 2.962878200414887147e+02 2.931861931392562042e+02 2.902414286603164442e+02 2.874505284906901466e+02 2.848106432514580320e+02 2.823190712616835185e+02 2.799732573603662900e+02 2.777707916236411734e+02 2.757094080093745561e+02 2.737869829576935672e+02 2.720015339725980539e+02 2.703512182069304117e+02 2.688343310702682061e+02 2.674493048769629695e+02 2.661947075493899320e+02 2.650692413895733921e+02 2.640717419306119496e+02 2.632011768778265264e+02 2.624566451481016429e+02 2.618373760146804443e+02 2.613427283635135154e+02 2.609721900661858740e+02 2.607253774735461889e+02 2.606020350331951931e+02 2.606020350331951931e+02
9.862264734880535570e+02 9.862264734880535570e+02 9.851075415917948703e+02 9.828777646123248815e+02 9.795531728723678953e+02 9.751574581932385399e+02 9.697215621480210075e+02 9.632831475013987301e+02 9.558859691019921456e+02 9.475791630836695276e+02 9.384164749711029572e+02 9.284554481221788365e+02 9.177565938816422886e+02 9.063825639237318228e+02 8.943973436291005328e+02 8.818654831132276968e+02 8.688513798620838315e+02 8.554186240090763249e+02 8.416294142748164404e+02 8.275440496411864615e+02 8.132204990740783614e+02 7.987140491436443881e+02 7.840770272853147844e+02 7.693585967347413543e+02 7.546046178639782056e+02 7.398575697291472579e+02 7.251565250799334308e+02 7.105371718337084985e+02 6.960318740317501351e+02 6.816697655194431036e+02 6.674768699754918089e+02 6.534762414101498962e+02 6.396881198182580874e+02 6.261300972747169453e+02 6.128172903695722198e+02 5.997625154758185317e+02 5.869764639087622982e+02 5.744678745609749058e+02 5.622437020741772358e+02 5.503092790357205786e+02 5.386684710619734915e+02 5.273238239547787316e+02 5.162767023931867243e+02 5.055274198541232522e+02 4.950753596467745297e+02 4.849190871003915504e+02 4.750564530683546423e+02 4.654846890069073311e+02 4.562004939587084209e+02 4.472001138232430435e+02 4.384794133309910649e+02 4.300339411595749084e+02 4.218589886398710291e+02 4.139496425010786993e+02 4.063008320974408889e+02 3.989073715477247219e+02 3.917639972027565136e+02 3.848654008377129685e+02 3.782062589451483063e+02 3.717812584829058551e+02 3.655851194085561247e+02 3.596126143095004295e+02 3.538585854154368349e+02 3.483179592583569502e+02 3.429857592240888948e+02 3.378571162195252668e+02 3.329272776606504181e+02 3.281916149686276754e+02 3.236456297444594270e+02 3.192849587771667075e+02 3.151053780259376254e+02 3.111028057033375376e+02 3.072733045743601679e+02 3.036130835747906076e+02 3.001184988419504975e+02 2.967860542415160126e+02 2.936124014654342318e+02 2.905943397681074885e+02 2.877288154009817163e+02 2.850129207991621456e+02 2.824438935679020233e+02 2.800191153115624729e+02 2.777361103428879119e+02 2.755925443061772171e+02 2.735862227441530763e+02 2.717150896348153992e+02 2.699772259215674808e+02 2.683708480570865049e+02 2.668943065789358116e+02 2.655460847327576630e+02 2.643247971568374624e+02 2.632291886401038141e+02 2.622581329640119634e+02 2.614106318373561066e+02 2.606858139317660061e+02 2.600829340244506511e+02 2.596013722537815624e+02 2.592406334922692395e+02 2.590003468406578122e+02 2.588802652460248055e+02 2.588802652460248055e+02
9.708309904524246576e+02 9.708309904524246576e+02 9.697121448033735760e+02 9.674828101031206415e+02 9.641595455343392587e+02 9.597668099665792170e+02 9.543365201783819884e+02 9.479074845943995342e+02 9.405247306265171119e+02 9.322387465399110624e+02 9.231046606203706233e+02 9.131813812434936608e+02 9.025307212495530393e+02 8.912165288809665071e+02 8.793038455682768699e+02 8.668581082243928222e+02 8.539444106203369529e+02 8.406268350741521544e+02 8.269678622857343271e+02 8.130278638706723768e+02 7.988646791303660848e+02 7.845332749502555316e+02 7.700854855107417052e+02 7.555698267556360861e+02 7.410313792885473276e+02 7.265117325306947578e+02 7.120489825273713222e+02 6.976777756775704802e+02 6.834293908193598099e+02 6.693318524703166759e+02 6.554100685393110552e+02 6.416859864411463832e+02 6.281787622147537604e+02 6.149049379329080693e+02 6.018786233685914340e+02 5.891116785294827878e+02 5.766138942734570492e+02 5.643931687653023346e+02 5.524556780236234772e+02 5.408060392358714807e+02 5.294474658898877806e+02 5.183819140851430802e+02 5.076102196503256891e+02 4.971322259107877812e+02 4.869469021246002285e+02 4.770524527449388188e+02 4.674464177738614126e+02 4.581257645529921660e+02 4.490869713945768353e+02 4.403261034952791420e+02 4.318388815986319855e+02 4.236207438831037280e+02 4.156669015537331120e+02 4.079723886085544677e+02 4.005321062383273443e+02 3.933408623009468670e+02 3.863934062916608241e+02 3.796844602078445519e+02 3.732087456834423165e+02 3.669610077440337363e+02 3.609360355090724397e+02 3.551286801441210059e+02 3.495338703424285995e+02 3.441466255930030229e+02 3.389620674708748993e+02 3.339754291651061067e+02 3.291820634411225797e+02 3.245774492161910985e+02 3.201571969103688389e+02 3.159170527199376011e+02 3.118529019462518477e+02 3.079607714999038990e+02 3.042368316882643171e+02 3.006773973834947355e+02 2.972789286582689101e+02 2.940380309673627721e+02 2.909514549450524328e+02 2.880160958808806413e+02 2.852289929295480420e+02 2.825873281046746115e+02 2.800884251006293084e+02 2.777297479817740395e+02 2.755088997739436536e+02 2.734236209890884766e+02 2.714717881103407535e+02 2.696514120616731134e+02 2.679606366833505149e+02 2.663977372319045571e+02 2.649611189210215230e+02 2.636493155176970618e+02 2.624609880062119487e+02 2.613949233308455291e+02 2.604500332267602971e+02 2.596253531472323743e+02 2.589200412942074081e+02 2.583333777581053141e+02 2.578647637718694341e+02 2.575137210833689778e+02 2.572798914494882183e+02 2.571630362544741502e+02 2.571630362544741502e+02
9.561136552438546232e+02 9.561136552438546232e+02 9.549916903563125743e+02 9.527564501512036941e+02 9.494251466948719553e+02 9.450231861879266262e+02 9.395836905952115785e+02 9.331468854806494164e+02 9.257593743867245166e+02 9.174733232261490912e+02 9.083455801481873095e+02 8.984367571424774042e+02 8.878102992636903537e+02 8.765315658908158412e+02 8.646669460311251214e+02 8.522830265482151617e+02 8.394458285733002185e+02 8.262201234962846002e+02 8.126688360616977889e+02 7.988525384194043681e+02 7.848290356625889217e+02 7.706530405400317250e+02 7.563759327203272278e+02 7.420455962324735992e+02 7.277063274922269329e+02 7.133988056011260142e+02 6.991601163103739509e+02 6.850238211006666234e+02 6.710200631642993585e+02 6.571757026143637859e+02 6.435144739202693245e+02 6.300571593226374034e+02 6.168217727661947265e+02 6.038237496705538661e+02 5.910761386079946078e+02 5.785897916560312524e+02 5.663735508286531513e+02 5.544344285577152505e+02 5.427777806928254449e+02 5.314074709159701797e+02 5.203260258296113534e+02 5.095347802788004401e+02 4.990340127151860656e+02 4.888230706097912730e+02 4.789004860780315767e+02 4.692640820008579681e+02 4.599110690153900691e+02 4.508381338122482020e+02 4.420415192191882738e+02 4.335170965758389343e+02 4.252604309154440898e+02 4.172668394698126235e+02 4.095314440052439977e+02 4.020492174825859024e+02 3.948150255150069370e+02 3.878236630744510762e+02 3.810698868727288868e+02 3.745484438172306341e+02 3.682540959145510442e+02 3.621816419688315136e+02 3.563259363955679078e+02 3.506819054464278338e+02 3.452445611164667412e+02 3.400090129821211917e+02 3.349704781967548115e+02 3.301242898502055709e+02 3.254659038798174038e+02 3.209909047029712497e+02 3.166950097247629401e+02 3.125740728596533131e+02 3.086240871921093571e+02 3.048411868887440619e+02 3.012216484629782371e+02 2.977618914828351535e+02 2.944584788029893048e+02 2.913081163935682412e+02 2.883076528304958970e+02 2.854540785050621139e+02 2.827445246041306746e+02 2.801762619066494722e+02 2.777466994370179236e+02 2.754533830112627015e+02 2.732939937078378421e+02 2.712663462911502279e+02 2.693683876126596033e+02 2.675981950113512653e+02 2.659539747328673229e+02 2.644340603841037591e+02 2.630369114380753217e+02 2.617611118019383980e+02 2.606053684594160700e+02 2.595685101973780888e+02 2.586494864250191767e+02 2.578473660928895583e+02 2.571613367179990632e+02 2.565907035202264979e+02 2.561348886744933679e+02 2.557934306822907331e+02 2.555659838655282385e+02 2.554523179849747407e+02 2.554523179849747407e+02
9.420647910177336826e+02 9.420647910177336826e+02 9.409363027103674995e+02 9.386884210094043510e+02 9.353391527602683482e+02 9.309150573743304449e+02 9.254507239394679345e+02 9.189881032712539763e+02 9.115757180318205428e+02 9.032677775354566165e+02 8.941232260211831999e+02 8.842047539316158691e+02 8.735778011145165465e+02 8.623095789730875822e+02 8.504681356291949896e+02 8.381214843886449444e+02 8.253368115033397316e+02 8.121797747132900440e+02 7.987138996020603372e+02 7.850000766517316606e+02 7.710961582191546313e+02 7.570566515938261318e+02 7.429325018960795433e+02 7.287709568369130011e+02 7.146155042472900050e+02 7.005058727255729991e+02 6.864780856588096185e+02 6.725645591512136434e+02 6.587942349473777313e+02 6.451927401822507591e+02 6.317825666487511853e+02 6.185832631854478905e+02 6.056116357016638858e+02 5.928819502395892869e+02 5.804061352971374390e+02 5.681939803855730133e+02 5.562533284640032889e+02 5.445902604761436123e+02 5.332092707147023702e+02 5.221134321602236241e+02 5.113045512902194218e+02 5.007833121384332458e+02 4.905494096108475333e+02 4.806016722420073961e+02 4.709381747101112978e+02 4.615563405281377527e+02 4.524530353978478274e+02 4.436246517586580467e+02 4.350671850890452106e+02 4.267763025283848037e+02 4.187474043850289149e+02 4.109756790854054884e+02 4.034561521007670990e+02 3.961837293652198468e+02 3.891532356724590613e+02 3.823594485100779821e+02 3.757971277609490244e+02 3.694610416713197765e+02 3.633459894558062047e+02 3.574468208806811731e+02 3.517584531391976839e+02 3.462758853062366597e+02 3.409942106346726405e+02 3.359086269322968406e+02 3.310144452363741721e+02 3.263070969824732401e+02 3.217821398454947825e+02 3.174352624134361918e+02 3.132622878385991498e+02 3.092591765963600778e+02 3.054220284683519822e+02 3.017470838548887855e+02 2.982307245103561968e+02 2.948694737854947334e+02 2.916599964514065846e+02 2.885990981719970137e+02 2.856837246843035132e+02 2.829109607395043895e+02 2.802780288514620679e+02 2.777822878944399463e+02 2.754212315867348480e+02 2.731924868927885086e+02 2.710938123724944262e+02 2.691230965030231914e+02 2.672783559954262387e+02 2.655577341256001773e+02 2.639594990967885906e+02 2.624820424486110824e+02 2.611238775257617704e+02 2.598836380178050831e+02 2.587600765799688816e+02 2.577520635435806753e+02 2.568585857234991749e+02 2.560787453289551650e+02 2.554117589831973305e+02 2.548569568565444854e+02 2.544137819166666930e+02 2.540817892992749023e+02 2.538606458017403895e+02 2.537501295016309939e+02 2.537501295016309939e+02
9.286829557171225815e+02 9.286829557171225815e+02 9.275442567954510196e+02 9.252764437273203839e+02 9.218984836612887648e+02 9.174383289263515735e+02 9.119323398740961011e+02 9.054245490245700694e+02 8.979657931155080632e+02 8.896127435969576709e+02 8.804268684734722683e+02 8.704733590863257859e+02 8.598200544770431861e+02 8.485363935275424865e+02 8.366924213821549756e+02 8.243578720504444846e+02 8.116013439374847849e+02 7.984895797232453560e+02 7.850868568556817308e+02 7.714544902135636448e+02 7.576504444379585266e+02 7.437290501472906499e+02 7.297408157827874220e+02 7.157323251582001831e+02 7.017462098383365401e+02 6.878211851430016850e+02 6.739921387478469796e+02 6.602902614100670462e+02 6.467432101703521994e+02 6.333752953731487878e+02 6.202076839195904085e+02 6.072586122567545317e+02 5.945436036622919573e+02 5.820756853717133481e+02 5.698656019943441606e+02 5.579220224623371678e+02 5.462517384512150329e+02 5.348598528023060226e+02 5.237499569731056681e+02 5.129242969490364885e+02 5.023839273787823458e+02 4.921288539553613077e+02 4.821581642657101270e+02 4.724701474821535498e+02 4.630624033781297726e+02 4.539319412249699894e+02 4.450752691735830808e+02 4.364884747495974580e+02 4.281672970979624893e+02 4.201071916072868930e+02 4.123033875283048815e+02 4.047509391778820600e+02 3.974447712919326250e+02 3.903797190592052857e+02 3.835505633347575554e+02 3.769520614978724211e+02 3.705789743851964317e+02 3.644260896965861889e+02 3.584882422388201917e+02 3.527603313416298647e+02 3.472373357512769303e+02 3.419143262794192992e+02 3.367864764595216229e+02 3.318490714391444385e+02 3.270975153145286072e+02 3.225273370936930633e+02 3.181341954555813913e+02 3.139138824559544219e+02 3.098623263151752099e+02 3.059755934089687912e+02 3.022498895705141422e+02 2.986815608006465936e+02 2.952670934724876020e+02 2.920031141074192078e+02 2.888863887908643164e+02 2.859138222886405174e+02 2.830824569178720367e+02 2.803894712202546202e+02 2.778321784799988450e+02 2.754080251238631831e+02 2.731145890362545856e+02 2.709495778185241761e+02 2.689108270180095133e+02 2.669962983493667252e+02 2.652040779278697755e+02 2.635323745319819295e+02 2.619795179102982843e+02 2.605439571460132697e+02 2.592242590903819064e+02 2.580191068751429952e+02 2.569272985124833895e+02 2.559477455900237146e+02 2.550794720671658524e+02 2.543216131783050002e+02 2.536734144475361461e+02 2.531342308187564925e+02 2.527035259044553754e+02 2.523808713558511556e+02 2.521659463565329133e+02 2.520585372412789980e+02 2.520585372412789980e+02
9.159765535603568196e+02 9.159765535603568196e+02 9.148235659312695134e+02 9.125277659511467618e+02 9.091092779481199386e+02 9.045977317243284688e+02 8.990316189247743068e+02 8.924574741409276157e+02 8.849289117109603922e+02 8.765055536840832247e+02 8.672518870148481938e+02 8.572360886330471885e+02 8.465288556340212835e+02 8.352022746442262360e+02 8.233287597639389332e+02 8.109800827978344842e+02 7.982265132289387566e+02 7.851360790426101630e+02 7.717739534818703078e+02 7.582019674451390756e+02 7.444782427460544341e+02 7.306569379587921276e+02 7.167880960887108586e+02 7.029175817769610148e+02 6.890870950534681469e+02 6.753342486491153522e+02 6.616926964074527859e+02 6.481923012463252007e+02 6.348593322732295974e+02 6.217166819396151141e+02 6.087840954367366066e+02 5.960784058204698113e+02 5.836137695575064299e+02 5.714018982801027278e+02 5.594522835056193344e+02 5.477724119156561073e+02 5.363679694997712204e+02 5.252430334589920449e+02 5.144002512450695122e+02 5.038410064952378775e+02 4.935655719220317792e+02 4.835732494458559358e+02 4.738624980263098792e+02 4.644310497670474547e+02 4.552760149480210998e+02 4.463939766856383358e+02 4.377810759433258454e+02 4.294330876174776108e+02 4.213454884116638368e+02 4.135135171893583106e+02 4.059322284652488406e+02 3.985965396600041686e+02 3.915012727052184118e+02 3.846411905455960323e+02 3.780110290454283017e+02 3.716055247670249742e+02 3.654194390504268881e+02 3.594475787872449359e+02 3.536848142465665887e+02 3.481260942783777068e+02 3.427664591895212993e+02 3.376010515588549197e+02 3.326251252323568792e+02 3.278340527148856154e+02 3.232233311534423592e+02 3.187885870867169160e+02 3.145255801175704846e+02 3.104302056485731214e+02 3.064984968057003698e+02 3.027266256618979696e+02 2.991109038599408905e+02 2.956477827230913817e+02 2.923338529322034560e+02 2.891658438390452375e+02 2.861406224777094280e+02 2.832551923288640410e+02 2.805066918852591584e+02 2.778923930612396589e+02 2.754096994839293870e+02 2.730561446993157801e+02 2.708293903223858479e+02 2.687272241569457947e+02 2.667475583075963641e+02 2.648884273034923353e+02 2.631479862511166630e+02 2.615245090309772991e+02 2.600163865513260362e+02 2.586221250702013208e+02 2.573403445955995039e+02 2.561697773722713123e+02 2.551092664624578674e+02 2.541577644268314486e+02 2.533143321110264026e+02 2.525781375423295856e+02 2.519484549404028257e+02 2.514246638452852096e+02 2.510062483653736365e+02 2.506927965475833844e+02 2.504839998714774083e+02 2.503796528686943077e+02 2.503796528686943077e+02
9.039660754947259420e+02 9.039660754947259420e+02 9.027941889121059376e+02 9.004613037418791919e+02 8.969889402894782506e+02 8.924087502875407836e+02 8.867617912322255052e+02 8.800976051957896971e+02 8.724731386157429824e+02 8.639515447802874633e+02 8.546009136152406427e+02 8.444929737818662261e+02 8.337018100691261679e+02 8.223026348604651048e+02 8.103706465095586964e+02 7.979800003329527271e+02 7.852029102400605325e+02 7.721088913732827450e+02 7.587641470409528210e+02 7.452310970832280645e+02 7.315680398572952754e+02 7.178289363605616700e+02 7.040633026015855194e+02 6.903161950588201989e+02 6.766282737586273015e+02 6.630359279511546902e+02 6.495714503592988649e+02 6.362632473319656583e+02 6.231360737866768886e+02 6.102112834482232984e+02 5.975070864825223680e+02 5.850388081207705682e+02 5.728191432264266041e+02 5.608584029539376843e+02 5.491647506770528935e+02 5.377444252295047136e+02 5.266019502127369378e+02 5.157403286989468825e+02 5.051612231099082351e+02 4.948651203999573909e+02 4.848514829316359283e+02 4.751188856199767656e+02 4.656651400499887927e+02 4.564874063532111563e+02 4.475822936736664133e+02 4.389459500691837093e+02 4.305741426885198848e+02 4.224623290430885731e+02 4.146057201594749699e+02 4.069993363586916644e+02 3.996380563631946643e+02 3.925166603853721199e+02 3.856298678029169764e+02 3.789723699788685849e+02 3.725388587375235829e+02 3.663240509630465453e+02 3.603227097453216174e+02 3.545296624581056335e+02 3.489398161176907820e+02 3.435481703361137420e+02 3.383498281516701240e+02 3.333400049906423988e+02 3.285140359879480911e+02 3.238673818705138387e+02 3.193956335855413045e+02 3.150945158362356437e+02 3.109598896698668682e+02 3.069877542471216429e+02 3.031742479073874392e+02 2.995156486317373492e+02 2.960083739938727945e+02 2.926489806789611521e+02 2.894341636411022023e+02 2.863607549619001134e+02 2.834257224653122762e+02 2.806261681373636065e+02 2.779593263935493042e+02 2.754225622315181568e+02 2.730133693021093677e+02 2.707293679276506282e+02 2.685683030929102983e+02 2.665280424308413671e+02 2.646065742224308792e+02 2.628020054275294228e+02 2.611125597612584102e+02 2.595365758287193785e+02 2.580725053290031497e+02 2.567189113379764649e+02 2.554744666780581781e+02 2.543379523819798465e+02 2.533082562566021068e+02 2.523843715518918884e+02 2.515653957394525548e+02 2.508505294042965659e+02 2.502390752529767894e+02 2.497304372406722734e+02 2.493241198193688319e+02 2.490197273088632244e+02 2.488169633920154240e+02 2.487156307352733506e+02 2.487156307352733506e+02
8.926871983241042017e+02 8.926871983241042017e+02 8.914910816629508190e+02 8.891106004408354693e+02 8.855689663876197528e+02 8.809002784630906717e+02 8.751486949516504410e+02 8.683673850445409244e+02 8.606173035336481689e+02 8.519658383794763949e+02 8.424853841502144860e+02 8.322518944570696249e+02 8.213434635983852559e+02 8.098389820164984485e+02 7.978169024588919456e+02 7.853541446816773259e+02 7.725251569631172970e+02 7.594011433900398060e+02 7.460494574858666965e+02 7.325331557217332374e+02 7.189106990387330143e+02 7.052357867624832579e+02 6.915573051093124377e+02 6.779193716567455112e+02 6.643614574129246648e+02 6.509185691879489468e+02 6.376214765769407222e+02 6.244969697787113319e+02 6.115681365073639881e+02 5.988546482669020179e+02 5.863730481529581766e+02 5.741370340608034439e+02 5.621577326830176844e+02 5.504439609644231268e+02 5.390024727514569349e+02 5.278381892437382703e+02 5.169544125479328613e+02 5.063530221715140556e+02 4.960346547000518171e+02 4.859988671985066162e+02 4.762442850848062790e+02 4.667687353606498277e+02 4.575693661651804405e+02 4.486427536547955128e+02 4.399849972176303936e+02 4.315918040125574748e+02 4.234585637871088011e+02 4.155804148816848738e+02 4.079523022733154676e+02 4.005690284540987705e+02 3.934252978797421179e+02 3.865157556642878944e+02 3.798350211392490223e+02 3.733777168399855668e+02 3.671384934296941651e+02 3.611120510223873907e+02 3.552931573206523694e+02 3.496766629419337278e+02 3.442575142686411596e+02 3.390307641221628501e+02 3.339915805289279547e+02 3.291352538177236511e+02 3.244572022613250510e+02 3.199529764519458581e+02 3.156182625788555924e+02 3.114488847575184991e+02 3.074408065426140411e+02 3.035901317421020167e+02 2.998931046359186325e+02 2.963461096907992101e+02 2.929456708519529116e+02 2.896884504826847433e+02 2.865712480146321468e+02 2.835909983636174729e+02 2.807447701594689988e+02 2.780297638322191460e+02 2.754433095917868854e+02 2.729828653336337538e+02 2.706460144987473200e+02 2.684304639126751795e+02 2.663340416251556348e+02 2.643546947690213642e+02 2.624904874546213591e+02 2.607395987137822431e+02 2.591003205054613545e+02 2.575710557935209977e+02 2.561503167056144434e+02 2.548367227808876407e+02 2.536289993130700395e+02 2.525259757945839567e+02 2.515265844664044721e+02 2.506298589777421455e+02 2.498349331589024303e+02 2.491410399101917221e+02 2.485475102092386805e+02 2.480537722386638677e+02 2.476593506357406511e+02 2.473638658652870959e+02 2.471670337168584979e+02 2.470686649269728434e+02 2.470686649269728434e+02
8.821950712820918170e+02 8.821950712820918170e+02 8.809684157918336496e+02 8.785279123654858040e+02 8.748988371309295644e+02 8.701182720336682905e+02 8.642341479313423633e+02 8.573040360044401496e+02 8.493937404093022678e+02 8.405757524462684387e+02 8.309276301793205448e+02 8.205303671361364195e+02 8.094668095222921238e+02 7.978201737838212466e+02 7.856727061801645959e+02 7.731045143440752554e+02 7.601925887311520000e+02 7.470100204291145474e+02 7.336254118156830373e+02 7.201024685464645927e+02 7.064997555444457475e+02 6.928705960177262568e+02 6.792630908249385584e+02 6.657202353958725780e+02 6.522801125078249243e+02 6.389761411332868875e+02 6.258373639718157619e+02 6.128887588816120342e+02 6.001515620251527707e+02 5.876435929935393006e+02 5.753795743870051638e+02 5.633714402579453235e+02 5.516286294553542575e+02 5.401583612543136041e+02 5.289658917341894266e+02 5.180547502147873047e+02 5.074269557039824576e+02 4.970832137861916067e+02 4.870230947191199107e+02 4.772451937338760217e+02 4.677472746745837071e+02 4.585263981879544417e+02 4.495790356975683153e+02 4.409011703852126516e+02 4.324883863631332588e+02 4.243359471650426826e+02 4.164388646165699583e+02 4.087919590722671614e+02 4.013899119303832776e+02 3.942273112605635674e+02 3.872986913055686955e+02 3.805985665473340873e+02 3.741214609607794728e+02 3.678619330165365682e+02 3.618145969360214167e+02 3.559741406494879357e+02 3.503353408593130212e+02 3.448930755670158419e+02 3.396423343828594739e+02 3.345782269011614289e+02 3.296959893924201310e+02 3.249909900345617757e+02 3.204587328799840975e+02 3.160948607321348618e+02 3.118951570849452537e+02 3.078555472602715213e+02 3.039720988624005713e+02 3.002410216543186721e+02 2.966586669478010663e+02 2.932215265881338837e+02 2.899262316043199803e+02 2.867695505868595092e+02 2.837483878474647554e+02 2.808597814081431920e+02 2.781009008611391096e+02 2.754690451358318342e+02 2.729616402040375647e+02 2.705762367510400850e+02 2.683105078360435414e+02 2.661622465625914060e+02 2.641293637766353299e+02 2.622098858076105330e+02 2.604019522656205936e+02 2.587038139060414892e+02 2.571138305712139527e+02 2.556304692174475690e+02 2.542523020343739404e+02 2.529780046625673435e+02 2.518063545144819102e+02 2.507362292029076798e+02 2.497666050804938607e+02 2.488965558932877400e+02 2.481252515507383691e+02 2.474519570141771680e+02 2.468760313054218045e+02 2.463969266368632987e+02 2.460141876640904002e+02 2.457274508619186122e+02 2.455364440244890716e+02 2.454409858899276173e+02 2.454409858899276173e+02
8.725702646477350299e+02 8.725702646477350299e+02 8.713054288811794095e+02 8.687898672201415593e+02 8.650514007645978154e+02 8.601307832580747572e+02 8.540805790459426134e+02 8.469637499318058644e+02 8.388520162153322417e+02 8.298240661680930543e+02 8.199636924056886755e+02 8.093579326140314834e+02 7.980952859947423121e+02 7.862640663096093476e+02 7.739509387330374466e+02 7.612396723790900523e+02 7.482101249239879053e+02 7.349374615720411157e+02 7.214915987261053942e+02 7.079368536945487449e+02 6.943317757421320948e+02 6.807291305751709842e+02 6.671760095153680368e+02 6.537140356207899003e+02 6.403796412975922294e+02 6.272043950029741382e+02 6.142153580467024767e+02 6.014354559362985810e+02 5.888838519583503057e+02 5.765763136105289277e+02 5.645255650277847508e+02 5.527416206637484493e+02 5.412320972098041238e+02 5.300025020949258305e+02 5.190564979541102275e+02 5.083961432316839364e+02 4.980221096440793076e+02 4.879338776089398948e+02 4.781299109911160485e+02 4.686078126537911999e+02 4.593644623608547590e+02 4.503961385766660896e+02 4.416986256683958345e+02 4.332673079474654969e+02 4.250972519005708818e+02 4.171832778648029034e+02 4.095200223013707159e+02 4.021019917220135653e+02 3.949236092245407690e+02 3.879792545007476292e+02 3.812632980923004880e+02 3.747701305889369223e+02 3.684941873885454129e+02 3.624299695704520445e+02 3.565720613713466491e+02 3.509151446975500335e+02 3.454540110570961815e+02 3.401835712502644355e+02 3.350988631171586576e+02 3.301950576052735755e+02 3.254674633883425940e+02 3.209115302396836000e+02 3.165228513384316784e+02 3.122971646651104152e+02 3.082303536235912702e+02 3.043184470094000744e+02 3.005576184293150277e+02 2.969441852638743171e+02 2.934746072528293439e+02 2.901454847732701410e+02 2.869535568711788187e+02 2.838956990992587066e+02 2.809689212069283144e+02 2.781703647223357052e+02 2.754973004608680185e+02 2.729471259900207656e+02 2.705173630763594588e+02 2.682056551367775796e+02 2.660097647131289591e+02 2.639275709866002444e+02 2.619570673457975545e+02 2.600963590205112155e+02 2.583436607912767045e+02 2.566972947833581316e+02 2.551556883523822989e+02 2.537173720677294853e+02 2.523809777987809468e+02 2.511452369082718690e+02 2.500089785562319946e+02 2.489711281174314195e+02 2.480307057146658849e+02 2.471868248697956290e+02 2.464386912740804689e+02 2.457856016790066178e+02 2.452269429086015009e+02 2.447621909939558122e+02 2.443909104305587334e+02 2.441127535588377384e+02 2.439274600682925893e+02 2.438348566253802403e+02 2.438348566253802403e+02
8.639270721141026570e+02 8.639270721141026570e+02 8.626145833198818309e+02 8.600053430746759204e+02 8.561303496152902426e+02 8.510349325370691531e+02 8.447774158312757891e+02 8.374274391653209477e+02 8.290640194183467884e+02 8.197734457146732439e+02 8.096471060910768074e+02 7.987793418203566489e+02 7.872654164431173740e+02 7.751996717873238367e+02 7.626739244933031614e+02 7.497761360439628788e+02 7.365893692596564506e+02 7.231910265154130002e+02 7.096523508249773613e+02 6.960381609779018390e+02 6.824067860712692664e+02 6.688101625567202291e+02 6.552940575809902839e+02 6.418983851043462892e+02 6.286575852518125203e+02 6.156010419263735685e+02 6.027535183861094765e+02 5.901355949107892229e+02 5.777640966461018479e+02 5.656525031128199998e+02 5.538113336782539591e+02 5.422485055354394490e+02 5.309696624778015348e+02 5.199784740640408245e+02 5.092769057134941022e+02 4.988654609258930464e+02 4.887433972443134849e+02 4.789089178295545253e+02 4.693593406329814002e+02 4.600912471789658298e+02 4.511006129257186785e+02 4.423829210865874302e+02 4.339332616793536204e+02 4.257464174408634676e+02 4.178169381075741740e+02 4.101392044253753397e+02 4.027074831187846939e+02 3.955159739229696925e+02 3.885588496636843274e+02 3.818302902611615650e+02 3.753245114343033038e+02 3.690357887911987973e+02 3.629584779109101191e+02 3.570870309485684970e+02 3.514160102311291212e+02 3.459400992535666433e+02 3.406541114342691685e+02 3.355529969434581403e+02 3.306318478787702588e+02 3.258859020272645921e+02 3.213105454224776736e+02 3.169013138782482883e+02 3.126538936575424259e+02 3.085641214138187252e+02 3.046279835245214258e+02 3.008416149204390990e+02 2.972012975009657225e+02 2.937034582132724267e+02 2.903446668628504881e+02 2.871216337138369568e+02 2.840312069294443518e+02 2.810703698959966346e+02 2.782362384678843341e+02 2.755260581656259546e+02 2.729372013545314530e+02 2.704671644275641142e+02 2.681135650124832637e+02 2.658741392204009344e+02 2.637467389502663764e+02 2.617293292615406699e+02 2.598199858254025685e+02 2.580168924631337859e+02 2.563183387788981236e+02 2.547227178929096283e+02 2.532285242798833735e+02 2.518343517168178494e+02 2.505388913433212963e+02 2.493409298371435341e+02 2.482393477068787888e+02 2.472331177035359815e+02 2.463213033521322473e+02 2.455030576042484256e+02 2.447776216122124708e+02 2.441443236253563498e+02 2.436025780086661996e+02 2.431518843840136981e+02 2.427918268940607049e+02 2.425220735888838135e+02 2.423423759353070466e+02 2.422525684489557136e+02 2.422525684489557136e+02
8.564251856610458162e+02 8.564251856610458162e+02 8.550530294038560442e+02 8.523265189733305078e+02 8.482806787830464827e+02 8.429666257167286858e+02 8.364499472793345376e+02 8.288086716717543823e+02 8.201309349137242179e+02 8.105124646144892040e+02 8.000540058110997279e+02 7.888588103706028960e+02 7.770302980021479016e+02 7.646699756099175147e+02 7.518756753690370260e+02 7.387401439213975891e+02 7.253499887234020207e+02 7.117849653630523790e+02 6.981175730897372205e+02 6.844129152906341460e+02 6.707287767621289731e+02 6.571158693618187954e+02 6.436182007414053032e+02 6.302735261115094545e+02 6.171138493046786380e+02 6.041659459542836430e+02 5.914518878245658016e+02 5.789895528677451466e+02 5.667931102855719701e+02 5.548734737007049489e+02 5.432387185462099524e+02 5.318944620536700540e+02 5.208442058750628121e+02 5.100896425262885714e+02 4.996309275978026108e+02 4.894669201336109268e+02 4.795953938118054225e+02 4.700132216308491593e+02 4.607165367651462589e+02 4.517008721391678705e+02 4.429612811093619484e+02 4.344924414582149552e+02 4.262887447095528159e+02 4.183443725786921732e+02 4.106533621819834252e+02 4.032096614519834361e+02 3.960071760389932365e+02 3.890398088286457892e+02 3.823014930681620740e+02 3.757862199712513416e+02 3.694880615620372737e+02 3.634011894212966922e+02 3.575198899125703633e+02 3.518385763903315819e+02 3.463517988261850746e+02 3.410542512312676422e+02 3.359407772024285919e+02 3.310063738757789906e+02 3.262461945328126944e+02 3.216555500710254591e+02 3.172299095219375431e+02 3.129648997743723271e+02 3.088563046390166278e+02 3.049000633714163655e+02 3.010922687542030189e+02 2.974291648251795550e+02 2.939071443256436851e+02 2.905227459327264796e+02 2.872726513303271076e+02 2.841536821653561447e+02 2.811627969290429974e+02 2.782970877972905441e+02 2.755537774588453317e+02 2.729302159556630727e+02 2.704238775561383932e+02 2.680323576784668944e+02 2.657533698787195249e+02 2.635847429157253146e+02 2.615244179028105123e+02 2.595704455546739950e+02 2.577209835361551313e+02 2.559742939183665840e+02 2.543287407465809906e+02 2.527827877233216043e+02 2.513349960093179334e+02 2.499840221443723181e+02 2.487286160895991145e+02 2.475676193920909327e+02 2.464999634726542297e+02 2.455246680370127592e+02 2.446408396106392615e+02 2.438476701971293892e+02 2.431444360600440291e+02 2.425304966278613961e+02 2.420052935218224661e+02 2.415683497062651384e+02 2.412192687611334634e+02 2.409577342763008119e+02 2.407835093674372899e+02 2.406964363131394009e+02 2.406964363131394009e+02
8.502862602704700521e+02 8.502862602704700521e+02 8.488388541173417252e+02 8.459645089397071160e+02 8.417034394571927578e+02 8.361142071027688871e+02 8.292717130458256634e+02 8.212646944447054693e+02 8.121928616590023466e+02 8.021638335019209762e+02 7.912900347572480086e+02 7.796857132791255935e+02 7.674642133724727273e+02 7.547356105647074855e+02 7.416047749313053146e+02 7.281698911708001560e+02 7.145214284868853838e+02 7.007415254591580833e+02 6.869037361074026649e+02 6.730730732485055796e+02 6.593062827761800690e+02 6.456522857864864591e+02 6.321527325128007533e+02 6.188426210166578585e+02 6.057509430903431848e+02 5.929013288851946299e+02 5.803126698044401337e+02 5.679997059230073546e+02 5.559735695724084508e+02 5.442422808470521431e+02 5.328111938128514566e+02 5.216833943198455472e+02 5.108600517250910116e+02 5.003407276897929705e+02 4.901236456683352003e+02 4.802059248728792795e+02 4.705837824663770448e+02 4.612527075776955030e+02 4.522076104960905809e+02 4.434429501247003031e+02 4.349528424791608359e+02 4.267311527251318353e+02 4.187715729679658807e+02 4.110676877455990734e+02 4.036130289352848308e+02 3.964011215674299251e+02 3.894255218451987730e+02 3.826798484961652775e+02 3.761578084301371518e+02 3.698532175442044831e+02 3.637600173996531225e+02 3.578722883943975148e+02 3.521842599668216849e+02 3.466903182910994019e+02 3.413850118585219207e+02 3.362630552829107273e+02 3.313193316195066132e+02 3.265488934449132330e+02 3.219469629096641370e+02 3.175089309441660816e+02 3.132303557721353968e+02 3.091069608630092489e+02 3.051346324352283546e+02 3.013094166055763026e+02 2.976275162654214910e+02 2.940852877524729365e+02 2.906792373760204100e+02 2.874060178448163470e+02 2.842624246388451184e+02 2.812453923598201868e+02 2.783519910894679583e+02 2.755794227799603391e+02 2.729250176966924641e+02 2.703862309301210303e+02 2.679606389903833588e+02 2.656459364959145546e+02 2.634399329651071753e+02 2.613405497182422437e+02 2.593458168953723657e+02 2.574538705945762445e+02 2.556629501338813952e+02 2.539713954392593394e+02 2.523776445603554635e+02 2.508802313150073644e+02 2.494777830630224287e+02 2.481690186094133992e+02 2.469527462368407384e+02 2.458278618668287834e+02 2.447933473491281688e+02 2.438482688784174002e+02 2.429917755375124386e+02 2.422230979661614469e+02 2.415415471544687307e+02 2.409465133600507158e+02 2.404374651480144678e+02 2.400139485529383592e+02 2.396755863620857099e+02 2.394220775191568862e+02 2.392531966480206052e+02 2.391687936959455101e+02 2.391687936959455101e+02
8.458176554643501959e+02 8.458176554643501959e+02 8.442743459400203392e+02 8.412116999831221165e+02 8.366767514559694519e+02 8.307378201874053048e+02 8.234819736282814802e+02 8.150118702102257657e+02 8.054421691034295918e+02 7.948957181339326326e+02 7.834997408449154364e+02 7.713822317969730875e+02 7.586687367644237838e+02 7.454796462737593856e+02 7.319280747660993711e+02 7.181183422386324082e+02 7.041450278805793914e+02 6.900925305401545984e+02 6.760350502836224678e+02 6.620368976880972696e+02 6.481530400967048990e+02 6.344298035189302709e+02 6.209056620224828293e+02 6.076120607982743422e+02 5.945742328212120356e+02 5.818119811326024546e+02 5.693404087674680341e+02 5.571705861743166679e+02 5.453101518010632844e+02 5.337638456443040695e+02 5.225339783115618957e+02 5.116208398452352526e+02 5.010230534798629947e+02 4.907378798784470746e+02 4.807614773971163800e+02 4.710891236941378111e+02 4.617154036266140338e+02 4.526343679346704789e+02 4.438396667446955348e+02 4.353246614603909848e+02 4.270825181713804568e+02 4.191062853041620428e+02 4.113889578738641717e+02 4.039235303689395096e+02 3.967030400131631040e+02 3.897206018979159126e+02 3.829694372594429979e+02 3.764428959872503810e+02 3.701344742876002556e+02 3.640378282870785824e+02 3.581467842422517265e+02 3.524553459199815961e+02 3.469576996264489139e+02 3.416482172894505993e+02 3.365214579358488436e+02 3.315721678530992449e+02 3.267952796785509690e+02 3.221859106220243802e+02 3.177393599947751568e+02 3.134511061903974678e+02 3.093168032399658500e+02 3.053322770440132103e+02 3.014935213672027885e+02 2.977966936674213798e+02 2.942381108191110002e+02 2.908142447804697213e+02 2.875217182456725595e+02 2.843573003160029202e+02 2.813179022177080242e+02 2.784005730892724841e+02 2.756024958564277654e+02 2.729209832096587434e+02 2.703534736958138751e+02 2.678975279329626460e+02 2.655508249554620193e+02 2.633111586943751945e+02 2.611764345970003660e+02 2.591446663879607399e+02 2.572139729733353875e+02 2.553825754885153287e+02 2.536487944897608031e+02 2.520110472889520850e+02 2.504678454305737318e+02 2.490177923096954942e+02 2.476595809294186097e+02 2.463919917961472663e+02 2.452138909508852294e+02 2.441242281347216476e+02 2.431220350866423132e+02 2.422064239718220620e+02 2.413765859385551948e+02 2.406317898021482051e+02 2.399713808540658135e+02 2.393947797948123934e+02 2.389014817891218172e+02 2.384910556421764340e+02 2.381631430956773841e+02 2.379174582427907580e+02 2.377537870611411677e+02 2.376719870631338551e+02 2.376719870631338551e+02
8.434468441169024118e+02 8.434468441169024118e+02 8.417796759760954046e+02 8.384740197239817689e+02 8.335860523919494653e+02 8.271971474232551600e+02 8.194105881547743593e+02 8.103474918225759893e+02 8.001421977721554413e+02 7.889374135876647642e+02 7.768794257583599574e+02 7.641136611742971354e+02 7.507808332078135436e+02 7.370138301318124832e+02 7.229354180340324092e+02 7.086567498387510113e+02 6.942766078402080439e+02 6.798812650694898139e+02 6.655448311558918704e+02 6.513299474514420808e+02 6.372887084976155165e+02 6.234637066997509010e+02 6.098891195555186187e+02 5.965917805791123101e+02 5.835921941759989977e+02 5.709054702743709413e+02 5.585421664006095170e+02 5.465090334411261210e+02 5.348096671180707062e+02 5.234450708255943709e+02 5.124141374875479187e+02 5.017140589800713997e+02 4.913406717880679366e+02 4.812887472145206971e+02 4.715522338388888102e+02 4.621244591645439641e+02 4.529982965983182339e+02 4.441663031247052231e+02 4.356208323070259212e+02 4.273541265849150932e+02 4.193583922480778483e+02 4.116258599505067082e+02 4.041488331830616971e+02 3.969197267393699349e+02 3.899310968837696691e+02 3.831756646533712001e+02 3.766463334924497417e+02 3.703362022207078894e+02 3.642385741713794118e+02 3.583469631964577502e+02 3.526550971200367144e+02 3.471569191234017921e+02 3.418465874641420328e+02 3.367184738635324948e+02 3.317671608395285716e+02 3.269874382152852377e+02 3.223742989934445404e+02 3.179229347533344594e+02 3.136287307006487026e+02 3.094872604760908530e+02 3.054942808103280640e+02 3.016457260965188993e+02 2.979377029384463071e+02 2.943664847211257438e+02 2.909285062415621610e+02 2.876203584296907820e+02 2.844387831831677431e+02 2.813806683344432713e+02 2.784430427641704568e+02 2.756230716714972573e+02 2.729180520087501236e+02 2.703254080857400368e+02 2.678426873468317240e+02 2.654675563224323014e+02 2.631977967552303994e+02 2.610313019005308206e+02 2.589660729991690573e+02 2.570002159209633987e+02 2.551319379761182518e+02 2.533595448916607893e+02 2.516814379497881760e+02 2.500961112847828929e+02 2.486021493351286438e+02 2.471982244473936419e+02 2.458830946284557513e+02 2.446556014427699495e+02 2.435146680513652484e+02 2.424592973894880856e+02 2.414885704798447819e+02 2.406016448786361650e+02 2.397977532516743793e+02 2.390762020781195929e+02 2.384363704795077297e+02 2.378777091719531995e+02 2.373997395396338277e+02 2.370020528278543566e+02 2.366843094541641506e+02 2.364462384362657588e+02 2.362876369356384032e+02 2.362083699160051538e+02 2.362083699160051538e+02
8.437718861131578478e+02 8.437718861131578478e+02 8.419422481811952821e+02 8.383181057107859715e+02 8.329681564671897149e+02 8.259916100561289340e+02 8.175138275682057838e+02 8.076809228266997707e+02 7.966536819843047397e+02 7.846012215465905228e+02 7.716948251659357538e+02 7.581023647527811136e+02 7.439836235477678201e+02 7.294867146447611503e+02 7.147456538840154963e+02 6.998790265273343039e+02 6.849896001234244522e+02 6.701646878371959701e+02 6.554770540072676113e+02 6.409861678329982624e+02 6.267396412108827235e+02 6.127747233690869280e+02 5.991197611997934018e+02 5.857955659539554745e+02 5.728166524365792611e+02 5.601923358020968635e+02 5.479276841904656976e+02 5.360243338515728055e+02 5.244811782311898014e+02 5.132949447713945119e+02 5.024606737565369485e+02 4.919721130542701530e+02 4.818220415207611609e+02 4.720025324736429297e+02 4.625051671888828650e+02 4.533212069707414571e+02 4.444417310454686003e+02 4.358577463707247261e+02 4.275602744429468203e+02 4.195404193194507911e+02 4.117894203395574664e+02 4.042986924146035221e+02 3.970598562448648181e+02 3.900647603971925150e+02 3.833054968268315292e+02 3.767744111384447478e+02 3.704641086442301798e+02 3.643674570825513683e+02 3.584775867008573869e+02 3.527878882760654733e+02 3.472920095384705519e+02 3.419838503776551306e+02 3.368575571370725470e+02 3.319075162453792700e+02 3.271283473844611649e+02 3.225148963548989514e+02 3.180622277674530096e+02 3.137656176629909055e+02 3.096205461417741844e+02 3.056226900656512271e+02 3.017679158824384444e+02 2.980522726102090587e+02 2.944719850098640563e+02 2.910234469667591952e+02 2.877032150960111494e+02 2.845080025812672488e+02 2.814346732527055792e+02 2.784802359070224611e+02 2.756418388695511226e+02 2.729167647969380255e+02 2.703024257171200588e+02 2.677963583024044851e+02 2.653962193705020240e+02 2.630997816078475466e+02 2.609049295091061822e+02 2.588096555265723850e+02 2.568120564229471370e+02 2.549103298210992818e+02 2.531027709443412732e+02 2.513877695409637738e+02 2.497638069868790183e+02 2.482294535604497128e+02 2.467833658838520989e+02 2.454242845254555050e+02 2.441510317581243612e+02 2.429625094684813860e+02 2.418576972125685245e+02 2.408356504135253999e+02 2.398954986973002974e+02 2.390364443625782656e+02 2.382577609815291737e+02 2.375587921281198760e+02 2.369389502311697697e+02 2.363977155494295346e+02 2.359346352664398410e+02 2.355493227030061121e+02 2.352414566455257443e+02 2.350107807885959232e+02 2.348571032906608878e+02 2.347802964416073905e+02 2.347802964416073905e+02
8.476364286059643973e+02 8.476364286059643973e+02 8.455899461396813876e+02 8.415411489785483354e+02 8.355762475100801794e+02 8.278193527075908378e+02 8.184265484922952965e+02 8.075785500687909462e+02 7.954724609091518914e+02 7.823132492164771747e+02 7.683056012974629994e+02 7.536467493391395465e+02 7.385207185122493456e+02 7.230942274559832867e+02 7.075142574994011966e+02 6.919071253173221976e+02 6.763787776620765726e+02 6.610159794210883319e+02 6.458880750090544325e+02 6.310490480896585268e+02 6.165396662306777671e+02 6.023895603639174396e+02 5.886191447074962753e+02 5.752413270221392168e+02 5.622629911345629807e+02 5.496862549690166588e+02 5.375095200991722777e+02 5.257283353676081106e+02 5.143360994274877385e+02 5.033246267183391183e+02 4.926845995438285399e+02 4.824059263555264465e+02 4.724780235632016456e+02 4.628900354845393963e+02 4.536310045732715821e+02 4.446900018929250109e+02 4.360562259482421155e+02 4.277190764324498105e+02 4.196682081651129579e+02 4.118935694464663584e+02 4.043854282034874927e+02 3.971343886171097779e+02 3.901314003692407937e+02 3.833677622072988811e+02 3.768351211718288027e+02 3.705254685518357292e+02 3.644311334084679856e+02 3.585447743295936789e+02 3.528593699358017943e+02 3.473682085454692015e+02 3.420648773167993681e+02 3.369432511133447861e+02 3.319974812827746291e+02 3.272219844937433209e+02 3.226114317399654396e+02 3.181607375924397729e+02 3.138650497584588379e+02 3.097197389885306507e+02 3.057203893585965488e+02 3.018627889441911520e+02 2.981429208949352301e+02 2.945569549113326389e+02 2.911012391209990255e+02 2.877722923478719963e+02 2.845667967652099719e+02 2.814815909213598388e+02 2.785136631259363753e+02 2.756601451832616476e+02 2.729183064594142252e+02 2.702855482691112456e+02 2.677593985686825135e+02 2.653375069415958478e+02 2.630176398633178110e+02 2.607976762327747906e+02 2.586756031580914055e+02 2.566495119849107027e+02 2.547175945560347259e+02 2.528781396918234350e+02 2.511295298812732426e+02 2.494702381743246917e+02 2.478988252664676679e+02 2.464139367673074901e+02 2.450143006452636882e+02 2.436987248411042799e+02 2.424660950434949314e+02 2.413153726202743030e+02 2.402455926995894515e+02 2.392558623954639643e+02 2.383453591728498679e+02 2.375133293475627454e+02 2.367590867169468538e+02 2.360820113174529808e+02 2.354815483057162169e+02 2.349572069600402244e+02 2.345085597995581566e+02 2.341352418186670832e+02 2.338369498346309570e+02 2.336134419466035013e+02 2.334645371045882882e+02 2.333901147871748378e+02 2.333901147871748378e+02
8.562426887126437123e+02 8.562426887126437123e+02 8.539013510960801341e+02 8.492757443679605558e+02 8.424770774431901827e+02 8.336649686967551816e+02 8.230392018691607063e+02 8.108294760199356688e+02 7.972838993522126430e+02 7.826571769678791952e+02 7.671995182742504085e+02 7.511471856215296157e+02 7.347153296613523707e+02 7.180933829803570916e+02 7.014429155381874352e+02 6.848975784439026029e+02 6.685646149367232738e+02 6.525273914062868243e+02 6.368484617804911068e+02 6.215727838843650943e+02 6.067308219095945105e+02 5.923413729091240612e+02 5.784140369970374422e+02 5.649513088240498746e+02 5.519503047509426779e+02 5.394041606644128706e+02 5.273031444028123360e+02 5.156355283837312982e+02 5.043882653542514163e+02 4.935475053704273591e+02 4.830989865368119922e+02 4.730283265144722691e+02 4.633212367666100135e+02 4.539636771375988360e+02 4.449419646926999690e+02 4.362428477404356499e+02 4.278535535405285941e+02 4.197618162780610191e+02 4.119558903717865519e+02 4.044245530031043359e+02 3.971570988343992212e+02 3.901433291757669508e+02 3.833735373120421741e+02 3.768384912814989320e+02 3.705294150749188589e+02 3.644379689766699357e+02 3.585562295806675479e+02 3.528766698699837434e+02 3.473921396392530596e+02 3.420958464558672176e+02 3.369813372927949331e+02 3.320424809186987432e+02 3.272734510953145559e+02 3.226687106057994470e+02 3.182229961183482487e+02 3.139313038753124374e+02 3.097888761881506525e+02 3.057911887115865284e+02 3.019339384659077155e+02 2.982130325735234351e+02 2.946245776744927412e+02 2.911648699852887603e+02 2.878303859652746723e+02 2.846177735562234261e+02 2.815238439612676871e+02 2.785455639310988545e+02 2.756800485267347085e+02 2.729245543298192729e+02 2.702764730730363567e+02 2.677333256648907422e+02 2.652927565847452911e+02 2.629525286255556580e+02 2.607105179632586101e+02 2.585647095332639651e+02 2.565131926958050030e+02 2.545541571732829027e+02 2.526858892439183251e+02 2.509067681771594209e+02 2.492152628974473600e+02 2.476099288638842211e+02 2.460894051543331216e+02 2.446524117433458798e+02 2.432977469641425046e+02 2.420242851456687561e+02 2.408309744164170354e+02 2.397168346674528436e+02 2.386809556676369368e+02 2.377224953246957568e+02 2.368406780863089693e+02 2.360347934759155635e+02 2.353041947584349032e+02 2.346482977315789924e+02 2.340665796388325646e+02 2.335585782006547504e+02 2.331238907608035333e+02 2.327621735451066343e+02 2.324731410303428447e+02 2.322565654212699542e+02 2.321122762341736347e+02 2.320401599856478470e+02 2.320401599856478470e+02
8.713241359252624534e+02 8.713241359252624534e+02 8.685740273111408669e+02 8.631496277786227438e+02 8.551984991948602328e+02 8.449319092668613393e+02 8.326131433540947455e+02 8.185428297215646580e+02 8.030423858979131637e+02 7.864370946411427212e+02 7.690404921693229880e+02 7.511415686438220973e+02 7.329957567135284080e+02 7.148199882412654915e+02 6.967914572958069357e+02 6.790493008085005613e+02 6.616982433399768979e+02 6.448133019076190067e+02 6.284448228272123060e+02 6.126233413858045651e+02 5.973639596305037003e+02 5.826700993341585217e+02 5.685365996315798611e+02 5.549521975252363291e+02 5.419014648651577772e+02 5.293662882150640598e+02 5.173269770835594272e+02 5.057630777730554428e+02 4.946539588287072888e+02 4.839792223000009130e+02 4.737189841212815509e+02 4.638540574754036925e+02 4.543660651839301181e+02 4.452375008848322295e+02 4.364517538238181373e+02 4.279931082739112185e+02 4.198467256924737967e+02 4.119986155330601036e+02 4.044355989898651274e+02 3.971452687350683846e+02 3.901159468109286195e+02 3.833366421795702195e+02 3.767970089529044913e+02 3.704873059770598616e+02 3.643983581953696671e+02 3.585215200353656542e+02 3.528486409394480461e+02 3.473720330713430826e+02 3.420844411708827124e+02 3.369790144902065663e+02 3.320492807195471983e+02 3.272891217960715835e+02 3.226927514820247893e+02 3.182546945960124276e+02 3.139697677826023892e+02 3.098330617088128065e+02 3.058399245811239098e+02 3.019859468823921134e+02 2.982669472344139194e+02 2.946789592983090529e+02 2.912182196312237465e+02 2.878811564241595420e+02 2.846643790515537944e+02 2.815646683689553242e+02 2.785789677002795770e+02 2.757043744611329430e+02 2.729381323691382022e+02 2.702776241964485280e+02 2.677203650234295651e+02 2.652639959560638658e+02 2.629062782728747152e+02 2.606450879700588530e+02 2.584784106763427758e+02 2.564043369114451139e+02 2.544210576643372690e+02 2.525268602695661002e+02 2.507201245617414713e+02 2.489993192900446388e+02 2.473629987761815698e+02 2.458097998006195155e+02 2.443384387032824350e+02 2.429477086860612758e+02 2.416364773055984756e+02 2.404036841458389517e+02 2.392483386607396199e+02 2.381695181783848341e+02 2.371663660585795981e+02 2.362380899966589709e+02 2.353839604669834671e+02 2.346033093001826160e+02 2.338955283887915186e+02 2.332600685164988477e+02 2.326964383066790276e+02 2.322042032864176520e+02 2.317829850626698089e+02 2.314324606075903148e+02 2.311523616505333791e+02 2.309424741745883694e+02 2.308026380158774771e+02 2.307327465642337927e+02 2.307327465642337927e+02
8.954134733285762877e+02 8.954134733285762877e+02 8.920854645581513296e+02 8.855328978347766906e+02 8.759570278588257679e+02 8.636456005583746673e+02 8.489560694609656366e+02 8.322941080060354579e+02 8.140890470421509235e+02 7.947687269187532593e+02 7.747366865084807159e+02 7.543542892077200577e+02 7.339293335709401163e+02 7.137113310340096177e+02 6.938924722081495702e+02 6.746126564613184655e+02 6.559668478275762027e+02 6.380132788965325972e+02 6.207814458410970246e+02 6.042792628769124121e+02 5.884990877500824809e+02 5.734225661850394999e+02 5.590243826957389501e+02 5.452750718576693316e+02 5.321430631760307506e+02 5.195961244262094851e+02 5.076023470243311522e+02 4.961307914781633599e+02 4.851518861832044536e+02 4.746376510773046675e+02 4.645617997139773365e+02 4.548997590935405242e+02 4.456286356551486278e+02 4.367271476095406797e+02 4.281755377178265007e+02 4.199554762005521980e+02 4.120499602849278062e+02 4.044432146438051632e+02 3.971205953988985584e+02 3.900684992668234941e+02 3.832742786803458444e+02 3.767261632182710400e+02 3.704131873515243001e+02 3.643251243079020583e+02 3.584524257357684291e+02 3.527861667810404356e+02 3.473179961635424888e+02 3.420400908349776614e+02 3.369451148123366124e+02 3.320261818014432720e+02 3.272768212511888919e+02 3.226909475071449833e+02 3.182628317618107303e+02 3.139870765264873853e+02 3.098585923762722700e+02 3.058725767442403480e+02 3.020244945635453746e+02 2.983100605768439664e+02 2.947252231511689615e+02 2.912661494532681559e+02 2.879292118555579236e+02 2.847109754564526156e+02 2.816081866109200291e+02 2.786177623780349677e+02 2.757367808018786377e+02 2.729624719508412909e+02 2.702922096480156142e+02 2.677235038322901346e+02 2.652539934958168715e+02 2.628814401490142814e+02 2.606037217691636556e+02 2.584188271929734810e+02 2.563248509174247260e+02 2.543199882766728877e+02 2.524025309659457719e+02 2.505708628861302998e+02 2.488234562852977660e+02 2.471588681756785491e+02 2.455757370066196188e+02 2.440727795759047751e+02 2.426487881634785708e+02 2.413026278730849299e+02 2.400332341687677342e+02 2.388396105942804297e+02 2.377208266647034236e+02 2.366760159205004186e+02 2.357043741352113102e+02 2.348051576687915372e+02 2.339776819594550261e+02 2.332213201475121878e+02 2.325355018254157073e+02 2.319197119088214549e+02 2.313734896240098067e+02 2.308964276075900841e+02 2.304881711149085390e+02 2.301484173339656536e+02 2.298769148022080628e+02 2.296734629239202263e+02 2.295379115863062793e+02 2.294701608728599638e+02 2.294701608728599638e+02
9.322652359527007775e+02 9.322652359527007775e+02 9.281043745609221105e+02 9.199271734434682912e+02 9.080150601643443906e+02 8.927706797035208410e+02 8.746937514062874470e+02 8.543490346814122631e+02 8.323287187079322393e+02 8.092135066995554098e+02 7.855378049173896216e+02 7.617638637195083220e+02 7.382674623709127673e+02 7.153348876517470671e+02 6.931687873415791046e+02 6.718995628776560807e+02 6.515991465064903423e+02 6.322947933137673999e+02 6.139814418679967503e+02 5.966319789240793625e+02 5.802052840115941308e+02 5.646522407459111719e+02 5.499200411736753722e+02 5.359551402734866770e+02 5.227051900131652928e+02 5.101202297698628740e+02 4.981533521584603932e+02 4.867610103352926103e+02 4.759030885909818949e+02 4.655428231733476423e+02 4.556466338852047215e+02 4.461839076124181815e+02 4.371267610309009228e+02 4.284497999683985654e+02 4.201298861564173421e+02 4.121459175455666468e+02 4.044786253332151205e+02 3.971103888967705302e+02 3.900250686025277105e+02 3.832078557309421853e+02 3.766451383578145737e+02 3.703243818430394185e+02 3.642340225255400696e+02 3.583633732524682500e+02 3.527025394475666076e+02 3.472423445248299458e+02 3.419742635647906468e+02 3.368903642827311273e+02 3.319832544255278890e+02 3.272460348339142229e+02 3.226722574979277169e+02 3.182558880153567316e+02 3.139912719357159290e+02 3.098731045366935746e+02 3.058964036364829440e+02 3.020564850948771323e+02 2.983489406992065938e+02 2.947696181688313004e+02 2.913146030446984582e+02 2.879802022589850026e+02 2.847629292047260492e+02 2.816594901469483148e+02 2.786667718356661680e+02 2.757818301975731856e+02 2.730018799976121500e+02 2.703242853741097633e+02 2.677465511622228291e+02 2.652663149300040573e+02 2.628813396598376926e+02 2.605895070154651307e+02 2.583888111412989588e+02 2.562773529465225693e+02 2.542533348314820216e+02 2.523150558184611327e+02 2.504609070528403265e+02 2.486893676441701473e+02 2.469990008198616920e+02 2.453884503669380024e+02 2.438564373397868792e+02 2.424017570141004398e+02 2.410232760691131944e+02 2.397199299820711644e+02 2.384907206204554768e+02 2.373347140188629965e+02 2.362510383288318394e+02 2.352388819309591383e+02 2.342974916998138610e+02 2.334261714130178120e+02 2.326242802968161527e+02 2.318912317011920550e+02 2.312264918983638324e+02 2.306295789991235381e+02 2.301000619821299154e+02 2.296375598318400080e+02 2.292417407812699253e+02 2.289123216563075118e+02 2.286490673187622349e+02 2.284517902057669119e+02 2.283203499635870060e+02 2.282546531743232947e+02 2.282546531743232947e+02
9.875335950190612948e+02 9.875335950190612948e+02 9.821503888203045562e+02 9.715895325441969135e+02 9.562526268641184970e+02 9.367166077270285314e+02 9.136996224214921085e+02 8.880127724081032738e+02 8.605006582267291151e+02 8.319783098880585612e+02 8.031752389686533888e+02 7.746964302701181850e+02 7.470048704753316997e+02 7.204239044087130424e+02 6.951535641180615812e+02 6.712939902235880254e+02 6.488702612752144887e+02 6.278549888093742766e+02 6.081869400783277797e+02 5.897852999352338657e+02 5.725599510190382944e+02 5.564184797756549870e+02 5.412706739063702344e+02 5.270311980514255765e+02 5.136210047985323399e+02 5.009679044251209348e+02 4.890066003627605369e+02 4.776784047382024028e+02 4.669307787604531086e+02 4.567167925464013933e+02 4.469945639259103132e+02 4.377267119335697885e+02 4.288798448939368200e+02 4.204240928078414754e+02 4.123326873672467627e+02 4.045815890981189114e+02 3.971491589742230417e+02 3.900158707585042634e+02 3.831640599093253172e+02 3.765777048696206748e+02 3.702422367648655950e+02 3.641443738602411599e+02 3.582719774998856792e+02 3.526139266305655724e+02 3.471600083750444696e+02 3.419008224544252812e+02 3.368276975589549807e+02 3.319326180317376043e+02 3.272081594611559581e+02 3.226474319780472797e+02 3.182440302259145710e+02 3.139919891201289488e+02 3.098857446381892373e+02 3.059200989907315602e+02 3.020901896146967829e+02 2.983914615081556576e+02 2.948196424929130899e+02 2.913707210477242029e+02 2.880409264034321950e+02 2.848267106326775320e+02 2.817247325022845530e+02 2.787318428866818181e+02 2.758450715668276985e+02 2.730616152614162502e+02 2.703788267564592616e+02 2.677942050159246037e+02 2.653053861705108147e+02 2.629101352940711536e+02 2.606063388879935019e+02 2.583919980032418948e+02 2.562652219379414191e+02 2.542242224554986763e+02 2.522673084745487699e+02 2.503928811874006897e+02 2.485994295685438260e+02 2.468855262389083691e+02 2.452498236553594779e+02 2.436910505981365702e+02 2.422080089318799878e+02 2.407995706184459834e+02 2.394646749619680861e+02 2.382023260687318214e+02 2.370115905061136061e+02 2.358915951465739056e+02 2.348415251840725659e+02 2.338606223115892817e+02 2.329481830495961958e+02 2.321035572163804375e+02 2.313261465321165815e+02 2.306154033493524480e+02 2.299708295034602656e+02 2.293919752772841036e+02 2.288784384748544483e+02 2.284298635996875646e+02 2.280459411337443214e+02 2.277264069136253681e+02 2.274710416011016321e+02 2.272796702455186164e+02 2.271521619360896409e+02 2.270884295424696404e+02 2.270884295424696404e+02
1.069879187423592384e+03 1.069879187423592384e+03 1.062672193411435956e+03 1.048553216241005430e+03 1.028102681657996300e+03 1.002162465142130372e+03 9.717903051647271013e+02 9.381873350255588093e+02 9.026010626360618971e+02 8.662175264608350744e+02 8.300655229888784561e+02 7.949547412024901405e+02 7.614563991301065471e+02 7.299199979685664630e+02 7.005119048954799155e+02 6.732614847469513961e+02 6.481047723766271247e+02 6.249205875977627329e+02 6.035576866784444974e+02 5.838536566596809507e+02 5.656471383122656107e+02 5.487851010882710625e+02 5.331266778735781600e+02 5.185447382317421443e+02 5.049260573770096698e+02 4.921706721309171257e+02 4.801908140417213531e+02 4.689096664856506322e+02 4.582600946413779752e+02 4.481834326422267623e+02 4.386283709759006229e+02 4.295499617738786355e+02 4.209087446082697852e+02 4.126699870650669482e+02 4.048030301856163646e+02 3.972807272183992495e+02 3.900789639431778255e+02 3.831762494517946038e+02 3.765533672839894734e+02 3.701930779764837780e+02 3.640798652488016387e+02 3.581997191440510733e+02 3.525399504316808361e+02 3.470890314494531594e+02 3.418364593151450777e+02 3.367726380822879833e+02 3.318887769602224580e+02 3.271768021790455805e+02 3.226292804663809193e+02 3.182393524265024212e+02 3.140006743829579818e+02 3.099073674718917459e+02 3.059539729621612310e+02 3.021354129362144363e+02 2.984469555978371886e+02 2.948841845833721322e+02 2.914429717459788662e+02 2.881194529602827856e+02 2.849100065605105101e+02 2.818112340804595419e+02 2.788199430104419321e+02 2.759331313259422132e+02 2.731479735763045937e+02 2.704618083503911521e+02 2.678721269604930058e+02 2.653765632066142643e+02 2.629728841010506812e+02 2.606589814485266174e+02 2.584328641902959021e+02 2.562926514319706826e+02 2.542365660846170954e+02 2.522629290572303944e+02 2.503701539459550816e+02 2.485567421719263734e+02 2.468212785251515982e+02 2.451624270767063649e+02 2.435789274258374348e+02 2.420695912522771494e+02 2.406332991473639993e+02 2.392689977004804405e+02 2.379756968198448135e+02 2.367524672690016132e+02 2.355984384023001894e+02 2.345127960844768893e+02 2.334947807810505367e+02 2.325436858075738087e+02 2.316588557271741706e+02 2.308396848868383699e+02 2.300856160839980191e+02 2.293961393558448947e+02 2.287707908846731470e+02 2.282091520132969436e+02 2.277108483652893085e+02 2.272755490653975130e+02 2.269029660561369894e+02 2.265928535070763417e+02 2.263450073137991865e+02 2.261592646840870486e+02 2.260355038092722282e+02 2.259736436191261362e+02 2.259736436191261362e+02
1.192811365357879595e+03 1.192811365357879595e+03 1.182845476081551851e+03 1.163334949825525428e+03 1.135119424317664425e+03 1.099439378961519878e+03 1.057884087882516496e+03 1.012286124451159139e+03 9.645583447572722662e+02 9.164976156149107283e+02 8.696076212996860022e+02 8.249947793171498915e+02 7.833537701767645558e+02 7.450211164149185379e+02 7.100611998146669066e+02 6.783551497874053666e+02 6.496760011882446406e+02 6.237445900823983038e+02 6.002671862249856076e+02 5.789585618773066926e+02 5.595546189505869279e+02 5.418180982495915714e+02 5.255400162802884552e+02 5.105386596845213489e+02 4.966573285680265712e+02 4.837615639025119663e+02 4.717362878229579337e+02 4.604830891637864738e+02 4.499177656084446539e+02 4.399681624544464285e+02 4.305723080745288485e+02 4.216768255589905721e+02 4.132355909196498942e+02 4.052086056938965157e+02 3.975610527823274083e+02 3.902625070764210591e+02 3.832862758340424421e+02 3.766088472585242926e+02 3.702094290295275414e+02 3.640695614839099790e+02 3.581727927086886893e+02 3.525044049920293787e+02 3.470511839136027561e+02 3.418012228836420263e+02 3.367437572043942851e+02 3.318690227690537426e+02 3.271681353688296667e+02 3.226329872808360051e+02 3.182561583847301563e+02 3.140308395277550062e+02 3.099507662448223755e+02 3.060101612579631478e+02 3.022036844407739409e+02 2.985263891486909529e+02 2.949736839935682724e+02 2.915412992878494833e+02 2.882252575053697115e+02 2.850218472070199027e+02 2.819275999635709127e+02 2.789392698783977949e+02 2.760538153715708631e+02 2.732683829362119923e+02 2.705802926194788256e+02 2.679870250156109250e+02 2.654862095880223478e+02 2.630756141625948885e+02 2.607531354555768530e+02 2.585167905177221996e+02 2.563647089918078450e+02 2.542951260939372844e+02 2.523063762404454451e+02 2.503968872521018909e+02 2.485651750756247225e+02 2.468098389699728443e+02 2.451295571111484151e+02 2.435230825747384813e+02 2.419892396602526787e+02 2.405269205254223550e+02 2.391350821023582967e+02 2.378127432705919091e+02 2.365589822648456959e+02 2.353729342978918453e+02 2.342537893809613081e+02 2.332007903261527133e+02 2.322132309169936946e+02 2.312904542347438337e+02 2.304318511294996483e+02 2.296368588262685648e+02 2.289049596573235306e+02 2.282356799130554350e+02 2.276285888044951378e+02 2.270832975314067994e+02 2.265994584506050273e+02 2.261767643398042082e+02 2.258149477528989451e+02 2.255137804631726226e+02 2.252730729913899381e+02 2.250926742162791356e+02 2.249724710653440809e+02 2.249123882843575473e+02 2.249123882843575473e+02
1.377816616750847516e+03 1.377816616750847516e+03 1.363636754702959252e+03 1.335861577389960075e+03 1.295683383465478073e+03 1.244922699596759230e+03 1.185997662798843294e+03 1.121785505190324329e+03 1.055343340958290355e+03 9.895247345953576996e+02 9.266187856251248149e+02 8.681632333934654753e+02 8.149612816827706183e+02 7.672292638200702868e+02 7.247844866723439736e+02 6.872136805312412662e+02 6.539985657809412487e+02 6.245979452290873724e+02 5.984953268806406186e+02 5.752227080554234817e+02 5.543694111600105998e+02 5.355823421991381110e+02 5.185618258777933534e+02 5.030555393478864517e+02 4.888519771006192514e+02 4.757741978235551983e+02 4.636741991790851785e+02 4.524280379754075057e+02 4.419316920966695648e+02 4.320976023452596451e+02 4.228518095256488891e+02 4.141315982119504611e+02 4.058835641317410818e+02 3.980620315896623538e+02 3.906277579430055198e+02 3.835468723571312353e+02 3.767900052470866399e+02 3.703315727278411487e+02 3.641491870511679281e+02 3.582231695105263043e+02 3.525361467958201160e+02 3.470727154330434132e+02 3.418191618951570945e+02 3.367632283474765131e+02 3.318939159023806837e+02 3.272013187942255286e+02 3.226764841201594436e+02 3.183112927858590524e+02 3.140983580952126317e+02 3.100309390685827111e+02 3.061028660959992749e+02 3.023084769544373103e+02 2.986425615615401625e+02 2.951003141176726672e+02 2.916772915162204072e+02 2.883693770887959431e+02 2.851727489051579596e+02 2.820838519738115338e+02 2.790993737932512317e+02 2.762162227900485050e+02 2.734315092513752461e+02 2.707425284192379422e+02 2.681467454632219756e+02 2.656417820903113807e+02 2.632254045851940418e+02 2.608955131038952118e+02 2.586501320684402572e+02 2.564874015312406073e+02 2.544055693957393203e+02 2.524029843950704901e+02 2.504780897433995506e+02 2.486294173857266969e+02 2.468555827814106465e+02 2.451552801648898310e+02 2.435272782340455819e+02 2.419704162227999689e+02 2.404836003197745811e+02 2.390658003994127228e+02 2.377160470359339399e+02 2.364334287739782496e+02 2.352170896328051981e+02 2.340662268235793704e+02 2.329800886615779234e+02 2.319579726572764571e+02 2.309992237719623063e+02 2.301032328252562991e+02 2.292694350432239219e+02 2.284973087371219265e+02 2.277863741038799219e+02 2.271361921404474060e+02 2.265463636650736134e+02 2.260165284393579839e+02 2.255463643856759290e+02 2.251355868952535104e+02 2.247839482227808503e+02 2.244912369640328507e+02 2.242572776134661012e+02 2.240819301992816293e+02 2.239650899938786779e+02 2.239066872981167364e+02 2.239066872981167364e+02
1.659779831601186288e+03 1.659779831601186288e+03 1.639142428341378263e+03 1.598620893703797719e+03 1.539817928196379398e+03 1.465329799854142038e+03 1.378834224303129758e+03 1.284968513322035960e+03 1.188857538474209605e+03 1.095306198701593075e+03 1.007971068431137269e+03 9.290044176771963294e+02 8.591998265440523710e+02 7.983845376990720979e+02 7.458261972767604675e+02 7.005444710389220973e+02 6.615100907409447473e+02 6.277539429871744687e+02 5.984163411585734593e+02 5.727611547039507514e+02 5.501715091685645120e+02 5.301371845146986743e+02 5.122393459104009708e+02 4.961354778583665279e+02 4.815458100834467245e+02 4.682416720306084699e+02 4.560357862765815753e+02 4.447743200026428099e+02 4.343304467501504860e+02 4.245991653994825015e+02 4.154931456792182871e+02 4.069394017770546839e+02 3.988766290192115775e+02 3.912530691695397422e+02 3.840247962375324278e+02 3.771543365758158188e+02 3.706095548505552415e+02 3.643627517460648733e+02 3.583899306141951797e+02 3.526701992501328959e+02 3.471852800441768636e+02 3.419191073182079208e+02 3.368574950262902803e+02 3.319878614363394718e+02 3.272990001166580782e+02 3.227808886859541531e+02 3.184245284725359397e+02 3.142218095648313465e+02 3.101653967966574896e+02 3.062486330559547127e+02 3.024654569806077120e+02 2.988103326458344213e+02 2.952781892820531766e+02 2.918643694123398973e+02 2.885645840819249770e+02 2.853748740817338785e+02 2.822915762550856016e+02 2.793112941291924471e+02 2.764308722381938423e+02 2.736473736071287135e+02 2.709580599509093304e+02 2.683603742124167297e+02 2.658519251217881560e+02 2.634304735073857273e+02 2.610939201291145082e+02 2.588402948385905233e+02 2.566677468988678470e+02 2.545745363203341185e+02 2.525590260894770438e+02 2.506196751842095694e+02 2.487550322839518628e+02 2.469637300949257224e+02 2.452444802216224105e+02 2.435960685243863679e+02 2.420173509107440566e+02 2.405072495147381346e+02 2.390647492242383407e+02 2.376888945211066186e+02 2.363787866033855209e+02 2.351335807623908352e+02 2.339524839907733167e+02 2.328347528005081415e+02 2.317796912321217064e+02 2.307866490387501415e+02 2.298550200303958491e+02 2.289842405655246296e+02 2.281737881785398088e+02 2.274231803330404489e+02 2.267319732918947466e+02 2.260997610962050999e+02 2.255261746461857513e+02 2.250108808777963816e+02 2.245535820297130840e+02 2.241540149959367909e+02 2.238119507599264182e+02 2.235271939067438609e+02 2.232995822102008390e+02 2.231289862925231375e+02 2.230153093544572869e+02 2.229584869742411968e+02 2.229584869742411968e+02
2.096559861311850455e+03 2.096559861311850455e+03 2.066097668740864719e+03 2.005976768450477948e+03 1.918069566907955959e+03 1.805786660669672983e+03 1.674569353798949351e+03 1.532036181921464276e+03 1.387277217502526355e+03 1.249035897363738059e+03 1.123501807433742670e+03 1.013623030984758429e+03 9.197461372925381511e+02 8.406576183175818642e+02 7.744523131315223736e+02 7.190817151207799043e+02 6.726369554945387108e+02 6.334629577188194389e+02 6.001811207017988181e+02 5.716692747729561006e+02 5.470257708970776775e+02 5.255310126944897320e+02 5.066122449203235760e+02 4.898135905878623930e+02 4.747715355551354719e+02 4.611953152152882467e+02 4.488514253435276373e+02 4.375514779454051677e+02 4.271427133813766659e+02 4.175005958485625115e+02 4.085230313785687031e+02 4.001258448904322336e+02 3.922392329804251858e+02 3.848049730974080376e+02 3.777742198865848309e+02 3.711057583469357724e+02 3.647646133777195132e+02 3.587209382591751137e+02 3.529491222142062838e+02 3.474270706848540158e+02 3.421356223012716669e+02 3.370580744676790346e+02 3.321797956083968302e+02 3.274879068405538192e+02 3.229710194974340425e+02 3.186190177669055288e+02 3.144228779232211082e+02 3.103745173615087083e+02 3.064666680027865482e+02 3.026927697072547403e+02 2.990468801793700209e+02 2.955235985190649899e+02 2.921180001077727297e+02 2.888255809446974922e+02 2.856422098912772753e+02 2.825640875572399295e+02 2.795877107844054876e+02 2.767098418646706364e+02 2.739274817755559184e+02 2.712378468364486253e+02 2.686383482867809676e+02 2.661265743681053664e+02 2.637002745584491095e+02 2.613573456623666971e+02 2.590958195057323792e+02 2.569138520223026489e+02 2.548097135507958626e+02 2.527817801877901331e+02 2.508285260640558079e+02 2.489485164307380956e+02 2.471404014576575605e+02 2.454029106594643963e+02 2.437348478767991367e+02 2.421350867493324586e+02 2.406025666258743172e+02 2.391362888638606137e+02 2.377353134766092921e+02 2.363987560920137128e+02 2.351257851908601140e+02 2.339156195968837721e+02 2.327675261940681537e+02 2.316808178496461608e+02 2.306548515238374080e+02 2.296890265496067798e+02 2.287827830676779115e+02 2.279356006037989459e+02 2.271469967767270930e+02 2.264165261267906430e+02 2.257437790560594522e+02 2.251283808721861988e+02 2.245699909289695597e+02 2.240683018575050198e+02 2.236230388825524358e+02 2.232339592194394697e+02 2.229008515474575063e+02 2.226235355562429845e+02 2.224018615622044024e+02 2.222357101925199174e+02 2.221249921346803831e+02 2.220696479500170710e+02 2.220696479500170710e+02
2.786184529638921049e+03 2.786184529638921049e+03 2.741148689174265655e+03 2.651465865694126478e+03 2.518495151294076095e+03 2.345747631796278711e+03 2.140521617850489747e+03 1.915293282780769005e+03 1.687264953469727971e+03 1.474178328089019942e+03 1.287237692264961652e+03 1.130020171196120600e+03 1.001026514510704601e+03 8.964491370447296958e+02 8.119476868788935917e+02 7.435068556838594986e+02 6.877389042696827346e+02 6.419157869740795377e+02 6.038935387520768927e+02 5.720076127413017275e+02 5.449722378096662396e+02 5.217950180631174817e+02 5.017085530004042084e+02 4.841172973308072756e+02 4.685569059126995626e+02 4.546633703262435802e+02 4.421496597215479483e+02 4.307880432508626996e+02 4.203966886091326955e+02 4.108294719932009116e+02 4.019682005153787827e+02 3.937166501990687379e+02 3.859959742862134817e+02 3.787411494884231615e+02 3.718982116151707942e+02 3.654220941637709643e+02 3.592749295894488455e+02 3.534247072857189664e+02 3.478442078947588243e+02 3.425101527146966305e+02 3.374025213499035090e+02 3.325040015911621936e+02 3.277995437192025179e+02 3.232759976635675230e+02 3.189218162117311977e+02 3.147268111150053187e+02 3.106819517501577934e+02 3.067791981703073247e+02 3.030113620680201620e+02 2.993719904910996092e+02 2.958552681837524574e+02 2.924559352376284664e+02 2.891692173784651914e+02 2.859907667226191847e+02 2.829166112425711503e+02 2.799431115042174838e+02 2.770669234984015930e+02 2.742849665983250134e+02 2.715943958436089360e+02 2.689925778890495849e+02 2.664770700677713080e+02 2.640456021099487884e+02 2.616960601330673626e+02 2.594264725813955579e+02 2.572349978432166040e+02 2.551199133164797104e+02 2.530796057286224539e+02 2.511125625454769192e+02 2.492173643285617857e+02 2.473926779205936271e+02 2.456372503562198233e+02 2.439499034095090053e+02 2.423295287020493163e+02 2.407750833058946967e+02 2.392855857844609773e+02 2.378601126220905257e+02 2.364977949993601953e+02 2.351978158768728520e+02 2.339594073549577331e+02 2.327818482807842031e+02 2.316644620780407990e+02 2.306066147773150590e+02 2.296077132279743864e+02 2.286672034747293196e+02 2.277845692840308232e+02 2.269593308072424804e+02 2.261910433690814557e+02 2.254792963711879850e+02 2.248237123019045498e+02 2.242239458443933131e+02 2.236796830761709316e+02 2.231906407540378154e+02 2.227565656790571325e+02 2.223772341370051606e+02 2.220524514102780245e+02 2.217820513578481325e+02 2.215658960603411458e+02 2.214038755278581334e+02 2.212959074685065559e+02 2.212419371161383594e+02 2.212419371161383594e+02
3.898155310357629787e+03 3.898155310357629787e+03 3.832755243193900242e+03 3.700691282461015362e+03 3.500379600467267210e+03 3.232235274049759482e+03 2.902953801777108310e+03 2.531387364769359465e+03 2.152143867908225729e+03 1.807410031350617601e+03 1.518759507616203791e+03 1.288139297880912636e+03 1.107935171043143100e+03 9.681123154054400857e+02 8.594158927696330466e+02 7.743193942599431239e+02 7.070296078661614274e+02 6.531957840076261164e+02 6.095817576515087239e+02 5.737846209097426708e+02 5.440156404480687797e+02 5.189367122961882615e+02 4.975405647839157837e+02 4.790636545541517535e+02 4.629229137417961510e+02 4.486697183706441479e+02 4.359562517108021211e+02 4.245107964126336810e+02 4.141194787600837799e+02 4.046126962931207345e+02 3.958549628559941880e+02 3.877372615902615394e+02 3.801712494083981824e+02 3.730848366198298436e+02 3.664187941610172743e+02 3.601241333884249229e+02 3.541600701903534514e+02 3.484924336677642600e+02 3.430924150354001085e+02 3.379355783820322472e+02 3.330010741118417741e+02 3.282710101276878731e+02 3.237299464437577967e+02 3.193644868885995720e+02 3.151629475741038391e+02 3.111150863667080557e+02 3.072118810728466087e+02 3.034453467129443425e+02 2.998083843075279447e+02 2.962946551839506810e+02 2.928984760438247577e+02 2.896147309927438869e+02 2.864387974877919305e+02 2.833664837522251787e+02 2.803939756764647200e+02 2.775177915976792065e+02 2.747347436479158205e+02 2.720419045991472444e+02 2.694365793252385402e+02 2.669162801555899591e+02 2.644787055205425190e+02 2.621217213905724179e+02 2.598433450944895071e+02 2.576417311699944435e+02 2.555151589559343677e+02 2.534620216818044298e+02 2.514808168481958717e+02 2.495701377236451606e+02 2.477286658097379473e+02 2.459551641483501214e+02 2.442484713633789113e+02 2.426074963449148640e+02 2.410312134967593352e+02 2.395186584793749773e+02 2.380689243896212304e+02 2.366811583266756713e+02 2.353545583002272394e+02 2.340883704429155898e+02 2.328818864939008222e+02 2.317344415246959386e+02 2.306454118821156101e+02 2.296142133263128926e+02 2.286402993446392600e+02 2.277231596244204184e+02 2.268623186698612244e+02 2.260573345500058906e+02 2.253077977663442368e+02 2.246133302300042374e+02 2.239735843396626365e+02 2.233882421524324400e+02 2.228570146409062431e+02 2.223796410303989717e+02 2.219558882111574007e+02 2.215855502210474413e+02 2.212684477947871073e+02 2.210044279763827433e+02 2.207933637919338992e+02 2.206351539804412596e+02 2.205297227806923956e+02 2.204770197727213485e+02 2.204770197727213485e+02
5.731191600734881831e+03 5.731191600734881831e+03 5.640959544126790206e+03 5.455097469435154380e+03 5.163415926428719104e+03 4.753512745242456731e+03 4.218742357641373019e+03 3.576698899202821849e+03 2.897029822110498571e+03 2.305697943761651004e+03 1.843737670069340993e+03 1.498952575808305937e+03 1.244974383880463392e+03 1.057390929662248027e+03 9.174523896850963638e+02 8.116550059084339637e+02 7.304767306579152546e+02 6.672238174855015131e+02 6.171675957610618752e+02 5.769393459983836010e+02 5.441154180035923673e+02 5.169340271050980391e+02 4.941012345965223744e+02 4.746570568373878700e+02 4.578822462122558363e+02 4.432327739286340602e+02 4.302933424831646789e+02 4.187440907225266074e+02 4.083365300275575578e+02 3.988759989648244755e+02 3.902087619649628891e+02 3.822124451375050853e+02 3.747888900525054510e+02 3.678587735328416670e+02 3.613575272515319057e+02 3.552322211290315295e+02 3.494391665246856746e+02 3.439420607276527448e+02 3.387105412517860827e+02 3.337190524004383860e+02 3.289459512794833813e+02 3.243727985395244104e+02 3.199837924762360899e+02 3.157653150216548283e+02 3.117055655527996123e+02 3.077942639962661246e+02 3.040224089009042245e+02 3.003820793356743479e+02 2.968662719018386724e+02 2.934687660156463949e+02 2.901840120581856013e+02 2.870070381060723435e+02 2.839333718270338522e+02 2.809589748057524048e+02 2.780801871012557740e+02 2.752936802603748561e+02 2.725964173476911583e+02 2.699856188199740927e+02 2.674587332872144430e+02 2.650134123743084160e+02 2.626474890361974417e+02 2.603589587914846106e+02 2.581459634308220075e+02 2.560067768307666256e+02 2.539397925646738372e+02 2.519435130522267343e+02 2.500165400304395860e+02 2.481575661629841818e+02 2.463653676330398241e+02 2.446387975883148158e+02 2.429767803265793589e+02 2.413783061264453522e+02 2.398424266419501407e+02 2.383682507911412642e+02 2.369549410786476926e+02 2.356017103005411570e+02 2.343078185868818650e+02 2.330725707433324772e+02 2.318953138583317184e+02 2.307754351467711729e+02 2.297123600048517176e+02 2.287055502540342502e+02 2.277545025548246542e+02 2.268587469735428783e+02 2.260178456873093182e+02 2.252313918143523779e+02 2.244990083582701459e+02 2.238203472563317575e+02 2.231950885230973540e+02 2.226229394816973297e+02 2.221036340761217787e+02 2.216369322586213855e+02 2.212226194471785732e+02 2.208605060485797082e+02 2.205504270433317515e+02 2.202922416290982710e+02 2.200858329199441243e+02 2.199311076990825882e+02 2.198279962232233231e+02 2.197764520771051480e+02 2.197764520771051480e+02
8.821756980844544159e+03 8.821756980844544159e+03 8.711059875286013266e+03 8.477159766319768096e+03 8.092611611535216980e+03 7.511191887771634356e+03 6.668997133316905092e+03 5.515965015657773620e+03 4.141400115169416495e+03 3.051868181373197331e+03 2.290282917305257797e+03 1.771216264639634119e+03 1.414419777231017633e+03 1.164501613507919728e+03 9.857013129016676203e+02 8.550714695953580531e+02 7.576969499647744897e+02 6.837056957377723165e+02 6.264395929077647907e+02 5.813273006060347825e+02 5.451781070572532144e+02 5.157310711865865187e+02 4.913616945546096417e+02 4.708876841733146534e+02 4.534382271561856328e+02 4.383646946168158820e+02 4.251788104162964714e+02 4.135092984011533872e+02 4.030711314962579763e+02 3.936434826291210243e+02 3.850537540897234976e+02 3.771658986336649377e+02 3.698718014326785806e+02 3.630848657699741011e+02 3.567351996603354678e+02 3.507659754087140982e+02 3.451306555325301133e+02 3.397908635793659755e+02 3.347147385600568441e+02 3.298756546419268716e+02 3.252512186058305588e+02 3.208224799253784454e+02 3.165733046397392059e+02 3.124898761795332689e+02 3.085602951746675444e+02 3.047742568776494636e+02 3.011227897852209026e+02 2.975980427721642059e+02 2.941931108804954533e+02 2.909018920647318964e+02 2.877189688482582142e+02 2.846395101209745917e+02 2.816591892963359101e+02 2.787741158150979572e+02 2.759807775850235885e+02 2.732759924187045044e+02 2.706568669053680196e+02 2.681207614486566513e+02 2.656652604384379401e+02 2.632881467133685192e+02 2.609873796225726892e+02 2.587610761169817692e+02 2.566074943997831497e+02 2.545250197458092032e+02 2.525121521652189074e+02 2.505674956404467082e+02 2.486897487093841335e+02 2.468776962041083323e+02 2.451302019843838877e+02 2.434462025300836387e+02 2.418247012773506697e+02 2.402647636005932839e+02 2.387655123568201816e+02 2.373261239210441431e+02 2.359458246515922895e+02 2.346238877328518981e+02 2.333596303502774276e+02 2.321524111586568324e+02 2.310016280099243033e+02 2.299067159113282912e+02 2.288671451885888075e+02 2.278824198320092194e+02 2.269520760063269620e+02 2.260756807075675852e+02 2.252528305522910728e+02 2.244831506864051960e+02 2.237662938024075174e+02 2.231019392552433942e+02 2.224897922682067133e+02 2.219295832214183122e+02 2.214210670163093369e+02 2.209640225104039359e+02 2.205582520174332330e+02 2.202035808684819074e+02 2.198998570304456734e+02 2.196469507786466977e+02 2.194447544209056105e+02 2.192931820708848534e+02 2.191921694688430478e+02 2.191416738484254552e+02 2.191416738484254552e+02
1.415596460098983516e+04 1.415596460098983516e+04 1.405568925301850140e+04 1.383785702382045565e+04 1.345955186064642658e+04 1.282852098388083687e+04 1.174501064879243859e+04 9.784563900370283591e+03 6.296341390316198158e+03 4.134986321103774571e+03 2.872537288645615718e+03 2.104085800445625864e+03 1.613393513052104936e+03 1.286995247571836444e+03 1.062402999806402477e+03 9.033624521026738421e+02 7.878765706359353089e+02 7.020973644116744481e+02 6.370374870144694341e+02 5.867134903857053132e+02 5.470541997936190910e+02 5.152366871470483147e+02 4.892705347912699949e+02 4.677310624382270703e+02 4.495844636911261887e+02 4.340710362368020014e+02 4.206259104277653478e+02 4.088244327439571180e+02 3.983440272862454776e+02 3.889372335894264552e+02 3.804124268643877258e+02 3.726198842018661708e+02 3.654416133371571505e+02 3.587838577318313469e+02 3.525715243151065579e+02 3.467440054428424787e+02 3.412520208667128827e+02 3.360552122451019841e+02 3.311202973274811256e+02 3.264196435681921571e+02 3.219301583749801807e+02 3.176324200711782169e+02 3.135099930887393498e+02 3.095488850764687072e+02 3.057371140085560342e+02 3.020643610673870967e+02 2.985216907969384010e+02 2.951013243091173877e+02 2.917964545557143765e+02 2.886010951277405070e+02 2.855099559114368617e+02 2.825183403622824585e+02 2.796220602621286275e+02 2.768173646801628820e+02 2.741008805244941300e+02 2.714695625925761533e+02 2.689206514386000322e+02 2.664516376997934799e+02 2.640602317804661539e+02 2.617443379972941102e+02 2.595020324531880078e+02 2.573315440385512716e+02 2.552312380649648560e+02 2.531996021221876561e+02 2.512352338191838612e+02 2.493368301268947960e+02 2.475031780870037608e+02 2.457331466892967171e+02 2.440256797517352823e+02 2.423797896634700635e+02 2.407945518726388343e+02 2.392691000188109740e+02 2.378026216249682818e+02 2.363943542764888264e+02 2.350435822251534148e+02 2.337496333650989584e+02 2.325118765351460013e+02 2.313297191082728546e+02 2.302026048344256424e+02 2.291300119074288375e+02 2.281114512307004816e+02 2.271464648597844302e+02 2.262346246026790482e+02 2.253755307613141383e+02 2.245688109997420554e+02 2.238141193264179378e+02 2.231111351795659914e+02 2.224595626060025495e+02 2.218591295250226665e+02 2.213095870700136345e+02 2.208107090014089238e+02 2.203622911853835262e+02 2.199641511334839947e+02 2.196161275989876742e+02 2.193180802263961198e+02 2.190698892509858240e+02 2.188714552458365574e+02 2.187226989141589115e+02 2.186235609251986887e+02 2.185740017923273513e+02 2.185740017923273513e+02
0.000000000000000000e+00 0.000000000000000000e+00 0.000000000000000000e+00 0.000000000000000000e+00 0.000000000000000000e+00 0.000000000000000000e+00 0.000000000000000000e+00 0.000000000000000000e+00 9.798405736203370907e+03 5.514837834940482935e+03 3.550464388882448475e+03 2.476507430355812176e+03 1.831055809373909824e+03 1.418985759226138271e+03 1.144175672606531862e+03 9.544970631654930457e+02 8.197579292290118929e+02 7.216050759913697448e+02 6.484558356497957448e+02 5.927762544447093660e+02 5.495412846963855600e+02 5.153267456506068811e+02 4.877553487875707674e+02 4.651490164802363552e+02 4.463053581477406055e+02 4.303509496864069774e+02 4.166432543220778371e+02 4.047039857338502884e+02 3.941731652505540637e+02 3.847770199340962449e+02 3.763052734880577077e+02 3.685948966532349118e+02 3.615183545736338715e+02 3.549750207063005973e+02 3.488848443115593341e+02 3.431836379026199211e+02 3.378195402255000772e+02 3.327503399237604071e+02 3.279414347377125409e+02 3.233642637903233208e+02 3.189950947573560711e+02 3.148140792182015275e+02 3.108045120984097025e+02 3.069522474818215301e+02 3.032452350066412237e+02 2.996731498291824209e+02 2.962270956271038358e+02 2.928993649466078750e+02 2.896832448210800521e+02 2.865728583217855316e+02 2.835630347753615865e+02 2.806492029660675485e+02 2.778273028558840565e+02 2.750937122933399905e+02 2.724451859092903305e+02 2.698788039649301140e+02 2.673919293615763877e+02 2.649821713713406552e+02 2.626473549242394938e+02 2.603854945068602547e+02 2.581947719026821915e+02 2.560735171444056277e+02 2.540201921613688114e+02 2.520333766961220476e+02 2.501117561379155347e+02 2.482541109809335467e+02 2.464593076638991818e+02 2.447262905878853019e+02 2.430540751420639367e+02 2.414417415942692458e+02 2.398884297258004779e+02 2.383933341084486699e+02 2.369556999373176893e+02 2.355748193459817514e+02 2.342500281413286700e+02 2.329807029045976208e+02 2.317662584127958212e+02 2.306061453411323612e+02 2.294998482126671888e+02 2.284468835659437218e+02 2.274467983154405601e+02 2.264991682830044510e+02 2.256035968813564239e+02 2.247597139332434892e+02 2.239671746119631450e+02 2.232256584908277830e+02 2.225348686907415185e+02 2.218945311164416410e+02 2.213043937731893323e+02 2.207642261567310129e+02 2.202738187102752931e+02 2.198329823430736383e+02 2.194415480058787864e+02 -1.602176633999999922e+02 -1.602176633999999922e+02 -1.602176633999999922e+02 -1.602176633999999922e+02 -1.602176633999999922e+02 -1.602176633999999922e+02 -1.602176633999999922e+02 -1.602176633999999922e+02
0.000000000000000000e+00 0.000000000000000000e+00 0.000000000000000000e+00 0.000000000000000000e+00 0.000000000000000000e+00 0.000000000000000000e+00 0.000000000000000000e+00 0.000000000000000000e+00 1.177694830881098824e+04 6.679702486442319241e+03 4.196353931309990003e+03 2.845675741415536777e+03 2.049478583101562435e+03 1.551735287397948468e+03 1.226315255201796163e+03 1.005772584570794834e+03 8.517209320144596632e+02 7.412313403790525399e+02 6.600711337512481123e+02 5.991238115288387007e+02 5.523943459036280501e+02 5.158506024689132801e+02 4.867267588081897429e+02 4.630921285819384821e+02 4.435775473124772361e+02 4.271979561638364089e+02 4.132351558078185008e+02 4.011589982106544880e+02 3.905735958698259651e+02 3.811800881664264580e+02 3.727505328422033699e+02 3.651093771260280505e+02 3.581201595289891770e+02 3.516758645602137108e+02 3.456918571103327622e+02 3.401006577569090723e+02 3.348480448414988473e+02 3.298901217394521268e+02 3.251910925308300193e+02 3.207215619961734774e+02 3.164572268156377390e+02 3.123778608878898808e+02 3.084665233982522636e+02 3.047089367660526591e+02 3.010929950190446789e+02 2.976083729488024687e+02 2.942462136200883833e+02 2.909988771590038823e+02 2.878597377389692724e+02 2.848230186839641078e+02 2.818836578760567591e+02 2.790371973786012632e+02 2.762796925048219805e+02 2.736076365754908579e+02 2.710178983930676395e+02 2.685076700686528852e+02 2.660744233137101560e+02 2.637158726815784462e+02 2.614299445379870122e+02 2.592147507726754156e+02 2.570685664494491789e+02 2.549898107399427545e+02 2.529770306049931037e+02 2.510288867830507229e+02 2.491441417222230257e+02 2.473216491552027492e+02 2.455603450672982149e+02 2.438592398494562303e+02 2.422174114623302899e+02 2.406339994655549788e+02 2.391081997895658162e+02 2.376392601465255723e+02 2.362264759928656588e+02 2.348691869692456748e+02 2.335667737548374987e+02 2.323186552821290718e+02 2.311242862663058304e+02 2.299831550098236050e+02 2.288947814483507841e+02 2.278587154090419915e+02 2.268745350560137410e+02 2.259418455014127858e+02 2.250602775633146848e+02 2.242294866542147531e+02 2.234491517860394083e+02 2.227189746794063012e+02 2.220386789665124354e+02 2.214080094783695358e+02 2.208267316083232856e+02 2.202946307448607399e+02 2.198115117675784518e+02 2.193771986010242188e+02 2.189915338218460477e+02 -1.602176633999999922e+02 -1.602176633999999922e+02 -1.602176633999999922e+02 -1.602176633999999922e+02 -1.602176633999999922e+02 -1.602176633999999922e+02 -1.602176633999999922e+02 -1.602176633999999922e+02
0.000000000000000000e+00 0.000000000000000000e+00 0.000000000000000000e+00 0.000000000000000000e+00 0.000000000000000000e+00 0.000000000000000000e+00 0.000000000000000000e+00 0.000000000000000000e+00 1.287461226721145795e+04 7.534552544157493685e+03 4.737639340560927849e+03 3.175569243036228727e+03 2.250793137161132108e+03 1.675868964828948492e+03 1.303616757842304651e+03 1.054165857280725277e+03 8.819510579967385411e+02 7.598624188303077744e+02 6.711903929808233897e+02 6.053224983146341174e+02 5.553426857270038681e+02 5.166414177262932981e+02 4.860847440244311883e+02 4.615035945302103073e+02 4.413722031994883537e+02 4.246012613982829862e+02 4.104023181176360140e+02 3.981973517722823317e+02 3.875575178077619967e+02 3.781610594413618855e+02 3.697639994249555571e+02 3.621794774562621342e+02 3.552630130484554911e+02 3.489018795211492261e+02 3.430073632317134980e+02 3.375090696936467793e+02 3.323506967045896658e+02 3.274868690745891513e+02 3.228807486382149818e+02 3.185022153937870826e+02 3.143264728648551340e+02 3.103329710561780530e+02 3.065045689694578641e+02 3.028268791185110445e+02 2.992877512656070849e+02 2.958768633572094018e+02 2.925853955238599156e+02 2.894057688326133189e+02 2.863314348109212233e+02 2.833567050021766249e+02 2.804766122547275700e+02 2.776867972966560956e+02 2.749834155592723732e+02 2.723630602937741969e+02 2.698226988592286943e+02 2.673596197059852102e+02 2.649713880818069924e+02 2.626558088817027965e+02 2.604108953721330408e+02 2.582348427648142319e+02 2.561260058094105716e+02 2.540828797290510863e+02 2.521040839463292684e+02 2.501883481468371997e+02 2.483345003074771000e+02 2.465414563816516420e+02 2.448082113861915730e+02 2.431338316779030890e+02 2.415174482427273119e+02 2.399582508495007573e+02 2.384554829440110097e+02 2.370084371787451687e+02 2.356164514900816869e+02 2.342789056481220769e+02 2.329952182158001222e+02 2.317648438632507464e+02 2.305872709914325185e+02 2.294620196256328200e+02 2.283886395451386306e+02 2.273667086200943004e+02 2.263958313306271179e+02 2.254756374467674789e+02 2.246057808505488254e+02 2.237859384843073940e+02 2.230158094112055664e+02 2.222951139759250054e+02 2.216235930550859052e+02 2.210010073882427264e+02 2.204271369815805883e+02 2.199017805774266492e+02 2.194247551836026275e+02 2.189958956574600109e+02 2.186150543401053312e+02 -1.602176633999999922e+02 -1.602176633999999922e+02 -1.602176633999999922e+02 -1.602176633999999922e+02 -1.602176633999999922e+02 -1.602176633999999922e+02 -1.602176633999999922e+02 -1.602176633999999922e+02
0.000000000000000000e+00 0.000000000000000000e+00 0.000000000000000000e+00 0.000000000000000000e+00 0.000000000000000000e+00 0.000000000000000000e+00 0.000000000000000000e+00 0.000000000000000000e+00 1.351578442573024950e+04 8.126808555616729791e+03 5.154413889858756193e+03 3.445837858878390307e+03 2.421654992019861766e+03 1.783305334315864229e+03 1.371228773302806303e+03 1.096736358814338928e+03 9.086429953849245749e+02 7.763776517782002884e+02 6.811127707452145614e+02 6.109327962715323110e+02 5.581115205043595324e+02 5.175293003532857483e+02 4.857266916230728384e+02 4.603241414536877301e+02 4.396579966230142418e+02 4.225474905262652214e+02 4.081427943446351492e+02 3.958242423308391835e+02 3.851344485237390813e+02 3.757319152352448555e+02 3.673588999163346216e+02 3.598188762579116542e+02 3.529605369800971744e+02 3.466663126262278638e+02 3.408440445454008341e+02 3.354208853040821054e+02 3.303387885322194961e+02 3.255511441896459246e+02 3.210202470345133179e+02 3.167153765899769269e+02 3.126113297067941517e+02 3.086872908182969582e+02 3.049259560958967654e+02 3.013128499076010485e+02 2.978357879483464217e+02 2.944844529897524126e+02 2.912500576584983492e+02 2.881250748818956708e+02 2.851030212574094662e+02 2.821782820500280877e+02 2.793459691110054450e+02 2.766018049689747045e+02 2.739420278332548264e+02 2.713633133875931094e+02 2.688627101283549905e+02 2.664375856782490359e+02 2.640855820327785182e+02 2.618045781076621665e+02 2.595926582779690079e+02 2.574480858539492942e+02 2.553692806400006248e+02 2.533547998832702319e+02 2.514033220464253304e+02 2.495136329416245644e+02 2.476846138453996105e+02 2.459152312808364513e+02 2.442045282076642252e+02 2.425516164048977430e+02 2.409556698667165904e+02 2.394159190617900492e+02 2.379316459305245246e+02 2.365021795147668229e+02 2.351268921310716564e+02 2.338051960124057018e+02 2.325365403546467462e+02 2.313204087137972920e+02 2.301563167078579113e+02 2.290438099840563950e+02 2.279824624177886676e+02 2.269718745144224386e+02 2.260116719891994990e+02 2.251015045038798519e+02 2.242410445417252447e+02 2.234299864049511086e+02 2.226680453208566632e+02 2.219549566447596476e+02 2.212904751493594517e+02 2.206743743916173059e+02 2.201064461493437250e+02 2.195864999207433925e+02 2.191143624810819404e+02 2.186898774913898080e+02 2.183129051548248185e+02 -1.602176633999999922e+02 -1.602176633999999922e+02 -1.602176633999999922e+02 -1.602176633999999922e+02 -1.602176633999999922e+02 -1.602176633999999922e+02 -1.602176633999999922e+02 -1.602176633999999922e+02
0.000000000000000000e+00 0.000000000000000000e+00 0.000000000000000000e+00 0.000000000000000000e+00 0.000000000000000000e+00 0.000000000000000000e+00 0.000000000000000000e+00 0.000000000000000000e+00 1.390104386027733381e+04 8.519558114758818192e+03 5.451957448066078541e+03 3.648607790444239072e+03 2.553947630807089809e+03 1.868100454194717486e+03 1.425199431756012473e+03 1.130944661382171716e+03 9.301841079211748138e+02 7.897564918712853341e+02 6.891931292552595778e+02 6.155476844686728555e+02 5.604454041975104701e+02 5.183557197968282253e+02 4.855562839472240739e+02 4.594974881246329801e+02 4.384044141523052645e+02 4.210226578534873170e+02 4.064531092553389158e+02 3.940427696562204574e+02 3.833114823592369476e+02 3.739020521904329257e+02 3.655458267415614273e+02 3.580386435032717714e+02 3.512238189562101525e+02 3.449799815320647554e+02 3.392122759384748747e+02 3.338459402664405502e+02 3.288215707951951572e+02 3.240915992885094852e+02 3.196176496973139933e+02 3.153685384705742649e+02 3.113187499638820555e+02 3.074472654336947244e+02 3.037366572413960171e+02 3.001723834639462325e+02 2.967422350208086641e+02 2.934358996608974621e+02 2.902446160722627155e+02 2.871608979279666300e+02 2.841783125276148780e+02 2.812913023033108857e+02 2.784950401649988976e+02 2.757853117017580189e+02 2.731584188054287665e+02 2.706111004661361221e+02 2.681404673977108928e+02 2.657439478522537115e+02 2.634192425271930347e+02 2.611642868924919298e+02 2.589772195981988148e+02 2.568563558842237171e+02 2.548001651212768763e+02 2.528072517763389442e+02 2.508763392271267776e+02 2.490062559551017785e+02 2.471959237309897617e+02 2.454443474749684810e+02 2.437506065289168475e+02 2.421138471229999425e+02 2.405332758555272505e+02 2.390081540350299178e+02 2.375377927581332074e+02 2.361215486170994211e+02 2.347588199478044828e+02 2.334490435426654642e+02 2.321916917648021297e+02 2.309862700092732268e+02 2.298323144653472525e+02 2.287293901405393228e+02 2.276770891128747110e+02 2.266750289826359506e+02 2.257228514989395194e+02 2.248202213399109723e+02 2.239668250282158795e+02 2.231623699661624016e+02 2.224065835767548549e+02 2.216992125389208468e+02 2.210400221066744280e+02 2.204287955033950084e+02 2.198653333835376884e+02 2.193494533551045720e+02 2.188809895571465063e+02 2.184597922872814593e+02 2.180857276749289042e+02 -1.602176633999999922e+02 -1.602176633999999922e+02 -1.602176633999999922e+02 -1.602176633999999922e+02 -1.602176633999999922e+02 -1.602176633999999922e+02 -1.602176633999999922e+02 -1.602176633999999922e+02
0.000000000000000000e+00 0.000000000000000000e+00 0.000000000000000000e+00 0.000000000000000000e+00 0.000000000000000000e+00 0.000000000000000000e+00 0.000000000000000000e+00 0.000000000000000000e+00 1.412323793662994831e+04 8.758885435116953886e+03 5.641979084855241126e+03 3.782680900185085193e+03 2.643523943367158608e+03 1.926407117921857207e+03 1.462669040920554380e+03 1.154835014801657735e+03 9.452861411728848680e+02 7.991658023461372977e+02 6.948980266148709006e+02 6.188280585901321729e+02 5.621304936439846642e+02 5.189874485028880144e+02 4.854921919314916749e+02 4.589757284795673513e+02 4.375850529353285197e+02 4.200141431771261296e+02 4.053294042266678048e+02 3.928545599856553849e+02 3.820935874583871623e+02 3.726783786932389830e+02 3.643327142364139490e+02 3.568471471508016180e+02 3.500612817045408747e+02 3.438511267230613839e+02 3.381199728968692853e+02 3.327917447941612750e+02 3.278061093283293417e+02 3.231148435484416268e+02 3.186791140288283373e+02 3.144674221925043298e+02 3.104540403451434258e+02 3.066178123000004234e+02 3.029412270283668818e+02 2.994096983061866695e+02 2.960110009006546079e+02 2.927348265310793636e+02 2.895724320749422986e+02 2.865163592639436843e+02 2.835602101183685591e+02 2.806984660897556978e+02 2.779263416682576349e+02 2.752396653108100963e+02 2.726347821379055745e+02 2.701084740607013828e+02 2.676578939310614373e+02 2.652805110248966116e+02 2.629740657255721885e+02 2.607365317075540929e+02 2.585660842597434339e+02 2.564610736548208365e+02 2.544200026817449327e+02 2.524415076258731290e+02 2.505243421144515139e+02 2.486673633519885698e+02 2.468695203556451645e+02 2.451298438699895144e+02 2.434474376963290467e+02 2.418214712173771659e+02 2.402511729350109135e+02 2.387358248692477787e+02 2.372747576914193246e+02 2.358673464850391497e+02 2.345130070448072104e+02 2.332111926381766693e+02 2.319613911656481093e+02 2.307631226655972796e+02 2.296159371176207173e+02 2.285194125051957883e+02 2.274731531041451831e+02 2.264767879682722480e+02 2.255299695875808652e+02 2.246323726979553328e+02 2.237836932241390286e+02 2.229836473403242678e+02 2.222319706348305601e+02 2.215284173671556687e+02 2.208727598072884177e+02 2.202647876484902554e+02 2.197043074859687977e+02 2.191911423548330617e+02 2.187251313216468702e+02 2.183061291246406768e+02 2.179340058583336486e+02 -1.602176633999999922e+02 -1.602176633999999922e+02 -1.602176633999999922e+02 -1.602176633999999922e+02 -1.602176633999999922e+02 -1.602176633999999922e+02 -1.602176633999999922e+02 -1.602176633999999922e+02
0.000000000000000000e+00 0.000000000000000000e+00 0.000000000000000000e+00 0.000000000000000000e+00 0.000000000000000000e+00 0.000000000000000000e+00 0.000000000000000000e+00 0.000000000000000000e+00 1.422561954572603099e+04 8.872274059376473815e+03 5.734351044515847207e+03 3.849187491998166934e+03 2.688608022580811848e+03 1.956041959754396885e+03 1.481834111186330119e+03 1.167103546970921798e+03 9.530620568812255442e+02 8.040207200749640606e+02 6.978485989524382376e+02 6.205313736900961885e+02 5.630131514850778558e+02 5.193284454103689995e+02 4.854755775178757062e+02 4.587240166407156607e+02 4.371805075670825431e+02 4.195124364261789083e+02 4.047684592518618274e+02 3.922603331727941054e+02 3.814838888424500283e+02 3.720654227738440341e+02 3.637248407609470746e+02 3.562499935858842832e+02 3.494785897268076269e+02 3.432853019336105262e+02 3.375724764901754043e+02 3.322633697076445287e+02 3.272971762635713162e+02 3.226253409389469198e+02 3.182087984830058076e+02 3.140158908600539007e+02 3.100207832030245072e+02 3.062022499876250663e+02 3.025427382253096198e+02 2.990276395050608471e+02 2.956447206263444514e+02 2.923836754903271640e+02 2.892357703159053131e+02 2.861935611352517981e+02 2.832506676077276211e+02 2.804015909699654685e+02 2.776415667674135079e+02 2.749664451418809676e+02 2.723725930627481944e+02 2.698568141189642233e+02 2.674162824313449391e+02 2.650484879707713048e+02 2.627511911305803096e+02 2.605223848394154516e+02 2.583602628435194219e+02 2.562631930569759220e+02 2.542296950910629221e+02 2.522584212427347268e+02 2.503481403566172787e+02 2.484977240824668172e+02 2.467061351363533390e+02 2.449724172434589491e+02 2.432956864966656667e+02 2.416751239109044604e+02 2.401099689904433490e+02 2.385995141568363067e+02 2.371430999102208546e+02 2.357401106172725065e+02 2.343899708361078638e+02 2.330921421025232121e+02 2.318461201136471459e+02 2.306514322548498512e+02 2.295076354238824479e+02 2.284143141130489596e+02 2.273710787159999711e+02 2.263775640304666013e+02 2.254334279324773718e+02 2.245383502009219114e+02 2.236920314744006930e+02 2.228941923246568422e+02 2.221445724331684346e+02 2.214429298592255009e+02 2.207890403893699158e+02 2.201826969595273056e+02 2.196237091422119363e+02 2.191119026922868045e+02 2.186471191455970597e+02 2.182292154655694674e+02 2.178580637335708730e+02 -1.602176633999999922e+02 -1.602176633999999922e+02 -1.602176633999999922e+02 -1.602176633999999922e+02 -1.602176633999999922e+02 -1.602176633999999922e+02 -1.602176633999999922e+02 -1.602176633999999922e+02
0.000000000000000000e+00 0.000000000000000000e+00 0.000000000000000000e+00 0.000000000000000000e+00 0.000000000000000000e+00 0.000000000000000000e+00 0.000000000000000000e+00 0.000000000000000000e+00 1.422561954572603099e+04 8.872274059376473815e+03 5.734351044515847207e+03 3.849187491998166934e+03 2.688608022580811848e+03 1.956041959754396885e+03 1.481834111186330119e+03 1.167103546970921798e+03 9.530620568812255442e+02 8.040207200749640606e+02 6.978485989524382376e+02 6.205313736900961885e+02 5.630131514850778558e+02 5.193284454103689995e+02 4.854755775178757062e+02 4.587240166407156607e+02 4.371805075670825431e+02 4.195124364261789083e+02 4.047684592518618274e+02 3.922603331727941054e+02 3.814838888424500283e+02 3.720654227738440341e+02 3.637248407609470746e+02 3.562499935858842832e+02 3.494785897268076269e+02 3.432853019336105262e+02 3.375724764901754043e+02 3.322633697076445287e+02 3.272971762635713162e+02 3.226253409389469198e+02 3.182087984830058076e+02 3.140158908600539007e+02 3.100207832030245072e+02 3.062022499876250663e+02 3.025427382253096198e+02 2.990276395050608471e+02 2.956447206263444514e+02 2.923836754903271640e+02 2.892357703159053131e+02 2.861935611352517981e+02 2.832506676077276211e+02 2.804015909699654685e+02 2.776415667674135079e+02 2.749664451418809676e+02 2.723725930627481944e+02 2.698568141189642233e+02 2.674162824313449391e+02 2.650484879707713048e+02 2.627511911305803096e+02 2.605223848394154516e+02 2.583602628435194219e+02 2.562631930569759220e+02 2.542296950910629221e+02 2.522584212427347268e+02 2.503481403566172787e+02 2.484977240824668172e+02 2.467061351363533390e+02 2.449724172434589491e+02 2.432956864966656667e+02 2.416751239109044604e+02 2.401099689904433490e+02 2.385995141568363067e+02 2.371430999102208546e+02 2.357401106172725065e+02 2.343899708361078638e+02 2.330921421025232121e+02 2.318461201136471459e+02 2.306514322548498512e+02 2.295076354238824479e+02 2.284143141130489596e+02 2.273710787159999711e+02 2.263775640304666013e+02 2.254334279324773718e+02 2.245383502009219114e+02 2.236920314744006930e+02 2.228941923246568422e+02 2.221445724331684346e+02 2.214429298592255009e+02 2.207890403893699158e+02 2.201826969595273056e+02 2.196237091422119363e+02 2.191119026922868045e+02 2.186471191455970597e+02 2.182292154655694674e+02 2.178580637335708730e+02 -1.602176633999999922e+02 -1.602176633999999922e+02 -1.602176633999999922e+02 -1.602176633999999922e+02 -1.602176633999999922e+02 -1.602176633999999922e+02 -1.602176633999999922e+02 -1.602176633999999922e+02
