# Time,Channel A,Channel B (us),(V),(V)
-500.18989714,-0.25537890,-0.52265700
-499.86989714,-0.02362133,-0.11132840
-499.54989714,0.14569540,0.17481308
-499.22989714,0.27048560,0.38929716
-498.90989715,0.35071870,0.53236800
-498.58989715,0.40418710,0.63967100
-498.26989715,0.44877470,0.71120640
-497.94989715,0.46659750,0.76485800
-497.62989715,0.46659750,0.76485800
-497.30989716,0.47550890,0.78274180
-496.98989716,0.48442030,0.80062560
-496.66989716,0.48442030,0.80062560
-496.34989716,0.48442030,0.80062560
-496.02989716,0.47550890,0.81850940
-495.70989717,0.48442030,0.81850940
-495.38989717,0.48442030,0.81850940
-495.06989717,0.48442030,0.80062560
-494.74989717,0.48442030,0.81850940
-494.42989717,0.47550890,0.81850940
-494.10989718,0.48442030,0.81850940
-493.78989718,0.48442030,0.81850940
-493.46989718,0.48442030,0.81850940
-493.14989718,0.47550890,0.80062560
-492.82989718,0.48442030,0.83639340
-492.50989719,0.48442030,0.80062560
-492.18989719,0.48442030,0.81850940
-491.86989719,0.48442030,0.81850940
-491.54989719,0.48442030,0.81850940
-491.22989719,0.48442030,0.83639340
-490.90989720,0.48442030,0.81850940
-490.58989720,0.47550890,0.80062560
-490.26989720,0.48442030,0.81850940
-489.94989720,0.48442030,0.81850940
-489.62989720,0.48442030,0.83639340
-489.30989720,0.48442030,0.81850940
-488.98989721,0.48442030,0.81850940
-488.66989721,0.48442030,0.81850940
-488.34989721,0.48442030,0.83639340
-488.02989721,0.48442030,0.81850940
-487.70989721,0.48442030,0.81850940
-487.38989722,0.48442030,0.81850940
-487.06989722,0.48442030,0.81850940
-486.74989722,0.48442030,0.83639340
-486.42989722,0.48442030,0.83639340
-486.10989722,0.48442030,0.81850940
-485.78989723,0.48442030,0.83639340
-485.46989723,0.48442030,0.81850940
-485.14989723,0.48442030,0.81850940
-484.82989723,0.48442030,0.81850940
-484.50989723,0.48442030,0.83639340
-484.18989724,0.47550890,0.81850940
-483.86989724,0.48442030,0.81850940
-483.54989724,0.48442030,0.83639340
-483.22989724,0.48442030,0.83639340
-482.90989724,0.48442030,0.83639340
-482.58989725,0.48442030,0.83639340
-482.26989725,0.48442030,0.81850940
-481.94989725,0.48442030,0.83639340
-481.62989725,0.47550890,0.83639340
-481.30989725,0.47550890,0.83639340
-480.98989726,0.48442030,0.81850940
-480.66989726,0.48442030,0.83639340
-480.34989726,0.48442030,0.83639340
-480.02989726,0.48442030,0.83639340
-479.70989726,0.48442030,0.83639340
-479.38989727,0.48442030,0.83639340
-479.06989727,0.47550890,0.83639340
-478.74989727,0.48442030,0.83639340
-478.42989727,0.48442030,0.83639340
-478.10989727,0.48442030,0.83639340
-477.78989727,0.48442030,0.83639340
-477.46989728,0.48442030,0.83639340
-477.14989728,0.48442030,0.83639340
-476.82989728,0.48442030,0.83639340
-476.50989728,0.47550890,0.83639340
-476.18989728,0.48442030,0.83639340
-475.86989729,0.48442030,0.81850940
-475.54989729,0.48442030,0.83639340
-475.22989729,0.48442030,0.83639340
-474.90989729,0.48442030,0.83639340
-474.58989729,0.48442030,0.83639340
-474.26989730,0.48442030,0.83639340
-473.94989730,0.48442030,0.81850940
-473.62989730,0.48442030,0.83639340
-473.30989730,0.48442030,0.83639340
-472.98989730,0.48442030,0.83639340
-472.66989731,0.48442030,0.83639340
-472.34989731,0.48442030,0.83639340
-472.02989731,0.48442030,0.83639340
-471.70989731,0.48442030,0.83639340
-471.38989731,0.48442030,0.83639340
-471.06989732,0.48442030,0.83639340
-470.74989732,0.48442030,0.83639340
-470.42989732,0.48442030,0.83639340
-470.10989732,0.47550890,0.83639340
-469.78989732,0.48442030,0.83639340
-469.46989733,0.46659750,0.90792860
-469.14989733,0.48442030,0.81850940
-468.82989733,0.48442030,0.85427720
-468.50989733,0.48442030,0.83639340
-468.18989733,0.48442030,0.83639340
-467.86989734,0.48442030,0.83639340
-467.54989734,0.48442030,0.81850940
-467.22989734,0.48442030,0.83639340
-466.90989734,0.46659750,0.72909020
-466.58989734,0.46659750,0.85427720
-466.26989734,0.48442030,0.85427720
-465.94989735,0.48442030,0.83639340
-465.62989735,0.48442030,0.83639340
-465.30989735,0.48442030,0.83639340
-464.98989735,0.48442030,0.83639340
-464.66989735,0.48442030,0.87216100
-464.34989736,0.48442030,0.83639340
-464.02989736,0.48442030,0.83639340
-463.70989736,0.48442030,0.83639340
-463.38989736,0.48442030,0.83639340
-463.06989736,0.48442030,0.83639340
-462.74989737,0.48442030,0.83639340
-462.42989737,0.48442030,0.85427720
-462.10989737,0.48442030,0.83639340
-461.78989737,0.48442030,0.81850940
-461.46989737,0.48442030,0.83639340
-461.14989738,0.48442030,0.83639340
-460.82989738,0.48442030,0.83639340
-460.50989738,0.48442030,0.83639340
-460.18989738,0.48442030,0.83639340
-459.86989738,0.48442030,0.83639340
-459.54989739,0.48442030,0.83639340
-459.22989739,0.48442030,0.83639340
-458.90989739,0.48442030,0.83639340
-458.58989739,0.48442030,0.83639340
-458.26989739,0.48442030,0.83639340
-457.94989740,0.48442030,0.83639340
-457.62989740,0.48442030,0.83639340
-457.30989740,0.48442030,0.83639340
-456.98989740,0.48442030,0.83639340
-456.66989740,0.48442030,0.87216100
-456.34989741,0.47550890,0.83639340
-456.02989741,0.48442030,0.85427720
-455.70989741,0.48442030,0.83639340
-455.38989741,0.48442030,0.81850940
-455.06989741,0.48442030,0.85427720
-454.74989741,0.48442030,0.81850940
-454.42989742,0.48442030,0.83639340
-454.10989742,0.48442030,0.83639340
-453.78989742,0.48442030,0.83639340
-453.46989742,0.48442030,0.83639340
-453.14989742,0.48442030,0.83639340
-452.82989743,0.48442030,0.83639340
-452.50989743,0.48442030,0.83639340
-452.18989743,0.48442030,0.83639340
-451.86989743,0.48442030,0.83639340
-451.54989743,0.48442030,0.83639340
-451.22989744,0.48442030,0.83639340
-450.90989744,0.48442030,0.83639340
-450.58989744,0.27939700,0.65755480
-450.26989744,-0.05038606,0.12116154
-449.94989744,-0.26429030,-0.27228300
-449.62989745,-0.38911100,-0.50477300
-449.30989745,-0.45149080,-0.61207620
-448.98989745,-0.47822510,-0.66572760
-448.66989745,-0.49607840,-0.68361160
-448.34989745,-0.49607840,-0.70149540
-448.02989746,-0.49607840,-0.71937920
-447.70989746,-0.49607840,-0.73726320
-447.38989746,-0.49607840,-0.70149540
-447.06989746,-0.49607840,-0.73726320
-446.74989746,-0.49607840,-0.73726320
-446.42989747,-0.49607840,-0.73726320
-446.10989747,-0.49607840,-0.73726320
-445.78989747,-0.49607840,-0.73726320
-445.46989747,-0.49607840,-0.73726320
-445.14989747,-0.49607840,-0.73726320
-444.82989748,-0.49607840,-0.73726320
-444.50989748,-0.49607840,-0.73726320
-444.18989748,-0.49607840,-0.73726320
-443.86989748,-0.49607840,-0.73726320
-443.54989748,-0.49607840,-0.73726320
-443.22989748,-0.49607840,-0.73726320
-442.90989749,-0.49607840,-0.75514700
-442.58989749,-0.49607840,-0.75514700
-442.26989749,-0.49607840,-0.73726320
-441.94989749,-0.49607840,-0.73726320
-441.62989749,-0.49607840,-0.73726320
-441.30989750,-0.49607840,-0.73726320
-440.98989750,-0.49607840,-0.75514700
-440.66989750,-0.49607840,-0.75514700
-440.34989750,-0.49607840,-0.75514700
-440.02989750,-0.49607840,-0.75514700
-439.70989751,-0.49607840,-0.75514700
-439.38989751,-0.49607840,-0.75514700
-439.06989751,-0.49607840,-0.75514700
-438.74989751,-0.49607840,-0.75514700
-438.42989751,-0.49607840,-0.75514700
-438.10989752,-0.49607840,-0.75514700
-437.78989752,-0.49607840,-0.75514700
-437.46989752,-0.48713650,-0.73726320
-437.14989752,-0.49607840,-0.75514700
-436.82989752,-0.49607840,-0.75514700
-436.50989753,-0.49607840,-0.75514700
-436.18989753,-0.49607840,-0.75514700
-435.86989753,-0.49607840,-0.75514700
-435.54989753,-0.49607840,-0.75514700
-435.22989753,-0.49607840,-0.75514700
-434.90989754,-0.49607840,-0.75514700
-434.58989754,-0.49607840,-0.75514700
-434.26989754,-0.49607840,-0.75514700
-433.94989754,-0.49607840,-0.75514700
-433.62989754,-0.49607840,-0.75514700
-433.30989755,-0.49607840,-0.75514700
-432.98989755,-0.49607840,-0.79091460
-432.66989755,-0.49607840,-0.80879860
-432.34989755,-0.50498980,-0.80879860
-432.02989755,-0.49607840,-0.75514700
-431.70989755,-0.49607840,-0.73726320
-431.38989756,-0.49607840,-0.75514700
-431.06989756,-0.49607840,-0.75514700
-430.74989756,-0.49607840,-0.75514700
-430.42989756,-0.49607840,-0.77303080
-430.10989756,-0.49607840,-0.75514700
-429.78989757,-0.47822510,-0.68361160
-429.46989757,-0.49607840,-0.79091460
-429.14989757,-0.49607840,-0.75514700
-428.82989757,-0.49607840,-0.77303080
-428.50989757,-0.49607840,-0.75514700
-428.18989758,-0.49607840,-0.75514700
-427.86989758,-0.49607840,-0.75514700
-427.54989758,-0.49607840,-0.77303080
-427.22989758,-0.49607840,-0.77303080
-426.90989758,-0.49607840,-0.77303080
-426.58989759,-0.49607840,-0.77303080
-426.26989759,-0.49607840,-0.75514700
-425.94989759,-0.49607840,-0.75514700
-425.62989759,-0.49607840,-0.77303080
-425.30989759,-0.49607840,-0.75514700
-424.98989760,-0.49607840,-0.75514700
-424.66989760,-0.49607840,-0.77303080
-424.34989760,-0.49607840,-0.75514700
-424.02989760,-0.49607840,-0.75514700
-423.70989760,-0.49607840,-0.75514700
-423.38989761,-0.49607840,-0.77303080
-423.06989761,-0.49607840,-0.75514700
-422.74989761,-0.49607840,-0.77303080
-422.42989761,-0.49607840,-0.75514700
-422.10989761,-0.49607840,-0.77303080
-421.78989762,-0.49607840,-0.75514700
-421.46989762,-0.49607840,-0.77303080
-421.14989762,-0.49607840,-0.75514700
-420.82989762,-0.49607840,-0.75514700
-420.50989762,-0.49607840,-0.77303080
-420.18989762,-0.49607840,-0.77303080
-419.86989763,-0.49607840,-0.77303080
-419.54989763,-0.49607840,-0.75514700
-419.22989763,-0.49607840,-0.77303080
-418.90989763,-0.49607840,-0.75514700
-418.58989763,-0.49607840,-0.79091460
-418.26989764,-0.49607840,-0.77303080
-417.94989764,-0.49607840,-0.75514700
-417.62989764,-0.49607840,-0.77303080
-417.30989764,-0.49607840,-0.75514700
-416.98989764,-0.49607840,-0.77303080
-416.66989765,-0.49607840,-0.77303080
-416.34989765,-0.49607840,-0.75514700
-416.02989765,-0.49607840,-0.75514700
-415.70989765,-0.49607840,-0.75514700
-415.38989765,-0.49607840,-0.77303080
-415.06989766,-0.49607840,-0.77303080
-414.74989766,-0.49607840,-0.75514700
-414.42989766,-0.49607840,-0.75514700
-414.10989766,-0.49607840,-0.75514700
-413.78989766,-0.49607840,-0.75514700
-413.46989767,-0.49607840,-0.75514700
-413.14989767,-0.49607840,-0.75514700
-412.82989767,-0.49607840,-0.77303080
-412.50989767,-0.49607840,-0.75514700
-412.18989767,-0.49607840,-0.75514700
-411.86989768,-0.49607840,-0.77303080
-411.54989768,-0.49607840,-0.75514700
-411.22989768,-0.49607840,-0.75514700
-410.90989768,-0.49607840,-0.75514700
-410.58989768,-0.49607840,-0.75514700
-410.26989769,-0.49607840,-0.77303080
-409.94989769,-0.49607840,-0.77303080
-409.62989769,-0.49607840,-0.75514700
-409.30989769,-0.49607840,-0.77303080
-408.98989769,-0.49607840,-0.75514700
-408.66989769,-0.49607840,-0.77303080
-408.34989770,-0.49607840,-0.77303080
-408.02989770,-0.49607840,-0.77303080
-407.70989770,-0.49607840,-0.77303080
-407.38989770,-0.49607840,-0.77303080
-407.06989770,-0.49607840,-0.75514700
-406.74989771,-0.49607840,-0.75514700
-406.42989771,-0.49607840,-0.75514700
-406.10989771,-0.49607840,-0.75514700
-405.78989771,-0.49607840,-0.75514700
-405.46989771,-0.49607840,-0.75514700
-405.14989772,-0.49607840,-0.75514700
-404.82989772,-0.49607840,-0.77303080
-404.50989772,-0.49607840,-0.77303080
-404.18989772,-0.49607840,-0.75514700
-403.86989772,-0.49607840,-0.77303080
-403.54989773,-0.49607840,-0.75514700
-403.22989773,-0.49607840,-0.75514700
-402.90989773,-0.49607840,-0.77303080
-402.58989773,-0.49607840,-0.75514700
-402.26989773,-0.49607840,-0.75514700
-401.94989774,-0.49607840,-0.77303080
-401.62989774,-0.49607840,-0.77303080
-401.30989774,-0.49607840,-0.77303080
-400.98989774,-0.49607840,-0.75514700
-400.66989774,-0.49607840,-0.77303080
-400.34989775,-0.44257940,-0.73726320
-400.02989775,-0.21082190,-0.43323760
-399.70989775,0.02093570,-0.03979300
-399.38989775,0.16351820,0.21058076
-399.06989775,0.28830840,0.42506484
-398.74989776,0.35963010,0.55025180
-398.42989776,0.41309850,0.67543860
-398.10989776,0.44877470,0.72909020
-397.78989776,0.46659750,0.76485800
-397.46989776,0.46659750,0.76485800
-397.14989776,0.46659750,0.78274180
-396.82989777,0.48442030,0.78274180
-396.50989777,0.48442030,0.80062560
-396.18989777,0.48442030,0.80062560
-395.86989777,0.46659750,0.78274180
-395.54989777,0.48442030,0.78274180
-395.22989778,0.48442030,0.83639340
-394.90989778,0.47550890,0.80062560
-394.58989778,0.48442030,0.81850940
-394.26989778,0.48442030,0.81850940
-393.94989778,0.48442030,0.81850940
-393.62989779,0.48442030,0.81850940
-393.30989779,0.50224310,0.96158020
-392.98989779,0.46659750,0.83639340
-392.66989779,0.48442030,0.81850940
-392.34989779,0.48442030,0.81850940
-392.02989780,0.48442030,0.81850940
-391.70989780,0.48442030,0.81850940
-391.38989780,0.48442030,0.81850940
-391.06989780,0.48442030,0.81850940
-390.74989780,0.48442030,0.81850940
-390.42989781,0.48442030,0.81850940
-390.10989781,0.48442030,0.83639340
-389.78989781,0.47550890,0.81850940
-389.46989781,0.48442030,0.81850940
-389.14989781,0.48442030,0.81850940
-388.82989782,0.48442030,0.81850940
-388.50989782,0.48442030,0.81850940
-388.18989782,0.48442030,0.81850940
-387.86989782,0.48442030,0.81850940
-387.54989782,0.48442030,0.83639340
-387.22989783,0.48442030,0.83639340
-386.90989783,0.48442030,0.83639340
-386.58989783,0.48442030,0.81850940
-386.26989783,0.48442030,0.83639340
-385.94989783,0.48442030,0.83639340
-385.62989783,0.48442030,0.81850940
-385.30989784,0.48442030,0.83639340
-384.98989784,0.48442030,0.83639340
-384.66989784,0.48442030,0.81850940
-384.34989784,0.48442030,0.83639340
-384.02989784,0.48442030,0.83639340
-383.70989785,0.48442030,0.83639340
-383.38989785,0.48442030,0.83639340
-383.06989785,0.48442030,0.85427720
-382.74989785,0.47550890,0.83639340
-382.42989785,0.48442030,0.83639340
-382.10989786,0.48442030,0.83639340
-381.78989786,0.48442030,0.81850940
-381.46989786,0.48442030,0.85427720
-381.14989786,0.48442030,0.81850940
-380.82989786,0.48442030,0.81850940
-380.50989787,0.48442030,0.83639340
-380.18989787,0.48442030,0.81850940
-379.86989787,0.48442030,0.83639340
-379.54989787,0.48442030,0.83639340
-379.22989787,0.48442030,0.83639340
-378.90989788,0.48442030,0.83639340
-378.58989788,0.48442030,0.83639340
-378.26989788,0.48442030,0.83639340
-377.94989788,0.48442030,0.83639340
-377.62989788,0.48442030,0.83639340
-377.30989789,0.48442030,0.83639340
-376.98989789,0.48442030,0.81850940
-376.66989789,0.48442030,0.83639340
-376.34989789,0.48442030,0.83639340
-376.02989789,0.48442030,0.83639340
-375.70989790,0.48442030,0.83639340
-375.38989790,0.48442030,0.83639340
-375.06989790,0.48442030,0.83639340
-374.74989790,0.48442030,0.83639340
-374.42989790,0.48442030,0.83639340
-374.10989790,0.48442030,0.81850940
-373.78989791,0.48442030,0.83639340
-373.46989791,0.48442030,0.83639340
-373.14989791,0.48442030,0.83639340
-372.82989791,0.47550890,0.83639340
-372.50989791,0.48442030,0.83639340
-372.18989792,0.48442030,0.83639340
-371.86989792,0.48442030,0.83639340
-371.54989792,0.48442030,0.83639340
-371.22989792,0.48442030,0.83639340
-370.90989792,0.48442030,0.83639340
-370.58989793,0.48442030,0.83639340
-370.26989793,0.47550890,0.83639340
-369.94989793,0.47550890,0.83639340
-369.62989793,0.48442030,0.83639340
-369.30989793,0.48442030,0.83639340
-368.98989794,0.48442030,0.83639340
-368.66989794,0.47550890,0.83639340
-368.34989794,0.48442030,0.83639340
-368.02989794,0.48442030,0.83639340
-367.70989794,0.48442030,0.83639340
-367.38989795,0.48442030,0.83639340
-367.06989795,0.48442030,0.83639340
-366.74989795,0.48442030,0.83639340
-366.42989795,0.48442030,0.83639340
-366.10989795,0.48442030,0.85427720
-365.78989796,0.48442030,0.83639340
-365.46989796,0.48442030,0.83639340
-365.14989796,0.48442030,0.83639340
-364.82989796,0.48442030,0.83639340
-364.50989796,0.48442030,0.83639340
-364.18989797,0.48442030,0.83639340
-363.86989797,0.48442030,0.83639340
-363.54989797,0.48442030,0.83639340
-363.22989797,0.48442030,0.83639340
-362.90989797,0.48442030,0.83639340
-362.58989797,0.48442030,0.83639340
-362.26989798,0.48442030,0.83639340
-361.94989798,0.48442030,0.83639340
-361.62989798,0.48442030,0.83639340
-361.30989798,0.47550890,0.81850940
-360.98989798,0.48442030,0.85427720
-360.66989799,0.48442030,0.83639340
-360.34989799,0.48442030,0.85427720
-360.02989799,0.48442030,0.83639340
-359.70989799,0.48442030,0.83639340
-359.38989799,0.48442030,0.90792860
-359.06989800,0.48442030,0.81850940
-358.74989800,0.48442030,0.85427720
-358.42989800,0.48442030,0.83639340
-358.10989800,0.48442030,0.83639340
-357.78989800,0.48442030,0.83639340
-357.46989801,0.48442030,0.83639340
-357.14989801,0.48442030,0.83639340
-356.82989801,0.45768610,0.97946420
-356.50989801,0.48442030,0.90792860
-356.18989801,0.48442030,0.81850940
-355.86989802,0.48442030,0.83639340
-355.54989802,0.48442030,0.83639340
-355.22989802,0.48442030,0.83639340
-354.90989802,0.48442030,0.85427720
-354.58989802,0.48442030,0.81850940
-354.26989803,0.48442030,0.83639340
-353.94989803,0.48442030,0.83639340
-353.62989803,0.48442030,0.83639340
-353.30989803,0.48442030,0.83639340
-352.98989803,0.48442030,0.83639340
-352.66989804,0.48442030,0.83639340
-352.34989804,0.48442030,0.83639340
-352.02989804,0.48442030,0.87216100
-351.70989804,0.48442030,0.83639340
-351.38989804,0.48442030,0.83639340
-351.06989804,0.48442030,0.83639340
-350.74989805,0.48442030,0.83639340
-350.42989805,0.19919430,0.56813560
-350.10989805,-0.10385450,0.04962620
-349.78989805,-0.29996640,-0.32593460
-349.46989805,-0.40693380,-0.52265700
-349.14989806,-0.46040220,-0.62996000
-348.82989806,-0.47822510,-0.66572760
-348.50989806,-0.49607840,-0.70149540
-348.18989806,-0.49607840,-0.71937920
-347.86989806,-0.49607840,-0.71937920
-347.54989807,-0.49607840,-0.71937920
-347.22989807,-0.49607840,-0.73726320
-346.90989807,-0.49607840,-0.73726320
-346.58989807,-0.49607840,-0.73726320
-346.26989807,-0.49607840,-0.73726320
-345.94989808,-0.49607840,-0.73726320
-345.62989808,-0.49607840,-0.73726320
-345.30989808,-0.49607840,-0.73726320
-344.98989808,-0.49607840,-0.73726320
-344.66989808,-0.49607840,-0.75514700
-344.34989809,-0.49607840,-0.73726320
-344.02989809,-0.49607840,-0.73726320
-343.70989809,-0.49607840,-0.73726320
-343.38989809,-0.49607840,-0.73726320
-343.06989809,-0.49607840,-0.75514700
-342.74989810,-0.49607840,-0.73726320
-342.42989810,-0.49607840,-0.73726320
-342.10989810,-0.49607840,-0.75514700
-341.78989810,-0.49607840,-0.73726320
-341.46989810,-0.49607840,-0.75514700
-341.14989811,-0.49607840,-0.73726320
-340.82989811,-0.49607840,-0.75514700
-340.50989811,-0.49607840,-0.75514700
-340.18989811,-0.49607840,-0.75514700
-339.86989811,-0.49607840,-0.75514700
-339.54989811,-0.49607840,-0.75514700
-339.22989812,-0.49607840,-0.75514700
-338.90989812,-0.49607840,-0.75514700
-338.58989812,-0.49607840,-0.73726320
-338.26989812,-0.49607840,-0.75514700
-337.94989812,-0.49607840,-0.75514700
-337.62989813,-0.49607840,-0.75514700
-337.30989813,-0.49607840,-0.75514700
-336.98989813,-0.49607840,-0.75514700
-336.66989813,-0.49607840,-0.75514700
-336.34989813,-0.49607840,-0.75514700
-336.02989814,-0.49607840,-0.75514700
-335.70989814,-0.49607840,-0.75514700
-335.38989814,-0.49607840,-0.75514700
-335.06989814,-0.49607840,-0.75514700
-334.74989814,-0.49607840,-0.75514700
-334.42989815,-0.49607840,-0.75514700
-334.10989815,-0.49607840,-0.75514700
-333.78989815,-0.49607840,-0.75514700
-333.46989815,-0.49607840,-0.75514700
-333.14989815,-0.49607840,-0.75514700
-332.82989816,-0.49607840,-0.75514700
-332.50989816,-0.49607840,-0.75514700
-332.18989816,-0.49607840,-0.75514700
-331.86989816,-0.49607840,-0.75514700
-331.54989816,-0.49607840,-0.75514700
-331.22989817,-0.49607840,-0.75514700
-330.90989817,-0.49607840,-0.75514700
-330.58989817,-0.49607840,-0.77303080
-330.26989817,-0.49607840,-0.75514700
-329.94989817,-0.49607840,-0.77303080
-329.62989818,-0.49607840,-0.75514700
-329.30989818,-0.49607840,-0.75514700
-328.98989818,-0.49607840,-0.75514700
-328.66989818,-0.49607840,-0.75514700
-328.34989818,-0.49607840,-0.75514700
-328.02989818,-0.49607840,-0.75514700
-327.70989819,-0.49607840,-0.75514700
-327.38989819,-0.49607840,-0.75514700
-327.06989819,-0.49607840,-0.75514700
-326.74989819,-0.49607840,-0.75514700
-326.42989819,-0.49607840,-0.75514700
-326.10989820,-0.49607840,-0.75514700
-325.78989820,-0.49607840,-0.75514700
-325.46989820,-0.49607840,-0.75514700
-325.14989820,-0.49607840,-0.77303080
-324.82989820,-0.49607840,-0.75514700
-324.50989821,-0.49607840,-0.75514700
-324.18989821,-0.49607840,-0.75514700
-323.86989821,-0.49607840,-0.75514700
-323.54989821,-0.49607840,-0.75514700
-323.22989821,-0.49607840,-0.75514700
-322.90989822,-0.49607840,-0.75514700
-322.58989822,-0.50498980,-0.80879860
-322.26989822,-0.48713650,-0.75514700
-321.94989822,-0.49607840,-0.73726320
-321.62989822,-0.49607840,-0.77303080
-321.30989823,-0.49607840,-0.75514700
-320.98989823,-0.49607840,-0.75514700
-320.66989823,-0.49607840,-0.77303080
-320.34989823,-0.49607840,-0.75514700
-320.02989823,-0.47822510,-0.73726320
-319.70989824,-0.50498980,-0.79091460
-319.38989824,-0.49607840,-0.75514700
-319.06989824,-0.49607840,-0.77303080
-318.74989824,-0.49607840,-0.75514700
-318.42989824,-0.49607840,-0.77303080
-318.10989825,-0.49607840,-0.77303080
-317.78989825,-0.49607840,-0.75514700
-317.46989825,-0.49607840,-0.75514700
-317.14989825,-0.49607840,-0.75514700
-316.82989825,-0.49607840,-0.77303080
-316.50989825,-0.49607840,-0.75514700
-316.18989826,-0.49607840,-0.77303080
-315.86989826,-0.49607840,-0.77303080
-315.54989826,-0.49607840,-0.77303080
-315.22989826,-0.49607840,-0.75514700
-314.90989826,-0.49607840,-0.75514700
-314.58989827,-0.49607840,-0.75514700
-314.26989827,-0.49607840,-0.77303080
-313.94989827,-0.49607840,-0.77303080
-313.62989827,-0.49607840,-0.77303080
-313.30989827,-0.49607840,-0.75514700
-312.98989828,-0.49607840,-0.77303080
-312.66989828,-0.49607840,-0.77303080
-312.34989828,-0.49607840,-0.75514700
-312.02989828,-0.49607840,-0.77303080
-311.70989828,-0.49607840,-0.75514700
-311.38989829,-0.49607840,-0.77303080
-311.06989829,-0.49607840,-0.75514700
-310.74989829,-0.49607840,-0.75514700
-310.42989829,-0.49607840,-0.75514700
-310.10989829,-0.49607840,-0.77303080
-309.78989830,-0.49607840,-0.75514700
-309.46989830,-0.49607840,-0.77303080
-309.14989830,-0.49607840,-0.77303080
-308.82989830,-0.49607840,-0.75514700
-308.50989830,-0.49607840,-0.77303080
-308.18989831,-0.49607840,-0.75514700
-307.86989831,-0.49607840,-0.77303080
-307.54989831,-0.49607840,-0.77303080
-307.22989831,-0.49607840,-0.77303080
-306.90989831,-0.49607840,-0.75514700
-306.58989832,-0.49607840,-0.75514700
-306.26989832,-0.49607840,-0.77303080
-305.94989832,-0.49607840,-0.75514700
-305.62989832,-0.49607840,-0.77303080
-305.30989832,-0.49607840,-0.75514700
-304.98989832,-0.49607840,-0.77303080
-304.66989833,-0.49607840,-0.75514700
-304.34989833,-0.49607840,-0.75514700
-304.02989833,-0.49607840,-0.77303080
-303.70989833,-0.49607840,-0.77303080
-303.38989833,-0.49607840,-0.75514700
-303.06989834,-0.49607840,-0.77303080
-302.74989834,-0.49607840,-0.75514700
-302.42989834,-0.49607840,-0.77303080
-302.10989834,-0.49607840,-0.75514700
-301.78989834,-0.49607840,-0.75514700
-301.46989835,-0.49607840,-0.75514700
-301.14989835,-0.49607840,-0.75514700
-300.82989835,-0.49607840,-0.75514700
-300.50989835,-0.49607840,-0.75514700
-300.18989835,-0.40693380,-0.68361160
-299.86989836,-0.15735340,-0.36170240
-299.54989836,0.04766991,0.01385840
-299.22989836,0.19028290,0.24634846
-298.90989836,0.30616170,0.44294870
-298.58989836,0.37745290,0.58601940
-298.26989837,0.41309850,0.67543860
-297.94989837,0.44877470,0.72909020
-297.62989837,0.46659750,0.76485800
-297.30989837,0.46659750,0.78274180
-296.98989837,0.47550890,0.80062560
-296.66989838,0.48442030,0.80062560
-296.34989838,0.48442030,0.80062560
-296.02989838,0.48442030,0.80062560
-295.70989838,0.47550890,0.80062560
-295.38989838,0.48442030,0.80062560
-295.06989839,0.48442030,0.81850940
-294.74989839,0.48442030,0.80062560
-294.42989839,0.48442030,0.81850940
-294.10989839,0.48442030,0.81850940
-293.78989839,0.48442030,0.81850940
-293.46989839,0.48442030,0.81850940
-293.14989840,0.48442030,0.81850940
-292.82989840,0.48442030,0.81850940
-292.50989840,0.48442030,0.81850940
-292.18989840,0.48442030,0.80062560
-291.86989840,0.48442030,0.81850940
-291.54989841,0.48442030,0.81850940
-291.22989841,0.48442030,0.81850940
-290.90989841,0.48442030,0.81850940
-290.58989841,0.48442030,0.81850940
-290.26989841,0.48442030,0.81850940
-289.94989842,0.48442030,0.81850940
-289.62989842,0.48442030,0.81850940
-289.30989842,0.48442030,0.87216100
-288.98989842,0.48442030,0.83639340
-288.66989842,0.48442030,0.81850940
-288.34989843,0.48442030,0.81850940
-288.02989843,0.48442030,0.81850940
-287.70989843,0.48442030,0.81850940
-287.38989843,0.48442030,0.83639340
-287.06989843,0.48442030,0.81850940
-286.74989844,0.48442030,0.83639340
-286.42989844,0.48442030,0.83639340
-286.10989844,0.46659750,0.78274180
-285.78989844,0.48442030,0.80062560
-285.46989844,0.48442030,0.87216100
-285.14989845,0.46659750,0.81850940
-284.82989845,0.48442030,0.83639340
-284.50989845,0.47550890,0.81850940
-284.18989845,0.48442030,0.83639340
-283.86989845,0.48442030,0.83639340
-283.54989846,0.50224310,0.89004480
-283.22989846,0.47550890,0.81850940
-282.90989846,0.48442030,0.83639340
-282.58989846,0.48442030,0.81850940
-282.26989846,0.48442030,0.85427720
-281.94989846,0.48442030,0.83639340
-281.62989847,0.48442030,0.83639340
-281.30989847,0.48442030,0.83639340
-280.98989847,0.48442030,0.83639340
-280.66989847,0.48442030,0.81850940
-280.34989847,0.48442030,0.83639340
-280.02989848,0.48442030,0.83639340
-279.70989848,0.48442030,0.83639340
-279.38989848,0.48442030,0.81850940
-279.06989848,0.48442030,0.83639340
-278.74989848,0.48442030,0.83639340
-278.42989849,0.48442030,0.83639340
-278.10989849,0.48442030,0.83639340
-277.78989849,0.48442030,0.83639340
-277.46989849,0.48442030,0.83639340
-277.14989849,0.48442030,0.83639340
-276.82989850,0.48442030,0.83639340
-276.50989850,0.48442030,0.83639340
-276.18989850,0.48442030,0.83639340
-275.86989850,0.48442030,0.83639340
-275.54989850,0.48442030,0.83639340
-275.22989851,0.48442030,0.83639340
-274.90989851,0.48442030,0.81850940
-274.58989851,0.48442030,0.83639340
-274.26989851,0.48442030,0.83639340
-273.94989851,0.48442030,0.83639340
-273.62989852,0.48442030,0.83639340
-273.30989852,0.48442030,0.83639340
-272.98989852,0.48442030,0.83639340
-272.66989852,0.48442030,0.81850940
-272.34989852,0.48442030,0.83639340
-272.02989853,0.48442030,0.83639340
-271.70989853,0.48442030,0.83639340
-271.38989853,0.48442030,0.83639340
-271.06989853,0.48442030,0.83639340
-270.74989853,0.48442030,0.83639340
-270.42989853,0.48442030,0.83639340
-270.10989854,0.48442030,0.83639340
-269.78989854,0.48442030,0.83639340
-269.46989854,0.48442030,0.83639340
-269.14989854,0.47550890,0.83639340
-268.82989854,0.48442030,0.83639340
-268.50989855,0.48442030,0.83639340
-268.18989855,0.48442030,0.83639340
-267.86989855,0.48442030,0.83639340
-267.54989855,0.48442030,0.83639340
-267.22989855,0.48442030,0.83639340
-266.90989856,0.48442030,0.83639340
-266.58989856,0.48442030,0.83639340
-266.26989856,0.48442030,0.83639340
-265.94989856,0.48442030,0.81850940
-265.62989856,0.48442030,0.83639340
-265.30989857,0.48442030,0.83639340
-264.98989857,0.48442030,0.85427720
-264.66989857,0.48442030,0.83639340
-264.34989857,0.48442030,0.83639340
-264.02989857,0.48442030,0.83639340
-263.70989858,0.47550890,0.83639340
-263.38989858,0.48442030,0.83639340
-263.06989858,0.48442030,0.83639340
-262.74989858,0.48442030,0.83639340
-262.42989858,0.48442030,0.83639340
-262.10989859,0.48442030,0.83639340
-261.78989859,0.48442030,0.83639340
-261.46989859,0.48442030,0.83639340
-261.14989859,0.48442030,0.83639340
-260.82989859,0.48442030,0.83639340
-260.50989860,0.48442030,0.90792860
-260.18989860,0.48442030,0.83639340
-259.86989860,0.48442030,0.83639340
-259.54989860,0.48442030,0.83639340
-259.22989860,0.48442030,0.83639340
-258.90989860,0.48442030,0.83639340
-258.58989861,0.48442030,0.83639340
-258.26989861,0.48442030,0.83639340
-257.94989861,0.48442030,0.83639340
-257.62989861,0.47550890,0.83639340
-257.30989861,0.48442030,0.83639340
-256.98989862,0.48442030,0.83639340
-256.66989862,0.48442030,0.83639340
-256.34989862,0.48442030,0.83639340
-256.02989862,0.48442030,0.83639340
-255.70989862,0.47550890,0.83639340
-255.38989863,0.48442030,0.83639340
-255.06989863,0.48442030,0.83639340
-254.74989863,0.48442030,0.83639340
-254.42989863,0.48442030,0.83639340
-254.10989863,0.48442030,0.83639340
-253.78989864,0.48442030,0.83639340
-253.46989864,0.48442030,0.83639340
-253.14989864,0.48442030,0.83639340
-252.82989864,0.48442030,0.83639340
-252.50989864,0.48442030,0.83639340
-252.18989865,0.48442030,0.83639340
-251.86989865,0.48442030,0.83639340
-251.54989865,0.48442030,0.83639340
-251.22989865,0.48442030,0.83639340
-250.90989865,0.48442030,0.83639340
-250.58989866,0.45768610,0.83639340
-250.26989866,0.13678400,0.46083254
-249.94989866,-0.15735340,-0.03979300
-249.62989866,-0.32670070,-0.37958620
-249.30989866,-0.40693380,-0.54054080
-248.98989867,-0.46040220,-0.68361160
-248.66989867,-0.47822510,-0.66572760
-248.34989867,-0.49607840,-0.70149540
-248.02989867,-0.49607840,-0.73726320
-247.70989867,-0.49607840,-0.70149540
-247.38989868,-0.49607840,-0.73726320
-247.06989868,-0.49607840,-0.73726320
-246.74989868,-0.49607840,-0.73726320
-246.42989868,-0.48713650,-0.70149540
-246.10989868,-0.48713650,-0.73726320
-245.78989868,-0.49607840,-0.71937920
-245.46989869,-0.49607840,-0.73726320
-245.14989869,-0.49607840,-0.73726320
-244.82989869,-0.49607840,-0.73726320
-244.50989869,-0.49607840,-0.73726320
-244.18989869,-0.49607840,-0.73726320
-243.86989870,-0.49607840,-0.73726320
-243.54989870,-0.49607840,-0.73726320
-243.22989870,-0.49607840,-0.73726320
-242.90989870,-0.49607840,-0.73726320
-242.58989870,-0.49607840,-0.73726320
-242.26989871,-0.49607840,-0.75514700
-241.94989871,-0.49607840,-0.75514700
-241.62989871,-0.49607840,-0.73726320
-241.30989871,-0.49607840,-0.75514700
-240.98989871,-0.49607840,-0.75514700
-240.66989872,-0.49607840,-0.75514700
-240.34989872,-0.49607840,-0.75514700
-240.02989872,-0.49607840,-0.75514700
-239.70989872,-0.49607840,-0.75514700
-239.38989872,-0.49607840,-0.75514700
-239.06989873,-0.49607840,-0.75514700
-238.74989873,-0.49607840,-0.75514700
-238.42989873,-0.49607840,-0.75514700
-238.10989873,-0.49607840,-0.75514700
-237.78989873,-0.49607840,-0.75514700
-237.46989874,-0.49607840,-0.75514700
-237.14989874,-0.49607840,-0.75514700
-236.82989874,-0.49607840,-0.75514700
-236.50989874,-0.49607840,-0.75514700
-236.18989874,-0.49607840,-0.75514700
-235.86989875,-0.49607840,-0.75514700
-235.54989875,-0.49607840,-0.75514700
-235.22989875,-0.49607840,-0.75514700
-234.90989875,-0.49607840,-0.75514700
-234.58989875,-0.49607840,-0.75514700
-234.26989875,-0.49607840,-0.75514700
-233.94989876,-0.49607840,-0.75514700
-233.62989876,-0.49607840,-0.75514700
-233.30989876,-0.49607840,-0.75514700
-232.98989876,-0.49607840,-0.75514700
-232.66989876,-0.49607840,-0.75514700
-232.34989877,-0.49607840,-0.75514700
-232.02989877,-0.49607840,-0.70149540
-231.70989877,-0.49607840,-0.77303080
-231.38989877,-0.49607840,-0.75514700
-231.06989877,-0.49607840,-0.75514700
-230.74989878,-0.49607840,-0.75514700
-230.42989878,-0.49607840,-0.75514700
-230.10989878,-0.49607840,-0.75514700
-229.78989878,-0.49607840,-0.75514700
-229.46989878,-0.49607840,-0.75514700
-229.14989879,-0.49607840,-0.75514700
-228.82989879,-0.49607840,-0.75514700
-228.50989879,-0.49607840,-0.75514700
-228.18989879,-0.49607840,-0.77303080
-227.86989879,-0.49607840,-0.75514700
-227.54989880,-0.49607840,-0.75514700
-227.22989880,-0.49607840,-0.75514700
-226.90989880,-0.49607840,-0.75514700
-226.58989880,-0.49607840,-0.75514700
-226.26989880,-0.49607840,-0.75514700
-225.94989881,-0.49607840,-0.75514700
-225.62989881,-0.49607840,-0.75514700
-225.30989881,-0.49607840,-0.75514700
-224.98989881,-0.49607840,-0.75514700
-224.66989881,-0.49607840,-0.75514700
-224.34989882,-0.49607840,-0.75514700
-224.02989882,-0.49607840,-0.75514700
-223.70989882,-0.49607840,-0.75514700
-223.38989882,-0.49607840,-0.75514700
-223.06989882,-0.49607840,-0.75514700
-222.74989882,-0.49607840,-0.75514700
-222.42989883,-0.49607840,-0.75514700
-222.10989883,-0.49607840,-0.77303080
-221.78989883,-0.49607840,-0.77303080
-221.46989883,-0.49607840,-0.75514700
-221.14989883,-0.49607840,-0.75514700
-220.82989884,-0.49607840,-0.77303080
-220.50989884,-0.49607840,-0.75514700
-220.18989884,-0.49607840,-0.75514700
-219.86989884,-0.49607840,-0.77303080
-219.54989884,-0.49607840,-0.75514700
-219.22989885,-0.49607840,-0.75514700
-218.90989885,-0.49607840,-0.75514700
-218.58989885,-0.49607840,-0.75514700
-218.26989885,-0.49607840,-0.75514700
-217.94989885,-0.49607840,-0.75514700
-217.62989886,-0.49607840,-0.75514700
-217.30989886,-0.49607840,-0.73726320
-216.98989886,-0.49607840,-0.75514700
-216.66989886,-0.49607840,-0.77303080
-216.34989886,-0.49607840,-0.77303080
-216.02989887,-0.49607840,-0.75514700
-215.70989887,-0.49607840,-0.77303080
-215.38989887,-0.49607840,-0.75514700
-215.06989887,-0.49607840,-0.77303080
-214.74989887,-0.49607840,-0.77303080
-214.42989888,-0.49607840,-0.75514700
-214.10989888,-0.49607840,-0.77303080
-213.78989888,-0.49607840,-0.75514700
-213.46989888,-0.49607840,-0.77303080
-213.14989888,-0.49607840,-0.77303080
-212.82989889,-0.49607840,-0.75514700
-212.50989889,-0.49607840,-0.77303080
-212.18989889,-0.51390120,-0.80879860
-211.86989889,-0.48713650,-0.75514700
-211.54989889,-0.49607840,-0.75514700
-211.22989889,-0.49607840,-0.77303080
-210.90989890,-0.49607840,-0.75514700
-210.58989890,-0.49607840,-0.77303080
-210.26989890,-0.49607840,-0.75514700
-209.94989890,-0.49607840,-0.75514700
-209.62989890,-0.47822510,-0.68361160
-209.30989891,-0.50498980,-0.79091460
-208.98989891,-0.49607840,-0.75514700
-208.66989891,-0.49607840,-0.77303080
-208.34989891,-0.49607840,-0.75514700
-208.02989891,-0.49607840,-0.77303080
-207.70989892,-0.49607840,-0.77303080
-207.38989892,-0.49607840,-0.77303080
-207.06989892,-0.49607840,-0.75514700
-206.74989892,-0.49607840,-0.77303080
-206.42989892,-0.49607840,-0.77303080
-206.10989893,-0.49607840,-0.77303080
-205.78989893,-0.49607840,-0.77303080
-205.46989893,-0.49607840,-0.75514700
-205.14989893,-0.49607840,-0.77303080
-204.82989893,-0.49607840,-0.77303080
-204.50989894,-0.49607840,-0.75514700
-204.18989894,-0.49607840,-0.79091460
-203.86989894,-0.49607840,-0.75514700
-203.54989894,-0.49607840,-0.77303080
-203.22989894,-0.49607840,-0.75514700
-202.90989895,-0.49607840,-0.79091460
-202.58989895,-0.49607840,-0.77303080
-202.26989895,-0.49607840,-0.75514700
-201.94989895,-0.49607840,-0.75514700
-201.62989895,-0.49607840,-0.75514700
-201.30989896,-0.49607840,-0.75514700
-200.98989896,-0.49607840,-0.75514700
-200.66989896,-0.49607840,-0.77303080
-200.34989896,-0.49607840,-0.75514700
-200.02989896,-0.37125770,-0.66572760
-199.70989896,-0.10385450,-0.27228300
-199.38989897,0.07440413,0.04962620
-199.06989897,0.21701710,0.30000000
-198.74989897,0.32398450,0.47871640
-198.42989897,0.38636430,0.60390340
-198.10989897,0.43095190,0.67543860
-197.78989898,0.44877470,0.74697400
-197.46989898,0.46659750,0.76485800
-197.14989898,0.47550890,0.78274180
-196.82989898,0.47550890,0.78274180
-196.50989898,0.48442030,0.78274180
-196.18989899,0.48442030,0.80062560
-195.86989899,0.48442030,0.80062560
-195.54989899,0.48442030,0.81850940
-195.22989899,0.48442030,0.80062560
-194.90989899,0.48442030,0.80062560
-194.58989900,0.47550890,0.81850940
-194.26989900,0.48442030,0.80062560
-193.94989900,0.48442030,0.80062560
-193.62989900,0.48442030,0.80062560
-193.30989900,0.48442030,0.81850940
-192.98989901,0.48442030,0.81850940
-192.66989901,0.48442030,0.81850940
-192.34989901,0.48442030,0.81850940
-192.02989901,0.48442030,0.81850940
-191.70989901,0.48442030,0.81850940
-191.38989902,0.48442030,0.81850940
-191.06989902,0.48442030,0.81850940
-190.74989902,0.48442030,0.81850940
-190.42989902,0.48442030,0.81850940
-190.10989902,0.48442030,0.81850940
-189.78989903,0.48442030,0.83639340
-189.46989903,0.48442030,0.81850940
-189.14989903,0.48442030,0.81850940
-188.82989903,0.48442030,0.80062560
-188.50989903,0.48442030,0.81850940
-188.18989903,0.47550890,0.81850940
-187.86989904,0.48442030,0.83639340
-187.54989904,0.48442030,0.81850940
-187.22989904,0.47550890,0.83639340
-186.90989904,0.48442030,0.83639340
-186.58989904,0.47550890,0.83639340
-186.26989905,0.48442030,0.83639340
-185.94989905,0.48442030,0.81850940
-185.62989905,0.48442030,0.83639340
-185.30989905,0.48442030,0.83639340
-184.98989905,0.48442030,0.81850940
-184.66989906,0.48442030,0.83639340
-184.34989906,0.48442030,0.83639340
-184.02989906,0.48442030,0.83639340
-183.70989906,0.48442030,0.83639340
-183.38989906,0.48442030,0.83639340
-183.06989907,0.48442030,0.83639340
-182.74989907,0.48442030,0.83639340
-182.42989907,0.48442030,0.83639340
-182.10989907,0.48442030,0.83639340
-181.78989907,0.48442030,0.83639340
-181.46989908,0.48442030,0.83639340
-181.14989908,0.48442030,0.83639340
-180.82989908,0.48442030,0.83639340
-180.50989908,0.48442030,0.83639340
-180.18989908,0.48442030,0.83639340
-179.86989909,0.48442030,0.83639340
-179.54989909,0.48442030,0.83639340
-179.22989909,0.48442030,0.83639340
-178.90989909,0.48442030,0.83639340
-178.58989909,0.48442030,0.83639340
-178.26989910,0.48442030,0.83639340
-177.94989910,0.48442030,0.83639340
-177.62989910,0.48442030,0.83639340
-177.30989910,0.48442030,0.83639340
-176.98989910,0.48442030,0.83639340
-176.66989910,0.48442030,0.83639340
-176.34989911,0.48442030,0.83639340
-176.02989911,0.48442030,0.83639340
-175.70989911,0.48442030,0.81850940
-175.38989911,0.48442030,0.83639340
-175.06989911,0.50224310,1.05099940
-174.74989912,0.46659750,0.78274180
-174.42989912,0.48442030,0.85427720
-174.10989912,0.47550890,0.81850940
-173.78989912,0.48442030,0.83639340
-173.46989912,0.48442030,0.87216100
-173.14989913,0.48442030,0.81850940
-172.82989913,0.48442030,0.83639340
-172.50989913,0.46659750,1.15830260
-172.18989913,0.48442030,0.92581260
-171.86989913,0.48442030,0.81850940
-171.54989914,0.48442030,0.83639340
-171.22989914,0.48442030,0.83639340
-170.90989914,0.48442030,0.83639340
-170.58989914,0.48442030,0.87216100
-170.26989914,0.47550890,0.81850940
-169.94989915,0.48442030,0.85427720
-169.62989915,0.48442030,0.83639340
-169.30989915,0.48442030,0.83639340
-168.98989915,0.48442030,0.83639340
-168.66989915,0.48442030,0.83639340
-168.34989916,0.48442030,0.83639340
-168.02989916,0.48442030,0.83639340
-167.70989916,0.48442030,0.83639340
-167.38989916,0.48442030,0.83639340
-167.06989916,0.48442030,0.83639340
-166.74989917,0.48442030,0.83639340
-166.42989917,0.48442030,0.83639340
-166.10989917,0.48442030,0.83639340
-165.78989917,0.48442030,0.83639340
-165.46989917,0.48442030,0.83639340
-165.14989917,0.48442030,0.83639340
-164.82989918,0.48442030,0.83639340
-164.50989918,0.48442030,0.83639340
-164.18989918,0.48442030,0.83639340
-163.86989918,0.48442030,0.83639340
-163.54989918,0.48442030,0.83639340
-163.22989919,0.48442030,0.83639340
-162.90989919,0.48442030,0.83639340
-162.58989919,0.48442030,0.83639340
-162.26989919,0.48442030,0.83639340
-161.94989919,0.48442030,0.83639340
-161.62989920,0.48442030,0.83639340
-161.30989920,0.48442030,0.83639340
-160.98989920,0.48442030,0.83639340
-160.66989920,0.48442030,0.83639340
-160.34989920,0.48442030,0.83639340
-160.02989921,0.48442030,0.83639340
-159.70989921,0.47550890,0.81850940
-159.38989921,0.48442030,0.83639340
-159.06989921,0.48442030,0.83639340
-158.74989921,0.48442030,0.83639340
-158.42989922,0.48442030,0.83639340
-158.10989922,0.48442030,0.83639340
-157.78989922,0.48442030,0.83639340
-157.46989922,0.48442030,0.83639340
-157.14989922,0.48442030,0.83639340
-156.82989923,0.48442030,0.83639340
-156.50989923,0.48442030,0.83639340
-156.18989923,0.48442030,0.83639340
-155.86989923,0.47550890,0.85427720
-155.54989923,0.48442030,0.83639340
-155.22989924,0.48442030,0.83639340
-154.90989924,0.48442030,0.83639340
-154.58989924,0.48442030,0.83639340
-154.26989924,0.47550890,0.83639340
-153.94989924,0.48442030,0.83639340
-153.62989924,0.48442030,0.83639340
-153.30989925,0.48442030,0.83639340
-152.98989925,0.47550890,0.83639340
-152.66989925,0.48442030,0.83639340
-152.34989925,0.48442030,0.83639340
-152.02989925,0.48442030,0.83639340
-151.70989926,0.48442030,0.83639340
-151.38989926,0.48442030,0.83639340
-151.06989926,0.48442030,0.83639340
-150.74989926,0.48442030,0.83639340
-150.42989926,0.40418710,0.81850940
-150.10989927,0.07440413,0.35352946
-149.78989927,-0.19299910,-0.12921240
-149.46989927,-0.34452350,-0.41535380
-149.14989927,-0.43366800,-0.55842460
-148.82989927,-0.46040220,-0.64784380
-148.50989928,-0.48713650,-0.68361160
-148.18989928,-0.49607840,-0.70149540
-147.86989928,-0.49607840,-0.70149540
-147.54989928,-0.49607840,-0.71937920
-147.22989928,-0.49607840,-0.71937920
-146.90989929,-0.49607840,-0.73726320
-146.58989929,-0.49607840,-0.73726320
-146.26989929,-0.49607840,-0.73726320
-145.94989929,-0.49607840,-0.73726320
-145.62989929,-0.49607840,-0.73726320
-145.30989930,-0.49607840,-0.71937920
-144.98989930,-0.49607840,-0.73726320
-144.66989930,-0.49607840,-0.73726320
-144.34989930,-0.49607840,-0.73726320
-144.02989930,-0.49607840,-0.73726320
-143.70989931,-0.49607840,-0.75514700
-143.38989931,-0.49607840,-0.73726320
-143.06989931,-0.49607840,-0.73726320
-142.74989931,-0.49607840,-0.73726320
-142.42989931,-0.49607840,-0.75514700
-142.10989931,-0.49607840,-0.75514700
-141.78989932,-0.49607840,-0.73726320
-141.46989932,-0.49607840,-0.73726320
-141.14989932,-0.49607840,-0.73726320
-140.82989932,-0.49607840,-0.75514700
-140.50989932,-0.49607840,-0.75514700
-140.18989933,-0.49607840,-0.75514700
-139.86989933,-0.49607840,-0.75514700
-139.54989933,-0.48713650,-0.73726320
-139.22989933,-0.49607840,-0.73726320
-138.90989933,-0.49607840,-0.75514700
-138.58989934,-0.49607840,-0.75514700
-138.26989934,-0.49607840,-0.75514700
-137.94989934,-0.51390120,-0.77303080
-137.62989934,-0.49607840,-0.77303080
-137.30989934,-0.49607840,-0.73726320
-136.98989935,-0.49607840,-0.75514700
-136.66989935,-0.49607840,-0.75514700
-136.34989935,-0.49607840,-0.75514700
-136.02989935,-0.49607840,-0.75514700
-135.70989935,-0.49607840,-0.75514700
-135.38989936,-0.47822510,-0.61207620
-135.06989936,-0.50498980,-0.75514700
-134.74989936,-0.49607840,-0.73726320
-134.42989936,-0.49607840,-0.75514700
-134.10989936,-0.49607840,-0.75514700
-133.78989937,-0.49607840,-0.75514700
-133.46989937,-0.49607840,-0.75514700
-133.14989937,-0.49607840,-0.75514700
-132.82989937,-0.49607840,-0.75514700
-132.50989937,-0.49607840,-0.73726320
-132.18989938,-0.49607840,-0.75514700
-131.86989938,-0.49607840,-0.75514700
-131.54989938,-0.49607840,-0.75514700
-131.22989938,-0.49607840,-0.75514700
-130.90989938,-0.49607840,-0.75514700
-130.58989938,-0.49607840,-0.75514700
-130.26989939,-0.49607840,-0.75514700
-129.94989939,-0.49607840,-0.75514700
-129.62989939,-0.49607840,-0.75514700
-129.30989939,-0.49607840,-0.75514700
-128.98989939,-0.49607840,-0.75514700
-128.66989940,-0.49607840,-0.75514700
-128.34989940,-0.49607840,-0.75514700
-128.02989940,-0.49607840,-0.75514700
-127.70989940,-0.49607840,-0.75514700
-127.38989940,-0.49607840,-0.75514700
-127.06989941,-0.49607840,-0.75514700
-126.74989941,-0.49607840,-0.75514700
-126.42989941,-0.49607840,-0.75514700
-126.10989941,-0.49607840,-0.75514700
-125.78989941,-0.49607840,-0.77303080
-125.46989942,-0.49607840,-0.75514700
-125.14989942,-0.49607840,-0.75514700
-124.82989942,-0.49607840,-0.77303080
-124.50989942,-0.49607840,-0.75514700
-124.18989942,-0.49607840,-0.75514700
-123.86989943,-0.49607840,-0.75514700
-123.54989943,-0.49607840,-0.75514700
-123.22989943,-0.49607840,-0.75514700
-122.90989943,-0.49607840,-0.75514700
-122.58989943,-0.49607840,-0.75514700
-122.26989944,-0.49607840,-0.77303080
-121.94989944,-0.49607840,-0.75514700
-121.62989944,-0.49607840,-0.77303080
-121.30989944,-0.49607840,-0.75514700
-120.98989944,-0.49607840,-0.75514700
-120.66989945,-0.49607840,-0.75514700
-120.34989945,-0.49607840,-0.75514700
-120.02989945,-0.49607840,-0.75514700
-119.70989945,-0.49607840,-0.75514700
-119.38989945,-0.49607840,-0.75514700
-119.06989945,-0.49607840,-0.75514700
-118.74989946,-0.49607840,-0.75514700
-118.42989946,-0.49607840,-0.75514700
-118.10989946,-0.49607840,-0.75514700
-117.78989946,-0.49607840,-0.77303080
-117.46989946,-0.49607840,-0.75514700
-117.14989947,-0.49607840,-0.75514700
-116.82989947,-0.49607840,-0.71937920
-116.50989947,-0.49607840,-0.75514700
-116.18989947,-0.49607840,-0.75514700
-115.86989947,-0.49607840,-0.77303080
-115.54989948,-0.49607840,-0.77303080
-115.22989948,-0.49607840,-0.75514700
-114.90989948,-0.49607840,-0.75514700
-114.58989948,-0.49607840,-0.75514700
-114.26989948,-0.49607840,-0.75514700
-113.94989949,-0.49607840,-0.75514700
-113.62989949,-0.49607840,-0.75514700
-113.30989949,-0.49607840,-0.75514700
-112.98989949,-0.49607840,-0.75514700
-112.66989949,-0.49607840,-0.77303080
-112.34989950,-0.49607840,-0.75514700
-112.02989950,-0.49607840,-0.75514700
-111.70989950,-0.49607840,-0.75514700
-111.38989950,-0.49607840,-0.77303080
-111.06989950,-0.49607840,-0.77303080
-110.74989951,-0.49607840,-0.75514700
-110.42989951,-0.49607840,-0.75514700
-110.10989951,-0.49607840,-0.77303080
-109.78989951,-0.49607840,-0.75514700
-109.46989951,-0.49607840,-0.77303080
-109.14989952,-0.49607840,-0.75514700
-108.82989952,-0.49607840,-0.75514700
-108.50989952,-0.49607840,-0.75514700
-108.18989952,-0.49607840,-0.79091460
-107.86989952,-0.49607840,-0.75514700
-107.54989952,-0.49607840,-0.75514700
-107.22989953,-0.49607840,-0.75514700
-106.90989953,-0.49607840,-0.75514700
-106.58989953,-0.49607840,-0.75514700
-106.26989953,-0.49607840,-0.77303080
-105.94989953,-0.49607840,-0.75514700
-105.62989954,-0.49607840,-0.75514700
-105.30989954,-0.49607840,-0.77303080
-104.98989954,-0.49607840,-0.77303080
-104.66989954,-0.49607840,-0.75514700
-104.34989954,-0.49607840,-0.75514700
-104.02989955,-0.49607840,-0.75514700
-103.70989955,-0.49607840,-0.75514700
-103.38989955,-0.49607840,-0.75514700
-103.06989955,-0.49607840,-0.77303080
-102.74989955,-0.49607840,-0.75514700
-102.42989956,-0.49607840,-0.71937920
-102.10989956,-0.49607840,-0.75514700
-101.78989956,-0.49607840,-0.75514700
-101.46989956,-0.49607840,-0.77303080
-101.14989956,-0.50498980,-0.77303080
-100.82989957,-0.49607840,-0.79091460
-100.50989957,-0.30887780,-0.55842460
-100.18989957,-0.06820887,-0.20074760
-99.86989957,0.11004970,0.12116154
-99.54989957,0.24375130,0.33570666
-99.22989958,0.33289590,0.49660024
-98.90989958,0.39527570,0.62178720
-98.58989958,0.44877470,0.89004480
-98.26989958,0.44877470,0.76485800
-97.94989958,0.46659750,0.76485800
-97.62989959,0.48442030,0.76485800
-97.30989959,0.47550890,0.80062560
-96.98989959,0.48442030,0.80062560
-96.66989959,0.48442030,0.80062560
-96.34989959,0.47550890,0.80062560
-96.02989959,0.48442030,0.80062560
-95.70989960,0.48442030,0.80062560
-95.38989960,0.48442030,0.81850940
-95.06989960,0.48442030,0.81850940
-94.74989960,0.48442030,0.81850940
-94.42989960,0.48442030,0.81850940
-94.10989961,0.48442030,0.81850940
-93.78989961,0.47550890,0.81850940
-93.46989961,0.48442030,0.80062560
-93.14989961,0.48442030,0.81850940
-92.82989961,0.48442030,0.81850940
-92.50989962,0.48442030,0.81850940
-92.18989962,0.48442030,0.81850940
-91.86989962,0.48442030,0.81850940
-91.54989962,0.48442030,0.83639340
-91.22989962,0.48442030,0.81850940
-90.90989963,0.48442030,0.81850940
-90.58989963,0.48442030,0.81850940
-90.26989963,0.48442030,0.81850940
-89.94989963,0.48442030,0.81850940
-89.62989963,0.48442030,0.81850940
-89.30989964,0.48442030,0.81850940
-88.98989964,0.48442030,0.81850940
-88.66989964,0.48442030,0.81850940
-88.34989964,0.48442030,0.81850940
-88.02989964,0.47550890,0.83639340
-87.70989965,0.48442030,0.81850940
-87.38989965,0.48442030,0.83639340
-87.06989965,0.48442030,0.81850940
-86.74989965,0.48442030,0.83639340
-86.42989965,0.48442030,0.81850940
-86.10989966,0.48442030,0.83639340
-85.78989966,0.48442030,0.81850940
-85.46989966,0.48442030,0.81850940
-85.14989966,0.48442030,0.81850940
-84.82989966,0.48442030,0.81850940
-84.50989966,0.48442030,0.83639340
-84.18989967,0.48442030,0.81850940
-83.86989967,0.48442030,0.81850940
-83.54989967,0.48442030,0.83639340
-83.22989967,0.48442030,0.81850940
-82.90989967,0.48442030,0.83639340
-82.58989968,0.48442030,0.83639340
-82.26989968,0.48442030,0.83639340
-81.94989968,0.47550890,0.83639340
-81.62989968,0.48442030,0.83639340
-81.30989968,0.48442030,0.83639340
-80.98989969,0.48442030,0.83639340
-80.66989969,0.48442030,0.83639340
-80.34989969,0.48442030,0.83639340
-80.02989969,0.48442030,0.81850940
-79.70989969,0.48442030,0.83639340
-79.38989970,0.48442030,0.83639340
-79.06989970,0.48442030,0.83639340
-78.74989970,0.48442030,0.83639340
-78.42989970,0.48442030,0.83639340
-78.10989970,0.48442030,0.83639340
-77.78989971,0.48442030,0.81850940
-77.46989971,0.48442030,0.83639340
-77.14989971,0.49333170,0.83639340
-76.82989971,0.48442030,0.85427720
-76.50989971,0.48442030,0.81850940
-76.18989972,0.48442030,0.83639340
-75.86989972,0.48442030,0.83639340
-75.54989972,0.48442030,0.83639340
-75.22989972,0.48442030,0.83639340
-74.90989972,0.48442030,0.83639340
-74.58989973,0.48442030,0.83639340
-74.26989973,0.48442030,0.83639340
-73.94989973,0.48442030,0.83639340
-73.62989973,0.48442030,0.85427720
-73.30989973,0.48442030,0.83639340
-72.98989973,0.48442030,0.83639340
-72.66989974,0.48442030,0.83639340
-72.34989974,0.48442030,0.83639340
-72.02989974,0.48442030,0.83639340
-71.70989974,0.48442030,0.83639340
-71.38989974,0.48442030,0.83639340
-71.06989975,0.48442030,0.83639340
-70.74989975,0.48442030,0.83639340
-70.42989975,0.48442030,0.83639340
-70.10989975,0.48442030,0.83639340
-69.78989975,0.48442030,0.83639340
-69.46989976,0.48442030,0.83639340
-69.14989976,0.48442030,0.83639340
-68.82989976,0.48442030,0.83639340
-68.50989976,0.48442030,0.83639340
-68.18989976,0.48442030,0.83639340
-67.86989977,0.48442030,0.83639340
-67.54989977,0.48442030,0.83639340
-67.22989977,0.48442030,0.83639340
-66.90989977,0.48442030,0.83639340
-66.58989977,0.48442030,0.83639340
-66.26989978,0.48442030,0.83639340
-65.94989978,0.48442030,0.83639340
-65.62989978,0.48442030,0.83639340
-65.30989978,0.46659750,0.81850940
-64.98989978,0.48442030,0.81850940
-64.66989979,0.48442030,0.87216100
-64.34989979,0.48442030,0.81850940
-64.02989979,0.48442030,0.85427720
-63.70989979,0.48442030,0.83639340
-63.38989979,0.48442030,0.83639340
-63.06989980,0.48442030,0.83639340
-62.74989980,0.50224310,0.78274180
-62.42989980,0.46659750,0.81850940
-62.10989980,0.48442030,0.85427720
-61.78989980,0.48442030,0.83639340
-61.46989980,0.48442030,0.83639340
-61.14989981,0.48442030,0.83639340
-60.82989981,0.48442030,0.83639340
-60.50989981,0.48442030,0.83639340
-60.18989981,0.48442030,0.83639340
-59.86989981,0.48442030,0.83639340
-59.54989982,0.48442030,0.83639340
-59.22989982,0.48442030,0.87216100
-58.90989982,0.48442030,0.83639340
-58.58989982,0.48442030,0.83639340
-58.26989982,0.48442030,0.83639340
-57.94989983,0.48442030,0.83639340
-57.62989983,0.48442030,0.83639340
-57.30989983,0.48442030,0.83639340
-56.98989983,0.48442030,0.83639340
-56.66989983,0.48442030,0.83639340
-56.34989984,0.48442030,0.83639340
-56.02989984,0.48442030,0.83639340
-55.70989984,0.48442030,0.83639340
-55.38989984,0.48442030,0.83639340
-55.06989984,0.48442030,0.83639340
-54.74989985,0.48442030,0.83639340
-54.42989985,0.48442030,0.83639340
-54.10989985,0.48442030,0.83639340
-53.78989985,0.48442030,0.83639340
-53.46989985,0.48442030,0.83639340
-53.14989986,0.48442030,0.83639340
-52.82989986,0.48442030,0.83639340
-52.50989986,0.47550890,0.83639340
-52.18989986,0.48442030,0.83639340
-51.86989986,0.48442030,0.83639340
-51.54989987,0.48442030,0.83639340
-51.22989987,0.48442030,0.83639340
-50.90989987,0.48442030,0.83639340
-50.58989987,0.48442030,0.85427720
-50.26989987,0.35963010,0.76485800
-49.94989987,0.01202429,0.24634846
-49.62989988,-0.22864470,-0.20074760
-49.30989988,-0.37125770,-0.46900540
-48.98989988,-0.44257940,-0.59419240
-48.66989988,-0.47822510,-0.66572760
-48.34989988,-0.48713650,-0.70149540
-48.02989989,-0.48713650,-0.70149540
-47.70989989,-0.49607840,-0.71937920
-47.38989989,-0.49607840,-0.71937920
-47.06989989,-0.49607840,-0.71937920
-46.74989989,-0.49607840,-0.73726320
-46.42989990,-0.49607840,-0.73726320
-46.10989990,-0.49607840,-0.73726320
-45.78989990,-0.49607840,-0.70149540
-45.46989990,-0.49607840,-0.73726320
-45.14989990,-0.49607840,-0.71937920
-44.82989991,-0.49607840,-0.70149540
-44.50989991,-0.49607840,-0.73726320
-44.18989991,-0.49607840,-0.73726320
-43.86989991,-0.49607840,-0.73726320
-43.54989991,-0.49607840,-0.73726320
-43.22989992,-0.49607840,-0.73726320
-42.90989992,-0.49607840,-0.75514700
-42.58989992,-0.49607840,-0.73726320
-42.26989992,-0.49607840,-0.73726320
-41.94989992,-0.49607840,-0.73726320
-41.62989993,-0.49607840,-0.75514700
-41.30989993,-0.49607840,-0.75514700
-40.98989993,-0.49607840,-0.75514700
-40.66989993,-0.49607840,-0.75514700
-40.34989993,-0.49607840,-0.75514700
-40.02989994,-0.49607840,-0.75514700
-39.70989994,-0.49607840,-0.75514700
-39.38989994,-0.49607840,-0.75514700
-39.06989994,-0.49607840,-0.75514700
-38.74989994,-0.49607840,-0.75514700
-38.42989994,-0.49607840,-0.75514700
-38.10989995,-0.49607840,-0.75514700
-37.78989995,-0.49607840,-0.73726320
-37.46989995,-0.49607840,-0.75514700
-37.14989995,-0.49607840,-0.75514700
-36.82989995,-0.49607840,-0.75514700
-36.50989996,-0.49607840,-0.75514700
-36.18989996,-0.49607840,-0.75514700
-35.86989996,-0.49607840,-0.75514700
-35.54989996,-0.49607840,-0.75514700
-35.22989996,-0.49607840,-0.75514700
-34.90989997,-0.49607840,-0.75514700
-34.58989997,-0.49607840,-0.75514700
-34.26989997,-0.49607840,-0.75514700
-33.94989997,-0.49607840,-0.75514700
-33.62989997,-0.49607840,-0.75514700
-33.30989998,-0.49607840,-0.75514700
-32.98989998,-0.49607840,-0.75514700
-32.66989998,-0.49607840,-0.75514700
-32.34989998,-0.49607840,-0.75514700
-32.02989998,-0.49607840,-0.75514700
-31.70989999,-0.49607840,-0.75514700
-31.38989999,-0.49607840,-0.75514700
-31.06989999,-0.49607840,-0.75514700
-30.74989999,-0.49607840,-0.79091460
-30.42989999,-0.49607840,-0.75514700
-30.10990000,-0.49607840,-0.75514700
-29.78990000,-0.49607840,-0.75514700
-29.46990000,-0.49607840,-0.82662120
-29.14990000,-0.50498980,-0.79091460
-28.82990000,-0.48713650,-0.75514700
-28.50990001,-0.49607840,-0.73726320
-28.18990001,-0.49607840,-0.77303080
-27.86990001,-0.49607840,-0.75514700
-27.54990001,-0.49607840,-0.75514700
-27.22990001,-0.49607840,-0.75514700
-26.90990001,-0.49607840,-0.75514700
-26.58990002,-0.47822510,-0.68361160
-26.26990002,-0.49607840,-0.79091460
-25.94990002,-0.49607840,-0.75514700
-25.62990002,-0.49607840,-0.77303080
-25.30990002,-0.49607840,-0.75514700
-24.98990003,-0.49607840,-0.75514700
-24.66990003,-0.49607840,-0.75514700
-24.34990003,-0.49607840,-0.75514700
-24.02990003,-0.49607840,-0.75514700
-23.70990003,-0.49607840,-0.75514700
-23.38990004,-0.49607840,-0.77303080
-23.06990004,-0.49607840,-0.75514700
-22.74990004,-0.49607840,-0.75514700
-22.42990004,-0.49607840,-0.77303080
-22.10990004,-0.49607840,-0.75514700
-21.78990005,-0.49607840,-0.75514700
-21.46990005,-0.49607840,-0.75514700
-21.14990005,-0.49607840,-0.75514700
-20.82990005,-0.49607840,-0.75514700
-20.50990005,-0.49607840,-0.75514700
-20.18990006,-0.49607840,-0.75514700
-19.86990006,-0.49607840,-0.77303080
-19.54990006,-0.49607840,-0.75514700
-19.22990006,-0.49607840,-0.75514700
-18.90990006,-0.49607840,-0.75514700
-18.58990007,-0.49607840,-0.77303080
-18.26990007,-0.49607840,-0.75514700
-17.94990007,-0.49607840,-0.75514700
-17.62990007,-0.49607840,-0.77303080
-17.30990007,-0.49607840,-0.77303080
-16.98990008,-0.49607840,-0.75514700
-16.66990008,-0.49607840,-0.77303080
-16.34990008,-0.49607840,-0.75514700
-16.02990008,-0.49607840,-0.77303080
-15.70990008,-0.49607840,-0.77303080
-15.38990008,-0.49607840,-0.75514700
-15.06990009,-0.49607840,-0.80879860
-14.74990009,-0.49607840,-0.75514700
-14.42990009,-0.49607840,-0.75514700
-14.10990009,-0.49607840,-0.77303080
-13.78990009,-0.49607840,-0.75514700
-13.46990010,-0.49607840,-0.75514700
-13.14990010,-0.49607840,-0.75514700
-12.82990010,-0.49607840,-0.77303080
-12.50990010,-0.49607840,-0.75514700
-12.18990010,-0.49607840,-0.77303080
-11.86990011,-0.49607840,-0.75514700
-11.54990011,-0.49607840,-0.77303080
-11.22990011,-0.49607840,-0.77303080
-10.90990011,-0.49607840,-0.75514700
-10.58990011,-0.49607840,-0.77303080
-10.26990012,-0.49607840,-0.77303080
-9.94990012,-0.49607840,-0.77303080
-9.62990012,-0.49607840,-0.75514700
-9.30990012,-0.49607840,-0.77303080
-8.98990012,-0.49607840,-0.77303080
-8.66990013,-0.49607840,-0.77303080
-8.34990013,-0.49607840,-0.75514700
-8.02990013,-0.49607840,-0.75514700
-7.70990013,-0.49607840,-0.77303080
-7.38990013,-0.49607840,-0.77303080
-7.06990014,-0.49607840,-0.75514700
-6.74990014,-0.49607840,-0.75514700
-6.42990014,-0.49607840,-0.77303080
-6.10990014,-0.49607840,-0.77303080
-5.78990014,-0.49607840,-0.75514700
-5.46990015,-0.49607840,-0.75514700
-5.14990015,-0.49607840,-0.77303080
-4.82990015,-0.49607840,-0.75514700
-4.50990015,-0.49607840,-0.77303080
-4.18990015,-0.49607840,-0.77303080
-3.86990015,-0.49607840,-0.77303080
-3.54990016,-0.49607840,-0.75514700
-3.22990016,-0.49607840,-0.75514700
-2.90990016,-0.49607840,-0.75514700
-2.58990016,-0.49607840,-0.77303080
-2.26990016,-0.49607840,-0.77303080
-1.94990017,-0.49607840,-0.79091460
-1.62990017,-0.49607840,-0.75514700
-1.30990017,-0.49607840,-0.75514700
-0.98990017,-0.49607840,-0.77303080
-0.66990017,-0.46931370,-0.75514700
-0.34990018,-0.26429030,-0.52265700
-0.02990018,-0.02362133,-0.11132840
0.29009982,0.13678400,0.17481308
0.61009982,0.26157410,0.38929716
0.93009982,0.35071870,0.53236800
1.25009981,0.41309850,0.63967100
1.57009981,0.44877470,0.69332260
1.89009981,0.45768610,0.74697400
2.21009981,0.47550890,0.76485800
2.53009981,0.48442030,0.78274180
2.85009980,0.47550890,0.80062560
3.17009980,0.48442030,0.80062560
3.49009980,0.48442030,0.80062560
3.81009980,0.48442030,0.81850940
4.13009980,0.48442030,0.80062560
4.45009979,0.48442030,0.80062560
4.77009979,0.48442030,0.80062560
5.09009979,0.48442030,0.81850940
5.41009979,0.48442030,0.81850940
5.73009979,0.48442030,0.81850940
6.05009978,0.48442030,0.81850940
6.37009978,0.48442030,0.81850940
6.69009978,0.46659750,0.78274180
7.01009978,0.48442030,0.78274180
7.33009978,0.48442030,0.83639340
7.65009977,0.48442030,0.80062560
7.97009977,0.48442030,0.81850940
8.29009977,0.48442030,0.83639340
8.61009977,0.48442030,0.81850940
8.93009977,0.48442030,0.81850940
9.25009977,0.50224310,0.78274180
9.57009976,0.47550890,0.80062560
9.89009976,0.48442030,0.83639340
10.21009976,0.48442030,0.81850940
10.53009976,0.48442030,0.81850940
10.85009976,0.48442030,0.81850940
11.17009975,0.48442030,0.81850940
11.49009975,0.48442030,0.81850940
11.81009975,0.48442030,0.83639340
12.13009975,0.48442030,0.81850940
12.45009975,0.48442030,0.80062560
12.77009974,0.48442030,0.83639340
13.09009974,0.48442030,0.81850940
13.41009974,0.48442030,0.83639340
13.73009974,0.48442030,0.83639340
14.05009974,0.48442030,0.81850940
14.37009973,0.48442030,0.81850940
14.69009973,0.48442030,0.83639340
15.01009973,0.48442030,0.83639340
15.33009973,0.48442030,0.83639340
15.65009973,0.48442030,0.81850940
15.97009972,0.48442030,0.83639340
16.29009972,0.48442030,0.85427720
16.61009972,0.48442030,0.81850940
16.93009972,0.48442030,0.83639340
17.25009972,0.48442030,0.83639340
17.57009971,0.48442030,0.81850940
17.89009971,0.48442030,0.83639340
18.21009971,0.48442030,0.81850940
18.53009971,0.48442030,0.83639340
18.85009971,0.48442030,0.83639340
19.17009970,0.48442030,0.83639340
19.49009970,0.48442030,0.83639340
19.81009970,0.47550890,0.83639340
20.13009970,0.48442030,0.83639340
20.45009970,0.48442030,0.83639340
20.77009970,0.48442030,0.83639340
21.09009969,0.48442030,0.83639340
21.41009969,0.48442030,0.83639340
21.73009969,0.48442030,0.83639340
22.05009969,0.47550890,0.83639340
22.37009969,0.48442030,0.83639340
22.69009968,0.48442030,0.83639340
23.01009968,0.48442030,0.83639340
23.33009968,0.48442030,0.83639340
23.65009968,0.48442030,0.83639340
23.97009968,0.48442030,0.83639340
24.29009967,0.48442030,0.83639340
24.61009967,0.48442030,0.83639340
24.93009967,0.48442030,0.83639340
25.25009967,0.48442030,0.83639340
25.57009967,0.48442030,0.83639340
25.89009966,0.48442030,0.83639340
26.21009966,0.48442030,0.81850940
26.53009966,0.48442030,0.83639340
26.85009966,0.48442030,0.81850940
27.17009966,0.48442030,0.85427720
27.49009965,0.48442030,0.83639340
27.81009965,0.48442030,0.83639340
28.13009965,0.48442030,0.83639340
28.45009965,0.48442030,0.83639340
28.77009965,0.48442030,0.83639340
29.09009964,0.48442030,0.83639340
29.41009964,0.48442030,0.83639340
29.73009964,0.48442030,0.83639340
30.05009964,0.47550890,0.83639340
30.37009964,0.48442030,0.83639340
30.69009963,0.48442030,0.83639340
31.01009963,0.48442030,0.83639340
31.33009963,0.48442030,0.83639340
31.65009963,0.48442030,0.83639340
31.97009963,0.48442030,0.83639340
32.29009963,0.48442030,0.83639340
32.61009962,0.48442030,0.83639340
32.93009962,0.48442030,0.83639340
33.25009962,0.48442030,0.83639340
33.57009962,0.48442030,0.83639340
33.89009962,0.48442030,0.83639340
34.21009961,0.48442030,0.83639340
34.53009961,0.48442030,0.83639340
34.85009961,0.48442030,0.83639340
35.17009961,0.48442030,0.83639340
35.49009961,0.48442030,0.83639340
35.81009960,0.48442030,0.83639340
36.13009960,0.48442030,0.83639340
36.45009960,0.48442030,0.83639340
36.77009960,0.48442030,0.83639340
37.09009960,0.48442030,0.83639340
37.41009959,0.48442030,0.83639340
37.73009959,0.48442030,0.83639340
38.05009959,0.48442030,0.83639340
38.37009959,0.48442030,0.83639340
38.69009959,0.48442030,0.83639340
39.01009958,0.48442030,0.83639340
39.33009958,0.48442030,0.83639340
39.65009958,0.48442030,0.83639340
39.97009958,0.48442030,0.83639340
40.29009958,0.48442030,0.83639340
40.61009957,0.48442030,0.83639340
40.93009957,0.48442030,0.83639340
41.25009957,0.48442030,0.83639340
41.57009957,0.48442030,0.85427720
41.89009957,0.48442030,0.83639340
42.21009956,0.48442030,0.83639340
42.53009956,0.48442030,0.83639340
42.85009956,0.48442030,0.83639340
43.17009956,0.46659750,0.89004480
43.49009956,0.48442030,0.80062560
43.81009956,0.48442030,0.87216100
44.13009955,0.48442030,0.81850940
44.45009955,0.48442030,0.83639340
44.77009955,0.48442030,0.83639340
45.09009955,0.48442030,0.83639340
45.41009955,0.48442030,0.83639340
45.73009954,0.48442030,0.92581260
46.05009954,0.47550890,0.85427720
46.37009954,0.48442030,0.85427720
46.69009954,0.48442030,0.83639340
47.01009954,0.48442030,0.83639340
47.33009953,0.48442030,0.80062560
47.65009953,0.47550890,0.83639340
47.97009953,0.48442030,0.83639340
48.29009953,0.48442030,0.83639340
48.61009953,0.48442030,0.83639340
48.93009952,0.48442030,0.83639340
49.25009952,0.48442030,0.83639340
49.57009952,0.47550890,0.83639340
49.89009952,0.28830840,0.67543860
50.21009952,-0.04147466,0.13904538
50.53009951,-0.26429030,-0.25439920
50.85009951,-0.38911100,-0.48688920
51.17009951,-0.44257940,-0.61207620
51.49009951,-0.46931370,-0.66572760
51.81009951,-0.48713650,-0.68361160
52.13009950,-0.49607840,-0.70149540
52.45009950,-0.49607840,-0.73726320
52.77009950,-0.49607840,-0.71937920
53.09009950,-0.49607840,-0.73726320
53.41009950,-0.49607840,-0.73726320
53.73009949,-0.49607840,-0.73726320
54.05009949,-0.49607840,-0.73726320
54.37009949,-0.49607840,-0.73726320
54.69009949,-0.49607840,-0.73726320
55.01009949,-0.49607840,-0.73726320
55.33009949,-0.49607840,-0.73726320
55.65009948,-0.49607840,-0.73726320
55.97009948,-0.49607840,-0.71937920
56.29009948,-0.49607840,-0.75514700
56.61009948,-0.49607840,-0.73726320
56.93009948,-0.49607840,-0.73726320
57.25009947,-0.49607840,-0.75514700
57.57009947,-0.49607840,-0.71937920
57.89009947,-0.49607840,-0.75514700
58.21009947,-0.49607840,-0.73726320
58.53009947,-0.49607840,-0.75514700
58.85009946,-0.49607840,-0.75514700
59.17009946,-0.49607840,-0.73726320
59.49009946,-0.49607840,-0.75514700
59.81009946,-0.49607840,-0.73726320
60.13009946,-0.49607840,-0.75514700
60.45009945,-0.49607840,-0.75514700
60.77009945,-0.49607840,-0.73726320
61.09009945,-0.49607840,-0.75514700
61.41009945,-0.49607840,-0.75514700
61.73009945,-0.49607840,-0.75514700
62.05009944,-0.49607840,-0.75514700
62.37009944,-0.49607840,-0.75514700
62.69009944,-0.49607840,-0.75514700
63.01009944,-0.49607840,-0.75514700
63.33009944,-0.49607840,-0.75514700
63.65009943,-0.49607840,-0.75514700
63.97009943,-0.49607840,-0.75514700
64.29009943,-0.49607840,-0.75514700
64.61009943,-0.49607840,-0.75514700
64.93009943,-0.49607840,-0.75514700
65.25009942,-0.49607840,-0.75514700
65.57009942,-0.49607840,-0.75514700
65.89009942,-0.49607840,-0.75514700
66.21009942,-0.49607840,-0.75514700
66.53009942,-0.49607840,-0.75514700
66.85009942,-0.49607840,-0.75514700
67.17009941,-0.49607840,-0.75514700
67.49009941,-0.49607840,-0.75514700
67.81009941,-0.49607840,-0.75514700
68.13009941,-0.49607840,-0.75514700
68.45009941,-0.49607840,-0.75514700
68.77009940,-0.49607840,-0.75514700
69.09009940,-0.49607840,-0.75514700
69.41009940,-0.49607840,-0.75514700
69.73009940,-0.49607840,-0.75514700
70.05009940,-0.49607840,-0.79091460
70.37009939,-0.49607840,-0.75514700
70.69009939,-0.49607840,-0.75514700
71.01009939,-0.49607840,-0.75514700
71.33009939,-0.49607840,-0.75514700
71.65009939,-0.49607840,-0.75514700
71.97009938,-0.49607840,-0.75514700
72.29009938,-0.49607840,-0.75514700
72.61009938,-0.49607840,-0.75514700
72.93009938,-0.49607840,-0.75514700
73.25009938,-0.49607840,-0.75514700
73.57009937,-0.49607840,-0.75514700
73.89009937,-0.49607840,-0.75514700
74.21009937,-0.49607840,-0.75514700
74.53009937,-0.49607840,-0.75514700
74.85009937,-0.49607840,-0.75514700
75.17009936,-0.49607840,-0.75514700
75.49009936,-0.49607840,-0.77303080
75.81009936,-0.49607840,-0.75514700
76.13009936,-0.49607840,-0.75514700
76.45009936,-0.49607840,-0.75514700
76.77009935,-0.49607840,-0.75514700
77.09009935,-0.49607840,-0.75514700
77.41009935,-0.49607840,-0.75514700
77.73009935,-0.49607840,-0.75514700
78.05009935,-0.49607840,-0.77303080
78.37009935,-0.49607840,-0.75514700
78.69009934,-0.49607840,-0.77303080
79.01009934,-0.49607840,-0.77303080
79.33009934,-0.49607840,-0.75514700
79.65009934,-0.49607840,-0.75514700
79.97009934,-0.49607840,-0.77303080
80.29009933,-0.51390120,-0.80879860
80.61009933,-0.49607840,-0.79091460
80.93009933,-0.49607840,-0.73726320
81.25009933,-0.49607840,-0.77303080
81.57009933,-0.49607840,-0.75514700
81.89009932,-0.49607840,-0.75514700
82.21009932,-0.49607840,-0.77303080
82.53009932,-0.49607840,-0.75514700
82.85009932,-0.47822510,-0.59419240
83.17009932,-0.49607840,-0.75514700
83.49009931,-0.49607840,-0.75514700
83.81009931,-0.49607840,-0.77303080
84.13009931,-0.49607840,-0.77303080
84.45009931,-0.49607840,-0.75514700
84.77009931,-0.49607840,-0.75514700
85.09009930,-0.49607840,-0.75514700
85.41009930,-0.49607840,-0.77303080
85.73009930,-0.49607840,-0.77303080
86.05009930,-0.49607840,-0.75514700
86.37009930,-0.49607840,-0.75514700
86.69009929,-0.49607840,-0.75514700
87.01009929,-0.49607840,-0.77303080
87.33009929,-0.49607840,-0.77303080
87.65009929,-0.49607840,-0.75514700
87.97009929,-0.49607840,-0.77303080
88.29009928,-0.49607840,-0.77303080
88.61009928,-0.49607840,-0.77303080
88.93009928,-0.49607840,-0.75514700
89.25009928,-0.49607840,-0.75514700
89.57009928,-0.49607840,-0.77303080
89.89009928,-0.49607840,-0.75514700
90.21009927,-0.49607840,-0.75514700
90.53009927,-0.49607840,-0.77303080
90.85009927,-0.49607840,-0.75514700
91.17009927,-0.49607840,-0.77303080
91.49009927,-0.49607840,-0.75514700
91.81009926,-0.49607840,-0.77303080
92.13009926,-0.49607840,-0.75514700
92.45009926,-0.49607840,-0.77303080
92.77009926,-0.49607840,-0.77303080
93.09009926,-0.49607840,-0.75514700
93.41009925,-0.49607840,-0.77303080
93.73009925,-0.49607840,-0.77303080
94.05009925,-0.49607840,-0.77303080
94.37009925,-0.49607840,-0.77303080
94.69009925,-0.49607840,-0.75514700
95.01009924,-0.49607840,-0.77303080
95.33009924,-0.49607840,-0.77303080
95.65009924,-0.49607840,-0.75514700
95.97009924,-0.49607840,-0.77303080
96.29009924,-0.49607840,-0.75514700
96.61009923,-0.49607840,-0.77303080
96.93009923,-0.49607840,-0.75514700
97.25009923,-0.49607840,-0.75514700
97.57009923,-0.49607840,-0.77303080
97.89009923,-0.49607840,-0.75514700
98.21009922,-0.49607840,-0.77303080
98.53009922,-0.49607840,-0.75514700
98.85009922,-0.49607840,-0.77303080
99.17009922,-0.49607840,-0.75514700
99.49009922,-0.44257940,-0.73726320
99.81009921,-0.21082190,-0.45112160
100.13009921,0.00311289,-0.03979300
100.45009921,0.16351820,0.19269692
100.77009921,0.27048560,0.40718100
101.09009921,0.35963010,0.55025180
101.41009921,0.41309850,0.67543860
101.73009920,0.44877470,0.72909020
102.05009920,0.46659750,0.76485800
102.37009920,0.46659750,0.76485800
102.69009920,0.47550890,0.78274180
103.01009920,0.48442030,0.78274180
103.33009919,0.48442030,0.80062560
103.65009919,0.48442030,0.80062560
103.97009919,0.48442030,0.81850940
104.29009919,0.48442030,0.80062560
104.61009919,0.48442030,0.81850940
104.93009918,0.48442030,0.81850940
105.25009918,0.48442030,0.81850940
105.57009918,0.48442030,0.81850940
105.89009918,0.48442030,0.81850940
106.21009918,0.48442030,0.81850940
106.53009917,0.48442030,0.81850940
106.85009917,0.47550890,0.81850940
107.17009917,0.48442030,0.81850940
107.49009917,0.48442030,0.81850940
107.81009917,0.48442030,0.81850940
108.13009916,0.48442030,0.81850940
108.45009916,0.48442030,0.81850940
108.77009916,0.48442030,0.81850940
109.09009916,0.48442030,0.81850940
109.41009916,0.48442030,0.81850940
109.73009915,0.48442030,0.81850940
110.05009915,0.48442030,0.81850940
110.37009915,0.48442030,0.83639340
110.69009915,0.48442030,0.81850940
111.01009915,0.48442030,0.83639340
111.33009914,0.48442030,0.81850940
111.65009914,0.48442030,0.81850940
111.97009914,0.48442030,0.81850940
112.29009914,0.48442030,0.81850940
112.61009914,0.48442030,0.83639340
112.93009914,0.48442030,0.81850940
113.25009913,0.48442030,0.80062560
113.57009913,0.48442030,0.81850940
113.89009913,0.48442030,0.83639340
114.21009913,0.48442030,0.81850940
114.53009913,0.48442030,0.81850940
114.85009912,0.48442030,0.83639340
115.17009912,0.48442030,0.83639340
115.49009912,0.48442030,0.83639340
115.81009912,0.48442030,0.83639340
116.13009912,0.48442030,0.83639340
116.45009911,0.48442030,0.83639340
116.77009911,0.48442030,0.81850940
117.09009911,0.48442030,0.83639340
117.41009911,0.46659750,0.80062560
117.73009911,0.48442030,0.80062560
118.05009910,0.48442030,0.85427720
118.37009910,0.47550890,0.81850940
118.69009910,0.48442030,0.83639340
119.01009910,0.47550890,0.83639340
119.33009910,0.48442030,0.81850940
119.65009909,0.48442030,0.83639340
119.97009909,0.50224310,0.97946420
120.29009909,0.47550890,0.83639340
120.61009909,0.48442030,0.83639340
120.93009909,0.48442030,0.81850940
121.25009908,0.48442030,0.83639340
121.57009908,0.48442030,0.81850940
121.89009908,0.48442030,0.83639340
122.21009908,0.48442030,0.83639340
122.53009908,0.48442030,0.81850940
122.85009907,0.48442030,0.83639340
123.17009907,0.48442030,0.83639340
123.49009907,0.48442030,0.83639340
123.81009907,0.48442030,0.83639340
124.13009907,0.48442030,0.83639340
124.45009907,0.48442030,0.83639340
124.77009906,0.48442030,0.83639340
125.09009906,0.48442030,0.83639340
125.41009906,0.48442030,0.83639340
125.73009906,0.48442030,0.83639340
126.05009906,0.48442030,0.83639340
126.37009905,0.48442030,0.83639340
126.69009905,0.48442030,0.83639340
127.01009905,0.48442030,0.83639340
127.33009905,0.48442030,0.85427720
127.65009905,0.48442030,0.81850940
127.97009904,0.48442030,0.83639340
128.29009904,0.48442030,0.83639340
128.61009904,0.48442030,0.83639340
128.93009904,0.48442030,0.87216100
129.25009904,0.48442030,0.83639340
129.57009903,0.48442030,0.83639340
129.89009903,0.48442030,0.83639340
130.21009903,0.48442030,0.83639340
130.53009903,0.47550890,0.83639340
130.85009903,0.48442030,0.83639340
131.17009902,0.48442030,0.83639340
131.49009902,0.48442030,0.83639340
131.81009902,0.47550890,0.83639340
132.13009902,0.48442030,0.85427720
132.45009902,0.48442030,0.83639340
132.77009901,0.48442030,0.83639340
133.09009901,0.48442030,0.83639340
133.41009901,0.48442030,0.83639340
133.73009901,0.48442030,0.83639340
134.05009901,0.48442030,0.83639340
134.37009900,0.47550890,0.83639340
134.69009900,0.48442030,0.83639340
135.01009900,0.48442030,0.83639340
135.33009900,0.48442030,0.83639340
135.65009900,0.48442030,0.83639340
135.97009900,0.48442030,0.83639340
136.29009899,0.48442030,0.85427720
136.61009899,0.48442030,0.83639340
136.93009899,0.48442030,0.83639340
137.25009899,0.48442030,0.83639340
137.57009899,0.48442030,0.85427720
137.89009898,0.48442030,0.83639340
138.21009898,0.48442030,0.85427720
138.53009898,0.48442030,0.83639340
138.85009898,0.48442030,0.83639340
139.17009898,0.48442030,0.83639340
139.49009897,0.48442030,0.83639340
139.81009897,0.48442030,0.83639340
140.13009897,0.48442030,0.83639340
140.45009897,0.47550890,0.83639340
140.77009897,0.48442030,0.83639340
141.09009896,0.48442030,0.83639340
141.41009896,0.48442030,0.83639340
141.73009896,0.48442030,0.83639340
142.05009896,0.48442030,0.81850940
142.37009896,0.48442030,0.83639340
142.69009895,0.48442030,0.83639340
143.01009895,0.48442030,0.83639340
143.33009895,0.48442030,0.83639340
143.65009895,0.48442030,0.83639340
143.97009895,0.48442030,0.83639340
144.29009894,0.48442030,0.83639340
144.61009894,0.48442030,0.83639340
144.93009894,0.48442030,0.83639340
145.25009894,0.48442030,0.83639340
145.57009894,0.48442030,0.83639340
145.89009893,0.48442030,0.83639340
146.21009893,0.48442030,0.83639340
146.53009893,0.48442030,0.83639340
146.85009893,0.48442030,0.83639340
147.17009893,0.48442030,0.83639340
147.49009893,0.48442030,0.83639340
147.81009892,0.48442030,0.83639340
148.13009892,0.48442030,0.83639340
148.45009892,0.48442030,0.83639340
148.77009892,0.48442030,0.83639340
149.09009892,0.48442030,0.83639340
149.41009891,0.21701710,0.58601940
149.73009891,-0.10385450,0.04962620
150.05009891,-0.29996640,-0.32593460
150.37009891,-0.40693380,-0.54054080
150.69009891,-0.46040220,-0.62996000
151.01009890,-0.47822510,-0.66572760
151.33009890,-0.49607840,-0.70149540
151.65009890,-0.48713650,-0.71937920
151.97009890,-0.49607840,-0.71937920
152.29009890,-0.49607840,-0.71937920
152.61009889,-0.49607840,-0.71937920
152.93009889,-0.49607840,-0.73726320
153.25009889,-0.49607840,-0.73726320
153.57009889,-0.47822510,-0.73726320
153.89009889,-0.50498980,-0.77303080
154.21009888,-0.47822510,-0.73726320
154.53009888,-0.49607840,-0.73726320
154.85009888,-0.49607840,-0.75514700
155.17009888,-0.49607840,-0.73726320
155.49009888,-0.49607840,-0.73726320
155.81009887,-0.49607840,-0.73726320
156.13009887,-0.49607840,-0.73726320
156.45009887,-0.48713650,-0.73726320
156.77009887,-0.49607840,-0.77303080
157.09009887,-0.49607840,-0.73726320
157.41009886,-0.49607840,-0.75514700
157.73009886,-0.49607840,-0.75514700
158.05009886,-0.49607840,-0.73726320
158.37009886,-0.49607840,-0.75514700
158.69009886,-0.49607840,-0.75514700
159.01009886,-0.49607840,-0.75514700
159.33009885,-0.49607840,-0.75514700
159.65009885,-0.49607840,-0.75514700
159.97009885,-0.49607840,-0.75514700
160.29009885,-0.49607840,-0.75514700
160.61009885,-0.49607840,-0.75514700
160.93009884,-0.49607840,-0.75514700
161.25009884,-0.49607840,-0.75514700
161.57009884,-0.49607840,-0.75514700
161.89009884,-0.49607840,-0.75514700
162.21009884,-0.49607840,-0.75514700
162.53009883,-0.49607840,-0.75514700
162.85009883,-0.49607840,-0.75514700
163.17009883,-0.49607840,-0.75514700
163.49009883,-0.49607840,-0.75514700
163.81009883,-0.49607840,-0.77303080
164.13009882,-0.49607840,-0.75514700
164.45009882,-0.49607840,-0.75514700
164.77009882,-0.49607840,-0.75514700
165.09009882,-0.49607840,-0.75514700
165.41009882,-0.49607840,-0.75514700
165.73009881,-0.49607840,-0.75514700
166.05009881,-0.49607840,-0.75514700
166.37009881,-0.49607840,-0.77303080
166.69009881,-0.49607840,-0.70149540
167.01009881,-0.49607840,-0.77303080
167.33009880,-0.49607840,-0.73726320
167.65009880,-0.49607840,-0.75514700
167.97009880,-0.49607840,-0.75514700
168.29009880,-0.49607840,-0.75514700
168.61009880,-0.49607840,-0.75514700
168.93009879,-0.49607840,-0.75514700
169.25009879,-0.49607840,-0.75514700
169.57009879,-0.49607840,-0.77303080
169.89009879,-0.49607840,-0.75514700
170.21009879,-0.49607840,-0.75514700
170.53009879,-0.49607840,-0.75514700
170.85009878,-0.49607840,-0.77303080
171.17009878,-0.49607840,-0.75514700
171.49009878,-0.49607840,-0.75514700
171.81009878,-0.49607840,-0.75514700
172.13009878,-0.49607840,-0.75514700
172.45009877,-0.49607840,-0.77303080
172.77009877,-0.49607840,-0.75514700
173.09009877,-0.49607840,-0.75514700
173.41009877,-0.49607840,-0.75514700
173.73009877,-0.49607840,-0.75514700
174.05009876,-0.49607840,-0.75514700
174.37009876,-0.49607840,-0.75514700
174.69009876,-0.49607840,-0.77303080
175.01009876,-0.49607840,-0.75514700
175.33009876,-0.49607840,-0.77303080
175.65009875,-0.49607840,-0.77303080
175.97009875,-0.49607840,-0.75514700
176.29009875,-0.49607840,-0.75514700
176.61009875,-0.49607840,-0.75514700
176.93009875,-0.49607840,-0.75514700
177.25009874,-0.49607840,-0.75514700
177.57009874,-0.49607840,-0.75514700
177.89009874,-0.49607840,-0.75514700
178.21009874,-0.49607840,-0.75514700
178.53009874,-0.49607840,-0.75514700
178.85009873,-0.49607840,-0.75514700
179.17009873,-0.49607840,-0.75514700
179.49009873,-0.49607840,-0.75514700
179.81009873,-0.49607840,-0.75514700
180.13009873,-0.49607840,-0.77303080
180.45009872,-0.49607840,-0.75514700
180.77009872,-0.49607840,-0.75514700
181.09009872,-0.49607840,-0.77303080
181.41009872,-0.49607840,-0.75514700
181.73009872,-0.49607840,-0.75514700
182.05009872,-0.49607840,-0.75514700
182.37009871,-0.49607840,-0.77303080
182.69009871,-0.49607840,-0.75514700
183.01009871,-0.49607840,-0.75514700
183.33009871,-0.49607840,-0.75514700
183.65009871,-0.49607840,-0.77303080
183.97009870,-0.49607840,-0.77303080
184.29009870,-0.49607840,-0.75514700
184.61009870,-0.49607840,-0.77303080
184.93009870,-0.49607840,-0.77303080
185.25009870,-0.49607840,-0.75514700
185.57009869,-0.49607840,-0.77303080
185.89009869,-0.49607840,-0.77303080
186.21009869,-0.49607840,-0.75514700
186.53009869,-0.49607840,-0.77303080
186.85009869,-0.49607840,-0.75514700
187.17009868,-0.49607840,-0.75514700
187.49009868,-0.49607840,-0.75514700
187.81009868,-0.49607840,-0.75514700
188.13009868,-0.49607840,-0.75514700
188.45009868,-0.49607840,-0.75514700
188.77009867,-0.49607840,-0.77303080
189.09009867,-0.49607840,-0.75514700
189.41009867,-0.49607840,-0.75514700
189.73009867,-0.47822510,-0.86238900
190.05009867,-0.49607840,-0.79091460
190.37009866,-0.48713650,-0.73726320
190.69009866,-0.49607840,-0.75514700
191.01009866,-0.49607840,-0.77303080
191.33009866,-0.49607840,-0.75514700
191.65009866,-0.49607840,-0.77303080
191.97009865,-0.49607840,-0.77303080
192.29009865,-0.49607840,-0.75514700
192.61009865,-0.48713650,-0.75514700
192.93009865,-0.49607840,-0.80879860
193.25009865,-0.49607840,-0.75514700
193.57009865,-0.49607840,-0.77303080
193.89009864,-0.49607840,-0.77303080
194.21009864,-0.49607840,-0.77303080
194.53009864,-0.49607840,-0.75514700
194.85009864,-0.49607840,-0.75514700
195.17009864,-0.49607840,-0.75514700
195.49009863,-0.49607840,-0.75514700
195.81009863,-0.49607840,-0.75514700
196.13009863,-0.48713650,-0.75514700
196.45009863,-0.49607840,-0.75514700
196.77009863,-0.49607840,-0.77303080
197.09009862,-0.49607840,-0.77303080
197.41009862,-0.49607840,-0.77303080
197.73009862,-0.49607840,-0.77303080
198.05009862,-0.49607840,-0.75514700
198.37009862,-0.49607840,-0.77303080
198.69009861,-0.49607840,-0.77303080
199.01009861,-0.49607840,-0.77303080
199.33009861,-0.49607840,-0.75514700
199.65009861,-0.41584520,-0.70149540
199.97009861,-0.16626480,-0.36170240
200.29009860,0.03875851,-0.00402540
200.61009860,0.18134100,0.24634846
200.93009860,0.29721980,0.44294870
201.25009860,0.37745290,0.58601940
201.57009860,0.41309850,0.67543860
201.89009859,0.44877470,0.72909020
202.21009859,0.46659750,0.76485800
202.53009859,0.47550890,0.76485800
202.85009859,0.46659750,0.78274180
203.17009859,0.48442030,0.80062560
203.49009858,0.47550890,0.80062560
203.81009858,0.48442030,0.80062560
204.13009858,0.48442030,0.80062560
204.45009858,0.48442030,0.80062560
204.77009858,0.48442030,0.80062560
205.09009858,0.48442030,0.81850940
205.41009857,0.48442030,0.81850940
205.73009857,0.48442030,0.81850940
206.05009857,0.48442030,0.81850940
206.37009857,0.48442030,0.81850940
206.69009857,0.48442030,0.81850940
207.01009856,0.48442030,0.81850940
207.33009856,0.48442030,0.81850940
207.65009856,0.48442030,0.81850940
207.97009856,0.48442030,0.81850940
208.29009856,0.48442030,0.81850940
208.61009855,0.47550890,0.81850940
208.93009855,0.48442030,0.81850940
209.25009855,0.48442030,0.81850940
209.57009855,0.48442030,0.81850940
209.89009855,0.48442030,0.81850940
210.21009854,0.48442030,0.81850940
210.53009854,0.48442030,0.83639340
210.85009854,0.48442030,0.81850940
211.17009854,0.48442030,0.83639340
211.49009854,0.48442030,0.83639340
211.81009853,0.48442030,0.81850940
212.13009853,0.48442030,0.83639340
212.45009853,0.48442030,0.83639340
212.77009853,0.47550890,0.83639340
213.09009853,0.48442030,0.83639340
213.41009852,0.48442030,0.81850940
213.73009852,0.48442030,0.83639340
214.05009852,0.48442030,0.83639340
214.37009852,0.48442030,0.83639340
214.69009852,0.48442030,0.81850940
215.01009851,0.48442030,0.83639340
215.33009851,0.48442030,0.83639340
215.65009851,0.48442030,0.83639340
215.97009851,0.48442030,0.81850940
216.29009851,0.48442030,0.81850940
216.61009851,0.48442030,0.83639340
216.93009850,0.48442030,0.83639340
217.25009850,0.48442030,0.83639340
217.57009850,0.48442030,0.81850940
217.89009850,0.48442030,0.83639340
218.21009850,0.48442030,0.83639340
218.53009849,0.48442030,0.83639340
218.85009849,0.48442030,0.83639340
219.17009849,0.48442030,0.83639340
219.49009849,0.48442030,0.83639340
219.81009849,0.47550890,0.81850940
220.13009848,0.48442030,0.83639340
220.45009848,0.48442030,0.83639340
220.77009848,0.48442030,0.83639340
221.09009848,0.48442030,0.83639340
221.41009848,0.48442030,0.83639340
221.73009847,0.48442030,0.81850940
222.05009847,0.48442030,0.83639340
222.37009847,0.48442030,0.83639340
222.69009847,0.48442030,0.83639340
223.01009847,0.48442030,0.83639340
223.33009846,0.48442030,0.83639340
223.65009846,0.48442030,0.83639340
223.97009846,0.48442030,0.83639340
224.29009846,0.48442030,0.83639340
224.61009846,0.48442030,0.83639340
224.93009845,0.48442030,0.83639340
225.25009845,0.48442030,0.83639340
225.57009845,0.48442030,0.83639340
225.89009845,0.48442030,0.83639340
226.21009845,0.48442030,0.83639340
226.53009844,0.46659750,0.87216100
226.85009844,0.48442030,0.81850940
227.17009844,0.48442030,0.87216100
227.49009844,0.47550890,0.83639340
227.81009844,0.48442030,0.83639340
228.13009844,0.48442030,0.83639340
228.45009843,0.48442030,0.83639340
228.77009843,0.48442030,0.83639340
229.09009843,0.48442030,0.83639340
229.41009843,0.46659750,0.83639340
229.73009843,0.48442030,0.83639340
230.05009842,0.48442030,0.83639340
230.37009842,0.48442030,0.83639340
230.69009842,0.48442030,0.83639340
231.01009842,0.48442030,0.83639340
231.33009842,0.48442030,0.83639340
231.65009841,0.48442030,0.83639340
231.97009841,0.48442030,0.83639340
232.29009841,0.48442030,0.83639340
232.61009841,0.48442030,0.83639340
232.93009841,0.48442030,0.83639340
233.25009840,0.48442030,0.83639340
233.57009840,0.48442030,0.83639340
233.89009840,0.48442030,0.83639340
234.21009840,0.48442030,0.83639340
234.53009840,0.48442030,0.85427720
234.85009839,0.48442030,0.83639340
235.17009839,0.48442030,0.83639340
235.49009839,0.47550890,0.83639340
235.81009839,0.46659750,0.78274180
236.13009839,0.48442030,0.83639340
236.45009838,0.48442030,0.85427720
236.77009838,0.48442030,0.83639340
237.09009838,0.48442030,0.83639340
237.41009838,0.48442030,0.83639340
237.73009838,0.48442030,0.83639340
238.05009837,0.48442030,0.83639340
238.37009837,0.48442030,0.83639340
238.69009837,0.48442030,0.83639340
239.01009837,0.47550890,0.83639340
239.33009837,0.48442030,0.83639340
239.65009837,0.48442030,0.83639340
239.97009836,0.47550890,0.83639340
240.29009836,0.48442030,0.83639340
240.61009836,0.48442030,0.83639340
240.93009836,0.48442030,0.85427720
241.25009836,0.48442030,0.83639340
241.57009835,0.48442030,0.83639340
241.89009835,0.48442030,0.83639340
242.21009835,0.47550890,0.83639340
242.53009835,0.47550890,0.81850940
242.85009835,0.47550890,0.83639340
243.17009834,0.48442030,0.83639340
243.49009834,0.47550890,0.83639340
243.81009834,0.48442030,0.83639340
244.13009834,0.48442030,0.85427720
244.45009834,0.48442030,0.81850940
244.77009833,0.48442030,0.83639340
245.09009833,0.47550890,0.83639340
245.41009833,0.48442030,0.83639340
245.73009833,0.48442030,0.85427720
246.05009833,0.48442030,0.83639340
246.37009832,0.48442030,0.83639340
246.69009832,0.48442030,0.83639340
247.01009832,0.48442030,0.83639340
247.33009832,0.48442030,0.85427720
247.65009832,0.48442030,0.83639340
247.97009831,0.48442030,0.83639340
248.29009831,0.48442030,0.83639340
248.61009831,0.48442030,0.83639340
248.93009831,0.48442030,0.83639340
249.25009831,0.46659750,0.83639340
249.57009830,0.14569540,0.47871640
249.89009830,-0.15735340,-0.03979300
250.21009830,-0.31778920,-0.37958620
250.53009830,-0.41584520,-0.54054080
250.85009830,-0.46040220,-0.62996000
251.17009830,-0.47822510,-0.66572760
251.49009829,-0.49607840,-0.70149540
251.81009829,-0.49607840,-0.70149540
252.13009829,-0.49607840,-0.71937920
252.45009829,-0.49607840,-0.71937920
252.77009829,-0.49607840,-0.71937920
253.09009828,-0.49607840,-0.73726320
253.41009828,-0.49607840,-0.73726320
253.73009828,-0.49607840,-0.73726320
254.05009828,-0.49607840,-0.73726320
254.37009828,-0.49607840,-0.73726320
254.69009827,-0.49607840,-0.73726320
255.01009827,-0.49607840,-0.73726320
255.33009827,-0.49607840,-0.73726320
255.65009827,-0.49607840,-0.73726320
255.97009827,-0.49607840,-0.73726320
256.29009826,-0.49607840,-0.75514700
256.61009826,-0.49607840,-0.73726320
256.93009826,-0.49607840,-0.77303080
257.25009826,-0.49607840,-0.73726320
257.57009826,-0.49607840,-0.75514700
257.89009825,-0.49607840,-0.73726320
258.21009825,-0.49607840,-0.73726320
258.53009825,-0.49607840,-0.73726320
258.85009825,-0.49607840,-0.73726320
259.17009825,-0.49607840,-0.73726320
259.49009824,-0.49607840,-0.73726320
259.81009824,-0.49607840,-0.75514700
260.13009824,-0.49607840,-0.73726320
260.45009824,-0.49607840,-0.75514700
260.77009824,-0.49607840,-0.73726320
261.09009823,-0.49607840,-0.75514700
261.41009823,-0.49607840,-0.73726320
261.73009823,-0.49607840,-0.75514700
262.05009823,-0.49607840,-0.75514700
262.37009823,-0.49607840,-0.75514700
262.69009822,-0.49607840,-0.75514700
263.01009822,-0.49607840,-0.75514700
263.33009822,-0.49607840,-0.86238900
263.65009822,-0.50498980,-0.79091460
263.97009822,-0.49607840,-0.73726320
264.29009822,-0.49607840,-0.73726320
264.61009821,-0.49607840,-0.77303080
264.93009821,-0.49607840,-0.75514700
265.25009821,-0.49607840,-0.75514700
265.57009821,-0.49607840,-0.75514700
265.89009821,-0.49607840,-0.75514700
266.21009820,-0.47822510,-0.70149540
266.53009820,-0.49607840,-0.80879860
266.85009820,-0.49607840,-0.75514700
267.17009820,-0.49607840,-0.75514700
267.49009820,-0.49607840,-0.75514700
267.81009819,-0.49607840,-0.75514700
268.13009819,-0.49607840,-0.75514700
268.45009819,-0.49607840,-0.75514700
268.77009819,-0.49607840,-0.75514700
269.09009819,-0.49607840,-0.75514700
269.41009818,-0.49607840,-0.75514700
269.73009818,-0.49607840,-0.75514700
270.05009818,-0.49607840,-0.75514700
270.37009818,-0.49607840,-0.75514700
270.69009818,-0.49607840,-0.75514700
271.01009817,-0.49607840,-0.75514700
271.33009817,-0.49607840,-0.77303080
271.65009817,-0.49607840,-0.75514700
271.97009817,-0.49607840,-0.77303080
272.29009817,-0.49607840,-0.75514700
272.61009816,-0.49607840,-0.75514700
272.93009816,-0.49607840,-0.75514700
273.25009816,-0.49607840,-0.75514700
273.57009816,-0.49607840,-0.75514700
273.89009816,-0.49607840,-0.75514700
274.21009815,-0.49607840,-0.75514700
274.53009815,-0.49607840,-0.75514700
274.85009815,-0.49607840,-0.75514700
275.17009815,-0.49607840,-0.75514700
275.49009815,-0.49607840,-0.75514700
275.81009815,-0.49607840,-0.75514700
276.13009814,-0.49607840,-0.75514700
276.45009814,-0.49607840,-0.75514700
276.77009814,-0.49607840,-0.75514700
277.09009814,-0.49607840,-0.75514700
277.41009814,-0.49607840,-0.75514700
277.73009813,-0.49607840,-0.77303080
278.05009813,-0.49607840,-0.75514700
278.37009813,-0.49607840,-0.75514700
278.69009813,-0.49607840,-0.75514700
279.01009813,-0.49607840,-0.75514700
279.33009812,-0.49607840,-0.77303080
279.65009812,-0.49607840,-0.75514700
279.97009812,-0.49607840,-0.75514700
280.29009812,-0.49607840,-0.75514700
280.61009812,-0.49607840,-0.75514700
280.93009811,-0.49607840,-0.75514700
281.25009811,-0.49607840,-0.75514700
281.57009811,-0.49607840,-0.75514700
281.89009811,-0.49607840,-0.75514700
282.21009811,-0.49607840,-0.77303080
282.53009810,-0.49607840,-0.75514700
282.85009810,-0.49607840,-0.77303080
283.17009810,-0.49607840,-0.75514700
283.49009810,-0.49607840,-0.77303080
283.81009810,-0.49607840,-0.77303080
284.13009809,-0.49607840,-0.75514700
284.45009809,-0.49607840,-0.77303080
284.77009809,-0.49607840,-0.73726320
285.09009809,-0.49607840,-0.75514700
285.41009809,-0.49607840,-0.77303080
285.73009808,-0.49607840,-0.79091460
286.05009808,-0.49607840,-0.75514700
286.37009808,-0.49607840,-0.77303080
286.69009808,-0.49607840,-0.75514700
287.01009808,-0.49607840,-0.77303080
287.33009808,-0.49607840,-0.75514700
287.65009807,-0.49607840,-0.75514700
287.97009807,-0.49607840,-0.75514700
288.29009807,-0.49607840,-0.75514700
288.61009807,-0.49607840,-0.77303080
288.93009807,-0.49607840,-0.75514700
289.25009806,-0.49607840,-0.75514700
289.57009806,-0.49607840,-0.75514700
289.89009806,-0.49607840,-0.75514700
290.21009806,-0.49607840,-0.79091460
290.53009806,-0.49607840,-0.75514700
290.85009805,-0.49607840,-0.75514700
291.17009805,-0.49607840,-0.75514700
291.49009805,-0.49607840,-0.75514700
291.81009805,-0.49607840,-0.77303080
292.13009805,-0.49607840,-0.75514700
292.45009804,-0.49607840,-0.75514700
292.77009804,-0.49607840,-0.77303080
293.09009804,-0.49607840,-0.75514700
293.41009804,-0.49607840,-0.75514700
293.73009804,-0.49607840,-0.75514700
294.05009803,-0.49607840,-0.77303080
294.37009803,-0.49607840,-0.75514700
294.69009803,-0.49607840,-0.75514700
295.01009803,-0.49607840,-0.75514700
295.33009803,-0.49607840,-0.77303080
295.65009802,-0.49607840,-0.77303080
295.97009802,-0.49607840,-0.77303080
296.29009802,-0.49607840,-0.77303080
296.61009802,-0.49607840,-0.75514700
296.93009802,-0.49607840,-0.77303080
297.25009801,-0.49607840,-0.75514700
297.57009801,-0.49607840,-0.77303080
297.89009801,-0.49607840,-0.77303080
298.21009801,-0.49607840,-0.77303080
298.53009801,-0.49607840,-0.75514700
298.85009801,-0.49607840,-0.75514700
299.17009800,-0.49607840,-0.75514700
299.49009800,-0.49607840,-0.77303080
299.81009800,-0.38911100,-0.68361160
300.13009800,-0.11276590,-0.32593460
300.45009800,0.07440413,0.08539380
300.77009799,0.20810570,0.28211616
301.09009799,0.32398450,0.47871640
301.41009799,0.38636430,0.60390340
301.73009799,0.43095190,0.69332260
302.05009799,0.44877470,0.74697400
302.37009798,0.48442030,0.74697400
302.69009798,0.46659750,0.76485800
303.01009798,0.48442030,0.80062560
303.33009798,0.47550890,0.78274180
303.65009798,0.48442030,0.80062560
303.97009797,0.48442030,0.80062560
304.29009797,0.48442030,0.80062560
304.61009797,0.48442030,0.81850940
304.93009797,0.48442030,0.80062560
305.25009797,0.48442030,0.81850940
305.57009796,0.48442030,0.80062560
305.89009796,0.48442030,0.81850940
306.21009796,0.48442030,0.81850940
306.53009796,0.48442030,0.81850940
306.85009796,0.48442030,0.81850940
307.17009795,0.48442030,0.81850940
307.49009795,0.48442030,0.81850940
307.81009795,0.48442030,0.81850940
308.13009795,0.48442030,0.81850940
308.45009795,0.48442030,0.81850940
308.77009794,0.48442030,0.81850940
309.09009794,0.48442030,0.81850940
309.41009794,0.48442030,0.81850940
309.73009794,0.47550890,0.83639340
310.05009794,0.47550890,0.81850940
310.37009794,0.48442030,0.81850940
310.69009793,0.48442030,0.85427720
311.01009793,0.48442030,0.78274180
311.33009793,0.48442030,0.83639340
311.65009793,0.48442030,0.81850940
311.97009793,0.48442030,0.83639340
312.29009792,0.48442030,0.81850940
312.61009792,0.48442030,0.83639340
312.93009792,0.48442030,0.81850940
313.25009792,0.48442030,0.83639340
313.57009792,0.48442030,0.81850940
313.89009791,0.48442030,0.83639340
314.21009791,0.47550890,0.83639340
314.53009791,0.48442030,0.81850940
314.85009791,0.48442030,0.81850940
315.17009791,0.48442030,0.83639340
315.49009790,0.48442030,0.81850940
315.81009790,0.47550890,0.83639340
316.13009790,0.48442030,0.83639340
316.45009790,0.48442030,0.83639340
316.77009790,0.48442030,0.83639340
317.09009789,0.48442030,0.83639340
317.41009789,0.47550890,0.81850940
317.73009789,0.48442030,0.83639340
318.05009789,0.48442030,0.83639340
318.37009789,0.48442030,0.83639340
318.69009788,0.48442030,0.83639340
319.01009788,0.48442030,0.83639340
319.33009788,0.48442030,0.83639340
319.65009788,0.48442030,0.83639340
319.97009788,0.48442030,0.83639340
320.29009787,0.48442030,0.83639340
320.61009787,0.47550890,0.83639340
320.93009787,0.48442030,0.83639340
321.25009787,0.48442030,0.83639340
321.57009787,0.48442030,0.83639340
321.89009787,0.48442030,0.83639340
322.21009786,0.48442030,0.83639340
322.53009786,0.48442030,0.83639340
322.85009786,0.48442030,0.83639340
323.17009786,0.48442030,0.83639340
323.49009786,0.48442030,0.83639340
323.81009785,0.48442030,0.83639340
324.13009785,0.48442030,0.83639340
324.45009785,0.48442030,0.83639340
324.77009785,0.48442030,0.83639340
325.09009785,0.48442030,0.83639340
325.41009784,0.48442030,0.83639340
325.73009784,0.48442030,0.83639340
326.05009784,0.48442030,0.83639340
326.37009784,0.48442030,0.83639340
326.69009784,0.48442030,0.83639340
327.01009783,0.48442030,0.83639340
327.33009783,0.48442030,0.83639340
327.65009783,0.48442030,0.83639340
327.97009783,0.48442030,0.83639340
328.29009783,0.48442030,0.83639340
328.61009782,0.48442030,0.83639340
328.93009782,0.47550890,0.83639340
329.25009782,0.48442030,0.83639340
329.57009782,0.48442030,0.83639340
329.89009782,0.48442030,0.83639340
330.21009781,0.48442030,0.83639340
330.53009781,0.48442030,0.83639340
330.85009781,0.48442030,0.83639340
331.17009781,0.48442030,0.83639340
331.49009781,0.48442030,0.83639340
331.81009780,0.48442030,0.81850940
332.13009780,0.48442030,0.83639340
332.45009780,0.48442030,0.83639340
332.77009780,0.48442030,0.83639340
333.09009780,0.48442030,0.83639340
333.41009780,0.48442030,0.83639340
333.73009779,0.48442030,0.83639340
334.05009779,0.48442030,0.83639340
334.37009779,0.48442030,0.83639340
334.69009779,0.48442030,0.85427720
335.01009779,0.48442030,0.83639340
335.33009778,0.48442030,0.83639340
335.65009778,0.48442030,0.83639340
335.97009778,0.48442030,0.85427720
336.29009778,0.46659750,0.80062560
336.61009778,0.48442030,0.81850940
336.93009777,0.48442030,0.89004480
337.25009777,0.48442030,0.83639340
337.57009777,0.48442030,0.83639340
337.89009777,0.47550890,0.83639340
338.21009777,0.48442030,0.83639340
338.53009776,0.48442030,0.83639340
338.85009776,0.50224310,0.78274180
339.17009776,0.47550890,0.81850940
339.49009776,0.48442030,0.83639340
339.81009776,0.48442030,0.83639340
340.13009775,0.48442030,0.83639340
340.45009775,0.48442030,0.83639340
340.77009775,0.48442030,0.83639340
341.09009775,0.48442030,0.83639340
341.41009775,0.48442030,0.83639340
341.73009774,0.48442030,0.83639340
342.05009774,0.48442030,0.83639340
342.37009774,0.48442030,0.83639340
342.69009774,0.48442030,0.83639340
343.01009774,0.48442030,0.83639340
343.33009773,0.48442030,0.83639340
343.65009773,0.48442030,0.83639340
343.97009773,0.48442030,0.83639340
344.29009773,0.48442030,0.83639340
344.61009773,0.48442030,0.83639340
344.93009773,0.48442030,0.83639340
345.25009772,0.47550890,0.83639340
345.57009772,0.48442030,0.83639340
345.89009772,0.48442030,0.83639340
346.21009772,0.47550890,0.83639340
346.53009772,0.48442030,0.85427720
346.85009771,0.48442030,0.83639340
347.17009771,0.48442030,0.83639340
347.49009771,0.48442030,0.83639340
347.81009771,0.48442030,0.83639340
348.13009771,0.47550890,0.83639340
348.45009770,0.48442030,0.83639340
348.77009770,0.47550890,0.83639340
349.09009770,0.48442030,0.83639340
349.41009770,0.41309850,0.81850940
349.73009770,0.07440413,0.35352946
350.05009769,-0.19299910,-0.11132840
350.37009769,-0.35343490,-0.41535380
350.69009769,-0.43366800,-0.55842460
351.01009769,-0.46931370,-0.64784380
351.33009769,-0.47822510,-0.68361160
351.65009768,-0.49607840,-0.70149540
351.97009768,-0.49607840,-0.70149540
352.29009768,-0.49607840,-0.73726320
352.61009768,-0.49607840,-0.71937920
352.93009768,-0.49607840,-0.73726320
353.25009767,-0.49607840,-0.73726320
353.57009767,-0.49607840,-0.73726320
353.89009767,-0.49607840,-0.73726320
354.21009767,-0.49607840,-0.73726320
354.53009767,-0.49607840,-0.73726320
354.85009766,-0.49607840,-0.75514700
355.17009766,-0.49607840,-0.73726320
355.49009766,-0.49607840,-0.73726320
355.81009766,-0.49607840,-0.73726320
356.13009766,-0.49607840,-0.73726320
356.45009766,-0.49607840,-0.73726320
356.77009765,-0.49607840,-0.73726320
357.09009765,-0.49607840,-0.73726320
357.41009765,-0.49607840,-0.75514700
357.73009765,-0.49607840,-0.73726320
358.05009765,-0.49607840,-0.75514700
358.37009764,-0.49607840,-0.75514700
358.69009764,-0.49607840,-0.73726320
359.01009764,-0.49607840,-0.73726320
359.33009764,-0.49607840,-0.73726320
359.65009764,-0.49607840,-0.75514700
359.97009763,-0.49607840,-0.75514700
360.29009763,-0.49607840,-0.73726320
360.61009763,-0.49607840,-0.75514700
360.93009763,-0.49607840,-0.75514700
361.25009763,-0.49607840,-0.75514700
361.57009762,-0.49607840,-0.75514700
361.89009762,-0.49607840,-0.75514700
362.21009762,-0.49607840,-0.75514700
362.53009762,-0.49607840,-0.75514700
362.85009762,-0.49607840,-0.75514700
363.17009761,-0.49607840,-0.75514700
363.49009761,-0.49607840,-0.75514700
363.81009761,-0.49607840,-0.75514700
364.13009761,-0.49607840,-0.75514700
364.45009761,-0.49607840,-0.75514700
364.77009760,-0.49607840,-0.75514700
365.09009760,-0.49607840,-0.75514700
365.41009760,-0.49607840,-0.75514700
365.73009760,-0.49607840,-0.75514700
366.05009760,-0.49607840,-0.75514700
366.37009759,-0.49607840,-0.75514700
366.69009759,-0.49607840,-0.75514700
367.01009759,-0.49607840,-0.75514700
367.33009759,-0.49607840,-0.75514700
367.65009759,-0.49607840,-0.75514700
367.97009759,-0.49607840,-0.75514700
368.29009758,-0.49607840,-0.75514700
368.61009758,-0.49607840,-0.75514700
368.93009758,-0.49607840,-0.75514700
369.25009758,-0.49607840,-0.75514700
369.57009758,-0.49607840,-0.75514700
369.89009757,-0.49607840,-0.75514700
370.21009757,-0.49607840,-0.75514700
370.53009757,-0.49607840,-0.75514700
370.85009757,-0.49607840,-0.77303080
371.17009757,-0.49607840,-0.75514700
371.49009756,-0.49607840,-0.75514700
371.81009756,-0.49607840,-0.73726320
372.13009756,-0.49607840,-0.75514700
372.45009756,-0.51390120,-0.79091460
372.77009756,-0.49607840,-0.79091460
373.09009755,-0.48713650,-0.73726320
373.41009755,-0.49607840,-0.77303080
373.73009755,-0.49607840,-0.75514700
374.05009755,-0.49607840,-0.75514700
374.37009755,-0.49607840,-0.77303080
374.69009754,-0.49607840,-0.75514700
375.01009754,-0.47822510,-0.59419240
375.33009754,-0.49607840,-0.73726320
375.65009754,-0.49607840,-0.75514700
375.97009754,-0.49607840,-0.75514700
376.29009753,-0.49607840,-0.77303080
376.61009753,-0.49607840,-0.75514700
376.93009753,-0.49607840,-0.77303080
377.25009753,-0.49607840,-0.77303080
377.57009753,-0.49607840,-0.75514700
377.89009752,-0.49607840,-0.75514700
378.21009752,-0.49607840,-0.77303080
378.53009752,-0.49607840,-0.77303080
378.85009752,-0.49607840,-0.75514700
379.17009752,-0.49607840,-0.75514700
379.49009752,-0.49607840,-0.75514700
379.81009751,-0.49607840,-0.73726320
380.13009751,-0.49607840,-0.77303080
380.45009751,-0.49607840,-0.75514700
380.77009751,-0.49607840,-0.77303080
381.09009751,-0.49607840,-0.77303080
381.41009750,-0.49607840,-0.75514700
381.73009750,-0.49607840,-0.77303080
382.05009750,-0.49607840,-0.75514700
382.37009750,-0.49607840,-0.75514700
382.69009750,-0.49607840,-0.75514700
383.01009749,-0.49607840,-0.75514700
383.33009749,-0.49607840,-0.77303080
383.65009749,-0.49607840,-0.75514700
383.97009749,-0.49607840,-0.77303080
384.29009749,-0.49607840,-0.75514700
384.61009748,-0.49607840,-0.75514700
384.93009748,-0.49607840,-0.77303080
385.25009748,-0.49607840,-0.75514700
385.57009748,-0.49607840,-0.75514700
385.89009748,-0.49607840,-0.77303080
386.21009747,-0.49607840,-0.80879860
386.53009747,-0.49607840,-0.77303080
386.85009747,-0.49607840,-0.77303080
387.17009747,-0.49607840,-0.75514700
387.49009747,-0.49607840,-0.77303080
387.81009746,-0.49607840,-0.77303080
388.13009746,-0.49607840,-0.75514700
388.45009746,-0.49607840,-0.75514700
388.77009746,-0.49607840,-0.77303080
389.09009746,-0.49607840,-0.77303080
389.41009745,-0.49607840,-0.75514700
389.73009745,-0.49607840,-0.75514700
390.05009745,-0.49607840,-0.75514700
390.37009745,-0.49607840,-0.75514700
390.69009745,-0.49607840,-0.75514700
391.01009745,-0.49607840,-0.77303080
391.33009744,-0.49607840,-0.75514700
391.65009744,-0.49607840,-0.77303080
391.97009744,-0.49607840,-0.77303080
392.29009744,-0.49607840,-0.75514700
392.61009744,-0.49607840,-0.77303080
392.93009743,-0.49607840,-0.75514700
393.25009743,-0.49607840,-0.75514700
393.57009743,-0.49607840,-0.77303080
393.89009743,-0.49607840,-0.75514700
394.21009743,-0.49607840,-0.77303080
394.53009742,-0.49607840,-0.75514700
394.85009742,-0.49607840,-0.75514700
395.17009742,-0.49607840,-0.75514700
395.49009742,-0.49607840,-0.77303080
395.81009742,-0.49607840,-0.75514700
396.13009741,-0.49607840,-0.75514700
396.45009741,-0.49607840,-0.75514700
396.77009741,-0.49607840,-0.75514700
397.09009741,-0.49607840,-0.75514700
397.41009741,-0.49607840,-0.77303080
397.73009740,-0.49607840,-0.75514700
398.05009740,-0.49607840,-0.75514700
398.37009740,-0.49607840,-0.75514700
398.69009740,-0.49607840,-0.77303080
399.01009740,-0.49607840,-0.75514700
399.33009739,-0.49607840,-0.75514700
399.65009739,-0.49607840,-0.75514700
399.97009739,-0.31778920,-0.61207620
400.29009739,-0.06820887,-0.20074760
400.61009739,0.09222694,0.06751000
400.93009738,0.23483990,0.31788384
401.25009738,0.33289590,0.49660024
401.57009738,0.39527570,0.60390340
401.89009738,0.43095190,0.71120640
402.21009738,0.45768610,0.72909020
402.53009738,0.46659750,0.76485800
402.85009737,0.47550890,0.78274180
403.17009737,0.48442030,0.78274180
403.49009737,0.47550890,0.80062560
403.81009737,0.48442030,0.80062560
404.13009737,0.48442030,0.80062560
404.45009736,0.48442030,0.80062560
404.77009736,0.48442030,0.81850940
405.09009736,0.47550890,0.80062560
405.41009736,0.48442030,0.81850940
405.73009736,0.48442030,0.81850940
406.05009735,0.48442030,0.81850940
406.37009735,0.48442030,0.81850940
406.69009735,0.48442030,0.81850940
407.01009735,0.48442030,0.81850940
407.33009735,0.48442030,0.81850940
407.65009734,0.48442030,0.81850940
407.97009734,0.48442030,0.81850940
408.29009734,0.48442030,0.81850940
408.61009734,0.48442030,0.81850940
408.93009734,0.48442030,0.90792860
409.25009733,0.48442030,0.81850940
409.57009733,0.48442030,0.83639340
409.89009733,0.48442030,0.81850940
410.21009733,0.48442030,0.81850940
410.53009733,0.48442030,0.83639340
410.85009732,0.48442030,0.81850940
411.17009732,0.48442030,0.83639340
411.49009732,0.46659750,0.26423230
411.81009732,0.47550890,0.81850940
412.13009732,0.48442030,0.81850940
412.45009731,0.48442030,0.83639340
412.77009731,0.48442030,0.83639340
413.09009731,0.47550890,0.83639340
413.41009731,0.48442030,0.83639340
413.73009731,0.48442030,0.83639340
414.05009731,0.48442030,0.81850940
414.37009730,0.48442030,0.83639340
414.69009730,0.48442030,0.83639340
415.01009730,0.47550890,0.83639340
415.33009730,0.47550890,0.83639340
415.65009730,0.48442030,0.81850940
415.97009729,0.48442030,0.83639340
416.29009729,0.48442030,0.83639340
416.61009729,0.47550890,0.81850940
416.93009729,0.48442030,0.81850940
417.25009729,0.48442030,0.83639340
417.57009728,0.48442030,0.83639340
417.89009728,0.48442030,0.83639340
418.21009728,0.48442030,0.83639340
418.53009728,0.47550890,0.83639340
418.85009728,0.48442030,0.83639340
419.17009727,0.48442030,0.83639340
419.49009727,0.48442030,0.83639340
419.81009727,0.47550890,0.83639340
420.13009727,0.48442030,0.81850940
420.45009727,0.48442030,0.83639340
420.77009726,0.48442030,0.83639340
421.09009726,0.48442030,0.83639340
421.41009726,0.48442030,0.83639340
421.73009726,0.48442030,0.83639340
422.05009726,0.48442030,0.83639340
422.37009725,0.48442030,0.83639340
422.69009725,0.48442030,0.83639340
423.01009725,0.48442030,0.83639340
423.33009725,0.47550890,0.83639340
423.65009725,0.48442030,0.83639340
423.97009724,0.48442030,0.83639340
424.29009724,0.48442030,0.83639340
424.61009724,0.48442030,0.83639340
424.93009724,0.48442030,0.83639340
425.25009724,0.48442030,0.83639340
425.57009724,0.48442030,0.83639340
425.89009723,0.48442030,0.83639340
426.21009723,0.48442030,0.83639340
426.53009723,0.48442030,0.83639340
426.85009723,0.48442030,0.83639340
427.17009723,0.48442030,0.83639340
427.49009722,0.48442030,0.83639340
427.81009722,0.48442030,0.83639340
428.13009722,0.48442030,0.83639340
428.45009722,0.48442030,0.83639340
428.77009722,0.48442030,0.83639340
429.09009721,0.48442030,0.83639340
429.41009721,0.48442030,0.83639340
429.73009721,0.48442030,0.83639340
430.05009721,0.48442030,0.83639340
430.37009721,0.48442030,0.83639340
430.69009720,0.48442030,0.83639340
431.01009720,0.48442030,0.83639340
431.33009720,0.48442030,0.83639340
431.65009720,0.48442030,0.83639340
431.97009720,0.48442030,0.83639340
432.29009719,0.48442030,0.83639340
432.61009719,0.48442030,0.83639340
432.93009719,0.48442030,0.83639340
433.25009719,0.48442030,0.83639340
433.57009719,0.48442030,0.83639340
433.89009718,0.48442030,0.83639340
434.21009718,0.47550890,0.83639340
434.53009718,0.48442030,0.83639340
434.85009718,0.48442030,0.83639340
435.17009718,0.48442030,0.83639340
435.49009717,0.48442030,0.83639340
435.81009717,0.48442030,0.83639340
436.13009717,0.48442030,0.83639340
436.45009717,0.48442030,0.83639340
436.77009717,0.48442030,0.83639340
437.09009717,0.48442030,0.83639340
437.41009716,0.48442030,0.83639340
437.73009716,0.48442030,0.83639340
438.05009716,0.48442030,0.83639340
438.37009716,0.48442030,0.83639340
438.69009716,0.48442030,0.83639340
439.01009715,0.48442030,0.83639340
439.33009715,0.48442030,0.83639340
439.65009715,0.48442030,0.83639340
439.97009715,0.48442030,0.83639340
440.29009715,0.48442030,0.83639340
440.61009714,0.48442030,0.83639340
440.93009714,0.48442030,0.83639340
441.25009714,0.48442030,0.83639340
441.57009714,0.48442030,0.83639340
441.89009714,0.48442030,0.83639340
442.21009713,0.48442030,0.83639340
442.53009713,0.47550890,0.83639340
442.85009713,0.48442030,0.83639340
443.17009713,0.48442030,0.83639340
443.49009713,0.48442030,0.83639340
443.81009712,0.48442030,0.83639340
444.13009712,0.48442030,0.83639340
444.45009712,0.48442030,0.83639340
444.77009712,0.48442030,0.83639340
445.09009712,0.48442030,0.83639340
445.41009711,0.46659750,0.80062560
445.73009711,0.48442030,0.83639340
446.05009711,0.48442030,0.87216100
446.37009711,0.48442030,0.81850940
446.69009711,0.48442030,0.83639340
447.01009710,0.48442030,0.83639340
447.33009710,0.48442030,0.83639340
447.65009710,0.48442030,0.85427720
447.97009710,0.50224310,0.92581260
448.29009710,0.46659750,0.81850940
448.61009710,0.48442030,0.85427720
448.93009709,0.48442030,0.83639340
449.25009709,0.48442030,0.83639340
449.57009709,0.35963010,0.76485800
449.89009709,0.02093570,0.26423230
450.21009709,-0.22864470,-0.18286380
450.53009708,-0.37125770,-0.45112160
450.85009708,-0.44257940,-0.59419240
451.17009708,-0.46931370,-0.66572760
451.49009708,-0.47822510,-0.68361160
451.81009708,-0.49607840,-0.70149540
452.13009707,-0.49607840,-0.71937920
452.45009707,-0.49607840,-0.73726320
452.77009707,-0.49607840,-0.71937920
453.09009707,-0.49607840,-0.71937920
453.41009707,-0.49607840,-0.73726320
453.73009706,-0.49607840,-0.73726320
454.05009706,-0.49607840,-0.73726320
454.37009706,-0.49607840,-0.73726320
454.69009706,-0.49607840,-0.73726320
455.01009706,-0.49607840,-0.73726320
455.33009705,-0.49607840,-0.73726320
455.65009705,-0.49607840,-0.73726320
455.97009705,-0.49607840,-0.73726320
456.29009705,-0.49607840,-0.73726320
456.61009705,-0.49607840,-0.73726320
456.93009704,-0.49607840,-0.73726320
457.25009704,-0.49607840,-0.73726320
457.57009704,-0.49607840,-0.73726320
457.89009704,-0.49607840,-0.73726320
458.21009704,-0.49607840,-0.73726320
458.53009703,-0.49607840,-0.73726320
458.85009703,-0.49607840,-0.75514700
459.17009703,-0.49607840,-0.73726320
459.49009703,-0.49607840,-0.73726320
459.81009703,-0.49607840,-0.73726320
460.13009703,-0.49607840,-0.75514700
460.45009702,-0.49607840,-0.75514700
460.77009702,-0.49607840,-0.75514700
461.09009702,-0.49607840,-0.75514700
461.41009702,-0.49607840,-0.75514700
461.73009702,-0.49607840,-0.75514700
462.05009701,-0.49607840,-0.75514700
462.37009701,-0.49607840,-0.75514700
462.69009701,-0.49607840,-0.73726320
463.01009701,-0.49607840,-0.75514700
463.33009701,-0.49607840,-0.75514700
463.65009700,-0.49607840,-0.75514700
463.97009700,-0.49607840,-0.75514700
464.29009700,-0.49607840,-0.79091460
464.61009700,-0.49607840,-0.75514700
464.93009700,-0.49607840,-0.75514700
465.25009699,-0.49607840,-0.75514700
465.57009699,-0.49607840,-0.75514700
465.89009699,-0.49607840,-0.75514700
466.21009699,-0.49607840,-0.75514700
466.53009699,-0.49607840,-0.75514700
466.85009698,-0.49607840,-0.75514700
467.17009698,-0.49607840,-0.80879860
467.49009698,-0.49607840,-0.73726320
467.81009698,-0.49607840,-0.75514700
468.13009698,-0.49607840,-0.75514700
468.45009697,-0.49607840,-0.75514700
468.77009697,-0.49607840,-0.75514700
469.09009697,-0.49607840,-0.75514700
469.41009697,-0.49607840,-0.75514700
469.73009697,-0.49607840,-0.75514700
470.05009696,-0.49607840,-0.75514700
470.37009696,-0.49607840,-0.75514700
470.69009696,-0.49607840,-0.75514700
471.01009696,-0.49607840,-0.75514700
471.33009696,-0.49607840,-0.75514700
471.65009696,-0.49607840,-0.75514700
471.97009695,-0.49607840,-0.75514700
472.29009695,-0.49607840,-0.77303080
472.61009695,-0.49607840,-0.75514700
472.93009695,-0.49607840,-0.77303080
473.25009695,-0.49607840,-0.75514700
473.57009694,-0.49607840,-0.75514700
473.89009694,-0.49607840,-0.75514700
474.21009694,-0.49607840,-0.75514700
474.53009694,-0.49607840,-0.75514700
474.85009694,-0.49607840,-0.75514700
475.17009693,-0.49607840,-0.75514700
475.49009693,-0.49607840,-0.75514700
475.81009693,-0.49607840,-0.75514700
476.13009693,-0.49607840,-0.75514700
476.45009693,-0.49607840,-0.77303080
476.77009692,-0.49607840,-0.75514700
477.09009692,-0.49607840,-0.75514700
477.41009692,-0.49607840,-0.75514700
477.73009692,-0.49607840,-0.75514700
478.05009692,-0.49607840,-0.75514700
478.37009691,-0.49607840,-0.75514700
478.69009691,-0.49607840,-0.77303080
479.01009691,-0.49607840,-0.75514700
479.33009691,-0.49607840,-0.77303080
479.65009691,-0.49607840,-0.77303080
479.97009690,-0.49607840,-0.75514700
480.29009690,-0.49607840,-0.75514700
480.61009690,-0.49607840,-0.75514700
480.93009690,-0.49607840,-0.75514700
481.25009690,-0.49607840,-0.75514700
481.57009689,-0.49607840,-0.75514700
481.89009689,-0.49607840,-0.68361160
482.21009689,-0.49607840,-0.79091460
482.53009689,-0.49607840,-0.73726320
482.85009689,-0.49607840,-0.75514700
483.17009689,-0.49607840,-0.77303080
483.49009688,-0.49607840,-0.75514700
483.81009688,-0.49607840,-0.77303080
484.13009688,-0.49607840,-0.75514700
484.45009688,-0.51390120,-1.22006600
484.77009688,-0.49607840,-0.75514700
485.09009687,-0.49607840,-0.79091460
485.41009687,-0.49607840,-0.77303080
485.73009687,-0.49607840,-0.75514700
486.05009687,-0.49607840,-0.77303080
486.37009687,-0.49607840,-0.77303080
486.69009686,-0.48713650,-0.77303080
487.01009686,-0.49607840,-0.75514700
487.33009686,-0.49607840,-0.77303080
487.65009686,-0.49607840,-0.77303080
487.97009686,-0.49607840,-0.79091460
488.29009685,-0.49607840,-0.77303080
488.61009685,-0.49607840,-0.77303080
488.93009685,-0.49607840,-0.75514700
489.25009685,-0.49607840,-0.77303080
489.57009685,-0.49607840,-0.77303080
489.89009684,-0.49607840,-0.77303080
490.21009684,-0.49607840,-0.77303080
490.53009684,-0.49607840,-0.75514700
490.85009684,-0.49607840,-0.75514700
491.17009684,-0.49607840,-0.79091460
491.49009683,-0.49607840,-0.75514700
491.81009683,-0.49607840,-0.77303080
492.13009683,-0.49607840,-0.77303080
492.45009683,-0.49607840,-0.77303080
492.77009683,-0.49607840,-0.75514700
493.09009682,-0.49607840,-0.75514700
493.41009682,-0.49607840,-0.77303080
493.73009682,-0.49607840,-0.77303080
494.05009682,-0.49607840,-0.75514700
494.37009682,-0.49607840,-0.75514700
494.69009682,-0.49607840,-0.77303080
495.01009681,-0.49607840,-0.75514700
495.33009681,-0.49607840,-0.75514700
495.65009681,-0.49607840,-0.77303080
495.97009681,-0.49607840,-0.77303080
496.29009681,-0.49607840,-0.75514700
496.61009680,-0.49607840,-0.75514700
496.93009680,-0.49607840,-0.75514700
497.25009680,-0.49607840,-0.75514700
497.57009680,-0.49607840,-0.77303080
497.89009680,-0.49607840,-0.75514700
498.21009679,-0.49607840,-0.77303080
498.53009679,-0.49607840,-0.75514700
498.85009679,-0.49607840,-0.75514700
499.17009679,-0.47822510,-0.75514700
499.49009679,-0.26429030,-0.54054080
499.81009678,-0.03253273,-0.12921240
500.13009678,0.12787260,0.15692922
500.45009678,0.26157410,0.37141330
500.77009678,0.34180730,0.53236800
