# Time,Channel A,Channel B (us),(V),(V)
-500.47179684,-0.01470992,-0.02190920
-500.15179684,-0.00579852,-0.00402540
-499.83179684,0.00311289,0.01385840
-499.51179685,0.01202429,0.03174220
-499.19179685,0.02093570,0.04962620
-498.87179685,0.03875851,0.06751000
-498.55179685,0.04766991,0.08539380
-498.23179685,0.05658132,0.10327768
-497.91179686,0.07440413,0.12116154
-497.59179686,0.07440413,0.13904538
-497.27179686,0.08331553,0.15692922
-496.95179686,0.09222694,0.17481308
-496.63179686,0.10113830,0.17481308
-496.31179687,0.11004970,0.19269692
-495.99179687,0.11004970,0.19269692
-495.67179687,0.12787260,0.21058076
-495.35179687,0.12787260,0.22846462
-495.03179687,0.14569540,0.24634846
-494.71179688,0.15460680,0.28211616
-494.39179688,0.16351820,0.30000000
-494.07179688,0.18134100,0.30000000
-493.75179688,0.19028290,0.31788384
-493.43179688,0.19919430,0.33570666
-493.11179689,0.20810570,0.35352946
-492.79179689,0.21701710,0.35352946
-492.47179689,0.23483990,0.38929716
-492.15179689,0.23483990,0.38929716
-491.83179689,0.24375130,0.40718100
-491.51179689,0.25266270,0.40718100
-491.19179690,0.25266270,0.42506484
-490.87179690,0.25266270,0.44294870
-490.55179690,0.27048560,0.46083254
-490.23179690,0.27048560,0.46083254
-489.91179690,0.27939700,0.47871640
-489.59179691,0.28830840,0.49660024
-489.27179691,0.30616170,0.51448400
-488.95179691,0.30616170,0.53236800
-488.63179691,0.32398450,0.55025180
-488.31179691,0.32398450,0.55025180
-487.99179692,0.34180730,0.55025180
-487.67179692,0.34180730,0.56813560
-487.35179692,0.35071870,0.58601940
-487.03179692,0.35963010,0.60390340
-486.71179692,0.35963010,0.58601940
-486.39179693,0.35963010,0.62178720
-486.07179693,0.36854150,0.55025180
-485.75179693,0.37745290,0.65755480
-485.43179693,0.37745290,0.63967100
-485.11179693,0.38636430,0.63967100
-484.79179694,0.38636430,0.65755480
-484.47179694,0.39527570,0.67543860
-484.15179694,0.39527570,0.67543860
-483.83179694,0.40418710,0.69332260
-483.51179694,0.41309850,0.65755480
-483.19179695,0.41309850,0.72909020
-482.87179695,0.41309850,0.69332260
-482.55179695,0.41309850,0.71120640
-482.23179695,0.43095190,0.72909020
-481.91179695,0.43095190,0.72909020
-481.59179696,0.43095190,0.72909020
-481.27179696,0.43986330,0.74697400
-480.95179696,0.43986330,0.74697400
-480.63179696,0.44877470,0.76485800
-480.31179696,0.44877470,0.76485800
-479.99179696,0.44877470,0.76485800
-479.67179697,0.44877470,0.76485800
-479.35179697,0.45768610,0.76485800
-479.03179697,0.45768610,0.76485800
-478.71179697,0.46659750,0.78274180
-478.39179697,0.46659750,0.76485800
-478.07179698,0.46659750,0.78274180
-477.75179698,0.46659750,0.78274180
-477.43179698,0.47550890,0.80062560
-477.11179698,0.46659750,0.78274180
-476.79179698,0.46659750,0.80062560
-476.47179699,0.46659750,0.80062560
-476.15179699,0.47550890,0.80062560
-475.83179699,0.46659750,0.80062560
-475.51179699,0.47550890,0.80062560
-475.19179699,0.46659750,0.80062560
-474.87179700,0.46659750,0.80062560
-474.55179700,0.47550890,0.83639340
-474.23179700,0.47550890,0.80062560
-473.91179700,0.46659750,0.78274180
-473.59179700,0.46659750,0.80062560
-473.27179701,0.46659750,0.78274180
-472.95179701,0.46659750,0.78274180
-472.63179701,0.46659750,0.78274180
-472.31179701,0.45768610,0.78274180
-471.99179701,0.45768610,0.78274180
-471.67179702,0.44877470,0.78274180
-471.35179702,0.44877470,0.78274180
-471.03179702,0.44877470,0.78274180
-470.71179702,0.44877470,0.76485800
-470.39179702,0.44877470,0.76485800
-470.07179703,0.44877470,0.76485800
-469.75179703,0.43986330,0.76485800
-469.43179703,0.43986330,0.74697400
-469.11179703,0.43095190,0.74697400
-468.79179703,0.43095190,0.72909020
-468.47179703,0.43095190,0.74697400
-468.15179704,0.42204050,0.72909020
-467.83179704,0.41309850,0.71120640
-467.51179704,0.41309850,0.71120640
-467.19179704,0.41309850,0.71120640
-466.87179704,0.41309850,0.69332260
-466.55179705,0.39527570,0.69332260
-466.23179705,0.39527570,0.69332260
-465.91179705,0.38636430,0.67543860
-465.59179705,0.37745290,0.67543860
-465.27179705,0.37745290,0.65755480
-464.95179706,0.37745290,0.63967100
-464.63179706,0.35963010,0.62178720
-464.31179706,0.35963010,0.62178720
-463.99179706,0.35071870,0.60390340
-463.67179706,0.34180730,0.60390340
-463.35179707,0.33289590,0.58601940
-463.03179707,0.32398450,0.58601940
-462.71179707,0.32398450,0.56813560
-462.39179707,0.31507310,0.55025180
-462.07179707,0.30616170,0.53236800
-461.75179708,0.30616170,0.53236800
-461.43179708,0.29721980,0.51448400
-461.11179708,0.28830840,0.51448400
-460.79179708,0.28830840,0.51448400
-460.47179708,0.27048560,0.47871640
-460.15179709,0.27048560,0.47871640
-459.83179709,0.25266270,0.46083254
-459.51179709,0.25266270,0.46083254
-459.19179709,0.23483990,0.44294870
-458.87179709,0.23483990,0.38929716
-458.55179710,0.21701710,0.40718100
-458.23179710,0.21701710,0.38929716
-457.91179710,0.19919430,0.37141330
-457.59179710,0.19028290,0.35352946
-457.27179710,0.18134100,0.35352946
-456.95179710,0.17242960,0.31788384
-456.63179711,0.16351820,0.31788384
-456.31179711,0.16351820,0.31788384
-455.99179711,0.14569540,0.33570666
-455.67179711,0.13678400,0.26423230
-455.35179711,0.13678400,0.26423230
-455.03179712,0.12787260,0.24634846
-454.71179712,0.11004970,0.22846462
-454.39179712,0.11004970,0.21058076
-454.07179712,0.09222694,0.21058076
-453.75179712,0.09222694,0.19269692
-453.43179713,0.07440413,0.17481308
-453.11179713,0.06549272,0.13904538
-452.79179713,0.05658132,0.12116154
-452.47179713,0.03875851,0.12116154
-452.15179713,0.03875851,0.10327768
-451.83179714,0.02093570,0.08539380
-451.51179714,0.02093570,0.08539380
-451.19179714,0.01202429,0.04962620
-450.87179714,0.00311289,0.04962620
-450.55179714,-0.01470992,0.03174220
-450.23179715,-0.01470992,0.01385840
-449.91179715,-0.03253273,-0.00402540
-449.59179715,-0.04147466,-0.02190920
-449.27179715,-0.05038606,-0.03979300
-448.95179715,-0.06820887,-0.02190920
-448.63179716,-0.06820887,-0.07556080
-448.31179716,-0.07712027,-0.07556080
-447.99179716,-0.08603168,-0.09344460
-447.67179716,-0.09494308,-0.11132840
-447.35179716,-0.10385450,-0.12921240
-447.03179717,-0.11276590,-0.12921240
-446.71179717,-0.12167730,-0.16498000
-446.39179717,-0.13058870,-0.18286380
-446.07179717,-0.13950010,-0.18286380
-445.75179717,-0.14841150,-0.20074760
-445.43179717,-0.16626480,-0.23651540
-445.11179718,-0.17517620,-0.23651540
-444.79179718,-0.18408760,-0.25439920
-444.47179718,-0.19299910,-0.27228300
-444.15179718,-0.21082190,-0.29016700
-443.83179718,-0.21082190,-0.30805080
-443.51179719,-0.21973330,-0.32593460
-443.19179719,-0.22864470,-0.30805080
-442.87179719,-0.22864470,-0.32593460
-442.55179719,-0.24646750,-0.36170240
-442.23179719,-0.24646750,-0.36170240
-441.91179720,-0.25537890,-0.37958620
-441.59179720,-0.26429030,-0.39747000
-441.27179720,-0.27323220,-0.41535380
-440.95179720,-0.29105500,-0.43323760
-440.63179720,-0.29105500,-0.45112160
-440.31179721,-0.29996640,-0.52265700
-439.99179721,-0.31778920,-0.46900540
-439.67179721,-0.31778920,-0.46900540
-439.35179721,-0.33561210,-0.50477300
-439.03179721,-0.33561210,-0.50477300
-438.71179722,-0.35343490,-0.52265700
-438.39179722,-0.35343490,-0.54054080
-438.07179722,-0.35343490,-0.54054080
-437.75179722,-0.36234630,-0.54054080
-437.43179722,-0.37125770,-0.55842460
-437.11179723,-0.37125770,-0.55842460
-436.79179723,-0.37125770,-0.57630860
-436.47179723,-0.38911100,-0.59419240
-436.15179723,-0.38911100,-0.59419240
-435.83179723,-0.38911100,-0.61207620
-435.51179724,-0.40693380,-0.61207620
-435.19179724,-0.40693380,-0.62996000
-434.87179724,-0.41584520,-0.64784380
-434.55179724,-0.42475660,-0.64784380
-434.23179724,-0.42475660,-0.66572760
-433.91179724,-0.43366800,-0.66572760
-433.59179725,-0.44257940,-0.68361160
-433.27179725,-0.44257940,-0.66572760
-432.95179725,-0.44257940,-0.68361160
-432.63179725,-0.45149080,-0.70149540
-432.31179725,-0.46040220,-0.71937920
-431.99179726,-0.46040220,-0.71937920
-431.67179726,-0.46040220,-0.71937920
-431.35179726,-0.46931370,-0.71937920
-431.03179726,-0.46931370,-0.73726320
-430.71179726,-0.46931370,-0.73726320
-430.39179727,-0.47822510,-0.73726320
-430.07179727,-0.47822510,-0.75514700
-429.75179727,-0.47822510,-0.75514700
-429.43179727,-0.49607840,-0.77303080
-429.11179727,-0.48713650,-0.75514700
-428.79179728,-0.49607840,-0.77303080
-428.47179728,-0.49607840,-0.77303080
-428.15179728,-0.49607840,-0.75514700
-427.83179728,-0.49607840,-0.77303080
-427.51179728,-0.49607840,-0.77303080
-427.19179729,-0.49607840,-0.77303080
-426.87179729,-0.49607840,-0.77303080
-426.55179729,-0.49607840,-0.77303080
-426.23179729,-0.49607840,-0.79091460
-425.91179729,-0.49607840,-0.79091460
-425.59179730,-0.49607840,-0.79091460
-425.27179730,-0.49607840,-0.79091460
-424.95179730,-0.49607840,-0.77303080
-424.63179730,-0.49607840,-0.79091460
-424.31179730,-0.49607840,-0.77303080
-423.99179731,-0.49607840,-0.79091460
-423.67179731,-0.49607840,-0.79091460
-423.35179731,-0.49607840,-0.77303080
-423.03179731,-0.49607840,-0.77303080
-422.71179731,-0.49607840,-0.77303080
-422.39179731,-0.48713650,-0.77303080
-422.07179732,-0.48713650,-0.75514700
-421.75179732,-0.47822510,-0.75514700
-421.43179732,-0.47822510,-0.75514700
-421.11179732,-0.47822510,-0.75514700
-420.79179732,-0.47822510,-0.75514700
-420.47179733,-0.47822510,-0.75514700
-420.15179733,-0.47822510,-0.73726320
-419.83179733,-0.47822510,-0.73726320
-419.51179733,-0.46040220,-0.73726320
-419.19179733,-0.46040220,-0.73726320
-418.87179734,-0.46040220,-0.71937920
-418.55179734,-0.46040220,-0.71937920
-418.23179734,-0.45149080,-0.70149540
-417.91179734,-0.44257940,-0.70149540
-417.59179734,-0.44257940,-0.68361160
-417.27179735,-0.44257940,-0.68361160
-416.95179735,-0.43366800,-0.68361160
-416.63179735,-0.42475660,-0.66572760
-416.31179735,-0.41584520,-0.66572760
-415.99179735,-0.41584520,-0.66572760
-415.67179736,-0.40693380,-0.66572760
-415.35179736,-0.40693380,-0.64784380
-415.03179736,-0.39802240,-0.62996000
-414.71179736,-0.38911100,-0.62996000
-414.39179736,-0.38911100,-0.61207620
-414.07179737,-0.38016910,-0.59419240
-413.75179737,-0.37125770,-0.59419240
-413.43179737,-0.36234630,-0.59419240
-413.11179737,-0.35343490,-0.55842460
-412.79179737,-0.35343490,-0.54054080
-412.47179738,-0.33561210,-0.54054080
-412.15179738,-0.33561210,-0.52265700
-411.83179738,-0.31778920,-0.50477300
-411.51179738,-0.31778920,-0.48688920
-411.19179738,-0.30887780,-0.45112160
-410.87179738,-0.29996640,-0.46900540
-410.55179739,-0.29996640,-0.48688920
-410.23179739,-0.29105500,-0.46900540
-409.91179739,-0.28214360,-0.45112160
-409.59179739,-0.27323220,-0.45112160
-409.27179739,-0.27323220,-0.43323760
-408.95179740,-0.26429030,-0.41535380
-408.63179740,-0.24646750,-0.45112160
-408.31179740,-0.24646750,-0.39747000
-407.99179740,-0.22864470,-0.37958620
-407.67179740,-0.21082190,-0.32593460
-407.35179741,-0.21082190,-0.36170240
-407.03179741,-0.20191050,-0.32593460
-406.71179741,-0.19299910,-0.30805080
-406.39179741,-0.18408760,-0.29016700
-406.07179741,-0.17517620,-0.27228300
-405.75179742,-0.17517620,-0.25439920
-405.43179742,-0.15735340,-0.23651540
-405.11179742,-0.15735340,-0.23651540
-404.79179742,-0.15735340,-0.23651540
-404.47179742,-0.13950010,-0.21863160
-404.15179743,-0.13058870,-0.20074760
-403.83179743,-0.12167730,-0.18286380
-403.51179743,-0.10385450,-0.16498000
-403.19179743,-0.09494308,-0.12921240
-402.87179743,-0.08603168,-0.11132840
-402.55179744,-0.06820887,-0.09344460
-402.23179744,-0.06820887,-0.09344460
-401.91179744,-0.05038606,-0.07556080
-401.59179744,-0.04147466,-0.07556080
-401.27179744,-0.03253273,-0.03979300
-400.95179745,-0.02362133,-0.02190920
-400.63179745,-0.01470992,-0.02190920
-400.31179745,-0.01470992,-0.00402540
-399.99179745,0.00311289,0.01385840
-399.67179745,0.00311289,0.01385840
-399.35179745,0.02093570,0.03174220
-399.03179746,0.02984710,0.04962620
-398.71179746,0.03875851,0.06751000
-398.39179746,0.05658132,0.10327768
-398.07179746,0.06549272,0.12116154
-397.75179746,0.07440413,0.12116154
-397.43179747,0.07440413,0.13904538
-397.11179747,0.09222694,0.15692922
-396.79179747,0.09222694,0.17481308
-396.47179747,0.10113830,0.17481308
-396.15179747,0.11004970,0.19269692
-395.83179748,0.11004970,0.21058076
-395.51179748,0.12787260,0.21058076
-395.19179748,0.12787260,0.24634846
-394.87179748,0.14569540,0.24634846
-394.55179748,0.16351820,0.26423230
-394.23179749,0.17242960,0.30000000
-393.91179749,0.18134100,0.30000000
-393.59179749,0.19919430,0.35352946
-393.27179749,0.19919430,0.35352946
-392.95179749,0.21701710,0.35352946
-392.63179750,0.21701710,0.37141330
-392.31179750,0.22592850,0.38929716
-391.99179750,0.23483990,0.40718100
-391.67179750,0.25266270,0.40718100
-391.35179750,0.25266270,0.42506484
-391.03179751,0.25266270,0.42506484
-390.71179751,0.26157410,0.44294870
-390.39179751,0.27048560,0.47871640
-390.07179751,0.27939700,0.47871640
-389.75179751,0.28830840,0.47871640
-389.43179752,0.28830840,0.49660024
-389.11179752,0.30616170,0.51448400
-388.79179752,0.31507310,0.53236800
-388.47179752,0.32398450,0.55025180
-388.15179752,0.32398450,0.56813560
-387.83179752,0.34180730,0.56813560
-387.51179753,0.34180730,0.58601940
-387.19179753,0.35071870,0.60390340
-386.87179753,0.35963010,0.60390340
-386.55179753,0.35963010,0.60390340
-386.23179753,0.35963010,0.62178720
-385.91179754,0.37745290,0.62178720
-385.59179754,0.36854150,0.63967100
-385.27179754,0.37745290,0.63967100
-384.95179754,0.37745290,0.63967100
-384.63179754,0.39527570,0.67543860
-384.31179755,0.39527570,0.67543860
-383.99179755,0.39527570,0.67543860
-383.67179755,0.41309850,0.69332260
-383.35179755,0.41309850,0.69332260
-383.03179755,0.41309850,0.71120640
-382.71179756,0.41309850,0.71120640
-382.39179756,0.43095190,0.72909020
-382.07179756,0.43095190,0.72909020
-381.75179756,0.43095190,0.74697400
-381.43179756,0.43095190,0.74697400
-381.11179757,0.44877470,0.76485800
-380.79179757,0.44877470,0.74697400
-380.47179757,0.44877470,0.76485800
-380.15179757,0.44877470,0.76485800
-379.83179757,0.45768610,0.76485800
-379.51179758,0.45768610,0.78274180
-379.19179758,0.46659750,0.78274180
-378.87179758,0.46659750,0.78274180
-378.55179758,0.46659750,0.78274180
-378.23179758,0.46659750,0.78274180
-377.91179759,0.46659750,0.78274180
-377.59179759,0.46659750,0.78274180
-377.27179759,0.46659750,0.80062560
-376.95179759,0.46659750,0.80062560
-376.63179759,0.47550890,0.80062560
-376.31179760,0.46659750,0.80062560
-375.99179760,0.47550890,0.80062560
-375.67179760,0.46659750,0.80062560
-375.35179760,0.48442030,0.81850940
-375.03179760,0.46659750,0.80062560
-374.71179760,0.46659750,0.78274180
-374.39179761,0.46659750,0.80062560
-374.07179761,0.47550890,0.80062560
-373.75179761,0.46659750,0.80062560
-373.43179761,0.46659750,0.78274180
-373.11179761,0.46659750,0.80062560
-372.79179762,0.45768610,0.78274180
-372.47179762,0.46659750,0.80062560
-372.15179762,0.46659750,0.78274180
-371.83179762,0.45768610,0.78274180
-371.51179762,0.45768610,0.76485800
-371.19179763,0.44877470,0.71120640
-370.87179763,0.44877470,0.78274180
-370.55179763,0.44877470,0.76485800
-370.23179763,0.44877470,0.76485800
-369.91179763,0.43986330,0.76485800
-369.59179764,0.43986330,0.76485800
-369.27179764,0.43095190,0.74697400
-368.95179764,0.43095190,0.74697400
-368.63179764,0.43095190,0.74697400
-368.31179764,0.43095190,0.72909020
-367.99179765,0.42204050,0.72909020
-367.67179765,0.41309850,0.72909020
-367.35179765,0.41309850,0.71120640
-367.03179765,0.40418710,0.69332260
-366.71179765,0.40418710,0.69332260
-366.39179766,0.39527570,0.69332260
-366.07179766,0.39527570,0.67543860
-365.75179766,0.38636430,0.67543860
-365.43179766,0.37745290,0.67543860
-365.11179766,0.37745290,0.67543860
-364.79179767,0.35963010,0.62178720
-364.47179767,0.35963010,0.62178720
-364.15179767,0.35071870,0.60390340
-363.83179767,0.34180730,0.62178720
-363.51179767,0.34180730,0.60390340
-363.19179767,0.33289590,0.58601940
-362.87179768,0.32398450,0.56813560
-362.55179768,0.32398450,0.55025180
-362.23179768,0.31507310,0.55025180
-361.91179768,0.30616170,0.55025180
-361.59179768,0.30616170,0.51448400
-361.27179769,0.28830840,0.49660024
-360.95179769,0.28830840,0.51448400
-360.63179769,0.28830840,0.49660024
-360.31179769,0.27048560,0.47871640
-359.99179769,0.26157410,0.46083254
-359.67179770,0.25266270,0.46083254
-359.35179770,0.24375130,0.46083254
-359.03179770,0.23483990,0.42506484
-358.71179770,0.21701710,0.40718100
-358.39179770,0.21701710,0.38929716
-358.07179771,0.19919430,0.38929716
-357.75179771,0.19919430,0.37141330
-357.43179771,0.18134100,0.35352946
-357.11179771,0.18134100,0.33570666
-356.79179771,0.18134100,0.33570666
-356.47179772,0.16351820,0.33570666
-356.15179772,0.15460680,0.30000000
-355.83179772,0.14569540,0.28211616
-355.51179772,0.14569540,0.26423230
-355.19179772,0.12787260,0.26423230
-354.87179773,0.11896110,0.22846462
-354.55179773,0.11004970,0.22846462
-354.23179773,0.10113830,0.21058076
-353.91179773,0.09222694,0.19269692
-353.59179773,0.07440413,0.19269692
-353.27179774,0.06549272,0.12116154
-352.95179774,0.05658132,0.12116154
-352.63179774,0.04766991,0.12116154
-352.31179774,0.03875851,0.12116154
-351.99179774,0.03875851,0.10327768
-351.67179774,0.02093570,0.08539380
-351.35179775,0.02093570,0.06751000
-351.03179775,0.00311289,0.04962620
-350.71179775,-0.00579852,0.03174220
-350.39179775,-0.02362133,0.01385840
-350.07179775,-0.03253273,0.01385840
-349.75179776,-0.04147466,-0.02190920
-349.43179776,-0.05038606,-0.03979300
-349.11179776,-0.06820887,-0.05767700
-348.79179776,-0.06820887,-0.07556080
-348.47179776,-0.08603168,-0.09344460
-348.15179777,-0.08603168,-0.09344460
-347.83179777,-0.08603168,-0.11132840
-347.51179777,-0.10385450,-0.11132840
-347.19179777,-0.10385450,-0.11132840
-346.87179777,-0.11276590,-0.12921240
-346.55179778,-0.13058870,-0.16498000
-346.23179778,-0.13950010,-0.18286380
-345.91179778,-0.13950010,-0.18286380
-345.59179778,-0.15735340,-0.20074760
-345.27179778,-0.17517620,-0.23651540
-344.95179779,-0.17517620,-0.23651540
-344.63179779,-0.19299910,-0.27228300
-344.31179779,-0.20191050,-0.27228300
-343.99179779,-0.21082190,-0.30805080
-343.67179779,-0.21082190,-0.32593460
-343.35179780,-0.21973330,-0.32593460
-343.03179780,-0.22864470,-0.34381840
-342.71179780,-0.22864470,-0.36170240
-342.39179780,-0.24646750,-0.36170240
-342.07179780,-0.24646750,-0.37958620
-341.75179781,-0.26429030,-0.39747000
-341.43179781,-0.26429030,-0.41535380
-341.11179781,-0.28214360,-0.41535380
-340.79179781,-0.29996640,-0.45112160
-340.47179781,-0.29996640,-0.45112160
-340.15179781,-0.30887780,-0.46900540
-339.83179782,-0.31778920,-0.48688920
-339.51179782,-0.32670070,-0.50477300
-339.19179782,-0.33561210,-0.50477300
-338.87179782,-0.33561210,-0.52265700
-338.55179782,-0.33561210,-0.52265700
-338.23179783,-0.35343490,-0.52265700
-337.91179783,-0.35343490,-0.54054080
-337.59179783,-0.36234630,-0.55842460
-337.27179783,-0.37125770,-0.55842460
-336.95179783,-0.37125770,-0.59419240
-336.63179784,-0.37125770,-0.52265700
-336.31179784,-0.38911100,-0.61207620
-335.99179784,-0.39802240,-0.59419240
-335.67179784,-0.40693380,-0.62996000
-335.35179784,-0.40693380,-0.62996000
-335.03179785,-0.40693380,-0.62996000
-334.71179785,-0.40693380,-0.64784380
-334.39179785,-0.42475660,-0.66572760
-334.07179785,-0.43366800,-0.80879860
-333.75179785,-0.43366800,-0.66572760
-333.43179786,-0.44257940,-0.66572760
-333.11179786,-0.44257940,-0.68361160
-332.79179786,-0.46040220,-0.70149540
-332.47179786,-0.46040220,-0.70149540
-332.15179786,-0.46040220,-0.71937920
-331.83179787,-0.46040220,-0.73726320
-331.51179787,-0.46040220,-0.70149540
-331.19179787,-0.47822510,-0.73726320
-330.87179787,-0.47822510,-0.73726320
-330.55179787,-0.47822510,-0.73726320
-330.23179788,-0.47822510,-0.73726320
-329.91179788,-0.47822510,-0.75514700
-329.59179788,-0.47822510,-0.75514700
-329.27179788,-0.49607840,-0.77303080
-328.95179788,-0.49607840,-0.77303080
-328.63179788,-0.49607840,-0.75514700
-328.31179789,-0.49607840,-0.77303080
-327.99179789,-0.49607840,-0.77303080
-327.67179789,-0.49607840,-0.75514700
-327.35179789,-0.49607840,-0.77303080
-327.03179789,-0.49607840,-0.77303080
-326.71179790,-0.49607840,-0.77303080
-326.39179790,-0.49607840,-0.79091460
-326.07179790,-0.49607840,-0.79091460
-325.75179790,-0.49607840,-0.79091460
-325.43179790,-0.49607840,-0.79091460
-325.11179791,-0.49607840,-0.79091460
-324.79179791,-0.49607840,-0.79091460
-324.47179791,-0.49607840,-0.79091460
-324.15179791,-0.49607840,-0.79091460
-323.83179791,-0.49607840,-0.79091460
-323.51179792,-0.49607840,-0.79091460
-323.19179792,-0.49607840,-0.79091460
-322.87179792,-0.49607840,-0.79091460
-322.55179792,-0.48713650,-0.77303080
-322.23179792,-0.47822510,-0.77303080
-321.91179793,-0.47822510,-0.75514700
-321.59179793,-0.47822510,-0.75514700
-321.27179793,-0.47822510,-0.75514700
-320.95179793,-0.47822510,-0.75514700
-320.63179793,-0.47822510,-0.75514700
-320.31179794,-0.47822510,-0.75514700
-319.99179794,-0.46040220,-0.73726320
-319.67179794,-0.46040220,-0.73726320
-319.35179794,-0.46040220,-0.73726320
-319.03179794,-0.46040220,-0.71937920
-318.71179795,-0.45149080,-0.71937920
-318.39179795,-0.45149080,-0.70149540
-318.07179795,-0.44257940,-0.70149540
-317.75179795,-0.44257940,-0.70149540
-317.43179795,-0.43366800,-0.68361160
-317.11179795,-0.43366800,-0.68361160
-316.79179796,-0.43366800,-0.64784380
-316.47179796,-0.42475660,-0.66572760
-316.15179796,-0.42475660,-0.66572760
-315.83179796,-0.41584520,-0.66572760
-315.51179796,-0.40693380,-0.64784380
-315.19179797,-0.40693380,-0.64784380
-314.87179797,-0.39802240,-0.64784380
-314.55179797,-0.39802240,-0.62996000
-314.23179797,-0.38911100,-0.61207620
-313.91179797,-0.38016910,-0.55842460
-313.59179798,-0.36234630,-0.59419240
-313.27179798,-0.36234630,-0.57630860
-312.95179798,-0.35343490,-0.55842460
-312.63179798,-0.35343490,-0.55842460
-312.31179798,-0.33561210,-0.54054080
-311.99179799,-0.31778920,-0.52265700
-311.67179799,-0.31778920,-0.50477300
-311.35179799,-0.31778920,-0.48688920
-311.03179799,-0.30887780,-0.48688920
-310.71179799,-0.29996640,-0.46900540
-310.39179800,-0.28214360,-0.45112160
-310.07179800,-0.28214360,-0.45112160
-309.75179800,-0.28214360,-0.45112160
-309.43179800,-0.27323220,-0.43323760
-309.11179800,-0.26429030,-0.43323760
-308.79179801,-0.26429030,-0.41535380
-308.47179801,-0.24646750,-0.39747000
-308.15179801,-0.23755610,-0.37958620
-307.83179801,-0.22864470,-0.37958620
-307.51179801,-0.21082190,-0.36170240
-307.19179802,-0.21082190,-0.32593460
-306.87179802,-0.19299910,-0.30805080
-306.55179802,-0.19299910,-0.30805080
-306.23179802,-0.17517620,-0.27228300
-305.91179802,-0.17517620,-0.25439920
-305.59179802,-0.16626480,-0.25439920
-305.27179803,-0.15735340,-0.23651540
-304.95179803,-0.14841150,-0.21863160
-304.63179803,-0.13950010,-0.21863160
-304.31179803,-0.13950010,-0.20074760
-303.99179803,-0.12167730,-0.18286380
-303.67179804,-0.10385450,-0.16498000
-303.35179804,-0.10385450,-0.16498000
-303.03179804,-0.08603168,-0.12921240
-302.71179804,-0.07712027,-0.12921240
-302.39179804,-0.06820887,-0.09344460
-302.07179805,-0.05038606,-0.07556080
-301.75179805,-0.05038606,-0.07556080
-301.43179805,-0.03253273,-0.05767700
-301.11179805,-0.03253273,-0.03979300
-300.79179805,-0.01470992,-0.02190920
-300.47179806,-0.01470992,0.01385840
-300.15179806,-0.00579852,0.01385840
-299.83179806,0.00311289,0.03174220
-299.51179806,0.01202429,0.03174220
-299.19179806,0.02093570,0.04962620
-298.87179807,0.03875851,0.06751000
-298.55179807,0.03875851,0.10327768
-298.23179807,0.05658132,0.10327768
-297.91179807,0.07440413,0.12116154
-297.59179807,0.07440413,0.13904538
-297.27179808,0.09222694,0.15692922
-296.95179808,0.09222694,0.15692922
-296.63179808,0.10113830,0.17481308
-296.31179808,0.10113830,0.28211616
-295.99179808,0.11004970,0.17481308
-295.67179809,0.12787260,0.21058076
-295.35179809,0.13678400,0.22846462
-295.03179809,0.13678400,0.24634846
-294.71179809,0.15460680,0.26423230
-294.39179809,0.16351820,0.33570666
-294.07179809,0.17242960,0.30000000
-293.75179810,0.19028290,0.31788384
-293.43179810,0.19919430,0.33570666
-293.11179810,0.21701710,0.35352946
-292.79179810,0.21701710,0.35352946
-292.47179810,0.21701710,0.38929716
-292.15179811,0.23483990,0.38929716
-291.83179811,0.24375130,0.40718100
-291.51179811,0.25266270,0.40718100
-291.19179811,0.25266270,0.40718100
-290.87179811,0.25266270,0.42506484
-290.55179812,0.27048560,0.44294870
-290.23179812,0.27939700,0.46083254
-289.91179812,0.28830840,0.47871640
-289.59179812,0.28830840,0.47871640
-289.27179812,0.30616170,0.49660024
-288.95179813,0.30616170,0.51448400
-288.63179813,0.32398450,0.53236800
-288.31179813,0.32398450,0.55025180
-287.99179813,0.33289590,0.55025180
-287.67179813,0.34180730,0.58601940
-287.35179814,0.34180730,0.58601940
-287.03179814,0.35963010,0.58601940
-286.71179814,0.35963010,0.60390340
-286.39179814,0.35963010,0.62178720
-286.07179814,0.35963010,0.62178720
-285.75179815,0.37745290,0.62178720
-285.43179815,0.37745290,0.63967100
-285.11179815,0.37745290,0.63967100
-284.79179815,0.38636430,0.65755480
-284.47179815,0.39527570,0.67543860
-284.15179816,0.39527570,0.67543860
-283.83179816,0.40418710,0.69332260
-283.51179816,0.41309850,0.69332260
-283.19179816,0.41309850,0.69332260
-282.87179816,0.41309850,0.71120640
-282.55179816,0.41309850,0.71120640
-282.23179817,0.42204050,0.72909020
-281.91179817,0.43095190,0.72909020
-281.59179817,0.43095190,0.74697400
-281.27179817,0.43986330,0.74697400
-280.95179817,0.44877470,0.76485800
-280.63179818,0.44877470,0.74697400
-280.31179818,0.44877470,0.76485800
-279.99179818,0.44877470,0.76485800
-279.67179818,0.45768610,0.78274180
-279.35179818,0.46659750,0.78274180
-279.03179819,0.46659750,0.78274180
-278.71179819,0.46659750,0.78274180
-278.39179819,0.46659750,0.80062560
-278.07179819,0.46659750,0.78274180
-277.75179819,0.46659750,0.81850940
-277.43179820,0.46659750,0.80062560
-277.11179820,0.46659750,0.80062560
-276.79179820,0.46659750,0.80062560
-276.47179820,0.47550890,0.80062560
-276.15179820,0.46659750,0.80062560
-275.83179821,0.46659750,0.80062560
-275.51179821,0.46659750,0.80062560
-275.19179821,0.47550890,0.83639340
-274.87179821,0.46659750,0.80062560
-274.55179821,0.47550890,0.78274180
-274.23179822,0.46659750,0.78274180
-273.91179822,0.46659750,0.80062560
-273.59179822,0.46659750,0.80062560
-273.27179822,0.46659750,0.81850940
-272.95179822,0.46659750,0.78274180
-272.63179823,0.46659750,0.80062560
-272.31179823,0.45768610,0.78274180
-271.99179823,0.45768610,0.78274180
-271.67179823,0.44877470,0.76485800
-271.35179823,0.45768610,0.78274180
-271.03179823,0.44877470,0.76485800
-270.71179824,0.44877470,0.76485800
-270.39179824,0.44877470,0.76485800
-270.07179824,0.44877470,0.76485800
-269.75179824,0.43095190,0.74697400
-269.43179824,0.43095190,0.74697400
-269.11179825,0.43095190,0.74697400
-268.79179825,0.43095190,0.74697400
-268.47179825,0.43095190,0.74697400
-268.15179825,0.42204050,0.72909020
-267.83179825,0.41309850,0.72909020
-267.51179826,0.41309850,0.72909020
-267.19179826,0.41309850,0.71120640
-266.87179826,0.40418710,0.69332260
-266.55179826,0.39527570,0.69332260
-266.23179826,0.39527570,0.69332260
-265.91179827,0.39527570,0.67543860
-265.59179827,0.37745290,0.67543860
-265.27179827,0.37745290,0.67543860
-264.95179827,0.37745290,0.63967100
-264.63179827,0.35963010,0.63967100
-264.31179828,0.35963010,0.63967100
-263.99179828,0.35071870,0.60390340
-263.67179828,0.34180730,0.60390340
-263.35179828,0.33289590,0.58601940
-263.03179828,0.32398450,0.58601940
-262.71179829,0.32398450,0.55025180
-262.39179829,0.32398450,0.55025180
-262.07179829,0.31507310,0.55025180
-261.75179829,0.30616170,0.46083254
-261.43179829,0.29721980,0.51448400
-261.11179830,0.28830840,0.51448400
-260.79179830,0.28830840,0.49660024
-260.47179830,0.27048560,0.49660024
-260.15179830,0.27048560,0.47871640
-259.83179830,0.26157410,0.46083254
-259.51179830,0.25266270,0.40718100
-259.19179831,0.23483990,0.37141330
-258.87179831,0.22592850,0.40718100
-258.55179831,0.21701710,0.40718100
-258.23179831,0.20810570,0.37141330
-257.91179831,0.19919430,0.37141330
-257.59179832,0.19028290,0.33570666
-257.27179832,0.18134100,0.33570666
-256.95179832,0.18134100,0.33570666
-256.63179832,0.18134100,0.38929716
-256.31179832,0.16351820,0.28211616
-255.99179833,0.15460680,0.30000000
-255.67179833,0.14569540,0.28211616
-255.35179833,0.13678400,0.26423230
-255.03179833,0.12787260,0.24634846
-254.71179833,0.11004970,0.22846462
-254.39179834,0.11004970,0.21058076
-254.07179834,0.09222694,0.19269692
-253.75179834,0.07440413,0.17481308
-253.43179834,0.07440413,0.15692922
-253.11179834,0.06549272,0.13904538
-252.79179835,0.05658132,0.12116154
-252.47179835,0.03875851,0.12116154
-252.15179835,0.03875851,0.10327768
-251.83179835,0.03875851,0.10327768
-251.51179835,0.02093570,0.08539380
-251.19179836,0.01202429,0.06751000
-250.87179836,0.00311289,0.04962620
-250.55179836,-0.01470992,0.03174220
-250.23179836,-0.02362133,0.01385840
-249.91179836,-0.03253273,-0.02190920
-249.59179837,-0.04147466,-0.02190920
-249.27179837,-0.05038606,-0.03979300
-248.95179837,-0.06820887,-0.07556080
-248.63179837,-0.07712027,-0.09344460
-248.31179837,-0.08603168,-0.09344460
-247.99179837,-0.08603168,-0.09344460
-247.67179838,-0.10385450,-0.11132840
-247.35179838,-0.10385450,-0.11132840
-247.03179838,-0.10385450,-0.12921240
-246.71179838,-0.12167730,-0.14709620
-246.39179838,-0.13058870,-0.16498000
-246.07179839,-0.13950010,-0.18286380
-245.75179839,-0.14841150,-0.20074760
-245.43179839,-0.15735340,-0.20074760
-245.11179839,-0.17517620,-0.23651540
-244.79179839,-0.19299910,-0.25439920
-244.47179840,-0.19299910,-0.27228300
-244.15179840,-0.21082190,-0.27228300
-243.83179840,-0.21082190,-0.30805080
-243.51179840,-0.21973330,-0.32593460
-243.19179840,-0.21973330,-0.32593460
-242.87179841,-0.22864470,-0.34381840
-242.55179841,-0.23755610,-0.36170240
-242.23179841,-0.24646750,-0.37958620
-241.91179841,-0.25537890,-0.37958620
-241.59179841,-0.26429030,-0.37958620
-241.27179842,-0.27323220,-0.41535380
-240.95179842,-0.28214360,-0.43323760
-240.63179842,-0.29996640,-0.45112160
-240.31179842,-0.29996640,-0.45112160
-239.99179842,-0.31778920,-0.46900540
-239.67179843,-0.31778920,-0.48688920
-239.35179843,-0.32670070,-0.50477300
-239.03179843,-0.33561210,-0.50477300
-238.71179843,-0.34452350,-0.50477300
-238.39179843,-0.35343490,-0.52265700
-238.07179844,-0.35343490,-0.52265700
-237.75179844,-0.35343490,-0.54054080
-237.43179844,-0.37125770,-0.55842460
-237.11179844,-0.37125770,-0.55842460
-236.79179844,-0.37125770,-0.55842460
-236.47179844,-0.38016910,-0.59419240
-236.15179845,-0.38911100,-0.59419240
-235.83179845,-0.39802240,-0.61207620
-235.51179845,-0.40693380,-0.61207620
-235.19179845,-0.40693380,-0.62996000
-234.87179845,-0.41584520,-0.62996000
-234.55179846,-0.41584520,-0.64784380
-234.23179846,-0.43366800,-0.66572760
-233.91179846,-0.44257940,-0.66572760
-233.59179846,-0.44257940,-0.66572760
-233.27179846,-0.44257940,-0.68361160
-232.95179847,-0.44257940,-0.68361160
-232.63179847,-0.46040220,-0.70149540
-232.31179847,-0.46040220,-0.71937920
-231.99179847,-0.46040220,-0.71937920
-231.67179847,-0.46040220,-0.71937920
-231.35179848,-0.46931370,-0.73726320
-231.03179848,-0.46040220,-0.73726320
-230.71179848,-0.46931370,-0.73726320
-230.39179848,-0.47822510,-0.75514700
-230.07179848,-0.47822510,-0.75514700
-229.75179849,-0.47822510,-0.75514700
-229.43179849,-0.47822510,-0.75514700
-229.11179849,-0.49607840,-0.75514700
-228.79179849,-0.48713650,-0.77303080
-228.47179849,-0.49607840,-0.77303080
-228.15179850,-0.49607840,-0.77303080
-227.83179850,-0.49607840,-0.77303080
-227.51179850,-0.49607840,-0.77303080
-227.19179850,-0.49607840,-0.77303080
-226.87179850,-0.49607840,-0.77303080
-226.55179851,-0.49607840,-0.77303080
-226.23179851,-0.49607840,-0.79091460
-225.91179851,-0.49607840,-0.79091460
-225.59179851,-0.49607840,-0.79091460
-225.27179851,-0.49607840,-0.79091460
-224.95179851,-0.49607840,-0.79091460
-224.63179852,-0.49607840,-0.73726320
-224.31179852,-0.49607840,-0.77303080
-223.99179852,-0.49607840,-0.79091460
-223.67179852,-0.49607840,-0.79091460
-223.35179852,-0.49607840,-0.79091460
-223.03179853,-0.49607840,-0.77303080
-222.71179853,-0.48713650,-0.75514700
-222.39179853,-0.48713650,-0.75514700
-222.07179853,-0.48713650,-0.93392440
-221.75179853,-0.47822510,-0.73726320
-221.43179854,-0.47822510,-0.73726320
-221.11179854,-0.47822510,-0.79091460
-220.79179854,-0.47822510,-0.75514700
-220.47179854,-0.47822510,-0.75514700
-220.15179854,-0.46040220,-0.73726320
-219.83179855,-0.46040220,-0.73726320
-219.51179855,-0.46040220,-0.73726320
-219.19179855,-0.46040220,-0.73726320
-218.87179855,-0.46040220,-0.73726320
-218.55179855,-0.44257940,-0.71937920
-218.23179856,-0.44257940,-0.70149540
-217.91179856,-0.44257940,-0.70149540
-217.59179856,-0.44257940,-0.68361160
-217.27179856,-0.43366800,-0.68361160
-216.95179856,-0.44257940,-0.68361160
-216.63179857,-0.44257940,-0.70149540
-216.31179857,-0.42475660,-0.66572760
-215.99179857,-0.41584520,-0.64784380
-215.67179857,-0.40693380,-0.64784380
-215.35179857,-0.39802240,-0.64784380
-215.03179858,-0.40693380,-0.64784380
-214.71179858,-0.38911100,-0.62996000
-214.39179858,-0.38911100,-0.61207620
-214.07179858,-0.38016910,-0.61207620
-213.75179858,-0.37125770,-0.59419240
-213.43179858,-0.37125770,-0.59419240
-213.11179859,-0.36234630,-0.57630860
-212.79179859,-0.35343490,-0.55842460
-212.47179859,-0.34452350,-0.54054080
-212.15179859,-0.33561210,-0.52265700
-211.83179859,-0.32670070,-0.52265700
-211.51179860,-0.31778920,-0.50477300
-211.19179860,-0.30887780,-0.50477300
-210.87179860,-0.29996640,-0.46900540
-210.55179860,-0.29996640,-0.46900540
-210.23179860,-0.28214360,-0.45112160
-209.91179861,-0.28214360,-0.45112160
-209.59179861,-0.27323220,-0.45112160
-209.27179861,-0.27323220,-0.43323760
-208.95179861,-0.26429030,-0.41535380
-208.63179861,-0.26429030,-0.39747000
-208.31179862,-0.24646750,-0.39747000
-207.99179862,-0.22864470,-0.37958620
-207.67179862,-0.22864470,-0.34381840
-207.35179862,-0.21082190,-0.34381840
-207.03179862,-0.20191050,-0.32593460
-206.71179863,-0.19299910,-0.30805080
-206.39179863,-0.18408760,-0.29016700
-206.07179863,-0.17517620,-0.27228300
-205.75179863,-0.17517620,-0.25439920
-205.43179863,-0.15735340,-0.25439920
-205.11179864,-0.15735340,-0.23651540
-204.79179864,-0.13950010,-0.32593460
-204.47179864,-0.14841150,-0.20074760
-204.15179864,-0.12167730,-0.18286380
-203.83179864,-0.12167730,-0.18286380
-203.51179865,-0.10385450,-0.16498000
-203.19179865,-0.08603168,-0.14709620
-202.87179865,-0.07712027,-0.11132840
-202.55179865,-0.06820887,-0.09344460
-202.23179865,-0.05929746,-0.09344460
-201.91179865,-0.05038606,-0.07556080
-201.59179866,-0.04147466,-0.05767700
-201.27179866,-0.03253273,-0.02190920
-200.95179866,-0.02362133,-0.02190920
-200.63179866,-0.01470992,-0.02190920
-200.31179866,-0.01470992,-0.00402540
-199.99179867,0.00311289,0.01385840
-199.67179867,0.00311289,0.03174220
-199.35179867,0.02093570,0.04962620
-199.03179867,0.02984710,0.04962620
-198.71179867,0.03875851,0.06751000
-198.39179868,0.05658132,0.10327768
-198.07179868,0.06549272,0.12116154
-197.75179868,0.07440413,0.13904538
-197.43179868,0.08331553,0.15692922
-197.11179868,0.09222694,0.17481308
-196.79179869,0.09222694,0.17481308
-196.47179869,0.11004970,0.19269692
-196.15179869,0.11004970,0.19269692
-195.83179869,0.11896110,0.21058076
-195.51179869,0.12787260,0.22846462
-195.19179870,0.13678400,0.24634846
-194.87179870,0.14569540,0.24634846
-194.55179870,0.16351820,0.28211616
-194.23179870,0.16351820,0.30000000
-193.91179870,0.18134100,0.30000000
-193.59179871,0.19028290,0.31788384
-193.27179871,0.19919430,0.33570666
-192.95179871,0.21701710,0.35352946
-192.63179871,0.22592850,0.38929716
-192.31179871,0.22592850,0.38929716
-191.99179872,0.23483990,0.38929716
-191.67179872,0.24375130,0.38929716
-191.35179872,0.25266270,0.42506484
-191.03179872,0.25266270,0.42506484
-190.71179872,0.26157410,0.44294870
-190.39179872,0.27048560,0.46083254
-190.07179873,0.28830840,0.47871640
-189.75179873,0.28830840,0.47871640
-189.43179873,0.28830840,0.47871640
-189.11179873,0.30616170,0.49660024
-188.79179873,0.32398450,0.56813560
-188.47179874,0.32398450,0.53236800
-188.15179874,0.32398450,0.56813560
-187.83179874,0.34180730,0.55025180
-187.51179874,0.34180730,0.56813560
-187.19179874,0.35071870,0.60390340
-186.87179875,0.35963010,0.60390340
-186.55179875,0.35963010,0.60390340
-186.23179875,0.35963010,0.62178720
-185.91179875,0.37745290,0.62178720
-185.59179875,0.37745290,0.63967100
-185.27179876,0.37745290,0.62178720
-184.95179876,0.39527570,0.62178720
-184.63179876,0.39527570,0.67543860
-184.31179876,0.39527570,0.67543860
-183.99179876,0.40418710,0.69332260
-183.67179877,0.41309850,0.69332260
-183.35179877,0.41309850,0.69332260
-183.03179877,0.41309850,0.69332260
-182.71179877,0.41309850,0.69332260
-182.39179877,0.41309850,0.69332260
-182.07179878,0.43095190,0.72909020
-181.75179878,0.43095190,0.72909020
-181.43179878,0.43986330,0.74697400
-181.11179878,0.44877470,0.74697400
-180.79179878,0.44877470,0.76485800
-180.47179879,0.44877470,0.76485800
-180.15179879,0.44877470,0.76485800
-179.83179879,0.44877470,0.76485800
-179.51179879,0.45768610,0.76485800
-179.19179879,0.46659750,0.76485800
-178.87179879,0.46659750,0.78274180
-178.55179880,0.46659750,0.78274180
-178.23179880,0.46659750,0.78274180
-177.91179880,0.46659750,0.78274180
-177.59179880,0.46659750,0.78274180
-177.27179880,0.46659750,0.80062560
-176.95179881,0.48442030,0.81850940
-176.63179881,0.46659750,0.80062560
-176.31179881,0.46659750,0.78274180
-175.99179881,0.46659750,0.83639340
-175.67179881,0.46659750,0.81850940
-175.35179882,0.46659750,0.78274180
-175.03179882,0.46659750,0.80062560
-174.71179882,0.46659750,0.78274180
-174.39179882,0.46659750,0.80062560
-174.07179882,0.46659750,0.80062560
-173.75179883,0.46659750,0.80062560
-173.43179883,0.46659750,0.78274180
-173.11179883,0.45768610,0.76485800
-172.79179883,0.46659750,0.78274180
-172.47179883,0.46659750,0.80062560
-172.15179884,0.46659750,0.78274180
-171.83179884,0.45768610,0.78274180
-171.51179884,0.44877470,0.78274180
-171.19179884,0.44877470,0.78274180
-170.87179884,0.44877470,0.76485800
-170.55179885,0.44877470,0.76485800
-170.23179885,0.44877470,0.76485800
-169.91179885,0.44877470,0.76485800
-169.59179885,0.43095190,0.74697400
-169.27179885,0.43986330,0.74697400
-168.95179886,0.43095190,0.74697400
-168.63179886,0.43095190,0.74697400
-168.31179886,0.43095190,0.74697400
-167.99179886,0.43095190,0.74697400
-167.67179886,0.41309850,0.72909020
-167.35179886,0.41309850,0.71120640
-167.03179887,0.40418710,0.69332260
-166.71179887,0.40418710,0.69332260
-166.39179887,0.39527570,0.69332260
-166.07179887,0.39527570,0.69332260
-165.75179887,0.37745290,0.67543860
-165.43179888,0.37745290,0.67543860
-165.11179888,0.37745290,0.63967100
-164.79179888,0.36854150,0.63967100
-164.47179888,0.35963010,0.62178720
-164.15179888,0.35963010,0.62178720
-163.83179889,0.34180730,0.60390340
-163.51179889,0.34180730,0.58601940
-163.19179889,0.32398450,0.56813560
-162.87179889,0.32398450,0.56813560
-162.55179889,0.32398450,0.55025180
-162.23179890,0.31507310,0.55025180
-161.91179890,0.30616170,0.55025180
-161.59179890,0.30616170,0.53236800
-161.27179890,0.29721980,0.51448400
-160.95179890,0.28830840,0.49660024
-160.63179891,0.28830840,0.49660024
-160.31179891,0.28830840,0.47871640
-159.99179891,0.27048560,0.47871640
-159.67179891,0.25266270,0.46083254
-159.35179891,0.25266270,0.44294870
-159.03179892,0.23483990,0.40718100
-158.71179892,0.22592850,0.40718100
-158.39179892,0.21701710,0.38929716
-158.07179892,0.20810570,0.38929716
-157.75179892,0.19919430,0.35352946
-157.43179893,0.18134100,0.33570666
-157.11179893,0.18134100,0.33570666
-156.79179893,0.18134100,0.37141330
-156.47179893,0.17242960,0.31788384
-156.15179893,0.15460680,0.31788384
-155.83179893,0.14569540,0.28211616
-155.51179894,0.13678400,0.26423230
-155.19179894,0.12787260,0.24634846
-154.87179894,0.11896110,0.22846462
-154.55179894,0.11004970,0.22846462
-154.23179894,0.09222694,0.19269692
-153.91179895,0.09222694,0.19269692
-153.59179895,0.07440413,0.15692922
-153.27179895,0.06549272,0.15692922
-152.95179895,0.05658132,0.12116154
-152.63179895,0.04766991,0.10327768
-152.31179896,0.03875851,0.10327768
-151.99179896,0.03875851,0.08539380
-151.67179896,0.02984710,0.08539380
-151.35179896,0.02093570,0.06751000
-151.03179896,0.01202429,0.04962620
-150.71179897,0.00311289,0.04962620
-150.39179897,-0.01470992,0.01385840
-150.07179897,-0.03253273,0.01385840
-149.75179897,-0.04147466,-0.02190920
-149.43179897,-0.05038606,-0.03979300
-149.11179898,-0.06820887,-0.05767700
-148.79179898,-0.06820887,-0.07556080
-148.47179898,-0.07712027,-0.09344460
-148.15179898,-0.08603168,-0.09344460
-147.83179898,-0.10385450,-0.02190920
-147.51179899,-0.10385450,-0.14709620
-147.19179899,-0.10385450,-0.12921240
-146.87179899,-0.12167730,-0.14709620
-146.55179899,-0.13058870,-0.16498000
-146.23179899,-0.13950010,-0.18286380
-145.91179900,-0.14841150,-0.20074760
-145.59179900,-0.15735340,-0.21863160
-145.27179900,-0.17517620,-0.23651540
-144.95179900,-0.17517620,-0.25439920
-144.63179900,-0.19299910,-0.25439920
-144.31179900,-0.20191050,-0.29016700
-143.99179901,-0.21082190,-0.30805080
-143.67179901,-0.22864470,-0.32593460
-143.35179901,-0.22864470,-0.34381840
-143.03179901,-0.22864470,-0.34381840
-142.71179901,-0.23755610,-0.36170240
-142.39179902,-0.24646750,-0.36170240
-142.07179902,-0.24646750,-0.37958620
-141.75179902,-0.26429030,-0.37958620
-141.43179902,-0.26429030,-0.39747000
-141.11179902,-0.28214360,-0.41535380
-140.79179903,-0.29105500,-0.43323760
-140.47179903,-0.29996640,-0.45112160
-140.15179903,-0.29996640,-0.45112160
-139.83179903,-0.31778920,-0.50477300
-139.51179903,-0.32670070,-0.48688920
-139.19179904,-0.33561210,-0.50477300
-138.87179904,-0.33561210,-0.52265700
-138.55179904,-0.34452350,-0.52265700
-138.23179904,-0.35343490,-0.52265700
-137.91179904,-0.35343490,-0.54054080
-137.59179905,-0.36234630,-0.55842460
-137.27179905,-0.37125770,-0.55842460
-136.95179905,-0.37125770,-0.57630860
-136.63179905,-0.38016910,-0.57630860
-136.31179905,-0.38911100,-0.59419240
-135.99179906,-0.38911100,-0.61207620
-135.67179906,-0.40693380,-0.61207620
-135.35179906,-0.40693380,-0.62996000
-135.03179906,-0.40693380,-0.62996000
-134.71179906,-0.40693380,-0.64784380
-134.39179907,-0.42475660,-0.64784380
-134.07179907,-0.43366800,-0.66572760
-133.75179907,-0.44257940,-0.68361160
-133.43179907,-0.44257940,-0.68361160
-133.11179907,-0.44257940,-0.68361160
-132.79179907,-0.45149080,-0.70149540
-132.47179908,-0.46040220,-0.70149540
-132.15179908,-0.46040220,-0.71937920
-131.83179908,-0.46040220,-0.70149540
-131.51179908,-0.46040220,-0.73726320
-131.19179908,-0.46040220,-0.73726320
-130.87179909,-0.46931370,-0.73726320
-130.55179909,-0.47822510,-0.75514700
-130.23179909,-0.47822510,-0.73726320
-129.91179909,-0.47822510,-0.75514700
-129.59179909,-0.48713650,-0.75514700
-129.27179910,-0.48713650,-0.77303080
-128.95179910,-0.48713650,-0.77303080
-128.63179910,-0.49607840,-0.77303080
-128.31179910,-0.49607840,-0.77303080
-127.99179910,-0.49607840,-0.77303080
-127.67179911,-0.49607840,-0.77303080
-127.35179911,-0.48713650,-0.77303080
-127.03179911,-0.49607840,-0.77303080
-126.71179911,-0.49607840,-0.77303080
-126.39179911,-0.49607840,-0.77303080
-126.07179912,-0.49607840,-0.77303080
-125.75179912,-0.49607840,-0.80879860
-125.43179912,-0.49607840,-0.79091460
-125.11179912,-0.49607840,-0.79091460
-124.79179912,-0.49607840,-0.79091460
-124.47179913,-0.49607840,-0.79091460
-124.15179913,-0.49607840,-0.79091460
-123.83179913,-0.49607840,-0.79091460
-123.51179913,-0.49607840,-0.79091460
-123.19179913,-0.49607840,-0.79091460
-122.87179914,-0.48713650,-0.70149540
-122.55179914,-0.48713650,-0.79091460
-122.23179914,-0.47822510,-0.75514700
-121.91179914,-0.47822510,-0.75514700
-121.59179914,-0.47822510,-0.75514700
-121.27179915,-0.47822510,-0.75514700
-120.95179915,-0.47822510,-0.75514700
-120.63179915,-0.47822510,-0.73726320
-120.31179915,-0.46931370,-0.75514700
-119.99179915,-0.46040220,-0.73726320
-119.67179915,-0.46040220,-0.73726320
-119.35179916,-0.46040220,-0.73726320
-119.03179916,-0.46040220,-0.71937920
-118.71179916,-0.46040220,-0.71937920
-118.39179916,-0.44257940,-0.71937920
-118.07179916,-0.44257940,-0.70149540
-117.75179917,-0.44257940,-0.70149540
-117.43179917,-0.44257940,-0.68361160
-117.11179917,-0.43366800,-0.68361160
-116.79179917,-0.42475660,-0.68361160
-116.47179917,-0.42475660,-0.66572760
-116.15179918,-0.41584520,-0.68361160
-115.83179918,-0.40693380,-0.64784380
-115.51179918,-0.40693380,-0.62996000
-115.19179918,-0.40693380,-0.64784380
-114.87179918,-0.40693380,-0.64784380
-114.55179919,-0.38911100,-0.61207620
-114.23179919,-0.38911100,-0.61207620
-113.91179919,-0.37125770,-0.61207620
-113.59179919,-0.37125770,-0.59419240
-113.27179919,-0.35343490,-0.55842460
-112.95179920,-0.35343490,-0.55842460
-112.63179920,-0.34452350,-0.54054080
-112.31179920,-0.33561210,-0.54054080
-111.99179920,-0.32670070,-0.52265700
-111.67179920,-0.31778920,-0.52265700
-111.35179921,-0.31778920,-0.50477300
-111.03179921,-0.30887780,-0.48688920
-110.71179921,-0.29996640,-0.37958620
-110.39179921,-0.29105500,-0.48688920
-110.07179921,-0.28214360,-0.45112160
-109.75179922,-0.28214360,-0.45112160
-109.43179922,-0.27323220,-0.43323760
-109.11179922,-0.26429030,-0.43323760
-108.79179922,-0.25537890,-0.41535380
-108.47179922,-0.24646750,-0.39747000
-108.15179922,-0.24646750,-0.39747000
-107.83179923,-0.22864470,-0.37958620
-107.51179923,-0.21082190,-0.36170240
-107.19179923,-0.21082190,-0.32593460
-106.87179923,-0.19299910,-0.30805080
-106.55179923,-0.18408760,-0.30805080
-106.23179924,-0.17517620,-0.27228300
-105.91179924,-0.17517620,-0.25439920
-105.59179924,-0.16626480,-0.25439920
-105.27179924,-0.15735340,-0.34381840
-104.95179924,-0.14841150,-0.21863160
-104.63179925,-0.13950010,-0.20074760
-104.31179925,-0.13950010,-0.21863160
-103.99179925,-0.12167730,-0.18286380
-103.67179925,-0.11276590,-0.16498000
-103.35179925,-0.10385450,-0.16498000
-103.03179926,-0.08603168,-0.12921240
-102.71179926,-0.06820887,-0.11132840
-102.39179926,-0.06820887,-0.09344460
-102.07179926,-0.05038606,-0.07556080
-101.75179926,-0.05038606,-0.07556080
-101.43179927,-0.03253273,-0.05767700
-101.11179927,-0.03253273,-0.02190920
-100.79179927,-0.02362133,-0.02190920
-100.47179927,-0.01470992,-0.02190920
-100.15179927,-0.01470992,-0.00402540
-99.83179928,0.00311289,0.01385840
-99.51179928,0.01202429,0.03174220
-99.19179928,0.02093570,0.04962620
-98.87179928,0.03875851,0.06751000
-98.55179928,0.04766991,0.08539380
-98.23179929,0.05658132,0.10327768
-97.91179929,0.07440413,0.12116154
-97.59179929,0.07440413,0.13904538
-97.27179929,0.08331553,0.15692922
-96.95179929,0.09222694,0.17481308
-96.63179929,0.10113830,0.17481308
-96.31179930,0.11004970,0.19269692
-95.99179930,0.11896110,0.19269692
-95.67179930,0.12787260,0.21058076
-95.35179930,0.13678400,0.22846462
-95.03179930,0.14569540,0.26423230
-94.71179931,0.15460680,0.26423230
-94.39179931,0.16351820,0.28211616
-94.07179931,0.17242960,0.30000000
-93.75179931,0.18134100,0.31788384
-93.43179931,0.19919430,0.33570666
-93.11179932,0.20810570,0.35352946
-92.79179932,0.21701710,0.37141330
-92.47179932,0.21701710,0.38929716
-92.15179932,0.23483990,0.37141330
-91.83179932,0.23483990,0.40718100
-91.51179933,0.25266270,0.42506484
-91.19179933,0.25266270,0.42506484
-90.87179933,0.25266270,0.44294870
-90.55179933,0.27048560,0.46083254
-90.23179933,0.27048560,0.46083254
-89.91179934,0.28830840,0.47871640
-89.59179934,0.28830840,0.47871640
-89.27179934,0.30616170,0.49660024
-88.95179934,0.31507310,0.51448400
-88.63179934,0.32398450,0.53236800
-88.31179935,0.32398450,0.55025180
-87.99179935,0.34180730,0.55025180
-87.67179935,0.34180730,0.56813560
-87.35179935,0.35071870,0.60390340
-87.03179935,0.35071870,0.60390340
-86.71179936,0.35963010,0.62178720
-86.39179936,0.35963010,0.60390340
-86.07179936,0.36854150,0.62178720
-85.75179936,0.37745290,0.62178720
-85.43179936,0.37745290,0.63967100
-85.11179936,0.37745290,0.62178720
-84.79179937,0.39527570,0.65755480
-84.47179937,0.39527570,0.67543860
-84.15179937,0.39527570,0.67543860
-83.83179937,0.40418710,0.69332260
-83.51179937,0.41309850,0.69332260
-83.19179938,0.41309850,0.69332260
-82.87179938,0.41309850,0.69332260
-82.55179938,0.42204050,0.71120640
-82.23179938,0.43095190,0.72909020
-81.91179938,0.43095190,0.72909020
-81.59179939,0.43095190,0.72909020
-81.27179939,0.43986330,0.74697400
-80.95179939,0.44877470,0.74697400
-80.63179939,0.44877470,0.76485800
-80.31179939,0.44877470,0.76485800
-79.99179940,0.44877470,0.76485800
-79.67179940,0.44877470,0.76485800
-79.35179940,0.46659750,0.78274180
-79.03179940,0.46659750,0.78274180
-78.71179940,0.46659750,0.78274180
-78.39179941,0.46659750,0.78274180
-78.07179941,0.46659750,0.78274180
-77.75179941,0.46659750,0.80062560
-77.43179941,0.46659750,0.78274180
-77.11179941,0.46659750,0.80062560
-76.79179942,0.47550890,0.80062560
-76.47179942,0.46659750,0.80062560
-76.15179942,0.46659750,0.78274180
-75.83179942,0.47550890,0.76485800
-75.51179942,0.46659750,0.80062560
-75.19179943,0.46659750,0.80062560
-74.87179943,0.46659750,0.80062560
-74.55179943,0.46659750,0.80062560
-74.23179943,0.46659750,0.78274180
-73.91179943,0.46659750,0.80062560
-73.59179943,0.46659750,0.78274180
-73.27179944,0.46659750,0.83639340
-72.95179944,0.46659750,0.78274180
-72.63179944,0.46659750,0.78274180
-72.31179944,0.45768610,0.78274180
-71.99179944,0.45768610,0.81850940
-71.67179945,0.45768610,0.78274180
-71.35179945,0.44877470,0.78274180
-71.03179945,0.44877470,0.76485800
-70.71179945,0.44877470,0.76485800
-70.39179945,0.44877470,0.76485800
-70.07179946,0.44877470,0.76485800
-69.75179946,0.43095190,0.74697400
-69.43179946,0.43095190,0.74697400
-69.11179946,0.43986330,0.81850940
-68.79179946,0.43095190,0.72909020
-68.47179947,0.43095190,0.74697400
-68.15179947,0.41309850,0.72909020
-67.83179947,0.41309850,0.72909020
-67.51179947,0.41309850,0.71120640
-67.19179947,0.41309850,0.71120640
-66.87179948,0.40418710,0.69332260
-66.55179948,0.39527570,0.69332260
-66.23179948,0.39527570,0.69332260
-65.91179948,0.39527570,0.67543860
-65.59179948,0.38636430,0.67543860
-65.27179949,0.37745290,0.65755480
-64.95179949,0.37745290,0.65755480
-64.63179949,0.35963010,0.63967100
-64.31179949,0.35963010,0.62178720
-63.99179949,0.35071870,0.62178720
-63.67179950,0.34180730,0.60390340
-63.35179950,0.34180730,0.60390340
-63.03179950,0.32398450,0.58601940
-62.71179950,0.32398450,0.55025180
-62.39179950,0.31507310,0.55025180
-62.07179950,0.30616170,0.55025180
-61.75179951,0.30616170,0.55025180
-61.43179951,0.30616170,0.53236800
-61.11179951,0.28830840,0.51448400
-60.79179951,0.28830840,0.49660024
-60.47179951,0.27048560,0.49660024
-60.15179952,0.27048560,0.47871640
-59.83179952,0.25266270,0.46083254
-59.51179952,0.25266270,0.44294870
-59.19179952,0.23483990,0.42506484
-58.87179952,0.22592850,0.40718100
-58.55179953,0.21701710,0.40718100
-58.23179953,0.21701710,0.38929716
-57.91179953,0.19919430,0.35352946
-57.59179953,0.18134100,0.35352946
-57.27179953,0.18134100,0.33570666
-56.95179954,0.18134100,0.31788384
-56.63179954,0.16351820,0.31788384
-56.31179954,0.16351820,0.30000000
-55.99179954,0.14569540,0.30000000
-55.67179954,0.14569540,0.28211616
-55.35179955,0.12787260,0.26423230
-55.03179955,0.12787260,0.24634846
-54.71179955,0.11004970,0.22846462
-54.39179955,0.11004970,0.21058076
-54.07179955,0.09222694,0.21058076
-53.75179956,0.08331553,0.19269692
-53.43179956,0.05658132,0.15692922
-53.11179956,0.05658132,0.13904538
-52.79179956,0.05658132,0.12116154
-52.47179956,0.03875851,0.12116154
-52.15179957,0.03875851,0.10327768
-51.83179957,0.03875851,0.10327768
-51.51179957,0.02093570,0.06751000
-51.19179957,0.02093570,0.10327768
-50.87179957,0.00311289,0.01385840
-50.55179957,-0.01470992,0.03174220
-50.23179958,-0.03253273,0.01385840
-49.91179958,-0.03253273,-0.00402540
-49.59179958,-0.05038606,-0.02190920
-49.27179958,-0.05038606,-0.03979300
-48.95179958,-0.06820887,-0.05767700
-48.63179959,-0.06820887,-0.07556080
-48.31179959,-0.08603168,-0.09344460
-47.99179959,-0.08603168,-0.09344460
-47.67179959,-0.10385450,-0.11132840
-47.35179959,-0.10385450,-0.12921240
-47.03179960,-0.11276590,-0.14709620
-46.71179960,-0.12167730,-0.16498000
-46.39179960,-0.13950010,-0.16498000
-46.07179960,-0.13950010,-0.18286380
-45.75179960,-0.15735340,-0.21863160
-45.43179961,-0.16626480,-0.23651540
-45.11179961,-0.17517620,-0.23651540
-44.79179961,-0.18408760,-0.25439920
-44.47179961,-0.19299910,-0.27228300
-44.15179961,-0.19299910,-0.29016700
-43.83179962,-0.21082190,-0.30805080
-43.51179962,-0.21973330,-0.32593460
-43.19179962,-0.22864470,-0.34381840
-42.87179962,-0.22864470,-0.34381840
-42.55179962,-0.24646750,-0.36170240
-42.23179963,-0.24646750,-0.36170240
-41.91179963,-0.25537890,-0.37958620
-41.59179963,-0.26429030,-0.39747000
-41.27179963,-0.28214360,-0.41535380
-40.95179963,-0.28214360,-0.41535380
-40.63179964,-0.29996640,-0.45112160
-40.31179964,-0.29996640,-0.45112160
-39.99179964,-0.31778920,-0.46900540
-39.67179964,-0.31778920,-0.48688920
-39.35179964,-0.32670070,-0.50477300
-39.03179964,-0.33561210,-0.50477300
-38.71179965,-0.34452350,-0.52265700
-38.39179965,-0.35343490,-0.52265700
-38.07179965,-0.35343490,-0.54054080
-37.75179965,-0.35343490,-0.54054080
-37.43179965,-0.35343490,-0.54054080
-37.11179966,-0.37125770,-0.55842460
-36.79179966,-0.38016910,-0.57630860
-36.47179966,-0.38911100,-0.64784380
-36.15179966,-0.38911100,-0.59419240
-35.83179966,-0.38911100,-0.59419240
-35.51179967,-0.40693380,-0.62996000
-35.19179967,-0.40693380,-0.62996000
-34.87179967,-0.41584520,-0.64784380
-34.55179967,-0.42475660,-0.64784380
-34.23179967,-0.42475660,-0.66572760
-33.91179968,-0.43366800,-0.66572760
-33.59179968,-0.44257940,-0.68361160
-33.27179968,-0.43366800,-0.61207620
-32.95179968,-0.45149080,-0.71937920
-32.63179968,-0.46040220,-0.70149540
-32.31179969,-0.46040220,-0.70149540
-31.99179969,-0.46040220,-0.71937920
-31.67179969,-0.46040220,-0.73726320
-31.35179969,-0.46931370,-0.73726320
-31.03179969,-0.46931370,-0.73726320
-30.71179970,-0.46931370,-0.73726320
-30.39179970,-0.47822510,-0.73726320
-30.07179970,-0.47822510,-0.75514700
-29.75179970,-0.48713650,-0.75514700
-29.43179970,-0.48713650,-0.77303080
-29.11179971,-0.49607840,-0.77303080
-28.79179971,-0.48713650,-0.77303080
-28.47179971,-0.49607840,-0.77303080
-28.15179971,-0.49607840,-0.77303080
-27.83179971,-0.49607840,-0.77303080
-27.51179971,-0.48713650,-0.77303080
-27.19179972,-0.49607840,-0.77303080
-26.87179972,-0.49607840,-0.79091460
-26.55179972,-0.49607840,-0.79091460
-26.23179972,-0.49607840,-0.79091460
-25.91179972,-0.49607840,-0.79091460
-25.59179973,-0.49607840,-0.77303080
-25.27179973,-0.49607840,-0.79091460
-24.95179973,-0.49607840,-0.79091460
-24.63179973,-0.49607840,-0.79091460
-24.31179973,-0.49607840,-0.79091460
-23.99179974,-0.49607840,-0.77303080
-23.67179974,-0.49607840,-0.79091460
-23.35179974,-0.49607840,-0.79091460
-23.03179974,-0.49607840,-0.77303080
-22.71179974,-0.49607840,-0.77303080
-22.39179975,-0.47822510,-0.75514700
-22.07179975,-0.47822510,-0.77303080
-21.75179975,-0.47822510,-0.75514700
-21.43179975,-0.47822510,-0.75514700
-21.11179975,-0.47822510,-0.75514700
-20.79179976,-0.47822510,-0.75514700
-20.47179976,-0.47822510,-0.75514700
-20.15179976,-0.46931370,-0.73726320
-19.83179976,-0.46040220,-0.73726320
-19.51179976,-0.46040220,-0.73726320
-19.19179977,-0.46040220,-0.71937920
-18.87179977,-0.46040220,-0.73726320
-18.55179977,-0.45149080,-0.70149540
-18.23179977,-0.45149080,-0.70149540
-17.91179977,-0.44257940,-0.68361160
-17.59179978,-0.44257940,-0.68361160
-17.27179978,-0.44257940,-0.68361160
-16.95179978,-0.42475660,-0.68361160
-16.63179978,-0.42475660,-0.68361160
-16.31179978,-0.42475660,-0.66572760
-15.99179978,-0.41584520,-0.66572760
-15.67179979,-0.40693380,-0.64784380
-15.35179979,-0.39802240,-0.59419240
-15.03179979,-0.40693380,-0.64784380
-14.71179979,-0.38911100,-0.62996000
-14.39179979,-0.38911100,-0.62996000
-14.07179980,-0.38911100,-0.61207620
-13.75179980,-0.37125770,-0.59419240
-13.43179980,-0.36234630,-0.57630860
-13.11179980,-0.35343490,-0.55842460
-12.79179980,-0.35343490,-0.54054080
-12.47179981,-0.34452350,-0.54054080
-12.15179981,-0.32670070,-0.52265700
-11.83179981,-0.31778920,-0.52265700
-11.51179981,-0.31778920,-0.50477300
-11.19179981,-0.31778920,-0.50477300
-10.87179982,-0.29996640,-0.46900540
-10.55179982,-0.29996640,-0.46900540
-10.23179982,-0.28214360,-0.45112160
-9.91179982,-0.28214360,-0.45112160
-9.59179982,-0.28214360,-0.45112160
-9.27179983,-0.26429030,-0.43323760
-8.95179983,-0.26429030,-0.41535380
-8.63179983,-0.24646750,-0.39747000
-8.31179983,-0.24646750,-0.37958620
-7.99179983,-0.22864470,-0.37958620
-7.67179984,-0.22864470,-0.36170240
-7.35179984,-0.21082190,-0.32593460
-7.03179984,-0.19299910,-0.32593460
-6.71179984,-0.19299910,-0.29016700
-6.39179984,-0.17517620,-0.29016700
-6.07179985,-0.17517620,-0.27228300
-5.75179985,-0.17517620,-0.25439920
-5.43179985,-0.15735340,-0.23651540
-5.11179985,-0.15735340,-0.23651540
-4.79179985,-0.13950010,-0.21863160
-4.47179985,-0.13950010,-0.20074760
-4.15179986,-0.12167730,-0.18286380
-3.83179986,-0.12167730,-0.18286380
-3.51179986,-0.10385450,-0.16498000
-3.19179986,-0.09494308,-0.12921240
-2.87179986,-0.08603168,-0.11132840
-2.55179987,-0.06820887,-0.09344460
-2.23179987,-0.05929746,-0.09344460
-1.91179987,-0.05038606,-0.07556080
-1.59179987,-0.03253273,-0.09344460
-1.27179987,-0.03253273,-0.02190920
-0.95179988,-0.02362133,-0.02190920
-0.63179988,-0.02362133,-0.02190920
-0.31179988,-0.01470992,-0.00402540
0.00820012,-0.00579852,0.01385840
0.32820012,0.00311289,-0.00402540
0.64820011,0.02093570,0.04962620
0.96820011,0.02984710,0.10327768
1.28820011,0.03875851,0.08539380
1.60820011,0.05658132,0.10327768
1.92820011,0.05658132,0.12116154
2.24820010,0.07440413,0.12116154
2.56820010,0.07440413,0.13904538
2.88820010,0.09222694,0.17481308
3.20820010,0.09222694,0.17481308
3.52820010,0.11004970,0.17481308
3.84820009,0.11004970,0.19269692
4.16820009,0.11896110,0.21058076
4.48820009,0.12787260,0.22846462
4.80820009,0.14569540,0.24634846
5.12820009,0.14569540,0.26423230
5.44820008,0.16351820,0.28211616
5.76820008,0.16351820,0.30000000
6.08820008,0.18134100,0.31788384
6.40820008,0.19028290,0.33570666
6.72820008,0.19919430,0.33570666
7.04820008,0.21701710,0.35352946
7.36820007,0.22592850,0.38929716
7.68820007,0.22592850,0.38929716
8.00820007,0.23483990,0.38929716
8.32820007,0.24375130,0.40718100
8.64820007,0.25266270,0.40718100
8.96820006,0.25266270,0.44294870
9.28820006,0.27048560,0.44294870
9.60820006,0.27048560,0.46083254
9.92820006,0.27939700,0.47871640
10.24820006,0.28830840,0.47871640
10.56820005,0.30616170,0.49660024
10.88820005,0.30616170,0.51448400
11.20820005,0.31507310,0.53236800
11.52820005,0.32398450,0.53236800
11.84820005,0.33289590,0.55025180
12.16820004,0.34180730,0.56813560
12.48820004,0.34180730,0.58601940
12.80820004,0.35071870,0.58601940
13.12820004,0.35963010,0.60390340
13.44820004,0.35963010,0.60390340
13.76820003,0.36854150,0.62178720
14.08820003,0.36854150,0.62178720
14.40820003,0.37745290,0.63967100
14.72820003,0.37745290,0.63967100
15.04820003,0.38636430,0.65755480
15.36820002,0.39527570,0.65755480
15.68820002,0.39527570,0.67543860
16.00820002,0.40418710,0.69332260
16.32820002,0.41309850,0.69332260
16.64820002,0.41309850,0.69332260
16.96820001,0.41309850,0.69332260
17.28820001,0.42204050,0.71120640
17.60820001,0.42204050,0.72909020
17.92820001,0.43095190,0.72909020
18.24820001,0.43986330,0.74697400
18.56820001,0.43986330,0.74697400
18.88820000,0.44877470,0.74697400
19.20820000,0.44877470,0.72909020
19.52820000,0.44877470,0.76485800
19.84820000,0.45768610,0.76485800
20.16820000,0.45768610,0.76485800
20.48819999,0.45768610,0.76485800
20.80819999,0.46659750,0.78274180
21.12819999,0.46659750,0.78274180
21.44819999,0.46659750,0.78274180
21.76819999,0.46659750,0.78274180
22.08819998,0.46659750,0.76485800
22.40819998,0.46659750,0.78274180
22.72819998,0.47550890,0.80062560
23.04819998,0.46659750,0.80062560
23.36819998,0.46659750,0.80062560
23.68819997,0.46659750,0.78274180
24.00819997,0.47550890,0.80062560
24.32819997,0.46659750,0.80062560
24.64819997,0.46659750,0.78274180
24.96819997,0.46659750,0.80062560
25.28819996,0.46659750,0.80062560
25.60819996,0.47550890,0.80062560
25.92819996,0.46659750,0.80062560
26.24819996,0.46659750,0.78274180
26.56819996,0.46659750,0.78274180
26.88819995,0.46659750,0.78274180
27.20819995,0.45768610,0.78274180
27.52819995,0.45768610,0.78274180
27.84819995,0.45768610,0.76485800
28.16819995,0.45768610,0.76485800
28.48819994,0.44877470,0.78274180
28.80819994,0.45768610,0.76485800
29.12819994,0.44877470,0.76485800
29.44819994,0.44877470,0.76485800
29.76819994,0.43986330,0.76485800
30.08819994,0.43986330,0.74697400
30.40819993,0.43986330,0.76485800
30.72819993,0.43095190,0.74697400
31.04819993,0.43095190,0.74697400
31.36819993,0.43095190,0.74697400
31.68819993,0.42204050,0.72909020
32.00819992,0.41309850,0.72909020
32.32819992,0.41309850,0.72909020
32.64819992,0.41309850,0.71120640
32.96819992,0.41309850,0.69332260
33.28819992,0.39527570,0.69332260
33.60819991,0.39527570,0.69332260
33.92819991,0.39527570,0.69332260
34.24819991,0.38636430,0.67543860
34.56819991,0.37745290,0.67543860
34.88819991,0.37745290,0.65755480
35.20819990,0.35963010,0.63967100
35.52819990,0.35963010,0.65755480
35.84819990,0.35071870,0.62178720
36.16819990,0.34180730,0.60390340
36.48819990,0.34180730,0.60390340
36.80819989,0.32398450,0.58601940
37.12819989,0.32398450,0.56813560
37.44819989,0.31507310,0.55025180
37.76819989,0.30616170,0.55025180
38.08819989,0.30616170,0.58601940
38.40819988,0.30616170,0.53236800
38.72819988,0.29721980,0.51448400
39.04819988,0.28830840,0.49660024
39.36819988,0.28830840,0.49660024
39.68819988,0.27048560,0.47871640
40.00819987,0.26157410,0.47871640
40.32819987,0.25266270,0.46083254
40.64819987,0.24375130,0.44294870
40.96819987,0.23483990,0.40718100
41.28819987,0.21701710,0.40718100
41.60819987,0.21701710,0.38929716
41.92819986,0.21701710,0.40718100
42.24819986,0.19919430,0.33570666
42.56819986,0.19028290,0.35352946
42.88819986,0.18134100,0.33570666
43.20819986,0.17242960,0.31788384
43.52819985,0.16351820,0.30000000
43.84819985,0.15460680,0.30000000
44.16819985,0.14569540,0.30000000
44.48819985,0.14569540,0.28211616
44.80819985,0.12787260,0.24634846
45.12819984,0.11896110,0.24634846
45.44819984,0.11004970,0.22846462
45.76819984,0.10113830,0.21058076
46.08819984,0.09222694,0.19269692
46.40819984,0.07440413,0.17481308
46.72819983,0.06549272,0.15692922
47.04819983,0.05658132,0.13904538
47.36819983,0.04766991,0.12116154
47.68819983,0.03875851,0.12116154
48.00819983,0.02984710,0.08539380
48.32819982,0.02093570,0.08539380
48.64819982,0.02093570,0.06751000
48.96819982,0.00311289,0.04962620
49.28819982,0.00311289,0.04962620
49.60819982,-0.01470992,0.03174220
49.92819981,-0.03253273,-0.00402540
50.24819981,-0.03253273,-0.02190920
50.56819981,-0.04147466,-0.03979300
50.88819981,-0.05038606,-0.03979300
51.20819981,-0.06820887,-0.07556080
51.52819980,-0.07712027,-0.09344460
51.84819980,-0.08603168,-0.09344460
52.16819980,-0.08603168,-0.11132840
52.48819980,-0.10385450,-0.12921240
52.80819980,-0.10385450,-0.12921240
53.12819980,-0.12167730,-0.16498000
53.44819979,-0.13058870,-0.16498000
53.76819979,-0.13950010,-0.18286380
54.08819979,-0.13950010,-0.18286380
54.40819979,-0.16626480,-0.21863160
54.72819979,-0.17517620,-0.23651540
55.04819978,-0.18408760,-0.23651540
55.36819978,-0.19299910,-0.25439920
55.68819978,-0.20191050,-0.29016700
56.00819978,-0.20191050,-0.29016700
56.32819978,-0.21082190,-0.29016700
56.64819977,-0.22864470,-0.32593460
56.96819977,-0.22864470,-0.34381840
57.28819977,-0.23755610,-0.36170240
57.60819977,-0.24646750,-0.37958620
57.92819977,-0.24646750,-0.37958620
58.24819976,-0.26429030,-0.39747000
58.56819976,-0.26429030,-0.41535380
58.88819976,-0.28214360,-0.43323760
59.20819976,-0.28214360,-0.43323760
59.52819976,-0.29996640,-0.45112160
59.84819975,-0.29996640,-0.43323760
60.16819975,-0.31778920,-0.46900540
60.48819975,-0.31778920,-0.50477300
60.80819975,-0.33561210,-0.50477300
61.12819975,-0.33561210,-0.52265700
61.44819974,-0.35343490,-0.54054080
61.76819974,-0.35343490,-0.54054080
62.08819974,-0.36234630,-0.54054080
62.40819974,-0.36234630,-0.55842460
62.72819974,-0.37125770,-0.61207620
63.04819973,-0.37125770,-0.55842460
63.36819973,-0.38016910,-0.57630860
63.68819973,-0.38911100,-0.59419240
64.00819973,-0.39802240,-0.61207620
64.32819973,-0.40693380,-0.62996000
64.64819973,-0.40693380,-0.62996000
64.96819972,-0.40693380,-0.64784380
65.28819972,-0.42475660,-0.64784380
65.60819972,-0.42475660,-0.64784380
65.92819972,-0.42475660,-0.66572760
66.24819972,-0.44257940,-0.66572760
66.56819971,-0.44257940,-0.68361160
66.88819971,-0.44257940,-0.68361160
67.20819971,-0.46040220,-0.70149540
67.52819971,-0.46040220,-0.70149540
67.84819971,-0.46040220,-0.71937920
68.16819970,-0.46931370,-0.71937920
68.48819970,-0.46931370,-0.73726320
68.80819970,-0.46931370,-0.73726320
69.12819970,-0.46931370,-0.73726320
69.44819970,-0.47822510,-0.73726320
69.76819969,-0.47822510,-0.75514700
70.08819969,-0.47822510,-0.75514700
70.40819969,-0.48713650,-0.77303080
70.72819969,-0.47822510,-0.75514700
71.04819969,-0.48713650,-0.77303080
71.36819968,-0.49607840,-0.77303080
71.68819968,-0.49607840,-0.77303080
72.00819968,-0.49607840,-0.77303080
72.32819968,-0.49607840,-0.79091460
72.64819968,-0.49607840,-0.86238900
72.96819967,-0.49607840,-0.75514700
73.28819967,-0.49607840,-0.79091460
73.60819967,-0.49607840,-0.77303080
73.92819967,-0.49607840,-0.77303080
74.24819967,-0.49607840,-0.79091460
74.56819966,-0.49607840,-0.79091460
74.88819966,-0.49607840,-0.79091460
75.20819966,-0.49607840,-0.71937920
75.52819966,-0.49607840,-0.77303080
75.84819966,-0.49607840,-0.77303080
76.16819966,-0.49607840,-0.79091460
76.48819965,-0.49607840,-0.79091460
76.80819965,-0.49607840,-0.79091460
77.12819965,-0.49607840,-0.79091460
77.44819965,-0.49607840,-0.77303080
77.76819965,-0.48713650,-0.77303080
78.08819964,-0.48713650,-0.75514700
78.40819964,-0.47822510,-0.75514700
78.72819964,-0.47822510,-0.75514700
79.04819964,-0.47822510,-0.75514700
79.36819964,-0.47822510,-0.75514700
79.68819963,-0.47822510,-0.73726320
80.00819963,-0.46931370,-0.73726320
80.32819963,-0.46040220,-0.73726320
80.64819963,-0.46040220,-0.73726320
80.96819963,-0.46040220,-0.71937920
81.28819962,-0.46040220,-0.71937920
81.60819962,-0.44257940,-0.68361160
81.92819962,-0.44257940,-0.68361160
82.24819962,-0.44257940,-0.68361160
82.56819962,-0.43366800,-0.68361160
82.88819961,-0.43366800,-0.68361160
83.20819961,-0.43366800,-0.68361160
83.52819961,-0.42475660,-0.68361160
83.84819961,-0.42475660,-0.66572760
84.16819961,-0.41584520,-0.66572760
84.48819960,-0.40693380,-0.62996000
84.80819960,-0.40693380,-0.66572760
85.12819960,-0.40693380,-0.62996000
85.44819960,-0.38911100,-0.61207620
85.76819960,-0.38016910,-0.61207620
86.08819959,-0.37125770,-0.59419240
86.40819959,-0.37125770,-0.59419240
86.72819959,-0.36234630,-0.57630860
87.04819959,-0.35343490,-0.55842460
87.36819959,-0.34452350,-0.54054080
87.68819959,-0.33561210,-0.54054080
88.00819958,-0.32670070,-0.52265700
88.32819958,-0.31778920,-0.50477300
88.64819958,-0.31778920,-0.50477300
88.96819958,-0.30887780,-0.48688920
89.28819958,-0.29996640,-0.46900540
89.60819957,-0.29996640,-0.46900540
89.92819957,-0.28214360,-0.45112160
90.24819957,-0.27323220,-0.45112160
90.56819957,-0.27323220,-0.43323760
90.88819957,-0.26429030,-0.41535380
91.20819956,-0.25537890,-0.41535380
91.52819956,-0.24646750,-0.39747000
91.84819956,-0.24646750,-0.37958620
92.16819956,-0.22864470,-0.37958620
92.48819956,-0.21082190,-0.34381840
92.80819955,-0.21082190,-0.32593460
93.12819955,-0.19299910,-0.32593460
93.44819955,-0.18408760,-0.29016700
93.76819955,-0.17517620,-0.27228300
94.08819955,-0.17517620,-0.25439920
94.40819954,-0.17517620,-0.25439920
94.72819954,-0.15735340,-0.23651540
95.04819954,-0.15735340,-0.23651540
95.36819954,-0.13950010,-0.21863160
95.68819954,-0.13950010,-0.20074760
96.00819953,-0.12167730,-0.18286380
96.32819953,-0.12167730,-0.16498000
96.64819953,-0.10385450,-0.16498000
96.96819953,-0.08603168,-0.12921240
97.28819953,-0.07712027,-0.11132840
97.60819952,-0.06820887,-0.09344460
97.92819952,-0.05929746,-0.09344460
98.24819952,-0.04147466,-0.05767700
98.56819952,-0.03253273,-0.03979300
98.88819952,-0.03253273,-0.03979300
99.20819952,-0.01470992,-0.02190920
99.52819951,-0.01470992,-0.02190920
99.84819951,-0.00579852,-0.00402540
100.16819951,0.00311289,0.01385840
100.48819951,0.01202429,0.03174220
100.80819951,0.02984710,0.04962620
101.12819950,0.03875851,0.06751000
101.44819950,0.04766991,0.08539380
101.76819950,0.05658132,0.10327768
102.08819950,0.06549272,0.12116154
102.40819950,0.07440413,0.13904538
102.72819949,0.08331553,0.15692922
103.04819949,0.09222694,0.15692922
103.36819949,0.10113830,0.17481308
103.68819949,0.11004970,0.19269692
104.00819949,0.11004970,0.21058076
104.32819948,0.12787260,0.21058076
104.64819948,0.12787260,0.24634846
104.96819948,0.14569540,0.24634846
105.28819948,0.15460680,0.26423230
105.60819948,0.16351820,0.28211616
105.92819947,0.17242960,0.30000000
106.24819947,0.19028290,0.31788384
106.56819947,0.19919430,0.33570666
106.88819947,0.20810570,0.35352946
107.20819947,0.21701710,0.37141330
107.52819946,0.22592850,0.38929716
107.84819946,0.23483990,0.42506484
108.16819946,0.24375130,0.40718100
108.48819946,0.25266270,0.40718100
108.80819946,0.25266270,0.40718100
109.12819945,0.25266270,0.44294870
109.44819945,0.27048560,0.44294870
109.76819945,0.27048560,0.49660024
110.08819945,0.27939700,0.46083254
110.40819945,0.28830840,0.47871640
110.72819945,0.30616170,0.49660024
111.04819944,0.30616170,0.51448400
111.36819944,0.32398450,0.53236800
111.68819944,0.32398450,0.55025180
112.00819944,0.33289590,0.56813560
112.32819944,0.34180730,0.53236800
112.64819943,0.34180730,0.60390340
112.96819943,0.35071870,0.58601940
113.28819943,0.35963010,0.58601940
113.60819943,0.35963010,0.60390340
113.92819943,0.36854150,0.62178720
114.24819942,0.37745290,0.62178720
114.56819942,0.37745290,0.63967100
114.88819942,0.38636430,0.63967100
115.20819942,0.39527570,0.65755480
115.52819942,0.39527570,0.67543860
115.84819941,0.39527570,0.67543860
116.16819941,0.40418710,0.69332260
116.48819941,0.41309850,0.69332260
116.80819941,0.41309850,0.69332260
117.12819941,0.41309850,0.69332260
117.44819940,0.41309850,0.71120640
117.76819940,0.43095190,0.72909020
118.08819940,0.43095190,0.74697400
118.40819940,0.43095190,0.72909020
118.72819940,0.43986330,0.74697400
119.04819939,0.44877470,0.74697400
119.36819939,0.44877470,0.76485800
119.68819939,0.44877470,0.76485800
120.00819939,0.44877470,0.76485800
120.32819939,0.45768610,0.76485800
120.64819938,0.45768610,0.76485800
120.96819938,0.45768610,0.78274180
121.28819938,0.46659750,0.78274180
121.60819938,0.46659750,0.78274180
121.92819938,0.46659750,0.78274180
122.24819938,0.46659750,0.78274180
122.56819937,0.47550890,0.80062560
122.88819937,0.46659750,0.78274180
123.20819937,0.46659750,0.80062560
123.52819937,0.46659750,0.80062560
123.84819937,0.47550890,0.80062560
124.16819936,0.46659750,0.80062560
124.48819936,0.47550890,0.80062560
124.80819936,0.46659750,0.80062560
125.12819936,0.47550890,0.80062560
125.44819936,0.46659750,0.80062560
125.76819935,0.48442030,0.80062560
126.08819935,0.46659750,0.80062560
126.40819935,0.46659750,0.80062560
126.72819935,0.46659750,0.80062560
127.04819935,0.46659750,0.78274180
127.36819934,0.46659750,0.78274180
127.68819934,0.46659750,0.78274180
128.00819934,0.44877470,0.76485800
128.32819934,0.45768610,0.78274180
128.64819934,0.45768610,0.78274180
128.96819933,0.45768610,0.76485800
129.28819933,0.44877470,0.76485800
129.60819933,0.44877470,0.76485800
129.92819933,0.44877470,0.76485800
130.24819933,0.43986330,0.76485800
130.56819932,0.43095190,0.74697400
130.88819932,0.43095190,0.74697400
131.20819932,0.43095190,0.76485800
131.52819932,0.43095190,0.76485800
131.84819932,0.43095190,0.74697400
132.16819931,0.41309850,0.72909020
132.48819931,0.41309850,0.71120640
132.80819931,0.41309850,0.71120640
133.12819931,0.40418710,0.69332260
133.44819931,0.39527570,0.69332260
133.76819930,0.39527570,0.67543860
134.08819930,0.39527570,0.67543860
134.40819930,0.38636430,0.67543860
134.72819930,0.37745290,0.67543860
135.04819930,0.36854150,0.65755480
135.36819930,0.35963010,0.63967100
135.68819929,0.35963010,0.62178720
136.00819929,0.35963010,0.62178720
136.32819929,0.34180730,0.60390340
136.64819929,0.33289590,0.58601940
136.96819929,0.32398450,0.56813560
137.28819928,0.32398450,0.55025180
137.60819928,0.31507310,0.55025180
137.92819928,0.30616170,0.55025180
138.24819928,0.30616170,0.53236800
138.56819928,0.29721980,0.53236800
138.88819927,0.28830840,0.51448400
139.20819927,0.28830840,0.51448400
139.52819927,0.27048560,0.47871640
139.84819927,0.27048560,0.47871640
140.16819927,0.25266270,0.46083254
140.48819926,0.25266270,0.46083254
140.80819926,0.23483990,0.44294870
141.12819926,0.22592850,0.40718100
141.44819926,0.21701710,0.40718100
141.76819926,0.21701710,0.38929716
142.08819925,0.19919430,0.37141330
142.40819925,0.19028290,0.33570666
142.72819925,0.18134100,0.35352946
143.04819925,0.18134100,0.33570666
143.36819925,0.16351820,0.33570666
143.68819924,0.16351820,0.30000000
144.00819924,0.15460680,0.30000000
144.32819924,0.14569540,0.28211616
144.64819924,0.13678400,0.26423230
144.96819924,0.12787260,0.24634846
145.28819923,0.11004970,0.22846462
145.60819923,0.11004970,0.21058076
145.92819923,0.09222694,0.19269692
146.24819923,0.07440413,0.17481308
146.56819923,0.07440413,0.15692922
146.88819923,0.05658132,0.08539380
147.20819922,0.04766991,0.13904538
147.52819922,0.03875851,0.12116154
147.84819922,0.03875851,0.10327768
148.16819922,0.02093570,0.08539380
148.48819922,0.02093570,0.06751000
148.80819921,0.01202429,0.04962620
149.12819921,0.00311289,0.04962620
149.44819921,-0.00579852,0.13904538
149.76819921,-0.02362133,0.01385840
150.08819921,-0.03253273,-0.02190920
150.40819920,-0.05038606,-0.02190920
150.72819920,-0.05929746,-0.03979300
151.04819920,-0.06820887,-0.05767700
151.36819920,-0.07712027,-0.07556080
151.68819920,-0.08603168,-0.09344460
152.00819919,-0.08603168,-0.09344460
152.32819919,-0.09494308,-0.11132840
152.64819919,-0.10385450,-0.11132840
152.96819919,-0.10385450,-0.14709620
153.28819919,-0.12167730,-0.16498000
153.60819918,-0.12167730,-0.16498000
153.92819918,-0.13950010,-0.16498000
154.24819918,-0.15735340,-0.20074760
154.56819918,-0.15735340,-0.18286380
154.88819918,-0.17517620,-0.25439920
155.20819917,-0.19299910,-0.25439920
155.52819917,-0.19299910,-0.27228300
155.84819917,-0.21082190,-0.30805080
156.16819917,-0.21082190,-0.30805080
156.48819917,-0.22864470,-0.32593460
156.80819916,-0.22864470,-0.34381840
157.12819916,-0.22864470,-0.34381840
157.44819916,-0.24646750,-0.36170240
157.76819916,-0.24646750,-0.37958620
158.08819916,-0.25537890,-0.37958620
158.40819916,-0.26429030,-0.39747000
158.72819915,-0.27323220,-0.41535380
159.04819915,-0.29105500,-0.43323760
159.36819915,-0.29996640,-0.45112160
159.68819915,-0.29996640,-0.46900540
160.00819915,-0.31778920,-0.46900540
160.32819914,-0.31778920,-0.48688920
160.64819914,-0.32670070,-0.50477300
160.96819914,-0.33561210,-0.52265700
161.28819914,-0.33561210,-0.52265700
161.60819914,-0.34452350,-0.52265700
161.92819913,-0.35343490,-0.54054080
162.24819913,-0.36234630,-0.55842460
162.56819913,-0.37125770,-0.55842460
162.88819913,-0.37125770,-0.55842460
163.20819913,-0.37125770,-0.57630860
163.52819912,-0.38911100,-0.57630860
163.84819912,-0.38911100,-0.59419240
164.16819912,-0.39802240,-0.61207620
164.48819912,-0.40693380,-0.61207620
164.80819912,-0.40693380,-0.62996000
165.12819911,-0.41584520,-0.64784380
165.44819911,-0.42475660,-0.64784380
165.76819911,-0.42475660,-0.66572760
166.08819911,-0.43366800,-0.66572760
166.40819911,-0.44257940,-0.66572760
166.72819910,-0.44257940,-0.68361160
167.04819910,-0.44257940,-0.68361160
167.36819910,-0.46040220,-0.70149540
167.68819910,-0.46040220,-0.71937920
168.00819910,-0.46040220,-0.71937920
168.32819909,-0.46040220,-0.73726320
168.64819909,-0.46931370,-0.73726320
168.96819909,-0.47822510,-0.73726320
169.28819909,-0.47822510,-0.73726320
169.60819909,-0.47822510,-0.73726320
169.92819909,-0.47822510,-0.75514700
170.24819908,-0.47822510,-0.75514700
170.56819908,-0.48713650,-0.75514700
170.88819908,-0.49607840,-0.77303080
171.20819908,-0.48713650,-0.75514700
171.52819908,-0.49607840,-0.77303080
171.84819907,-0.48713650,-0.75514700
172.16819907,-0.49607840,-0.75514700
172.48819907,-0.49607840,-0.77303080
172.80819907,-0.49607840,-0.79091460
173.12819907,-0.49607840,-0.79091460
173.44819906,-0.50498980,-0.82662120
173.76819906,-0.49607840,-0.79091460
174.08819906,-0.49607840,-0.79091460
174.40819906,-0.49607840,-0.79091460
174.72819906,-0.49607840,-0.79091460
175.04819905,-0.49607840,-0.79091460
175.36819905,-0.49607840,-0.79091460
175.68819905,-0.49607840,-0.79091460
176.00819905,-0.49607840,-0.79091460
176.32819905,-0.49607840,-0.75514700
176.64819904,-0.49607840,-0.80879860
176.96819904,-0.49607840,-0.77303080
177.28819904,-0.49607840,-0.77303080
177.60819904,-0.49607840,-0.77303080
177.92819904,-0.48713650,-0.77303080
178.24819903,-0.47822510,-0.75514700
178.56819903,-0.47822510,-0.75514700
178.88819903,-0.47822510,-0.75514700
179.20819903,-0.47822510,-0.75514700
179.52819903,-0.47822510,-0.75514700
179.84819902,-0.46931370,-0.73726320
180.16819902,-0.46931370,-0.73726320
180.48819902,-0.46040220,-0.73726320
180.80819902,-0.46040220,-0.71937920
181.12819902,-0.45149080,-0.73726320
181.44819902,-0.45149080,-0.70149540
181.76819901,-0.45149080,-0.71937920
182.08819901,-0.44257940,-0.70149540
182.40819901,-0.44257940,-0.68361160
182.72819901,-0.44257940,-0.66572760
183.04819901,-0.43366800,-0.77303080
183.36819900,-0.42475660,-0.66572760
183.68819900,-0.41584520,-0.66572760
184.00819900,-0.41584520,-0.66572760
184.32819900,-0.41584520,-0.66572760
184.64819900,-0.40693380,-0.64784380
184.96819899,-0.39802240,-0.62996000
185.28819899,-0.39802240,-0.62996000
185.60819899,-0.39802240,-0.57630860
185.92819899,-0.38911100,-0.61207620
186.24819899,-0.38016910,-0.59419240
186.56819898,-0.37125770,-0.59419240
186.88819898,-0.35343490,-0.55842460
187.20819898,-0.34452350,-0.54054080
187.52819898,-0.33561210,-0.54054080
187.84819898,-0.32670070,-0.52265700
188.16819897,-0.31778920,-0.50477300
188.48819897,-0.31778920,-0.50477300
188.80819897,-0.30887780,-0.48688920
189.12819897,-0.29996640,-0.46900540
189.44819897,-0.29996640,-0.46900540
189.76819896,-0.29105500,-0.45112160
190.08819896,-0.28214360,-0.45112160
190.40819896,-0.27323220,-0.43323760
190.72819896,-0.26429030,-0.43323760
191.04819896,-0.26429030,-0.41535380
191.36819895,-0.24646750,-0.39747000
191.68819895,-0.24646750,-0.37958620
192.00819895,-0.22864470,-0.36170240
192.32819895,-0.21973330,-0.36170240
192.64819895,-0.21082190,-0.32593460
192.96819895,-0.20191050,-0.32593460
193.28819894,-0.19299910,-0.30805080
193.60819894,-0.19299910,-0.29016700
193.92819894,-0.17517620,-0.27228300
194.24819894,-0.15735340,-0.23651540
194.56819894,-0.15735340,-0.23651540
194.88819893,-0.15735340,-0.23651540
195.20819893,-0.14841150,-0.21863160
195.52819893,-0.13950010,-0.21863160
195.84819893,-0.12167730,-0.18286380
196.16819893,-0.11276590,-0.18286380
196.48819892,-0.10385450,-0.16498000
196.80819892,-0.08603168,-0.12921240
197.12819892,-0.08603168,-0.11132840
197.44819892,-0.06820887,-0.11132840
197.76819892,-0.05929746,-0.09344460
198.08819891,-0.05038606,-0.07556080
198.40819891,-0.03253273,-0.05767700
198.72819891,-0.03253273,-0.03979300
199.04819891,-0.02362133,-0.02190920
199.36819891,-0.01470992,-0.02190920
199.68819890,-0.01470992,-0.00402540
200.00819890,0.00311289,0.01385840
200.32819890,0.00311289,0.01385840
200.64819890,0.02093570,0.04962620
200.96819890,0.02984710,0.04962620
201.28819889,0.03875851,0.06751000
201.60819889,0.05658132,0.10327768
201.92819889,0.06549272,0.12116154
202.24819889,0.07440413,0.12116154
202.56819889,0.07440413,0.15692922
202.88819888,0.09222694,0.17481308
203.20819888,0.10113830,0.17481308
203.52819888,0.11004970,0.19269692
203.84819888,0.11004970,0.19269692
204.16819888,0.11896110,0.21058076
204.48819888,0.12787260,0.22846462
204.80819887,0.13678400,0.22846462
205.12819887,0.14569540,0.24634846
205.44819887,0.16351820,0.28211616
205.76819887,0.17242960,0.30000000
206.08819887,0.18134100,0.31788384
206.40819886,0.19028290,0.33570666
206.72819886,0.19919430,0.33570666
207.04819886,0.21701710,0.35352946
207.36819886,0.21701710,0.38929716
207.68819886,0.23483990,0.38929716
208.00819885,0.23483990,0.40718100
208.32819885,0.24375130,0.42506484
208.64819885,0.25266270,0.40718100
208.96819885,0.25266270,0.42506484
209.28819885,0.27048560,0.44294870
209.60819884,0.27048560,0.46083254
209.92819884,0.27939700,0.47871640
210.24819884,0.28830840,0.47871640
210.56819884,0.29721980,0.49660024
210.88819884,0.30616170,0.51448400
211.20819883,0.32398450,0.53236800
211.52819883,0.32398450,0.55025180
211.84819883,0.33289590,0.55025180
212.16819883,0.34180730,0.58601940
212.48819883,0.34180730,0.58601940
212.80819882,0.35071870,0.60390340
213.12819882,0.35963010,0.60390340
213.44819882,0.35963010,0.60390340
213.76819882,0.36854150,0.62178720
214.08819882,0.37745290,0.63967100
214.40819881,0.37745290,0.63967100
214.72819881,0.38636430,0.63967100
215.04819881,0.38636430,0.65755480
215.36819881,0.39527570,0.67543860
215.68819881,0.39527570,0.67543860
216.00819881,0.40418710,0.67543860
216.32819880,0.40418710,0.69332260
216.64819880,0.41309850,0.69332260
216.96819880,0.41309850,0.65755480
217.28819880,0.41309850,0.69332260
217.60819880,0.43095190,0.72909020
217.92819879,0.43095190,0.72909020
218.24819879,0.43095190,0.74697400
218.56819879,0.43986330,0.74697400
218.88819879,0.43986330,0.74697400
219.20819879,0.44877470,0.76485800
219.52819878,0.44877470,0.80062560
219.84819878,0.44877470,0.76485800
220.16819878,0.44877470,0.76485800
220.48819878,0.46659750,0.76485800
220.80819878,0.45768610,0.78274180
221.12819877,0.46659750,0.78274180
221.44819877,0.46659750,0.78274180
221.76819877,0.46659750,0.78274180
222.08819877,0.45768610,0.89004480
222.40819877,0.46659750,0.76485800
222.72819876,0.46659750,0.80062560
223.04819876,0.46659750,0.80062560
223.36819876,0.46659750,0.80062560
223.68819876,0.46659750,0.80062560
224.00819876,0.46659750,0.80062560
224.32819875,0.46659750,0.78274180
224.64819875,0.46659750,0.80062560
224.96819875,0.46659750,0.80062560
225.28819875,0.46659750,0.80062560
225.60819875,0.46659750,0.80062560
225.92819874,0.46659750,0.80062560
226.24819874,0.46659750,0.78274180
226.56819874,0.46659750,0.80062560
226.88819874,0.46659750,0.78274180
227.20819874,0.46659750,0.78274180
227.52819874,0.46659750,0.78274180
227.84819873,0.45768610,0.78274180
228.16819873,0.46659750,0.78274180
228.48819873,0.46659750,0.78274180
228.80819873,0.45768610,0.80062560
229.12819873,0.45768610,0.76485800
229.44819872,0.44877470,0.76485800
229.76819872,0.44877470,0.76485800
230.08819872,0.44877470,0.76485800
230.40819872,0.43986330,0.74697400
230.72819872,0.43986330,0.74697400
231.04819871,0.43095190,0.74697400
231.36819871,0.43095190,0.74697400
231.68819871,0.43095190,0.74697400
232.00819871,0.42204050,0.72909020
232.32819871,0.41309850,0.72909020
232.64819870,0.41309850,0.71120640
232.96819870,0.41309850,0.69332260
233.28819870,0.39527570,0.69332260
233.60819870,0.39527570,0.72909020
233.92819870,0.39527570,0.69332260
234.24819869,0.38636430,0.67543860
234.56819869,0.38636430,0.67543860
234.88819869,0.37745290,0.65755480
235.20819869,0.35963010,0.62178720
235.52819869,0.35963010,0.62178720
235.84819868,0.35963010,0.62178720
236.16819868,0.34180730,0.60390340
236.48819868,0.34180730,0.53236800
236.80819868,0.32398450,0.58601940
237.12819868,0.32398450,0.58601940
237.44819867,0.32398450,0.55025180
237.76819867,0.31507310,0.55025180
238.08819867,0.30616170,0.53236800
238.40819867,0.30616170,0.53236800
238.72819867,0.28830840,0.51448400
239.04819867,0.28830840,0.51448400
239.36819866,0.28830840,0.49660024
239.68819866,0.27048560,0.47871640
240.00819866,0.27048560,0.47871640
240.32819866,0.25266270,0.46083254
240.64819866,0.25266270,0.46083254
240.96819865,0.23483990,0.40718100
241.28819865,0.22592850,0.40718100
241.60819865,0.21701710,0.38929716
241.92819865,0.19919430,0.38929716
242.24819865,0.19919430,0.37141330
242.56819864,0.19028290,0.33570666
242.88819864,0.18134100,0.33570666
243.20819864,0.18134100,0.33570666
243.52819864,0.16351820,0.31788384
243.84819864,0.15460680,0.30000000
244.16819863,0.14569540,0.28211616
244.48819863,0.13678400,0.28211616
244.80819863,0.12787260,0.26423230
245.12819863,0.11896110,0.24634846
245.44819863,0.11004970,0.21058076
245.76819862,0.10113830,0.21058076
246.08819862,0.08331553,0.17481308
246.40819862,0.07440413,0.17481308
246.72819862,0.06549272,0.15692922
247.04819862,0.05658132,0.12116154
247.36819861,0.04766991,0.12116154
247.68819861,0.03875851,0.10327768
248.00819861,0.03875851,0.10327768
248.32819861,0.02093570,0.08539380
248.64819861,0.02093570,0.06751000
248.96819860,0.00311289,0.04962620
249.28819860,0.00311289,0.03174220
249.60819860,-0.01470992,0.01385840
249.92819860,-0.03253273,0.01385840
250.24819860,-0.03253273,-0.02190920
250.56819860,-0.05038606,-0.03979300
250.88819859,-0.06820887,-0.05767700
251.20819859,-0.06820887,-0.05767700
251.52819859,-0.07712027,-0.09344460
251.84819859,-0.08603168,-0.09344460
252.16819859,-0.08603168,-0.11132840
252.48819858,-0.09494308,-0.09344460
252.80819858,-0.10385450,-0.14709620
253.12819858,-0.12167730,-0.14709620
253.44819858,-0.13058870,-0.16498000
253.76819858,-0.13950010,-0.16498000
254.08819857,-0.13950010,-0.18286380
254.40819857,-0.15735340,-0.20074760
254.72819857,-0.17517620,-0.23651540
255.04819857,-0.17517620,-0.25439920
255.36819857,-0.19299910,-0.27228300
255.68819856,-0.21082190,-0.29016700
256.00819856,-0.21082190,-0.20074760
256.32819856,-0.21973330,-0.34381840
256.64819856,-0.22864470,-0.32593460
256.96819856,-0.22864470,-0.34381840
257.28819855,-0.22864470,-0.36170240
257.60819855,-0.24646750,-0.37958620
257.92819855,-0.25537890,-0.37958620
258.24819855,-0.26429030,-0.37958620
258.56819855,-0.26429030,-0.48688920
258.88819854,-0.28214360,-0.41535380
259.20819854,-0.29105500,-0.45112160
259.52819854,-0.29996640,-0.45112160
259.84819854,-0.29996640,-0.46900540
260.16819854,-0.31778920,-0.46900540
260.48819853,-0.32670070,-0.48688920
260.80819853,-0.33561210,-0.50477300
261.12819853,-0.33561210,-0.52265700
261.44819853,-0.34452350,-0.52265700
261.76819853,-0.35343490,-0.54054080
262.08819853,-0.35343490,-0.54054080
262.40819852,-0.36234630,-0.55842460
262.72819852,-0.37125770,-0.55842460
263.04819852,-0.37125770,-0.55842460
263.36819852,-0.38016910,-0.57630860
263.68819852,-0.38911100,-0.59419240
264.00819851,-0.39802240,-0.61207620
264.32819851,-0.40693380,-0.62996000
264.64819851,-0.40693380,-0.62996000
264.96819851,-0.41584520,-0.64784380
265.28819851,-0.42475660,-0.64784380
265.60819850,-0.42475660,-0.64784380
265.92819850,-0.42475660,-0.66572760
266.24819850,-0.43366800,-0.66572760
266.56819850,-0.44257940,-0.68361160
266.88819850,-0.44257940,-0.68361160
267.20819849,-0.45149080,-0.68361160
267.52819849,-0.46040220,-0.70149540
267.84819849,-0.46040220,-0.71937920
268.16819849,-0.46040220,-0.73726320
268.48819849,-0.46931370,-0.73726320
268.80819848,-0.46931370,-0.73726320
269.12819848,-0.46931370,-0.73726320
269.44819848,-0.47822510,-0.73726320
269.76819848,-0.47822510,-0.73726320
270.08819848,-0.47822510,-0.75514700
270.40819847,-0.47822510,-0.75514700
270.72819847,-0.49607840,-0.75514700
271.04819847,-0.48713650,-0.77303080
271.36819847,-0.49607840,-0.75514700
271.68819847,-0.49607840,-0.75514700
272.00819846,-0.49607840,-0.77303080
272.32819846,-0.48713650,-0.77303080
272.64819846,-0.49607840,-0.80879860
272.96819846,-0.49607840,-0.77303080
273.28819846,-0.49607840,-0.79091460
273.60819846,-0.49607840,-0.79091460
273.92819845,-0.49607840,-0.79091460
274.24819845,-0.49607840,-0.77303080
274.56819845,-0.49607840,-0.79091460
274.88819845,-0.49607840,-0.77303080
275.20819845,-0.49607840,-0.79091460
275.52819844,-0.49607840,-0.75514700
275.84819844,-0.49607840,-0.80879860
276.16819844,-0.49607840,-0.79091460
276.48819844,-0.49607840,-0.79091460
276.80819844,-0.49607840,-0.79091460
277.12819843,-0.49607840,-0.77303080
277.44819843,-0.48713650,-0.77303080
277.76819843,-0.47822510,-0.75514700
278.08819843,-0.47822510,-0.77303080
278.40819843,-0.47822510,-0.75514700
278.72819842,-0.47822510,-0.75514700
279.04819842,-0.47822510,-0.75514700
279.36819842,-0.47822510,-0.75514700
279.68819842,-0.47822510,-0.75514700
280.00819842,-0.46040220,-0.73726320
280.32819841,-0.46040220,-0.73726320
280.64819841,-0.46040220,-0.73726320
280.96819841,-0.46040220,-0.73726320
281.28819841,-0.45149080,-0.71937920
281.60819841,-0.45149080,-0.71937920
281.92819840,-0.44257940,-0.70149540
282.24819840,-0.44257940,-0.70149540
282.56819840,-0.43366800,-0.68361160
282.88819840,-0.43366800,-0.68361160
283.20819840,-0.43366800,-0.68361160
283.52819839,-0.42475660,-0.66572760
283.84819839,-0.41584520,-0.66572760
284.16819839,-0.41584520,-0.66572760
284.48819839,-0.40693380,-0.64784380
284.80819839,-0.40693380,-0.64784380
285.12819839,-0.39802240,-0.62996000
285.44819838,-0.38911100,-0.61207620
285.76819838,-0.38911100,-0.61207620
286.08819838,-0.38016910,-0.59419240
286.40819838,-0.37125770,-0.59419240
286.72819838,-0.36234630,-0.57630860
287.04819837,-0.35343490,-0.55842460
287.36819837,-0.34452350,-0.54054080
287.68819837,-0.33561210,-0.54054080
288.00819837,-0.32670070,-0.52265700
288.32819837,-0.31778920,-0.50477300
288.64819836,-0.31778920,-0.50477300
288.96819836,-0.29996640,-0.48688920
289.28819836,-0.29996640,-0.46900540
289.60819836,-0.29996640,-0.46900540
289.92819836,-0.29105500,-0.45112160
290.24819835,-0.28214360,-0.45112160
290.56819835,-0.27323220,-0.43323760
290.88819835,-0.26429030,-0.43323760
291.20819835,-0.26429030,-0.41535380
291.52819835,-0.24646750,-0.39747000
291.84819834,-0.23755610,-0.37958620
292.16819834,-0.22864470,-0.36170240
292.48819834,-0.21082190,-0.32593460
292.80819834,-0.20191050,-0.32593460
293.12819834,-0.19299910,-0.34381840
293.44819833,-0.18408760,-0.21863160
293.76819833,-0.18408760,-0.29016700
294.08819833,-0.17517620,-0.25439920
294.40819833,-0.15735340,-0.23651540
294.72819833,-0.15735340,-0.23651540
295.04819832,-0.14841150,-0.23651540
295.36819832,-0.13950010,-0.21863160
295.68819832,-0.13950010,-0.20074760
296.00819832,-0.12167730,-0.34381840
296.32819832,-0.12167730,-0.16498000
296.64819832,-0.09494308,-0.12921240
296.96819831,-0.08603168,-0.12921240
297.28819831,-0.06820887,-0.11132840
297.60819831,-0.06820887,-0.09344460
297.92819831,-0.05038606,-0.07556080
298.24819831,-0.05038606,-0.07556080
298.56819830,-0.03253273,-0.03979300
298.88819830,-0.03253273,-0.02190920
299.20819830,-0.01470992,-0.02190920
299.52819830,-0.01470992,-0.00402540
299.84819830,-0.00579852,-0.00402540
300.16819829,0.00311289,0.01385840
300.48819829,0.01202429,0.03174220
300.80819829,0.02984710,0.04962620
301.12819829,0.03875851,0.06751000
301.44819829,0.03875851,0.08539380
301.76819828,0.05658132,0.12116154
302.08819828,0.07440413,0.12116154
302.40819828,0.08331553,0.13904538
302.72819828,0.08331553,0.15692922
303.04819828,0.09222694,0.15692922
303.36819827,0.10113830,0.17481308
303.68819827,0.11004970,0.19269692
304.00819827,0.11004970,0.21058076
304.32819827,0.12787260,0.21058076
304.64819827,0.13678400,0.24634846
304.96819826,0.14569540,0.24634846
305.28819826,0.15460680,0.26423230
305.60819826,0.16351820,0.28211616
305.92819826,0.18134100,0.31788384
306.24819826,0.19028290,0.31788384
306.56819825,0.19919430,0.33570666
306.88819825,0.20810570,0.35352946
307.20819825,0.21701710,0.37141330
307.52819825,0.21701710,0.38929716
307.84819825,0.23483990,0.40718100
308.16819825,0.24375130,0.40718100
308.48819824,0.25266270,0.40718100
308.80819824,0.25266270,0.42506484
309.12819824,0.26157410,0.44294870
309.44819824,0.27048560,0.46083254
309.76819824,0.27939700,0.47871640
310.08819823,0.28830840,0.47871640
310.40819823,0.28830840,0.47871640
310.72819823,0.30616170,0.51448400
311.04819823,0.32398450,0.53236800
311.36819823,0.32398450,0.53236800
311.68819822,0.32398450,0.55025180
312.00819822,0.34180730,0.56813560
312.32819822,0.34180730,0.56813560
312.64819822,0.34180730,0.58601940
312.96819822,0.35071870,0.58601940
313.28819821,0.35963010,0.60390340
313.60819821,0.35963010,0.62178720
313.92819821,0.36854150,0.62178720
314.24819821,0.37745290,0.62178720
314.56819821,0.37745290,0.63967100
314.88819820,0.38636430,0.65755480
315.20819820,0.39527570,0.65755480
315.52819820,0.39527570,0.67543860
315.84819820,0.39527570,0.67543860
316.16819820,0.40418710,0.69332260
316.48819819,0.41309850,0.69332260
316.80819819,0.41309850,0.69332260
317.12819819,0.41309850,0.69332260
317.44819819,0.41309850,0.71120640
317.76819819,0.43095190,0.62178720
318.08819818,0.43095190,0.72909020
318.40819818,0.43095190,0.74697400
318.72819818,0.44877470,0.74697400
319.04819818,0.44877470,0.76485800
319.36819818,0.44877470,0.76485800
319.68819818,0.44877470,0.76485800
320.00819817,0.44877470,0.76485800
320.32819817,0.45768610,0.76485800
320.64819817,0.46659750,0.76485800
320.96819817,0.46659750,0.78274180
321.28819817,0.46659750,0.78274180
321.60819816,0.46659750,0.78274180
321.92819816,0.46659750,0.78274180
322.24819816,0.46659750,0.80062560
322.56819816,0.46659750,0.78274180
322.88819816,0.46659750,0.80062560
323.20819815,0.46659750,0.80062560
323.52819815,0.46659750,0.80062560
323.84819815,0.46659750,0.80062560
324.16819815,0.46659750,0.80062560
324.48819815,0.46659750,0.78274180
324.80819814,0.46659750,0.80062560
325.12819814,0.46659750,0.80062560
325.44819814,0.46659750,0.80062560
325.76819814,0.46659750,0.80062560
326.08819814,0.46659750,0.80062560
326.40819813,0.46659750,0.80062560
326.72819813,0.46659750,0.80062560
327.04819813,0.46659750,0.80062560
327.36819813,0.46659750,0.80062560
327.68819813,0.46659750,0.78274180
328.00819812,0.45768610,0.78274180
328.32819812,0.45768610,0.78274180
328.64819812,0.45768610,0.78274180
328.96819812,0.44877470,0.78274180
329.28819812,0.45768610,0.76485800
329.60819811,0.44877470,0.76485800
329.92819811,0.43986330,0.76485800
330.24819811,0.43095190,0.74697400
330.56819811,0.43095190,0.74697400
330.88819811,0.43986330,0.81850940
331.20819811,0.43986330,0.74697400
331.52819810,0.43095190,0.74697400
331.84819810,0.42204050,0.72909020
332.16819810,0.41309850,0.72909020
332.48819810,0.41309850,0.71120640
332.80819810,0.41309850,0.69332260
333.12819809,0.40418710,0.69332260
333.44819809,0.41309850,0.76485800
333.76819809,0.39527570,0.67543860
334.08819809,0.39527570,0.69332260
334.40819809,0.38636430,0.65755480
334.72819808,0.37745290,0.65755480
335.04819808,0.37745290,0.63967100
335.36819808,0.35963010,0.63967100
335.68819808,0.35963010,0.62178720
336.00819808,0.35071870,0.60390340
336.32819807,0.34180730,0.60390340
336.64819807,0.33289590,0.58601940
336.96819807,0.32398450,0.58601940
337.28819807,0.32398450,0.55025180
337.60819807,0.32398450,0.55025180
337.92819806,0.30616170,0.55025180
338.24819806,0.30616170,0.53236800
338.56819806,0.29721980,0.51448400
338.88819806,0.28830840,0.51448400
339.20819806,0.28830840,0.49660024
339.52819805,0.27939700,0.47871640
339.84819805,0.27048560,0.47871640
340.16819805,0.26157410,0.46083254
340.48819805,0.25266270,0.44294870
340.80819805,0.25266270,0.44294870
341.12819804,0.22592850,0.40718100
341.44819804,0.22592850,0.44294870
341.76819804,0.19919430,0.37141330
342.08819804,0.19919430,0.37141330
342.40819804,0.18134100,0.35352946
342.72819804,0.19028290,0.33570666
343.04819803,0.18134100,0.33570666
343.36819803,0.16351820,0.31788384
343.68819803,0.16351820,0.31788384
344.00819803,0.15460680,0.30000000
344.32819803,0.14569540,0.28211616
344.64819802,0.12787260,0.26423230
344.96819802,0.12787260,0.24634846
345.28819802,0.11004970,0.24634846
345.60819802,0.09222694,0.19269692
345.92819802,0.09222694,0.19269692
346.24819801,0.07440413,0.17481308
346.56819801,0.07440413,0.15692922
346.88819801,0.05658132,0.13904538
347.20819801,0.05658132,0.12116154
347.52819801,0.04766991,0.12116154
347.84819800,0.03875851,0.10327768
348.16819800,0.03875851,0.10327768
348.48819800,0.02093570,0.06751000
348.80819800,0.01202429,0.06751000
349.12819800,0.00311289,0.04962620
349.44819799,-0.01470992,0.03174220
349.76819799,-0.01470992,0.01385840
350.08819799,-0.03253273,-0.02190920
350.40819799,-0.04147466,-0.02190920
350.72819799,-0.05929746,-0.03979300
351.04819798,-0.06820887,-0.07556080
351.36819798,-0.07712027,-0.07556080
351.68819798,-0.08603168,-0.09344460
352.00819798,-0.08603168,-0.09344460
352.32819798,-0.10385450,-0.11132840
352.64819797,-0.10385450,-0.11132840
352.96819797,-0.10385450,-0.12921240
353.28819797,-0.12167730,-0.16498000
353.60819797,-0.13950010,-0.16498000
353.92819797,-0.13950010,-0.18286380
354.24819797,-0.15735340,-0.20074760
354.56819796,-0.16626480,-0.21863160
354.88819796,-0.17517620,-0.23651540
355.20819796,-0.18408760,-0.25439920
355.52819796,-0.19299910,-0.27228300
355.84819796,-0.20191050,-0.29016700
356.16819795,-0.21082190,-0.30805080
356.48819795,-0.21082190,-0.30805080
356.80819795,-0.22864470,-0.32593460
357.12819795,-0.22864470,-0.34381840
357.44819795,-0.24646750,-0.36170240
357.76819794,-0.24646750,-0.37958620
358.08819794,-0.25537890,-0.39747000
358.40819794,-0.26429030,-0.39747000
358.72819794,-0.28214360,-0.41535380
359.04819794,-0.29105500,-0.43323760
359.36819793,-0.29996640,-0.45112160
359.68819793,-0.29996640,-0.46900540
360.00819793,-0.31778920,-0.46900540
360.32819793,-0.31778920,-0.46900540
360.64819793,-0.33561210,-0.50477300
360.96819792,-0.33561210,-0.52265700
361.28819792,-0.35343490,-0.52265700
361.60819792,-0.35343490,-0.52265700
361.92819792,-0.35343490,-0.54054080
362.24819792,-0.35343490,-0.54054080
362.56819791,-0.37125770,-0.55842460
362.88819791,-0.37125770,-0.55842460
363.20819791,-0.37125770,-0.57630860
363.52819791,-0.38911100,-0.59419240
363.84819791,-0.39802240,-0.61207620
364.16819790,-0.39802240,-0.61207620
364.48819790,-0.40693380,-0.62996000
364.80819790,-0.40693380,-0.62996000
365.12819790,-0.40693380,-0.62996000
365.44819790,-0.42475660,-0.62996000
365.76819790,-0.42475660,-0.66572760
366.08819789,-0.43366800,-0.66572760
366.40819789,-0.44257940,-0.68361160
366.72819789,-0.44257940,-0.70149540
367.04819789,-0.45149080,-0.68361160
367.36819789,-0.46040220,-0.70149540
367.68819788,-0.46040220,-0.70149540
368.00819788,-0.46040220,-0.71937920
368.32819788,-0.46040220,-0.73726320
368.64819788,-0.48713650,-0.79091460
368.96819788,-0.46040220,-0.75514700
369.28819787,-0.47822510,-0.70149540
369.60819787,-0.47822510,-0.75514700
369.92819787,-0.47822510,-0.73726320
370.24819787,-0.48713650,-0.75514700
370.56819787,-0.48713650,-0.77303080
370.88819786,-0.49607840,-0.75514700
371.20819786,-0.47822510,-0.66572760
371.52819786,-0.49607840,-0.80879860
371.84819786,-0.49607840,-0.75514700
372.16819786,-0.49607840,-0.77303080
372.48819785,-0.49607840,-0.79091460
372.80819785,-0.49607840,-0.79091460
373.12819785,-0.49607840,-0.77303080
373.44819785,-0.49607840,-0.79091460
373.76819785,-0.49607840,-0.79091460
374.08819784,-0.49607840,-0.77303080
374.40819784,-0.49607840,-0.79091460
374.72819784,-0.49607840,-0.79091460
375.04819784,-0.49607840,-0.79091460
375.36819784,-0.49607840,-0.79091460
375.68819783,-0.49607840,-0.79091460
376.00819783,-0.49607840,-0.79091460
376.32819783,-0.49607840,-0.79091460
376.64819783,-0.49607840,-0.77303080
376.96819783,-0.48713650,-0.77303080
377.28819783,-0.48713650,-0.77303080
377.60819782,-0.48713650,-0.75514700
377.92819782,-0.47822510,-0.75514700
378.24819782,-0.47822510,-0.75514700
378.56819782,-0.47822510,-0.75514700
378.88819782,-0.47822510,-0.73726320
379.20819781,-0.47822510,-0.75514700
379.52819781,-0.47822510,-0.75514700
379.84819781,-0.46931370,-0.73726320
380.16819781,-0.46040220,-0.73726320
380.48819781,-0.46040220,-0.73726320
380.80819780,-0.46040220,-0.73726320
381.12819780,-0.45149080,-0.73726320
381.44819780,-0.45149080,-0.70149540
381.76819780,-0.44257940,-0.70149540
382.08819780,-0.44257940,-0.70149540
382.40819779,-0.43366800,-0.70149540
382.72819779,-0.42475660,-0.68361160
383.04819779,-0.44257940,-0.70149540
383.36819779,-0.42475660,-0.68361160
383.68819779,-0.42475660,-0.66572760
384.00819778,-0.40693380,-0.66572760
384.32819778,-0.40693380,-0.66572760
384.64819778,-0.39802240,-0.64784380
384.96819778,-0.40693380,-0.62996000
385.28819778,-0.38911100,-0.62996000
385.60819777,-0.38911100,-0.62996000
385.92819777,-0.38016910,-0.59419240
386.24819777,-0.37125770,-0.61207620
386.56819777,-0.37125770,-0.57630860
386.88819777,-0.35343490,-0.55842460
387.20819776,-0.35343490,-0.55842460
387.52819776,-0.33561210,-0.54054080
387.84819776,-0.33561210,-0.52265700
388.16819776,-0.32670070,-0.52265700
388.48819776,-0.31778920,-0.50477300
388.80819775,-0.29996640,-0.50477300
389.12819775,-0.29996640,-0.45112160
389.44819775,-0.29996640,-0.46900540
389.76819775,-0.28214360,-0.45112160
390.08819775,-0.28214360,-0.45112160
390.40819775,-0.27323220,-0.43323760
390.72819774,-0.26429030,-0.41535380
391.04819774,-0.25537890,-0.41535380
391.36819774,-0.25537890,-0.39747000
391.68819774,-0.24646750,-0.39747000
392.00819774,-0.21973330,-0.34381840
392.32819773,-0.21973330,-0.36170240
392.64819773,-0.21082190,-0.32593460
392.96819773,-0.20191050,-0.32593460
393.28819773,-0.19299910,-0.30805080
393.60819773,-0.18408760,-0.27228300
393.92819772,-0.17517620,-0.27228300
394.24819772,-0.17517620,-0.25439920
394.56819772,-0.15735340,-0.23651540
394.88819772,-0.14841150,-0.23651540
395.20819772,-0.14841150,-0.23651540
395.52819771,-0.13950010,-0.20074760
395.84819771,-0.13058870,-0.18286380
396.16819771,-0.12167730,-0.16498000
396.48819771,-0.10385450,-0.16498000
396.80819771,-0.08603168,-0.12921240
397.12819770,-0.07712027,-0.11132840
397.44819770,-0.06820887,-0.09344460
397.76819770,-0.06820887,-0.07556080
398.08819770,-0.05038606,-0.07556080
398.40819770,-0.03253273,-0.05767700
398.72819769,-0.03253273,-0.03979300
399.04819769,-0.02362133,-0.02190920
399.36819769,-0.01470992,-0.02190920
399.68819769,-0.01470992,-0.00402540
400.00819769,0.00311289,0.01385840
400.32819768,0.00311289,0.03174220
400.64819768,0.02093570,0.03174220
400.96819768,0.02093570,0.04962620
401.28819768,0.03875851,0.10327768
401.60819768,0.05658132,0.10327768
401.92819768,0.06549272,0.12116154
402.24819767,0.07440413,0.13904538
402.56819767,0.08331553,0.15692922
402.88819767,0.09222694,0.17481308
403.20819767,0.10113830,0.17481308
403.52819767,0.10113830,0.19269692
403.84819766,0.11004970,0.19269692
404.16819766,0.11896110,0.21058076
404.48819766,0.13678400,0.22846462
404.80819766,0.13678400,0.24634846
405.12819766,0.14569540,0.24634846
405.44819765,0.16351820,0.17481308
405.76819765,0.16351820,0.24634846
406.08819765,0.19028290,0.33570666
406.40819765,0.19919430,0.33570666
406.72819765,0.19919430,0.33570666
407.04819764,0.21701710,0.37141330
407.36819764,0.21701710,0.38929716
407.68819764,0.23483990,0.38929716
408.00819764,0.24375130,0.38929716
408.32819764,0.25266270,0.47871640
408.64819763,0.25266270,0.40718100
408.96819763,0.25266270,0.44294870
409.28819763,0.27048560,0.44294870
409.60819763,0.27048560,0.46083254
409.92819763,0.28830840,0.47871640
410.24819762,0.28830840,0.47871640
410.56819762,0.29721980,0.49660024
410.88819762,0.30616170,0.51448400
411.20819762,0.31507310,0.51448400
411.52819762,0.32398450,0.53236800
411.84819761,0.33289590,0.55025180
412.16819761,0.34180730,0.56813560
412.48819761,0.34180730,0.58601940
412.80819761,0.35071870,0.58601940
413.12819761,0.35963010,0.60390340
413.44819761,0.35963010,0.58601940
413.76819760,0.35963010,0.62178720
414.08819760,0.37745290,0.62178720
414.40819760,0.38636430,0.65755480
414.72819760,0.37745290,0.62178720
415.04819760,0.39527570,0.63967100
415.36819759,0.39527570,0.67543860
415.68819759,0.39527570,0.69332260
416.00819759,0.40418710,0.69332260
416.32819759,0.41309850,0.71120640
416.64819759,0.41309850,0.67543860
416.96819758,0.41309850,0.71120640
417.28819758,0.41309850,0.71120640
417.60819758,0.42204050,0.72909020
417.92819758,0.43095190,0.71120640
418.24819758,0.43986330,0.74697400
418.56819757,0.43986330,0.72909020
418.88819757,0.43986330,0.74697400
419.20819757,0.44877470,0.76485800
419.52819757,0.44877470,0.74697400
419.84819757,0.44877470,0.76485800
420.16819756,0.44877470,0.76485800
420.48819756,0.45768610,0.78274180
420.80819756,0.46659750,0.78274180
421.12819756,0.46659750,0.78274180
421.44819756,0.46659750,0.78274180
421.76819755,0.46659750,0.78274180
422.08819755,0.46659750,0.80062560
422.40819755,0.46659750,0.78274180
422.72819755,0.46659750,0.80062560
423.04819755,0.46659750,0.81850940
423.36819754,0.46659750,0.78274180
423.68819754,0.46659750,0.80062560
424.00819754,0.46659750,0.80062560
424.32819754,0.46659750,0.80062560
424.64819754,0.47550890,0.80062560
424.96819754,0.46659750,0.80062560
425.28819753,0.46659750,0.80062560
425.60819753,0.46659750,0.80062560
425.92819753,0.46659750,0.80062560
426.24819753,0.46659750,0.81850940
426.56819753,0.46659750,0.78274180
426.88819752,0.46659750,0.80062560
427.20819752,0.46659750,0.80062560
427.52819752,0.46659750,0.78274180
427.84819752,0.46659750,0.78274180
428.16819752,0.45768610,0.78274180
428.48819751,0.45768610,0.76485800
428.80819751,0.44877470,0.76485800
429.12819751,0.44877470,0.76485800
429.44819751,0.44877470,0.76485800
429.76819751,0.44877470,0.76485800
430.08819750,0.43095190,0.74697400
430.40819750,0.43095190,0.74697400
430.72819750,0.43095190,0.74697400
431.04819750,0.43095190,0.74697400
431.36819750,0.43095190,0.74697400
431.68819749,0.43095190,0.72909020
432.00819749,0.41309850,0.72909020
432.32819749,0.41309850,0.72909020
432.64819749,0.40418710,0.71120640
432.96819749,0.40418710,0.71120640
433.28819748,0.39527570,0.69332260
433.60819748,0.39527570,0.69332260
433.92819748,0.39527570,0.69332260
434.24819748,0.38636430,0.67543860
434.56819748,0.37745290,0.67543860
434.88819747,0.36854150,0.63967100
435.20819747,0.35963010,0.63967100
435.52819747,0.35963010,0.62178720
435.84819747,0.35963010,0.62178720
436.16819747,0.34180730,0.60390340
436.48819747,0.33289590,0.60390340
436.80819746,0.32398450,0.56813560
437.12819746,0.32398450,0.56813560
437.44819746,0.32398450,0.55025180
437.76819746,0.31507310,0.55025180
438.08819746,0.30616170,0.55025180
438.40819745,0.30616170,0.53236800
438.72819745,0.28830840,0.51448400
439.04819745,0.28830840,0.51448400
439.36819745,0.27939700,0.49660024
439.68819745,0.27048560,0.47871640
440.00819744,0.26157410,0.46083254
440.32819744,0.25266270,0.46083254
440.64819744,0.24375130,0.44294870
440.96819744,0.23483990,0.42506484
441.28819744,0.21701710,0.40718100
441.60819743,0.21701710,0.40718100
441.92819743,0.19919430,0.37141330
442.24819743,0.19919430,0.35352946
442.56819743,0.18134100,0.35352946
442.88819743,0.19919430,0.21058076
443.20819742,0.16351820,0.30000000
443.52819742,0.18134100,0.33570666
443.84819742,0.14569540,0.30000000
444.16819742,0.14569540,0.26423230
444.48819742,0.13678400,0.26423230
444.80819741,0.12787260,0.24634846
445.12819741,0.12787260,0.24634846
445.44819741,0.09222694,0.51448400
445.76819741,0.09222694,0.30000000
446.08819741,0.09222694,0.19269692
446.40819740,0.07440413,0.15692922
446.72819740,0.06549272,0.13904538
447.04819740,0.05658132,0.12116154
447.36819740,0.04766991,0.12116154
447.68819740,0.03875851,0.10327768
448.00819740,0.03875851,0.08539380
448.32819739,0.02093570,0.06751000
448.64819739,0.02093570,0.06751000
448.96819739,0.00311289,0.04962620
449.28819739,-0.00579852,0.03174220
449.60819739,-0.01470992,0.01385840
449.92819738,-0.03253273,-0.02190920
450.24819738,-0.04147466,-0.02190920
450.56819738,-0.05038606,-0.03979300
450.88819738,-0.06820887,-0.05767700
451.20819738,-0.06820887,-0.07556080
451.52819737,-0.08603168,-0.09344460
451.84819737,-0.08603168,-0.09344460
452.16819737,-0.08603168,-0.11132840
452.48819737,-0.10385450,-0.11132840
452.80819737,-0.10385450,-0.12921240
453.12819736,-0.12167730,-0.16498000
453.44819736,-0.13950010,-0.16498000
453.76819736,-0.13950010,-0.18286380
454.08819736,-0.14841150,-0.20074760
454.40819736,-0.15735340,-0.21863160
454.72819735,-0.17517620,-0.23651540
455.04819735,-0.17517620,-0.23651540
455.36819735,-0.19299910,-0.27228300
455.68819735,-0.19299910,-0.27228300
456.00819735,-0.21082190,-0.30805080
456.32819734,-0.22864470,-0.32593460
456.64819734,-0.22864470,-0.32593460
456.96819734,-0.22864470,-0.36170240
457.28819734,-0.23755610,-0.34381840
457.60819734,-0.24646750,-0.36170240
457.92819733,-0.24646750,-0.37958620
458.24819733,-0.26429030,-0.37958620
458.56819733,-0.27323220,-0.45112160
458.88819733,-0.28214360,-0.41535380
459.20819733,-0.28214360,-0.45112160
459.52819733,-0.29996640,-0.45112160
459.84819732,-0.31778920,-0.46900540
460.16819732,-0.31778920,-0.48688920
460.48819732,-0.33561210,-0.48688920
460.80819732,-0.33561210,-0.52265700
461.12819732,-0.33561210,-0.52265700
461.44819731,-0.35343490,-0.52265700
461.76819731,-0.35343490,-0.50477300
462.08819731,-0.35343490,-0.54054080
462.40819731,-0.36234630,-0.55842460
462.72819731,-0.37125770,-0.55842460
463.04819730,-0.37125770,-0.57630860
463.36819730,-0.37125770,-0.59419240
463.68819730,-0.38911100,-0.59419240
464.00819730,-0.38911100,-0.59419240
464.32819730,-0.40693380,-0.62996000
464.64819729,-0.40693380,-0.62996000
464.96819729,-0.40693380,-0.64784380
465.28819729,-0.41584520,-0.62996000
465.60819729,-0.42475660,-0.64784380
465.92819729,-0.43366800,-0.66572760
466.24819728,-0.44257940,-0.66572760
466.56819728,-0.44257940,-0.66572760
466.88819728,-0.44257940,-0.68361160
467.20819728,-0.45149080,-0.68361160
467.52819728,-0.46040220,-0.70149540
467.84819727,-0.46040220,-0.71937920
468.16819727,-0.46040220,-0.71937920
468.48819727,-0.46040220,-0.73726320
468.80819727,-0.46931370,-0.73726320
469.12819727,-0.46931370,-0.73726320
469.44819726,-0.47822510,-0.73726320
469.76819726,-0.47822510,-0.75514700
470.08819726,-0.48713650,-0.75514700
470.40819726,-0.47822510,-0.75514700
470.72819726,-0.48713650,-0.77303080
471.04819726,-0.49607840,-0.77303080
471.36819725,-0.49607840,-0.77303080
471.68819725,-0.49607840,-0.77303080
472.00819725,-0.49607840,-0.77303080
472.32819725,-0.49607840,-0.77303080
472.64819725,-0.49607840,-0.77303080
472.96819724,-0.49607840,-0.75514700
473.28819724,-0.49607840,-0.77303080
473.60819724,-0.49607840,-0.79091460
473.92819724,-0.49607840,-0.79091460
474.24819724,-0.49607840,-0.77303080
474.56819723,-0.49607840,-0.79091460
474.88819723,-0.49607840,-0.79091460
475.20819723,-0.49607840,-0.77303080
475.52819723,-0.49607840,-0.79091460
475.84819723,-0.49607840,-0.77303080
476.16819722,-0.49607840,-0.79091460
476.48819722,-0.49607840,-0.79091460
476.80819722,-0.49607840,-0.79091460
477.12819722,-0.49607840,-0.77303080
477.44819722,-0.48713650,-0.75514700
477.76819721,-0.48713650,-0.75514700
478.08819721,-0.47822510,-0.75514700
478.40819721,-0.47822510,-0.75514700
478.72819721,-0.47822510,-0.75514700
479.04819721,-0.47822510,-0.75514700
479.36819720,-0.47822510,-0.75514700
479.68819720,-0.47822510,-0.66572760
480.00819720,-0.46040220,-0.77303080
480.32819720,-0.46040220,-0.71937920
480.64819720,-0.46040220,-0.73726320
480.96819719,-0.46040220,-0.71937920
481.28819719,-0.46040220,-0.70149540
481.60819719,-0.45149080,-0.71937920
481.92819719,-0.44257940,-0.70149540
482.24819719,-0.44257940,-0.61207620
482.56819719,-0.44257940,-0.68361160
482.88819718,-0.42475660,-0.66572760
483.20819718,-0.44257940,-0.68361160
483.52819718,-0.42475660,-0.68361160
483.84819718,-0.41584520,-0.66572760
484.16819718,-0.41584520,-0.64784380
484.48819717,-0.40693380,-0.64784380
484.80819717,-0.39802240,-0.62996000
485.12819717,-0.40693380,-0.62996000
485.44819717,-0.39802240,-0.62996000
485.76819717,-0.38911100,-0.61207620
486.08819716,-0.37125770,-0.59419240
486.40819716,-0.37125770,-0.59419240
486.72819716,-0.36234630,-0.55842460
487.04819716,-0.35343490,-0.55842460
487.36819716,-0.35343490,-0.54054080
487.68819715,-0.33561210,-0.52265700
488.00819715,-0.32670070,-0.52265700
488.32819715,-0.31778920,-0.50477300
488.64819715,-0.31778920,-0.50477300
488.96819715,-0.29996640,-0.48688920
489.28819714,-0.29105500,-0.46900540
489.60819714,-0.28214360,-0.46900540
489.92819714,-0.28214360,-0.45112160
490.24819714,-0.28214360,-0.45112160
490.56819714,-0.26429030,-0.43323760
490.88819713,-0.26429030,-0.41535380
491.20819713,-0.26429030,-0.39747000
491.52819713,-0.24646750,-0.39747000
491.84819713,-0.23755610,-0.37958620
492.16819713,-0.22864470,-0.37958620
492.48819712,-0.21973330,-0.34381840
492.80819712,-0.21082190,-0.32593460
493.12819712,-0.19299910,-0.30805080
493.44819712,-0.19299910,-0.27228300
493.76819712,-0.17517620,-0.27228300
494.08819712,-0.17517620,-0.27228300
494.40819711,-0.15735340,-0.23651540
494.72819711,-0.15735340,-0.23651540
495.04819711,-0.14841150,-0.21863160
495.36819711,-0.13950010,-0.21863160
495.68819711,-0.13058870,-0.20074760
496.00819710,-0.12167730,-0.18286380
496.32819710,-0.11276590,-0.16498000
496.64819710,-0.10385450,-0.14709620
496.96819710,-0.08603168,-0.11132840
497.28819710,-0.06820887,-0.11132840
497.60819709,-0.05929746,-0.09344460
497.92819709,-0.05038606,-0.07556080
498.24819709,-0.04147466,-0.05767700
498.56819709,-0.03253273,-0.03979300
498.88819709,-0.03253273,-0.02190920
499.20819708,-0.01470992,-0.02190920
499.52819708,-0.01470992,-0.00402540
499.84819708,-0.01470992,-0.00402540
500.16819708,0.00311289,0.01385840
500.48819708,0.00311289,0.03174220
