This is pdfTeX, Version 3.141592653-2.6-1.40.29 (MiKTeX 26.5) (preloaded format=pdflatex 2026.7.7)  7 JUL 2026 12:58
entering extended mode
 restricted \write18 enabled.
 %&-line parsing enabled.
**./AAmain.tex
(AAmain.tex
LaTeX2e <2026-06-01>
L3 programming layer <2026-06-18>
(/home/kien-pham/.miktex/texmfs/install/tex/latex/base/book.cls
Document Class: book 2025/01/22 v1.4n Standard LaTeX document class
(/home/kien-pham/.miktex/texmfs/install/tex/latex/base/bk12.clo
File: bk12.clo 2025/01/22 v1.4n Standard LaTeX file (size option)
)
\c@part=\count276
\c@chapter=\count277
\c@section=\count278
\c@subsection=\count279
\c@subsubsection=\count280
\c@paragraph=\count281
\c@subparagraph=\count282
\c@figure=\count283
\c@table=\count284
\abovecaptionskip=\skip49
\belowcaptionskip=\skip50
\bibindent=\dimen150
)
(preamble_thesis.tex
(/home/kien-pham/.miktex/texmfs/install/tex/latex/base/inputenc.sty
Package: inputenc 2024/02/08 v1.3d Input encoding file
\inpenc@prehook=\toks17
\inpenc@posthook=\toks18
)
(/home/kien-pham/.miktex/texmfs/install/tex/latex/base/fontenc.sty
Package: fontenc 2025/07/18 v2.1d Standard LaTeX package
)
(/home/kien-pham/.miktex/texmfs/install/tex/generic/babel/babel.sty
Package: babel 2026/06/14 v26.9 The multilingual framework for LuaLaTeX, pdfLaT
eX and XeLaTeX
\babel@savecnt=\count285
LaTeX Encoding Info:    Redeclaring text command \ij (encoding OT1) on input li
ne 2084.
LaTeX Encoding Info:    Redeclaring text command \IJ (encoding OT1) on input li
ne 2086.
LaTeX Encoding Info:    Redeclaring text command \ij (encoding T1) on input lin
e 2088.
LaTeX Encoding Info:    Redeclaring text command \IJ (encoding T1) on input lin
e 2089.
LaTeX Encoding Info:    Ignoring declaration for text command \ij (encoding ?) 
on input line 2090.
LaTeX Encoding Info:    Ignoring declaration for text command \IJ (encoding ?) 
on input line 2092.
LaTeX Encoding Info:    Ignoring declaration for text command \SS (encoding ?) 
on input line 2117.
\U@D=\dimen151
\l@unhyphenated=\language1

(/home/kien-pham/.miktex/texmfs/install/tex/generic/babel/txtbabel.def)
\bbl@readstream=\read2
\bbl@dirlevel=\count286
Package babel Info: Configuration files are deprecated, as
(babel)             they can break document portability.
(babel)             Reported on input line 4252.

*************************************
* Local config file bblopts.cfg used
*
(/home/kien-pham/.miktex/texmfs/install/tex/latex/arabi/bblopts.cfg
File: bblopts.cfg 2005/09/08 v0.1 add Arabic and Farsi to "declared" options of
 babel
)
(/home/kien-pham/.miktex/texmfs/install/tex/generic/babel/locale/invalid/babel-
ngerman.tex)
Package babel Info: Importing font and identification data for 'ngerman'
(babel)             from babel-de.ini. Reported on input line 4380.

(/home/kien-pham/.miktex/texmfs/install/tex/latex/babel-german/ngerman.ldf
Language: ngerman 

(/home/kien-pham/.miktex/texmfs/install/tex/latex/babel-german/babel-german.def

Package babel Warning: No hyphenation patterns were preloaded for
(babel)                the language 'German (current orthography)' into the for
mat.
(babel)                Please, configure your TeX system to add them and
(babel)                rebuild the format. Now I will use the patterns
(babel)                preloaded for \language=0 instead on input line 179.

Package babel Info: Making " an active character on input line 500.
))) (/home/kien-pham/.miktex/texmfs/install/tex/latex/microtype/microtype.sty
Package: microtype 2026/03/01 v3.2d Micro-typographical refinements (RS)

(/home/kien-pham/.miktex/texmfs/install/tex/latex/graphics/keyval.sty
Package: keyval 2026-05-17 v1.15 key=value parser (DPC)
\KV@toks@=\toks19
)
(/home/kien-pham/.miktex/texmfs/install/tex/latex/etoolbox/etoolbox.sty
Package: etoolbox 2025/10/02 v2.5m e-TeX tools for LaTeX (JAW)
\etb@tempcnta=\count287
)
\MT@toks=\toks20
\MT@tempbox=\box53
\MT@count=\count288
LaTeX Info: Redefining \noprotrusionifhmode on input line 1084.
LaTeX Info: Redefining \leftprotrusion on input line 1085.
\MT@prot@toks=\toks21
LaTeX Info: Redefining \rightprotrusion on input line 1104.
LaTeX Info: Redefining \textls on input line 1449.
\MT@outer@kern=\dimen152
LaTeX Info: Redefining \microtypecontext on input line 2053.
LaTeX Info: Redefining \textmicrotypecontext on input line 2070.
\MT@listname@count=\count289

(/home/kien-pham/.miktex/texmfs/install/tex/latex/microtype/microtype-pdftex.de
f
File: microtype-pdftex.def 2026/03/01 v3.2d Definitions specific to pdftex (RS)

LaTeX Info: Redefining \lsstyle on input line 944.
LaTeX Info: Redefining \lslig on input line 944.
\MT@outer@space=\skip51
)
Package microtype Info: Loading configuration file microtype.cfg.
 (/home/kien-pham/.miktex/texmfs/install/tex/latex/microtype/microtype.cfg
File: microtype.cfg 2026/03/01 v3.2d microtype main configuration file (RS)
)
LaTeX Info: Redefining \microtypesetup on input line 3065.
)
(/home/kien-pham/.miktex/texmfs/install/tex/latex/datetime/datetime.sty
Package: datetime 2015/03/20 v2.60 Date Time Package

(/home/kien-pham/.miktex/texmfs/install/tex/latex/fmtcount/fmtcount.sty
Package: fmtcount 2025/12/02 v3.12 Displaying the values of LaTeX counters (NT,
VB,NE)

(/home/kien-pham/.miktex/texmfs/install/tex/latex/base/ifthen.sty
Package: ifthen 2024/03/16 v1.1e Standard LaTeX ifthen package (DPC)
)
(/home/kien-pham/.miktex/texmfs/install/tex/latex/xkeyval/xkeyval.sty
Package: xkeyval 2022/06/16 v2.9 package option processing (HA)

(/home/kien-pham/.miktex/texmfs/install/tex/generic/xkeyval/xkeyval.tex
(/home/kien-pham/.miktex/texmfs/install/tex/generic/xkeyval/xkvutils.tex
\XKV@toks=\toks22
\XKV@tempa@toks=\toks23
)
\XKV@depth=\count290
File: xkeyval.tex 2014/12/03 v2.7a key=value parser (HA)
))
(/home/kien-pham/.miktex/texmfs/install/tex/latex/fmtcount/fcprefix.sty
Package: fcprefix 2012/09/28

(/home/kien-pham/.miktex/texmfs/install/tex/latex/fmtcount/fcnumparser.sty
Package: fcnumparser 2017/06/15
\fc@digit@counter=\count291
))
(/home/kien-pham/.miktex/texmfs/install/tex/latex/amsmath/amsgen.sty
File: amsgen.sty 1999/11/30 v2.0 generic functions
\@emptytoks=\toks24
\ex@=\dimen153
)
\c@padzeroesN=\count292
\fc@tmpcatcode=\count293

(/home/kien-pham/.miktex/texmfs/install/tex/latex/fmtcount/fc-ngerman.def
File: fc-ngerman.def 2012/06/18

(/home/kien-pham/.miktex/texmfs/install/tex/latex/fmtcount/fc-german.def
File: fc-german.def 2018/06/17

(/home/kien-pham/.miktex/texmfs/install/tex/latex/fmtcount/fc-germanb.def
File: fc-germanb.def 2013/08/17
))
(/home/kien-pham/.miktex/texmfs/install/tex/latex/fmtcount/fc-ngermanb.def
File: fc-ngermanb.def 2013/08/17
))
\@DT@modctr=\count294
\@ordinalctr=\count295
\@orgargctr=\count296
\@strctr=\count297
\@tmpstrctr=\count298
\@DT@loopN=\count299
\@DT@X=\count300
)
(/home/kien-pham/.miktex/texmfs/install/tex/latex/datetime/datetime-defaults.st
y
Package: datetime-defaults 2013/09/10
)
\@day=\count301
\@month=\count302
\@year=\count303
\c@HOUR=\count304
\c@HOURXII=\count305
\c@MINUTE=\count306
\c@TOHOUR=\count307
\c@TOMINUTE=\count308
\c@SECOND=\count309
\currenthour=\count310
\currentminute=\count311
\currentsecond=\count312
Package datetime Info: No datetime.cfg file found, using default settings on in
put line 308.
\@dtctr=\count313
\dayofyear=\count314
\dayofweek=\count315
LaTeX Info: Redefining \today on input line 736.
 (/home/kien-pham/.miktex/texmfs/install/tex/latex/datetime/dt-ngerman.def
File: dt-ngerman.def 2013/09/10
LaTeX Info: Redefining \datengerman on input line 86.
)
\dt@a=\toks25
\dt@b=\toks26
)
(/home/kien-pham/.miktex/texmfs/install/tex/latex/lm/lmodern.sty
Package: lmodern 2015/05/01 v1.6.1 Latin Modern Fonts
LaTeX Font Info:    Overwriting symbol font `operators' in version `normal'
(Font)                  OT1/cmr/m/n --> OT1/lmr/m/n on input line 22.
LaTeX Font Info:    Overwriting symbol font `letters' in version `normal'
(Font)                  OML/cmm/m/it --> OML/lmm/m/it on input line 23.
LaTeX Font Info:    Overwriting symbol font `symbols' in version `normal'
(Font)                  OMS/cmsy/m/n --> OMS/lmsy/m/n on input line 24.
LaTeX Font Info:    Overwriting symbol font `largesymbols' in version `normal'
(Font)                  OMX/cmex/m/n --> OMX/lmex/m/n on input line 25.
LaTeX Font Info:    Overwriting symbol font `operators' in version `bold'
(Font)                  OT1/cmr/bx/n --> OT1/lmr/bx/n on input line 26.
LaTeX Font Info:    Overwriting symbol font `letters' in version `bold'
(Font)                  OML/cmm/b/it --> OML/lmm/b/it on input line 27.
LaTeX Font Info:    Overwriting symbol font `symbols' in version `bold'
(Font)                  OMS/cmsy/b/n --> OMS/lmsy/b/n on input line 28.
LaTeX Font Info:    Overwriting symbol font `largesymbols' in version `bold'
(Font)                  OMX/cmex/m/n --> OMX/lmex/m/n on input line 29.
LaTeX Font Info:    Overwriting math alphabet `\mathbf' in version `normal'
(Font)                  OT1/cmr/bx/n --> OT1/lmr/bx/n on input line 31.
LaTeX Font Info:    Overwriting math alphabet `\mathsf' in version `normal'
(Font)                  OT1/cmss/m/n --> OT1/lmss/m/n on input line 32.
LaTeX Font Info:    Overwriting math alphabet `\mathit' in version `normal'
(Font)                  OT1/cmr/m/it --> OT1/lmr/m/it on input line 33.
LaTeX Font Info:    Overwriting math alphabet `\mathtt' in version `normal'
(Font)                  OT1/cmtt/m/n --> OT1/lmtt/m/n on input line 34.
LaTeX Font Info:    Overwriting math alphabet `\mathbf' in version `bold'
(Font)                  OT1/cmr/bx/n --> OT1/lmr/bx/n on input line 35.
LaTeX Font Info:    Overwriting math alphabet `\mathsf' in version `bold'
(Font)                  OT1/cmss/bx/n --> OT1/lmss/bx/n on input line 36.
LaTeX Font Info:    Overwriting math alphabet `\mathit' in version `bold'
(Font)                  OT1/cmr/bx/it --> OT1/lmr/bx/it on input line 37.
LaTeX Font Info:    Overwriting math alphabet `\mathtt' in version `bold'
(Font)                  OT1/cmtt/m/n --> OT1/lmtt/m/n on input line 38.
)
(/home/kien-pham/.miktex/texmfs/install/tex/latex/geometry/geometry.sty
Package: geometry 2026/03/07 v6.0 Page Geometry

(/home/kien-pham/.miktex/texmfs/install/tex/generic/iftex/ifvtex.sty
Package: ifvtex 2019/10/25 v1.7 ifvtex legacy package. Use iftex instead.

(/home/kien-pham/.miktex/texmfs/install/tex/generic/iftex/iftex.sty
Package: iftex 2024/12/12 v1.0g TeX engine tests
))
\Gm@cnth=\count316
\Gm@cntv=\count317
\c@Gm@tempcnt=\count318
\Gm@bindingoffset=\dimen154
\Gm@wd@mp=\dimen155
\Gm@odd@mp=\dimen156
\Gm@even@mp=\dimen157
\Gm@layoutwidth=\dimen158
\Gm@layoutheight=\dimen159
\Gm@layouthoffset=\dimen160
\Gm@layoutvoffset=\dimen161
\Gm@dimlist=\toks27

(/home/kien-pham/.miktex/texmfs/install/tex/latex/geometry/geometry.cfg))
(/home/kien-pham/.miktex/texmfs/install/tex/latex/fancyhdr/fancyhdr.sty
Package: fancyhdr 2025/02/07 v5.2 Extensive control of page headers and footers

\f@nch@headwidth=\skip52
\f@nch@offset@elh=\skip53
\f@nch@offset@erh=\skip54
\f@nch@offset@olh=\skip55
\f@nch@offset@orh=\skip56
\f@nch@offset@elf=\skip57
\f@nch@offset@erf=\skip58
\f@nch@offset@olf=\skip59
\f@nch@offset@orf=\skip60
\f@nch@height=\skip61
\f@nch@footalignment=\skip62
\f@nch@widthL=\skip63
\f@nch@widthC=\skip64
\f@nch@widthR=\skip65
\@temptokenb=\toks28
)
(/home/kien-pham/.miktex/texmfs/install/tex/latex/fncychap/fncychap.sty
Package: fncychap 2007/07/30 v1.34 LaTeX package (Revised chapters)
\RW=\skip66
\mylen=\skip67
\myhi=\skip68
\px=\skip69
\py=\skip70
\pyy=\skip71
\pxx=\skip72
\backskip=\skip73
)
(/home/kien-pham/.miktex/texmfs/install/tex/latex/titlesec/titlesec.sty
Package: titlesec 2025/01/04 v2.17 Sectioning titles
\ttl@box=\box54
\beforetitleunit=\skip74
\aftertitleunit=\skip75
\ttl@plus=\dimen162
\ttl@minus=\dimen163
\ttl@toksa=\toks29
\titlewidth=\dimen164
\titlewidthlast=\dimen165
\titlewidthfirst=\dimen166
)
(/home/kien-pham/.miktex/texmfs/install/tex/latex/import/import.sty
Package: import 2020/04/01  v 6.2
)
(/home/kien-pham/.miktex/texmfs/install/tex/latex/biblatex/biblatex.sty
Package: biblatex 2025/07/10 v3.21 programmable bibliographies (PK/MW)

(/home/kien-pham/.miktex/texmfs/install/tex/generic/pdftexcmds/pdftexcmds.sty
Package: pdftexcmds 2020-06-27 v0.33 Utility functions of pdfTeX for LuaTeX (HO
)

(/home/kien-pham/.miktex/texmfs/install/tex/generic/infwarerr/infwarerr.sty
Package: infwarerr 2019/12/03 v1.5 Providing info/warning/error messages (HO)
)
(/home/kien-pham/.miktex/texmfs/install/tex/generic/ltxcmds/ltxcmds.sty
Package: ltxcmds 2023-12-04 v1.26 LaTeX kernel commands for general use (HO)
)
Package pdftexcmds Info: \pdf@primitive is available.
Package pdftexcmds Info: \pdf@ifprimitive is available.
Package pdftexcmds Info: \pdfdraftmode found.
)
(/home/kien-pham/.miktex/texmfs/install/tex/latex/kvoptions/kvoptions.sty
Package: kvoptions 2022-06-15 v3.15 Key value format for package options (HO)

(/home/kien-pham/.miktex/texmfs/install/tex/latex/kvsetkeys/kvsetkeys.sty
Package: kvsetkeys 2022-10-05 v1.19 Key value parser (HO)
))
(/home/kien-pham/.miktex/texmfs/install/tex/latex/logreq/logreq.sty
Package: logreq 2010/08/04 v1.0 xml request logger
\lrq@indent=\count319

(/home/kien-pham/.miktex/texmfs/install/tex/latex/logreq/logreq.def
File: logreq.def 2010/08/04 v1.0 logreq spec v1.0
))
(/home/kien-pham/.miktex/texmfs/install/tex/latex/url/url.sty
\Urlmuskip=\muskip17
Package: url 2013/09/16  ver 3.4  Verb mode for urls, etc.
)
\c@tabx@nest=\count320
\c@listtotal=\count321
\c@listcount=\count322
\c@liststart=\count323
\c@liststop=\count324
\c@citecount=\count325
\c@citetotal=\count326
\c@multicitecount=\count327
\c@multicitetotal=\count328
\c@instcount=\count329
\c@maxnames=\count330
\c@minnames=\count331
\c@maxitems=\count332
\c@minitems=\count333
\c@citecounter=\count334
\c@maxcitecounter=\count335
\c@savedcitecounter=\count336
\c@uniquelist=\count337
\c@uniquename=\count338
\c@refsection=\count339
\c@refsegment=\count340
\c@maxextratitle=\count341
\c@maxextratitleyear=\count342
\c@maxextraname=\count343
\c@maxextradate=\count344
\c@maxextraalpha=\count345
\c@abbrvpenalty=\count346
\c@highnamepenalty=\count347
\c@lownamepenalty=\count348
\c@maxparens=\count349
\c@parenlevel=\count350
\blx@tempcnta=\count351
\blx@tempcntb=\count352
\blx@tempcntc=\count353
\c@blx@maxsection=\count354
\blx@maxsegment@0=\count355
\blx@notetype=\count356
\blx@parenlevel@text=\count357
\blx@parenlevel@foot=\count358
\blx@sectionciteorder@0=\count359
\blx@sectionciteorderinternal@0=\count360
\blx@entrysetcounter=\count361
\blx@biblioinstance=\count362
\labelnumberwidth=\skip76
\labelalphawidth=\skip77
\biblabelsep=\skip78
\bibitemsep=\skip79
\bibnamesep=\skip80
\bibinitsep=\skip81
\bibparsep=\skip82
\bibhang=\skip83
\blx@bcfin=\read3
\blx@bcfout=\write3
\blx@langwohyphens=\language2
\c@mincomprange=\count363
\c@maxcomprange=\count364
\c@mincompwidth=\count365
Package biblatex Info: Trying to load biblatex default data model...
Package biblatex Info: ... file 'blx-dm.def' found.

(/home/kien-pham/.miktex/texmfs/install/tex/latex/biblatex/blx-dm.def
File: blx-dm.def 2025/07/10 v3.21 biblatex datamodel (PK/MW)
)
Package biblatex Info: Trying to load biblatex style data model...
Package biblatex Info: ... file 'numeric.dbx' not found.
Package biblatex Info: Trying to load biblatex custom data model...
Package biblatex Info: ... file 'biblatex-dm.cfg' not found.
\c@afterword=\count366
\c@savedafterword=\count367
\c@annotator=\count368
\c@savedannotator=\count369
\c@author=\count370
\c@savedauthor=\count371
\c@bookauthor=\count372
\c@savedbookauthor=\count373
\c@commentator=\count374
\c@savedcommentator=\count375
\c@editor=\count376
\c@savededitor=\count377
\c@editora=\count378
\c@savededitora=\count379
\c@editorb=\count380
\c@savededitorb=\count381
\c@editorc=\count382
\c@savededitorc=\count383
\c@foreword=\count384
\c@savedforeword=\count385
\c@holder=\count386
\c@savedholder=\count387
\c@introduction=\count388
\c@savedintroduction=\count389
\c@namea=\count390
\c@savednamea=\count391
\c@nameb=\count392
\c@savednameb=\count393
\c@namec=\count394
\c@savednamec=\count395
\c@translator=\count396
\c@savedtranslator=\count397
\c@shortauthor=\count398
\c@savedshortauthor=\count399
\c@shorteditor=\count400
\c@savedshorteditor=\count401
\c@labelname=\count402
\c@savedlabelname=\count403
\c@institution=\count404
\c@savedinstitution=\count405
\c@lista=\count406
\c@savedlista=\count407
\c@listb=\count408
\c@savedlistb=\count409
\c@listc=\count410
\c@savedlistc=\count411
\c@listd=\count412
\c@savedlistd=\count413
\c@liste=\count414
\c@savedliste=\count415
\c@listf=\count416
\c@savedlistf=\count417
\c@location=\count418
\c@savedlocation=\count419
\c@organization=\count420
\c@savedorganization=\count421
\c@origlocation=\count422
\c@savedoriglocation=\count423
\c@origpublisher=\count424
\c@savedorigpublisher=\count425
\c@publisher=\count426
\c@savedpublisher=\count427
\c@language=\count428
\c@savedlanguage=\count429
\c@origlanguage=\count430
\c@savedoriglanguage=\count431
\c@pageref=\count432
\c@savedpageref=\count433
\shorthandwidth=\skip84
\shortjournalwidth=\skip85
\shortserieswidth=\skip86
\shorttitlewidth=\skip87
\shortauthorwidth=\skip88
\shorteditorwidth=\skip89
\locallabelnumberwidth=\skip90
\locallabelalphawidth=\skip91
\localshorthandwidth=\skip92
\localshortjournalwidth=\skip93
\localshortserieswidth=\skip94
\localshorttitlewidth=\skip95
\localshortauthorwidth=\skip96
\localshorteditorwidth=\skip97
Package biblatex Info: Trying to load compatibility code...
Package biblatex Info: ... file 'blx-compat.def' found.

(/home/kien-pham/.miktex/texmfs/install/tex/latex/biblatex/blx-compat.def
File: blx-compat.def 2025/07/10 v3.21 biblatex compatibility (PK/MW)
)
Package biblatex Info: Trying to load generic definitions...
Package biblatex Info: ... file 'biblatex.def' found.

(/home/kien-pham/.miktex/texmfs/install/tex/latex/biblatex/biblatex.def
File: biblatex.def 2025/07/10 v3.21 biblatex compatibility (PK/MW)
\c@textcitecount=\count434
\c@textcitetotal=\count435
\c@textcitemaxnames=\count436
\c@biburlbigbreakpenalty=\count437
\c@biburlbreakpenalty=\count438
\c@biburlnumpenalty=\count439
\c@biburlucpenalty=\count440
\c@biburllcpenalty=\count441
\biburlbigskip=\muskip18
\biburlnumskip=\muskip19
\biburlucskip=\muskip20
\biburllcskip=\muskip21
\c@smartand=\count442
)
Package biblatex Info: Trying to load bibliography style 'numeric'...
Package biblatex Info: ... file 'numeric.bbx' found.

(/home/kien-pham/.miktex/texmfs/install/tex/latex/biblatex/bbx/numeric.bbx
File: numeric.bbx 2025/07/10 v3.21 biblatex bibliography style (PK/MW)
Package biblatex Info: Trying to load bibliography style 'standard'...
Package biblatex Info: ... file 'standard.bbx' found.

(/home/kien-pham/.miktex/texmfs/install/tex/latex/biblatex/bbx/standard.bbx
File: standard.bbx 2025/07/10 v3.21 biblatex bibliography style (PK/MW)
\c@bbx:relatedcount=\count443
\c@bbx:relatedtotal=\count444
))
Package biblatex Info: Trying to load citation style 'numeric'...
Package biblatex Info: ... file 'numeric.cbx' found.

(/home/kien-pham/.miktex/texmfs/install/tex/latex/biblatex/cbx/numeric.cbx
File: numeric.cbx 2025/07/10 v3.21 biblatex citation style (PK/MW)
Package biblatex Info: Redefining '\cite'.
Package biblatex Info: Redefining '\parencite'.
Package biblatex Info: Redefining '\footcite'.
Package biblatex Info: Redefining '\footcitetext'.
Package biblatex Info: Redefining '\smartcite'.
Package biblatex Info: Redefining '\supercite'.
Package biblatex Info: Redefining '\textcite'.
Package biblatex Info: Redefining '\textcites'.
Package biblatex Info: Redefining '\cites'.
Package biblatex Info: Redefining '\parencites'.
Package biblatex Info: Redefining '\smartcites'.
)
Package biblatex Info: Trying to load configuration file...
Package biblatex Info: ... file 'biblatex.cfg' found.

(/home/kien-pham/.miktex/texmfs/install/tex/latex/biblatex/biblatex.cfg
File: biblatex.cfg 
)
Package biblatex Info: Input encoding 'utf8' detected.
Package biblatex Info: Document encoding is UTF8 ....

(/home/kien-pham/.miktex/texmfs/install/tex/latex/l3kernel/expl3.sty
Package: expl3 2026-06-18 L3 programming layer (loader) 

(/home/kien-pham/.miktex/texmfs/install/tex/latex/l3backend/l3backend-pdftex.de
f
File: l3backend-pdftex.def 2026-02-18 L3 backend support: PDF output (pdfTeX)
\l__color_backend_stack_int=\count445
))
Package biblatex Info: ... and expl3
(biblatex)             2026-06-18 L3 programming layer (loader) 
(biblatex)             is new enough (at least 2020/04/06),
(biblatex)             setting 'casechanger=expl3'.

(/home/kien-pham/.miktex/texmfs/install/tex/latex/biblatex/blx-case-expl3.sty
(/home/kien-pham/.miktex/texmfs/install/tex/latex/l3packages/xparse/xparse.sty
Package: xparse 2025-10-09 L3 Experimental document command parser
)
Package: blx-case-expl3 2025/07/10 v3.21 expl3 case changing code for biblatex
)) (/home/kien-pham/.miktex/texmfs/install/tex/latex/csquotes/csquotes.sty
Package: csquotes 2026-05-19 v5.2p context-sensitive quotations (JAW)
\csq@reset=\count446
\csq@gtype=\count447
\csq@glevel=\count448
\csq@qlevel=\count449
\csq@maxlvl=\count450
\csq@tshold=\count451
\csq@ltx@everypar=\toks30

(/home/kien-pham/.miktex/texmfs/install/tex/latex/csquotes/csquotes.def
File: csquotes.def 2026-05-19 v5.2p csquotes generic definitions (JAW)
)
Package csquotes Info: Trying to load configuration file 'csquotes.cfg'...
Package csquotes Info: ... configuration file loaded successfully.

(/home/kien-pham/.miktex/texmfs/install/tex/latex/csquotes/csquotes.cfg
File: csquotes.cfg 
)
Package csquotes Info: Option 'babel' depreciated.
(csquotes)             Using 'autostyle'.
Package csquotes Info: Enabling multilingual quotes.
)
(/home/kien-pham/.miktex/texmfs/install/tex/latex/epigraph/epigraph.sty
Package: epigraph 2020/01/02 v1.5e typesetting epigraphs

(/home/kien-pham/.miktex/texmfs/install/tex/latex/nextpage/nextpage.sty
Package: nextpage 2009/09/03 v1.1a additional page commands
)
\beforeepigraphskip=\skip98
\afterepigraphskip=\skip99
\epigraphwidth=\skip100
\epigraphrule=\skip101
)
(/home/kien-pham/.miktex/texmfs/install/tex/latex/comment/comment.sty
\CommentStream=\write4

Excluding comment 'comment')
(/home/kien-pham/.miktex/texmfs/install/tex/latex/float/float.sty
Package: float 2001/11/08 v1.3d Float enhancements (AL)
\c@float@type=\count452
\float@exts=\toks31
\float@box=\box55
\@float@everytoks=\toks32
\@floatcapt=\box56
)
(/home/kien-pham/.miktex/texmfs/install/tex/latex/sidecap/sidecap.sty
Package: sidecap 2023/01/24 v1.7a SideCap Package (RN/HjG)
\SC@BOXWD=\dimen167
\SC@CAPWD=\dimen168
\SC@tempdima=\dimen169
\SC@tempdimb=\dimen170
\c@SC@C=\count453
\SC@BOX=\box57
)
(/home/kien-pham/.miktex/texmfs/install/tex/latex/placeins/placeins.sty
Package: placeins 2005/04/18  v 2.2
)
(/home/kien-pham/.miktex/texmfs/install/tex/latex/amsmath/amsmath.sty
Package: amsmath 2026/05/19 v2.18d AMS math features
\@mathmargin=\skip102

For additional information on amsmath, use the `?' option.
(/home/kien-pham/.miktex/texmfs/install/tex/latex/amsmath/amstext.sty
Package: amstext 2024/11/17 v2.01 AMS text
)
(/home/kien-pham/.miktex/texmfs/install/tex/latex/amsmath/amsbsy.sty
Package: amsbsy 1999/11/29 v1.2d Bold Symbols
\pmbraise@=\dimen171
)
(/home/kien-pham/.miktex/texmfs/install/tex/latex/amsmath/amsopn.sty
Package: amsopn 2022/04/08 v2.04 operator names
)
\inf@bad=\count454
LaTeX Info: Redefining \frac on input line 233.
\uproot@=\count455
\leftroot@=\count456
LaTeX Info: Redefining \overline on input line 398.
LaTeX Info: Redefining \colon on input line 409.
\classnum@=\count457
\DOTSCASE@=\count458
LaTeX Info: Redefining \ldots on input line 495.
LaTeX Info: Redefining \dots on input line 498.
LaTeX Info: Redefining \cdots on input line 619.
\Mathstrutbox@=\box58
\strutbox@=\box59
LaTeX Info: Redefining \big on input line 721.
LaTeX Info: Redefining \Big on input line 722.
LaTeX Info: Redefining \bigg on input line 723.
LaTeX Info: Redefining \Bigg on input line 724.
\big@size=\dimen172
LaTeX Font Info:    Redeclaring font encoding OML on input line 742.
LaTeX Font Info:    Redeclaring font encoding OMS on input line 743.
\macc@depth=\count459
LaTeX Info: Redefining \bmod on input line 904.
LaTeX Info: Redefining \pmod on input line 909.
LaTeX Info: Redefining \smash on input line 939.
LaTeX Info: Redefining \relbar on input line 969.
LaTeX Info: Redefining \Relbar on input line 970.
\c@MaxMatrixCols=\count460
\dotsspace@=\muskip22
\c@parentequation=\count461
\dspbrk@lvl=\count462
\tag@help=\toks33
\row@=\count463
\column@=\count464
\maxfields@=\count465
\andhelp@=\toks34
\eqnshift@=\dimen173
\alignsep@=\dimen174
\tagshift@=\dimen175
\tagwidth@=\dimen176
\totwidth@=\dimen177
\lineht@=\dimen178
\@envbody=\toks35
\multlinegap=\skip103
\multlinetaggap=\skip104
\mathdisplay@stack=\toks36
LaTeX Info: Redefining \[ on input line 2965.
LaTeX Info: Redefining \] on input line 2966.
)
(/home/kien-pham/.miktex/texmfs/install/tex/latex/amsfonts/amsfonts.sty
Package: amsfonts 2013/01/14 v3.01 Basic AMSFonts support
\symAMSa=\mathgroup4
\symAMSb=\mathgroup5
LaTeX Font Info:    Redeclaring math symbol \hbar on input line 98.
LaTeX Font Info:    Overwriting math alphabet `\mathfrak' in version `bold'
(Font)                  U/euf/m/n --> U/euf/b/n on input line 106.
)
(/home/kien-pham/.miktex/texmfs/install/tex/latex/amsfonts/amssymb.sty
Package: amssymb 2013/01/14 v3.01 AMS font symbols
)
(/home/kien-pham/.miktex/texmfs/install/tex/latex/amscls/amsthm.sty
Package: amsthm 2020/05/29 v2.20.6
\thm@style=\toks37
\thm@bodyfont=\toks38
\thm@headfont=\toks39
\thm@notefont=\toks40
\thm@headpunct=\toks41
\thm@preskip=\skip105
\thm@postskip=\skip106
\thm@headsep=\skip107
\dth@everypar=\toks42
)
(/home/kien-pham/.miktex/texmfs/install/tex/latex/ncctools/nccmath.sty
Package: nccmath 2006/01/20 v1.3 Additional Math Commands (NCC)
\NCC@fracrulewidth=\dimen179
)
(/home/kien-pham/.miktex/texmfs/install/tex/latex/bbm/bbm.sty
Package: bbm 1999/03/15 V 1.2 provides fonts for set symbols - TH
LaTeX Font Info:    Overwriting math alphabet `\mathbbm' in version `bold'
(Font)                  U/bbm/m/n --> U/bbm/bx/n on input line 33.
LaTeX Font Info:    Overwriting math alphabet `\mathbbmss' in version `bold'
(Font)                  U/bbmss/m/n --> U/bbmss/bx/n on input line 35.
)
(/home/kien-pham/.miktex/texmfs/install/tex/generic/mathdots/mathdots.sty
Package: mathdots 2014/06/11 v0.9 Improve and add various macros for dots in ma
th.
\MDo@unit=\dimen180
\MDo@dotsbox=\box60
\MDoprekern=\muskip23
\MDopostkern=\muskip24
\MDodotkern=\muskip25
)
(/home/kien-pham/.miktex/texmfs/install/tex/latex/jknappen/mathrsfs.sty
Package: mathrsfs 1996/01/01 Math RSFS package v1.0 (jk)
\symrsfs=\mathgroup6
)
(/home/kien-pham/.miktex/texmfs/install/tex/latex/siunitx/siunitx.sty
Package: siunitx 2026-05-15 v3.5.5 A comprehensive (SI) units package
\l__siunitx_number_uncert_offset_int=\count466
\l__siunitx_number_exponent_fixed_int=\count467
\l__siunitx_number_min_decimal_int=\count468
\l__siunitx_number_min_integer_int=\count469
\l__siunitx_number_round_precision_int=\count470
\l__siunitx_number_lower_threshold_int=\count471
\l__siunitx_number_upper_threshold_int=\count472
\l__siunitx_number_group_first_int=\count473
\l__siunitx_number_group_size_int=\count474
\l__siunitx_number_group_min_int=\count475
\l__siunitx_number_group_minimum_int=\count476
\l__siunitx_compound_count_int=\count477

(/home/kien-pham/.miktex/texmfs/install/tex/latex/translations/translations.sty
Package: translations 2022/02/05 v1.12 internationalization of LaTeX2e packages
 (CN)
)
\l__siunitx_table_tmp_box=\box61
\l__siunitx_table_tmp_dim=\dimen181
\l__siunitx_table_column_width_dim=\dimen182
\l__siunitx_table_integer_box=\box62
\l__siunitx_table_decimal_box=\box63
\l__siunitx_table_uncert_box=\box64
\l__siunitx_table_before_box=\box65
\l__siunitx_table_after_box=\box66
\l__siunitx_table_before_dim=\dimen183
\l__siunitx_table_carry_dim=\dimen184
\l__siunitx_unit_tmp_int=\count478
\l__siunitx_unit_position_int=\count479
\l__siunitx_unit_total_int=\count480
\l__siunitx_sexagesimal_tmp_dim=\dimen185
\l__siunitx_sexagesimal_marker_box=\box67
\l__siunitx_sexagesimal_unit_box=\box68
 (/home/kien-pham/.miktex/texmfs/install/tex/latex/tools/array.sty
Package: array 2026/02/24 v2.7b Tabular extension package (FMi)
\col@sep=\dimen186
\ar@mcellbox=\box69
\extrarowheight=\dimen187
\NC@list=\toks43
\extratabsurround=\skip108
\backup@length=\skip109
\ar@cellbox=\box70
))
(/home/kien-pham/.miktex/texmfs/install/tex/latex/wasysym/wasysym.sty
Package: wasysym 2020/01/19 v2.4 Wasy-2 symbol support package
\symwasy=\mathgroup7
LaTeX Font Info:    Overwriting symbol font `wasy' in version `bold'
(Font)                  U/wasy/m/n --> U/wasy/b/n on input line 93.
)
(/home/kien-pham/.miktex/texmfs/install/tex/latex/fontawesome/fontawesome.sty
Package: fontawesome 2016/05/15 v4.6.3.1 font awesome icons

(/home/kien-pham/.miktex/texmfs/install/tex/generic/iftex/ifxetex.sty
Package: ifxetex 2019/10/25 v0.7 ifxetex legacy package. Use iftex instead.
)
(/home/kien-pham/.miktex/texmfs/install/tex/generic/iftex/ifluatex.sty
Package: ifluatex 2019/10/25 v1.5 ifluatex legacy package. Use iftex instead.
)
(/home/kien-pham/.miktex/texmfs/install/tex/latex/fontawesome/fontawesomesymbol
s-generic.tex)
(/home/kien-pham/.miktex/texmfs/install/tex/latex/fontawesome/fontawesomesymbol
s-pdftex.tex))
(/home/kien-pham/.miktex/texmfs/install/tex/latex/xcolor/xcolor.sty
Package: xcolor 2024/09/29 v3.02 LaTeX color extensions (UK)

(/home/kien-pham/.miktex/texmfs/install/tex/latex/graphics-cfg/color.cfg
File: color.cfg 2016/01/02 v1.6 sample color configuration
)
Package xcolor Info: Driver file: pdftex.def on input line 274.

(/home/kien-pham/.miktex/texmfs/install/tex/latex/graphics-def/pdftex.def
File: pdftex.def 2025/09/29 v1.2d Graphics/color driver for pdftex
)
(/home/kien-pham/.miktex/texmfs/install/tex/latex/graphics/mathcolor.ltx)
Package xcolor Info: Model `cmy' substituted by `cmy0' on input line 1349.
Package xcolor Info: Model `hsb' substituted by `rgb' on input line 1353.
Package xcolor Info: Model `RGB' extended on input line 1365.
Package xcolor Info: Model `HTML' substituted by `rgb' on input line 1367.
Package xcolor Info: Model `Hsb' substituted by `hsb' on input line 1368.
Package xcolor Info: Model `tHsb' substituted by `hsb' on input line 1369.
Package xcolor Info: Model `HSB' substituted by `hsb' on input line 1370.
Package xcolor Info: Model `Gray' substituted by `gray' on input line 1371.
Package xcolor Info: Model `wave' substituted by `hsb' on input line 1372.
)
(/home/kien-pham/.miktex/texmfs/install/tex/latex/mathtools/empheq.sty
Package: empheq 2024/08/09 v2.17 Emphasizing equations

(/home/kien-pham/.miktex/texmfs/install/tex/latex/mathtools/mhsetup.sty
Package: mhsetup 2021/03/18 v1.4 programming setup (MH)
)
(/home/kien-pham/.miktex/texmfs/install/tex/latex/mathtools/mathtools.sty
Package: mathtools 2024/10/04 v1.31 mathematical typesetting tools

(/home/kien-pham/.miktex/texmfs/install/tex/latex/tools/calc.sty
Package: calc 2025/03/01 v4.3b Infix arithmetic (KKT,FJ)
\calc@Acount=\count481
\calc@Bcount=\count482
\calc@Adimen=\dimen188
\calc@Bdimen=\dimen189
\calc@Askip=\skip110
\calc@Bskip=\skip111
LaTeX Info: Redefining \setlength on input line 86.
LaTeX Info: Redefining \addtolength on input line 87.
\calc@Ccount=\count483
\calc@Cskip=\skip112
)
\g_MT_multlinerow_int=\count484
\l_MT_multwidth_dim=\dimen190
\origjot=\skip113
\l_MT_shortvdotswithinadjustabove_dim=\dimen191
\l_MT_shortvdotswithinadjustbelow_dim=\dimen192
\l_MT_above_intertext_sep=\dimen193
\l_MT_below_intertext_sep=\dimen194
\l_MT_above_shortintertext_sep=\dimen195
\l_MT_below_shortintertext_sep=\dimen196
\xmathstrut@box=\box71
\xmathstrut@dim=\dimen197
)
\l_EQ_equationtype_int=\count485
\l_EQ_alignmentmode_int=\count486
\l_EQ_totalwidth_dim=\dimen198
\l_EQ_displaywidth_dim=\dimen199
\l_EQ_temp_linewidth_dim=\dimen256
\l_EQ_linewidth_dim=\dimen257
\EmphEqdelimitershortfall=\dimen258
\EmphEqdelimiterfactor=\count487
\g_EQ_toptag_height_dim=\dimen259
\g_EQ_bottomtag_depth_dim=\dimen260
\g_EQ_toprow_height_dim=\dimen261
\g_EQ_bottomrow_depth_dim=\dimen262
\g_EQ_widesttag_dim=\dimen263
\EQ_mathdisplay_box=\box72
\EQ_tag_box=\box73
\g_EQ_temprow_int=\count488
)
(/home/kien-pham/.miktex/texmfs/install/tex/latex/tcolorbox/tcolorbox.sty
Package: tcolorbox 2026/05/28 version 6.10.0 text color boxes

(/home/kien-pham/.miktex/texmfs/install/tex/latex/pgf/frontendlayer/tikz.sty
(/home/kien-pham/.miktex/texmfs/install/tex/latex/pgf/basiclayer/pgf.sty
(/home/kien-pham/.miktex/texmfs/install/tex/latex/pgf/utilities/pgfrcs.sty
(/home/kien-pham/.miktex/texmfs/install/tex/generic/pgf/utilities/pgfutil-commo
n.tex
\pgfutil@everybye=\toks44
\pgfutil@tempdima=\dimen264
\pgfutil@tempdimb=\dimen265
)
(/home/kien-pham/.miktex/texmfs/install/tex/generic/pgf/utilities/pgfutil-latex
.def
\pgfutil@abb=\box74
)
(/home/kien-pham/.miktex/texmfs/install/tex/generic/pgf/utilities/pgfrcs.code.t
ex (/home/kien-pham/.miktex/texmfs/install/tex/generic/pgf/pgf.revision.tex)
Package: pgfrcs 2025-08-29 v3.1.11a (3.1.11a)
))
Package: pgf 2025-08-29 v3.1.11a (3.1.11a)

(/home/kien-pham/.miktex/texmfs/install/tex/latex/pgf/basiclayer/pgfcore.sty
(/home/kien-pham/.miktex/texmfs/install/tex/latex/graphics/graphicx.sty
Package: graphicx 2026-05-17 v1.2e Enhanced LaTeX Graphics (DPC,SPQR)

(/home/kien-pham/.miktex/texmfs/install/tex/latex/graphics/graphics.sty
Package: graphics 2026-05-17 v1.4h Standard LaTeX Graphics (DPC,SPQR)

(/home/kien-pham/.miktex/texmfs/install/tex/latex/graphics/trig.sty
Package: trig 2023/12/02 v1.11 sin cos tan (DPC)
)
(/home/kien-pham/.miktex/texmfs/install/tex/latex/graphics-cfg/graphics.cfg
File: graphics.cfg 2016/06/04 v1.11 sample graphics configuration
)
Package graphics Info: Driver file: pdftex.def on input line 106.
)
\Gin@req@height=\dimen266
\Gin@req@width=\dimen267
)
(/home/kien-pham/.miktex/texmfs/install/tex/latex/pgf/systemlayer/pgfsys.sty
(/home/kien-pham/.miktex/texmfs/install/tex/generic/pgf/systemlayer/pgfsys.code
.tex
Package: pgfsys 2025-08-29 v3.1.11a (3.1.11a)

(/home/kien-pham/.miktex/texmfs/install/tex/generic/pgf/utilities/pgfkeys.code.
tex
\pgfkeys@pathtoks=\toks45
\pgfkeys@temptoks=\toks46

(/home/kien-pham/.miktex/texmfs/install/tex/generic/pgf/utilities/pgfkeyslibrar
yfiltered.code.tex
\pgfkeys@tmptoks=\toks47
))
\pgf@x=\dimen268
\pgf@y=\dimen269
\pgf@xa=\dimen270
\pgf@ya=\dimen271
\pgf@xb=\dimen272
\pgf@yb=\dimen273
\pgf@xc=\dimen274
\pgf@yc=\dimen275
\pgf@xd=\dimen276
\pgf@yd=\dimen277
\w@pgf@writea=\write5
\r@pgf@reada=\read4
\c@pgf@counta=\count489
\c@pgf@countb=\count490
\c@pgf@countc=\count491
\c@pgf@countd=\count492
\t@pgf@toka=\toks48
\t@pgf@tokb=\toks49
\t@pgf@tokc=\toks50
\pgf@sys@id@count=\count493

(/home/kien-pham/.miktex/texmfs/install/tex/generic/pgf/systemlayer/pgf.cfg
File: pgf.cfg 2025-08-29 v3.1.11a (3.1.11a)
)
Driver file for pgf: pgfsys-pdftex.def

(/home/kien-pham/.miktex/texmfs/install/tex/generic/pgf/systemlayer/pgfsys-pdft
ex.def
File: pgfsys-pdftex.def 2025-08-29 v3.1.11a (3.1.11a)

(/home/kien-pham/.miktex/texmfs/install/tex/generic/pgf/systemlayer/pgfsys-comm
on-pdf.def
File: pgfsys-common-pdf.def 2025-08-29 v3.1.11a (3.1.11a)
)))
(/home/kien-pham/.miktex/texmfs/install/tex/generic/pgf/systemlayer/pgfsyssoftp
ath.code.tex
File: pgfsyssoftpath.code.tex 2025-08-29 v3.1.11a (3.1.11a)
\pgfsyssoftpath@smallbuffer@items=\count494
\pgfsyssoftpath@bigbuffer@items=\count495
)
(/home/kien-pham/.miktex/texmfs/install/tex/generic/pgf/systemlayer/pgfsysproto
col.code.tex
File: pgfsysprotocol.code.tex 2025-08-29 v3.1.11a (3.1.11a)
))
(/home/kien-pham/.miktex/texmfs/install/tex/generic/pgf/basiclayer/pgfcore.code
.tex
Package: pgfcore 2025-08-29 v3.1.11a (3.1.11a)

(/home/kien-pham/.miktex/texmfs/install/tex/generic/pgf/math/pgfmath.code.tex
(/home/kien-pham/.miktex/texmfs/install/tex/generic/pgf/math/pgfmathutil.code.t
ex)
(/home/kien-pham/.miktex/texmfs/install/tex/generic/pgf/math/pgfmathparser.code
.tex
\pgfmath@dimen=\dimen278
\pgfmath@count=\count496
\pgfmath@box=\box75
\pgfmath@toks=\toks51
\pgfmath@stack@operand=\toks52
\pgfmath@stack@operation=\toks53
)
(/home/kien-pham/.miktex/texmfs/install/tex/generic/pgf/math/pgfmathfunctions.c
ode.tex)
(/home/kien-pham/.miktex/texmfs/install/tex/generic/pgf/math/pgfmathfunctions.b
asic.code.tex)
(/home/kien-pham/.miktex/texmfs/install/tex/generic/pgf/math/pgfmathfunctions.t
rigonometric.code.tex)
(/home/kien-pham/.miktex/texmfs/install/tex/generic/pgf/math/pgfmathfunctions.r
andom.code.tex)
(/home/kien-pham/.miktex/texmfs/install/tex/generic/pgf/math/pgfmathfunctions.c
omparison.code.tex)
(/home/kien-pham/.miktex/texmfs/install/tex/generic/pgf/math/pgfmathfunctions.b
ase.code.tex)
(/home/kien-pham/.miktex/texmfs/install/tex/generic/pgf/math/pgfmathfunctions.r
ound.code.tex)
(/home/kien-pham/.miktex/texmfs/install/tex/generic/pgf/math/pgfmathfunctions.m
isc.code.tex)
(/home/kien-pham/.miktex/texmfs/install/tex/generic/pgf/math/pgfmathfunctions.i
ntegerarithmetics.code.tex)
(/home/kien-pham/.miktex/texmfs/install/tex/generic/pgf/math/pgfmathcalc.code.t
ex)
(/home/kien-pham/.miktex/texmfs/install/tex/generic/pgf/math/pgfmathfloat.code.
tex
\c@pgfmathroundto@lastzeros=\count497
))
(/home/kien-pham/.miktex/texmfs/install/tex/generic/pgf/math/pgfint.code.tex)
(/home/kien-pham/.miktex/texmfs/install/tex/generic/pgf/basiclayer/pgfcorepoint
s.code.tex
File: pgfcorepoints.code.tex 2025-08-29 v3.1.11a (3.1.11a)
\pgf@picminx=\dimen279
\pgf@picmaxx=\dimen280
\pgf@picminy=\dimen281
\pgf@picmaxy=\dimen282
\pgf@pathminx=\dimen283
\pgf@pathmaxx=\dimen284
\pgf@pathminy=\dimen285
\pgf@pathmaxy=\dimen286
\pgf@xx=\dimen287
\pgf@xy=\dimen288
\pgf@yx=\dimen289
\pgf@yy=\dimen290
\pgf@zx=\dimen291
\pgf@zy=\dimen292
)
(/home/kien-pham/.miktex/texmfs/install/tex/generic/pgf/basiclayer/pgfcorepathc
onstruct.code.tex
File: pgfcorepathconstruct.code.tex 2025-08-29 v3.1.11a (3.1.11a)
\pgf@path@lastx=\dimen293
\pgf@path@lasty=\dimen294
)
(/home/kien-pham/.miktex/texmfs/install/tex/generic/pgf/basiclayer/pgfcorepathu
sage.code.tex
File: pgfcorepathusage.code.tex 2025-08-29 v3.1.11a (3.1.11a)
\pgf@shorten@end@additional=\dimen295
\pgf@shorten@start@additional=\dimen296
)
(/home/kien-pham/.miktex/texmfs/install/tex/generic/pgf/basiclayer/pgfcorescope
s.code.tex
File: pgfcorescopes.code.tex 2025-08-29 v3.1.11a (3.1.11a)
\pgfpic=\box76
\pgf@hbox=\box77
\pgf@layerbox@main=\box78
\pgf@picture@serial@count=\count498
)
(/home/kien-pham/.miktex/texmfs/install/tex/generic/pgf/basiclayer/pgfcoregraph
icstate.code.tex
File: pgfcoregraphicstate.code.tex 2025-08-29 v3.1.11a (3.1.11a)
\pgflinewidth=\dimen297
)
(/home/kien-pham/.miktex/texmfs/install/tex/generic/pgf/basiclayer/pgfcoretrans
formations.code.tex
File: pgfcoretransformations.code.tex 2025-08-29 v3.1.11a (3.1.11a)
\pgf@pt@x=\dimen298
\pgf@pt@y=\dimen299
\pgf@pt@temp=\dimen300
)
(/home/kien-pham/.miktex/texmfs/install/tex/generic/pgf/basiclayer/pgfcorequick
.code.tex
File: pgfcorequick.code.tex 2025-08-29 v3.1.11a (3.1.11a)
)
(/home/kien-pham/.miktex/texmfs/install/tex/generic/pgf/basiclayer/pgfcoreobjec
ts.code.tex
File: pgfcoreobjects.code.tex 2025-08-29 v3.1.11a (3.1.11a)
)
(/home/kien-pham/.miktex/texmfs/install/tex/generic/pgf/basiclayer/pgfcorepathp
rocessing.code.tex
File: pgfcorepathprocessing.code.tex 2025-08-29 v3.1.11a (3.1.11a)
)
(/home/kien-pham/.miktex/texmfs/install/tex/generic/pgf/basiclayer/pgfcorearrow
s.code.tex
File: pgfcorearrows.code.tex 2025-08-29 v3.1.11a (3.1.11a)
\pgfarrowsep=\dimen301
)
(/home/kien-pham/.miktex/texmfs/install/tex/generic/pgf/basiclayer/pgfcoreshade
.code.tex
File: pgfcoreshade.code.tex 2025-08-29 v3.1.11a (3.1.11a)
\pgf@max=\dimen302
\pgf@sys@shading@range@num=\count499
\pgf@shadingcount=\count500
)
(/home/kien-pham/.miktex/texmfs/install/tex/generic/pgf/basiclayer/pgfcoreimage
.code.tex
File: pgfcoreimage.code.tex 2025-08-29 v3.1.11a (3.1.11a)
)
(/home/kien-pham/.miktex/texmfs/install/tex/generic/pgf/basiclayer/pgfcoreexter
nal.code.tex
File: pgfcoreexternal.code.tex 2025-08-29 v3.1.11a (3.1.11a)
\pgfexternal@startupbox=\box79
)
(/home/kien-pham/.miktex/texmfs/install/tex/generic/pgf/basiclayer/pgfcorelayer
s.code.tex
File: pgfcorelayers.code.tex 2025-08-29 v3.1.11a (3.1.11a)
)
(/home/kien-pham/.miktex/texmfs/install/tex/generic/pgf/basiclayer/pgfcoretrans
parency.code.tex
File: pgfcoretransparency.code.tex 2025-08-29 v3.1.11a (3.1.11a)
)
(/home/kien-pham/.miktex/texmfs/install/tex/generic/pgf/basiclayer/pgfcorepatte
rns.code.tex
File: pgfcorepatterns.code.tex 2025-08-29 v3.1.11a (3.1.11a)
)
(/home/kien-pham/.miktex/texmfs/install/tex/generic/pgf/basiclayer/pgfcorerdf.c
ode.tex
File: pgfcorerdf.code.tex 2025-08-29 v3.1.11a (3.1.11a)
)))
(/home/kien-pham/.miktex/texmfs/install/tex/generic/pgf/modules/pgfmoduleshapes
.code.tex
File: pgfmoduleshapes.code.tex 2025-08-29 v3.1.11a (3.1.11a)
\pgfnodeparttextbox=\box80
)
(/home/kien-pham/.miktex/texmfs/install/tex/generic/pgf/modules/pgfmoduleplot.c
ode.tex
File: pgfmoduleplot.code.tex 2025-08-29 v3.1.11a (3.1.11a)
)
(/home/kien-pham/.miktex/texmfs/install/tex/latex/pgf/compatibility/pgfcomp-ver
sion-0-65.sty
Package: pgfcomp-version-0-65 2025-08-29 v3.1.11a (3.1.11a)
\pgf@nodesepstart=\dimen303
\pgf@nodesepend=\dimen304
)
(/home/kien-pham/.miktex/texmfs/install/tex/latex/pgf/compatibility/pgfcomp-ver
sion-1-18.sty
Package: pgfcomp-version-1-18 2025-08-29 v3.1.11a (3.1.11a)
))
(/home/kien-pham/.miktex/texmfs/install/tex/latex/pgf/utilities/pgffor.sty
(/home/kien-pham/.miktex/texmfs/install/tex/latex/pgf/utilities/pgfkeys.sty
(/home/kien-pham/.miktex/texmfs/install/tex/generic/pgf/utilities/pgfkeys.code.
tex)) (/home/kien-pham/.miktex/texmfs/install/tex/latex/pgf/math/pgfmath.sty
(/home/kien-pham/.miktex/texmfs/install/tex/generic/pgf/math/pgfmath.code.tex))

(/home/kien-pham/.miktex/texmfs/install/tex/generic/pgf/utilities/pgffor.code.t
ex
Package: pgffor 2025-08-29 v3.1.11a (3.1.11a)
\pgffor@iter=\dimen305
\pgffor@skip=\dimen306
\pgffor@stack=\toks54
\pgffor@toks=\toks55
))
(/home/kien-pham/.miktex/texmfs/install/tex/generic/pgf/frontendlayer/tikz/tikz
.code.tex
Package: tikz 2025-08-29 v3.1.11a (3.1.11a)

(/home/kien-pham/.miktex/texmfs/install/tex/generic/pgf/libraries/pgflibraryplo
thandlers.code.tex
File: pgflibraryplothandlers.code.tex 2025-08-29 v3.1.11a (3.1.11a)
\pgf@plot@mark@count=\count501
\pgfplotmarksize=\dimen307
)
\tikz@lastx=\dimen308
\tikz@lasty=\dimen309
\tikz@lastxsaved=\dimen310
\tikz@lastysaved=\dimen311
\tikz@lastmovetox=\dimen312
\tikz@lastmovetoy=\dimen313
\tikzleveldistance=\dimen314
\tikzsiblingdistance=\dimen315
\tikz@figbox=\box81
\tikz@figbox@bg=\box82
\tikz@tempbox=\box83
\tikz@tempbox@bg=\box84
\tikztreelevel=\count502
\tikznumberofchildren=\count503
\tikznumberofcurrentchild=\count504
\tikz@fig@count=\count505

(/home/kien-pham/.miktex/texmfs/install/tex/generic/pgf/modules/pgfmodulematrix
.code.tex
File: pgfmodulematrix.code.tex 2025-08-29 v3.1.11a (3.1.11a)
\pgfmatrixcurrentrow=\count506
\pgfmatrixcurrentcolumn=\count507
\pgf@matrix@numberofcolumns=\count508
)
\tikz@expandcount=\count509

(/home/kien-pham/.miktex/texmfs/install/tex/generic/pgf/frontendlayer/tikz/libr
aries/tikzlibrarytopaths.code.tex
File: tikzlibrarytopaths.code.tex 2025-08-29 v3.1.11a (3.1.11a)
)))
(/home/kien-pham/.miktex/texmfs/install/tex/latex/tools/verbatim.sty
Package: verbatim 2024-01-22 v1.5x LaTeX2e package for verbatim enhancements
\every@verbatim=\toks56
\verbatim@line=\toks57
\verbatim@in@stream=\read5
)
(/home/kien-pham/.miktex/texmfs/install/tex/latex/environ/environ.sty
Package: environ 2014/05/04 v0.3 A new way to define environments

(/home/kien-pham/.miktex/texmfs/install/tex/latex/trimspaces/trimspaces.sty
Package: trimspaces 2009/09/17 v1.1 Trim spaces around a token list
))
\tcb@titlebox=\box85
\tcb@upperbox=\box86
\tcb@lowerbox=\box87
\tcb@phantombox=\box88
\c@tcbbreakpart=\count510
\c@tcblayer=\count511
\c@tcolorbox@number=\count512
\l__tcobox_tmpa_box=\box89
\l__tcobox_tmpa_dim=\dimen316
\tcb@temp=\box90
\tcb@temp=\box91
\tcb@temp=\box92
\tcb@temp=\box93

(/home/kien-pham/.miktex/texmfs/install/tex/latex/tcolorbox/tcbraster.code.tex
Library (tcolorbox): 'tcbraster.code.tex' version '6.10.0'
\c@tcbrastercolumn=\count513
\c@tcbrasterrow=\count514
\c@tcbrasternum=\count515
\c@tcbraster=\count516
) (/home/kien-pham/.miktex/texmfs/install/tex/latex/tcolorbox/tcbskins.code.tex
Library (tcolorbox): 'tcbskins.code.tex' version '6.10.0'
(/home/kien-pham/.miktex/texmfs/install/tex/latex/tikzfill/tikzfill.image.sty
Package: tikzfill.image 2026/04/23 v1.2.0 Image filling library for TikZ

(/home/kien-pham/.miktex/texmfs/install/tex/latex/tikzfill/tikzlibraryfill.imag
e.code.tex
File: tikzlibraryfill.image.code.tex 2026/04/23 v1.2.0 Image filling library
\l__tikzfill_tmpa_dim=\dimen317
\l__tikzfill_tmpb_dim=\dimen318
\l__tikzfill_img_box=\box94
))
(/home/kien-pham/.miktex/texmfs/install/tex/latex/tcolorbox/tcbskinsjigsaw.code
.tex
Library (tcolorbox): 'tcbskinsjigsaw.code.tex' version '6.10.0'
))
(/home/kien-pham/.miktex/texmfs/install/tex/latex/tcolorbox/tcbbreakable.code.t
ex
Library (tcolorbox): 'tcbbreakable.code.tex' version '6.10.0'
(/home/kien-pham/.miktex/texmfs/install/tex/latex/pdfcol/pdfcol.sty
Package: pdfcol 2022-09-21 v1.7 Handle new color stacks for pdfTeX (HO)
)
Package pdfcol Info: New color stack `tcb@breakable' = 1 on input line 23.
\tcb@testbox=\box95
\tcb@totalupperbox=\box96
\tcb@totallowerbox=\box97
)
(/home/kien-pham/.miktex/texmfs/install/tex/latex/tcolorbox/tcbhooks.code.tex
Library (tcolorbox): 'tcbhooks.code.tex' version '6.10.0'
)
(/home/kien-pham/.miktex/texmfs/install/tex/latex/tcolorbox/tcbtheorems.code.te
x
Library (tcolorbox): 'tcbtheorems.code.tex' version '6.10.0'
)
(/home/kien-pham/.miktex/texmfs/install/tex/latex/tcolorbox/tcbfitting.code.tex
Library (tcolorbox): 'tcbfitting.code.tex' version '6.10.0'
\tcbfitdim=\dimen319
\tcb@lowerfitdim=\dimen320
\tcb@upperfitdim=\dimen321
\tcb@cur@hbadness=\count517
)
(/home/kien-pham/.miktex/texmfs/install/tex/latex/tcolorbox/tcblistingsutf8.cod
e.tex
Library (tcolorbox): 'tcblistingsutf8.code.tex' version '6.10.0'

(/home/kien-pham/.miktex/texmfs/install/tex/latex/tcolorbox/tcblistings.code.te
x
Library (tcolorbox): 'tcblistings.code.tex' version '6.10.0'
(/home/kien-pham/.miktex/texmfs/install/tex/latex/listings/listings.sty
\lst@mode=\count518
\lst@gtempboxa=\box98
\lst@token=\toks58
\lst@length=\count519
\lst@currlwidth=\dimen322
\lst@column=\count520
\lst@pos=\count521
\lst@lostspace=\dimen323
\lst@width=\dimen324
\lst@newlines=\count522
\lst@lineno=\count523
\lst@maxwidth=\dimen325

(/home/kien-pham/.miktex/texmfs/install/tex/latex/listings/lstpatch.sty
File: lstpatch.sty 2025/11/14 1.11b (Carsten Heinz)
)
(/home/kien-pham/.miktex/texmfs/install/tex/latex/listings/lstmisc.sty
File: lstmisc.sty 2025/11/14 1.11b (Carsten Heinz)
\c@lstnumber=\count524
\lst@skipnumbers=\count525
\lst@framebox=\box99
)
(/home/kien-pham/.miktex/texmfs/install/tex/latex/listings/listings.cfg
File: listings.cfg 2025/11/14 1.11b listings configuration
))
Package: listings 2025/11/14 1.11b (Carsten Heinz)

(/home/kien-pham/.miktex/texmfs/install/tex/latex/tcolorbox/tcblistingscore.cod
e.tex
Library (tcolorbox): 'tcblistingscore.code.tex' version '6.10.0'

(/home/kien-pham/.miktex/texmfs/install/tex/latex/tcolorbox/tcbprocessing.code.
tex
Library (tcolorbox): 'tcbprocessing.code.tex' version '6.10.0'
)
\c@tcblisting=\count526
))
(/home/kien-pham/.miktex/texmfs/install/tex/latex/listingsutf8/listingsutf8.sty
Package: listingsutf8 2019-12-10 v1.5 Allow UTF-8 in listings input (HO)
(/home/kien-pham/.miktex/texmfs/install/tex/generic/stringenc/stringenc.sty
Package: stringenc 2019/11/29 v1.12 Convert strings between diff. encodings (HO
)

(/home/kien-pham/.miktex/texmfs/install/tex/generic/pdfescape/pdfescape.sty
Package: pdfescape 2019/12/09 v1.15 Implements pdfTeX's escape features (HO)
))))
(/home/kien-pham/.miktex/texmfs/install/tex/latex/tcolorbox/tcbexternal.code.te
x
Library (tcolorbox): 'tcbexternal.code.tex' version '6.10.0'
)
(/home/kien-pham/.miktex/texmfs/install/tex/latex/tcolorbox/tcbmagazine.code.te
x
Library (tcolorbox): 'tcbmagazine.code.tex' version '6.10.0'
)
(/home/kien-pham/.miktex/texmfs/install/tex/latex/tcolorbox/tcbvignette.code.te
x
Library (tcolorbox): 'tcbvignette.code.tex' version '6.10.0'

(/home/kien-pham/.miktex/texmfs/install/tex/generic/pgf/frontendlayer/tikz/libr
aries/tikzlibraryfadings.code.tex
File: tikzlibraryfadings.code.tex 2025-08-29 v3.1.11a (3.1.11a)

(/home/kien-pham/.miktex/texmfs/install/tex/generic/pgf/libraries/pgflibraryfad
ings.code.tex
File: pgflibraryfadings.code.tex 2025-08-29 v3.1.11a (3.1.11a)
)))
(/home/kien-pham/.miktex/texmfs/install/tex/latex/tcolorbox/tcbposter.code.tex
Library (tcolorbox): 'tcbposter.code.tex' version '6.10.0'
)) (/home/kien-pham/.miktex/texmfs/install/tex/latex/realboxes/realboxes.sty
Package: realboxes 2011/08/08 v0.2 Change box commands to read there content as
 real boxes

(/home/kien-pham/.miktex/texmfs/install/tex/latex/collectbox/collectbox.sty
Package: collectbox 2022/10/17 v0.4c Collect macro arguments as boxes
\collectedbox=\box100
)
(/home/kien-pham/.miktex/texmfs/install/tex/latex/adjustbox/adjcalc.sty
Package: adjcalc 2012/05/16 v1.1 Provides advanced setlength with multiple back
-ends (calc, etex, pgfmath)
))
(/home/kien-pham/.miktex/texmfs/install/tex/latex/eso-pic/eso-pic.sty
Package: eso-pic 2026/05/31 v3.0e eso-pic (RN)
\ESO@tempdima=\dimen326
\ESO@tempdimb=\dimen327
)
(/home/kien-pham/.miktex/texmfs/install/tex/latex/transparent/transparent.sty
Package: transparent 2025-06-23 v1.6 Transparency with color stacks

(/home/kien-pham/.miktex/texmfs/install/tex/latex/transparent/transparent-nomet
adata.sty
Package: transparent-nometadata 2025-06-23 v1.6 Transparency via pdfTeX's color
 stack (HO)
 (/home/kien-pham/.miktex/texmfs/install/tex/latex/auxhook/auxhook.sty
Package: auxhook 2019-12-17 v1.6 Hooks for auxiliary files (HO)
))) (/home/kien-pham/.miktex/texmfs/install/tex/latex/standalone/standalone.sty
Package: standalone 2025/02/22 v1.5a Package to include TeX sub-files with prea
mbles
(/home/kien-pham/.miktex/texmfs/install/tex/latex/tools/shellesc.sty
Package: shellesc 2023/07/08 v1.0d unified shell escape interface for LaTeX
Package shellesc Info: Restricted shell escape enabled on input line 77.
)
(/home/kien-pham/.miktex/texmfs/install/tex/latex/currfile/currfile.sty
Package: currfile 2024/03/14 v1.0 Provides the file path elements of the curren
t input file

(/home/kien-pham/.miktex/texmfs/install/tex/latex/filehook/filehook.sty
Package: filehook 2022/10/25 v0.8b Hooks for input files

(/home/kien-pham/.miktex/texmfs/install/tex/latex/filehook/filehook-2020.sty
Package: filehook-2020 2022/10/25 v0.8b Hooks for input files
))
\c@currfiledepth=\count527
) (/home/kien-pham/.miktex/texmfs/install/tex/latex/gincltex/gincltex.sty
(/home/kien-pham/.miktex/texmfs/install/tex/latex/svn-prov/svn-prov.sty
Package: svn-prov 2010/04/24 v3.1862 Package Date/Version from SVN Keywords
)
Package: gincltex 2011/09/04 v0.3 Include external LaTeX files like graphics

(/home/kien-pham/.miktex/texmfs/install/tex/latex/adjustbox/adjustbox.sty
Package: adjustbox 2025/02/26 v1.3c Adjusting TeX boxes (trim, clip, ...)

(/home/kien-pham/.miktex/texmfs/install/tex/latex/adjustbox/trimclip.sty
Package: trimclip 2025/02/21 v1.2a Trim and clip general TeX material
\tc@llx=\dimen328
\tc@lly=\dimen329
\tc@urx=\dimen330
\tc@ury=\dimen331
Package trimclip Info: Using driver 'tc-pdftex.def'.

(/home/kien-pham/.miktex/texmfs/install/tex/latex/adjustbox/tc-pdftex.def
File: tc-pdftex.def 2025/02/26 v2.3 Clipping driver for pdftex
))
\adjbox@Width=\dimen332
\adjbox@Height=\dimen333
\adjbox@Depth=\dimen334
\adjbox@Totalheight=\dimen335
\adjbox@pwidth=\dimen336
\adjbox@pheight=\dimen337
\adjbox@pdepth=\dimen338
\adjbox@ptotalheight=\dimen339

(/home/kien-pham/.miktex/texmfs/install/tex/latex/ifoddpage/ifoddpage.sty
Package: ifoddpage 2022/10/18 v1.2 Conditionals for odd/even page detection
\c@checkoddpage=\count528
)
(/home/kien-pham/.miktex/texmfs/install/tex/latex/varwidth/varwidth.sty
Package: varwidth 2009/03/30 ver 0.92;  Variable-width minipages
\@vwid@box=\box101
\sift@deathcycles=\count529
\@vwid@loff=\dimen340
\@vwid@roff=\dimen341
)
==> First Aid for varwidth.sty applied!
)
\gincltex@box=\box102
) (/home/kien-pham/.miktex/texmfs/install/tex/latex/filemod/filemod-expmin.sty
Package: filemod-expmin 2011/09/19 v1.2 Get and compare file modification times
 (expandable; minimal)
)) (/home/kien-pham/.miktex/texmfs/install/tex/latex/pgfplots/pgfplots.sty
(/home/kien-pham/.miktex/texmfs/install/tex/generic/pgfplots/pgfplots.revision.
tex)
Package: pgfplots 2021/05/15 v1.18.1 Data Visualization (1.18.1)

(/home/kien-pham/.miktex/texmfs/install/tex/generic/pgfplots/pgfplots.code.tex
(/home/kien-pham/.miktex/texmfs/install/tex/generic/pgfplots/pgfplotscore.code.
tex
\t@pgfplots@toka=\toks59
\t@pgfplots@tokb=\toks60
\t@pgfplots@tokc=\toks61
\pgfplots@tmpa=\dimen342
\c@pgfplots@coordindex=\count530
\c@pgfplots@scanlineindex=\count531

(/home/kien-pham/.miktex/texmfs/install/tex/generic/pgfplots/sys/pgfplotssysgen
eric.code.tex))
(/home/kien-pham/.miktex/texmfs/install/tex/generic/pgfplots/libs/pgfplotslibra
ry.code.tex)
(/home/kien-pham/.miktex/texmfs/install/tex/generic/pgfplots/oldpgfcompatib/pgf
plotsoldpgfsupp_loader.code.tex
(/home/kien-pham/.miktex/texmfs/install/tex/generic/pgf/libraries/pgflibraryfpu
.code.tex)
Package pgfplots: loading complementary utilities for your pgf version...
\t@pgf@toka=\toks62
\t@pgf@tokb=\toks63
\t@pgf@tokc=\toks64

(/home/kien-pham/.miktex/texmfs/install/tex/generic/pgfplots/oldpgfcompatib/pgf
plotsoldpgfsupp_pgfutil-common-lists.tex))
(/home/kien-pham/.miktex/texmfs/install/tex/generic/pgfplots/util/pgfplotsutil.
code.tex
(/home/kien-pham/.miktex/texmfs/install/tex/generic/pgfplots/liststructure/pgfp
lotsliststructure.code.tex)
(/home/kien-pham/.miktex/texmfs/install/tex/generic/pgfplots/liststructure/pgfp
lotsliststructureext.code.tex)
(/home/kien-pham/.miktex/texmfs/install/tex/generic/pgfplots/liststructure/pgfp
lotsarray.code.tex
\c@pgfplotsarray@tmp=\count532
)
(/home/kien-pham/.miktex/texmfs/install/tex/generic/pgfplots/liststructure/pgfp
lotsmatrix.code.tex)
(/home/kien-pham/.miktex/texmfs/install/tex/generic/pgfplots/numtable/pgfplotst
ableshared.code.tex
\c@pgfplotstable@counta=\count533
\t@pgfplotstable@a=\toks65
)
(/home/kien-pham/.miktex/texmfs/install/tex/generic/pgfplots/liststructure/pgfp
lotsdeque.code.tex)
(/home/kien-pham/.miktex/texmfs/install/tex/generic/pgfplots/util/pgfplotsbinar
y.code.tex
(/home/kien-pham/.miktex/texmfs/install/tex/generic/pgfplots/util/pgfplotsbinar
y.data.code.tex))
(/home/kien-pham/.miktex/texmfs/install/tex/generic/pgfplots/util/pgfplotsutil.
verb.code.tex)
(/home/kien-pham/.miktex/texmfs/install/tex/generic/pgfplots/libs/pgflibrarypgf
plots.surfshading.code.tex
\c@pgfplotslibrarysurf@no=\count534

(/home/kien-pham/.miktex/texmfs/install/tex/generic/pgfplots/sys/pgflibrarypgfp
lots.surfshading.pgfsys-pdftex.def)))
(/home/kien-pham/.miktex/texmfs/install/tex/generic/pgfplots/util/pgfplotscolor
map.code.tex
(/home/kien-pham/.miktex/texmfs/install/tex/generic/pgfplots/util/pgfplotscolor
.code.tex))
(/home/kien-pham/.miktex/texmfs/install/tex/generic/pgfplots/pgfplotsstackedplo
ts.code.tex)
(/home/kien-pham/.miktex/texmfs/install/tex/generic/pgfplots/pgfplotsplothandle
rs.code.tex
(/home/kien-pham/.miktex/texmfs/install/tex/generic/pgfplots/pgfplotsmeshplotha
ndler.code.tex
(/home/kien-pham/.miktex/texmfs/install/tex/generic/pgfplots/pgfplotsmeshplotim
age.code.tex)))
(/home/kien-pham/.miktex/texmfs/install/tex/generic/pgfplots/pgfplots.scaling.c
ode.tex)
(/home/kien-pham/.miktex/texmfs/install/tex/generic/pgfplots/pgfplotscoordproce
ssing.code.tex)
(/home/kien-pham/.miktex/texmfs/install/tex/generic/pgfplots/pgfplots.errorbars
.code.tex)
(/home/kien-pham/.miktex/texmfs/install/tex/generic/pgfplots/pgfplots.markers.c
ode.tex)
(/home/kien-pham/.miktex/texmfs/install/tex/generic/pgfplots/pgfplotsticks.code
.tex)
(/home/kien-pham/.miktex/texmfs/install/tex/generic/pgfplots/pgfplots.paths.cod
e.tex)
(/home/kien-pham/.miktex/texmfs/install/tex/generic/pgf/frontendlayer/tikz/libr
aries/tikzlibrarydecorations.code.tex
(/home/kien-pham/.miktex/texmfs/install/tex/generic/pgf/modules/pgfmoduledecora
tions.code.tex
\pgfdecoratedcompleteddistance=\dimen343
\pgfdecoratedremainingdistance=\dimen344
\pgfdecoratedinputsegmentcompleteddistance=\dimen345
\pgfdecoratedinputsegmentremainingdistance=\dimen346
\pgf@decorate@distancetomove=\dimen347
\pgf@decorate@repeatstate=\count535
\pgfdecorationsegmentamplitude=\dimen348
\pgfdecorationsegmentlength=\dimen349
)
\tikz@lib@dec@box=\box103
)
(/home/kien-pham/.miktex/texmfs/install/tex/generic/pgf/frontendlayer/tikz/libr
aries/tikzlibrarydecorations.pathmorphing.code.tex
(/home/kien-pham/.miktex/texmfs/install/tex/generic/pgf/libraries/decorations/p
gflibrarydecorations.pathmorphing.code.tex))
(/home/kien-pham/.miktex/texmfs/install/tex/generic/pgf/frontendlayer/tikz/libr
aries/tikzlibrarydecorations.pathreplacing.code.tex
(/home/kien-pham/.miktex/texmfs/install/tex/generic/pgf/libraries/decorations/p
gflibrarydecorations.pathreplacing.code.tex))
(/home/kien-pham/.miktex/texmfs/install/tex/generic/pgfplots/libs/tikzlibrarypg
fplots.contourlua.code.tex)
\pgfplots@numplots=\count536
\pgfplots@xmin@reg=\dimen350
\pgfplots@xmax@reg=\dimen351
\pgfplots@ymin@reg=\dimen352
\pgfplots@ymax@reg=\dimen353
\pgfplots@zmin@reg=\dimen354
\pgfplots@zmax@reg=\dimen355
)
(/home/kien-pham/.miktex/texmfs/install/tex/generic/pgf/frontendlayer/tikz/libr
aries/tikzlibraryplotmarks.code.tex
File: tikzlibraryplotmarks.code.tex 2025-08-29 v3.1.11a (3.1.11a)

(/home/kien-pham/.miktex/texmfs/install/tex/generic/pgf/libraries/pgflibraryplo
tmarks.code.tex
File: pgflibraryplotmarks.code.tex 2025-08-29 v3.1.11a (3.1.11a)
)))
(/home/kien-pham/.miktex/texmfs/install/tex/generic/pgf/frontendlayer/tikz/libr
aries/tikzlibrarypatterns.code.tex
File: tikzlibrarypatterns.code.tex 2025-08-29 v3.1.11a (3.1.11a)

(/home/kien-pham/.miktex/texmfs/install/tex/generic/pgf/libraries/pgflibrarypat
terns.code.tex
File: pgflibrarypatterns.code.tex 2025-08-29 v3.1.11a (3.1.11a)
))
(/home/kien-pham/.miktex/texmfs/install/tex/latex/caption/caption.sty
Package: caption 2023/08/05 v3.6o Customizing captions (AR)

(/home/kien-pham/.miktex/texmfs/install/tex/latex/caption/caption3.sty
Package: caption3 2023/07/31 v2.4d caption3 kernel (AR)
\caption@tempdima=\dimen356
\captionmargin=\dimen357
\caption@leftmargin=\dimen358
\caption@rightmargin=\dimen359
\caption@width=\dimen360
\caption@indent=\dimen361
\caption@parindent=\dimen362
\caption@hangindent=\dimen363
Package caption Info: Standard document class detected.
)
\c@caption@flags=\count537
\c@continuedfloat=\count538
Package caption Info: float package is loaded.
Package caption Info: listings package is loaded.
Package caption Info: sidecap package is loaded.
)
(/home/kien-pham/.miktex/texmfs/install/tex/latex/tools/enumerate.sty
Package: enumerate 2023/07/04 v3.00 enumerate extensions (DPC)
\@enLab=\toks66
)
(/home/kien-pham/.miktex/texmfs/install/tex/latex/footnotebackref/footnotebackr
ef.sty
Package: footnotebackref 2012/07/01 v1.0 Backreferences for footnotes (Holger L
ange)

(/home/kien-pham/.miktex/texmfs/install/tex/latex/letltxmacro/letltxmacro.sty
Package: letltxmacro 2019/12/03 v1.6 Let assignment for LaTeX macros (HO)
)
(/home/kien-pham/.miktex/texmfs/install/tex/latex/hyperref/hyperref.sty
Package: hyperref 2026-06-17 v7.01r Hypertext links for LaTeX

(/home/kien-pham/.miktex/texmfs/install/tex/generic/kvdefinekeys/kvdefinekeys.s
ty
Package: kvdefinekeys 2019-12-19 v1.6 Define keys (HO)
) (/home/kien-pham/.miktex/texmfs/install/tex/latex/hycolor/hycolor.sty
Package: hycolor 2020-01-27 v1.10 Color options for hyperref/bookmark (HO)
)
(/home/kien-pham/.miktex/texmfs/install/tex/latex/hyperref/nameref.sty
Package: nameref 2026-01-29 v2.58 Cross-referencing by name of section

(/home/kien-pham/.miktex/texmfs/install/tex/latex/refcount/refcount.sty
Package: refcount 2019/12/15 v3.6 Data extraction from label references (HO)
)
(/home/kien-pham/.miktex/texmfs/install/tex/generic/gettitlestring/gettitlestri
ng.sty
Package: gettitlestring 2019/12/15 v1.6 Cleanup title references (HO)
)
\c@section@level=\count539
)
\@linkdim=\dimen364
\Hy@linkcounter=\count540
\Hy@pagecounter=\count541
 (/home/kien-pham/.miktex/texmfs/install/tex/latex/hyperref/pd1enc.def
File: pd1enc.def 2026-06-17 v7.01r Hyperref: PDFDocEncoding definition (HO)
Now handling font encoding PD1 ...
... no UTF-8 mapping file for font encoding PD1
) (/home/kien-pham/.miktex/texmfs/install/tex/generic/intcalc/intcalc.sty
Package: intcalc 2019/12/15 v1.3 Expandable calculations with integers (HO)
)
\Hy@SavedSpaceFactor=\count542

(/home/kien-pham/.miktex/texmfs/install/tex/latex/hyperref/puenc.def
File: puenc.def 2026-06-17 v7.01r Hyperref: PDF Unicode definition (HO)
Now handling font encoding PU ...
... no UTF-8 mapping file for font encoding PU
)
Package hyperref Info: Hyper figures OFF on input line 4199.
Package hyperref Info: Link nesting OFF on input line 4204.
Package hyperref Info: Hyper index ON on input line 4207.
Package hyperref Info: Plain pages OFF on input line 4214.
Package hyperref Info: Backreferencing OFF on input line 4219.
Package hyperref Info: Implicit mode ON; LaTeX internals redefined.
Package hyperref Info: Bookmarks ON on input line 4466.
\c@Hy@tempcnt=\count543
LaTeX Info: Redefining \url on input line 4805.
\XeTeXLinkMargin=\dimen365

(/home/kien-pham/.miktex/texmfs/install/tex/generic/bitset/bitset.sty
Package: bitset 2019/12/09 v1.3 Handle bit-vector datatype (HO)

(/home/kien-pham/.miktex/texmfs/install/tex/generic/bigintcalc/bigintcalc.sty
Package: bigintcalc 2019/12/15 v1.5 Expandable calculations on big integers (HO
)
))
\Fld@menulength=\count544
\Field@Width=\dimen366
\Fld@charsize=\dimen367
Package hyperref Info: Hyper figures OFF on input line 6091.
Package hyperref Info: Link nesting OFF on input line 6096.
Package hyperref Info: Hyper index ON on input line 6099.
Package hyperref Info: backreferencing OFF on input line 6106.
Package hyperref Info: Link coloring OFF on input line 6111.
Package hyperref Info: Link coloring with OCG OFF on input line 6116.
Package hyperref Info: PDF/A mode OFF on input line 6121.
\Hy@abspage=\count545
\c@Item=\count546
\c@Hfootnote=\count547
)
Package hyperref Info: Driver (autodetected): hpdftex.
 (/home/kien-pham/.miktex/texmfs/install/tex/latex/hyperref/hpdftex.def
File: hpdftex.def 2026-06-17 v7.01r Hyperref driver for pdfTeX
\Fld@listcount=\count548
\c@bookmark@seq@number=\count549

(/home/kien-pham/.miktex/texmfs/install/tex/latex/rerunfilecheck/rerunfilecheck
.sty
Package: rerunfilecheck 2025-06-21 v1.11 Rerun checks for auxiliary files (HO)

(/home/kien-pham/.miktex/texmfs/install/tex/generic/uniquecounter/uniquecounter
.sty
Package: uniquecounter 2019/12/15 v1.4 Provide unlimited unique counter (HO)
)
Package uniquecounter Info: New unique counter `rerunfilecheck' on input line 2
84.
)
\Hy@SectionHShift=\skip114
)
\c@BackrefHyperFootnoteCounter=\count550
) (/home/kien-pham/.miktex/texmfs/install/tex/latex/xurl/xurl.sty
Package: xurl 2022/01/09 v 0.10 modify URL breaks

xurl: Set penalties for biblatex
) (/home/kien-pham/.miktex/texmfs/install/tex/latex/pgfplots/pgfplotstable.sty
(/home/kien-pham/.miktex/texmfs/install/tex/generic/pgfplots/pgfplots.revision.
tex)
Package: pgfplotstable 2021/05/15 v1.18.1 Table typesetting and Pretty-printing
 (1.18.1)

(/home/kien-pham/.miktex/texmfs/install/tex/generic/pgfplots/numtable/pgfplotst
able.code.tex
(/home/kien-pham/.miktex/texmfs/install/tex/generic/pgfplots/numtable/pgfplotst
able.coltype.code.tex)))
(/home/kien-pham/.miktex/texmfs/install/tex/latex/tikz-3dplot/tikz-3dplot.sty
(/home/kien-pham/.miktex/texmfs/install/tex/generic/pgf/frontendlayer/tikz/libr
aries/tikzlibrarycalc.code.tex
File: tikzlibrarycalc.code.tex 2025-08-29 v3.1.11a (3.1.11a)
)
(/home/kien-pham/.miktex/texmfs/install/tex/generic/pgf/frontendlayer/tikz/libr
aries/tikzlibrary3d.code.tex
File: tikzlibrary3d.code.tex 2025-08-29 v3.1.11a (3.1.11a)
)
(/home/kien-pham/.miktex/texmfs/install/tex/generic/pgf/frontendlayer/tikz/libr
aries/tikzlibraryarrows.code.tex
File: tikzlibraryarrows.code.tex 2025-08-29 v3.1.11a (3.1.11a)

(/home/kien-pham/.miktex/texmfs/install/tex/generic/pgf/libraries/pgflibraryarr
ows.code.tex
File: pgflibraryarrows.code.tex 2025-08-29 v3.1.11a (3.1.11a)
\arrowsize=\dimen368
)))
(/home/kien-pham/.miktex/texmfs/install/tex/latex/tkz-euclide/tkz-euclide.sty
2026/01/25 5.13c tkz-euclide.sty
Package: tkz-euclide  2026/01/25 5.13c for pure Euclidean Geometry 

(/home/kien-pham/.miktex/texmfs/install/tex/generic/pgf/frontendlayer/tikz/libr
aries/tikzlibraryangles.code.tex
File: tikzlibraryangles.code.tex 2025-08-29 v3.1.11a (3.1.11a)
)
(/home/kien-pham/.miktex/texmfs/install/tex/generic/pgf/libraries/pgflibraryarr
ows.meta.code.tex
File: pgflibraryarrows.meta.code.tex 2025-08-29 v3.1.11a (3.1.11a)
\pgfarrowinset=\dimen369
\pgfarrowlength=\dimen370
\pgfarrowwidth=\dimen371
\pgfarrowlinewidth=\dimen372
)
(/home/kien-pham/.miktex/texmfs/install/tex/generic/pgf/frontendlayer/tikz/libr
aries/tikzlibrarybackgrounds.code.tex
File: tikzlibrarybackgrounds.code.tex 2025-08-29 v3.1.11a (3.1.11a)
\pgf@layerbox@background=\box104
\pgf@layerboxsaved@background=\box105
)
(/home/kien-pham/.miktex/texmfs/install/tex/generic/pgf/frontendlayer/tikz/libr
aries/tikzlibrarydecorations.markings.code.tex
(/home/kien-pham/.miktex/texmfs/install/tex/generic/pgf/libraries/decorations/p
gflibrarydecorations.markings.code.tex))
(/home/kien-pham/.miktex/texmfs/install/tex/generic/pgf/frontendlayer/tikz/libr
aries/tikzlibrarydecorations.shapes.code.tex
(/home/kien-pham/.miktex/texmfs/install/tex/generic/pgf/libraries/decorations/p
gflibrarydecorations.shapes.code.tex))
(/home/kien-pham/.miktex/texmfs/install/tex/generic/pgf/frontendlayer/tikz/libr
aries/tikzlibrarydecorations.text.code.tex
(/home/kien-pham/.miktex/texmfs/install/tex/generic/pgf/libraries/decorations/p
gflibrarydecorations.text.code.tex
\pgf@lib@dec@text@box=\box106
)
\tikz@lib@dec@te@box=\box107
)
(/home/kien-pham/.miktex/texmfs/install/tex/generic/pgf/frontendlayer/tikz/libr
aries/tikzlibraryintersections.code.tex
(/home/kien-pham/.miktex/texmfs/install/tex/generic/pgf/libraries/pgflibraryint
ersections.code.tex
\pgf@intersect@solutions=\count551
))
(/home/kien-pham/.miktex/texmfs/install/tex/generic/pgf/frontendlayer/tikz/libr
aries/tikzlibrarymath.code.tex
(/home/kien-pham/.miktex/texmfs/install/tex/generic/pgf/frontendlayer/tikz/libr
aries/tikzlibraryfpu.code.tex)
\tikz@math@for@depth=\count552
\tikz@math@dimen=\dimen373
\tikz@math@toks=\toks67
)
(/home/kien-pham/.miktex/texmfs/install/tex/generic/pgf/frontendlayer/tikz/libr
aries/tikzlibrarypositioning.code.tex
File: tikzlibrarypositioning.code.tex 2025-08-29 v3.1.11a (3.1.11a)
)
(/home/kien-pham/.miktex/texmfs/install/tex/generic/pgf/frontendlayer/tikz/libr
aries/tikzlibraryquotes.code.tex
File: tikzlibraryquotes.code.tex 2025-08-29 v3.1.11a (3.1.11a)
)
(/home/kien-pham/.miktex/texmfs/install/tex/generic/pgf/frontendlayer/tikz/libr
aries/tikzlibraryshapes.misc.code.tex
File: tikzlibraryshapes.misc.code.tex 2025-08-29 v3.1.11a (3.1.11a)

(/home/kien-pham/.miktex/texmfs/install/tex/generic/pgf/libraries/shapes/pgflib
raryshapes.misc.code.tex
File: pgflibraryshapes.misc.code.tex 2025-08-29 v3.1.11a (3.1.11a)
))
(/home/kien-pham/.miktex/texmfs/install/tex/generic/pgf/frontendlayer/tikz/libr
aries/tikzlibrarythrough.code.tex
File: tikzlibrarythrough.code.tex 2025-08-29 v3.1.11a (3.1.11a)
)
(/home/kien-pham/.miktex/texmfs/install/tex/latex/l3packages/xfp/xfp.sty
Package: xfp 2025-10-09 L3 Floating point unit
)
(/home/kien-pham/.miktex/texmfs/install/tex/latex/xpatch/xpatch.sty
Package: xpatch 2020/03/25 v0.3a Extending etoolbox patching commands
)
\tkzRadius=\dimen374
\tkzLength=\dimen375
\tkz@radi=\dimen376
\tkz@ax=\dimen377
\tkz@ay=\dimen378
\tkz@bx=\dimen379
\tkz@by=\dimen380
\tkz@cx=\dimen381
\tkz@cy=\dimen382
\tkz@dx=\dimen383
\tkz@dy=\dimen384
\tkz@cntmk=\count553

Local configuration file tkz-euclide.cfg found and used
(/home/kien-pham/.miktex/texmfs/install/tex/latex/tkz-euclide/tkz-euclide.cfg
2026/01/25 5.13c tkz-euclide.cfg
)
(/home/kien-pham/.miktex/texmfs/install/tex/latex/tkz-euclide/tools/tkz-tools-e
u-base.tex
2026/01/25 5.13c tkz-tools-eu-base.tex
)
(/home/kien-pham/.miktex/texmfs/install/tex/latex/tkz-euclide/tools/tkz-tools-e
u-utilities.tex
2026/01/25 5.13c tkz-tools-eu-utilities.tex
)
(/home/kien-pham/.miktex/texmfs/install/tex/latex/tkz-euclide/tools/tkz-tools-e
u-BB.tex
2026/01/25 5.13c tkz-obj-eu-BB.tex
)
(/home/kien-pham/.miktex/texmfs/install/tex/latex/tkz-euclide/obj/tkz-obj-eu-gr
ids.tex
2026/01/25 5.13c tkz-obj-eu-grids.tex
)
(/home/kien-pham/.miktex/texmfs/install/tex/latex/tkz-euclide/libs/tkz-lib-eu-m
arks.tex
2026/01/25 5.13c tkz-lib-eu-marks.tex
)
(/home/kien-pham/.miktex/texmfs/install/tex/latex/tkz-euclide/tools/tkz-tools-e
u-text.tex
2026/01/25 5.13c tkz-tools-eu-text.tex
)
(/home/kien-pham/.miktex/texmfs/install/tex/latex/tkz-euclide/libs/tkz-lib-eu-s
hape.tex
2026/01/25 5.13c tkz-lib-eu-shape.tex
)
(/home/kien-pham/.miktex/texmfs/install/tex/latex/tkz-euclide/obj/tkz-obj-eu-ax
esmin.tex
2026/01/25 5.13c tkz-obj-eu-axesmin
)
(/home/kien-pham/.miktex/texmfs/install/tex/latex/tkz-euclide/tools/tkz-tools-e
u-colors.tex
2026/01/25 5.13c tkz-tools-eu-colors
)
(/home/kien-pham/.miktex/texmfs/install/tex/latex/tkz-euclide/obj/tkz-obj-eu-po
ints.tex
2026/01/25 5.13c tkz-obj-eu-points.tex
)
(/home/kien-pham/.miktex/texmfs/install/tex/latex/tkz-euclide/drawings/tkz-draw
-eu-points.tex
2026/01/25 5.13c tkz-draw-eu-points.tex
)
(/home/kien-pham/.miktex/texmfs/install/tex/latex/tkz-euclide/obj/tkz-obj-eu-po
ints.tex
2026/01/25 5.13c tkz-obj-eu-points.tex
)
(/home/kien-pham/.miktex/texmfs/install/tex/latex/tkz-euclide/obj/tkz-obj-eu-po
ints-by.tex
2026/01/25 5.13c tkz-tools-eu-points-by.tex
)
(/home/kien-pham/.miktex/texmfs/install/tex/latex/tkz-euclide/tools/tkz-tools-e
u-math.tex
2026/01/25 5.13c tkz-tools-eu-math.tex
)
(/home/kien-pham/.miktex/texmfs/install/tex/latex/tkz-euclide/tools/tkz-tools-e
u-intersections.tex
2026/01/25 5.13c tkz-tools-eu-intersections.tex
)
(/home/kien-pham/.miktex/texmfs/install/tex/latex/tkz-euclide/obj/tkz-obj-eu-po
ints-with.tex
2026/01/25 5.13c tkz-obj-eu-points-with.tex
)
(/home/kien-pham/.miktex/texmfs/install/tex/latex/tkz-euclide/obj/tkz-obj-eu-po
ints-spc.tex
2026/01/25 5.13c tkz-obj-el-points.tex
)
(/home/kien-pham/.miktex/texmfs/install/tex/latex/tkz-euclide/tools/tkz-tools-e
u-angles.tex
2026/01/25 5.13c tkz-tools-eu-angles.tex
)
(/home/kien-pham/.miktex/texmfs/install/tex/latex/tkz-euclide/obj/tkz-obj-eu-ci
rcles.tex
2026/01/25 5.13c tkz-obj-eu-circles.tex
)
(/home/kien-pham/.miktex/texmfs/install/tex/latex/tkz-euclide/obj/tkz-obj-eu-ci
rcles-by.tex
2026/01/25 5.13c tkz-obj-eu-circles.tex
)
(/home/kien-pham/.miktex/texmfs/install/tex/latex/tkz-euclide/obj/tkz-obj-eu-po
ints-rnd.tex
2026/01/25 5.13c tkz-obj-eu-points-rnd.tex
)
(/home/kien-pham/.miktex/texmfs/install/tex/latex/tkz-euclide/obj/tkz-obj-eu-li
nes.tex
2026/01/25 5.13c tkz-obj-eu-lines.tex
)
(/home/kien-pham/.miktex/texmfs/install/tex/latex/tkz-euclide/obj/tkz-obj-eu-po
lygons.tex
2026/01/25 5.13c tkz-obj-eu-polygons.tex
)
(/home/kien-pham/.miktex/texmfs/install/tex/latex/tkz-euclide/obj/tkz-obj-eu-tr
iangles.tex
2026/01/25 5.13c tkz-obj-eu-triangles.tex
)
(/home/kien-pham/.miktex/texmfs/install/tex/latex/tkz-euclide/drawings/tkz-draw
-eu-lines.tex
2026/01/25 5.13c tkz-obj-eu-draw-lines.tex
)
(/home/kien-pham/.miktex/texmfs/install/tex/latex/tkz-euclide/drawings/tkz-draw
-eu-circles.tex
2026/01/25 5.13c tkz-obj-eu-draw-circles.tex
)
(/home/kien-pham/.miktex/texmfs/install/tex/latex/tkz-euclide/drawings/tkz-draw
-eu-ellipses.tex
2026/01/25 5.13c tkz-obj-eu-draw-ellipses.tex
)
(/home/kien-pham/.miktex/texmfs/install/tex/latex/tkz-euclide/drawings/tkz-draw
-eu-polygons.tex
2026/01/25 5.13c tkz-obj-eu-polygons.tex
)
(/home/kien-pham/.miktex/texmfs/install/tex/latex/tkz-euclide/drawings/tkz-draw
-eu-arcs.tex
2026/01/25 5.13c tkz-tool-eu-arcs.tex
)
(/home/kien-pham/.miktex/texmfs/install/tex/latex/tkz-euclide/drawings/tkz-draw
-eu-angles.tex
2026/01/25 5.13c tkz-tool-eu-angles.tex
)
(/home/kien-pham/.miktex/texmfs/install/tex/latex/tkz-euclide/drawings/tkz-draw
-eu-sectors.tex
2026/01/25 5.13c tkz-obj-eu-sectors.tex
)
(/home/kien-pham/.miktex/texmfs/install/tex/latex/tkz-euclide/drawings/tkz-draw
-eu-compass.tex
2026/01/25 5.13c tkz-obj-eu-compass.tex
)
(/home/kien-pham/.miktex/texmfs/install/tex/latex/tkz-euclide/drawings/tkz-draw
-eu-show.tex
2026/01/25 5.13c tkz-obj-eu-show.tex
)
(/home/kien-pham/.miktex/texmfs/install/tex/latex/tkz-euclide/drawings/tkz-draw
-eu-protractor.tex
2026/01/25 5.13c tkz-obj-eu-protractor.tex
))
(/home/kien-pham/.miktex/texmfs/install/tex/generic/pgf/frontendlayer/tikz/libr
aries/tikzlibraryshapes.geometric.code.tex
File: tikzlibraryshapes.geometric.code.tex 2025-08-29 v3.1.11a (3.1.11a)

(/home/kien-pham/.miktex/texmfs/install/tex/generic/pgf/libraries/shapes/pgflib
raryshapes.geometric.code.tex
File: pgflibraryshapes.geometric.code.tex 2025-08-29 v3.1.11a (3.1.11a)
))
(/home/kien-pham/.miktex/texmfs/install/tex/latex/circuitikz/circuitikz.sty
Package: circuitikz 2026/05/24{} The CircuiTikz circuit drawing package version
 1.8.6

(/home/kien-pham/.miktex/texmfs/install/tex/generic/pgf/frontendlayer/tikz/libr
aries/tikzlibrarybending.code.tex
File: tikzlibrarybending.code.tex 2025-08-29 v3.1.11a (3.1.11a)

(/home/kien-pham/.miktex/texmfs/install/tex/generic/pgf/modules/pgfmodulebendin
g.code.tex
File: pgfmodulebending.code.tex 2025-08-29 v3.1.11a (3.1.11a)

(/home/kien-pham/.miktex/texmfs/install/tex/generic/pgf/modules/pgfmodulenonlin
eartransformations.code.tex
File: pgfmodulenonlineartransformations.code.tex 2025-08-29 v3.1.11a (3.1.11a)
\pgftransformnonlinearflatness=\dimen385
)
(/home/kien-pham/.miktex/texmfs/install/tex/generic/pgf/libraries/pgflibrarycur
vilinear.code.tex
File: pgflibrarycurvilinear.code.tex 2025-08-29 v3.1.11a (3.1.11a)
\pgf@curvilinear@time@a=\dimen386
\pgf@curvilinear@length@a=\dimen387
\pgf@curvilinear@length@b=\dimen388
\pgf@curvilinear@length@c=\dimen389
\pgf@curvilinear@length@d=\dimen390
)
\pgf@arrows@the@rigidity=\dimen391
))
(/home/kien-pham/.miktex/texmfs/install/tex/generic/circuitikz/pgfcirc.defines.
tex
\pgf@circ@count@a=\count554
\pgf@circ@count@b=\count555
\pgf@circ@count@c=\count556
\pgf@circ@res@up=\dimen392
\pgf@circ@res@down=\dimen393
\pgf@circ@res@zero=\dimen394
\pgf@circ@res@left=\dimen395
\pgf@circ@res@right=\dimen396
\pgf@circ@res@other=\dimen397
\pgf@circ@res@step=\dimen398
\pgf@circ@res@temp=\dimen399
\pgf@circ@Rlen=\dimen400
\pgf@circ@scaled@Rlen=\dimen401
\pgfstartlinewidth=\dimen402
)
(/home/kien-pham/.miktex/texmfs/install/tex/generic/circuitikz/pgfcircutils.tex
\ctikz@scratchbox=\box108
)
(/home/kien-pham/.miktex/texmfs/install/tex/generic/circuitikz/pgfcircpath.tex
\ctikz@vif@count=\count557
)
(/home/kien-pham/.miktex/texmfs/install/tex/generic/circuitikz/pgfcircshapes.te
x)
(/home/kien-pham/.miktex/texmfs/install/tex/generic/circuitikz/pgfcircmonopoles
.tex)
(/home/kien-pham/.miktex/texmfs/install/tex/generic/circuitikz/pgfcircbipoles.t
ex)
(/home/kien-pham/.miktex/texmfs/install/tex/generic/circuitikz/pgfcirctripoles.
tex
\pgf@circ@res@count=\count558
)
(/home/kien-pham/.miktex/texmfs/install/tex/generic/circuitikz/pgfcircquadpoles
.tex)
(/home/kien-pham/.miktex/texmfs/install/tex/generic/circuitikz/pgfcircmultipole
s.tex)
(/home/kien-pham/.miktex/texmfs/install/tex/generic/circuitikz/pgfcirclabel.tex
)
(/home/kien-pham/.miktex/texmfs/install/tex/generic/circuitikz/pgfcircvoltage.t
ex
\pgfcirc@labelshift=\dimen403
)
(/home/kien-pham/.miktex/texmfs/install/tex/generic/circuitikz/pgfcirccurrent.t
ex)
(/home/kien-pham/.miktex/texmfs/install/tex/generic/circuitikz/pgfcircflow.tex)
) (/home/kien-pham/.miktex/texmfs/install/tex/latex/chemfig/chemfig.sty
(/home/kien-pham/.miktex/texmfs/install/tex/generic/chemfig/chemfig.tex
(/home/kien-pham/.miktex/texmfs/install/tex/generic/simplekv/simplekv.tex
Package: simplekv 2025/06/15 v0.32 Simple keyval package (CT)
)
\CF_cnt_atomgroup=\count559
\CF_cnt_group=\count560
\CF_cnt_atom=\count561
\CF_cnt_cycle=\count562
\CF_cnt_cyclebonds=\count563
\CF_cnt_compound=\count564
\CF_dim=\dimen404
\CF_turnangle=\dimen405
\CF_arrowsize=\dimen406
\CF_zero=\dimen407
\CF_box=\box109
\CF_boxstuff=\box110
\CF_testbox=\box111
\CF_chargebox=\box112
\CF_substtoks=\toks68
\CF_harrow_boxup=\box113
\CF_harrow_boxdown=\box114
\CF_hreact_cnt=\count565
)
Package: chemfig 2025/10/30 v1.71 Draw molecule with an easy syntax (CT)
)
(/home/kien-pham/.miktex/texmfs/install/tex/latex/blindtext/blindtext.sty
Package: blindtext 2012/01/06 V2.0 blindtext-Package

(/home/kien-pham/.miktex/texmfs/install/tex/latex/tools/xspace.sty
Package: xspace 2014/10/28 v1.13 Space after command names (DPC,MH)
)
\c@blindtext=\count566
\c@Blindtext=\count567
\c@blind@countparstart=\count568
\blind@countxx=\count569
\blindtext@numBlindtext=\count570
\blind@countyy=\count571
\c@blindlist=\count572
\c@blindlistlevel=\count573
\c@blindlist@level=\count574
\blind@listitem=\count575
\c@blind@listcount=\count576
\c@blind@levelcount=\count577
\blind@mathformula=\count578
\blind@Mathformula=\count579
\c@blind@randomcount=\count580
\c@blind@randommax=\count581
\c@blind@pangramcount=\count582
\c@blind@pangrammax=\count583
)
\c@definition=\count584

(parameters.tex)
Package hyperref Info: Option `hypertexnames' set `false' on input line 262.
Package hyperref Info: Option `colorlinks' set `true' on input line 262.

Package siunitx Info: Option "per-mode = symbol-or-fraction" has been
(siunitx)             deprecated in this release.
(siunitx)             
(siunitx)             Use "display-per-mode = fraction, inline-per-mode =
(siunitx)             symbol" as a replacement.


Package siunitx Info: Option "per-mode = symbol-or-fraction" has been
(siunitx)             deprecated in this release.
(siunitx)             
(siunitx)             Use "display-per-mode = fraction, inline-per-mode =
(siunitx)             symbol" as a replacement.

)
Package csquotes Info: Checking for multilingual support...
Package csquotes Info: ... found 'babel' package.
LaTeX Font Info:    Trying to load font information for T1+lmr on input line 9.

 (/home/kien-pham/.miktex/texmfs/install/tex/latex/lm/t1lmr.fd
File: t1lmr.fd 2015/05/01 v1.6.1 Font defs for Latin Modern
) (AAmain.aux (pages/frontpage.aux)
Package babel Info: 'ngerman' activates 'german' shorthands.
(babel)             Reported on input line 12.
 (pages/supervisors.aux)
(chapters/chap-1-introduction/introduction.aux)
(chapters/chap-2-theory/chapter-02.aux)
(chapters/chap-3-fabrication/chapter-03.aux)
(chapters/chap-4-experiment/chapter-04.aux)
(chapters/chap-5-conclusion/conclusion.aux) (appendix/appendix.aux)
(pages/declaration-of-authorship.aux))
\openout1 = `AAmain.aux'.

LaTeX Font Info:    Checking defaults for OML/cmm/m/it on input line 9.
LaTeX Font Info:    ... okay on input line 9.
LaTeX Font Info:    Checking defaults for OMS/cmsy/m/n on input line 9.
LaTeX Font Info:    ... okay on input line 9.
LaTeX Font Info:    Checking defaults for OT1/cmr/m/n on input line 9.
LaTeX Font Info:    ... okay on input line 9.
LaTeX Font Info:    Checking defaults for T1/cmr/m/n on input line 9.
LaTeX Font Info:    ... okay on input line 9.
LaTeX Font Info:    Checking defaults for TS1/cmr/m/n on input line 9.
LaTeX Font Info:    ... okay on input line 9.
LaTeX Font Info:    Checking defaults for OMX/cmex/m/n on input line 9.
LaTeX Font Info:    ... okay on input line 9.
LaTeX Font Info:    Checking defaults for U/cmr/m/n on input line 9.
LaTeX Font Info:    ... okay on input line 9.
LaTeX Font Info:    Checking defaults for PD1/pdf/m/n on input line 9.
LaTeX Font Info:    ... okay on input line 9.
LaTeX Font Info:    Checking defaults for PU/pdf/m/n on input line 9.
LaTeX Font Info:    ... okay on input line 9.
Package microtype Info: Patching varwidth to enable character protrusion.
\MT@vwid@leftmargin=\dimen408
\MT@vwid@rightmargin=\dimen409
LaTeX Info: Redefining \microtypecontext on input line 9.
Package microtype Info: Applying patch `item' on input line 9.
Package microtype Info: Applying patch `toc' on input line 9.
Package microtype Info: Applying patch `eqnum' on input line 9.
Package microtype Info: Applying patch `footnote' on input line 9.
Package microtype Info: Applying patch `verbatim' on input line 9.
LaTeX Info: Redefining \microtypesetup on input line 9.
Package microtype Info: Generating PDF output.
Package microtype Info: Character protrusion enabled (level 2).
Package microtype Info: Using default protrusion set `alltext'.
Package microtype Info: Automatic font expansion enabled (level 2),
(microtype)             stretch: 20, shrink: 20, step: 1, non-selected.
Package microtype Info: Using default expansion set `alltext-nott'.
Package microtype Info: Patching command `\showhyphens'.
Package microtype Info: No adjustment of tracking.
Package microtype Info: No adjustment of interword spacing.
Package microtype Info: No adjustment of character kerning.

(/home/kien-pham/.miktex/texmfs/install/tex/latex/microtype/mt-cmr.cfg
File: mt-cmr.cfg 2013/05/19 v2.2 microtype config. file: Computer Modern Roman 
(RS)
)
*geometry* driver: auto-detecting
*geometry* detected driver: pdftex
*geometry* verbose mode - [ preamble ] result:
* driver: pdftex
* paper: a4paper
* layout: <same size as paper>
* layoutoffset:(h,v)=(0.0pt,0.0pt)
* modes: twoside 
* h-part:(L,W,R)=(68.28644pt, 460.935pt, 68.28644pt)
* v-part:(T,H,B)=(71.13188pt, 702.78308pt, 71.13188pt)
* \paperwidth=597.50787pt
* \paperheight=845.04684pt
* \textwidth=460.935pt
* \textheight=702.78308pt
* \oddsidemargin=-3.98355pt
* \evensidemargin=-3.98355pt
* \topmargin=-36.0119pt
* \headheight=15.0pt
* \headsep=19.8738pt
* \topskip=12.0pt
* \footskip=30.0pt
* \marginparwidth=88.0pt
* \marginparsep=7.0pt
* \columnsep=10.0pt
* \skip\footins=10.8pt plus 4.0pt minus 2.0pt
* \hoffset=0.0pt
* \voffset=0.0pt
* \mag=1000
* \@twocolumnfalse
* \@twosidetrue
* \@mparswitchtrue
* \@reversemarginfalse
* (1in=72.27pt=25.4mm, 1cm=28.453pt)

Package biblatex Info: Trying to load language 'ngerman'...
Package biblatex Info: ... file 'ngerman.lbx' found.
(/home/kien-pham/.miktex/texmfs/install/tex/latex/biblatex/lbx/ngerman.lbx
File: ngerman.lbx 2025/07/10 v3.21 biblatex localization (PK/MW)
Package biblatex Info: Trying to load language 'german'...
Package biblatex Info: ... file 'german.lbx' found.

(/home/kien-pham/.miktex/texmfs/install/tex/latex/biblatex/lbx/german.lbx
File: german.lbx 2025/07/10 v3.21 biblatex localization (PK/MW)
)
Package biblatex Info: Trying to load language 'german'...
Package biblatex Info: ... file 'german.lbx' found.

(/home/kien-pham/.miktex/texmfs/install/tex/latex/biblatex/lbx/german.lbx
File: german.lbx 2025/07/10 v3.21 biblatex localization (PK/MW)
))
Package biblatex Info: Input encoding 'utf8' detected.
Package biblatex Info: Automatic encoding selection.
(biblatex)             Assuming data encoding 'utf8'.
\openout3 = `AAmain.bcf'.

Package biblatex Info: Trying to load bibliographic data...
Package biblatex Info: ... file 'AAmain.bbl' found.

(AAmain.bbl)
Package biblatex Info: Reference section=0 on input line 9.
Package biblatex Info: Reference segment=0 on input line 9.

(/home/kien-pham/.miktex/texmfs/install/tex/latex/ragged2e/ragged2e.sty
Package: ragged2e 2023/06/22 v3.6 ragged2e Package
\CenteringLeftskip=\skip115
\RaggedLeftLeftskip=\skip116
\RaggedRightLeftskip=\skip117
\CenteringRightskip=\skip118
\RaggedLeftRightskip=\skip119
\RaggedRightRightskip=\skip120
\CenteringParfillskip=\skip121
\RaggedLeftParfillskip=\skip122
\RaggedRightParfillskip=\skip123
\JustifyingParfillskip=\skip124
\CenteringParindent=\skip125
\RaggedLeftParindent=\skip126
\RaggedRightParindent=\skip127
\JustifyingParindent=\skip128
)
(/home/kien-pham/.miktex/texmfs/install/tex/latex/translations/dicts/translatio
ns-basic-dictionary-german.trsl
File: translations-basic-dictionary-german.trsl (german translation file `trans
lations-basic-dictionary')
)
Package translations Info: loading dictionary `translations-basic-dictionary' f
or `german'. on input line 9.

(/home/kien-pham/.miktex/texmfs/install/tex/context/base/mkii/supp-pdf.mkii
[Loading MPS to PDF converter (version 2006.09.02).]
\scratchcounter=\count585
\scratchdimen=\dimen410
\scratchbox=\box115
\nofMPsegments=\count586
\nofMParguments=\count587
\everyMPshowfont=\toks69
\MPscratchCnt=\count588
\MPscratchDim=\dimen411
\MPnumerator=\count589
\makeMPintoPDFobject=\count590
\everyMPtoPDFconversion=\toks70
)
(/home/kien-pham/.miktex/texmfs/install/tex/latex/epstopdf-pkg/epstopdf-base.st
y
Package: epstopdf-base 2020-01-24 v2.11 Base part for package epstopdf
 (/home/kien-pham/.miktex/texmfs/install/tex/latex/grfext/grfext.sty
Package: grfext 2019/12/03 v1.3 Manage graphics extensions (HO)
)
Package epstopdf-base Info: Redefining graphics rule for `.eps' on input line 4
85.
Package grfext Info: Graphics extension search list:
(grfext)             [.pdf,.png,.jpg,.mps,.jpeg,.jbig2,.jb2,.PDF,.PNG,.JPG,.JPE
G,.JBIG2,.JB2,.eps]
(grfext)             \AppendGraphicsExtensions on input line 504.

(/home/kien-pham/.miktex/texmfs/install/tex/latex/00miktex/epstopdf-sys.cfg
File: epstopdf-sys.cfg 2021/03/18 v2.0 Configuration of epstopdf for MiKTeX
))
\c@lstlisting=\count591

Package pgfplots notification 'compat/show suggested version=true': document ha
s been generated with the most recent feature set (\pgfplotsset{compat=1.18}).

Package caption Info: Begin \AtBeginDocument code.
Package caption Info: hyperref package is loaded.
Package caption Info: End \AtBeginDocument code.
Package hyperref Info: Link coloring ON on input line 9.
(AAmain.out) (AAmain.out)
\@outlinefile=\write6
\openout6 = `AAmain.out'.

Package babel Info: Main language set to 'ngerman'.
\openout2 = `pages/frontpage.aux'.

 (pages/frontpage.tex
LaTeX Font Info:    Trying to load font information for T1+lmss on input line 8
.

(/home/kien-pham/.miktex/texmfs/install/tex/latex/lm/t1lmss.fd
File: t1lmss.fd 2015/05/01 v1.6.1 Font defs for Latin Modern
)
Package microtype Info: Loading generic protrusion settings for font family
(microtype)             `lmss' (encoding: T1).
(microtype)             For optimal results, create family-specific settings.
(microtype)             See the microtype manual for details.
Package epstopdf Info: Source file: <figures/siegel.eps>
(epstopdf)                    date: 2026-07-07 12:50:24
(epstopdf)                    size: 167923 bytes
(epstopdf)             Output file: <figures/siegel-eps-converted-to.pdf>
(epstopdf)                    date: 2026-07-07 12:50:29
(epstopdf)                    size: 27398 bytes
(epstopdf)             Command: <miktex-epstopdf --outfile=figures/siegel-eps-c
onverted-to.pdf figures/siegel.eps>
(epstopdf)             \includegraphics on input line 28.
Package epstopdf Info: Output file is already uptodate.
<figures/siegel-eps-converted-to.pdf, id=258, 286.06876pt x 286.06876pt>
File: figures/siegel-eps-converted-to.pdf Graphic file (type pdf)
<use figures/siegel-eps-converted-to.pdf>
Package pdftex.def Info: figures/siegel-eps-converted-to.pdf  used on input lin
e 28.
(pdftex.def)             Requested size: 243.15959pt x 243.15959pt.
Package microtype Info: Character `029' is missing
(microtype)             in font `T1/lmr/m/sc/12'.
(microtype)             Ignoring protrusion settings for this character.
Package microtype Info: Character `029' is missing
(microtype)             in font `T1/lmr/m/sc/14.4'.
(microtype)             Ignoring protrusion settings for this character.
 [1




{/home/kien-pham/.miktex/texmfs/data/fonts/map/pdftex/pdftex.map}{/home/kien-ph
am/.miktex/texmfs/install/fonts/enc/dvips/lm/lm-ec.enc} <./figures/siegel-eps-c
onverted-to.pdf>]) [2



]
\openout2 = `pages/supervisors.aux'.

 (pages/supervisors.tex [3

]) (pages/abstract.tex
LaTeX Font Info:    Trying to load font information for OT1+lmr on input line 2
3.

(/home/kien-pham/.miktex/texmfs/install/tex/latex/lm/ot1lmr.fd
File: ot1lmr.fd 2015/05/01 v1.6.1 Font defs for Latin Modern
)
LaTeX Font Info:    Trying to load font information for OML+lmm on input line 2
3.

(/home/kien-pham/.miktex/texmfs/install/tex/latex/lm/omllmm.fd
File: omllmm.fd 2015/05/01 v1.6.1 Font defs for Latin Modern
)
LaTeX Font Info:    Trying to load font information for OMS+lmsy on input line 
23.

(/home/kien-pham/.miktex/texmfs/install/tex/latex/lm/omslmsy.fd
File: omslmsy.fd 2015/05/01 v1.6.1 Font defs for Latin Modern
)
LaTeX Font Info:    Trying to load font information for OMX+lmex on input line 
23.

(/home/kien-pham/.miktex/texmfs/install/tex/latex/lm/omxlmex.fd
File: omxlmex.fd 2015/05/01 v1.6.1 Font defs for Latin Modern
)
LaTeX Font Info:    External font `lmex10' loaded for size
(Font)              <12> on input line 23.
LaTeX Font Info:    External font `lmex10' loaded for size
(Font)              <8> on input line 23.
LaTeX Font Info:    External font `lmex10' loaded for size
(Font)              <6> on input line 23.
LaTeX Font Info:    Trying to load font information for U+msa on input line 23.


(/home/kien-pham/.miktex/texmfs/install/tex/latex/amsfonts/umsa.fd
File: umsa.fd 2013/01/14 v3.01 AMS symbols A
)
(/home/kien-pham/.miktex/texmfs/install/tex/latex/microtype/mt-msa.cfg
File: mt-msa.cfg 2006/02/04 v1.1 microtype config. file: AMS symbols (a) (RS)
)
LaTeX Font Info:    Trying to load font information for U+msb on input line 23.


(/home/kien-pham/.miktex/texmfs/install/tex/latex/amsfonts/umsb.fd
File: umsb.fd 2013/01/14 v3.01 AMS symbols B
)
(/home/kien-pham/.miktex/texmfs/install/tex/latex/microtype/mt-msb.cfg
File: mt-msb.cfg 2005/06/01 v1.0 microtype config. file: AMS symbols (b) (RS)
)
LaTeX Font Info:    Trying to load font information for U+rsfs on input line 23
.

(/home/kien-pham/.miktex/texmfs/install/tex/latex/jknappen/ursfs.fd
File: ursfs.fd 1998/03/24 rsfs font definition file (jk)
)
LaTeX Font Info:    Trying to load font information for U+wasy on input line 23
.

(/home/kien-pham/.miktex/texmfs/install/tex/latex/wasysym/uwasy.fd
File: uwasy.fd 2020/01/19 v2.4 Wasy-2 symbol font definitions
)) [4




{/home/kien-pham/.miktex/texmfs/install/fonts/enc/dvips/lm/lm-mathit.enc}{/home
/kien-pham/.miktex/texmfs/install/fonts/enc/dvips/lm/lm-mathsy.enc}{/home/kien-
pham/.miktex/texmfs/install/fonts/enc/dvips/lm/lm-rm.enc}] (AAmain.toc [5


])
\tf@toc=\write7
\openout7 = `AAmain.toc'.

 [6]
(AAmain.lof
Overfull \hbox (23.11342pt too wide) in paragraph at lines 4--4
 [][] [][][]\T1/lmr/m/n/12 (-20) Electron occupancy of allowed energy bands in 
metals, semimetals, semiconductors, 
 []

[7


])
\tf@lof=\write8
\openout8 = `AAmain.lof'.

 [8] (AAmain.lot)
\tf@lot=\write9
\openout9 = `AAmain.lot'.

 [9


]
\openout2 = `chapters/chap-1-introduction/introduction.aux'.

 (chapters/chap-1-introduction/introduction.tex
Kapitel 1.
(chapters/chap-1-introduction/sec-1.tex) [1



]
(chapters/chap-1-introduction/sec-2.tex)
(chapters/chap-1-introduction/sec-3.tex
Package babel Info: 'ngerman' activates 'german' shorthands.
(babel)             Reported on input line 11.
 [2])) [3]
\openout2 = `chapters/chap-2-theory/chapter-02.aux'.


(chapters/chap-2-theory/chapter-02.tex
Kapitel 2.
(chapters/chap-2-theory/sec-1.tex [4




{/home/kien-pham/.miktex/texmfs/install/fonts/enc/dvips/lm/lm-mathex.enc}]
<figures/band_diagram.pdf, id=509, 455.2441pt x 170.71654pt>
File: figures/band_diagram.pdf Graphic file (type pdf)
<use figures/band_diagram.pdf>
Package pdftex.def Info: figures/band_diagram.pdf  used on input line 70.
(pdftex.def)             Requested size: 455.24298pt x 170.71611pt.
 [5 <./figures/band_diagram.pdf>] [6]
Package epstopdf Info: Source file: <figures/intrinsic_density.eps>
(epstopdf)                    date: 2026-07-07 12:50:24
(epstopdf)                    size: 531295 bytes
(epstopdf)             Output file: <figures/intrinsic_density-eps-converted-to
.pdf>
(epstopdf)                    date: 2026-07-07 12:50:35
(epstopdf)                    size: 35178 bytes
(epstopdf)             Command: <miktex-epstopdf --outfile=figures/intrinsic_de
nsity-eps-converted-to.pdf figures/intrinsic_density.eps>
(epstopdf)             \includegraphics on input line 165.
Package epstopdf Info: Output file is already uptodate.
<figures/intrinsic_density-eps-converted-to.pdf, id=553, 171.64125pt x 227.8512
6pt>
File: figures/intrinsic_density-eps-converted-to.pdf Graphic file (type pdf)
<use figures/intrinsic_density-eps-converted-to.pdf>
Package pdftex.def Info: figures/intrinsic_density-eps-converted-to.pdf  used o
n input line 165.
(pdftex.def)             Requested size: 171.64081pt x 227.8507pt.
Package epstopdf Info: Source file: <figures/doped_density.eps>
(epstopdf)                    date: 2026-07-07 12:50:24
(epstopdf)                    size: 510672 bytes
(epstopdf)             Output file: <figures/doped_density-eps-converted-to.pdf
>
(epstopdf)                    date: 2026-07-07 12:50:37
(epstopdf)                    size: 35106 bytes
(epstopdf)             Command: <miktex-epstopdf --outfile=figures/doped_densit
y-eps-converted-to.pdf figures/doped_density.eps>
(epstopdf)             \includegraphics on input line 166.
Package epstopdf Info: Output file is already uptodate.
<figures/doped_density-eps-converted-to.pdf, id=554, 171.64125pt x 227.85126pt>

File: figures/doped_density-eps-converted-to.pdf Graphic file (type pdf)
<use figures/doped_density-eps-converted-to.pdf>
Package pdftex.def Info: figures/doped_density-eps-converted-to.pdf  used on in
put line 166.
(pdftex.def)             Requested size: 171.64081pt x 227.8507pt.
 [7 <./figures/intrinsic_density-eps-converted-to.pdf> <./figures/doped_density
-eps-converted-to.pdf>] [8]
Package epstopdf Info: Source file: <figures/Schottky-before-contact.eps>
(epstopdf)                    date: 2026-07-07 12:50:24
(epstopdf)                    size: 218544 bytes
(epstopdf)             Output file: <figures/Schottky-before-contact-eps-conver
ted-to.pdf>
(epstopdf)                    date: 2026-07-07 12:50:38
(epstopdf)                    size: 8172 bytes
(epstopdf)             Command: <miktex-epstopdf --outfile=figures/Schottky-bef
ore-contact-eps-converted-to.pdf figures/Schottky-before-contact.eps>
(epstopdf)             \includegraphics on input line 272.
Package epstopdf Info: Output file is already uptodate.
<figures/Schottky-before-contact-eps-converted-to.pdf, id=606, 227.85126pt x 17
1.64125pt>
File: figures/Schottky-before-contact-eps-converted-to.pdf Graphic file (type p
df)
<use figures/Schottky-before-contact-eps-converted-to.pdf>
Package pdftex.def Info: figures/Schottky-before-contact-eps-converted-to.pdf  
used on input line 272.
(pdftex.def)             Requested size: 227.8507pt x 171.64081pt.
Package epstopdf Info: Source file: <figures/Schottky-after-contact.eps>
(epstopdf)                    date: 2026-07-07 12:50:24
(epstopdf)                    size: 228960 bytes
(epstopdf)             Output file: <figures/Schottky-after-contact-eps-convert
ed-to.pdf>
(epstopdf)                    date: 2026-07-07 12:50:39
(epstopdf)                    size: 10082 bytes
(epstopdf)             Command: <miktex-epstopdf --outfile=figures/Schottky-aft
er-contact-eps-converted-to.pdf figures/Schottky-after-contact.eps>
(epstopdf)             \includegraphics on input line 274.
Package epstopdf Info: Output file is already uptodate.
<figures/Schottky-after-contact-eps-converted-to.pdf, id=607, 227.85126pt x 171
.64125pt>
File: figures/Schottky-after-contact-eps-converted-to.pdf Graphic file (type pd
f)
<use figures/Schottky-after-contact-eps-converted-to.pdf>
Package pdftex.def Info: figures/Schottky-after-contact-eps-converted-to.pdf  u
sed on input line 274.
(pdftex.def)             Requested size: 227.8507pt x 171.64081pt.
 [9 <./figures/Schottky-before-contact-eps-converted-to.pdf> <./figures/Schottk
y-after-contact-eps-converted-to.pdf>]
Package epstopdf Info: Source file: <figures/schottky-00.eps>
(epstopdf)                    date: 2026-07-07 12:50:24
(epstopdf)                    size: 272325 bytes
(epstopdf)             Output file: <figures/schottky-00-eps-converted-to.pdf>
(epstopdf)                    date: 2026-07-07 12:50:41
(epstopdf)                    size: 19683 bytes
(epstopdf)             Command: <miktex-epstopdf --outfile=figures/schottky-00-
eps-converted-to.pdf figures/schottky-00.eps>
(epstopdf)             \includegraphics on input line 335.
Package epstopdf Info: Output file is already uptodate.
<figures/schottky-00-eps-converted-to.pdf, id=651, 227.85126pt x 171.64125pt>
File: figures/schottky-00-eps-converted-to.pdf Graphic file (type pdf)
<use figures/schottky-00-eps-converted-to.pdf>
Package pdftex.def Info: figures/schottky-00-eps-converted-to.pdf  used on inpu
t line 335.
(pdftex.def)             Requested size: 165.93687pt x 125.00372pt.
Package epstopdf Info: Source file: <figures/ohmic-00.eps>
(epstopdf)                    date: 2026-07-07 12:50:24
(epstopdf)                    size: 271086 bytes
(epstopdf)             Output file: <figures/ohmic-00-eps-converted-to.pdf>
(epstopdf)                    date: 2026-07-07 12:50:42
(epstopdf)                    size: 18417 bytes
(epstopdf)             Command: <miktex-epstopdf --outfile=figures/ohmic-00-eps
-converted-to.pdf figures/ohmic-00.eps>
(epstopdf)             \includegraphics on input line 335.
Package epstopdf Info: Output file is already uptodate.
<figures/ohmic-00-eps-converted-to.pdf, id=652, 227.85126pt x 171.64125pt>
File: figures/ohmic-00-eps-converted-to.pdf Graphic file (type pdf)
<use figures/ohmic-00-eps-converted-to.pdf>
Package pdftex.def Info: figures/ohmic-00-eps-converted-to.pdf  used on input l
ine 335.
(pdftex.def)             Requested size: 165.93687pt x 125.00372pt.
Package epstopdf Info: Source file: <figures/schottky-01.eps>
(epstopdf)                    date: 2026-07-07 12:50:24
(epstopdf)                    size: 280096 bytes
(epstopdf)             Output file: <figures/schottky-01-eps-converted-to.pdf>
(epstopdf)                    date: 2026-07-07 12:50:44
(epstopdf)                    size: 21729 bytes
(epstopdf)             Command: <miktex-epstopdf --outfile=figures/schottky-01-
eps-converted-to.pdf figures/schottky-01.eps>
(epstopdf)             \includegraphics on input line 335.
Package epstopdf Info: Output file is already uptodate.
<figures/schottky-01-eps-converted-to.pdf, id=653, 227.85126pt x 171.64125pt>
File: figures/schottky-01-eps-converted-to.pdf Graphic file (type pdf)
<use figures/schottky-01-eps-converted-to.pdf>
Package pdftex.def Info: figures/schottky-01-eps-converted-to.pdf  used on inpu
t line 335.
(pdftex.def)             Requested size: 165.93687pt x 125.00372pt.
Package epstopdf Info: Source file: <figures/ohmic-01.eps>
(epstopdf)                    date: 2026-07-07 12:50:24
(epstopdf)                    size: 271244 bytes
(epstopdf)             Output file: <figures/ohmic-01-eps-converted-to.pdf>
(epstopdf)                    date: 2026-07-07 12:50:46
(epstopdf)                    size: 18641 bytes
(epstopdf)             Command: <miktex-epstopdf --outfile=figures/ohmic-01-eps
-converted-to.pdf figures/ohmic-01.eps>
(epstopdf)             \includegraphics on input line 335.
Package epstopdf Info: Output file is already uptodate.
<figures/ohmic-01-eps-converted-to.pdf, id=654, 227.85126pt x 171.64125pt>
File: figures/ohmic-01-eps-converted-to.pdf Graphic file (type pdf)
<use figures/ohmic-01-eps-converted-to.pdf>
Package pdftex.def Info: figures/ohmic-01-eps-converted-to.pdf  used on input l
ine 335.
(pdftex.def)             Requested size: 165.93687pt x 125.00372pt.
Package epstopdf Info: Source file: <figures/schottky-02.eps>
(epstopdf)                    date: 2026-07-07 12:50:24
(epstopdf)                    size: 280299 bytes
(epstopdf)             Output file: <figures/schottky-02-eps-converted-to.pdf>
(epstopdf)                    date: 2026-07-07 12:50:48
(epstopdf)                    size: 21813 bytes
(epstopdf)             Command: <miktex-epstopdf --outfile=figures/schottky-02-
eps-converted-to.pdf figures/schottky-02.eps>
(epstopdf)             \includegraphics on input line 335.
Package epstopdf Info: Output file is already uptodate.
<figures/schottky-02-eps-converted-to.pdf, id=655, 227.85126pt x 171.64125pt>
File: figures/schottky-02-eps-converted-to.pdf Graphic file (type pdf)
<use figures/schottky-02-eps-converted-to.pdf>
Package pdftex.def Info: figures/schottky-02-eps-converted-to.pdf  used on inpu
t line 335.
(pdftex.def)             Requested size: 165.93687pt x 125.00372pt.
Package epstopdf Info: Source file: <figures/ohmic-02.eps>
(epstopdf)                    date: 2026-07-07 12:50:24
(epstopdf)                    size: 271139 bytes
(epstopdf)             Output file: <figures/ohmic-02-eps-converted-to.pdf>
(epstopdf)                    date: 2026-07-07 12:50:49
(epstopdf)                    size: 18573 bytes
(epstopdf)             Command: <miktex-epstopdf --outfile=figures/ohmic-02-eps
-converted-to.pdf figures/ohmic-02.eps>
(epstopdf)             \includegraphics on input line 335.
Package epstopdf Info: Output file is already uptodate.
<figures/ohmic-02-eps-converted-to.pdf, id=656, 227.85126pt x 171.64125pt>
File: figures/ohmic-02-eps-converted-to.pdf Graphic file (type pdf)
<use figures/ohmic-02-eps-converted-to.pdf>
Package pdftex.def Info: figures/ohmic-02-eps-converted-to.pdf  used on input l
ine 335.
(pdftex.def)             Requested size: 165.93687pt x 125.00372pt.
 [10 <./figures/schottky-00-eps-converted-to.pdf> <./figures/ohmic-00-eps-conve
rted-to.pdf> <./figures/schottky-01-eps-converted-to.pdf> <./figures/ohmic-01-e
ps-converted-to.pdf> <./figures/schottky-02-eps-converted-to.pdf> <./figures/oh
mic-02-eps-converted-to.pdf>]) (chapters/chap-2-theory/sec-2.tex (figures/tikz/
C8BTBT.tex)
(figures/tikz/C12BTBT.tex) (figures/tikz/DNTT.tex) (figures/tikz/PhBTBT.tex)
Overfull \hbox (28.79063pt too wide) in paragraph at lines 40--50
\T1/lmr/m/n/12 (-20) electronic transport is governed by conjugated $\OML/lmm/m
/it/12 ^^Y$\T1/lmr/m/n/12 (-20) -electron systems. Unlike inorganic semiconduct
ors,
 []

[11] (figures/tikz/ethene-1.tex
LaTeX Font Info:    External font `lmex10' loaded for size
(Font)              <17.28> on input line 105.
LaTeX Font Info:    External font `lmex10' loaded for size
(Font)              <10> on input line 105.
) (figures/tikz/ethene-2.tex) [12] [13] [14]
Package epstopdf Info: Source file: <figures/temp-dependence.eps>
(epstopdf)                    date: 2026-07-07 12:50:24
(epstopdf)                    size: 263220 bytes
(epstopdf)             Output file: <figures/temp-dependence-eps-converted-to.p
df>
(epstopdf)                    date: 2026-07-07 12:50:52
(epstopdf)                    size: 12627 bytes
(epstopdf)             Command: <miktex-epstopdf --outfile=figures/temp-depende
nce-eps-converted-to.pdf figures/temp-dependence.eps>
(epstopdf)             \includegraphics on input line 270.
Package epstopdf Info: Output file is already uptodate.
<figures/temp-dependence-eps-converted-to.pdf, id=808, 285.065pt x 171.64125pt>

File: figures/temp-dependence-eps-converted-to.pdf Graphic file (type pdf)
<use figures/temp-dependence-eps-converted-to.pdf>
Package pdftex.def Info: figures/temp-dependence-eps-converted-to.pdf  used on 
input line 270.
(pdftex.def)             Requested size: 285.0643pt x 171.64081pt.
)
(chapters/chap-2-theory/sec-3.tex [15 <./figures/temp-dependence-eps-converted-
to.pdf>] (figures/tikz/oFET-side-sub.tex) (figures/tikz/oFET-side-linear-1.tex)
(figures/tikz/oFET-side-linear-2.tex) (figures/tikz/oFET-side-saturated.tex)
[16] [17]
Package epstopdf Info: Source file: <figures/Transfer.eps>
(epstopdf)                    date: 2026-07-07 12:50:24
(epstopdf)                    size: 259016 bytes
(epstopdf)             Output file: <figures/Transfer-eps-converted-to.pdf>
(epstopdf)                    date: 2026-07-07 12:50:54
(epstopdf)                    size: 13353 bytes
(epstopdf)             Command: <miktex-epstopdf --outfile=figures/Transfer-eps
-converted-to.pdf figures/Transfer.eps>
(epstopdf)             \includegraphics on input line 194.
Package epstopdf Info: Output file is already uptodate.
<figures/Transfer-eps-converted-to.pdf, id=876, 578.16pt x 433.62pt>
File: figures/Transfer-eps-converted-to.pdf Graphic file (type pdf)
<use figures/Transfer-eps-converted-to.pdf>
Package pdftex.def Info: figures/Transfer-eps-converted-to.pdf  used on input l
ine 194.
(pdftex.def)             Requested size: 228.16057pt x 171.11592pt.
Package epstopdf Info: Source file: <figures/Output.eps>
(epstopdf)                    date: 2026-07-07 12:50:24
(epstopdf)                    size: 295221 bytes
(epstopdf)             Output file: <figures/Output-eps-converted-to.pdf>
(epstopdf)                    date: 2026-07-07 12:50:56
(epstopdf)                    size: 19622 bytes
(epstopdf)             Command: <miktex-epstopdf --outfile=figures/Output-eps-c
onverted-to.pdf figures/Output.eps>
(epstopdf)             \includegraphics on input line 196.
Package epstopdf Info: Output file is already uptodate.
<figures/Output-eps-converted-to.pdf, id=877, 578.16pt x 433.62pt>
File: figures/Output-eps-converted-to.pdf Graphic file (type pdf)
<use figures/Output-eps-converted-to.pdf>
Package pdftex.def Info: figures/Output-eps-converted-to.pdf  used on input lin
e 196.
(pdftex.def)             Requested size: 228.16057pt x 171.11592pt.
 [18 <./figures/Transfer-eps-converted-to.pdf> <./figures/Output-eps-converted-
to.pdf>] (figures/tikz/circuit-FET-switch.tex) [19]
(figures/tikz/circuit-FET-amp.tex) [20]
Package epstopdf Info: Source file: <figures/theo-amp-transfer.eps>
(epstopdf)                    date: 2026-07-07 12:50:24
(epstopdf)                    size: 204116 bytes
(epstopdf)             Output file: <figures/theo-amp-transfer-eps-converted-to
.pdf>
(epstopdf)                    date: 2026-07-07 12:50:58
(epstopdf)                    size: 9026 bytes
(epstopdf)             Command: <miktex-epstopdf --outfile=figures/theo-amp-tra
nsfer-eps-converted-to.pdf figures/theo-amp-transfer.eps>
(epstopdf)             \includegraphics on input line 386.
Package epstopdf Info: Output file is already uptodate.
<figures/theo-amp-transfer-eps-converted-to.pdf, id=954, 227.85126pt x 171.6412
5pt>
File: figures/theo-amp-transfer-eps-converted-to.pdf Graphic file (type pdf)
<use figures/theo-amp-transfer-eps-converted-to.pdf>
Package pdftex.def Info: figures/theo-amp-transfer-eps-converted-to.pdf  used o
n input line 386.
(pdftex.def)             Requested size: 221.24683pt x 166.66988pt.
Package epstopdf Info: Source file: <figures/theo-amp-gain.eps>
(epstopdf)                    date: 2026-07-07 12:50:24
(epstopdf)                    size: 226336 bytes
(epstopdf)             Output file: <figures/theo-amp-gain-eps-converted-to.pdf
>
(epstopdf)                    date: 2026-07-07 12:50:59
(epstopdf)                    size: 9895 bytes
(epstopdf)             Command: <miktex-epstopdf --outfile=figures/theo-amp-gai
n-eps-converted-to.pdf figures/theo-amp-gain.eps>
(epstopdf)             \includegraphics on input line 388.
Package epstopdf Info: Output file is already uptodate.
<figures/theo-amp-gain-eps-converted-to.pdf, id=955, 227.85126pt x 171.64125pt>

File: figures/theo-amp-gain-eps-converted-to.pdf Graphic file (type pdf)
<use figures/theo-amp-gain-eps-converted-to.pdf>
Package pdftex.def Info: figures/theo-amp-gain-eps-converted-to.pdf  used on in
put line 388.
(pdftex.def)             Requested size: 221.24683pt x 166.66988pt.
) (chapters/chap-2-theory/sec-4.tex
[21 <./figures/theo-amp-transfer-eps-converted-to.pdf> <./figures/theo-amp-gain
-eps-converted-to.pdf>] (figures/tikz/classical-vdP.tex
<figures/classical-vdP.pdf, id=985, 199.1693pt x 142.26378pt>
File: figures/classical-vdP.pdf Graphic file (type pdf)
<use figures/classical-vdP.pdf>
Package pdftex.def Info: figures/classical-vdP.pdf  used on input line 3.
(pdftex.def)             Requested size: 199.16928pt x 142.27211pt.
) [22 <./figures/classical-vdP.pdf>]
<figures/gvdP-simulation.pdf, id=1017, 455.2441pt x 199.1693pt>
File: figures/gvdP-simulation.pdf Graphic file (type pdf)
<use figures/gvdP-simulation.pdf>
Package pdftex.def Info: figures/gvdP-simulation.pdf  used on input line 134.
(pdftex.def)             Requested size: 405.62505pt x 177.46979pt.
 [23] [24 <./figures/gvdP-simulation.pdf>]
LaTeX Font Info:    Trying to load font information for TS1+lmr on input line 2
54.

(/home/kien-pham/.miktex/texmfs/install/tex/latex/lm/ts1lmr.fd
File: ts1lmr.fd 2015/05/01 v1.6.1 Font defs for Latin Modern
) [25{/home/kien-pham/.miktex/texmfs/install/fonts/enc/dvips/lm/lm-ts1.enc}])) 
[26]
\openout2 = `chapters/chap-3-fabrication/chapter-03.aux'.


(chapters/chap-3-fabrication/chapter-03.tex
Kapitel 3.
(chapters/chap-3-fabrication/sec-1.tex (figures/tikz/oFET-layers.tex)
(figures/tikz/oFET.tex) (figures/tikz/oFET-3D.tex) [27




] [28])
(chapters/chap-3-fabrication/sec-2.tex
<figures/PVD-layout.png, id=1100, 841.64438pt x 538.01pt>
File: figures/PVD-layout.png Graphic file (type png)
<use figures/PVD-layout.png>
Package pdftex.def Info: figures/PVD-layout.png  used on input line 13.
(pdftex.def)             Requested size: 299.60493pt x 191.51617pt.
 [29]
<figures/PaN-CVD.png, id=1108, 1299.85625pt x 297.11pt>
File: figures/PaN-CVD.png Graphic file (type png)
<use figures/PaN-CVD.png>
Package pdftex.def Info: figures/PaN-CVD.png  used on input line 31.
(pdftex.def)             Requested size: 299.60493pt x 68.47893pt.
<figures/CVD-layout.png, id=1111, 595.22375pt x 652.4375pt>
File: figures/CVD-layout.png Graphic file (type png)
<use figures/CVD-layout.png>
Package pdftex.def Info: figures/CVD-layout.png  used on input line 38.
(pdftex.def)             Requested size: 276.5638pt x 303.14137pt.
 [30 <./figures/PVD-layout.png> <./figures/PaN-CVD.png>]
<figures/spincoating-layout.png, id=1118, 961.09062pt x 608.2725pt>
File: figures/spincoating-layout.png Graphic file (type png)
<use figures/spincoating-layout.png>
Package pdftex.def Info: figures/spincoating-layout.png  used on input line 54.

(pdftex.def)             Requested size: 276.5638pt x 175.03941pt.
) (chapters/chap-3-fabrication/sec-3.tex [31 <./figures/CVD-layout.png>]
<figures/good-device.jpg, id=1128, 448.67625pt x 449.68pt>
File: figures/good-device.jpg Graphic file (type jpg)
<use figures/good-device.jpg>
Package pdftex.def Info: figures/good-device.jpg  used on input line 6.
(pdftex.def)             Requested size: 448.67516pt x 449.6789pt.
<figures/bad-device.jpg, id=1129, 456.70625pt x 459.7175pt>
File: figures/bad-device.jpg Graphic file (type jpg)
<use figures/bad-device.jpg>
Package pdftex.def Info: figures/bad-device.jpg  used on input line 8.
(pdftex.def)             Requested size: 456.70512pt x 459.71637pt.
)) [32 <./figures/spincoating-layout.png> <./figures/good-device.jpg> <./figure
s/bad-device.jpg>]
\openout2 = `chapters/chap-4-experiment/chapter-04.aux'.

 (chapters/chap-4-experiment/chapter-04.tex
Kapitel 4.
(chapters/chap-4-experiment/sec-1.tex (figures/tikz/circuit-IV.tex) [33




]
Package epstopdf Info: Source file: <figures/leakage_PS9.eps>
(epstopdf)                    date: 2026-07-07 12:50:24
(epstopdf)                    size: 230061 bytes
(epstopdf)             Output file: <figures/leakage_PS9-eps-converted-to.pdf>
(epstopdf)                    date: 2026-07-07 12:51:03
(epstopdf)                    size: 10454 bytes
(epstopdf)             Command: <miktex-epstopdf --outfile=figures/leakage_PS9-
eps-converted-to.pdf figures/leakage_PS9.eps>
(epstopdf)             \includegraphics on input line 23.
Package epstopdf Info: Output file is already uptodate.
<figures/leakage_PS9-eps-converted-to.pdf, id=1152, 285.065pt x 171.64125pt>
File: figures/leakage_PS9-eps-converted-to.pdf Graphic file (type pdf)
<use figures/leakage_PS9-eps-converted-to.pdf>
Package pdftex.def Info: figures/leakage_PS9-eps-converted-to.pdf  used on inpu
t line 23.
(pdftex.def)             Requested size: 313.57246pt x 188.80592pt.
Package epstopdf Info: Source file: <figures/transfer_PS9.eps>
(epstopdf)                    date: 2026-07-07 12:50:24
(epstopdf)                    size: 250617 bytes
(epstopdf)             Output file: <figures/transfer_PS9-eps-converted-to.pdf>

(epstopdf)                    date: 2026-07-07 12:51:04
(epstopdf)                    size: 14062 bytes
(epstopdf)             Command: <miktex-epstopdf --outfile=figures/transfer_PS9
-eps-converted-to.pdf figures/transfer_PS9.eps>
(epstopdf)             \includegraphics on input line 35.
Package epstopdf Info: Output file is already uptodate.
<figures/transfer_PS9-eps-converted-to.pdf, id=1154, 285.065pt x 171.64125pt>
File: figures/transfer_PS9-eps-converted-to.pdf Graphic file (type pdf)
<use figures/transfer_PS9-eps-converted-to.pdf>
Package pdftex.def Info: figures/transfer_PS9-eps-converted-to.pdf  used on inp
ut line 35.
(pdftex.def)             Requested size: 313.57246pt x 188.80592pt.

[34 <./figures/leakage_PS9-eps-converted-to.pdf>]
Package epstopdf Info: Source file: <figures/resistance_PS9.eps>
(epstopdf)                    date: 2026-07-07 12:50:24
(epstopdf)                    size: 235554 bytes
(epstopdf)             Output file: <figures/resistance_PS9-eps-converted-to.pd
f>
(epstopdf)                    date: 2026-07-07 12:51:05
(epstopdf)                    size: 12653 bytes
(epstopdf)             Command: <miktex-epstopdf --outfile=figures/resistance_P
S9-eps-converted-to.pdf figures/resistance_PS9.eps>
(epstopdf)             \includegraphics on input line 46.
Package epstopdf Info: Output file is already uptodate.
<figures/resistance_PS9-eps-converted-to.pdf, id=1178, 285.065pt x 171.64125pt>

File: figures/resistance_PS9-eps-converted-to.pdf Graphic file (type pdf)
<use figures/resistance_PS9-eps-converted-to.pdf>
Package pdftex.def Info: figures/resistance_PS9-eps-converted-to.pdf  used on i
nput line 46.
(pdftex.def)             Requested size: 313.57246pt x 188.80592pt.
Package epstopdf Info: Source file: <figures/output_PS9.eps>
(epstopdf)                    date: 2026-07-07 12:50:24
(epstopdf)                    size: 249163 bytes
(epstopdf)             Output file: <figures/output_PS9-eps-converted-to.pdf>
(epstopdf)                    date: 2026-07-07 12:51:07
(epstopdf)                    size: 13329 bytes
(epstopdf)             Command: <miktex-epstopdf --outfile=figures/output_PS9-e
ps-converted-to.pdf figures/output_PS9.eps>
(epstopdf)             \includegraphics on input line 59.
Package epstopdf Info: Output file is already uptodate.
<figures/output_PS9-eps-converted-to.pdf, id=1183, 285.065pt x 171.64125pt>
File: figures/output_PS9-eps-converted-to.pdf Graphic file (type pdf)
<use figures/output_PS9-eps-converted-to.pdf>
Package pdftex.def Info: figures/output_PS9-eps-converted-to.pdf  used on input
 line 59.
(pdftex.def)             Requested size: 313.57246pt x 188.80592pt.
 [35 <./figures/transfer_PS9-eps-converted-to.pdf>] [36 <./figures/resistance_P
S9-eps-converted-to.pdf> <./figures/output_PS9-eps-converted-to.pdf>]) (chapter
s/chap-4-experiment/sec-2.tex
(figures/tikz/circuit-gvdP.tex) [37]
Package epstopdf Info: Source file: <figures/gvdP.eps>
(epstopdf)                    date: 2026-07-07 12:50:24
(epstopdf)                    size: 332102 bytes
(epstopdf)             Output file: <figures/gvdP-eps-converted-to.pdf>
(epstopdf)                    date: 2026-07-07 12:51:09
(epstopdf)                    size: 25200 bytes
(epstopdf)             Command: <miktex-epstopdf --outfile=figures/gvdP-eps-con
verted-to.pdf figures/gvdP.eps>
(epstopdf)             \includegraphics on input line 38.
Package epstopdf Info: Output file is already uptodate.
<figures/gvdP-eps-converted-to.pdf, id=1254, 469.755pt x 397.485pt>
File: figures/gvdP-eps-converted-to.pdf Graphic file (type pdf)
<use figures/gvdP-eps-converted-to.pdf>
Package pdftex.def Info: figures/gvdP-eps-converted-to.pdf  used on input line 
38.
(pdftex.def)             Requested size: 460.935pt x 390.02391pt.
 [38 <./figures/gvdP-eps-converted-to.pdf>] [39]
Package epstopdf Info: Source file: <figures/resistance.eps>
(epstopdf)                    date: 2026-07-07 12:50:24
(epstopdf)                    size: 244129 bytes
(epstopdf)             Output file: <figures/resistance-eps-converted-to.pdf>
(epstopdf)                    date: 2026-07-07 12:51:10
(epstopdf)                    size: 12620 bytes
(epstopdf)             Command: <miktex-epstopdf --outfile=figures/resistance-e
ps-converted-to.pdf figures/resistance.eps>
(epstopdf)             \includegraphics on input line 135.
Package epstopdf Info: Output file is already uptodate.
<figures/resistance-eps-converted-to.pdf, id=1299, 285.065pt x 171.64125pt>
File: figures/resistance-eps-converted-to.pdf Graphic file (type pdf)
<use figures/resistance-eps-converted-to.pdf>
Package pdftex.def Info: figures/resistance-eps-converted-to.pdf  used on input
 line 135.
(pdftex.def)             Requested size: 313.57246pt x 188.80592pt.
) (chapters/chap-4-experiment/sec-3.tex [40 <./figures/resistance-eps-converted
-to.pdf>] (figures/tikz/circuit-DTLS.tex)
Package epstopdf Info: Source file: <figures/DLTS-waveform.eps>
(epstopdf)                    date: 2026-07-07 12:50:24
(epstopdf)                    size: 207471 bytes
(epstopdf)             Output file: <figures/DLTS-waveform-eps-converted-to.pdf
>
(epstopdf)                    date: 2026-07-07 12:51:12
(epstopdf)                    size: 10191 bytes
(epstopdf)             Command: <miktex-epstopdf --outfile=figures/DLTS-wavefor
m-eps-converted-to.pdf figures/DLTS-waveform.eps>
(epstopdf)             \includegraphics on input line 29.
Package epstopdf Info: Output file is already uptodate.
<figures/DLTS-waveform-eps-converted-to.pdf, id=1325, 227.85126pt x 171.64125pt
>
File: figures/DLTS-waveform-eps-converted-to.pdf Graphic file (type pdf)
<use figures/DLTS-waveform-eps-converted-to.pdf>
Package pdftex.def Info: figures/DLTS-waveform-eps-converted-to.pdf  used on in
put line 29.
(pdftex.def)             Requested size: 227.8507pt x 171.64081pt.
Package epstopdf Info: Source file: <figures/snippet-single.eps>
(epstopdf)                    date: 2026-07-07 12:50:24
(epstopdf)                    size: 219641 bytes
(epstopdf)             Output file: <figures/snippet-single-eps-converted-to.pd
f>
(epstopdf)                    date: 2026-07-07 12:51:13
(epstopdf)                    size: 11562 bytes
(epstopdf)             Command: <miktex-epstopdf --outfile=figures/snippet-sing
le-eps-converted-to.pdf figures/snippet-single.eps>
(epstopdf)             \includegraphics on input line 30.
Package epstopdf Info: Output file is already uptodate.
<figures/snippet-single-eps-converted-to.pdf, id=1326, 227.85126pt x 171.64125p
t>
File: figures/snippet-single-eps-converted-to.pdf Graphic file (type pdf)
<use figures/snippet-single-eps-converted-to.pdf>
Package pdftex.def Info: figures/snippet-single-eps-converted-to.pdf  used on i
nput line 30.
(pdftex.def)             Requested size: 227.8507pt x 171.64081pt.
 [41] [42 <./figures/DLTS-waveform-eps-converted-to.pdf> <./figures/snippet-sin
gle-eps-converted-to.pdf>]
Package epstopdf Info: Source file: <figures/snippet-full.eps>
(epstopdf)                    date: 2026-07-07 12:50:24
(epstopdf)                    size: 225867 bytes
(epstopdf)             Output file: <figures/snippet-full-eps-converted-to.pdf>

(epstopdf)                    date: 2026-07-07 12:51:15
(epstopdf)                    size: 13661 bytes
(epstopdf)             Command: <miktex-epstopdf --outfile=figures/snippet-full
-eps-converted-to.pdf figures/snippet-full.eps>
(epstopdf)             \includegraphics on input line 45.
Package epstopdf Info: Output file is already uptodate.
<figures/snippet-full-eps-converted-to.pdf, id=1361, 285.065pt x 171.64125pt>
File: figures/snippet-full-eps-converted-to.pdf Graphic file (type pdf)
<use figures/snippet-full-eps-converted-to.pdf>
Package pdftex.def Info: figures/snippet-full-eps-converted-to.pdf  used on inp
ut line 45.
(pdftex.def)             Requested size: 313.57246pt x 188.80592pt.

(figures/tikz/circuit-Amp.tex) [43 <./figures/snippet-full-eps-converted-to.pdf
>] [44]
Package epstopdf Info: Source file: <figures/oFET-transfer.eps>
(epstopdf)                    date: 2026-07-07 12:50:24
(epstopdf)                    size: 247289 bytes
(epstopdf)             Output file: <figures/oFET-transfer-eps-converted-to.pdf
>
(epstopdf)                    date: 2026-07-07 12:51:17
(epstopdf)                    size: 13987 bytes
(epstopdf)             Command: <miktex-epstopdf --outfile=figures/oFET-transfe
r-eps-converted-to.pdf figures/oFET-transfer.eps>
(epstopdf)             \includegraphics on input line 78.
Package epstopdf Info: Output file is already uptodate.
<figures/oFET-transfer-eps-converted-to.pdf, id=1391, 227.85126pt x 171.64125pt
>
File: figures/oFET-transfer-eps-converted-to.pdf Graphic file (type pdf)
<use figures/oFET-transfer-eps-converted-to.pdf>
Package pdftex.def Info: figures/oFET-transfer-eps-converted-to.pdf  used on in
put line 78.
(pdftex.def)             Requested size: 227.8507pt x 171.64081pt.
Package epstopdf Info: Source file: <figures/oFET-amp.eps>
(epstopdf)                    date: 2026-07-07 12:50:24
(epstopdf)                    size: 254986 bytes
(epstopdf)             Output file: <figures/oFET-amp-eps-converted-to.pdf>
(epstopdf)                    date: 2026-07-07 12:51:18
(epstopdf)                    size: 17536 bytes
(epstopdf)             Command: <miktex-epstopdf --outfile=figures/oFET-amp-eps
-converted-to.pdf figures/oFET-amp.eps>
(epstopdf)             \includegraphics on input line 79.
Package epstopdf Info: Output file is already uptodate.
<figures/oFET-amp-eps-converted-to.pdf, id=1392, 227.85126pt x 171.64125pt>
File: figures/oFET-amp-eps-converted-to.pdf Graphic file (type pdf)
<use figures/oFET-amp-eps-converted-to.pdf>
Package pdftex.def Info: figures/oFET-amp-eps-converted-to.pdf  used on input l
ine 79.
(pdftex.def)             Requested size: 227.8507pt x 171.64081pt.
Package epstopdf Info: Source file: <figures/amp-response-sin.eps>
(epstopdf)                    date: 2026-07-07 12:50:24
(epstopdf)                    size: 244289 bytes
(epstopdf)             Output file: <figures/amp-response-sin-eps-converted-to.
pdf>
(epstopdf)                    date: 2026-07-07 12:51:20
(epstopdf)                    size: 14957 bytes
(epstopdf)             Command: <miktex-epstopdf --outfile=figures/amp-response
-sin-eps-converted-to.pdf figures/amp-response-sin.eps>
(epstopdf)             \includegraphics on input line 87.
Package epstopdf Info: Output file is already uptodate.
<figures/amp-response-sin-eps-converted-to.pdf, id=1393, 227.85126pt x 171.6412
5pt>
File: figures/amp-response-sin-eps-converted-to.pdf Graphic file (type pdf)
<use figures/amp-response-sin-eps-converted-to.pdf>
Package pdftex.def Info: figures/amp-response-sin-eps-converted-to.pdf  used on
 input line 87.
(pdftex.def)             Requested size: 227.8507pt x 171.64081pt.
Package epstopdf Info: Source file: <figures/amp-response-square.eps>
(epstopdf)                    date: 2026-07-07 12:50:24
(epstopdf)                    size: 243841 bytes
(epstopdf)             Output file: <figures/amp-response-square-eps-converted-
to.pdf>
(epstopdf)                    date: 2026-07-07 12:51:21
(epstopdf)                    size: 13947 bytes
(epstopdf)             Command: <miktex-epstopdf --outfile=figures/amp-response
-square-eps-converted-to.pdf figures/amp-response-square.eps>
(epstopdf)             \includegraphics on input line 88.
Package epstopdf Info: Output file is already uptodate.
<figures/amp-response-square-eps-converted-to.pdf, id=1394, 227.85126pt x 171.6
4125pt>
File: figures/amp-response-square-eps-converted-to.pdf Graphic file (type pdf)
<use figures/amp-response-square-eps-converted-to.pdf>
Package pdftex.def Info: figures/amp-response-square-eps-converted-to.pdf  used
 on input line 88.
(pdftex.def)             Requested size: 227.8507pt x 171.64081pt.
)) [45 <./figures/oFET-transfer-eps-converted-to.pdf> <./figures/oFET-amp-eps-c
onverted-to.pdf> <./figures/amp-response-sin-eps-converted-to.pdf> <./figures/a
mp-response-square-eps-converted-to.pdf>]
\openout2 = `chapters/chap-5-conclusion/conclusion.aux'.


(chapters/chap-5-conclusion/conclusion.tex
Kapitel 5.
[46




]) [47]
\openout2 = `appendix/appendix.aux'.

 (appendix/appendix.tex
Anhang A.
[48




] [49]
Anhang B.
[50

] [51]
Anhang C.
[52

]) [53]
LaTeX Font Info:    Trying to load font information for T1+lmtt on input line 9
7.
 (/home/kien-pham/.miktex/texmfs/install/tex/latex/lm/t1lmtt.fd
File: t1lmtt.fd 2015/05/01 v1.6.1 Font defs for Latin Modern
)
Package microtype Info: Loading generic protrusion settings for font family
(microtype)             `lmtt' (encoding: T1).
(microtype)             For optimal results, create family-specific settings.
(microtype)             See the microtype manual for details.

[54




] [55] [56] (pages/acknowledgement.tex) [57



]
\openout2 = `pages/declaration-of-authorship.aux'.


(pages/declaration-of-authorship.tex) [58


] (AAmain.aux (pages/frontpage.aux)
(pages/supervisors.aux) (chapters/chap-1-introduction/introduction.aux)
(chapters/chap-2-theory/chapter-02.aux)
(chapters/chap-3-fabrication/chapter-03.aux)
(chapters/chap-4-experiment/chapter-04.aux)
(chapters/chap-5-conclusion/conclusion.aux) (appendix/appendix.aux)
(pages/declaration-of-authorship.aux))
 ***********
LaTeX2e <2026-06-01>
L3 programming layer <2020/03/25>
 ***********
Package rerunfilecheck Info: File `AAmain.out' has not changed.
(rerunfilecheck)             Checksum: 922B90E25E437C88EC101AF6BCA2E7EA;11839.
Package logreq Info: Writing requests to 'AAmain.run.xml'.
\openout1 = `AAmain.run.xml'.

 ) 
Here is how much of TeX's memory you used:
 92555 strings out of 469447
 2292518 string characters out of 5460487
 3538092 words of memory out of 5000000
 119462 multiletter control sequences out of 15000+600000
 742254 words of font info for 272 fonts, out of 8000000 for 9000
 2 hyphenation exceptions out of 8191
 121i,14n,124p,1216b,2943s stack positions out of 10000i,1000n,20000p,200000b,200000s
</home/kien-pham/.miktex/texmfs/install/fonts/type1/public/amsfonts/cm/cmss8.
pfb></home/kien-pham/.miktex/texmfs/install/fonts/type1/public/lm/lmbx10.pfb></
home/kien-pham/.miktex/texmfs/install/fonts/type1/public/lm/lmbx12.pfb></home/k
ien-pham/.miktex/texmfs/install/fonts/type1/public/lm/lmcsc10.pfb></home/kien-p
ham/.miktex/texmfs/install/fonts/type1/public/lm/lmex10.pfb></home/kien-pham/.m
iktex/texmfs/install/fonts/type1/public/lm/lmmi10.pfb></home/kien-pham/.miktex/
texmfs/install/fonts/type1/public/lm/lmmi12.pfb></home/kien-pham/.miktex/texmfs
/install/fonts/type1/public/lm/lmmi8.pfb></home/kien-pham/.miktex/texmfs/instal
l/fonts/type1/public/lm/lmr12.pfb></home/kien-pham/.miktex/texmfs/install/fonts
/type1/public/lm/lmr17.pfb></home/kien-pham/.miktex/texmfs/install/fonts/type1/
public/lm/lmr6.pfb></home/kien-pham/.miktex/texmfs/install/fonts/type1/public/l
m/lmr8.pfb></home/kien-pham/.miktex/texmfs/install/fonts/type1/public/lm/lmri12
.pfb></home/kien-pham/.miktex/texmfs/install/fonts/type1/public/lm/lmss10.pfb><
/home/kien-pham/.miktex/texmfs/install/fonts/type1/public/lm/lmss12.pfb></home/
kien-pham/.miktex/texmfs/install/fonts/type1/public/lm/lmss17.pfb></home/kien-p
ham/.miktex/texmfs/install/fonts/type1/public/lm/lmss8.pfb></home/kien-pham/.mi
ktex/texmfs/install/fonts/type1/public/lm/lmssbx10.pfb></home/kien-pham/.miktex
/texmfs/install/fonts/type1/public/lm/lmsso10.pfb></home/kien-pham/.miktex/texm
fs/install/fonts/type1/public/lm/lmsso12.pfb></home/kien-pham/.miktex/texmfs/in
stall/fonts/type1/public/lm/lmsso17.pfb></home/kien-pham/.miktex/texmfs/install
/fonts/type1/public/lm/lmsso8.pfb></home/kien-pham/.miktex/texmfs/install/fonts
/type1/public/lm/lmsy10.pfb></home/kien-pham/.miktex/texmfs/install/fonts/type1
/public/lm/lmsy6.pfb></home/kien-pham/.miktex/texmfs/install/fonts/type1/public
/lm/lmsy8.pfb></home/kien-pham/.miktex/texmfs/install/fonts/type1/public/lm/lmt
t12.pfb></home/kien-pham/.miktex/texmfs/install/fonts/type1/public/amsfonts/sym
bols/msam10.pfb>
Output written on AAmain.pdf (67 pages, 2182319 bytes).
PDF statistics:
 1772 PDF objects out of 2073 (max. 8388607)
 306 named destinations out of 1000 (max. 500000)
 68881 words of extra memory for PDF output out of 74296 (max. 10000000)

