This is pdfTeX, Version 3.141592653-2.6-1.40.29 (MiKTeX 26.5) (preloaded format=pdflatex 2026.7.1)  1 JUL 2026 10:06
entering extended mode
 restricted \write18 enabled.
 %&-line parsing enabled.
**./AAmain.tex
(AAmain.tex
LaTeX2e <2026-06-01>
L3 programming layer <2026-06-18>
(C:\Users\lugwi\AppData\Local\Programs\MiKTeX\tex/latex/base\book.cls
Document Class: book 2025/01/22 v1.4n Standard LaTeX document class
(C:\Users\lugwi\AppData\Local\Programs\MiKTeX\tex/latex/base\bk12.clo
File: bk12.clo 2025/01/22 v1.4n Standard LaTeX file (size option)
)
\c@part=\count276
\c@chapter=\count277
\c@section=\count278
\c@subsection=\count279
\c@subsubsection=\count280
\c@paragraph=\count281
\c@subparagraph=\count282
\c@figure=\count283
\c@table=\count284
\abovecaptionskip=\skip49
\belowcaptionskip=\skip50
\bibindent=\dimen150
)
(preamble_thesis.tex
(C:\Users\lugwi\AppData\Local\Programs\MiKTeX\tex/latex/base\inputenc.sty
Package: inputenc 2024/02/08 v1.3d Input encoding file
\inpenc@prehook=\toks17
\inpenc@posthook=\toks18
)
(C:\Users\lugwi\AppData\Local\Programs\MiKTeX\tex/latex/base\fontenc.sty
Package: fontenc 2025/07/18 v2.1d Standard LaTeX package
)
(C:\Users\lugwi\AppData\Local\Programs\MiKTeX\tex/generic/babel\babel.sty
Package: babel 2026/06/14 v26.9 The multilingual framework for LuaLaTeX, pdfLaT
eX and XeLaTeX
\babel@savecnt=\count285
LaTeX Encoding Info:    Redeclaring text command \ij (encoding OT1) on input li
ne 2084.
LaTeX Encoding Info:    Redeclaring text command \IJ (encoding OT1) on input li
ne 2086.
LaTeX Encoding Info:    Redeclaring text command \ij (encoding T1) on input lin
e 2088.
LaTeX Encoding Info:    Redeclaring text command \IJ (encoding T1) on input lin
e 2089.
LaTeX Encoding Info:    Ignoring declaration for text command \ij (encoding ?) 
on input line 2090.
LaTeX Encoding Info:    Ignoring declaration for text command \IJ (encoding ?) 
on input line 2092.
LaTeX Encoding Info:    Ignoring declaration for text command \SS (encoding ?) 
on input line 2117.
\U@D=\dimen151
\l@unhyphenated=\language79

(C:\Users\lugwi\AppData\Local\Programs\MiKTeX\tex/generic/babel\txtbabel.def)
\bbl@readstream=\read2
\bbl@dirlevel=\count286
Package babel Info: Configuration files are deprecated, as
(babel)             they can break document portability.
(babel)             Reported on input line 4252.

*************************************
* Local config file bblopts.cfg used
*
(C:\Users\lugwi\AppData\Local\Programs\MiKTeX\tex/latex/arabi\bblopts.cfg
File: bblopts.cfg 2005/09/08 v0.1 add Arabic and Farsi to "declared" options of
 babel
)
(C:\Users\lugwi\AppData\Local\Programs\MiKTeX\tex/generic/babel/locale/en\babel
-english.tex)
Package babel Info: Importing font and identification data for 'english'
(babel)             from babel-en.ini. Reported on input line 4380.

(C:\Users\lugwi\AppData\Local\Programs\MiKTeX\tex/latex/babel-english\english.l
df
Language: english 2017/06/06 v3.3r English support from the babel system
Package babel Info: Hyphen rules for 'canadian' set to \l@english
(babel)             (\language0). Reported on input line 102.
Package babel Info: Hyphen rules for 'australian' set to \l@ukenglish
(babel)             (\language73). Reported on input line 105.
Package babel Info: Hyphen rules for 'newzealand' set to \l@ukenglish
(babel)             (\language73). Reported on input line 108.
))
(C:\Users\lugwi\AppData\Local\Programs\MiKTeX\tex/latex/datetime\datetime.sty
Package: datetime 2015/03/20 v2.60 Date Time Package

(C:\Users\lugwi\AppData\Local\Programs\MiKTeX\tex/latex/etoolbox\etoolbox.sty
Package: etoolbox 2025/10/02 v2.5m e-TeX tools for LaTeX (JAW)
\etb@tempcnta=\count287
)
(C:\Users\lugwi\AppData\Local\Programs\MiKTeX\tex/latex/fmtcount\fmtcount.sty
Package: fmtcount 2025/12/02 v3.12 Displaying the values of LaTeX counters (NT,
VB,NE)

(C:\Users\lugwi\AppData\Local\Programs\MiKTeX\tex/latex/base\ifthen.sty
Package: ifthen 2024/03/16 v1.1e Standard LaTeX ifthen package (DPC)
)
(C:\Users\lugwi\AppData\Local\Programs\MiKTeX\tex/latex/xkeyval\xkeyval.sty
Package: xkeyval 2022/06/16 v2.9 package option processing (HA)

(C:\Users\lugwi\AppData\Local\Programs\MiKTeX\tex/generic/xkeyval\xkeyval.tex
(C:\Users\lugwi\AppData\Local\Programs\MiKTeX\tex/generic/xkeyval\xkvutils.tex
\XKV@toks=\toks19
\XKV@tempa@toks=\toks20

(C:\Users\lugwi\AppData\Local\Programs\MiKTeX\tex/generic/xkeyval\keyval.tex))
\XKV@depth=\count288
File: xkeyval.tex 2014/12/03 v2.7a key=value parser (HA)
)) (C:\Users\lugwi\AppData\Local\Programs\MiKTeX\tex/latex/fmtcount\fcprefix.st
y
Package: fcprefix 2012/09/28

(C:\Users\lugwi\AppData\Local\Programs\MiKTeX\tex/latex/fmtcount\fcnumparser.st
y
Package: fcnumparser 2017/06/15
\fc@digit@counter=\count289
)) (C:\Users\lugwi\AppData\Local\Programs\MiKTeX\tex/latex/amsmath\amsgen.sty
File: amsgen.sty 1999/11/30 v2.0 generic functions
\@emptytoks=\toks21
\ex@=\dimen152
)
\c@padzeroesN=\count290
\fc@tmpcatcode=\count291

(C:\Users\lugwi\AppData\Local\Programs\MiKTeX\tex/latex/fmtcount\fc-english.def
File: fc-english.def 2016/01/12
)
\@DT@modctr=\count292
\@ordinalctr=\count293
\@orgargctr=\count294
\@strctr=\count295
\@tmpstrctr=\count296
\@DT@loopN=\count297
\@DT@X=\count298
)
(C:\Users\lugwi\AppData\Local\Programs\MiKTeX\tex/latex/datetime\datetime-defau
lts.sty
Package: datetime-defaults 2013/09/10
)
\@day=\count299
\@month=\count300
\@year=\count301
\c@HOUR=\count302
\c@HOURXII=\count303
\c@MINUTE=\count304
\c@TOHOUR=\count305
\c@TOMINUTE=\count306
\c@SECOND=\count307
\currenthour=\count308
\currentminute=\count309
\currentsecond=\count310
Package datetime Info: No datetime.cfg file found, using default settings on in
put line 308.
\@dtctr=\count311
\dayofyear=\count312
\dayofweek=\count313
LaTeX Info: Redefining \today on input line 736.
\dt@a=\toks22
\dt@b=\toks23
)
(C:\Users\lugwi\AppData\Local\Programs\MiKTeX\tex/latex/lm\lmodern.sty
Package: lmodern 2015/05/01 v1.6.1 Latin Modern Fonts
LaTeX Font Info:    Overwriting symbol font `operators' in version `normal'
(Font)                  OT1/cmr/m/n --> OT1/lmr/m/n on input line 22.
LaTeX Font Info:    Overwriting symbol font `letters' in version `normal'
(Font)                  OML/cmm/m/it --> OML/lmm/m/it on input line 23.
LaTeX Font Info:    Overwriting symbol font `symbols' in version `normal'
(Font)                  OMS/cmsy/m/n --> OMS/lmsy/m/n on input line 24.
LaTeX Font Info:    Overwriting symbol font `largesymbols' in version `normal'
(Font)                  OMX/cmex/m/n --> OMX/lmex/m/n on input line 25.
LaTeX Font Info:    Overwriting symbol font `operators' in version `bold'
(Font)                  OT1/cmr/bx/n --> OT1/lmr/bx/n on input line 26.
LaTeX Font Info:    Overwriting symbol font `letters' in version `bold'
(Font)                  OML/cmm/b/it --> OML/lmm/b/it on input line 27.
LaTeX Font Info:    Overwriting symbol font `symbols' in version `bold'
(Font)                  OMS/cmsy/b/n --> OMS/lmsy/b/n on input line 28.
LaTeX Font Info:    Overwriting symbol font `largesymbols' in version `bold'
(Font)                  OMX/cmex/m/n --> OMX/lmex/m/n on input line 29.
LaTeX Font Info:    Overwriting math alphabet `\mathbf' in version `normal'
(Font)                  OT1/cmr/bx/n --> OT1/lmr/bx/n on input line 31.
LaTeX Font Info:    Overwriting math alphabet `\mathsf' in version `normal'
(Font)                  OT1/cmss/m/n --> OT1/lmss/m/n on input line 32.
LaTeX Font Info:    Overwriting math alphabet `\mathit' in version `normal'
(Font)                  OT1/cmr/m/it --> OT1/lmr/m/it on input line 33.
LaTeX Font Info:    Overwriting math alphabet `\mathtt' in version `normal'
(Font)                  OT1/cmtt/m/n --> OT1/lmtt/m/n on input line 34.
LaTeX Font Info:    Overwriting math alphabet `\mathbf' in version `bold'
(Font)                  OT1/cmr/bx/n --> OT1/lmr/bx/n on input line 35.
LaTeX Font Info:    Overwriting math alphabet `\mathsf' in version `bold'
(Font)                  OT1/cmss/bx/n --> OT1/lmss/bx/n on input line 36.
LaTeX Font Info:    Overwriting math alphabet `\mathit' in version `bold'
(Font)                  OT1/cmr/bx/it --> OT1/lmr/bx/it on input line 37.
LaTeX Font Info:    Overwriting math alphabet `\mathtt' in version `bold'
(Font)                  OT1/cmtt/m/n --> OT1/lmtt/m/n on input line 38.
)
(C:\Users\lugwi\AppData\Local\Programs\MiKTeX\tex/latex/geometry\geometry.sty
Package: geometry 2026/03/07 v6.0 Page Geometry

(C:\Users\lugwi\AppData\Local\Programs\MiKTeX\tex/generic/iftex\ifvtex.sty
Package: ifvtex 2019/10/25 v1.7 ifvtex legacy package. Use iftex instead.

(C:\Users\lugwi\AppData\Local\Programs\MiKTeX\tex/generic/iftex\iftex.sty
Package: iftex 2024/12/12 v1.0g TeX engine tests
))
\Gm@cnth=\count314
\Gm@cntv=\count315
\c@Gm@tempcnt=\count316
\Gm@bindingoffset=\dimen153
\Gm@wd@mp=\dimen154
\Gm@odd@mp=\dimen155
\Gm@even@mp=\dimen156
\Gm@layoutwidth=\dimen157
\Gm@layoutheight=\dimen158
\Gm@layouthoffset=\dimen159
\Gm@layoutvoffset=\dimen160
\Gm@dimlist=\toks24

(C:\Users\lugwi\AppData\Local\Programs\MiKTeX\tex/latex/geometry\geometry.cfg))
(C:\Users\lugwi\AppData\Local\Programs\MiKTeX\tex/latex/fancyhdr\fancyhdr.sty
Package: fancyhdr 2025/02/07 v5.2 Extensive control of page headers and footers

\f@nch@headwidth=\skip51
\f@nch@offset@elh=\skip52
\f@nch@offset@erh=\skip53
\f@nch@offset@olh=\skip54
\f@nch@offset@orh=\skip55
\f@nch@offset@elf=\skip56
\f@nch@offset@erf=\skip57
\f@nch@offset@olf=\skip58
\f@nch@offset@orf=\skip59
\f@nch@height=\skip60
\f@nch@footalignment=\skip61
\f@nch@widthL=\skip62
\f@nch@widthC=\skip63
\f@nch@widthR=\skip64
\@temptokenb=\toks25
)
(C:\Users\lugwi\AppData\Local\Programs\MiKTeX\tex/latex/fncychap\fncychap.sty
Package: fncychap 2007/07/30 v1.34 LaTeX package (Revised chapters)
\RW=\skip65
\mylen=\skip66
\myhi=\skip67
\px=\skip68
\py=\skip69
\pyy=\skip70
\pxx=\skip71
\backskip=\skip72
)
(C:\Users\lugwi\AppData\Local\Programs\MiKTeX\tex/latex/titlesec\titlesec.sty
Package: titlesec 2025/01/04 v2.17 Sectioning titles
\ttl@box=\box53
\beforetitleunit=\skip73
\aftertitleunit=\skip74
\ttl@plus=\dimen161
\ttl@minus=\dimen162
\ttl@toksa=\toks26
\titlewidth=\dimen163
\titlewidthlast=\dimen164
\titlewidthfirst=\dimen165
)
(C:\Users\lugwi\AppData\Local\Programs\MiKTeX\tex/latex/import\import.sty
Package: import 2020/04/01  v 6.2
)
(C:\Users\lugwi\AppData\Local\Programs\MiKTeX\tex/latex/biblatex\biblatex.sty
Package: biblatex 2025/07/10 v3.21 programmable bibliographies (PK/MW)

(C:\Users\lugwi\AppData\Local\Programs\MiKTeX\tex/generic/pdftexcmds\pdftexcmds
.sty
Package: pdftexcmds 2020-06-27 v0.33 Utility functions of pdfTeX for LuaTeX (HO
)

(C:\Users\lugwi\AppData\Local\Programs\MiKTeX\tex/generic/infwarerr\infwarerr.s
ty
Package: infwarerr 2019/12/03 v1.5 Providing info/warning/error messages (HO)
)
(C:\Users\lugwi\AppData\Local\Programs\MiKTeX\tex/generic/ltxcmds\ltxcmds.sty
Package: ltxcmds 2023-12-04 v1.26 LaTeX kernel commands for general use (HO)
)
Package pdftexcmds Info: \pdf@primitive is available.
Package pdftexcmds Info: \pdf@ifprimitive is available.
Package pdftexcmds Info: \pdfdraftmode found.
)
(C:\Users\lugwi\AppData\Local\Programs\MiKTeX\tex/latex/kvoptions\kvoptions.sty
Package: kvoptions 2022-06-15 v3.15 Key value format for package options (HO)

(C:\Users\lugwi\AppData\Local\Programs\MiKTeX\tex/latex/kvsetkeys\kvsetkeys.sty
Package: kvsetkeys 2022-10-05 v1.19 Key value parser (HO)
)) (C:\Users\lugwi\AppData\Local\Programs\MiKTeX\tex/latex/logreq\logreq.sty
Package: logreq 2010/08/04 v1.0 xml request logger
\lrq@indent=\count317

(C:\Users\lugwi\AppData\Local\Programs\MiKTeX\tex/latex/logreq\logreq.def
File: logreq.def 2010/08/04 v1.0 logreq spec v1.0
))
(C:\Users\lugwi\AppData\Local\Programs\MiKTeX\tex/latex/url\url.sty
\Urlmuskip=\muskip17
Package: url 2013/09/16  ver 3.4  Verb mode for urls, etc.
)
\c@tabx@nest=\count318
\c@listtotal=\count319
\c@listcount=\count320
\c@liststart=\count321
\c@liststop=\count322
\c@citecount=\count323
\c@citetotal=\count324
\c@multicitecount=\count325
\c@multicitetotal=\count326
\c@instcount=\count327
\c@maxnames=\count328
\c@minnames=\count329
\c@maxitems=\count330
\c@minitems=\count331
\c@citecounter=\count332
\c@maxcitecounter=\count333
\c@savedcitecounter=\count334
\c@uniquelist=\count335
\c@uniquename=\count336
\c@refsection=\count337
\c@refsegment=\count338
\c@maxextratitle=\count339
\c@maxextratitleyear=\count340
\c@maxextraname=\count341
\c@maxextradate=\count342
\c@maxextraalpha=\count343
\c@abbrvpenalty=\count344
\c@highnamepenalty=\count345
\c@lownamepenalty=\count346
\c@maxparens=\count347
\c@parenlevel=\count348
\blx@tempcnta=\count349
\blx@tempcntb=\count350
\blx@tempcntc=\count351
\c@blx@maxsection=\count352
\blx@maxsegment@0=\count353
\blx@notetype=\count354
\blx@parenlevel@text=\count355
\blx@parenlevel@foot=\count356
\blx@sectionciteorder@0=\count357
\blx@sectionciteorderinternal@0=\count358
\blx@entrysetcounter=\count359
\blx@biblioinstance=\count360
\labelnumberwidth=\skip75
\labelalphawidth=\skip76
\biblabelsep=\skip77
\bibitemsep=\skip78
\bibnamesep=\skip79
\bibinitsep=\skip80
\bibparsep=\skip81
\bibhang=\skip82
\blx@bcfin=\read3
\blx@bcfout=\write3
\blx@langwohyphens=\language80
\c@mincomprange=\count361
\c@maxcomprange=\count362
\c@mincompwidth=\count363
Package biblatex Info: Trying to load biblatex default data model...
Package biblatex Info: ... file 'blx-dm.def' found.

(C:\Users\lugwi\AppData\Local\Programs\MiKTeX\tex/latex/biblatex\blx-dm.def
File: blx-dm.def 2025/07/10 v3.21 biblatex datamodel (PK/MW)
)
Package biblatex Info: Trying to load biblatex style data model...
Package biblatex Info: ... file 'numeric.dbx' not found.
Package biblatex Info: Trying to load biblatex custom data model...
Package biblatex Info: ... file 'biblatex-dm.cfg' not found.
\c@afterword=\count364
\c@savedafterword=\count365
\c@annotator=\count366
\c@savedannotator=\count367
\c@author=\count368
\c@savedauthor=\count369
\c@bookauthor=\count370
\c@savedbookauthor=\count371
\c@commentator=\count372
\c@savedcommentator=\count373
\c@editor=\count374
\c@savededitor=\count375
\c@editora=\count376
\c@savededitora=\count377
\c@editorb=\count378
\c@savededitorb=\count379
\c@editorc=\count380
\c@savededitorc=\count381
\c@foreword=\count382
\c@savedforeword=\count383
\c@holder=\count384
\c@savedholder=\count385
\c@introduction=\count386
\c@savedintroduction=\count387
\c@namea=\count388
\c@savednamea=\count389
\c@nameb=\count390
\c@savednameb=\count391
\c@namec=\count392
\c@savednamec=\count393
\c@translator=\count394
\c@savedtranslator=\count395
\c@shortauthor=\count396
\c@savedshortauthor=\count397
\c@shorteditor=\count398
\c@savedshorteditor=\count399
\c@labelname=\count400
\c@savedlabelname=\count401
\c@institution=\count402
\c@savedinstitution=\count403
\c@lista=\count404
\c@savedlista=\count405
\c@listb=\count406
\c@savedlistb=\count407
\c@listc=\count408
\c@savedlistc=\count409
\c@listd=\count410
\c@savedlistd=\count411
\c@liste=\count412
\c@savedliste=\count413
\c@listf=\count414
\c@savedlistf=\count415
\c@location=\count416
\c@savedlocation=\count417
\c@organization=\count418
\c@savedorganization=\count419
\c@origlocation=\count420
\c@savedoriglocation=\count421
\c@origpublisher=\count422
\c@savedorigpublisher=\count423
\c@publisher=\count424
\c@savedpublisher=\count425
\c@language=\count426
\c@savedlanguage=\count427
\c@origlanguage=\count428
\c@savedoriglanguage=\count429
\c@pageref=\count430
\c@savedpageref=\count431
\shorthandwidth=\skip83
\shortjournalwidth=\skip84
\shortserieswidth=\skip85
\shorttitlewidth=\skip86
\shortauthorwidth=\skip87
\shorteditorwidth=\skip88
\locallabelnumberwidth=\skip89
\locallabelalphawidth=\skip90
\localshorthandwidth=\skip91
\localshortjournalwidth=\skip92
\localshortserieswidth=\skip93
\localshorttitlewidth=\skip94
\localshortauthorwidth=\skip95
\localshorteditorwidth=\skip96
Package biblatex Info: Trying to load compatibility code...
Package biblatex Info: ... file 'blx-compat.def' found.

(C:\Users\lugwi\AppData\Local\Programs\MiKTeX\tex/latex/biblatex\blx-compat.def
File: blx-compat.def 2025/07/10 v3.21 biblatex compatibility (PK/MW)
)
Package biblatex Info: Trying to load generic definitions...
Package biblatex Info: ... file 'biblatex.def' found.
 (C:\Users\lugwi\AppData\Local\Programs\MiKTeX\tex/latex/biblatex\biblatex.def
File: biblatex.def 2025/07/10 v3.21 biblatex compatibility (PK/MW)
\c@textcitecount=\count432
\c@textcitetotal=\count433
\c@textcitemaxnames=\count434
\c@biburlbigbreakpenalty=\count435
\c@biburlbreakpenalty=\count436
\c@biburlnumpenalty=\count437
\c@biburlucpenalty=\count438
\c@biburllcpenalty=\count439
\biburlbigskip=\muskip18
\biburlnumskip=\muskip19
\biburlucskip=\muskip20
\biburllcskip=\muskip21
\c@smartand=\count440
)
Package biblatex Info: Trying to load bibliography style 'numeric'...
Package biblatex Info: ... file 'numeric.bbx' found.

(C:\Users\lugwi\AppData\Local\Programs\MiKTeX\tex/latex/biblatex/bbx\numeric.bb
x
File: numeric.bbx 2025/07/10 v3.21 biblatex bibliography style (PK/MW)
Package biblatex Info: Trying to load bibliography style 'standard'...
Package biblatex Info: ... file 'standard.bbx' found.

(C:\Users\lugwi\AppData\Local\Programs\MiKTeX\tex/latex/biblatex/bbx\standard.b
bx
File: standard.bbx 2025/07/10 v3.21 biblatex bibliography style (PK/MW)
\c@bbx:relatedcount=\count441
\c@bbx:relatedtotal=\count442
))
Package biblatex Info: Trying to load citation style 'numeric'...
Package biblatex Info: ... file 'numeric.cbx' found.

(C:\Users\lugwi\AppData\Local\Programs\MiKTeX\tex/latex/biblatex/cbx\numeric.cb
x
File: numeric.cbx 2025/07/10 v3.21 biblatex citation style (PK/MW)
Package biblatex Info: Redefining '\cite'.
Package biblatex Info: Redefining '\parencite'.
Package biblatex Info: Redefining '\footcite'.
Package biblatex Info: Redefining '\footcitetext'.
Package biblatex Info: Redefining '\smartcite'.
Package biblatex Info: Redefining '\supercite'.
Package biblatex Info: Redefining '\textcite'.
Package biblatex Info: Redefining '\textcites'.
Package biblatex Info: Redefining '\cites'.
Package biblatex Info: Redefining '\parencites'.
Package biblatex Info: Redefining '\smartcites'.
)
Package biblatex Info: Trying to load configuration file...
Package biblatex Info: ... file 'biblatex.cfg' found.

(C:\Users\lugwi\AppData\Local\Programs\MiKTeX\tex/latex/biblatex\biblatex.cfg
File: biblatex.cfg 
)
Package biblatex Info: Input encoding 'utf8' detected.
Package biblatex Info: Document encoding is UTF8 ....

(C:\Users\lugwi\AppData\Local\Programs\MiKTeX\tex/latex/l3kernel\expl3.sty
Package: expl3 2026-06-18 L3 programming layer (loader) 

(C:\Users\lugwi\AppData\Local\Programs\MiKTeX\tex/latex/l3backend\l3backend-pdf
tex.def
File: l3backend-pdftex.def 2026-02-18 L3 backend support: PDF output (pdfTeX)
\l__color_backend_stack_int=\count443
))
Package biblatex Info: ... and expl3
(biblatex)             2026-06-18 L3 programming layer (loader) 
(biblatex)             is new enough (at least 2020/04/06),
(biblatex)             setting 'casechanger=expl3'.

(C:\Users\lugwi\AppData\Local\Programs\MiKTeX\tex/latex/biblatex\blx-case-expl3
.sty
(C:\Users\lugwi\AppData\Local\Programs\MiKTeX\tex/latex/l3packages/xparse\xpars
e.sty
Package: xparse 2025-10-09 L3 Experimental document command parser
)
Package: blx-case-expl3 2025/07/10 v3.21 expl3 case changing code for biblatex
))
(C:\Users\lugwi\AppData\Local\Programs\MiKTeX\tex/latex/csquotes\csquotes.sty
Package: csquotes 2026-05-19 v5.2p context-sensitive quotations (JAW)
\csq@reset=\count444
\csq@gtype=\count445
\csq@glevel=\count446
\csq@qlevel=\count447
\csq@maxlvl=\count448
\csq@tshold=\count449
\csq@ltx@everypar=\toks27

(C:\Users\lugwi\AppData\Local\Programs\MiKTeX\tex/latex/csquotes\csquotes.def
File: csquotes.def 2026-05-19 v5.2p csquotes generic definitions (JAW)
)
Package csquotes Info: Trying to load configuration file 'csquotes.cfg'...
Package csquotes Info: ... configuration file loaded successfully.

(C:\Users\lugwi\AppData\Local\Programs\MiKTeX\tex/latex/csquotes\csquotes.cfg
File: csquotes.cfg 
)
Package csquotes Info: Option 'babel' depreciated.
(csquotes)             Using 'autostyle'.
Package csquotes Info: Enabling multilingual quotes.
) (C:\Users\lugwi\AppData\Local\Programs\MiKTeX\tex/latex/epigraph\epigraph.sty
Package: epigraph 2020/01/02 v1.5e typesetting epigraphs

(C:\Users\lugwi\AppData\Local\Programs\MiKTeX\tex/latex/nextpage\nextpage.sty
Package: nextpage 2009/09/03 v1.1a additional page commands
)
\beforeepigraphskip=\skip97
\afterepigraphskip=\skip98
\epigraphwidth=\skip99
\epigraphrule=\skip100
) (C:\Users\lugwi\AppData\Local\Programs\MiKTeX\tex/latex/comment\comment.sty
\CommentStream=\write4

Excluding comment 'comment')
(C:\Users\lugwi\AppData\Local\Programs\MiKTeX\tex/latex/float\float.sty
Package: float 2001/11/08 v1.3d Float enhancements (AL)
\c@float@type=\count450
\float@exts=\toks28
\float@box=\box54
\@float@everytoks=\toks29
\@floatcapt=\box55
)
(C:\Users\lugwi\AppData\Local\Programs\MiKTeX\tex/latex/sidecap\sidecap.sty
Package: sidecap 2023/01/24 v1.7a SideCap Package (RN/HjG)
\SC@BOXWD=\dimen166
\SC@CAPWD=\dimen167
\SC@tempdima=\dimen168
\SC@tempdimb=\dimen169
\c@SC@C=\count451
\SC@BOX=\box56
)
(C:\Users\lugwi\AppData\Local\Programs\MiKTeX\tex/latex/placeins\placeins.sty
Package: placeins 2005/04/18  v 2.2
)
(C:\Users\lugwi\AppData\Local\Programs\MiKTeX\tex/latex/amsmath\amsmath.sty
Package: amsmath 2026/05/19 v2.18d AMS math features
\@mathmargin=\skip101

For additional information on amsmath, use the `?' option.
(C:\Users\lugwi\AppData\Local\Programs\MiKTeX\tex/latex/amsmath\amstext.sty
Package: amstext 2024/11/17 v2.01 AMS text
)
(C:\Users\lugwi\AppData\Local\Programs\MiKTeX\tex/latex/amsmath\amsbsy.sty
Package: amsbsy 1999/11/29 v1.2d Bold Symbols
\pmbraise@=\dimen170
)
(C:\Users\lugwi\AppData\Local\Programs\MiKTeX\tex/latex/amsmath\amsopn.sty
Package: amsopn 2022/04/08 v2.04 operator names
)
\inf@bad=\count452
LaTeX Info: Redefining \frac on input line 233.
\uproot@=\count453
\leftroot@=\count454
LaTeX Info: Redefining \overline on input line 398.
LaTeX Info: Redefining \colon on input line 409.
\classnum@=\count455
\DOTSCASE@=\count456
LaTeX Info: Redefining \ldots on input line 495.
LaTeX Info: Redefining \dots on input line 498.
LaTeX Info: Redefining \cdots on input line 619.
\Mathstrutbox@=\box57
\strutbox@=\box58
LaTeX Info: Redefining \big on input line 721.
LaTeX Info: Redefining \Big on input line 722.
LaTeX Info: Redefining \bigg on input line 723.
LaTeX Info: Redefining \Bigg on input line 724.
\big@size=\dimen171
LaTeX Font Info:    Redeclaring font encoding OML on input line 742.
LaTeX Font Info:    Redeclaring font encoding OMS on input line 743.
\macc@depth=\count457
LaTeX Info: Redefining \bmod on input line 904.
LaTeX Info: Redefining \pmod on input line 909.
LaTeX Info: Redefining \smash on input line 939.
LaTeX Info: Redefining \relbar on input line 969.
LaTeX Info: Redefining \Relbar on input line 970.
\c@MaxMatrixCols=\count458
\dotsspace@=\muskip22
\c@parentequation=\count459
\dspbrk@lvl=\count460
\tag@help=\toks30
\row@=\count461
\column@=\count462
\maxfields@=\count463
\andhelp@=\toks31
\eqnshift@=\dimen172
\alignsep@=\dimen173
\tagshift@=\dimen174
\tagwidth@=\dimen175
\totwidth@=\dimen176
\lineht@=\dimen177
\@envbody=\toks32
\multlinegap=\skip102
\multlinetaggap=\skip103
\mathdisplay@stack=\toks33
LaTeX Info: Redefining \[ on input line 2965.
LaTeX Info: Redefining \] on input line 2966.
)
(C:\Users\lugwi\AppData\Local\Programs\MiKTeX\tex/latex/amsfonts\amsfonts.sty
Package: amsfonts 2013/01/14 v3.01 Basic AMSFonts support
\symAMSa=\mathgroup4
\symAMSb=\mathgroup5
LaTeX Font Info:    Redeclaring math symbol \hbar on input line 98.
LaTeX Font Info:    Overwriting math alphabet `\mathfrak' in version `bold'
(Font)                  U/euf/m/n --> U/euf/b/n on input line 106.
)
(C:\Users\lugwi\AppData\Local\Programs\MiKTeX\tex/latex/amsfonts\amssymb.sty
Package: amssymb 2013/01/14 v3.01 AMS font symbols
)
(C:\Users\lugwi\AppData\Local\Programs\MiKTeX\tex/latex/amscls\amsthm.sty
Package: amsthm 2020/05/29 v2.20.6
\thm@style=\toks34
\thm@bodyfont=\toks35
\thm@headfont=\toks36
\thm@notefont=\toks37
\thm@headpunct=\toks38
\thm@preskip=\skip104
\thm@postskip=\skip105
\thm@headsep=\skip106
\dth@everypar=\toks39
)
(C:\Users\lugwi\AppData\Local\Programs\MiKTeX\tex/latex/ncctools\nccmath.sty
Package: nccmath 2006/01/20 v1.3 Additional Math Commands (NCC)
\NCC@fracrulewidth=\dimen178
)
(C:\Users\lugwi\AppData\Local\Programs\MiKTeX\tex/latex/bbm\bbm.sty
Package: bbm 1999/03/15 V 1.2 provides fonts for set symbols - TH
LaTeX Font Info:    Overwriting math alphabet `\mathbbm' in version `bold'
(Font)                  U/bbm/m/n --> U/bbm/bx/n on input line 33.
LaTeX Font Info:    Overwriting math alphabet `\mathbbmss' in version `bold'
(Font)                  U/bbmss/m/n --> U/bbmss/bx/n on input line 35.
)
(C:\Users\lugwi\AppData\Local\Programs\MiKTeX\tex/generic/mathdots\mathdots.sty
Package: mathdots 2014/06/11 v0.9 Improve and add various macros for dots in ma
th.
\MDo@unit=\dimen179
\MDo@dotsbox=\box59
\MDoprekern=\muskip23
\MDopostkern=\muskip24
\MDodotkern=\muskip25
) (C:\Users\lugwi\AppData\Local\Programs\MiKTeX\tex/latex/jknappen\mathrsfs.sty
Package: mathrsfs 1996/01/01 Math RSFS package v1.0 (jk)
\symrsfs=\mathgroup6
) (C:\Users\lugwi\AppData\Local\Programs\MiKTeX\tex/latex/siunitx\siunitx.sty
Package: siunitx 2026-05-15 v3.5.5 A comprehensive (SI) units package
\l__siunitx_number_uncert_offset_int=\count464
\l__siunitx_number_exponent_fixed_int=\count465
\l__siunitx_number_min_decimal_int=\count466
\l__siunitx_number_min_integer_int=\count467
\l__siunitx_number_round_precision_int=\count468
\l__siunitx_number_lower_threshold_int=\count469
\l__siunitx_number_upper_threshold_int=\count470
\l__siunitx_number_group_first_int=\count471
\l__siunitx_number_group_size_int=\count472
\l__siunitx_number_group_min_int=\count473
\l__siunitx_number_group_minimum_int=\count474
\l__siunitx_compound_count_int=\count475

(C:\Users\lugwi\AppData\Local\Programs\MiKTeX\tex/latex/translations\translatio
ns.sty
Package: translations 2022/02/05 v1.12 internationalization of LaTeX2e packages
 (CN)
)
\l__siunitx_table_tmp_box=\box60
\l__siunitx_table_tmp_dim=\dimen180
\l__siunitx_table_column_width_dim=\dimen181
\l__siunitx_table_integer_box=\box61
\l__siunitx_table_decimal_box=\box62
\l__siunitx_table_uncert_box=\box63
\l__siunitx_table_before_box=\box64
\l__siunitx_table_after_box=\box65
\l__siunitx_table_before_dim=\dimen182
\l__siunitx_table_carry_dim=\dimen183
\l__siunitx_unit_tmp_int=\count476
\l__siunitx_unit_position_int=\count477
\l__siunitx_unit_total_int=\count478
\l__siunitx_sexagesimal_tmp_dim=\dimen184
\l__siunitx_sexagesimal_marker_box=\box66
\l__siunitx_sexagesimal_unit_box=\box67
 (C:\Users\lugwi\AppData\Local\Programs\MiKTeX\tex/latex/tools\array.sty
Package: array 2026/02/24 v2.7b Tabular extension package (FMi)
\col@sep=\dimen185
\ar@mcellbox=\box68
\extrarowheight=\dimen186
\NC@list=\toks40
\extratabsurround=\skip107
\backup@length=\skip108
\ar@cellbox=\box69
)) (C:\Users\lugwi\AppData\Local\Programs\MiKTeX\tex/latex/wasysym\wasysym.sty
Package: wasysym 2020/01/19 v2.4 Wasy-2 symbol support package
\symwasy=\mathgroup7
LaTeX Font Info:    Overwriting symbol font `wasy' in version `bold'
(Font)                  U/wasy/m/n --> U/wasy/b/n on input line 93.
)
(C:\Users\lugwi\AppData\Local\Programs\MiKTeX\tex/latex/fontawesome\fontawesome
.sty
Package: fontawesome 2016/05/15 v4.6.3.1 font awesome icons

(C:\Users\lugwi\AppData\Local\Programs\MiKTeX\tex/generic/iftex\ifxetex.sty
Package: ifxetex 2019/10/25 v0.7 ifxetex legacy package. Use iftex instead.
)
(C:\Users\lugwi\AppData\Local\Programs\MiKTeX\tex/generic/iftex\ifluatex.sty
Package: ifluatex 2019/10/25 v1.5 ifluatex legacy package. Use iftex instead.
)
(C:\Users\lugwi\AppData\Local\Programs\MiKTeX\tex/latex/fontawesome\fontawesome
symbols-generic.tex)
(C:\Users\lugwi\AppData\Local\Programs\MiKTeX\tex/latex/fontawesome\fontawesome
symbols-pdftex.tex))
(C:\Users\lugwi\AppData\Local\Programs\MiKTeX\tex/latex/xcolor\xcolor.sty
Package: xcolor 2024/09/29 v3.02 LaTeX color extensions (UK)

(C:\Users\lugwi\AppData\Local\Programs\MiKTeX\tex/latex/graphics-cfg\color.cfg
File: color.cfg 2016/01/02 v1.6 sample color configuration
)
Package xcolor Info: Driver file: pdftex.def on input line 274.

(C:\Users\lugwi\AppData\Local\Programs\MiKTeX\tex/latex/graphics-def\pdftex.def
File: pdftex.def 2025/09/29 v1.2d Graphics/color driver for pdftex
)
(C:\Users\lugwi\AppData\Local\Programs\MiKTeX\tex/latex/graphics\mathcolor.ltx)
Package xcolor Info: Model `cmy' substituted by `cmy0' on input line 1349.
Package xcolor Info: Model `hsb' substituted by `rgb' on input line 1353.
Package xcolor Info: Model `RGB' extended on input line 1365.
Package xcolor Info: Model `HTML' substituted by `rgb' on input line 1367.
Package xcolor Info: Model `Hsb' substituted by `hsb' on input line 1368.
Package xcolor Info: Model `tHsb' substituted by `hsb' on input line 1369.
Package xcolor Info: Model `HSB' substituted by `hsb' on input line 1370.
Package xcolor Info: Model `Gray' substituted by `gray' on input line 1371.
Package xcolor Info: Model `wave' substituted by `hsb' on input line 1372.
) (C:\Users\lugwi\AppData\Local\Programs\MiKTeX\tex/latex/mathtools\empheq.sty
Package: empheq 2024/08/09 v2.17 Emphasizing equations

(C:\Users\lugwi\AppData\Local\Programs\MiKTeX\tex/latex/mathtools\mhsetup.sty
Package: mhsetup 2021/03/18 v1.4 programming setup (MH)
)
(C:\Users\lugwi\AppData\Local\Programs\MiKTeX\tex/latex/mathtools\mathtools.sty
Package: mathtools 2024/10/04 v1.31 mathematical typesetting tools
(C:\Users\lugwi\AppData\Local\Programs\MiKTeX\tex/latex/tools\calc.sty
Package: calc 2025/03/01 v4.3b Infix arithmetic (KKT,FJ)
\calc@Acount=\count479
\calc@Bcount=\count480
\calc@Adimen=\dimen187
\calc@Bdimen=\dimen188
\calc@Askip=\skip109
\calc@Bskip=\skip110
LaTeX Info: Redefining \setlength on input line 86.
LaTeX Info: Redefining \addtolength on input line 87.
\calc@Ccount=\count481
\calc@Cskip=\skip111
)
\g_MT_multlinerow_int=\count482
\l_MT_multwidth_dim=\dimen189
\origjot=\skip112
\l_MT_shortvdotswithinadjustabove_dim=\dimen190
\l_MT_shortvdotswithinadjustbelow_dim=\dimen191
\l_MT_above_intertext_sep=\dimen192
\l_MT_below_intertext_sep=\dimen193
\l_MT_above_shortintertext_sep=\dimen194
\l_MT_below_shortintertext_sep=\dimen195
\xmathstrut@box=\box70
\xmathstrut@dim=\dimen196
)
\l_EQ_equationtype_int=\count483
\l_EQ_alignmentmode_int=\count484
\l_EQ_totalwidth_dim=\dimen197
\l_EQ_displaywidth_dim=\dimen198
\l_EQ_temp_linewidth_dim=\dimen199
\l_EQ_linewidth_dim=\dimen256
\EmphEqdelimitershortfall=\dimen257
\EmphEqdelimiterfactor=\count485
\g_EQ_toptag_height_dim=\dimen258
\g_EQ_bottomtag_depth_dim=\dimen259
\g_EQ_toprow_height_dim=\dimen260
\g_EQ_bottomrow_depth_dim=\dimen261
\g_EQ_widesttag_dim=\dimen262
\EQ_mathdisplay_box=\box71
\EQ_tag_box=\box72
\g_EQ_temprow_int=\count486
)
(C:\Users\lugwi\AppData\Local\Programs\MiKTeX\tex/latex/tcolorbox\tcolorbox.sty
Package: tcolorbox 2026/05/28 version 6.10.0 text color boxes

(C:\Users\lugwi\AppData\Local\Programs\MiKTeX\tex/latex/pgf/frontendlayer\tikz.
sty
(C:\Users\lugwi\AppData\Local\Programs\MiKTeX\tex/latex/pgf/basiclayer\pgf.sty
(C:\Users\lugwi\AppData\Local\Programs\MiKTeX\tex/latex/pgf/utilities\pgfrcs.st
y
(C:\Users\lugwi\AppData\Local\Programs\MiKTeX\tex/generic/pgf/utilities\pgfutil
-common.tex
\pgfutil@everybye=\toks41
\pgfutil@tempdima=\dimen263
\pgfutil@tempdimb=\dimen264
)
(C:\Users\lugwi\AppData\Local\Programs\MiKTeX\tex/generic/pgf/utilities\pgfutil
-latex.def
\pgfutil@abb=\box73
)
(C:\Users\lugwi\AppData\Local\Programs\MiKTeX\tex/generic/pgf/utilities\pgfrcs.
code.tex
(C:\Users\lugwi\AppData\Local\Programs\MiKTeX\tex/generic/pgf\pgf.revision.tex)
Package: pgfrcs 2025-08-29 v3.1.11a (3.1.11a)
))
Package: pgf 2025-08-29 v3.1.11a (3.1.11a)

(C:\Users\lugwi\AppData\Local\Programs\MiKTeX\tex/latex/pgf/basiclayer\pgfcore.
sty
(C:\Users\lugwi\AppData\Local\Programs\MiKTeX\tex/latex/graphics\graphicx.sty
Package: graphicx 2026-05-17 v1.2e Enhanced LaTeX Graphics (DPC,SPQR)

(C:\Users\lugwi\AppData\Local\Programs\MiKTeX\tex/latex/graphics\graphics.sty
Package: graphics 2026-05-17 v1.4h Standard LaTeX Graphics (DPC,SPQR)

(C:\Users\lugwi\AppData\Local\Programs\MiKTeX\tex/latex/graphics\trig.sty
Package: trig 2023/12/02 v1.11 sin cos tan (DPC)
)
(C:\Users\lugwi\AppData\Local\Programs\MiKTeX\tex/latex/graphics-cfg\graphics.c
fg
File: graphics.cfg 2016/06/04 v1.11 sample graphics configuration
)
Package graphics Info: Driver file: pdftex.def on input line 106.
)
\Gin@req@height=\dimen265
\Gin@req@width=\dimen266
)
(C:\Users\lugwi\AppData\Local\Programs\MiKTeX\tex/latex/pgf/systemlayer\pgfsys.
sty
(C:\Users\lugwi\AppData\Local\Programs\MiKTeX\tex/generic/pgf/systemlayer\pgfsy
s.code.tex
Package: pgfsys 2025-08-29 v3.1.11a (3.1.11a)

(C:\Users\lugwi\AppData\Local\Programs\MiKTeX\tex/generic/pgf/utilities\pgfkeys
.code.tex
\pgfkeys@pathtoks=\toks42
\pgfkeys@temptoks=\toks43

(C:\Users\lugwi\AppData\Local\Programs\MiKTeX\tex/generic/pgf/utilities\pgfkeys
libraryfiltered.code.tex
\pgfkeys@tmptoks=\toks44
))
\pgf@x=\dimen267
\pgf@y=\dimen268
\pgf@xa=\dimen269
\pgf@ya=\dimen270
\pgf@xb=\dimen271
\pgf@yb=\dimen272
\pgf@xc=\dimen273
\pgf@yc=\dimen274
\pgf@xd=\dimen275
\pgf@yd=\dimen276
\w@pgf@writea=\write5
\r@pgf@reada=\read4
\c@pgf@counta=\count487
\c@pgf@countb=\count488
\c@pgf@countc=\count489
\c@pgf@countd=\count490
\t@pgf@toka=\toks45
\t@pgf@tokb=\toks46
\t@pgf@tokc=\toks47
\pgf@sys@id@count=\count491

(C:\Users\lugwi\AppData\Local\Programs\MiKTeX\tex/generic/pgf/systemlayer\pgf.c
fg
File: pgf.cfg 2025-08-29 v3.1.11a (3.1.11a)
)
Driver file for pgf: pgfsys-pdftex.def

(C:\Users\lugwi\AppData\Local\Programs\MiKTeX\tex/generic/pgf/systemlayer\pgfsy
s-pdftex.def
File: pgfsys-pdftex.def 2025-08-29 v3.1.11a (3.1.11a)

(C:\Users\lugwi\AppData\Local\Programs\MiKTeX\tex/generic/pgf/systemlayer\pgfsy
s-common-pdf.def
File: pgfsys-common-pdf.def 2025-08-29 v3.1.11a (3.1.11a)
)))
(C:\Users\lugwi\AppData\Local\Programs\MiKTeX\tex/generic/pgf/systemlayer\pgfsy
ssoftpath.code.tex
File: pgfsyssoftpath.code.tex 2025-08-29 v3.1.11a (3.1.11a)
\pgfsyssoftpath@smallbuffer@items=\count492
\pgfsyssoftpath@bigbuffer@items=\count493
)
(C:\Users\lugwi\AppData\Local\Programs\MiKTeX\tex/generic/pgf/systemlayer\pgfsy
sprotocol.code.tex
File: pgfsysprotocol.code.tex 2025-08-29 v3.1.11a (3.1.11a)
))
(C:\Users\lugwi\AppData\Local\Programs\MiKTeX\tex/generic/pgf/basiclayer\pgfcor
e.code.tex
Package: pgfcore 2025-08-29 v3.1.11a (3.1.11a)

(C:\Users\lugwi\AppData\Local\Programs\MiKTeX\tex/generic/pgf/math\pgfmath.code
.tex
(C:\Users\lugwi\AppData\Local\Programs\MiKTeX\tex/generic/pgf/math\pgfmathutil.
code.tex)
(C:\Users\lugwi\AppData\Local\Programs\MiKTeX\tex/generic/pgf/math\pgfmathparse
r.code.tex
\pgfmath@dimen=\dimen277
\pgfmath@count=\count494
\pgfmath@box=\box74
\pgfmath@toks=\toks48
\pgfmath@stack@operand=\toks49
\pgfmath@stack@operation=\toks50
)
(C:\Users\lugwi\AppData\Local\Programs\MiKTeX\tex/generic/pgf/math\pgfmathfunct
ions.code.tex)
(C:\Users\lugwi\AppData\Local\Programs\MiKTeX\tex/generic/pgf/math\pgfmathfunct
ions.basic.code.tex)
(C:\Users\lugwi\AppData\Local\Programs\MiKTeX\tex/generic/pgf/math\pgfmathfunct
ions.trigonometric.code.tex)
(C:\Users\lugwi\AppData\Local\Programs\MiKTeX\tex/generic/pgf/math\pgfmathfunct
ions.random.code.tex)
(C:\Users\lugwi\AppData\Local\Programs\MiKTeX\tex/generic/pgf/math\pgfmathfunct
ions.comparison.code.tex)
(C:\Users\lugwi\AppData\Local\Programs\MiKTeX\tex/generic/pgf/math\pgfmathfunct
ions.base.code.tex)
(C:\Users\lugwi\AppData\Local\Programs\MiKTeX\tex/generic/pgf/math\pgfmathfunct
ions.round.code.tex)
(C:\Users\lugwi\AppData\Local\Programs\MiKTeX\tex/generic/pgf/math\pgfmathfunct
ions.misc.code.tex)
(C:\Users\lugwi\AppData\Local\Programs\MiKTeX\tex/generic/pgf/math\pgfmathfunct
ions.integerarithmetics.code.tex)
(C:\Users\lugwi\AppData\Local\Programs\MiKTeX\tex/generic/pgf/math\pgfmathcalc.
code.tex)
(C:\Users\lugwi\AppData\Local\Programs\MiKTeX\tex/generic/pgf/math\pgfmathfloat
.code.tex
\c@pgfmathroundto@lastzeros=\count495
))
(C:\Users\lugwi\AppData\Local\Programs\MiKTeX\tex/generic/pgf/math\pgfint.code.
tex)
(C:\Users\lugwi\AppData\Local\Programs\MiKTeX\tex/generic/pgf/basiclayer\pgfcor
epoints.code.tex
File: pgfcorepoints.code.tex 2025-08-29 v3.1.11a (3.1.11a)
\pgf@picminx=\dimen278
\pgf@picmaxx=\dimen279
\pgf@picminy=\dimen280
\pgf@picmaxy=\dimen281
\pgf@pathminx=\dimen282
\pgf@pathmaxx=\dimen283
\pgf@pathminy=\dimen284
\pgf@pathmaxy=\dimen285
\pgf@xx=\dimen286
\pgf@xy=\dimen287
\pgf@yx=\dimen288
\pgf@yy=\dimen289
\pgf@zx=\dimen290
\pgf@zy=\dimen291
)
(C:\Users\lugwi\AppData\Local\Programs\MiKTeX\tex/generic/pgf/basiclayer\pgfcor
epathconstruct.code.tex
File: pgfcorepathconstruct.code.tex 2025-08-29 v3.1.11a (3.1.11a)
\pgf@path@lastx=\dimen292
\pgf@path@lasty=\dimen293
)
(C:\Users\lugwi\AppData\Local\Programs\MiKTeX\tex/generic/pgf/basiclayer\pgfcor
epathusage.code.tex
File: pgfcorepathusage.code.tex 2025-08-29 v3.1.11a (3.1.11a)
\pgf@shorten@end@additional=\dimen294
\pgf@shorten@start@additional=\dimen295
)
(C:\Users\lugwi\AppData\Local\Programs\MiKTeX\tex/generic/pgf/basiclayer\pgfcor
escopes.code.tex
File: pgfcorescopes.code.tex 2025-08-29 v3.1.11a (3.1.11a)
\pgfpic=\box75
\pgf@hbox=\box76
\pgf@layerbox@main=\box77
\pgf@picture@serial@count=\count496
)
(C:\Users\lugwi\AppData\Local\Programs\MiKTeX\tex/generic/pgf/basiclayer\pgfcor
egraphicstate.code.tex
File: pgfcoregraphicstate.code.tex 2025-08-29 v3.1.11a (3.1.11a)
\pgflinewidth=\dimen296
)
(C:\Users\lugwi\AppData\Local\Programs\MiKTeX\tex/generic/pgf/basiclayer\pgfcor
etransformations.code.tex
File: pgfcoretransformations.code.tex 2025-08-29 v3.1.11a (3.1.11a)
\pgf@pt@x=\dimen297
\pgf@pt@y=\dimen298
\pgf@pt@temp=\dimen299
)
(C:\Users\lugwi\AppData\Local\Programs\MiKTeX\tex/generic/pgf/basiclayer\pgfcor
equick.code.tex
File: pgfcorequick.code.tex 2025-08-29 v3.1.11a (3.1.11a)
)
(C:\Users\lugwi\AppData\Local\Programs\MiKTeX\tex/generic/pgf/basiclayer\pgfcor
eobjects.code.tex
File: pgfcoreobjects.code.tex 2025-08-29 v3.1.11a (3.1.11a)
)
(C:\Users\lugwi\AppData\Local\Programs\MiKTeX\tex/generic/pgf/basiclayer\pgfcor
epathprocessing.code.tex
File: pgfcorepathprocessing.code.tex 2025-08-29 v3.1.11a (3.1.11a)
)
(C:\Users\lugwi\AppData\Local\Programs\MiKTeX\tex/generic/pgf/basiclayer\pgfcor
earrows.code.tex
File: pgfcorearrows.code.tex 2025-08-29 v3.1.11a (3.1.11a)
\pgfarrowsep=\dimen300
)
(C:\Users\lugwi\AppData\Local\Programs\MiKTeX\tex/generic/pgf/basiclayer\pgfcor
eshade.code.tex
File: pgfcoreshade.code.tex 2025-08-29 v3.1.11a (3.1.11a)
\pgf@max=\dimen301
\pgf@sys@shading@range@num=\count497
\pgf@shadingcount=\count498
)
(C:\Users\lugwi\AppData\Local\Programs\MiKTeX\tex/generic/pgf/basiclayer\pgfcor
eimage.code.tex
File: pgfcoreimage.code.tex 2025-08-29 v3.1.11a (3.1.11a)
)
(C:\Users\lugwi\AppData\Local\Programs\MiKTeX\tex/generic/pgf/basiclayer\pgfcor
eexternal.code.tex
File: pgfcoreexternal.code.tex 2025-08-29 v3.1.11a (3.1.11a)
\pgfexternal@startupbox=\box78
)
(C:\Users\lugwi\AppData\Local\Programs\MiKTeX\tex/generic/pgf/basiclayer\pgfcor
elayers.code.tex
File: pgfcorelayers.code.tex 2025-08-29 v3.1.11a (3.1.11a)
)
(C:\Users\lugwi\AppData\Local\Programs\MiKTeX\tex/generic/pgf/basiclayer\pgfcor
etransparency.code.tex
File: pgfcoretransparency.code.tex 2025-08-29 v3.1.11a (3.1.11a)
)
(C:\Users\lugwi\AppData\Local\Programs\MiKTeX\tex/generic/pgf/basiclayer\pgfcor
epatterns.code.tex
File: pgfcorepatterns.code.tex 2025-08-29 v3.1.11a (3.1.11a)
)
(C:\Users\lugwi\AppData\Local\Programs\MiKTeX\tex/generic/pgf/basiclayer\pgfcor
erdf.code.tex
File: pgfcorerdf.code.tex 2025-08-29 v3.1.11a (3.1.11a)
)))
(C:\Users\lugwi\AppData\Local\Programs\MiKTeX\tex/generic/pgf/modules\pgfmodule
shapes.code.tex
File: pgfmoduleshapes.code.tex 2025-08-29 v3.1.11a (3.1.11a)
\pgfnodeparttextbox=\box79
)
(C:\Users\lugwi\AppData\Local\Programs\MiKTeX\tex/generic/pgf/modules\pgfmodule
plot.code.tex
File: pgfmoduleplot.code.tex 2025-08-29 v3.1.11a (3.1.11a)
)
(C:\Users\lugwi\AppData\Local\Programs\MiKTeX\tex/latex/pgf/compatibility\pgfco
mp-version-0-65.sty
Package: pgfcomp-version-0-65 2025-08-29 v3.1.11a (3.1.11a)
\pgf@nodesepstart=\dimen302
\pgf@nodesepend=\dimen303
)
(C:\Users\lugwi\AppData\Local\Programs\MiKTeX\tex/latex/pgf/compatibility\pgfco
mp-version-1-18.sty
Package: pgfcomp-version-1-18 2025-08-29 v3.1.11a (3.1.11a)
))
(C:\Users\lugwi\AppData\Local\Programs\MiKTeX\tex/latex/pgf/utilities\pgffor.st
y
(C:\Users\lugwi\AppData\Local\Programs\MiKTeX\tex/latex/pgf/utilities\pgfkeys.s
ty
(C:\Users\lugwi\AppData\Local\Programs\MiKTeX\tex/generic/pgf/utilities\pgfkeys
.code.tex))
(C:\Users\lugwi\AppData\Local\Programs\MiKTeX\tex/latex/pgf/math\pgfmath.sty
(C:\Users\lugwi\AppData\Local\Programs\MiKTeX\tex/generic/pgf/math\pgfmath.code
.tex))
(C:\Users\lugwi\AppData\Local\Programs\MiKTeX\tex/generic/pgf/utilities\pgffor.
code.tex
Package: pgffor 2025-08-29 v3.1.11a (3.1.11a)
\pgffor@iter=\dimen304
\pgffor@skip=\dimen305
\pgffor@stack=\toks51
\pgffor@toks=\toks52
))
(C:\Users\lugwi\AppData\Local\Programs\MiKTeX\tex/generic/pgf/frontendlayer/tik
z\tikz.code.tex
Package: tikz 2025-08-29 v3.1.11a (3.1.11a)

(C:\Users\lugwi\AppData\Local\Programs\MiKTeX\tex/generic/pgf/libraries\pgflibr
aryplothandlers.code.tex
File: pgflibraryplothandlers.code.tex 2025-08-29 v3.1.11a (3.1.11a)
\pgf@plot@mark@count=\count499
\pgfplotmarksize=\dimen306
)
\tikz@lastx=\dimen307
\tikz@lasty=\dimen308
\tikz@lastxsaved=\dimen309
\tikz@lastysaved=\dimen310
\tikz@lastmovetox=\dimen311
\tikz@lastmovetoy=\dimen312
\tikzleveldistance=\dimen313
\tikzsiblingdistance=\dimen314
\tikz@figbox=\box80
\tikz@figbox@bg=\box81
\tikz@tempbox=\box82
\tikz@tempbox@bg=\box83
\tikztreelevel=\count500
\tikznumberofchildren=\count501
\tikznumberofcurrentchild=\count502
\tikz@fig@count=\count503

(C:\Users\lugwi\AppData\Local\Programs\MiKTeX\tex/generic/pgf/modules\pgfmodule
matrix.code.tex
File: pgfmodulematrix.code.tex 2025-08-29 v3.1.11a (3.1.11a)
\pgfmatrixcurrentrow=\count504
\pgfmatrixcurrentcolumn=\count505
\pgf@matrix@numberofcolumns=\count506
)
\tikz@expandcount=\count507

(C:\Users\lugwi\AppData\Local\Programs\MiKTeX\tex/generic/pgf/frontendlayer/tik
z/libraries\tikzlibrarytopaths.code.tex
File: tikzlibrarytopaths.code.tex 2025-08-29 v3.1.11a (3.1.11a)
)))
(C:\Users\lugwi\AppData\Local\Programs\MiKTeX\tex/latex/tools\verbatim.sty
Package: verbatim 2024-01-22 v1.5x LaTeX2e package for verbatim enhancements
\every@verbatim=\toks53
\verbatim@line=\toks54
\verbatim@in@stream=\read5
)
(C:\Users\lugwi\AppData\Local\Programs\MiKTeX\tex/latex/environ\environ.sty
Package: environ 2014/05/04 v0.3 A new way to define environments

(C:\Users\lugwi\AppData\Local\Programs\MiKTeX\tex/latex/trimspaces\trimspaces.s
ty
Package: trimspaces 2009/09/17 v1.1 Trim spaces around a token list
))
\tcb@titlebox=\box84
\tcb@upperbox=\box85
\tcb@lowerbox=\box86
\tcb@phantombox=\box87
\c@tcbbreakpart=\count508
\c@tcblayer=\count509
\c@tcolorbox@number=\count510
\l__tcobox_tmpa_box=\box88
\l__tcobox_tmpa_dim=\dimen315
\tcb@temp=\box89
\tcb@temp=\box90
\tcb@temp=\box91
\tcb@temp=\box92

(C:\Users\lugwi\AppData\Local\Programs\MiKTeX\tex/latex/tcolorbox\tcbraster.cod
e.tex
Library (tcolorbox): 'tcbraster.code.tex' version '6.10.0'
\c@tcbrastercolumn=\count511
\c@tcbrasterrow=\count512
\c@tcbrasternum=\count513
\c@tcbraster=\count514
)
(C:\Users\lugwi\AppData\Local\Programs\MiKTeX\tex/latex/tcolorbox\tcbskins.code
.tex
Library (tcolorbox): 'tcbskins.code.tex' version '6.10.0'

(C:\Users\lugwi\AppData\Local\Programs\MiKTeX\tex/latex/tikzfill\tikzfill.image
.sty
Package: tikzfill.image 2026/04/23 v1.2.0 Image filling library for TikZ

(C:\Users\lugwi\AppData\Local\Programs\MiKTeX\tex/latex/tikzfill\tikzlibraryfil
l.image.code.tex
File: tikzlibraryfill.image.code.tex 2026/04/23 v1.2.0 Image filling library
\l__tikzfill_tmpa_dim=\dimen316
\l__tikzfill_tmpb_dim=\dimen317
\l__tikzfill_img_box=\box93
))
(C:\Users\lugwi\AppData\Local\Programs\MiKTeX\tex/latex/tcolorbox\tcbskinsjigsa
w.code.tex
Library (tcolorbox): 'tcbskinsjigsaw.code.tex' version '6.10.0'
))
(C:\Users\lugwi\AppData\Local\Programs\MiKTeX\tex/latex/tcolorbox\tcbbreakable.
code.tex
Library (tcolorbox): 'tcbbreakable.code.tex' version '6.10.0'
(C:\Users\lugwi\AppData\Local\Programs\MiKTeX\tex/latex/pdfcol\pdfcol.sty
Package: pdfcol 2022-09-21 v1.7 Handle new color stacks for pdfTeX (HO)
)
Package pdfcol Info: New color stack `tcb@breakable' = 1 on input line 23.
\tcb@testbox=\box94
\tcb@totalupperbox=\box95
\tcb@totallowerbox=\box96
)
(C:\Users\lugwi\AppData\Local\Programs\MiKTeX\tex/latex/tcolorbox\tcbhooks.code
.tex
Library (tcolorbox): 'tcbhooks.code.tex' version '6.10.0'
)
(C:\Users\lugwi\AppData\Local\Programs\MiKTeX\tex/latex/tcolorbox\tcbtheorems.c
ode.tex
Library (tcolorbox): 'tcbtheorems.code.tex' version '6.10.0'
)
(C:\Users\lugwi\AppData\Local\Programs\MiKTeX\tex/latex/tcolorbox\tcbfitting.co
de.tex
Library (tcolorbox): 'tcbfitting.code.tex' version '6.10.0'
\tcbfitdim=\dimen318
\tcb@lowerfitdim=\dimen319
\tcb@upperfitdim=\dimen320
\tcb@cur@hbadness=\count515
)
(C:\Users\lugwi\AppData\Local\Programs\MiKTeX\tex/latex/tcolorbox\tcblistingsut
f8.code.tex
Library (tcolorbox): 'tcblistingsutf8.code.tex' version '6.10.0'

(C:\Users\lugwi\AppData\Local\Programs\MiKTeX\tex/latex/tcolorbox\tcblistings.c
ode.tex
Library (tcolorbox): 'tcblistings.code.tex' version '6.10.0'
(C:\Users\lugwi\AppData\Local\Programs\MiKTeX\tex/latex/listings\listings.sty
\lst@mode=\count516
\lst@gtempboxa=\box97
\lst@token=\toks55
\lst@length=\count517
\lst@currlwidth=\dimen321
\lst@column=\count518
\lst@pos=\count519
\lst@lostspace=\dimen322
\lst@width=\dimen323
\lst@newlines=\count520
\lst@lineno=\count521
\lst@maxwidth=\dimen324

(C:\Users\lugwi\AppData\Local\Programs\MiKTeX\tex/latex/listings\lstpatch.sty
File: lstpatch.sty 2025/11/14 1.11b (Carsten Heinz)
)
(C:\Users\lugwi\AppData\Local\Programs\MiKTeX\tex/latex/listings\lstmisc.sty
File: lstmisc.sty 2025/11/14 1.11b (Carsten Heinz)
\c@lstnumber=\count522
\lst@skipnumbers=\count523
\lst@framebox=\box98
)
(C:\Users\lugwi\AppData\Local\Programs\MiKTeX\tex/latex/listings\listings.cfg
File: listings.cfg 2025/11/14 1.11b listings configuration
))
Package: listings 2025/11/14 1.11b (Carsten Heinz)

(C:\Users\lugwi\AppData\Local\Programs\MiKTeX\tex/latex/tcolorbox\tcblistingsco
re.code.tex
Library (tcolorbox): 'tcblistingscore.code.tex' version '6.10.0'

(C:\Users\lugwi\AppData\Local\Programs\MiKTeX\tex/latex/tcolorbox\tcbprocessing
.code.tex
Library (tcolorbox): 'tcbprocessing.code.tex' version '6.10.0'
)
\c@tcblisting=\count524
))
(C:\Users\lugwi\AppData\Local\Programs\MiKTeX\tex/latex/listingsutf8\listingsut
f8.sty
Package: listingsutf8 2019-12-10 v1.5 Allow UTF-8 in listings input (HO)

(C:\Users\lugwi\AppData\Local\Programs\MiKTeX\tex/generic/stringenc\stringenc.s
ty
Package: stringenc 2019/11/29 v1.12 Convert strings between diff. encodings (HO
)

(C:\Users\lugwi\AppData\Local\Programs\MiKTeX\tex/generic/pdfescape\pdfescape.s
ty
Package: pdfescape 2019/12/09 v1.15 Implements pdfTeX's escape features (HO)
))))
(C:\Users\lugwi\AppData\Local\Programs\MiKTeX\tex/latex/tcolorbox\tcbexternal.c
ode.tex
Library (tcolorbox): 'tcbexternal.code.tex' version '6.10.0'
)
(C:\Users\lugwi\AppData\Local\Programs\MiKTeX\tex/latex/tcolorbox\tcbmagazine.c
ode.tex
Library (tcolorbox): 'tcbmagazine.code.tex' version '6.10.0'
)
(C:\Users\lugwi\AppData\Local\Programs\MiKTeX\tex/latex/tcolorbox\tcbvignette.c
ode.tex
Library (tcolorbox): 'tcbvignette.code.tex' version '6.10.0'

(C:\Users\lugwi\AppData\Local\Programs\MiKTeX\tex/generic/pgf/frontendlayer/tik
z/libraries\tikzlibraryfadings.code.tex
File: tikzlibraryfadings.code.tex 2025-08-29 v3.1.11a (3.1.11a)

(C:\Users\lugwi\AppData\Local\Programs\MiKTeX\tex/generic/pgf/libraries\pgflibr
aryfadings.code.tex
File: pgflibraryfadings.code.tex 2025-08-29 v3.1.11a (3.1.11a)
)))
(C:\Users\lugwi\AppData\Local\Programs\MiKTeX\tex/latex/tcolorbox\tcbposter.cod
e.tex
Library (tcolorbox): 'tcbposter.code.tex' version '6.10.0'
))
(C:\Users\lugwi\AppData\Local\Programs\MiKTeX\tex/latex/realboxes\realboxes.sty
Package: realboxes 2011/08/08 v0.2 Change box commands to read there content as
 real boxes

(C:\Users\lugwi\AppData\Local\Programs\MiKTeX\tex/latex/collectbox\collectbox.s
ty
Package: collectbox 2022/10/17 v0.4c Collect macro arguments as boxes
\collectedbox=\box99
)
(C:\Users\lugwi\AppData\Local\Programs\MiKTeX\tex/latex/adjustbox\adjcalc.sty
Package: adjcalc 2012/05/16 v1.1 Provides advanced setlength with multiple back
-ends (calc, etex, pgfmath)
)) (C:\Users\lugwi\AppData\Local\Programs\MiKTeX\tex/latex/eso-pic\eso-pic.sty
Package: eso-pic 2026/05/31 v3.0e eso-pic (RN)
\ESO@tempdima=\dimen325
\ESO@tempdimb=\dimen326
)
(C:\Users\lugwi\AppData\Local\Programs\MiKTeX\tex/latex/transparent\transparent
.sty
Package: transparent 2025-06-23 v1.6 Transparency with color stacks

(C:\Users\lugwi\AppData\Local\Programs\MiKTeX\tex/latex/transparent\transparent
-nometadata.sty
Package: transparent-nometadata 2025-06-23 v1.6 Transparency via pdfTeX's color
 stack (HO)

(C:\Users\lugwi\AppData\Local\Programs\MiKTeX\tex/latex/auxhook\auxhook.sty
Package: auxhook 2019-12-17 v1.6 Hooks for auxiliary files (HO)
)))
(C:\Users\lugwi\AppData\Local\Programs\MiKTeX\tex/latex/standalone\standalone.s
ty
Package: standalone 2025/02/22 v1.5a Package to include TeX sub-files with prea
mbles
 (C:\Users\lugwi\AppData\Local\Programs\MiKTeX\tex/latex/tools\shellesc.sty
Package: shellesc 2023/07/08 v1.0d unified shell escape interface for LaTeX
Package shellesc Info: Restricted shell escape enabled on input line 77.
)
(C:\Users\lugwi\AppData\Local\Programs\MiKTeX\tex/latex/currfile\currfile.sty
Package: currfile 2024/03/14 v1.0 Provides the file path elements of the curren
t input file

(C:\Users\lugwi\AppData\Local\Programs\MiKTeX\tex/latex/filehook\filehook.sty
Package: filehook 2022/10/25 v0.8b Hooks for input files

(C:\Users\lugwi\AppData\Local\Programs\MiKTeX\tex/latex/filehook\filehook-2020.
sty
Package: filehook-2020 2022/10/25 v0.8b Hooks for input files
))
\c@currfiledepth=\count525
)
(C:\Users\lugwi\AppData\Local\Programs\MiKTeX\tex/latex/gincltex\gincltex.sty
(C:\Users\lugwi\AppData\Local\Programs\MiKTeX\tex/latex/svn-prov\svn-prov.sty
Package: svn-prov 2010/04/24 v3.1862 Package Date/Version from SVN Keywords
)
Package: gincltex 2011/09/04 v0.3 Include external LaTeX files like graphics

(C:\Users\lugwi\AppData\Local\Programs\MiKTeX\tex/latex/adjustbox\adjustbox.sty
Package: adjustbox 2025/02/26 v1.3c Adjusting TeX boxes (trim, clip, ...)
(C:\Users\lugwi\AppData\Local\Programs\MiKTeX\tex/latex/adjustbox\trimclip.sty
Package: trimclip 2025/02/21 v1.2a Trim and clip general TeX material
\tc@llx=\dimen327
\tc@lly=\dimen328
\tc@urx=\dimen329
\tc@ury=\dimen330
Package trimclip Info: Using driver 'tc-pdftex.def'.

(C:\Users\lugwi\AppData\Local\Programs\MiKTeX\tex/latex/adjustbox\tc-pdftex.def
File: tc-pdftex.def 2025/02/26 v2.3 Clipping driver for pdftex
))
\adjbox@Width=\dimen331
\adjbox@Height=\dimen332
\adjbox@Depth=\dimen333
\adjbox@Totalheight=\dimen334
\adjbox@pwidth=\dimen335
\adjbox@pheight=\dimen336
\adjbox@pdepth=\dimen337
\adjbox@ptotalheight=\dimen338

(C:\Users\lugwi\AppData\Local\Programs\MiKTeX\tex/latex/ifoddpage\ifoddpage.sty
Package: ifoddpage 2022/10/18 v1.2 Conditionals for odd/even page detection
\c@checkoddpage=\count526
) (C:\Users\lugwi\AppData\Local\Programs\MiKTeX\tex/latex/varwidth\varwidth.sty
Package: varwidth 2009/03/30 ver 0.92;  Variable-width minipages
\@vwid@box=\box100
\sift@deathcycles=\count527
\@vwid@loff=\dimen339
\@vwid@roff=\dimen340
)
==> First Aid for varwidth.sty applied!
)
\gincltex@box=\box101
)
(C:\Users\lugwi\AppData\Local\Programs\MiKTeX\tex/latex/filemod\filemod-expmin.
sty
Package: filemod-expmin 2011/09/19 v1.2 Get and compare file modification times
 (expandable; minimal)
))
(C:\Users\lugwi\AppData\Local\Programs\MiKTeX\tex/latex/pgfplots\pgfplots.sty
(C:\Users\lugwi\AppData\Local\Programs\MiKTeX\tex/generic/pgfplots\pgfplots.rev
ision.tex)
Package: pgfplots 2021/05/15 v1.18.1 Data Visualization (1.18.1)

(C:\Users\lugwi\AppData\Local\Programs\MiKTeX\tex/generic/pgfplots\pgfplots.cod
e.tex
(C:\Users\lugwi\AppData\Local\Programs\MiKTeX\tex/generic/pgfplots\pgfplotscore
.code.tex
\t@pgfplots@toka=\toks56
\t@pgfplots@tokb=\toks57
\t@pgfplots@tokc=\toks58
\pgfplots@tmpa=\dimen341
\c@pgfplots@coordindex=\count528
\c@pgfplots@scanlineindex=\count529

(C:\Users\lugwi\AppData\Local\Programs\MiKTeX\tex/generic/pgfplots/sys\pgfplots
sysgeneric.code.tex))
(C:\Users\lugwi\AppData\Local\Programs\MiKTeX\tex/generic/pgfplots/libs\pgfplot
slibrary.code.tex)
(C:\Users\lugwi\AppData\Local\Programs\MiKTeX\tex/generic/pgfplots/oldpgfcompat
ib\pgfplotsoldpgfsupp_loader.code.tex
(C:\Users\lugwi\AppData\Local\Programs\MiKTeX\tex/generic/pgf/libraries\pgflibr
aryfpu.code.tex)
Package pgfplots: loading complementary utilities for your pgf version...
\t@pgf@toka=\toks59
\t@pgf@tokb=\toks60
\t@pgf@tokc=\toks61

(C:\Users\lugwi\AppData\Local\Programs\MiKTeX\tex/generic/pgfplots/oldpgfcompat
ib\pgfplotsoldpgfsupp_pgfutil-common-lists.tex))
(C:\Users\lugwi\AppData\Local\Programs\MiKTeX\tex/generic/pgfplots/util\pgfplot
sutil.code.tex
(C:\Users\lugwi\AppData\Local\Programs\MiKTeX\tex/generic/pgfplots/liststructur
e\pgfplotsliststructure.code.tex)
(C:\Users\lugwi\AppData\Local\Programs\MiKTeX\tex/generic/pgfplots/liststructur
e\pgfplotsliststructureext.code.tex)
(C:\Users\lugwi\AppData\Local\Programs\MiKTeX\tex/generic/pgfplots/liststructur
e\pgfplotsarray.code.tex
\c@pgfplotsarray@tmp=\count530
)
(C:\Users\lugwi\AppData\Local\Programs\MiKTeX\tex/generic/pgfplots/liststructur
e\pgfplotsmatrix.code.tex)
(C:\Users\lugwi\AppData\Local\Programs\MiKTeX\tex/generic/pgfplots/numtable\pgf
plotstableshared.code.tex
\c@pgfplotstable@counta=\count531
\t@pgfplotstable@a=\toks62
)
(C:\Users\lugwi\AppData\Local\Programs\MiKTeX\tex/generic/pgfplots/liststructur
e\pgfplotsdeque.code.tex)
(C:\Users\lugwi\AppData\Local\Programs\MiKTeX\tex/generic/pgfplots/util\pgfplot
sbinary.code.tex
(C:\Users\lugwi\AppData\Local\Programs\MiKTeX\tex/generic/pgfplots/util\pgfplot
sbinary.data.code.tex))
(C:\Users\lugwi\AppData\Local\Programs\MiKTeX\tex/generic/pgfplots/util\pgfplot
sutil.verb.code.tex)
(C:\Users\lugwi\AppData\Local\Programs\MiKTeX\tex/generic/pgfplots/libs\pgflibr
arypgfplots.surfshading.code.tex
\c@pgfplotslibrarysurf@no=\count532

(C:\Users\lugwi\AppData\Local\Programs\MiKTeX\tex/generic/pgfplots/sys\pgflibra
rypgfplots.surfshading.pgfsys-pdftex.def)))
(C:\Users\lugwi\AppData\Local\Programs\MiKTeX\tex/generic/pgfplots/util\pgfplot
scolormap.code.tex
(C:\Users\lugwi\AppData\Local\Programs\MiKTeX\tex/generic/pgfplots/util\pgfplot
scolor.code.tex))
(C:\Users\lugwi\AppData\Local\Programs\MiKTeX\tex/generic/pgfplots\pgfplotsstac
kedplots.code.tex)
(C:\Users\lugwi\AppData\Local\Programs\MiKTeX\tex/generic/pgfplots\pgfplotsplot
handlers.code.tex
(C:\Users\lugwi\AppData\Local\Programs\MiKTeX\tex/generic/pgfplots\pgfplotsmesh
plothandler.code.tex
(C:\Users\lugwi\AppData\Local\Programs\MiKTeX\tex/generic/pgfplots\pgfplotsmesh
plotimage.code.tex)))
(C:\Users\lugwi\AppData\Local\Programs\MiKTeX\tex/generic/pgfplots\pgfplots.sca
ling.code.tex)
(C:\Users\lugwi\AppData\Local\Programs\MiKTeX\tex/generic/pgfplots\pgfplotscoor
dprocessing.code.tex)
(C:\Users\lugwi\AppData\Local\Programs\MiKTeX\tex/generic/pgfplots\pgfplots.err
orbars.code.tex)
(C:\Users\lugwi\AppData\Local\Programs\MiKTeX\tex/generic/pgfplots\pgfplots.mar
kers.code.tex)
(C:\Users\lugwi\AppData\Local\Programs\MiKTeX\tex/generic/pgfplots\pgfplotstick
s.code.tex)
(C:\Users\lugwi\AppData\Local\Programs\MiKTeX\tex/generic/pgfplots\pgfplots.pat
hs.code.tex)
(C:\Users\lugwi\AppData\Local\Programs\MiKTeX\tex/generic/pgf/frontendlayer/tik
z/libraries\tikzlibrarydecorations.code.tex
(C:\Users\lugwi\AppData\Local\Programs\MiKTeX\tex/generic/pgf/modules\pgfmodule
decorations.code.tex
\pgfdecoratedcompleteddistance=\dimen342
\pgfdecoratedremainingdistance=\dimen343
\pgfdecoratedinputsegmentcompleteddistance=\dimen344
\pgfdecoratedinputsegmentremainingdistance=\dimen345
\pgf@decorate@distancetomove=\dimen346
\pgf@decorate@repeatstate=\count533
\pgfdecorationsegmentamplitude=\dimen347
\pgfdecorationsegmentlength=\dimen348
)
\tikz@lib@dec@box=\box102
)
(C:\Users\lugwi\AppData\Local\Programs\MiKTeX\tex/generic/pgf/frontendlayer/tik
z/libraries\tikzlibrarydecorations.pathmorphing.code.tex
(C:\Users\lugwi\AppData\Local\Programs\MiKTeX\tex/generic/pgf/libraries/decorat
ions\pgflibrarydecorations.pathmorphing.code.tex))
(C:\Users\lugwi\AppData\Local\Programs\MiKTeX\tex/generic/pgf/frontendlayer/tik
z/libraries\tikzlibrarydecorations.pathreplacing.code.tex
(C:\Users\lugwi\AppData\Local\Programs\MiKTeX\tex/generic/pgf/libraries/decorat
ions\pgflibrarydecorations.pathreplacing.code.tex))
(C:\Users\lugwi\AppData\Local\Programs\MiKTeX\tex/generic/pgfplots/libs\tikzlib
rarypgfplots.contourlua.code.tex)
\pgfplots@numplots=\count534
\pgfplots@xmin@reg=\dimen349
\pgfplots@xmax@reg=\dimen350
\pgfplots@ymin@reg=\dimen351
\pgfplots@ymax@reg=\dimen352
\pgfplots@zmin@reg=\dimen353
\pgfplots@zmax@reg=\dimen354
)
(C:\Users\lugwi\AppData\Local\Programs\MiKTeX\tex/generic/pgf/frontendlayer/tik
z/libraries\tikzlibraryplotmarks.code.tex
File: tikzlibraryplotmarks.code.tex 2025-08-29 v3.1.11a (3.1.11a)

(C:\Users\lugwi\AppData\Local\Programs\MiKTeX\tex/generic/pgf/libraries\pgflibr
aryplotmarks.code.tex
File: pgflibraryplotmarks.code.tex 2025-08-29 v3.1.11a (3.1.11a)
)))
(C:\Users\lugwi\AppData\Local\Programs\MiKTeX\tex/generic/pgf/frontendlayer/tik
z/libraries\tikzlibrarypatterns.code.tex
File: tikzlibrarypatterns.code.tex 2025-08-29 v3.1.11a (3.1.11a)

(C:\Users\lugwi\AppData\Local\Programs\MiKTeX\tex/generic/pgf/libraries\pgflibr
arypatterns.code.tex
File: pgflibrarypatterns.code.tex 2025-08-29 v3.1.11a (3.1.11a)
))
(C:\Users\lugwi\AppData\Local\Programs\MiKTeX\tex/latex/caption\caption.sty
Package: caption 2023/08/05 v3.6o Customizing captions (AR)

(C:\Users\lugwi\AppData\Local\Programs\MiKTeX\tex/latex/caption\caption3.sty
Package: caption3 2023/07/31 v2.4d caption3 kernel (AR)
\caption@tempdima=\dimen355
\captionmargin=\dimen356
\caption@leftmargin=\dimen357
\caption@rightmargin=\dimen358
\caption@width=\dimen359
\caption@indent=\dimen360
\caption@parindent=\dimen361
\caption@hangindent=\dimen362
Package caption Info: Standard document class detected.
)
\c@caption@flags=\count535
\c@continuedfloat=\count536
Package caption Info: float package is loaded.
Package caption Info: listings package is loaded.
Package caption Info: sidecap package is loaded.
)
(C:\Users\lugwi\AppData\Local\Programs\MiKTeX\tex/latex/tools\enumerate.sty
Package: enumerate 2023/07/04 v3.00 enumerate extensions (DPC)
\@enLab=\toks63
)
(C:\Users\lugwi\AppData\Local\Programs\MiKTeX\tex/latex/footnotebackref\footnot
ebackref.sty
Package: footnotebackref 2012/07/01 v1.0 Backreferences for footnotes (Holger L
ange)

(C:\Users\lugwi\AppData\Local\Programs\MiKTeX\tex/latex/letltxmacro\letltxmacro
.sty
Package: letltxmacro 2019/12/03 v1.6 Let assignment for LaTeX macros (HO)
)
(C:\Users\lugwi\AppData\Local\Programs\MiKTeX\tex/latex/hyperref\hyperref.sty
Package: hyperref 2026-06-17 v7.01r Hypertext links for LaTeX

(C:\Users\lugwi\AppData\Local\Programs\MiKTeX\tex/generic/kvdefinekeys\kvdefine
keys.sty
Package: kvdefinekeys 2019-12-19 v1.6 Define keys (HO)
)
(C:\Users\lugwi\AppData\Local\Programs\MiKTeX\tex/latex/hycolor\hycolor.sty
Package: hycolor 2020-01-27 v1.10 Color options for hyperref/bookmark (HO)
)
(C:\Users\lugwi\AppData\Local\Programs\MiKTeX\tex/latex/hyperref\nameref.sty
Package: nameref 2026-01-29 v2.58 Cross-referencing by name of section

(C:\Users\lugwi\AppData\Local\Programs\MiKTeX\tex/latex/refcount\refcount.sty
Package: refcount 2019/12/15 v3.6 Data extraction from label references (HO)
)
(C:\Users\lugwi\AppData\Local\Programs\MiKTeX\tex/generic/gettitlestring\gettit
lestring.sty
Package: gettitlestring 2019/12/15 v1.6 Cleanup title references (HO)
)
\c@section@level=\count537
)
\@linkdim=\dimen363
\Hy@linkcounter=\count538
\Hy@pagecounter=\count539

(C:\Users\lugwi\AppData\Local\Programs\MiKTeX\tex/latex/hyperref\pd1enc.def
File: pd1enc.def 2026-06-17 v7.01r Hyperref: PDFDocEncoding definition (HO)
Now handling font encoding PD1 ...
... no UTF-8 mapping file for font encoding PD1
)
(C:\Users\lugwi\AppData\Local\Programs\MiKTeX\tex/generic/intcalc\intcalc.sty
Package: intcalc 2019/12/15 v1.3 Expandable calculations with integers (HO)
)
\Hy@SavedSpaceFactor=\count540

(C:\Users\lugwi\AppData\Local\Programs\MiKTeX\tex/latex/hyperref\puenc.def
File: puenc.def 2026-06-17 v7.01r Hyperref: PDF Unicode definition (HO)
Now handling font encoding PU ...
... no UTF-8 mapping file for font encoding PU
)
Package hyperref Info: Hyper figures OFF on input line 4199.
Package hyperref Info: Link nesting OFF on input line 4204.
Package hyperref Info: Hyper index ON on input line 4207.
Package hyperref Info: Plain pages OFF on input line 4214.
Package hyperref Info: Backreferencing OFF on input line 4219.
Package hyperref Info: Implicit mode ON; LaTeX internals redefined.
Package hyperref Info: Bookmarks ON on input line 4466.
\c@Hy@tempcnt=\count541
LaTeX Info: Redefining \url on input line 4805.
\XeTeXLinkMargin=\dimen364

(C:\Users\lugwi\AppData\Local\Programs\MiKTeX\tex/generic/bitset\bitset.sty
Package: bitset 2019/12/09 v1.3 Handle bit-vector datatype (HO)

(C:\Users\lugwi\AppData\Local\Programs\MiKTeX\tex/generic/bigintcalc\bigintcalc
.sty
Package: bigintcalc 2019/12/15 v1.5 Expandable calculations on big integers (HO
)
))
\Fld@menulength=\count542
\Field@Width=\dimen365
\Fld@charsize=\dimen366
Package hyperref Info: Hyper figures OFF on input line 6091.
Package hyperref Info: Link nesting OFF on input line 6096.
Package hyperref Info: Hyper index ON on input line 6099.
Package hyperref Info: backreferencing OFF on input line 6106.
Package hyperref Info: Link coloring OFF on input line 6111.
Package hyperref Info: Link coloring with OCG OFF on input line 6116.
Package hyperref Info: PDF/A mode OFF on input line 6121.
\Hy@abspage=\count543
\c@Item=\count544
\c@Hfootnote=\count545
)
Package hyperref Info: Driver (autodetected): hpdftex.

(C:\Users\lugwi\AppData\Local\Programs\MiKTeX\tex/latex/hyperref\hpdftex.def
File: hpdftex.def 2026-06-17 v7.01r Hyperref driver for pdfTeX
\Fld@listcount=\count546
\c@bookmark@seq@number=\count547

(C:\Users\lugwi\AppData\Local\Programs\MiKTeX\tex/latex/rerunfilecheck\rerunfil
echeck.sty
Package: rerunfilecheck 2025-06-21 v1.11 Rerun checks for auxiliary files (HO)

(C:\Users\lugwi\AppData\Local\Programs\MiKTeX\tex/generic/uniquecounter\uniquec
ounter.sty
Package: uniquecounter 2019/12/15 v1.4 Provide unlimited unique counter (HO)
)
Package uniquecounter Info: New unique counter `rerunfilecheck' on input line 2
84.
)
\Hy@SectionHShift=\skip113
)
\c@BackrefHyperFootnoteCounter=\count548
)
(C:\Users\lugwi\AppData\Local\Programs\MiKTeX\tex/latex/xurl\xurl.sty
Package: xurl 2022/01/09 v 0.10 modify URL breaks

xurl: Set penalties for biblatex
)
(C:\Users\lugwi\AppData\Local\Programs\MiKTeX\tex/latex/pgfplots\pgfplotstable.
sty
(C:\Users\lugwi\AppData\Local\Programs\MiKTeX\tex/generic/pgfplots\pgfplots.rev
ision.tex)
Package: pgfplotstable 2021/05/15 v1.18.1 Table typesetting and Pretty-printing
 (1.18.1)

(C:\Users\lugwi\AppData\Local\Programs\MiKTeX\tex/generic/pgfplots/numtable\pgf
plotstable.code.tex
(C:\Users\lugwi\AppData\Local\Programs\MiKTeX\tex/generic/pgfplots/numtable\pgf
plotstable.coltype.code.tex)))
(C:\Users\lugwi\AppData\Local\Programs\MiKTeX\tex/latex/tikz-3dplot\tikz-3dplot
.sty
(C:\Users\lugwi\AppData\Local\Programs\MiKTeX\tex/generic/pgf/frontendlayer/tik
z/libraries\tikzlibrarycalc.code.tex
File: tikzlibrarycalc.code.tex 2025-08-29 v3.1.11a (3.1.11a)
)
(C:\Users\lugwi\AppData\Local\Programs\MiKTeX\tex/generic/pgf/frontendlayer/tik
z/libraries\tikzlibrary3d.code.tex
File: tikzlibrary3d.code.tex 2025-08-29 v3.1.11a (3.1.11a)
)
(C:\Users\lugwi\AppData\Local\Programs\MiKTeX\tex/generic/pgf/frontendlayer/tik
z/libraries\tikzlibraryarrows.code.tex
File: tikzlibraryarrows.code.tex 2025-08-29 v3.1.11a (3.1.11a)

(C:\Users\lugwi\AppData\Local\Programs\MiKTeX\tex/generic/pgf/libraries\pgflibr
aryarrows.code.tex
File: pgflibraryarrows.code.tex 2025-08-29 v3.1.11a (3.1.11a)
\arrowsize=\dimen367
)))
(C:\Users\lugwi\AppData\Local\Programs\MiKTeX\tex/latex/tkz-euclide\tkz-euclide
.sty
2026/01/25 5.13c tkz-euclide.sty
Package: tkz-euclide  2026/01/25 5.13c for pure Euclidean Geometry 

(C:\Users\lugwi\AppData\Local\Programs\MiKTeX\tex/generic/pgf/frontendlayer/tik
z/libraries\tikzlibraryangles.code.tex
File: tikzlibraryangles.code.tex 2025-08-29 v3.1.11a (3.1.11a)
)
(C:\Users\lugwi\AppData\Local\Programs\MiKTeX\tex/generic/pgf/libraries\pgflibr
aryarrows.meta.code.tex
File: pgflibraryarrows.meta.code.tex 2025-08-29 v3.1.11a (3.1.11a)
\pgfarrowinset=\dimen368
\pgfarrowlength=\dimen369
\pgfarrowwidth=\dimen370
\pgfarrowlinewidth=\dimen371
)
(C:\Users\lugwi\AppData\Local\Programs\MiKTeX\tex/generic/pgf/frontendlayer/tik
z/libraries\tikzlibrarybackgrounds.code.tex
File: tikzlibrarybackgrounds.code.tex 2025-08-29 v3.1.11a (3.1.11a)
\pgf@layerbox@background=\box103
\pgf@layerboxsaved@background=\box104
)
(C:\Users\lugwi\AppData\Local\Programs\MiKTeX\tex/generic/pgf/frontendlayer/tik
z/libraries\tikzlibrarydecorations.markings.code.tex
(C:\Users\lugwi\AppData\Local\Programs\MiKTeX\tex/generic/pgf/libraries/decorat
ions\pgflibrarydecorations.markings.code.tex))
(C:\Users\lugwi\AppData\Local\Programs\MiKTeX\tex/generic/pgf/frontendlayer/tik
z/libraries\tikzlibrarydecorations.shapes.code.tex
(C:\Users\lugwi\AppData\Local\Programs\MiKTeX\tex/generic/pgf/libraries/decorat
ions\pgflibrarydecorations.shapes.code.tex))
(C:\Users\lugwi\AppData\Local\Programs\MiKTeX\tex/generic/pgf/frontendlayer/tik
z/libraries\tikzlibrarydecorations.text.code.tex
(C:\Users\lugwi\AppData\Local\Programs\MiKTeX\tex/generic/pgf/libraries/decorat
ions\pgflibrarydecorations.text.code.tex
\pgf@lib@dec@text@box=\box105
)
\tikz@lib@dec@te@box=\box106
)
(C:\Users\lugwi\AppData\Local\Programs\MiKTeX\tex/generic/pgf/frontendlayer/tik
z/libraries\tikzlibraryintersections.code.tex
(C:\Users\lugwi\AppData\Local\Programs\MiKTeX\tex/generic/pgf/libraries\pgflibr
aryintersections.code.tex
\pgf@intersect@solutions=\count549
))
(C:\Users\lugwi\AppData\Local\Programs\MiKTeX\tex/generic/pgf/frontendlayer/tik
z/libraries\tikzlibrarymath.code.tex
(C:\Users\lugwi\AppData\Local\Programs\MiKTeX\tex/generic/pgf/frontendlayer/tik
z/libraries\tikzlibraryfpu.code.tex)
\tikz@math@for@depth=\count550
\tikz@math@dimen=\dimen372
\tikz@math@toks=\toks64
)
(C:\Users\lugwi\AppData\Local\Programs\MiKTeX\tex/generic/pgf/frontendlayer/tik
z/libraries\tikzlibrarypositioning.code.tex
File: tikzlibrarypositioning.code.tex 2025-08-29 v3.1.11a (3.1.11a)
)
(C:\Users\lugwi\AppData\Local\Programs\MiKTeX\tex/generic/pgf/frontendlayer/tik
z/libraries\tikzlibraryquotes.code.tex
File: tikzlibraryquotes.code.tex 2025-08-29 v3.1.11a (3.1.11a)
)
(C:\Users\lugwi\AppData\Local\Programs\MiKTeX\tex/generic/pgf/frontendlayer/tik
z/libraries\tikzlibraryshapes.misc.code.tex
File: tikzlibraryshapes.misc.code.tex 2025-08-29 v3.1.11a (3.1.11a)

(C:\Users\lugwi\AppData\Local\Programs\MiKTeX\tex/generic/pgf/libraries/shapes\
pgflibraryshapes.misc.code.tex
File: pgflibraryshapes.misc.code.tex 2025-08-29 v3.1.11a (3.1.11a)
))
(C:\Users\lugwi\AppData\Local\Programs\MiKTeX\tex/generic/pgf/frontendlayer/tik
z/libraries\tikzlibrarythrough.code.tex
File: tikzlibrarythrough.code.tex 2025-08-29 v3.1.11a (3.1.11a)
)
(C:\Users\lugwi\AppData\Local\Programs\MiKTeX\tex/latex/l3packages/xfp\xfp.sty
Package: xfp 2025-10-09 L3 Floating point unit
) (C:\Users\lugwi\AppData\Local\Programs\MiKTeX\tex/latex/xpatch\xpatch.sty
Package: xpatch 2020/03/25 v0.3a Extending etoolbox patching commands
)
\tkzRadius=\dimen373
\tkzLength=\dimen374
\tkz@radi=\dimen375
\tkz@ax=\dimen376
\tkz@ay=\dimen377
\tkz@bx=\dimen378
\tkz@by=\dimen379
\tkz@cx=\dimen380
\tkz@cy=\dimen381
\tkz@dx=\dimen382
\tkz@dy=\dimen383
\tkz@cntmk=\count551

Local configuration file tkz-euclide.cfg found and used

(C:\Users\lugwi\AppData\Local\Programs\MiKTeX\tex/latex/tkz-euclide\tkz-euclide
.cfg
2026/01/25 5.13c tkz-euclide.cfg
)
(C:\Users\lugwi\AppData\Local\Programs\MiKTeX\tex/latex/tkz-euclide/tools\tkz-t
ools-eu-base.tex
2026/01/25 5.13c tkz-tools-eu-base.tex
)
(C:\Users\lugwi\AppData\Local\Programs\MiKTeX\tex/latex/tkz-euclide/tools\tkz-t
ools-eu-utilities.tex
2026/01/25 5.13c tkz-tools-eu-utilities.tex
)
(C:\Users\lugwi\AppData\Local\Programs\MiKTeX\tex/latex/tkz-euclide/tools\tkz-t
ools-eu-BB.tex
2026/01/25 5.13c tkz-obj-eu-BB.tex
)
(C:\Users\lugwi\AppData\Local\Programs\MiKTeX\tex/latex/tkz-euclide/obj\tkz-obj
-eu-grids.tex
2026/01/25 5.13c tkz-obj-eu-grids.tex
)
(C:\Users\lugwi\AppData\Local\Programs\MiKTeX\tex/latex/tkz-euclide/libs\tkz-li
b-eu-marks.tex
2026/01/25 5.13c tkz-lib-eu-marks.tex
)
(C:\Users\lugwi\AppData\Local\Programs\MiKTeX\tex/latex/tkz-euclide/tools\tkz-t
ools-eu-text.tex
2026/01/25 5.13c tkz-tools-eu-text.tex
)
(C:\Users\lugwi\AppData\Local\Programs\MiKTeX\tex/latex/tkz-euclide/libs\tkz-li
b-eu-shape.tex
2026/01/25 5.13c tkz-lib-eu-shape.tex
)
(C:\Users\lugwi\AppData\Local\Programs\MiKTeX\tex/latex/tkz-euclide/obj\tkz-obj
-eu-axesmin.tex
2026/01/25 5.13c tkz-obj-eu-axesmin
)
(C:\Users\lugwi\AppData\Local\Programs\MiKTeX\tex/latex/tkz-euclide/tools\tkz-t
ools-eu-colors.tex
2026/01/25 5.13c tkz-tools-eu-colors
)
(C:\Users\lugwi\AppData\Local\Programs\MiKTeX\tex/latex/tkz-euclide/obj\tkz-obj
-eu-points.tex
2026/01/25 5.13c tkz-obj-eu-points.tex
)
(C:\Users\lugwi\AppData\Local\Programs\MiKTeX\tex/latex/tkz-euclide/drawings\tk
z-draw-eu-points.tex
2026/01/25 5.13c tkz-draw-eu-points.tex
)
(C:\Users\lugwi\AppData\Local\Programs\MiKTeX\tex/latex/tkz-euclide/obj\tkz-obj
-eu-points.tex
2026/01/25 5.13c tkz-obj-eu-points.tex
)
(C:\Users\lugwi\AppData\Local\Programs\MiKTeX\tex/latex/tkz-euclide/obj\tkz-obj
-eu-points-by.tex
2026/01/25 5.13c tkz-tools-eu-points-by.tex
)
(C:\Users\lugwi\AppData\Local\Programs\MiKTeX\tex/latex/tkz-euclide/tools\tkz-t
ools-eu-math.tex
2026/01/25 5.13c tkz-tools-eu-math.tex
)
(C:\Users\lugwi\AppData\Local\Programs\MiKTeX\tex/latex/tkz-euclide/tools\tkz-t
ools-eu-intersections.tex
2026/01/25 5.13c tkz-tools-eu-intersections.tex
)
(C:\Users\lugwi\AppData\Local\Programs\MiKTeX\tex/latex/tkz-euclide/obj\tkz-obj
-eu-points-with.tex
2026/01/25 5.13c tkz-obj-eu-points-with.tex
)
(C:\Users\lugwi\AppData\Local\Programs\MiKTeX\tex/latex/tkz-euclide/obj\tkz-obj
-eu-points-spc.tex
2026/01/25 5.13c tkz-obj-el-points.tex
)
(C:\Users\lugwi\AppData\Local\Programs\MiKTeX\tex/latex/tkz-euclide/tools\tkz-t
ools-eu-angles.tex
2026/01/25 5.13c tkz-tools-eu-angles.tex
)
(C:\Users\lugwi\AppData\Local\Programs\MiKTeX\tex/latex/tkz-euclide/obj\tkz-obj
-eu-circles.tex
2026/01/25 5.13c tkz-obj-eu-circles.tex
)
(C:\Users\lugwi\AppData\Local\Programs\MiKTeX\tex/latex/tkz-euclide/obj\tkz-obj
-eu-circles-by.tex
2026/01/25 5.13c tkz-obj-eu-circles.tex
)
(C:\Users\lugwi\AppData\Local\Programs\MiKTeX\tex/latex/tkz-euclide/obj\tkz-obj
-eu-points-rnd.tex
2026/01/25 5.13c tkz-obj-eu-points-rnd.tex
)
(C:\Users\lugwi\AppData\Local\Programs\MiKTeX\tex/latex/tkz-euclide/obj\tkz-obj
-eu-lines.tex
2026/01/25 5.13c tkz-obj-eu-lines.tex
)
(C:\Users\lugwi\AppData\Local\Programs\MiKTeX\tex/latex/tkz-euclide/obj\tkz-obj
-eu-polygons.tex
2026/01/25 5.13c tkz-obj-eu-polygons.tex
)
(C:\Users\lugwi\AppData\Local\Programs\MiKTeX\tex/latex/tkz-euclide/obj\tkz-obj
-eu-triangles.tex
2026/01/25 5.13c tkz-obj-eu-triangles.tex
)
(C:\Users\lugwi\AppData\Local\Programs\MiKTeX\tex/latex/tkz-euclide/drawings\tk
z-draw-eu-lines.tex
2026/01/25 5.13c tkz-obj-eu-draw-lines.tex
)
(C:\Users\lugwi\AppData\Local\Programs\MiKTeX\tex/latex/tkz-euclide/drawings\tk
z-draw-eu-circles.tex
2026/01/25 5.13c tkz-obj-eu-draw-circles.tex
)
(C:\Users\lugwi\AppData\Local\Programs\MiKTeX\tex/latex/tkz-euclide/drawings\tk
z-draw-eu-ellipses.tex
2026/01/25 5.13c tkz-obj-eu-draw-ellipses.tex
)
(C:\Users\lugwi\AppData\Local\Programs\MiKTeX\tex/latex/tkz-euclide/drawings\tk
z-draw-eu-polygons.tex
2026/01/25 5.13c tkz-obj-eu-polygons.tex
)
(C:\Users\lugwi\AppData\Local\Programs\MiKTeX\tex/latex/tkz-euclide/drawings\tk
z-draw-eu-arcs.tex
2026/01/25 5.13c tkz-tool-eu-arcs.tex
)
(C:\Users\lugwi\AppData\Local\Programs\MiKTeX\tex/latex/tkz-euclide/drawings\tk
z-draw-eu-angles.tex
2026/01/25 5.13c tkz-tool-eu-angles.tex
)
(C:\Users\lugwi\AppData\Local\Programs\MiKTeX\tex/latex/tkz-euclide/drawings\tk
z-draw-eu-sectors.tex
2026/01/25 5.13c tkz-obj-eu-sectors.tex
)
(C:\Users\lugwi\AppData\Local\Programs\MiKTeX\tex/latex/tkz-euclide/drawings\tk
z-draw-eu-compass.tex
2026/01/25 5.13c tkz-obj-eu-compass.tex
)
(C:\Users\lugwi\AppData\Local\Programs\MiKTeX\tex/latex/tkz-euclide/drawings\tk
z-draw-eu-show.tex
2026/01/25 5.13c tkz-obj-eu-show.tex
)
(C:\Users\lugwi\AppData\Local\Programs\MiKTeX\tex/latex/tkz-euclide/drawings\tk
z-draw-eu-protractor.tex
2026/01/25 5.13c tkz-obj-eu-protractor.tex
))
(C:\Users\lugwi\AppData\Local\Programs\MiKTeX\tex/generic/pgf/frontendlayer/tik
z/libraries\tikzlibraryshapes.geometric.code.tex
File: tikzlibraryshapes.geometric.code.tex 2025-08-29 v3.1.11a (3.1.11a)

(C:\Users\lugwi\AppData\Local\Programs\MiKTeX\tex/generic/pgf/libraries/shapes\
pgflibraryshapes.geometric.code.tex
File: pgflibraryshapes.geometric.code.tex 2025-08-29 v3.1.11a (3.1.11a)
))
(C:\Users\lugwi\AppData\Local\Programs\MiKTeX\tex/latex/circuitikz\circuitikz.s
ty
Package: circuitikz 2026/05/24{} The CircuiTikz circuit drawing package version
 1.8.6

(C:\Users\lugwi\AppData\Local\Programs\MiKTeX\tex/generic/pgf/frontendlayer/tik
z/libraries\tikzlibrarybending.code.tex
File: tikzlibrarybending.code.tex 2025-08-29 v3.1.11a (3.1.11a)

(C:\Users\lugwi\AppData\Local\Programs\MiKTeX\tex/generic/pgf/modules\pgfmodule
bending.code.tex
File: pgfmodulebending.code.tex 2025-08-29 v3.1.11a (3.1.11a)

(C:\Users\lugwi\AppData\Local\Programs\MiKTeX\tex/generic/pgf/modules\pgfmodule
nonlineartransformations.code.tex
File: pgfmodulenonlineartransformations.code.tex 2025-08-29 v3.1.11a (3.1.11a)
\pgftransformnonlinearflatness=\dimen384
)
(C:\Users\lugwi\AppData\Local\Programs\MiKTeX\tex/generic/pgf/libraries\pgflibr
arycurvilinear.code.tex
File: pgflibrarycurvilinear.code.tex 2025-08-29 v3.1.11a (3.1.11a)
\pgf@curvilinear@time@a=\dimen385
\pgf@curvilinear@length@a=\dimen386
\pgf@curvilinear@length@b=\dimen387
\pgf@curvilinear@length@c=\dimen388
\pgf@curvilinear@length@d=\dimen389
)
\pgf@arrows@the@rigidity=\dimen390
))
(C:\Users\lugwi\AppData\Local\Programs\MiKTeX\tex/generic/circuitikz\pgfcirc.de
fines.tex
\pgf@circ@count@a=\count552
\pgf@circ@count@b=\count553
\pgf@circ@count@c=\count554
\pgf@circ@res@up=\dimen391
\pgf@circ@res@down=\dimen392
\pgf@circ@res@zero=\dimen393
\pgf@circ@res@left=\dimen394
\pgf@circ@res@right=\dimen395
\pgf@circ@res@other=\dimen396
\pgf@circ@res@step=\dimen397
\pgf@circ@res@temp=\dimen398
\pgf@circ@Rlen=\dimen399
\pgf@circ@scaled@Rlen=\dimen400
\pgfstartlinewidth=\dimen401
)
(C:\Users\lugwi\AppData\Local\Programs\MiKTeX\tex/generic/circuitikz\pgfcircuti
ls.tex
\ctikz@scratchbox=\box107
)
(C:\Users\lugwi\AppData\Local\Programs\MiKTeX\tex/generic/circuitikz\pgfcircpat
h.tex
\ctikz@vif@count=\count555
)
(C:\Users\lugwi\AppData\Local\Programs\MiKTeX\tex/generic/circuitikz\pgfcircsha
pes.tex)
(C:\Users\lugwi\AppData\Local\Programs\MiKTeX\tex/generic/circuitikz\pgfcircmon
opoles.tex)
(C:\Users\lugwi\AppData\Local\Programs\MiKTeX\tex/generic/circuitikz\pgfcircbip
oles.tex)
(C:\Users\lugwi\AppData\Local\Programs\MiKTeX\tex/generic/circuitikz\pgfcirctri
poles.tex
\pgf@circ@res@count=\count556
)
(C:\Users\lugwi\AppData\Local\Programs\MiKTeX\tex/generic/circuitikz\pgfcircqua
dpoles.tex)
(C:\Users\lugwi\AppData\Local\Programs\MiKTeX\tex/generic/circuitikz\pgfcircmul
tipoles.tex)
(C:\Users\lugwi\AppData\Local\Programs\MiKTeX\tex/generic/circuitikz\pgfcirclab
el.tex)
(C:\Users\lugwi\AppData\Local\Programs\MiKTeX\tex/generic/circuitikz\pgfcircvol
tage.tex
\pgfcirc@labelshift=\dimen402
)
(C:\Users\lugwi\AppData\Local\Programs\MiKTeX\tex/generic/circuitikz\pgfcirccur
rent.tex)
(C:\Users\lugwi\AppData\Local\Programs\MiKTeX\tex/generic/circuitikz\pgfcircflo
w.tex))
(C:\Users\lugwi\AppData\Local\Programs\MiKTeX\tex/latex/chemfig\chemfig.sty
(C:\Users\lugwi\AppData\Local\Programs\MiKTeX\tex/generic/chemfig\chemfig.tex
(C:\Users\lugwi\AppData\Local\Programs\MiKTeX\tex/generic/simplekv\simplekv.tex
Package: simplekv 2025/06/15 v0.32 Simple keyval package (CT)
)
\CF_cnt_atomgroup=\count557
\CF_cnt_group=\count558
\CF_cnt_atom=\count559
\CF_cnt_cycle=\count560
\CF_cnt_cyclebonds=\count561
\CF_cnt_compound=\count562
\CF_dim=\dimen403
\CF_turnangle=\dimen404
\CF_arrowsize=\dimen405
\CF_zero=\dimen406
\CF_box=\box108
\CF_boxstuff=\box109
\CF_testbox=\box110
\CF_chargebox=\box111
\CF_substtoks=\toks65
\CF_harrow_boxup=\box112
\CF_harrow_boxdown=\box113
\CF_hreact_cnt=\count563
)
Package: chemfig 2025/10/30 v1.71 Draw molecule with an easy syntax (CT)
)
(C:\Users\lugwi\AppData\Local\Programs\MiKTeX\tex/latex/blindtext\blindtext.sty
Package: blindtext 2012/01/06 V2.0 blindtext-Package
(C:\Users\lugwi\AppData\Local\Programs\MiKTeX\tex/latex/tools\xspace.sty
Package: xspace 2014/10/28 v1.13 Space after command names (DPC,MH)
)
\c@blindtext=\count564
\c@Blindtext=\count565
\c@blind@countparstart=\count566
\blind@countxx=\count567
\blindtext@numBlindtext=\count568
\blind@countyy=\count569
\c@blindlist=\count570
\c@blindlistlevel=\count571
\c@blindlist@level=\count572
\blind@listitem=\count573
\c@blind@listcount=\count574
\c@blind@levelcount=\count575
\blind@mathformula=\count576
\blind@Mathformula=\count577
\c@blind@randomcount=\count578
\c@blind@randommax=\count579
\c@blind@pangramcount=\count580
\c@blind@pangrammax=\count581
)
\c@definition=\count582

(parameters.tex)
Package hyperref Info: Option `hypertexnames' set `false' on input line 261.
Package hyperref Info: Option `colorlinks' set `true' on input line 261.

Package siunitx Info: Option "per-mode = symbol-or-fraction" has been
(siunitx)             deprecated in this release.
(siunitx)             
(siunitx)             Use "display-per-mode = fraction, inline-per-mode =
(siunitx)             symbol" as a replacement.


Package siunitx Info: Option "per-mode = symbol-or-fraction" has been
(siunitx)             deprecated in this release.
(siunitx)             
(siunitx)             Use "display-per-mode = fraction, inline-per-mode =
(siunitx)             symbol" as a replacement.

)
Package csquotes Info: Checking for multilingual support...
Package csquotes Info: ... found 'babel' package.
LaTeX Font Info:    Trying to load font information for T1+lmr on input line 9.


(C:\Users\lugwi\AppData\Local\Programs\MiKTeX\tex/latex/lm\t1lmr.fd
File: t1lmr.fd 2015/05/01 v1.6.1 Font defs for Latin Modern
)
(AAmain.aux (pages/frontpage.aux) (pages/supervisors.aux)
(chapters/chap-1-introduction/introduction.aux)
(chapters/chap-2-theory/chapter-02.aux)
(chapters/chap-3-fabrication/chapter-03.aux)
(chapters/chap-4-experiment/chapter-04.aux)
(chapters/chap-5-conclusion/conclusion.aux) (appendix/appendix.aux)
(pages/declaration-of-authorship.aux))
\openout1 = `AAmain.aux'.

LaTeX Font Info:    Checking defaults for OML/cmm/m/it on input line 9.
LaTeX Font Info:    ... okay on input line 9.
LaTeX Font Info:    Checking defaults for OMS/cmsy/m/n on input line 9.
LaTeX Font Info:    ... okay on input line 9.
LaTeX Font Info:    Checking defaults for OT1/cmr/m/n on input line 9.
LaTeX Font Info:    ... okay on input line 9.
LaTeX Font Info:    Checking defaults for T1/cmr/m/n on input line 9.
LaTeX Font Info:    ... okay on input line 9.
LaTeX Font Info:    Checking defaults for TS1/cmr/m/n on input line 9.
LaTeX Font Info:    ... okay on input line 9.
LaTeX Font Info:    Checking defaults for OMX/cmex/m/n on input line 9.
LaTeX Font Info:    ... okay on input line 9.
LaTeX Font Info:    Checking defaults for U/cmr/m/n on input line 9.
LaTeX Font Info:    ... okay on input line 9.
LaTeX Font Info:    Checking defaults for PD1/pdf/m/n on input line 9.
LaTeX Font Info:    ... okay on input line 9.
LaTeX Font Info:    Checking defaults for PU/pdf/m/n on input line 9.
LaTeX Font Info:    ... okay on input line 9.

*geometry* driver: auto-detecting
*geometry* detected driver: pdftex
*geometry* verbose mode - [ preamble ] result:
* driver: pdftex
* paper: a4paper
* layout: <same size as paper>
* layoutoffset:(h,v)=(0.0pt,0.0pt)
* modes: twoside 
* h-part:(L,W,R)=(68.28644pt, 460.935pt, 68.28644pt)
* v-part:(T,H,B)=(71.13188pt, 702.78308pt, 71.13188pt)
* \paperwidth=597.50787pt
* \paperheight=845.04684pt
* \textwidth=460.935pt
* \textheight=702.78308pt
* \oddsidemargin=-3.98355pt
* \evensidemargin=-3.98355pt
* \topmargin=-36.0119pt
* \headheight=15.0pt
* \headsep=19.8738pt
* \topskip=12.0pt
* \footskip=30.0pt
* \marginparwidth=88.0pt
* \marginparsep=7.0pt
* \columnsep=10.0pt
* \skip\footins=10.8pt plus 4.0pt minus 2.0pt
* \hoffset=0.0pt
* \voffset=0.0pt
* \mag=1000
* \@twocolumnfalse
* \@twosidetrue
* \@mparswitchtrue
* \@reversemarginfalse
* (1in=72.27pt=25.4mm, 1cm=28.453pt)

Package biblatex Info: Trying to load language 'english'...
Package biblatex Info: ... file 'english.lbx' found.

(C:\Users\lugwi\AppData\Local\Programs\MiKTeX\tex/latex/biblatex/lbx\english.lb
x
File: english.lbx 2025/07/10 v3.21 biblatex localization (PK/MW)
)
Package biblatex Info: Input encoding 'utf8' detected.
Package biblatex Info: Automatic encoding selection.
(biblatex)             Assuming data encoding 'utf8'.
\openout3 = `AAmain.bcf'.

Package biblatex Info: Trying to load bibliographic data...
Package biblatex Info: ... file 'AAmain.bbl' found.
 (AAmain.bbl)
Package biblatex Info: Reference section=0 on input line 9.
Package biblatex Info: Reference segment=0 on input line 9.

(C:\Users\lugwi\AppData\Local\Programs\MiKTeX\tex/latex/ragged2e\ragged2e.sty
Package: ragged2e 2023/06/22 v3.6 ragged2e Package
\CenteringLeftskip=\skip114
\RaggedLeftLeftskip=\skip115
\RaggedRightLeftskip=\skip116
\CenteringRightskip=\skip117
\RaggedLeftRightskip=\skip118
\RaggedRightRightskip=\skip119
\CenteringParfillskip=\skip120
\RaggedLeftParfillskip=\skip121
\RaggedRightParfillskip=\skip122
\JustifyingParfillskip=\skip123
\CenteringParindent=\skip124
\RaggedLeftParindent=\skip125
\RaggedRightParindent=\skip126
\JustifyingParindent=\skip127
)
(C:\Users\lugwi\AppData\Local\Programs\MiKTeX\tex/latex/translations/dicts\tran
slations-basic-dictionary-english.trsl
File: translations-basic-dictionary-english.trsl (english translation file `tra
nslations-basic-dictionary')
)
Package translations Info: loading dictionary `translations-basic-dictionary' f
or `english'. on input line 9.

(C:\Users\lugwi\AppData\Local\Programs\MiKTeX\tex/context/base/mkii\supp-pdf.mk
ii
[Loading MPS to PDF converter (version 2006.09.02).]
\scratchcounter=\count583
\scratchdimen=\dimen407
\scratchbox=\box114
\nofMPsegments=\count584
\nofMParguments=\count585
\everyMPshowfont=\toks66
\MPscratchCnt=\count586
\MPscratchDim=\dimen408
\MPnumerator=\count587
\makeMPintoPDFobject=\count588
\everyMPtoPDFconversion=\toks67
)
(C:\Users\lugwi\AppData\Local\Programs\MiKTeX\tex/latex/epstopdf-pkg\epstopdf-b
ase.sty
Package: epstopdf-base 2020-01-24 v2.11 Base part for package epstopdf

(C:\Users\lugwi\AppData\Local\Programs\MiKTeX\tex/latex/grfext\grfext.sty
Package: grfext 2019/12/03 v1.3 Manage graphics extensions (HO)
)
Package epstopdf-base Info: Redefining graphics rule for `.eps' on input line 4
85.
Package grfext Info: Graphics extension search list:
(grfext)             [.pdf,.png,.jpg,.mps,.jpeg,.jbig2,.jb2,.PDF,.PNG,.JPG,.JPE
G,.JBIG2,.JB2,.eps]
(grfext)             \AppendGraphicsExtensions on input line 504.

(C:\Users\lugwi\AppData\Local\Programs\MiKTeX\tex/latex/00miktex\epstopdf-sys.c
fg
File: epstopdf-sys.cfg 2021/03/18 v2.0 Configuration of epstopdf for MiKTeX
))
\c@lstlisting=\count589

Package pgfplots notification 'compat/show suggested version=true': document ha
s been generated with the most recent feature set (\pgfplotsset{compat=1.18}).

Package caption Info: Begin \AtBeginDocument code.
Package caption Info: hyperref package is loaded.
Package caption Info: End \AtBeginDocument code.
Package hyperref Info: Link coloring ON on input line 9.
(AAmain.out) (AAmain.out)
\@outlinefile=\write6
\openout6 = `AAmain.out'.

Package babel Info: Main language set to 'english'.
\openout2 = `pages/frontpage.aux'.

 (pages/frontpage.tex
LaTeX Font Info:    Trying to load font information for T1+lmss on input line 8
.

(C:\Users\lugwi\AppData\Local\Programs\MiKTeX\tex/latex/lm\t1lmss.fd
File: t1lmss.fd 2015/05/01 v1.6.1 Font defs for Latin Modern
)
Package epstopdf Info: Source file: <figures/siegel.eps>
(epstopdf)                    date: 2026-07-01 08:47:28
(epstopdf)                    size: 167923 bytes
(epstopdf)             Output file: <figures/siegel-eps-converted-to.pdf>
(epstopdf)                    date: 2026-07-01 08:47:35
(epstopdf)                    size: 27399 bytes
(epstopdf)             Command: <miktex-epstopdf --outfile=figures/siegel-eps-c
onverted-to.pdf figures/siegel.eps>
(epstopdf)             \includegraphics on input line 28.
Package epstopdf Info: Output file is already uptodate.
<figures/siegel-eps-converted-to.pdf, id=258, 286.06876pt x 286.06876pt>
File: figures/siegel-eps-converted-to.pdf Graphic file (type pdf)
<use figures/siegel-eps-converted-to.pdf>
Package pdftex.def Info: figures/siegel-eps-converted-to.pdf  used on input lin
e 28.
(pdftex.def)             Requested size: 243.15959pt x 243.15959pt.
 [1




{C:/Users/lugwi/AppData/Local/MiKTeX/fonts/map/pdftex/pdftex.map}{C:/Users/lugw
i/AppData/Local/Programs/MiKTeX/fonts/enc/dvips/lm/lm-ec.enc} <./figures/siegel
-eps-converted-to.pdf>]) [2



]
\openout2 = `pages/supervisors.aux'.

 (pages/supervisors.tex [3

]) (pages/abstract.tex
LaTeX Font Info:    Trying to load font information for OT1+lmr on input line 2
3.

(C:\Users\lugwi\AppData\Local\Programs\MiKTeX\tex/latex/lm\ot1lmr.fd
File: ot1lmr.fd 2015/05/01 v1.6.1 Font defs for Latin Modern
)
LaTeX Font Info:    Trying to load font information for OML+lmm on input line 2
3.

(C:\Users\lugwi\AppData\Local\Programs\MiKTeX\tex/latex/lm\omllmm.fd
File: omllmm.fd 2015/05/01 v1.6.1 Font defs for Latin Modern
)
LaTeX Font Info:    Trying to load font information for OMS+lmsy on input line 
23.

(C:\Users\lugwi\AppData\Local\Programs\MiKTeX\tex/latex/lm\omslmsy.fd
File: omslmsy.fd 2015/05/01 v1.6.1 Font defs for Latin Modern
)
LaTeX Font Info:    Trying to load font information for OMX+lmex on input line 
23.

(C:\Users\lugwi\AppData\Local\Programs\MiKTeX\tex/latex/lm\omxlmex.fd
File: omxlmex.fd 2015/05/01 v1.6.1 Font defs for Latin Modern
)
LaTeX Font Info:    External font `lmex10' loaded for size
(Font)              <12> on input line 23.
LaTeX Font Info:    External font `lmex10' loaded for size
(Font)              <8> on input line 23.
LaTeX Font Info:    External font `lmex10' loaded for size
(Font)              <6> on input line 23.
LaTeX Font Info:    Trying to load font information for U+msa on input line 23.


(C:\Users\lugwi\AppData\Local\Programs\MiKTeX\tex/latex/amsfonts\umsa.fd
File: umsa.fd 2013/01/14 v3.01 AMS symbols A
)
LaTeX Font Info:    Trying to load font information for U+msb on input line 23.


(C:\Users\lugwi\AppData\Local\Programs\MiKTeX\tex/latex/amsfonts\umsb.fd
File: umsb.fd 2013/01/14 v3.01 AMS symbols B
)
LaTeX Font Info:    Trying to load font information for U+rsfs on input line 23
.

(C:\Users\lugwi\AppData\Local\Programs\MiKTeX\tex/latex/jknappen\ursfs.fd
File: ursfs.fd 1998/03/24 rsfs font definition file (jk)
)
LaTeX Font Info:    Trying to load font information for U+wasy on input line 23
.

(C:\Users\lugwi\AppData\Local\Programs\MiKTeX\tex/latex/wasysym\uwasy.fd
File: uwasy.fd 2020/01/19 v2.4 Wasy-2 symbol font definitions
))
[4




{C:/Users/lugwi/AppData/Local/Programs/MiKTeX/fonts/enc/dvips/lm/lm-mathit.enc}
{C:/Users/lugwi/AppData/Local/Programs/MiKTeX/fonts/enc/dvips/lm/lm-mathsy.enc}
{C:/Users/lugwi/AppData/Local/Programs/MiKTeX/fonts/enc/dvips/lm/lm-rm.enc}]
(AAmain.toc [5


])
\tf@toc=\write7
\openout7 = `AAmain.toc'.

 [6] (AAmain.lof [7


])
\tf@lof=\write8
\openout8 = `AAmain.lof'.

 [8] (AAmain.lot)
\tf@lot=\write9
\openout9 = `AAmain.lot'.

 [9


]
\openout2 = `chapters/chap-1-introduction/introduction.aux'.


(chapters/chap-1-introduction/introduction.tex
Chapter 1.
(chapters/chap-1-introduction/sec-1.tex

LaTeX Warning: Citation 'Bruetting2005' on page 1 undefined on input line 8.


LaTeX Warning: Citation 'Sirringhaus2005DevicePhysics' on page 1 undefined on i
nput line 8.


LaTeX Warning: Citation 'Natali2012ChargeInjection' on page 1 undefined on inpu
t line 31.


LaTeX Warning: Citation 'Bittle2016MobilityOverestimation' on page 1 undefined 
on input line 31.

) [1



] (chapters/chap-1-introduction/sec-2.tex

LaTeX Warning: Citation 'VanDerPauw1958' on page 2 undefined on input line 7.


LaTeX Warning: Citation 'Natali2012ChargeInjection' on page 2 undefined on inpu
t line 16.


LaTeX Warning: Citation 'Bittle2016MobilityOverestimation' on page 2 undefined 
on input line 19.


LaTeX Warning: Citation 'Rolin2017GVDP' on page 2 undefined on input line 26.


LaTeX Warning: Citation 'Bonafe2021EgVDP' on page 2 undefined on input line 28.



LaTeX Warning: Citation 'Lee2024GVDPIGZO' on page 2 undefined on input line 28.



LaTeX Warning: Citation 'Lee2025VoltageDrivenGVDP' on page 2 undefined on input
 line 28.

) (chapters/chap-1-introduction/sec-3.tex [2]

LaTeX Warning: Citation 'Hirwa2015TrapStates' on page 3 undefined on input line
 45.


LaTeX Warning: Citation 'Bobbert2012OperationalStability' on page 3 undefined o
n input line 45.

)) [3]
\openout2 = `chapters/chap-2-theory/chapter-02.aux'.

 (chapters/chap-2-theory/chapter-02.tex
Chapter 2.
(chapters/chap-2-theory/sec-1.tex

LaTeX Warning: Citation 'Kittel2004' on page 4 undefined on input line 11.


LaTeX Warning: Citation 'Neamen' on page 4 undefined on input line 11.


LaTeX Warning: Citation 'Neamen' on page 4 undefined on input line 23.


LaTeX Warning: Citation 'Kittel2004' on page 4 undefined on input line 27.


LaTeX Warning: Citation 'Neamen' on page 4 undefined on input line 27.

[4




{C:/Users/lugwi/AppData/Local/Programs/MiKTeX/fonts/enc/dvips/lm/lm-mathex.enc}
]

LaTeX Warning: Citation 'Kittel2004' on page 5 undefined on input line 60.


LaTeX Warning: Citation 'Neamen' on page 5 undefined on input line 60.


LaTeX Warning: Citation 'Neamen' on page 5 undefined on input line 63.


LaTeX Warning: Citation 'Kittel2004' on page 5 undefined on input line 65.


LaTeX Warning: Citation 'Neamen' on page 5 undefined on input line 65.

<figures/band_diagram.pdf, id=473, 455.2441pt x 170.71654pt>
File: figures/band_diagram.pdf Graphic file (type pdf)
<use figures/band_diagram.pdf>
Package pdftex.def Info: figures/band_diagram.pdf  used on input line 70.
(pdftex.def)             Requested size: 455.24298pt x 170.71611pt.

LaTeX Warning: Citation 'Bruetting2005' on page 5 undefined on input line 81.

[5 <./figures/band_diagram.pdf>]

LaTeX Warning: Citation 'Neamen' on page 6 undefined on input line 90.


LaTeX Warning: Citation 'Neamen' on page 6 undefined on input line 95.


LaTeX Warning: Citation 'Neamen' on page 6 undefined on input line 115.


LaTeX Warning: Citation 'Neamen' on page 6 undefined on input line 122.


LaTeX Warning: Citation 'Neamen' on page 6 undefined on input line 125.


LaTeX Warning: Citation 'Neamen' on page 6 undefined on input line 130.


LaTeX Warning: Citation 'Neamen' on page 6 undefined on input line 142.


LaTeX Warning: Citation 'Neamen' on page 6 undefined on input line 150.

[6]

LaTeX Warning: Citation 'Neamen' on page 7 undefined on input line 157.

Package epstopdf Info: Source file: <figures/intrinsic_density.eps>
(epstopdf)                    date: 2026-07-01 08:47:28
(epstopdf)                    size: 531295 bytes
(epstopdf)             Output file: <figures/intrinsic_density-eps-converted-to
.pdf>
(epstopdf)                    date: 2026-07-01 08:47:45
(epstopdf)                    size: 35178 bytes
(epstopdf)             Command: <miktex-epstopdf --outfile=figures/intrinsic_de
nsity-eps-converted-to.pdf figures/intrinsic_density.eps>
(epstopdf)             \includegraphics on input line 165.
Package epstopdf Info: Output file is already uptodate.
<figures/intrinsic_density-eps-converted-to.pdf, id=507, 171.64125pt x 227.8512
6pt>
File: figures/intrinsic_density-eps-converted-to.pdf Graphic file (type pdf)
<use figures/intrinsic_density-eps-converted-to.pdf>
Package pdftex.def Info: figures/intrinsic_density-eps-converted-to.pdf  used o
n input line 165.
(pdftex.def)             Requested size: 171.64081pt x 227.8507pt.
Package epstopdf Info: Source file: <figures/doped_density.eps>
(epstopdf)                    date: 2026-07-01 08:47:28
(epstopdf)                    size: 510672 bytes
(epstopdf)             Output file: <figures/doped_density-eps-converted-to.pdf
>
(epstopdf)                    date: 2026-07-01 08:47:47
(epstopdf)                    size: 35106 bytes
(epstopdf)             Command: <miktex-epstopdf --outfile=figures/doped_densit
y-eps-converted-to.pdf figures/doped_density.eps>
(epstopdf)             \includegraphics on input line 166.
Package epstopdf Info: Output file is already uptodate.
<figures/doped_density-eps-converted-to.pdf, id=508, 171.64125pt x 227.85126pt>

File: figures/doped_density-eps-converted-to.pdf Graphic file (type pdf)
<use figures/doped_density-eps-converted-to.pdf>
Package pdftex.def Info: figures/doped_density-eps-converted-to.pdf  used on in
put line 166.
(pdftex.def)             Requested size: 171.64081pt x 227.8507pt.

LaTeX Warning: Citation 'Neamen' on page 7 undefined on input line 176.


LaTeX Warning: Citation 'Neamen' on page 7 undefined on input line 183.


LaTeX Warning: Citation 'Neamen' on page 7 undefined on input line 198.

[7 <./figures/intrinsic_density-eps-converted-to.pdf> <./figures/doped_density-
eps-converted-to.pdf>]

LaTeX Warning: Citation 'Neamen' on page 8 undefined on input line 217.


LaTeX Warning: Citation 'Bruetting2005' on page 8 undefined on input line 218.


LaTeX Warning: Citation 'Neamen' on page 8 undefined on input line 227.


LaTeX Warning: Citation 'Bruetting2005' on page 8 undefined on input line 241.


LaTeX Warning: Citation 'Neamen' on page 8 undefined on input line 251.


LaTeX Warning: Citation 'ElKareh2015RectifyingOhmicContacts' on page 8 undefine
d on input line 251.

[8]

LaTeX Warning: Citation 'Neamen' on page 9 undefined on input line 268.

Package epstopdf Info: Source file: <figures/Schottky-before-contact.eps>
(epstopdf)                    date: 2026-07-01 08:47:29
(epstopdf)                    size: 218544 bytes
(epstopdf)             Output file: <figures/Schottky-before-contact-eps-conver
ted-to.pdf>
(epstopdf)                    date: 2026-07-01 08:47:50
(epstopdf)                    size: 8171 bytes
(epstopdf)             Command: <miktex-epstopdf --outfile=figures/Schottky-bef
ore-contact-eps-converted-to.pdf figures/Schottky-before-contact.eps>
(epstopdf)             \includegraphics on input line 272.
Package epstopdf Info: Output file is already uptodate.
<figures/Schottky-before-contact-eps-converted-to.pdf, id=549, 227.85126pt x 17
1.64125pt>
File: figures/Schottky-before-contact-eps-converted-to.pdf Graphic file (type p
df)
<use figures/Schottky-before-contact-eps-converted-to.pdf>
Package pdftex.def Info: figures/Schottky-before-contact-eps-converted-to.pdf  
used on input line 272.
(pdftex.def)             Requested size: 227.8507pt x 171.64081pt.
Package epstopdf Info: Source file: <figures/Schottky-after-contact.eps>
(epstopdf)                    date: 2026-07-01 08:47:28
(epstopdf)                    size: 228960 bytes
(epstopdf)             Output file: <figures/Schottky-after-contact-eps-convert
ed-to.pdf>
(epstopdf)                    date: 2026-07-01 08:47:52
(epstopdf)                    size: 10082 bytes
(epstopdf)             Command: <miktex-epstopdf --outfile=figures/Schottky-aft
er-contact-eps-converted-to.pdf figures/Schottky-after-contact.eps>
(epstopdf)             \includegraphics on input line 274.
Package epstopdf Info: Output file is already uptodate.
<figures/Schottky-after-contact-eps-converted-to.pdf, id=550, 227.85126pt x 171
.64125pt>
File: figures/Schottky-after-contact-eps-converted-to.pdf Graphic file (type pd
f)
<use figures/Schottky-after-contact-eps-converted-to.pdf>
Package pdftex.def Info: figures/Schottky-after-contact-eps-converted-to.pdf  u
sed on input line 274.
(pdftex.def)             Requested size: 227.8507pt x 171.64081pt.

LaTeX Warning: Citation 'Michaelson1977WorkFunctionElements' on page 9 undefine
d on input line 289.


LaTeX Warning: Citation 'Wang2017LowVoltageC8BTBT' on page 9 undefined on input
 line 289.


LaTeX Warning: Citation 'Greiner2013ThinFilmMetalOxides' on page 9 undefined on
 input line 289.


LaTeX Warning: Citation 'Ablat2019OxideMetalBilayerElectrodes' on page 9 undefi
ned on input line 289.


Overfull \hbox (22.12283pt too wide) in paragraph at lines 284--290
\T1/lmr/m/n/12 tran-sis-tors [[], [],
 []


LaTeX Warning: Citation 'Neamen' on page 9 undefined on input line 299.


LaTeX Warning: Citation 'ElKareh2015RectifyingOhmicContacts' on page 9 undefine
d on input line 299.


LaTeX Warning: Citation 'Neamen' on page 9 undefined on input line 311.


LaTeX Warning: Citation 'Bruetting2005' on page 9 undefined on input line 311.

[9 <./figures/Schottky-before-contact-eps-converted-to.pdf> <./figures/Schottky
-after-contact-eps-converted-to.pdf>]
Package epstopdf Info: Source file: <figures/schottky-00.eps>
(epstopdf)                    date: 2026-07-01 08:47:28
(epstopdf)                    size: 272325 bytes
(epstopdf)             Output file: <figures/schottky-00-eps-converted-to.pdf>
(epstopdf)                    date: 2026-07-01 08:47:55
(epstopdf)                    size: 19682 bytes
(epstopdf)             Command: <miktex-epstopdf --outfile=figures/schottky-00-
eps-converted-to.pdf figures/schottky-00.eps>
(epstopdf)             \includegraphics on input line 335.
Package epstopdf Info: Output file is already uptodate.
<figures/schottky-00-eps-converted-to.pdf, id=582, 227.85126pt x 171.64125pt>
File: figures/schottky-00-eps-converted-to.pdf Graphic file (type pdf)
<use figures/schottky-00-eps-converted-to.pdf>
Package pdftex.def Info: figures/schottky-00-eps-converted-to.pdf  used on inpu
t line 335.
(pdftex.def)             Requested size: 165.93687pt x 125.00372pt.
Package epstopdf Info: Source file: <figures/ohmic-00.eps>
(epstopdf)                    date: 2026-07-01 08:47:28
(epstopdf)                    size: 271086 bytes
(epstopdf)             Output file: <figures/ohmic-00-eps-converted-to.pdf>
(epstopdf)                    date: 2026-07-01 08:47:58
(epstopdf)                    size: 18417 bytes
(epstopdf)             Command: <miktex-epstopdf --outfile=figures/ohmic-00-eps
-converted-to.pdf figures/ohmic-00.eps>
(epstopdf)             \includegraphics on input line 335.
Package epstopdf Info: Output file is already uptodate.
<figures/ohmic-00-eps-converted-to.pdf, id=583, 227.85126pt x 171.64125pt>
File: figures/ohmic-00-eps-converted-to.pdf Graphic file (type pdf)
<use figures/ohmic-00-eps-converted-to.pdf>
Package pdftex.def Info: figures/ohmic-00-eps-converted-to.pdf  used on input l
ine 335.
(pdftex.def)             Requested size: 165.93687pt x 125.00372pt.
Package epstopdf Info: Source file: <figures/schottky-01.eps>
(epstopdf)                    date: 2026-07-01 08:47:28
(epstopdf)                    size: 280096 bytes
(epstopdf)             Output file: <figures/schottky-01-eps-converted-to.pdf>
(epstopdf)                    date: 2026-07-01 08:48:00
(epstopdf)                    size: 21729 bytes
(epstopdf)             Command: <miktex-epstopdf --outfile=figures/schottky-01-
eps-converted-to.pdf figures/schottky-01.eps>
(epstopdf)             \includegraphics on input line 335.
Package epstopdf Info: Output file is already uptodate.
<figures/schottky-01-eps-converted-to.pdf, id=584, 227.85126pt x 171.64125pt>
File: figures/schottky-01-eps-converted-to.pdf Graphic file (type pdf)
<use figures/schottky-01-eps-converted-to.pdf>
Package pdftex.def Info: figures/schottky-01-eps-converted-to.pdf  used on inpu
t line 335.
(pdftex.def)             Requested size: 165.93687pt x 125.00372pt.
Package epstopdf Info: Source file: <figures/ohmic-01.eps>
(epstopdf)                    date: 2026-07-01 08:47:29
(epstopdf)                    size: 271244 bytes
(epstopdf)             Output file: <figures/ohmic-01-eps-converted-to.pdf>
(epstopdf)                    date: 2026-07-01 08:48:03
(epstopdf)                    size: 18641 bytes
(epstopdf)             Command: <miktex-epstopdf --outfile=figures/ohmic-01-eps
-converted-to.pdf figures/ohmic-01.eps>
(epstopdf)             \includegraphics on input line 335.
Package epstopdf Info: Output file is already uptodate.
<figures/ohmic-01-eps-converted-to.pdf, id=585, 227.85126pt x 171.64125pt>
File: figures/ohmic-01-eps-converted-to.pdf Graphic file (type pdf)
<use figures/ohmic-01-eps-converted-to.pdf>
Package pdftex.def Info: figures/ohmic-01-eps-converted-to.pdf  used on input l
ine 335.
(pdftex.def)             Requested size: 165.93687pt x 125.00372pt.
Package epstopdf Info: Source file: <figures/schottky-02.eps>
(epstopdf)                    date: 2026-07-01 08:47:28
(epstopdf)                    size: 280299 bytes
(epstopdf)             Output file: <figures/schottky-02-eps-converted-to.pdf>
(epstopdf)                    date: 2026-07-01 08:48:05
(epstopdf)                    size: 21812 bytes
(epstopdf)             Command: <miktex-epstopdf --outfile=figures/schottky-02-
eps-converted-to.pdf figures/schottky-02.eps>
(epstopdf)             \includegraphics on input line 335.
Package epstopdf Info: Output file is already uptodate.
<figures/schottky-02-eps-converted-to.pdf, id=586, 227.85126pt x 171.64125pt>
File: figures/schottky-02-eps-converted-to.pdf Graphic file (type pdf)
<use figures/schottky-02-eps-converted-to.pdf>
Package pdftex.def Info: figures/schottky-02-eps-converted-to.pdf  used on inpu
t line 335.
(pdftex.def)             Requested size: 165.93687pt x 125.00372pt.
Package epstopdf Info: Source file: <figures/ohmic-02.eps>
(epstopdf)                    date: 2026-07-01 08:47:29
(epstopdf)                    size: 271139 bytes
(epstopdf)             Output file: <figures/ohmic-02-eps-converted-to.pdf>
(epstopdf)                    date: 2026-07-01 08:48:08
(epstopdf)                    size: 18572 bytes
(epstopdf)             Command: <miktex-epstopdf --outfile=figures/ohmic-02-eps
-converted-to.pdf figures/ohmic-02.eps>
(epstopdf)             \includegraphics on input line 335.
Package epstopdf Info: Output file is already uptodate.
<figures/ohmic-02-eps-converted-to.pdf, id=587, 227.85126pt x 171.64125pt>
File: figures/ohmic-02-eps-converted-to.pdf Graphic file (type pdf)
<use figures/ohmic-02-eps-converted-to.pdf>
Package pdftex.def Info: figures/ohmic-02-eps-converted-to.pdf  used on input l
ine 335.
(pdftex.def)             Requested size: 165.93687pt x 125.00372pt.


LaTeX Warning: Citation 'Neamen' on page 10 undefined on input line 349.


LaTeX Warning: Citation 'Hu2010MOSCapacitor' on page 10 undefined on input line
 349.

[10 <./figures/schottky-00-eps-converted-to.pdf> <./figures/ohmic-00-eps-conver
ted-to.pdf> <./figures/schottky-01-eps-converted-to.pdf> <./figures/ohmic-01-ep
s-converted-to.pdf> <./figures/schottky-02-eps-converted-to.pdf> <./figures/ohm
ic-02-eps-converted-to.pdf>]

LaTeX Warning: Citation 'Manda2018OrganicMISCapacitor' on page 11 undefined on 
input line 358.


LaTeX Warning: Citation 'Bruetting2005' on page 11 undefined on input line 358.



LaTeX Warning: Citation 'Hu2010MOSCapacitor' on page 11 undefined on input line
 370.


LaTeX Warning: Citation 'Manda2018OrganicMISCapacitor' on page 11 undefined on 
input line 370.

) (chapters/chap-2-theory/sec-2.tex (figures/tikz/C8BTBT.tex)
(figures/tikz/C12BTBT.tex) (figures/tikz/DNTT.tex) (figures/tikz/PhBTBT.tex)

LaTeX Warning: Citation 'Bruetting2005' on page 11 undefined on input line 47.


LaTeX Warning: Citation 'Coropceanu2007ChargeTransport' on page 11 undefined on
 input line 47.


LaTeX Warning: Citation 'Wang2017LowVoltageC8BTBT' on page 11 undefined on inpu
t line 49.


LaTeX Warning: Citation 'Sirringhaus2005DevicePhysics' on page 11 undefined on 
input line 49.


Overfull \hbox (75.2116pt too wide) in paragraph at lines 40--50
\T1/lmr/m/n/12 DNTT, are shown in Fig-ure [][]2.5[][] [[], []]. 
 []

[11]

LaTeX Warning: Citation 'Bruetting2005' on page 12 undefined on input line 71.


LaTeX Warning: Citation 'Coropceanu2007ChargeTransport' on page 12 undefined on
 input line 71.

(figures/tikz/ethene-1.tex
LaTeX Font Info:    External font `lmex10' loaded for size
(Font)              <17.28> on input line 105.
LaTeX Font Info:    External font `lmex10' loaded for size
(Font)              <10> on input line 105.
) (figures/tikz/ethene-2.tex)

LaTeX Warning: Citation 'Riederer2023Dissertation' on page 12 undefined on inpu
t line 89.


LaTeX Warning: Citation 'Neamen' on page 12 undefined on input line 89.


LaTeX Warning: Citation 'Riederer2023Dissertation' on page 12 undefined on inpu
t line 89.


LaTeX Warning: Citation 'Neamen' on page 12 undefined on input line 89.


LaTeX Warning: Citation 'Coropceanu2007ChargeTransport' on page 12 undefined on
 input line 100.


LaTeX Warning: Citation 'Bruetting2005' on page 12 undefined on input line 109.


[12]

LaTeX Warning: Citation 'Bruetting2005' on page 13 undefined on input line 119.



LaTeX Warning: Citation 'Sirringhaus2005DevicePhysics' on page 13 undefined on 
input line 119.


LaTeX Warning: Citation 'Bassler1993ChargeTransport' on page 13 undefined on in
put line 139.


LaTeX Warning: Citation 'Bruetting2005' on page 13 undefined on input line 139.



LaTeX Warning: Citation 'Darwish2020DriftDiffusionOFET' on page 13 undefined on
 input line 139.


LaTeX Warning: Citation 'Bruetting2005' on page 13 undefined on input line 153.



LaTeX Warning: Citation 'Hirwa2015TrapStates' on page 13 undefined on input lin
e 153.


Overfull \hbox (82.94157pt too wide) in paragraph at lines 151--154
\T1/lmr/m/n/12 where $\OML/lmm/m/it/12 q$ \T1/lmr/m/n/12 is the el-e-men-tary c
harge and $\OML/lmm/m/it/12 ^^V$ \T1/lmr/m/n/12 is the ef-fec-tive mo-bil-ity  
[[], []]. 
 []


LaTeX Warning: Citation 'Hirwa2015TrapStates' on page 13 undefined on input lin
e 161.


LaTeX Warning: Citation 'Bobbert2012OperationalStability' on page 13 undefined 
on input line 161.


Overfull \hbox (42.11574pt too wide) in paragraph at lines 155--162
\T1/lmr/m/n/12 tween mo-bile and trapped states [[], []]. 
 []


LaTeX Warning: Citation 'Sirringhaus2005DevicePhysics' on page 13 undefined on 
input line 172.


LaTeX Warning: Citation 'Bruetting2005' on page 13 undefined on input line 172.


[13]

LaTeX Warning: Citation 'Sirringhaus2005DevicePhysics' on page 14 undefined on 
input line 193.


LaTeX Warning: Citation 'Rolin2017GVDP' on page 14 undefined on input line 193.



Overfull \hbox (38.65927pt too wide) in paragraph at lines 188--194
\T1/lmr/m/n/12 con-duc-tance cor-re-sponds to a spe-cific probed re-gion of the
 film [[],
 []


LaTeX Warning: Citation 'Stodtmann2012OrganicSimulation' on page 14 undefined o
n input line 210.


LaTeX Warning: Citation 'Darwish2020DriftDiffusionOFET' on page 14 undefined on
 input line 210.


Overfull \hbox (82.17712pt too wide) in paragraph at lines 205--211
\T1/lmr/m/n/12 mo-bile car-ri-ers and the oc-cu-pa-tion of lo-cal-ized tail and
 trap states  [[],
 []


LaTeX Warning: Citation 'Sakanoue2010BandLikeMobility' on page 14 undefined on 
input line 224.


LaTeX Warning: Citation 'Coropceanu2007ChargeTransport' on page 14 undefined on
 input line 224.

[14]

LaTeX Warning: Citation 'Bassler1993ChargeTransport' on page 15 undefined on in
put line 239.


LaTeX Warning: Citation 'Bruetting2005' on page 15 undefined on input line 239.



LaTeX Warning: Citation 'Neamen' on page 15 undefined on input line 266.


LaTeX Warning: Citation 'Bruetting2005' on page 15 undefined on input line 266.



LaTeX Warning: Citation 'Coropceanu2007ChargeTransport' on page 15 undefined on
 input line 266.

Package epstopdf Info: Source file: <figures/temp-dependence.eps>
(epstopdf)                    date: 2026-07-01 08:47:29
(epstopdf)                    size: 263220 bytes
(epstopdf)             Output file: <figures/temp-dependence-eps-converted-to.p
df>
(epstopdf)                    date: 2026-07-01 08:48:12
(epstopdf)                    size: 12627 bytes
(epstopdf)             Command: <miktex-epstopdf --outfile=figures/temp-depende
nce-eps-converted-to.pdf figures/temp-dependence.eps>
(epstopdf)             \includegraphics on input line 270.
Package epstopdf Info: Output file is already uptodate.
<figures/temp-dependence-eps-converted-to.pdf, id=690, 285.065pt x 171.64125pt>

File: figures/temp-dependence-eps-converted-to.pdf Graphic file (type pdf)
<use figures/temp-dependence-eps-converted-to.pdf>
Package pdftex.def Info: figures/temp-dependence-eps-converted-to.pdf  used on 
input line 270.
(pdftex.def)             Requested size: 285.0643pt x 171.64081pt.

LaTeX Warning: `h' float specifier changed to `ht'.

) (chapters/chap-2-theory/sec-3.tex [15]

LaTeX Warning: Citation 'Sirringhaus2005DevicePhysics' on page 16 undefined on 
input line 11.


LaTeX Warning: Citation 'Bruetting2005' on page 16 undefined on input line 11.


LaTeX Warning: Citation 'Sirringhaus2005DevicePhysics' on page 16 undefined on 
input line 30.


LaTeX Warning: Citation 'Natali2012ChargeInjection' on page 16 undefined on inp
ut line 30.

(figures/tikz/oFET-side-sub.tex) (figures/tikz/oFET-side-linear-1.tex)
(figures/tikz/oFET-side-linear-2.tex) (figures/tikz/oFET-side-saturated.tex)
[16 <./figures/temp-dependence-eps-converted-to.pdf>] [17]

LaTeX Warning: Citation 'Hu2010ModernSemiconductorDevices' on page 18 undefined
 on input line 104.


LaTeX Warning: Citation 'Marinov2009OTFTPartI' on page 18 undefined on input li
ne 104.


Overfull \hbox (54.20082pt too wide) in paragraph at lines 97--105
\T1/lmr/m/n/12 form at small $\OML/lmm/m/it/12 V[]$ \T1/lmr/m/n/12 but strongly
 nonuni-form at larger $\OML/lmm/m/it/12 V[]$  \T1/lmr/m/n/12 [[],
 []


LaTeX Warning: Citation 'Bruetting2005' on page 18 undefined on input line 121.



LaTeX Warning: Citation 'Sirringhaus2005DevicePhysics' on page 18 undefined on 
input line 121.

[18]

LaTeX Warning: Citation 'Natali2012ChargeInjection' on page 19 undefined on inp
ut line 190.


LaTeX Warning: Citation 'Marinov2009OTFTPartI' on page 19 undefined on input li
ne 190.

Package epstopdf Info: Source file: <figures/Transfer.eps>
(epstopdf)                    date: 2026-07-01 08:47:29
(epstopdf)                    size: 259016 bytes
(epstopdf)             Output file: <figures/Transfer-eps-converted-to.pdf>
(epstopdf)                    date: 2026-07-01 08:48:16
(epstopdf)                    size: 13353 bytes
(epstopdf)             Command: <miktex-epstopdf --outfile=figures/Transfer-eps
-converted-to.pdf figures/Transfer.eps>
(epstopdf)             \includegraphics on input line 194.
Package epstopdf Info: Output file is already uptodate.
<figures/Transfer-eps-converted-to.pdf, id=750, 578.16pt x 433.62pt>
File: figures/Transfer-eps-converted-to.pdf Graphic file (type pdf)
<use figures/Transfer-eps-converted-to.pdf>
Package pdftex.def Info: figures/Transfer-eps-converted-to.pdf  used on input l
ine 194.
(pdftex.def)             Requested size: 228.16057pt x 171.11592pt.
Package epstopdf Info: Source file: <figures/Output.eps>
(epstopdf)                    date: 2026-07-01 08:47:29
(epstopdf)                    size: 295221 bytes
(epstopdf)             Output file: <figures/Output-eps-converted-to.pdf>
(epstopdf)                    date: 2026-07-01 08:48:18
(epstopdf)                    size: 19622 bytes
(epstopdf)             Command: <miktex-epstopdf --outfile=figures/Output-eps-c
onverted-to.pdf figures/Output.eps>
(epstopdf)             \includegraphics on input line 196.
Package epstopdf Info: Output file is already uptodate.
<figures/Output-eps-converted-to.pdf, id=751, 578.16pt x 433.62pt>
File: figures/Output-eps-converted-to.pdf Graphic file (type pdf)
<use figures/Output-eps-converted-to.pdf>
Package pdftex.def Info: figures/Output-eps-converted-to.pdf  used on input lin
e 196.
(pdftex.def)             Requested size: 228.16057pt x 171.11592pt.
[19 <./figures/Transfer-eps-converted-to.pdf> <./figures/Output-eps-converted-t
o.pdf>]

LaTeX Warning: Citation 'Bittle2016MobilityOverestimation' on page 20 undefined
 on input line 241.


LaTeX Warning: Citation 'Natali2012ChargeInjection' on page 20 undefined on inp
ut line 241.


LaTeX Warning: Citation 'Rolin2017GVDP' on page 20 undefined on input line 244.


(figures/tikz/circuit-FET-switch.tex) [20] (figures/tikz/circuit-FET-amp.tex)
[21]
Package epstopdf Info: Source file: <figures/theo-amp-transfer.eps>
(epstopdf)                    date: 2026-07-01 08:47:29
(epstopdf)                    size: 204116 bytes
(epstopdf)             Output file: <figures/theo-amp-transfer-eps-converted-to
.pdf>
(epstopdf)                    date: 2026-07-01 08:48:22
(epstopdf)                    size: 9027 bytes
(epstopdf)             Command: <miktex-epstopdf --outfile=figures/theo-amp-tra
nsfer-eps-converted-to.pdf figures/theo-amp-transfer.eps>
(epstopdf)             \includegraphics on input line 386.
Package epstopdf Info: Output file is already uptodate.
<figures/theo-amp-transfer-eps-converted-to.pdf, id=825, 227.85126pt x 171.6412
5pt>
File: figures/theo-amp-transfer-eps-converted-to.pdf Graphic file (type pdf)
<use figures/theo-amp-transfer-eps-converted-to.pdf>
Package pdftex.def Info: figures/theo-amp-transfer-eps-converted-to.pdf  used o
n input line 386.
(pdftex.def)             Requested size: 221.24683pt x 166.66988pt.
Package epstopdf Info: Source file: <figures/theo-amp-gain.eps>
(epstopdf)                    date: 2026-07-01 08:47:29
(epstopdf)                    size: 226336 bytes
(epstopdf)             Output file: <figures/theo-amp-gain-eps-converted-to.pdf
>
(epstopdf)                    date: 2026-07-01 08:48:24
(epstopdf)                    size: 9895 bytes
(epstopdf)             Command: <miktex-epstopdf --outfile=figures/theo-amp-gai
n-eps-converted-to.pdf figures/theo-amp-gain.eps>
(epstopdf)             \includegraphics on input line 388.
Package epstopdf Info: Output file is already uptodate.
<figures/theo-amp-gain-eps-converted-to.pdf, id=826, 227.85126pt x 171.64125pt>

File: figures/theo-amp-gain-eps-converted-to.pdf Graphic file (type pdf)
<use figures/theo-amp-gain-eps-converted-to.pdf>
Package pdftex.def Info: figures/theo-amp-gain-eps-converted-to.pdf  used on in
put line 388.
(pdftex.def)             Requested size: 221.24683pt x 166.66988pt.
) (chapters/chap-2-theory/sec-4.tex

LaTeX Warning: Citation 'Bittle2016MobilityOverestimation' on page 22 undefined
 on input line 12.


LaTeX Warning: Citation 'Natali2012ChargeInjection' on page 22 undefined on inp
ut line 12.

[22 <./figures/theo-amp-transfer-eps-converted-to.pdf> <./figures/theo-amp-gain
-eps-converted-to.pdf>]

LaTeX Warning: Citation 'Rolin2017GVDP' on page 23 undefined on input line 19.


LaTeX Warning: Citation 'Lee2024GVDPIGZO' on page 23 undefined on input line 22
.


LaTeX Warning: Citation 'Lee2025VoltageDrivenGVDP' on page 23 undefined on inpu
t line 22.


LaTeX Warning: Citation 'VanDerPauw1958' on page 23 undefined on input line 35.


(figures/tikz/classical-vdP.tex
<figures/classical-vdP.pdf, id=852, 199.1693pt x 142.26378pt>
File: figures/classical-vdP.pdf Graphic file (type pdf)
<use figures/classical-vdP.pdf>
Package pdftex.def Info: figures/classical-vdP.pdf  used on input line 3.
(pdftex.def)             Requested size: 199.16928pt x 142.27211pt.
)

LaTeX Warning: Citation 'Rolin2017GVDP' on page 23 undefined on input line 47.


LaTeX Warning: Citation 'Rolin2017GVDP' on page 23 undefined on input line 47.


LaTeX Warning: Citation 'VanDerPauw1958' on page 23 undefined on input line 59.



LaTeX Warning: Citation 'Rolin2017GVDP' on page 23 undefined on input line 80.


LaTeX Warning: Citation 'Lee2024GVDPIGZO' on page 23 undefined on input line 80
.


Overfull \hbox (75.38332pt too wide) in paragraph at lines 76--81
\T1/lmr/m/n/12 me-tries, con-tact mis-align-ment, and ther-mo-elec-tric volt-ag
es [[], []]. 
 []

[23]

LaTeX Warning: Citation 'Lee2025VoltageDrivenGVDP' on page 24 undefined on inpu
t line 120.

[24 <./figures/classical-vdP.pdf>]
<figures/gvdP-simulation.pdf, id=884, 455.2441pt x 199.1693pt>
File: figures/gvdP-simulation.pdf Graphic file (type pdf)
<use figures/gvdP-simulation.pdf>
Package pdftex.def Info: figures/gvdP-simulation.pdf  used on input line 134.
(pdftex.def)             Requested size: 405.62505pt x 177.46979pt.
 [25 <./figures/gvdP-simulation.pdf>]

LaTeX Warning: Citation 'Rolin2017GVDP' on page 26 undefined on input line 234.



LaTeX Warning: Citation 'Rolin2017GVDP' on page 26 undefined on input line 249.


LaTeX Font Info:    Trying to load font information for TS1+lmr on input line 2
54.
(C:\Users\lugwi\AppData\Local\Programs\MiKTeX\tex/latex/lm\ts1lmr.fd
File: ts1lmr.fd 2015/05/01 v1.6.1 Font defs for Latin Modern
) [26{C:/Users/lugwi/AppData/Local/Programs/MiKTeX/fonts/enc/dvips/lm/lm-ts1.en
c}]

LaTeX Warning: Citation 'Rolin2017GVDP' on page 27 undefined on input line 297.


)) [27]
\openout2 = `chapters/chap-3-fabrication/chapter-03.aux'.

 (chapters/chap-3-fabrication/chapter-03.tex
Chapter 3.
(chapters/chap-3-fabrication/sec-1.tex (figures/tikz/oFET-layers.tex)
(figures/tikz/oFET.tex) (figures/tikz/oFET-3D.tex)

LaTeX Warning: Citation 'Rolin2017GVDP' on page 28 undefined on input line 47.


LaTeX Warning: Citation 'Lee2024GVDPIGZO' on page 28 undefined on input line 47
.

[28




] [29]

LaTeX Warning: Citation 'Sirringhaus2005DevicePhysics' on page 30 undefined on 
input line 54.


LaTeX Warning: Citation 'Wang2017LowVoltageC8BTBT' on page 30 undefined on inpu
t line 54.


LaTeX Warning: Citation 'Greiner2013ThinFilmMetalOxides' on page 30 undefined o
n input line 58.


LaTeX Warning: Citation 'Ablat2019OxideMetalBilayerElectrodes' on page 30 undef
ined on input line 58.


LaTeX Warning: Citation 'Natali2012ChargeInjection' on page 30 undefined on inp
ut line 58.


LaTeX Warning: Citation 'Rolin2017GVDP' on page 30 undefined on input line 62.


LaTeX Warning: Citation 'Bittle2016MobilityOverestimation' on page 30 undefined
 on input line 62.


LaTeX Warning: Citation 'Natali2012ChargeInjection' on page 30 undefined on inp
ut line 62.

)
Overfull \hbox (38.80919pt too wide) in paragraph at lines 62--7
\T1/lmr/m/n/12 age [[], [], []].
 []

[30] (chapters/chap-3-fabrication/sec-2.tex
<figures/PVD-layout.png, id=951, 841.64438pt x 538.01pt>
File: figures/PVD-layout.png Graphic file (type png)
<use figures/PVD-layout.png>
Package pdftex.def Info: figures/PVD-layout.png  used on input line 13.
(pdftex.def)             Requested size: 299.60493pt x 191.51617pt.


LaTeX Warning: Citation 'Riederer2023Dissertation' on page 31 undefined on inpu
t line 14.


LaTeX Warning: Citation 'Riederer2023Dissertation' on page 31 undefined on inpu
t line 14.

[31 <./figures/PVD-layout.png>]
<figures/PaN-CVD.png, id=958, 1299.85625pt x 297.11pt>
File: figures/PaN-CVD.png Graphic file (type png)
<use figures/PaN-CVD.png>
Package pdftex.def Info: figures/PaN-CVD.png  used on input line 31.
(pdftex.def)             Requested size: 299.60493pt x 68.47893pt.


LaTeX Warning: Citation 'Riederer2023Dissertation' on page 32 undefined on inpu
t line 32.


LaTeX Warning: Citation 'Riederer2023Dissertation' on page 32 undefined on inpu
t line 32.

<figures/CVD-layout.png, id=959, 595.22375pt x 652.4375pt>
File: figures/CVD-layout.png Graphic file (type png)
<use figures/CVD-layout.png>
Package pdftex.def Info: figures/CVD-layout.png  used on input line 38.
(pdftex.def)             Requested size: 276.5638pt x 303.14137pt.
[32 <./figures/PaN-CVD.png> <./figures/CVD-layout.png>]
<figures/spincoating-layout.png, id=966, 961.09062pt x 608.2725pt>
File: figures/spincoating-layout.png Graphic file (type png)
<use figures/spincoating-layout.png>
Package pdftex.def Info: figures/spincoating-layout.png  used on input line 54.

(pdftex.def)             Requested size: 276.5638pt x 175.03941pt.


LaTeX Warning: Citation 'Riederer2023Dissertation' on page 33 undefined on inpu
t line 55.


LaTeX Warning: Citation 'Riederer2023Dissertation' on page 33 undefined on inpu
t line 55.


LaTeX Warning: Citation 'Sirringhaus2005DevicePhysics' on page 33 undefined on 
input line 61.


LaTeX Warning: Citation 'Wang2017LowVoltageC8BTBT' on page 33 undefined on inpu
t line 61.


Overfull \hbox (50.34575pt too wide) in paragraph at lines 61--62
\T1/lmr/m/n/12 cally more ho-mo-ge-neous sur-face can im-prove film re-pro-duci
bil-ity [[],
 []

) (chapters/chap-3-fabrication/sec-3.tex
<figures/good-device.jpg, id=967, 448.67625pt x 449.68pt>
File: figures/good-device.jpg Graphic file (type jpg)
<use figures/good-device.jpg>
Package pdftex.def Info: figures/good-device.jpg  used on input line 6.
(pdftex.def)             Requested size: 448.67516pt x 449.6789pt.
<figures/bad-device.jpg, id=968, 456.70625pt x 459.7175pt>
File: figures/bad-device.jpg Graphic file (type jpg)
<use figures/bad-device.jpg>
Package pdftex.def Info: figures/bad-device.jpg  used on input line 8.
(pdftex.def)             Requested size: 456.70512pt x 459.71637pt.


LaTeX Warning: `h' float specifier changed to `ht'.


LaTeX Warning: Citation 'Sirringhaus2005DevicePhysics' on page 33 undefined on 
input line 13.


LaTeX Warning: Citation 'Rolin2017GVDP' on page 33 undefined on input line 13.

[33 <./figures/spincoating-layout.png>]

LaTeX Warning: Citation 'Rolin2017GVDP' on page 34 undefined on input line 17.


LaTeX Warning: Citation 'Lee2024GVDPIGZO' on page 34 undefined on input line 17
.

))
Overfull \hbox (26.62119pt too wide) in paragraph at lines 17--77
\T1/lmr/m/n/12 mea-sure-ments de-scribed in the fol-low-ing chap-ters [[], []].

 []

[34 <./figures/good-device.jpg> <./figures/bad-device.jpg>]
\openout2 = `chapters/chap-4-experiment/chapter-04.aux'.


(chapters/chap-4-experiment/chapter-04.tex
Chapter 4.
(chapters/chap-4-experiment/sec-1.tex (figures/tikz/circuit-IV.tex)

LaTeX Warning: Citation 'Sirringhaus2005DevicePhysics' on page 35 undefined on 
input line 12.


LaTeX Warning: Citation 'Neamen' on page 35 undefined on input line 12.


LaTeX Warning: Citation 'Natali2012ChargeInjection' on page 35 undefined on inp
ut line 14.


LaTeX Warning: Citation 'Bittle2016MobilityOverestimation' on page 35 undefined
 on input line 14.


LaTeX Warning: Citation 'Rolin2017GVDP' on page 35 undefined on input line 14.

[35




]

LaTeX Warning: Citation 'Manda2018OrganicMISCapacitor' on page 36 undefined on 
input line 16.

Package epstopdf Info: Source file: <figures/leakage_PS9.eps>
(epstopdf)                    date: 2026-07-01 08:47:28
(epstopdf)                    size: 230061 bytes
(epstopdf)             Output file: <figures/leakage_PS9-eps-converted-to.pdf>
(epstopdf)                    date: 2026-07-01 08:48:29
(epstopdf)                    size: 10454 bytes
(epstopdf)             Command: <miktex-epstopdf --outfile=figures/leakage_PS9-
eps-converted-to.pdf figures/leakage_PS9.eps>
(epstopdf)             \includegraphics on input line 23.
Package epstopdf Info: Output file is already uptodate.
<figures/leakage_PS9-eps-converted-to.pdf, id=986, 285.065pt x 171.64125pt>
File: figures/leakage_PS9-eps-converted-to.pdf Graphic file (type pdf)
<use figures/leakage_PS9-eps-converted-to.pdf>
Package pdftex.def Info: figures/leakage_PS9-eps-converted-to.pdf  used on inpu
t line 23.
(pdftex.def)             Requested size: 313.57246pt x 188.80592pt.
[36 <./figures/leakage_PS9-eps-converted-to.pdf>]
Package epstopdf Info: Source file: <figures/transfer_PS9.eps>
(epstopdf)                    date: 2026-07-01 08:47:29
(epstopdf)                    size: 250617 bytes
(epstopdf)             Output file: <figures/transfer_PS9-eps-converted-to.pdf>

(epstopdf)                    date: 2026-07-01 08:48:32
(epstopdf)                    size: 14063 bytes
(epstopdf)             Command: <miktex-epstopdf --outfile=figures/transfer_PS9
-eps-converted-to.pdf figures/transfer_PS9.eps>
(epstopdf)             \includegraphics on input line 35.
Package epstopdf Info: Output file is already uptodate.
<figures/transfer_PS9-eps-converted-to.pdf, id=1003, 285.065pt x 171.64125pt>
File: figures/transfer_PS9-eps-converted-to.pdf Graphic file (type pdf)
<use figures/transfer_PS9-eps-converted-to.pdf>
Package pdftex.def Info: figures/transfer_PS9-eps-converted-to.pdf  used on inp
ut line 35.
(pdftex.def)             Requested size: 313.57246pt x 188.80592pt.


LaTeX Warning: Citation 'Bassler1993ChargeTransport' on page 37 undefined on in
put line 42.


LaTeX Warning: Citation 'Sirringhaus2005DevicePhysics' on page 37 undefined on 
input line 42.


LaTeX Warning: Citation 'Natali2012ChargeInjection' on page 37 undefined on inp
ut line 42.


LaTeX Warning: Citation 'Bittle2016MobilityOverestimation' on page 37 undefined
 on input line 42.


LaTeX Warning: Citation 'Natali2012ChargeInjection' on page 37 undefined on inp
ut line 42.


Overfull \hbox (97.20859pt too wide) in paragraph at lines 42--43
\T1/lmr/m/n/12 drops [[], [], []].
 []

Package epstopdf Info: Source file: <figures/resistance_PS9.eps>
(epstopdf)                    date: 2026-07-01 08:47:29
(epstopdf)                    size: 235554 bytes
(epstopdf)             Output file: <figures/resistance_PS9-eps-converted-to.pd
f>
(epstopdf)                    date: 2026-07-01 08:48:34
(epstopdf)                    size: 12653 bytes
(epstopdf)             Command: <miktex-epstopdf --outfile=figures/resistance_P
S9-eps-converted-to.pdf figures/resistance_PS9.eps>
(epstopdf)             \includegraphics on input line 46.
Package epstopdf Info: Output file is already uptodate.
<figures/resistance_PS9-eps-converted-to.pdf, id=1006, 285.065pt x 171.64125pt>

File: figures/resistance_PS9-eps-converted-to.pdf Graphic file (type pdf)
<use figures/resistance_PS9-eps-converted-to.pdf>
Package pdftex.def Info: figures/resistance_PS9-eps-converted-to.pdf  used on i
nput line 46.
(pdftex.def)             Requested size: 313.57246pt x 188.80592pt.

LaTeX Warning: Citation 'Natali2012ChargeInjection' on page 37 undefined on inp
ut line 53.


LaTeX Warning: Citation 'LaraBullejos2009InjectionContacts' on page 37 undefine
d on input line 53.

[37 <./figures/transfer_PS9-eps-converted-to.pdf>]
Package epstopdf Info: Source file: <figures/output_PS9.eps>
(epstopdf)                    date: 2026-07-01 08:47:29
(epstopdf)                    size: 249163 bytes
(epstopdf)             Output file: <figures/output_PS9-eps-converted-to.pdf>
(epstopdf)                    date: 2026-07-01 08:48:37
(epstopdf)                    size: 13329 bytes
(epstopdf)             Command: <miktex-epstopdf --outfile=figures/output_PS9-e
ps-converted-to.pdf figures/output_PS9.eps>
(epstopdf)             \includegraphics on input line 59.
Package epstopdf Info: Output file is already uptodate.
<figures/output_PS9-eps-converted-to.pdf, id=1027, 285.065pt x 171.64125pt>
File: figures/output_PS9-eps-converted-to.pdf Graphic file (type pdf)
<use figures/output_PS9-eps-converted-to.pdf>
Package pdftex.def Info: figures/output_PS9-eps-converted-to.pdf  used on input
 line 59.
(pdftex.def)             Requested size: 313.57246pt x 188.80592pt.
 [38 <./figures/resistance_PS9-eps-converted-to.pdf> <./figures/output_PS9-eps-
converted-to.pdf>]

LaTeX Warning: Citation 'Neamen' on page 39 undefined on input line 66.


LaTeX Warning: Citation 'Hu2010ModernSemiconductorDevices' on page 39 undefined
 on input line 66.


LaTeX Warning: Citation 'Sirringhaus2005DevicePhysics' on page 39 undefined on 
input line 68.


LaTeX Warning: Citation 'Darwish2020DriftDiffusionOFET' on page 39 undefined on
 input line 68.


LaTeX Warning: Citation 'Natali2012ChargeInjection' on page 39 undefined on inp
ut line 68.


LaTeX Warning: Citation 'Rolin2017GVDP' on page 39 undefined on input line 70.


LaTeX Warning: Citation 'Lee2024GVDPIGZO' on page 39 undefined on input line 70
.

) (chapters/chap-4-experiment/sec-2.tex (figures/tikz/circuit-gvdP.tex)

LaTeX Warning: Citation 'Rolin2017GVDP' on page 39 undefined on input line 16.


LaTeX Warning: Citation 'Lee2024GVDPIGZO' on page 39 undefined on input line 16
.

Package epstopdf Info: Source file: <figures/gvdP.eps>
(epstopdf)                    date: 2026-07-01 08:47:29
(epstopdf)                    size: 332102 bytes
(epstopdf)             Output file: <figures/gvdP-eps-converted-to.pdf>
(epstopdf)                    date: 2026-07-01 08:48:40
(epstopdf)                    size: 25198 bytes
(epstopdf)             Command: <miktex-epstopdf --outfile=figures/gvdP-eps-con
verted-to.pdf figures/gvdP.eps>
(epstopdf)             \includegraphics on input line 38.
Package epstopdf Info: Output file is already uptodate.
<figures/gvdP-eps-converted-to.pdf, id=1066, 469.755pt x 397.485pt>
File: figures/gvdP-eps-converted-to.pdf Graphic file (type pdf)
<use figures/gvdP-eps-converted-to.pdf>
Package pdftex.def Info: figures/gvdP-eps-converted-to.pdf  used on input line 
38.
(pdftex.def)             Requested size: 460.935pt x 390.02391pt.
[39]

LaTeX Warning: Citation 'Rolin2017GVDP' on page 40 undefined on input line 45.


LaTeX Warning: Citation 'Bittle2016MobilityOverestimation' on page 40 undefined
 on input line 45.


LaTeX Warning: Citation 'Natali2012ChargeInjection' on page 40 undefined on inp
ut line 45.


Overfull \hbox (24.39317pt too wide) in paragraph at lines 45--46
\T1/lmr/m/n/12 tion bar-ri-ers can strongly dis-tort the ap-par-ent mo-bil-ity 
[[],
 []

[40] [41 <./figures/gvdP-eps-converted-to.pdf>]
Package epstopdf Info: Source file: <figures/resistance.eps>
(epstopdf)                    date: 2026-07-01 08:47:29
(epstopdf)                    size: 244129 bytes
(epstopdf)             Output file: <figures/resistance-eps-converted-to.pdf>
(epstopdf)                    date: 2026-07-01 08:48:42
(epstopdf)                    size: 12618 bytes
(epstopdf)             Command: <miktex-epstopdf --outfile=figures/resistance-e
ps-converted-to.pdf figures/resistance.eps>
(epstopdf)             \includegraphics on input line 135.
Package epstopdf Info: Output file is already uptodate.
<figures/resistance-eps-converted-to.pdf, id=1113, 285.065pt x 171.64125pt>
File: figures/resistance-eps-converted-to.pdf Graphic file (type pdf)
<use figures/resistance-eps-converted-to.pdf>
Package pdftex.def Info: figures/resistance-eps-converted-to.pdf  used on input
 line 135.
(pdftex.def)             Requested size: 313.57246pt x 188.80592pt.
)
(chapters/chap-4-experiment/sec-3.tex [42]

LaTeX Warning: Citation 'Lang1974DLTS' on page 43 undefined on input line 3.


LaTeX Warning: Citation 'Hirwa2015TrapStates' on page 43 undefined on input lin
e 3.


LaTeX Warning: Citation 'Hirwa2015TrapStates' on page 43 undefined on input lin
e 9.


LaTeX Warning: Citation 'Bobbert2012OperationalStability' on page 43 undefined 
on input line 9.

(figures/tikz/circuit-DTLS.tex) [43 <./figures/resistance-eps-converted-to.pdf>
] [44]
Package epstopdf Info: Source file: <figures/DLTS-waveform.eps>
(epstopdf)                    date: 2026-07-01 08:47:29
(epstopdf)                    size: 207471 bytes
(epstopdf)             Output file: <figures/DLTS-waveform-eps-converted-to.pdf
>
(epstopdf)                    date: 2026-07-01 08:48:45
(epstopdf)                    size: 10190 bytes
(epstopdf)             Command: <miktex-epstopdf --outfile=figures/DLTS-wavefor
m-eps-converted-to.pdf figures/DLTS-waveform.eps>
(epstopdf)             \includegraphics on input line 29.
Package epstopdf Info: Output file is already uptodate.
<figures/DLTS-waveform-eps-converted-to.pdf, id=1142, 227.85126pt x 171.64125pt
>
File: figures/DLTS-waveform-eps-converted-to.pdf Graphic file (type pdf)
<use figures/DLTS-waveform-eps-converted-to.pdf>
Package pdftex.def Info: figures/DLTS-waveform-eps-converted-to.pdf  used on in
put line 29.
(pdftex.def)             Requested size: 227.8507pt x 171.64081pt.
Package epstopdf Info: Source file: <figures/snippet-single.eps>
(epstopdf)                    date: 2026-07-01 08:47:29
(epstopdf)                    size: 219641 bytes
(epstopdf)             Output file: <figures/snippet-single-eps-converted-to.pd
f>
(epstopdf)                    date: 2026-07-01 08:48:47
(epstopdf)                    size: 11562 bytes
(epstopdf)             Command: <miktex-epstopdf --outfile=figures/snippet-sing
le-eps-converted-to.pdf figures/snippet-single.eps>
(epstopdf)             \includegraphics on input line 30.
Package epstopdf Info: Output file is already uptodate.
<figures/snippet-single-eps-converted-to.pdf, id=1143, 227.85126pt x 171.64125p
t>
File: figures/snippet-single-eps-converted-to.pdf Graphic file (type pdf)
<use figures/snippet-single-eps-converted-to.pdf>
Package pdftex.def Info: figures/snippet-single-eps-converted-to.pdf  used on i
nput line 30.
(pdftex.def)             Requested size: 227.8507pt x 171.64081pt.


LaTeX Warning: Citation 'Lang1974DLTS' on page 45 undefined on input line 41.


LaTeX Warning: Citation 'Williams1970KWW' on page 45 undefined on input line 41
.


LaTeX Warning: Citation 'Elton2018StretchedExponential' on page 45 undefined on
 input line 41.

Package epstopdf Info: Source file: <figures/snippet-full.eps>
(epstopdf)                    date: 2026-07-01 08:47:29
(epstopdf)                    size: 225867 bytes
(epstopdf)             Output file: <figures/snippet-full-eps-converted-to.pdf>

(epstopdf)                    date: 2026-07-01 08:48:50
(epstopdf)                    size: 13661 bytes
(epstopdf)             Command: <miktex-epstopdf --outfile=figures/snippet-full
-eps-converted-to.pdf figures/snippet-full.eps>
(epstopdf)             \includegraphics on input line 45.
Package epstopdf Info: Output file is already uptodate.
<figures/snippet-full-eps-converted-to.pdf, id=1145, 285.065pt x 171.64125pt>
File: figures/snippet-full-eps-converted-to.pdf Graphic file (type pdf)
<use figures/snippet-full-eps-converted-to.pdf>
Package pdftex.def Info: figures/snippet-full-eps-converted-to.pdf  used on inp
ut line 45.
(pdftex.def)             Requested size: 313.57246pt x 188.80592pt.
[45 <./figures/DLTS-waveform-eps-converted-to.pdf> <./figures/snippet-single-ep
s-converted-to.pdf>]

LaTeX Warning: Citation 'Bobbert2012OperationalStability' on page 46 undefined 
on input line 52.


LaTeX Warning: Citation 'Hirwa2015TrapStates' on page 46 undefined on input lin
e 52.

(figures/tikz/circuit-Amp.tex)

LaTeX Warning: Citation 'Neamen' on page 46 undefined on input line 65.


LaTeX Warning: Citation 'Lundstrom2023Transistors' on page 46 undefined on inpu
t line 65.

[46 <./figures/snippet-full-eps-converted-to.pdf>] [47]

LaTeX Warning: Citation 'Bobbert2012OperationalStability' on page 48 undefined 
on input line 72.


LaTeX Warning: Citation 'Hirwa2015TrapStates' on page 48 undefined on input lin
e 72.

Package epstopdf Info: Source file: <figures/oFET-transfer.eps>
(epstopdf)                    date: 2026-07-01 08:47:29
(epstopdf)                    size: 247289 bytes
(epstopdf)             Output file: <figures/oFET-transfer-eps-converted-to.pdf
>
(epstopdf)                    date: 2026-07-01 08:48:53
(epstopdf)                    size: 13988 bytes
(epstopdf)             Command: <miktex-epstopdf --outfile=figures/oFET-transfe
r-eps-converted-to.pdf figures/oFET-transfer.eps>
(epstopdf)             \includegraphics on input line 78.
Package epstopdf Info: Output file is already uptodate.
<figures/oFET-transfer-eps-converted-to.pdf, id=1192, 227.85126pt x 171.64125pt
>
File: figures/oFET-transfer-eps-converted-to.pdf Graphic file (type pdf)
<use figures/oFET-transfer-eps-converted-to.pdf>
Package pdftex.def Info: figures/oFET-transfer-eps-converted-to.pdf  used on in
put line 78.
(pdftex.def)             Requested size: 227.8507pt x 171.64081pt.
Package epstopdf Info: Source file: <figures/oFET-amp.eps>
(epstopdf)                    date: 2026-07-01 08:47:29
(epstopdf)                    size: 254986 bytes
(epstopdf)             Output file: <figures/oFET-amp-eps-converted-to.pdf>
(epstopdf)                    date: 2026-07-01 08:48:56
(epstopdf)                    size: 17537 bytes
(epstopdf)             Command: <miktex-epstopdf --outfile=figures/oFET-amp-eps
-converted-to.pdf figures/oFET-amp.eps>
(epstopdf)             \includegraphics on input line 79.
Package epstopdf Info: Output file is already uptodate.
<figures/oFET-amp-eps-converted-to.pdf, id=1193, 227.85126pt x 171.64125pt>
File: figures/oFET-amp-eps-converted-to.pdf Graphic file (type pdf)
<use figures/oFET-amp-eps-converted-to.pdf>
Package pdftex.def Info: figures/oFET-amp-eps-converted-to.pdf  used on input l
ine 79.
(pdftex.def)             Requested size: 227.8507pt x 171.64081pt.
Package epstopdf Info: Source file: <figures/amp-response-sin.eps>
(epstopdf)                    date: 2026-07-01 08:47:29
(epstopdf)                    size: 244289 bytes
(epstopdf)             Output file: <figures/amp-response-sin-eps-converted-to.
pdf>
(epstopdf)                    date: 2026-07-01 08:48:58
(epstopdf)                    size: 14955 bytes
(epstopdf)             Command: <miktex-epstopdf --outfile=figures/amp-response
-sin-eps-converted-to.pdf figures/amp-response-sin.eps>
(epstopdf)             \includegraphics on input line 87.
Package epstopdf Info: Output file is already uptodate.
<figures/amp-response-sin-eps-converted-to.pdf, id=1194, 227.85126pt x 171.6412
5pt>
File: figures/amp-response-sin-eps-converted-to.pdf Graphic file (type pdf)
<use figures/amp-response-sin-eps-converted-to.pdf>
Package pdftex.def Info: figures/amp-response-sin-eps-converted-to.pdf  used on
 input line 87.
(pdftex.def)             Requested size: 227.8507pt x 171.64081pt.
Package epstopdf Info: Source file: <figures/amp-response-square.eps>
(epstopdf)                    date: 2026-07-01 08:47:29
(epstopdf)                    size: 243841 bytes
(epstopdf)             Output file: <figures/amp-response-square-eps-converted-
to.pdf>
(epstopdf)                    date: 2026-07-01 08:49:01
(epstopdf)                    size: 13946 bytes
(epstopdf)             Command: <miktex-epstopdf --outfile=figures/amp-response
-square-eps-converted-to.pdf figures/amp-response-square.eps>
(epstopdf)             \includegraphics on input line 88.
Package epstopdf Info: Output file is already uptodate.
<figures/amp-response-square-eps-converted-to.pdf, id=1195, 227.85126pt x 171.6
4125pt>
File: figures/amp-response-square-eps-converted-to.pdf Graphic file (type pdf)
<use figures/amp-response-square-eps-converted-to.pdf>
Package pdftex.def Info: figures/amp-response-square-eps-converted-to.pdf  used
 on input line 88.
(pdftex.def)             Requested size: 227.8507pt x 171.64081pt.
)) [48 <./figures/oFET-transfer-eps-converted-to.pdf> <./figures/oFET-amp-eps-c
onverted-to.pdf>] [49 <./figures/amp-response-sin-eps-converted-to.pdf> <./figu
res/amp-response-square-eps-converted-to.pdf>]
\openout2 = `chapters/chap-5-conclusion/conclusion.aux'.


(chapters/chap-5-conclusion/conclusion.tex
Chapter 5.

LaTeX Warning: Citation 'Natali2012ChargeInjection' on page 50 undefined on inp
ut line 12.


LaTeX Warning: Citation 'Bittle2016MobilityOverestimation' on page 50 undefined
 on input line 12.


LaTeX Warning: Citation 'Rolin2017GVDP' on page 50 undefined on input line 15.


LaTeX Warning: Citation 'Lee2024GVDPIGZO' on page 50 undefined on input line 15
.

[50




]

LaTeX Warning: Citation 'Lang1974DLTS' on page 51 undefined on input line 68.


LaTeX Warning: Citation 'Hirwa2015TrapStates' on page 51 undefined on input lin
e 68.


LaTeX Warning: Citation 'Bobbert2012OperationalStability' on page 51 undefined 
on input line 68.

) [51]
\openout2 = `appendix/appendix.aux'.

 (appendix/appendix.tex
Appendix A.

LaTeX Warning: Citation 'Neamen' on page 52 undefined on input line 10.

[52




] [53]
Appendix B.

LaTeX Warning: Citation 'Rolin2017GVDP' on page 54 undefined on input line 142.



LaTeX Warning: Citation 'VanDerPauw1958' on page 54 undefined on input line 143
.

[54

] [55]
Appendix C.
[56

]

LaTeX Warning: Citation 'Stodtmann2012OrganicSimulation' on page 57 undefined o
n input line 347.


LaTeX Warning: Citation 'Darwish2020DriftDiffusionOFET' on page 57 undefined on
 input line 347.


Overfull \hbox (114.45625pt too wide) in paragraph at lines 343--348
\T1/lmr/m/n/12 rep-re-sented by the fixed back-ground charge den-sity in Pois-s
on's equa-tion [[],
 []


LaTeX Warning: Citation 'hackbusch2016iterative' on page 57 undefined on input 
line 365.


Overfull \hbox (76.70181pt too wide) in paragraph at lines 364--366
\T1/lmr/m/n/12 Solving this ex-pres-sion for the cen-tral value gives the Ja-co
bi up-date can-di-date [[]], 
 []


LaTeX Warning: Citation 'hackbusch2016iterative' on page 57 undefined on input 
line 376.

) [57]

LaTeX Warning: Empty bibliography on input line 97.

(pages/acknowledgement.tex) [58





]
\openout2 = `pages/declaration-of-authorship.aux'.

 (pages/declaration-of-authorship.tex) [59


]
(AAmain.aux (pages/frontpage.aux) (pages/supervisors.aux)
(chapters/chap-1-introduction/introduction.aux)
(chapters/chap-2-theory/chapter-02.aux)
(chapters/chap-3-fabrication/chapter-03.aux)
(chapters/chap-4-experiment/chapter-04.aux)
(chapters/chap-5-conclusion/conclusion.aux) (appendix/appendix.aux)
(pages/declaration-of-authorship.aux))
 ***********
LaTeX2e <2026-06-01>
L3 programming layer <2020/03/25>
 ***********


LaTeX Warning: There were undefined references.

Package rerunfilecheck Info: File `AAmain.out' has not changed.
(rerunfilecheck)             Checksum: 7EDAF7FC946ECEAE804548B51FD1AF60;11746.

Package biblatex Warning: Please (re)run Biber on the file:
(biblatex)                AAmain
(biblatex)                and rerun LaTeX afterwards.

Package logreq Info: Writing requests to 'AAmain.run.xml'.
\openout1 = `AAmain.run.xml'.

 ) 
Here is how much of TeX's memory you used:
 89779 strings out of 467510
 2244099 string characters out of 5408795
 3453473 words of memory out of 5000000
 117336 multiletter control sequences out of 15000+600000
 726101 words of font info for 106 fonts, out of 8000000 for 9000
 1141 hyphenation exceptions out of 8191
 121i,14n,124p,1216b,2927s stack positions out of 10000i,1000n,20000p,200000b,200000s
<C:/Users/lugwi/AppData/Local/Programs/MiKTeX/fonts/type1/public/amsfonts/cm/
cmss8.pfb><C:/Users/lugwi/AppData/Local/Programs/MiKTeX/fonts/type1/public/lm/l
mbx10.pfb><C:/Users/lugwi/AppData/Local/Programs/MiKTeX/fonts/type1/public/lm/l
mbx12.pfb><C:/Users/lugwi/AppData/Local/Programs/MiKTeX/fonts/type1/public/lm/l
mcsc10.pfb><C:/Users/lugwi/AppData/Local/Programs/MiKTeX/fonts/type1/public/lm/
lmex10.pfb><C:/Users/lugwi/AppData/Local/Programs/MiKTeX/fonts/type1/public/lm/
lmmi10.pfb><C:/Users/lugwi/AppData/Local/Programs/MiKTeX/fonts/type1/public/lm/
lmmi12.pfb><C:/Users/lugwi/AppData/Local/Programs/MiKTeX/fonts/type1/public/lm/
lmmi8.pfb><C:/Users/lugwi/AppData/Local/Programs/MiKTeX/fonts/type1/public/lm/l
mr12.pfb><C:/Users/lugwi/AppData/Local/Programs/MiKTeX/fonts/type1/public/lm/lm
r17.pfb><C:/Users/lugwi/AppData/Local/Programs/MiKTeX/fonts/type1/public/lm/lmr
6.pfb><C:/Users/lugwi/AppData/Local/Programs/MiKTeX/fonts/type1/public/lm/lmr8.
pfb><C:/Users/lugwi/AppData/Local/Programs/MiKTeX/fonts/type1/public/lm/lmri12.
pfb><C:/Users/lugwi/AppData/Local/Programs/MiKTeX/fonts/type1/public/lm/lmss10.
pfb><C:/Users/lugwi/AppData/Local/Programs/MiKTeX/fonts/type1/public/lm/lmss12.
pfb><C:/Users/lugwi/AppData/Local/Programs/MiKTeX/fonts/type1/public/lm/lmss17.
pfb><C:/Users/lugwi/AppData/Local/Programs/MiKTeX/fonts/type1/public/lm/lmss8.p
fb><C:/Users/lugwi/AppData/Local/Programs/MiKTeX/fonts/type1/public/lm/lmssbx10
.pfb><C:/Users/lugwi/AppData/Local/Programs/MiKTeX/fonts/type1/public/lm/lmsso1
0.pfb><C:/Users/lugwi/AppData/Local/Programs/MiKTeX/fonts/type1/public/lm/lmsso
12.pfb><C:/Users/lugwi/AppData/Local/Programs/MiKTeX/fonts/type1/public/lm/lmss
o17.pfb><C:/Users/lugwi/AppData/Local/Programs/MiKTeX/fonts/type1/public/lm/lms
so8.pfb><C:/Users/lugwi/AppData/Local/Programs/MiKTeX/fonts/type1/public/lm/lms
y10.pfb><C:/Users/lugwi/AppData/Local/Programs/MiKTeX/fonts/type1/public/lm/lms
y6.pfb><C:/Users/lugwi/AppData/Local/Programs/MiKTeX/fonts/type1/public/lm/lmsy
8.pfb><C:/Users/lugwi/AppData/Local/Programs/MiKTeX/fonts/type1/public/amsfonts
/symbols/msam10.pfb>
Output written on AAmain.pdf (68 pages, 2086459 bytes).
PDF statistics:
 1508 PDF objects out of 1728 (max. 8388607)
 272 named destinations out of 1000 (max. 500000)
 785 words of extra memory for PDF output out of 10000 (max. 10000000)

